label_id	anchor_x	anchor_y	anchor_z
1	179.0399932861328	181.75999450683597	4.200000286102295
2	180.63999938964844	137.75999450683594	12.600000381469727
3	195.3600006103516	144.63999938964844	9.199999809265137
4	173.9199981689453	161.1199951171875	13.199999809265135
5	146.239990234375	188.1599884033203	19.80000114440918
6	169.44000244140625	173.27999877929688	15.40000057220459
7	201.75999450683597	172.0	12.600000381469727
8	168.0	206.55999755859372	20.0
9	197.9199981689453	121.91999816894531	22.200000762939453
10	197.27999877929688	141.9199981689453	20.80000114440918
11	206.55999755859372	162.87998962402344	22.399999618530273
12	155.36000061035156	179.36000061035156	17.80000114440918
13	162.55999755859375	172.16000366210938	19.200000762939453
14	201.1199951171875	178.239990234375	22.80000114440918
15	188.8000030517578	188.63999938964844	18.80000114440918
16	213.9199981689453	194.55999755859372	24.20000076293945
17	177.75999450683594	132.80000305175778	28.80000114440918
18	204.47999572753903	141.9199981689453	23.20000076293945
19	181.59999084472656	156.0	24.80000114440918
20	206.55999755859372	145.9199981689453	27.20000076293945
21	139.36000061035156	187.83999633789062	24.399999618530273
22	164.16000366210938	199.83999633789062	27.20000076293945
23	200.1599884033203	141.44000244140625	31.20000076293945
24	189.59999084472656	164.47999572753906	30.60000038146973
25	174.39999389648438	176.47999572753906	29.20000076293945
26	174.72000122070312	116.15999603271484	33.60000228881836
27	194.87998962402344	120.0	31.80000114440918
28	132.31999206542972	162.72000122070312	35.79999923706055
29	159.51998901367188	164.63999938964844	37.400001525878906
30	142.87998962402344	184.3199920654297	37.0
31	172.8000030517578	169.75999450683594	36.79999923706055
32	158.55999755859375	120.15999603271484	41.400001525878906
33	207.83999633789062	117.5999984741211	41.0
34	137.91999816894528	144.0	42.79999923706055
35	153.44000244140625	124.47999572753906	41.79999923706055
36	166.55999755859375	134.55999755859378	45.20000076293945
37	184.63999938964844	140.47999572753906	41.400001525878906
38	202.0800018310547	126.87999725341795	41.20000076293945
39	203.51998901367188	138.87998962402344	41.79999923706055
40	134.55999755859378	149.9199981689453	38.20000076293945
41	137.75999450683594	146.0800018310547	38.0
42	223.3600006103516	148.63999938964844	42.79999923706055
43	237.27999877929688	145.1199951171875	39.60000228881836
44	205.44000244140625	180.47999572753903	39.79999923706055
45	203.51998901367188	204.0	40.79999923706055
46	162.87998962402344	114.87999725341795	47.0
47	202.3999938964844	117.5999984741211	43.400001525878906
48	140.8000030517578	164.0	46.60000228881836
49	162.87998962402344	179.36000061035156	45.20000076293945
50	153.27999877929688	206.3999938964844	45.4000015258789
51	165.27999877929688	207.3600006103516	43.60000228881836
52	168.0	201.1199951171875	45.4000015258789
53	200.63999938964844	190.55999755859372	42.400001525878906
54	163.0399932861328	216.3199920654297	43.79999923706055
55	167.1999969482422	220.1599884033203	44.60000228881836
56	207.51998901367188	214.87998962402344	45.4000015258789
57	148.47999572753906	126.23999786376952	49.20000076293945
58	154.239990234375	203.83999633789062	52.60000228881836
59	155.1999969482422	199.67999267578125	51.60000228881836
60	182.3999938964844	201.75999450683597	50.20000076293945
61	212.3199920654297	202.87998962402344	49.60000228881836
62	162.55999755859375	117.27999877929688	52.4000015258789
63	139.67999267578122	143.83999633789062	56.4000015258789
64	140.31999206542972	141.27999877929688	50.60000228881836
65	140.0	142.72000122070312	59.60000228881836
66	142.72000122070312	136.0	55.0
67	148.47999572753906	133.27999877929688	58.0
68	144.47999572753906	126.7199935913086	53.0
69	200.63999938964844	203.51998901367188	55.60000228881836
70	225.44000244140625	189.9199981689453	54.20000076293945
71	193.75999450683597	120.63999938964844	58.4000015258789
72	199.1999969482422	118.87999725341795	59.60000228881836
73	203.0399932861328	125.43999481201172	59.79999923706055
74	136.16000366210938	136.95999145507812	57.60000228881836
75	140.95999145507812	134.55999755859378	57.60000228881836
76	142.0800018310547	130.72000122070312	61.60000228881836
77	230.72000122070312	140.95999145507812	59.0
78	194.87998962402344	146.87998962402344	60.4000015258789
79	164.3199920654297	198.3999938964844	63.79999923706055
80	180.8000030517578	210.72000122070312	59.20000076293945
81	155.36000061035156	115.83999633789062	64.40000152587889
82	201.59999084472656	123.1999969482422	62.4000015258789
83	133.1199951171875	142.0800018310547	67.0
84	226.3999938964844	134.239990234375	67.20000457763672
85	218.55999755859372	164.0	64.0
86	170.72000122070312	178.239990234375	65.59999847412111
87	141.44000244140625	211.67999267578125	66.0
88	167.83999633789062	108.95999908447266	71.80000305175781
89	202.3999938964844	110.72000122070312	71.4000015258789
90	207.67999267578125	124.0	71.0
91	222.87998962402344	111.83999633789062	70.20000457763672
92	222.239990234375	108.63999938964844	69.40000152587889
93	137.59999084472656	136.80000305175778	71.20000457763672
94	170.39999389648438	124.95999908447266	68.40000152587889
95	185.9199981689453	140.47999572753906	69.59999847412111
96	199.51998901367188	143.83999633789062	68.20000457763672
97	228.1599884033203	133.1199951171875	71.80000305175781
98	125.27999877929688	145.9199981689453	68.80000305175781
99	129.27999877929688	150.39999389648438	65.0
100	145.75999450683594	164.63999938964844	71.5999984741211
101	162.239990234375	165.1199951171875	68.40000152587889
102	177.27999877929688	187.0399932861328	68.80000305175781
103	216.3199920654297	186.3999938964844	71.4000015258789
104	228.63999938964844	186.72000122070312	71.4000015258789
105	149.1199951171875	121.75999450683594	77.5999984741211
106	153.75999450683594	120.15999603271484	77.20000457763672
107	186.3999938964844	122.39999389648438	75.5999984741211
108	128.95999145507812	140.95999145507812	74.4000015258789
109	139.83999633789062	128.16000366210938	74.4000015258789
110	199.67999267578125	141.59999084472656	75.20000457763672
111	137.59999084472656	162.39999389648438	75.20000457763672
112	164.8000030517578	162.87998962402344	73.20000457763672
113	222.55999755859372	150.239990234375	74.4000015258789
114	232.63999938964844	148.0	77.4000015258789
115	197.75999450683597	183.67999267578125	77.0
116	135.52000427246094	195.3600006103516	75.5999984741211
117	141.75999450683594	204.1599884033203	74.4000015258789
118	230.239990234375	186.3999938964844	77.0
119	149.9199981689453	208.63999938964844	73.20000457763672
120	150.72000122070312	112.95999908447266	82.4000015258789
121	203.67999267578125	116.95999908447266	78.5999984741211
122	162.0800018310547	183.67999267578125	79.20000457763672
123	202.3999938964844	183.67999267578125	79.80000305175781
124	224.3199920654297	176.8000030517578	78.20000457763672
125	200.63999938964844	124.31999969482422	84.4000015258789
126	126.7199935913086	143.36000061035156	83.4000015258789
127	142.72000122070312	137.1199951171875	83.4000015258789
128	175.36000061035156	129.1199951171875	87.80000305175781
129	159.0399932861328	159.36000061035156	84.5999984741211
130	181.27999877929688	156.16000366210938	87.0
131	163.67999267578125	181.75999450683597	85.5999984741211
132	199.3600006103516	203.1999969482422	86.20000457763672
133	183.51998901367188	121.43999481201172	87.0
134	141.75999450683594	185.44000244140625	87.80000305175781
135	183.67999267578125	188.0	90.5999984741211
136	135.19999694824222	121.43999481201172	96.4000015258789
137	163.51998901367188	136.80000305175778	95.4000015258789
138	173.1199951171875	132.80000305175778	94.5999984741211
139	184.63999938964844	159.36000061035156	94.0
140	190.55999755859372	145.9199981689453	97.4000015258789
141	222.55999755859372	160.63999938964844	93.8000030517578
142	135.52000427246094	183.1999969482422	93.5999984741211
143	175.83999633789062	172.16000366210938	94.5999984741211
144	215.3600006103516	180.63999938964844	95.4000015258789
145	162.239990234375	201.75999450683597	91.8000030517578
146	175.83999633789062	192.47999572753903	95.5999984741211
147	197.59999084472656	84.63999938964844	102.0
148	113.91999816894531	143.0399932861328	97.0
149	127.1999969482422	126.39999389648438	106.0
150	178.239990234375	144.47999572753906	102.8000030517578
151	111.04000091552734	164.95999145507812	98.8000030517578
152	200.9599914550781	146.0800018310547	102.20000457763672
153	145.9199981689453	186.87998962402344	101.0
154	171.1999969482422	188.47999572753903	101.5999984741211
155	208.79998779296875	183.67999267578125	100.20000457763672
156	131.83999633789062	205.59999084472656	100.20000457763672
157	182.3999938964844	200.63999938964844	102.20000457763672
158	191.51998901367188	189.75999450683597	101.0
159	219.51998901367188	124.63999938964844	104.20000457763672
160	118.87999725341795	131.83999633789062	107.5999984741211
161	144.16000366210938	139.67999267578122	104.8000030517578
162	158.72000122070312	165.9199981689453	103.20000457763672
163	208.1599884033203	167.51998901367188	103.4000015258789
164	115.04000091552734	202.3999938964844	106.4000015258789
165	186.3999938964844	191.51998901367188	104.8000030517578
166	195.51998901367188	194.87998962402344	106.4000015258789
167	143.1999969482422	101.91999816894531	108.8000030517578
168	162.72000122070312	110.72000122070312	106.8000030517578
169	112.31999969482422	134.72000122070312	108.5999984741211
170	184.9599914550781	161.9199981689453	111.4000015258789
171	208.0	156.8000030517578	109.8000030517578
172	208.9599914550781	166.55999755859375	110.8000030517578
173	173.9199981689453	172.47999572753906	113.4000015258789
174	120.79999542236328	200.47999572753903	110.4000015258789
175	139.19999694824222	202.0800018310547	107.4000015258789
176	167.67999267578125	186.72000122070312	111.4000015258789
177	158.87998962402344	213.1199951171875	110.5999984741211
178	121.27999877929688	119.04000091552734	115.8000030517578
179	176.8000030517578	125.75999450683594	115.5999984741211
180	186.87998962402344	109.27999877929688	114.4000015258789
181	114.39999389648438	142.239990234375	114.8000030517578
182	190.0800018310547	131.19999694824222	116.8000030517578
183	171.36000061035156	152.16000366210938	113.0
184	139.19999694824222	179.67999267578125	115.5999984741211
185	130.08000183105472	192.9599914550781	113.0
186	135.83999633789062	199.83999633789062	115.4000015258789
187	165.1199951171875	197.27999877929688	112.20000457763672
188	161.9199981689453	209.1199951171875	117.20000457763672
189	184.8000030517578	135.19999694824222	119.5999984741211
190	187.3600006103516	164.3199920654297	119.20000457763672
191	193.27999877929688	161.9199981689453	119.0
192	204.3199920654297	159.51998901367188	120.8000030517578
193	143.36000061035156	194.87998962402344	117.4000015258789
194	190.3999938964844	109.27999877929688	124.0
195	199.83999633789062	121.27999877929688	126.4000015258789
196	138.72000122070312	136.80000305175778	123.4000015258789
197	139.67999267578122	166.87998962402344	124.0
198	215.3600006103516	163.1999969482422	126.8000030517578
199	138.87998962402344	197.44000244140625	123.5999984741211
200	149.44000244140625	191.83999633789062	127.8000030517578
201	153.27999877929688	87.83999633789062	130.40000915527344
202	104.95999908447266	136.63999938964844	132.60000610351562
203	117.75999450683594	135.83999633789062	127.20000457763672
204	161.75999450683594	145.9199981689453	126.5999984741211
205	182.239990234375	139.52000427246094	129.80000305175778
206	161.9199981689453	152.8000030517578	131.19999694824222
207	138.239990234375	170.55999755859375	130.40000915527344
208	162.0800018310547	182.0800018310547	130.19999694824222
209	169.9199981689453	83.04000091552734	137.0
210	122.87999725341795	126.23999786376952	136.60000610351562
211	162.239990234375	111.68000030517578	132.40000915527344
212	208.79998779296875	138.08000183105472	135.40000915527344
213	100.79999542236328	156.95999145507812	133.0
214	104.47999572753906	164.3199920654297	134.60000610351562
215	124.0	176.63999938964844	137.19999694824222
216	164.8000030517578	92.63999938964844	139.0
217	204.3199920654297	127.1999969482422	137.60000610351562
218	108.63999938964844	157.27999877929688	138.80000305175778
219	116.47999572753906	164.63999938964844	141.0
220	147.83999633789062	149.75999450683594	141.60000610351562
221	182.55999755859372	147.36000061035156	136.0
222	188.8000030517578	152.95999145507812	139.19999694824222
223	197.9199981689453	167.1999969482422	141.8000030517578
224	162.239990234375	195.83999633789062	142.1999969482422
225	185.1199951171875	50.71999740600586	145.8000030517578
226	147.0399932861328	72.15999603271484	146.60000610351562
227	181.59999084472656	78.87999725341797	146.40000915527344
228	186.87998962402344	104.0	144.60000610351562
229	189.9199981689453	103.36000061035156	143.1999969482422
230	161.27999877929688	111.5199966430664	141.40000915527344
231	184.9599914550781	163.36000061035156	145.0
232	122.7199935913086	184.3199920654297	145.8000030517578
233	143.1999969482422	173.1199951171875	144.0
234	167.51998901367188	184.9599914550781	142.60000610351562
235	197.9199981689453	180.3199920654297	147.1999969482422
236	157.44000244140625	188.47999572753903	141.60000610351562
237	158.39999389648438	201.59999084472656	141.40000915527344
238	168.95999145507812	201.1199951171875	147.0
239	224.47999572753903	64.0	148.1999969482422
240	140.0	73.1199951171875	149.1999969482422
241	156.16000366210938	64.31999969482422	150.60000610351562
242	141.27999877929688	97.75999450683594	147.8000030517578
243	158.87998962402344	87.36000061035156	149.60000610351562
244	218.87998962402344	93.43999481201172	152.1999969482422
245	145.75999450683594	105.5999984741211	148.8000030517578
246	98.55999755859376	132.31999206542972	150.8000030517578
247	156.8000030517578	143.36000061035156	147.8000030517578
248	182.3999938964844	130.87998962402344	150.40000915527344
249	120.63999938964844	148.0	149.0
250	101.91999816894531	187.0399932861328	150.1999969482422
251	122.87999725341795	204.47999572753903	150.0
252	114.07999420166016	215.3600006103516	150.1999969482422
253	169.75999450683594	81.43999481201172	156.1999969482422
254	122.23999786376952	93.1199951171875	157.40000915527344
255	141.75999450683594	93.91999816894531	152.0
256	109.75999450683594	116.31999969482422	158.0
257	143.0399932861328	109.1199951171875	156.1999969482422
258	199.0399932861328	144.8000030517578	153.0
259	125.75999450683594	148.3199920654297	156.1999969482422
260	159.83999633789062	160.47999572753906	152.1999969482422
261	122.7199935913086	210.239990234375	155.60000610351562
262	186.87998962402344	49.599998474121094	160.40000915527344
263	213.1199951171875	75.19999694824219	160.1999969482422
264	160.95999145507812	83.5199966430664	161.40000915527344
265	106.39999389648438	118.55999755859376	161.40000915527344
266	209.59999084472656	116.15999603271484	157.60000610351562
267	103.36000061035156	136.63999938964844	160.0
268	108.15999603271484	144.95999145507812	159.40000915527344
269	123.1999969482422	135.19999694824222	161.40000915527344
270	143.67999267578125	160.16000366210938	157.1999969482422
271	82.08000183105469	165.9199981689453	160.0
272	71.19999694824219	202.87998962402344	158.60000610351562
273	149.75999450683594	202.0800018310547	159.60000610351562
274	161.9199981689453	99.1999969482422	166.60000610351562
275	201.1199951171875	93.91999816894531	170.60000610351562
276	103.83999633789062	110.87999725341795	163.8000030517578
277	85.27999877929688	142.0800018310547	168.40000915527344
278	104.79999542236328	129.44000244140622	163.60000610351562
279	115.36000061035156	148.0	165.40000915527344
280	180.8000030517578	144.47999572753906	167.60000610351562
281	172.0	175.51998901367188	164.0
282	59.52000045776367	190.72000122070312	160.8000030517578
283	197.59999084472656	63.84000015258789	166.60000610351562
284	120.63999938964844	86.23999786376953	171.60000610351562
285	123.36000061035156	89.27999877929688	168.8000030517578
286	134.08000183105472	92.47999572753906	168.40000915527344
287	217.27999877929688	90.07999420166016	169.40000915527344
288	101.1199951171875	112.31999969482422	170.40000915527344
289	105.1199951171875	122.39999389648438	171.1999969482422
290	142.239990234375	107.5199966430664	168.40000915527344
291	103.36000061035156	132.31999206542972	171.8000030517578
292	108.0	144.47999572753906	169.1999969482422
293	122.7199935913086	143.67999267578125	167.0
294	84.31999969482422	155.1999969482422	170.60000610351562
295	152.47999572753906	171.1999969482422	168.40000915527344
296	106.87999725341795	216.9599914550781	172.60000610351562
297	164.95999145507812	69.91999816894531	175.1999969482422
298	196.8000030517578	83.83999633789062	175.8000030517578
299	99.1999969482422	137.27999877929688	174.60000610351562
300	84.0	161.9199981689453	176.60000610351562
301	182.72000122070312	179.36000061035156	175.0
302	103.5199966430664	199.0399932861328	176.0
303	171.1999969482422	195.1999969482422	173.40000915527344
304	117.1199951171875	216.3199920654297	174.8000030517578
305	99.04000091552734	152.16000366210938	180.0
306	161.44000244140625	165.75999450683594	175.0
307	136.47999572753906	209.75999450683597	180.6000061035156
308	110.72000122070312	99.1999969482422	186.0
309	160.63999938964844	123.68000030517578	185.8000030517578
310	100.0	173.9199981689453	184.40000915527344
311	160.8000030517578	170.239990234375	196.1999969482422
312	162.72000122070312	180.8000030517578	186.0
313	159.51998901367188	198.0800018310547	188.0
314	139.52000427246094	75.36000061035156	192.0
315	182.3999938964844	137.27999877929688	192.40000915527344
316	188.3199920654297	131.67999267578122	186.0
317	139.19999694824222	204.47999572753903	192.0
318	133.91999816894528	71.04000091552734	196.1999969482422
319	107.36000061035156	99.68000030517578	194.1999969482422
320	156.0	103.83999633789062	193.1999969482422
321	89.27999877929688	114.07999420166016	197.40000915527344
322	97.27999877929688	123.36000061035156	196.1999969482422
323	163.83999633789062	123.5199966430664	195.6000061035156
324	111.83999633789062	135.36000061035156	197.8000030517578
325	121.91999816894531	81.5999984741211	200.6000061035156
326	104.15999603271484	117.43999481201172	202.0
327	103.68000030517578	127.68000030517578	197.8000030517578
328	143.83999633789062	143.0399932861328	199.40000915527344
329	175.67999267578125	166.0800018310547	201.6000061035156
330	167.67999267578125	181.75999450683597	196.8000030517578
331	106.07999420166016	98.4000015258789	203.8000030517578
332	92.47999572753906	109.75999450683594	202.6000061035156
333	157.59999084472656	158.87998962402344	202.8000030517578
334	132.47999572753906	185.44000244140625	205.40000915527344
335	167.83999633789062	83.04000091552734	210.0
336	93.5999984741211	93.75999450683594	213.1999969482422
337	149.27999877929688	106.39999389648438	209.40000915527344
338	100.95999908447266	140.8000030517578	211.8000030517578
339	136.0	184.1599884033203	209.8000030517578
340	142.0800018310547	181.59999084472656	211.40000915527344
341	156.47999572753906	174.39999389648438	208.40000915527344
342	163.67999267578125	180.3199920654297	210.0
343	145.75999450683594	77.27999877929688	218.40000915527344
344	160.8000030517578	65.91999816894531	217.1999969482422
345	88.0	100.31999969482422	214.0
346	96.79999542236328	103.1999969482422	214.1999969482422
347	125.1199951171875	93.75999450683594	215.6000061035156
348	74.72000122070312	116.79999542236328	217.40000915527344
349	141.27999877929688	67.04000091552734	218.6000061035156
350	104.95999908447266	80.95999908447266	220.8000030517578
351	110.23999786376952	86.55999755859375	221.6000061035156
352	101.43999481201172	122.55999755859376	220.1999969482422
353	73.1199951171875	129.91999816894528	218.1999969482422
354	84.31999969482422	143.0399932861328	220.1999969482422
355	116.47999572753906	135.67999267578122	217.8000030517578
356	156.16000366210938	39.68000030517578	226.8000030517578
357	178.0800018310547	66.87999725341797	222.8000030517578
358	98.72000122070312	96.47999572753906	226.40000915527344
359	174.72000122070312	102.39999389648438	224.6000061035156
360	100.47999572753906	142.239990234375	222.1999969482422
361	82.4000015258789	147.52000427246094	226.40000915527344
362	140.47999572753906	160.63999938964844	225.8000030517578
363	136.95999145507812	29.439998626708984	227.6000061035156
364	181.59999084472656	81.91999816894531	234.40000915527344
365	80.31999969482422	105.27999877929688	233.0
366	147.1999969482422	99.5199966430664	226.1999969482422
367	70.4000015258789	116.0	229.1999969482422
368	104.31999969482422	123.68000030517578	227.6000061035156
369	127.5199966430664	137.91999816894528	228.40000915527344
370	123.36000061035156	156.8000030517578	231.1999969482422
371	186.239990234375	37.43999862670898	236.1999969482422
372	155.67999267578125	65.59999847412111	235.6000061035156
373	183.3600006103516	56.0	232.40000915527344
374	105.1199951171875	78.23999786376953	234.6000061035156
375	104.0	86.72000122070312	236.6000061035156
376	102.72000122070312	130.55999755859378	234.1999969482422
377	152.3199920654297	136.31999206542972	233.6000061035156
378	121.5999984741211	162.55999755859375	233.0
379	148.95999145507812	160.0	234.40000915527344
380	140.0	164.3199920654297	236.6000061035156
381	171.83999633789062	63.19999694824219	239.40000915527344
382	161.1199951171875	81.5999984741211	241.1999969482422
383	83.04000091552734	99.1999969482422	242.1999969482422
384	101.91999816894531	105.91999816894531	240.40000915527344
385	127.36000061035156	102.87999725341795	242.40000915527344
386	44.31999969482422	139.19999694824222	237.8000030517578
387	81.5999984741211	152.0	238.40000915527344
388	112.0	162.72000122070312	241.0
389	125.1199951171875	166.0800018310547	239.40000915527344
390	107.04000091552734	72.95999908447266	245.0
391	166.0800018310547	78.4000015258789	243.40000915527344
392	107.5199966430664	94.23999786376952	242.8000030517578
393	165.27999877929688	102.87999725341795	246.6000061035156
394	180.47999572753903	95.83999633789062	245.0
395	180.3199920654297	92.79999542236328	243.40000915527344
396	105.43999481201172	114.87999725341795	248.6000061035156
397	164.47999572753906	108.31999969482422	244.40000915527344
398	117.5999984741211	133.44000244140622	246.8000030517578
399	152.16000366210938	152.0	246.6000061035156
400	118.23999786376952	70.72000122070312	249.6000061035156
401	91.1999969482422	104.47999572753906	247.6000061035156
402	88.95999908447266	91.68000030517578	247.40000915527344
403	96.95999908447266	100.79999542236328	250.1999969482422
404	158.87998962402344	116.79999542236328	249.40000915527344
405	104.79999542236328	145.1199951171875	251.40000915527344
406	129.75999450683594	159.1999969482422	255.40000915527344
407	115.83999633789062	72.0	257.0
408	133.1199951171875	70.87999725341797	250.0
409	93.75999450683594	102.23999786376952	257.0
410	110.55999755859376	110.23999786376952	256.80001831054693
411	122.39999389648438	112.95999908447266	257.0
412	121.91999816894531	71.68000030517578	258.0
413	92.15999603271484	98.87999725341795	259.20001220703125
414	148.0	90.23999786376952	259.20001220703125
415	145.27999877929688	105.5999984741211	261.0
416	122.23999786376952	126.07999420166016	258.60000610351557
417	140.95999145507812	137.91999816894528	259.80001831054693
418	144.16000366210938	128.80000305175778	260.39999389648443
419	96.79999542236328	162.55999755859375	259.80001831054693
420	124.63999938964844	160.8000030517578	259.39999389648443
421	98.07999420166016	93.75999450683594	268.20001220703125
422	101.75999450683594	102.39999389648438	264.0
423	118.07999420166016	106.39999389648438	264.20001220703125
424	122.07999420166016	81.91999816894531	267.20001220703125
425	124.79999542236328	86.87999725341797	266.0
426	146.87998962402344	100.63999938964844	265.20001220703125
427	152.8000030517578	104.15999603271484	263.60000610351557
428	116.31999969482422	126.87999725341795	264.0
429	122.87999725341795	116.63999938964844	264.80001831054693
430	123.1999969482422	111.5199966430664	267.20001220703125
431	121.5999984741211	96.47999572753906	269.60000610351557
432	92.79999542236328	101.27999877929688	273.80001831054693
433	187.83999633789062	162.39999389648438	6.200000286102295
434	191.67999267578125	152.8000030517578	6.200000286102295
435	192.3199920654297	167.51998901367188	4.200000286102295
436	193.27999877929688	159.51998901367188	6.800000190734862
437	196.47999572753903	161.75999450683594	3.7999999523162837
438	195.67999267578125	152.8000030517578	5.599999904632568
439	199.3600006103516	158.239990234375	5.800000190734862
440	198.3999938964844	149.75999450683594	6.800000190734862
441	200.0	162.55999755859375	6.5999999046325675
442	199.0399932861328	166.72000122070312	4.800000190734863
443	200.63999938964844	152.63999938964844	7.200000286102295
444	203.1999969482422	155.1999969482422	5.0
445	203.67999267578125	160.16000366210938	5.800000190734862
446	204.63999938964844	164.3199920654297	5.400000095367432
447	207.0399932861328	145.1199951171875	8.0
448	209.59999084472656	157.44000244140625	8.0
449	210.87998962402344	163.51998901367188	7.200000286102295
450	171.36000061035156	183.1999969482422	8.199999809265138
451	176.47999572753906	183.83999633789062	5.800000190734862
452	181.75999450683597	178.0800018310547	4.0
453	182.72000122070312	172.47999572753906	5.400000095367432
454	186.3999938964844	182.87998962402344	5.800000190734862
455	188.0	179.83999633789062	4.200000286102295
456	187.67999267578125	174.239990234375	3.400000095367432
457	191.83999633789062	171.51998901367188	4.800000190734863
458	193.44000244140625	184.1599884033203	7.0
459	198.0800018310547	178.39999389648438	5.800000190734862
460	197.27999877929688	184.63999938964844	5.800000190734862
461	201.27999877929688	174.87998962402344	8.600000381469728
462	202.0800018310547	167.51998901367188	6.4000000953674325
463	208.9599914550781	171.51998901367188	7.4000000953674325
464	169.9199981689453	188.1599884033203	9.800000190734863
465	170.72000122070312	191.67999267578125	6.0
466	172.8000030517578	194.0800018310547	11.199999809265137
467	174.87998962402344	189.59999084472656	9.800000190734863
468	176.95999145507812	186.0800018310547	8.800000190734863
469	177.1199951171875	195.83999633789062	8.800000190734863
470	181.1199951171875	189.75999450683597	5.400000095367432
471	182.0800018310547	185.75999450683597	8.0
472	187.0399932861328	192.63999938964844	6.5999999046325675
473	189.1199951171875	187.67999267578125	6.0
474	190.239990234375	194.87998962402344	5.599999904632568
475	193.44000244140625	190.0800018310547	5.599999904632568
476	196.1599884033203	193.59999084472656	7.4000000953674325
477	180.1599884033203	124.47999572753906	11.199999809265137
478	179.36000061035156	129.91999816894528	12.800000190734865
479	177.9199981689453	134.39999389648438	13.0
480	183.51998901367188	129.1199951171875	11.800000190734865
481	185.27999877929688	148.0	9.800000190734863
482	187.3600006103516	134.87998962402344	13.0
483	192.63999938964844	140.16000366210938	10.199999809265137
484	198.0800018310547	135.83999633789062	11.600000381469727
485	198.3999938964844	140.0	10.800000190734863
486	202.55999755859372	141.27999877929688	9.600000381469727
487	205.75999450683597	142.239990234375	8.0
488	141.75999450683594	164.16000366210938	10.600000381469727
489	146.39999389648438	166.87998962402344	14.0
490	146.87998962402344	160.8000030517578	10.40000057220459
491	153.59999084472656	165.27999877929688	16.0
492	176.8000030517578	159.51998901367188	10.40000057220459
493	178.87998962402344	164.47999572753906	10.199999809265137
494	180.1599884033203	158.39999389648438	9.199999809265137
495	178.239990234375	151.1999969482422	12.800000190734865
496	182.239990234375	151.51998901367188	9.199999809265137
497	187.0399932861328	152.3199920654297	10.40000057220459
498	189.1199951171875	148.95999145507812	9.199999809265137
499	188.63999938964844	165.1199951171875	10.600000381469727
500	191.51998901367188	146.239990234375	10.600000381469727
501	192.8000030517578	155.67999267578125	10.600000381469727
502	195.0399932861328	151.0399932861328	10.199999809265137
503	196.47999572753903	157.9199981689453	9.40000057220459
504	198.3999938964844	165.59999084472656	8.800000190734863
505	196.9599914550781	155.0399932861328	12.40000057220459
506	198.87998962402344	161.9199981689453	10.800000190734863
507	200.47999572753903	149.1199951171875	10.199999809265137
508	200.63999938964844	146.72000122070312	14.0
509	201.1199951171875	156.8000030517578	11.199999809265137
510	201.75999450683597	164.8000030517578	11.0
511	203.51998901367188	152.63999938964844	9.600000381469727
512	205.27999877929688	156.8000030517578	9.600000381469727
513	206.55999755859372	163.0399932861328	10.0
514	204.9599914550781	159.1999969482422	13.40000057220459
515	207.83999633789062	154.39999389648438	12.800000190734865
516	210.72000122070312	145.27999877929688	9.40000057220459
517	210.55999755859372	149.59999084472656	10.40000057220459
518	214.72000122070312	167.36000061035156	10.199999809265137
519	215.83999633789062	161.75999450683594	8.0
520	215.0399932861328	153.27999877929688	13.40000057220459
521	217.1199951171875	145.27999877929688	13.0
522	221.44000244140625	161.9199981689453	11.40000057220459
523	221.1199951171875	152.3199920654297	13.40000057220459
524	144.63999938964844	172.8000030517578	14.800000190734865
525	148.16000366210938	170.39999389648438	17.399999618530273
526	149.1199951171875	171.36000061035156	11.40000057220459
527	150.55999755859375	167.51998901367188	11.0
528	151.51998901367188	174.72000122070312	13.0
529	154.39999389648438	169.44000244140625	14.0
530	156.47999572753906	183.51998901367188	10.0
531	156.47999572753906	173.59999084472656	10.40000057220459
532	158.55999755859375	172.47999572753906	14.800000190734865
533	160.16000366210938	177.9199981689453	12.199999809265135
534	163.36000061035156	183.1999969482422	10.199999809265137
535	166.55999755859375	178.239990234375	10.199999809265137
536	169.59999084472656	170.72000122070312	12.199999809265135
537	169.9199981689453	175.36000061035156	9.40000057220459
538	176.16000366210938	169.59999084472656	7.0
539	176.16000366210938	178.72000122070312	7.800000190734862
540	180.47999572753903	171.1999969482422	13.0
541	181.75999450683597	168.47999572753906	7.800000190734862
542	179.83999633789062	178.87998962402344	10.600000381469727
543	182.87998962402344	181.59999084472656	10.600000381469727
544	182.72000122070312	176.3199920654297	11.199999809265137
545	186.55999755859372	173.9199981689453	9.0
546	186.3999938964844	177.27999877929688	9.0
547	188.9599914550781	186.239990234375	10.600000381469727
548	189.59999084472656	167.1999969482422	10.199999809265137
549	187.67999267578125	172.0	11.40000057220459
550	192.0	184.1599884033203	10.199999809265137
551	190.87998962402344	180.1599884033203	7.800000190734862
552	195.67999267578125	173.1199951171875	9.199999809265137
553	193.1199951171875	176.0	10.800000190734863
554	191.83999633789062	170.0800018310547	12.199999809265135
555	195.83999633789062	169.1199951171875	9.0
556	197.75999450683597	177.59999084472656	11.600000381469727
557	200.0	169.1199951171875	11.800000190734865
558	202.55999755859372	182.55999755859372	8.600000381469728
559	205.59999084472656	167.1999969482422	9.800000190734863
560	202.72000122070312	175.1999969482422	12.40000057220459
561	203.83999633789062	179.67999267578125	13.0
562	208.9599914550781	174.0800018310547	10.199999809265137
563	209.59999084472656	170.87998962402344	10.800000190734863
564	211.0399932861328	179.36000061035156	11.800000190734865
565	215.1999969482422	171.1999969482422	9.199999809265137
566	220.1599884033203	170.72000122070312	11.800000190734865
567	220.1599884033203	166.39999389648438	12.600000381469727
568	154.72000122070312	187.1999969482422	12.600000381469727
569	153.9199981689453	191.51998901367188	11.40000057220459
570	158.239990234375	198.72000122070312	14.199999809265135
571	165.59999084472656	189.9199981689453	14.0
572	162.239990234375	196.63999938964844	12.800000190734865
573	167.83999633789062	186.239990234375	14.0
574	169.59999084472656	200.8000030517578	10.600000381469727
575	175.51998901367188	199.1999969482422	14.199999809265135
576	184.47999572753903	189.59999084472656	11.0
577	183.0399932861328	205.9199981689453	14.199999809265135
578	187.51998901367188	201.59999084472656	9.0
579	188.9599914550781	194.55999755859372	10.0
580	190.55999755859372	198.72000122070312	11.40000057220459
581	193.59999084472656	205.44000244140625	14.199999809265135
582	193.44000244140625	188.1599884033203	11.199999809265137
583	195.67999267578125	194.87998962402344	12.0
584	199.67999267578125	190.3999938964844	10.0
585	199.83999633789062	195.0399932861328	10.800000190734863
586	202.72000122070312	189.75999450683597	10.40000057220459
587	176.8000030517578	208.1599884033203	13.40000057220459
588	175.83999633789062	124.0	12.40000057220459
589	175.51998901367188	127.68000030517578	13.600000381469727
590	176.95999145507812	137.44000244140622	17.600000381469727
591	182.72000122070312	130.08000183105472	17.80000114440918
592	183.1999969482422	144.47999572753906	15.0
593	187.51998901367188	125.91999816894531	19.80000114440918
594	185.59999084472656	128.95999145507812	16.80000114440918
595	188.0	143.36000061035156	16.80000114440918
596	187.51998901367188	139.03999328613278	16.600000381469727
597	191.51998901367188	144.63999938964844	15.40000057220459
598	192.1599884033203	140.8000030517578	15.800000190734865
599	192.63999938964844	135.36000061035156	14.600000381469727
600	194.3999938964844	143.52000427246094	13.600000381469727
601	194.55999755859372	128.47999572753906	14.40000057220459
602	197.75999450683597	139.67999267578122	15.40000057220459
603	197.9199981689453	143.67999267578125	15.40000057220459
604	197.27999877929688	133.91999816894528	17.399999618530273
605	201.1199951171875	126.7199935913086	16.200000762939453
606	202.3999938964844	133.44000244140622	14.600000381469727
607	202.0800018310547	140.63999938964844	15.800000190734865
608	207.1999969482422	140.16000366210938	13.0
609	207.1999969482422	133.91999816894528	14.600000381469727
610	209.1199951171875	138.39999389648438	17.399999618530273
611	207.83999633789062	144.16000366210938	17.399999618530273
612	212.0	141.27999877929688	15.800000190734865
613	210.239990234375	131.52000427246094	18.600000381469727
614	212.9599914550781	144.63999938964844	13.800000190734865
615	214.55999755859372	141.1199951171875	13.40000057220459
616	215.0399932861328	135.36000061035156	16.80000114440918
617	147.83999633789062	165.44000244140625	18.200000762939453
618	150.87998962402344	163.0399932861328	13.199999809265135
619	158.0800018310547	164.0	17.0
620	158.55999755859375	165.59999084472656	14.0
621	164.16000366210938	164.47999572753906	14.40000057220459
622	170.72000122070312	163.67999267578125	14.0
623	175.36000061035156	159.51998901367188	17.0
624	175.0399932861328	165.9199981689453	16.0
625	178.87998962402344	145.75999450683594	16.200000762939453
626	177.75999450683594	154.239990234375	16.600000381469727
627	179.67999267578125	163.67999267578125	15.800000190734865
628	181.75999450683597	159.51998901367188	13.40000057220459
629	183.3600006103516	150.39999389648438	13.600000381469727
630	184.9599914550781	156.63999938964844	14.199999809265135
631	184.9599914550781	164.63999938964844	16.600000381469727
632	186.3999938964844	146.239990234375	13.40000057220459
633	187.3600006103516	148.63999938964844	16.80000114440918
634	189.44000244140625	151.1999969482422	17.399999618530273
635	188.8000030517578	154.39999389648438	18.0
636	191.1999969482422	158.55999755859375	14.800000190734865
637	191.1999969482422	162.239990234375	14.600000381469727
638	192.8000030517578	152.3199920654297	15.600000381469727
639	193.44000244140625	146.87998962402344	17.399999618530273
640	193.9199981689453	148.95999145507812	13.800000190734865
641	192.1599884033203	157.59999084472656	18.600000381469727
642	194.3999938964844	161.27999877929688	12.800000190734865
643	195.67999267578125	165.59999084472656	12.800000190734865
644	197.75999450683597	148.63999938964844	16.200000762939453
645	198.0800018310547	158.72000122070312	14.0
646	198.3999938964844	162.55999755859375	16.0
647	200.3199920654297	151.51998901367188	14.40000057220459
648	199.67999267578125	155.83999633789062	16.80000114440918
649	201.75999450683597	160.47999572753906	15.800000190734865
650	204.3199920654297	148.47999572753906	13.0
651	203.67999267578125	155.67999267578125	16.0
652	204.1599884033203	152.16000366210938	14.800000190734865
653	207.0399932861328	148.16000366210938	16.200000762939453
654	210.55999755859372	160.3199920654297	14.199999809265135
655	210.3999938964844	164.8000030517578	16.80000114440918
656	210.72000122070312	147.1999969482422	16.399999618530273
657	211.51998901367188	150.87998962402344	15.199999809265135
658	216.0	161.1199951171875	16.600000381469727
659	216.1599884033203	164.47999572753906	14.0
660	217.9199981689453	155.83999633789062	16.600000381469727
661	220.47999572753903	161.59999084472656	15.600000381469727
662	224.47999572753903	157.75999450683594	13.600000381469727
663	222.0800018310547	148.3199920654297	13.800000190734865
664	144.8000030517578	184.3199920654297	16.0
665	147.36000061035156	176.3199920654297	14.0
666	151.0399932861328	180.47999572753903	15.0
667	150.72000122070312	168.95999145507812	19.399999618530273
668	153.1199951171875	184.63999938964844	17.200000762939453
669	155.36000061035156	177.44000244140625	13.0
670	158.0800018310547	182.55999755859372	14.800000190734865
671	162.72000122070312	169.75999450683594	13.40000057220459
672	161.9199981689453	180.63999938964844	16.399999618530273
673	164.47999572753906	184.47999572753903	15.600000381469727
674	165.44000244140625	171.0399932861328	16.80000114440918
675	169.27999877929688	177.75999450683594	14.40000057220459
676	173.27999877929688	178.55999755859375	13.0
677	175.67999267578125	169.59999084472656	13.800000190734865
678	174.239990234375	185.1199951171875	16.0
679	173.9199981689453	173.9199981689453	17.399999618530273
680	177.27999877929688	182.55999755859372	16.0
681	177.9199981689453	172.0	16.399999618530273
682	182.0800018310547	182.72000122070312	14.800000190734865
683	182.72000122070312	177.75999450683594	15.40000057220459
684	183.0399932861328	171.67999267578125	17.0
685	185.44000244140625	184.8000030517578	14.199999809265135
686	186.55999755859372	177.44000244140625	16.600000381469727
687	188.0	168.47999572753906	14.40000057220459
688	188.9599914550781	179.1999969482422	12.40000057220459
689	187.3600006103516	181.44000244140625	17.600000381469727
690	190.87998962402344	173.44000244140625	14.0
691	192.0	181.9199981689453	13.40000057220459
692	192.47999572753903	178.55999755859375	14.40000057220459
693	193.1199951171875	165.59999084472656	16.200000762939453
694	196.1599884033203	181.27999877929688	14.0
695	197.1199951171875	173.44000244140625	14.199999809265135
696	196.3199920654297	184.63999938964844	16.0
697	196.1599884033203	187.0399932861328	13.199999809265135
698	197.1199951171875	168.0	19.200000762939453
699	199.51998901367188	181.59999084472656	17.399999618530273
700	202.239990234375	177.44000244140625	15.600000381469727
701	201.1199951171875	166.39999389648438	15.40000057220459
702	201.75999450683597	170.239990234375	16.80000114440918
703	201.75999450683597	185.44000244140625	16.200000762939453
704	202.87998962402344	183.0399932861328	18.0
705	205.59999084472656	171.51998901367188	14.800000190734865
706	204.79998779296875	163.51998901367188	17.600000381469727
707	205.44000244140625	166.55999755859375	14.199999809265135
708	209.44000244140625	169.9199981689453	16.600000381469727
709	209.75999450683597	181.44000244140625	16.399999618530273
710	209.75999450683597	167.51998901367188	12.40000057220459
711	212.79998779296875	172.16000366210938	12.600000381469727
712	218.3999938964844	180.3199920654297	14.40000057220459
713	214.3999938964844	172.47999572753906	17.0
714	215.1999969482422	178.39999389648438	18.200000762939453
715	217.27999877929688	167.83999633789062	16.0
716	216.79998779296875	171.83999633789062	14.0
717	219.0399932861328	176.63999938964844	18.200000762939453
718	220.9599914550781	176.95999145507812	15.600000381469727
719	220.0	170.55999755859375	17.0
720	150.39999389648438	188.9599914550781	13.199999809265135
721	154.39999389648438	195.1999969482422	14.600000381469727
722	160.8000030517578	188.8000030517578	17.600000381469727
723	160.16000366210938	191.1999969482422	14.800000190734865
724	161.27999877929688	196.0	17.0
725	163.67999267578125	200.1599884033203	14.0
726	165.9199981689453	194.3999938964844	16.399999618530273
727	167.36000061035156	202.3999938964844	18.399999618530273
728	168.3199920654297	206.0800018310547	14.40000057220459
729	172.3199920654297	189.27999877929688	15.0
730	169.44000244140625	199.83999633789062	18.80000114440918
731	170.0800018310547	194.0800018310547	17.0
732	175.83999633789062	190.87998962402344	15.800000190734865
733	178.239990234375	203.67999267578125	16.399999618530273
734	177.27999877929688	187.83999633789062	17.600000381469727
735	179.83999633789062	196.8000030517578	15.600000381469727
736	183.3600006103516	190.0800018310547	15.40000057220459
737	181.44000244140625	186.0800018310547	16.80000114440918
738	184.1599884033203	202.0800018310547	14.199999809265135
739	183.51998901367188	194.87998962402344	17.600000381469727
740	187.83999633789062	204.0	14.40000057220459
741	188.8000030517578	193.27999877929688	15.0
742	189.44000244140625	188.3199920654297	14.0
743	191.0399932861328	197.59999084472656	16.0
744	191.83999633789062	202.55999755859372	16.200000762939453
745	195.1999969482422	192.0	15.40000057220459
746	195.3600006103516	199.0399932861328	15.40000057220459
747	199.67999267578125	200.63999938964844	13.199999809265135
748	202.87998962402344	188.3199920654297	13.199999809265135
749	200.9599914550781	191.83999633789062	15.40000057220459
750	204.1599884033203	195.83999633789062	14.0
751	203.1999969482422	198.239990234375	17.200000762939453
752	203.1999969482422	189.44000244140625	17.600000381469727
753	208.79998779296875	187.67999267578125	11.800000190734865
754	205.44000244140625	194.3999938964844	17.0
755	210.55999755859372	194.72000122070312	15.40000057220459
756	208.1599884033203	191.0399932861328	15.0
757	214.0800018310547	192.63999938964844	17.399999618530273
758	171.83999633789062	208.9599914550781	16.200000762939453
759	186.72000122070312	209.27999877929688	15.800000190734865
760	201.1199951171875	122.39999389648438	20.80000114440918
761	173.75999450683594	139.19999694824222	23.20000076293945
762	175.51998901367188	128.31999206542972	17.600000381469727
763	173.9199981689453	134.39999389648438	20.0
764	177.75999450683594	133.1199951171875	20.600000381469727
765	181.1199951171875	146.55999755859375	24.80000114440918
766	180.47999572753903	131.36000061035156	21.0
767	181.59999084472656	139.67999267578122	21.399999618530273
768	184.1599884033203	142.87998962402344	20.600000381469727
769	186.87998962402344	136.95999145507812	21.200000762939453
770	188.0	132.16000366210938	21.399999618530273
771	188.0	142.55999755859375	22.0
772	191.67999267578125	137.1199951171875	18.200000762939453
773	192.47999572753903	131.67999267578122	21.0
774	191.3600006103516	142.55999755859375	21.80000114440918
775	194.55999755859372	125.1199951171875	18.200000762939453
776	194.3999938964844	134.39999389648438	20.80000114440918
777	196.8000030517578	128.63999938964844	18.80000114440918
778	195.3600006103516	137.75999450683594	19.399999618530273
779	198.55999755859372	135.52000427246094	21.399999618530273
780	200.63999938964844	136.31999206542972	17.80000114440918
781	199.3600006103516	130.87998962402344	20.80000114440918
782	203.3600006103516	142.239990234375	19.399999618530273
783	205.1199951171875	138.55999755859378	17.80000114440918
784	204.79998779296875	127.04000091552734	21.200000762939453
785	204.79998779296875	136.0	20.600000381469727
786	205.1199951171875	145.27999877929688	22.399999618530273
787	209.27999877929688	126.87999725341795	21.0
788	208.79998779296875	141.27999877929688	23.399999618530273
789	211.83999633789062	136.63999938964844	20.600000381469727
790	212.63999938964844	144.3199920654297	21.80000114440918
791	216.1599884033203	139.19999694824222	19.0
792	216.3199920654297	143.67999267578125	20.399999618530273
793	218.0800018310547	137.27999877929688	21.600000381469727
794	216.0	132.16000366210938	22.200000762939453
795	220.63999938964844	145.1199951171875	22.200000762939453
796	148.0	163.51998901367188	22.60000038146973
797	154.72000122070312	162.239990234375	19.80000114440918
798	164.3199920654297	158.39999389648438	21.600000381469727
799	168.16000366210938	159.1999969482422	19.80000114440918
800	172.47999572753906	161.1199951171875	18.200000762939453
801	172.95999145507812	154.0800018310547	19.200000762939453
802	172.3199920654297	149.9199981689453	21.399999618530273
803	174.55999755859375	144.8000030517578	21.600000381469727
804	178.72000122070312	149.27999877929688	22.60000038146973
805	181.75999450683597	147.67999267578125	20.0
806	182.3999938964844	151.0399932861328	18.399999618530273
807	183.3600006103516	160.8000030517578	17.399999618530273
808	185.27999877929688	153.75999450683594	20.600000381469727
809	186.0800018310547	158.239990234375	18.80000114440918
810	186.239990234375	150.0800018310547	21.600000381469727
811	185.75999450683597	160.95999145507812	21.600000381469727
812	189.59999084472656	146.0800018310547	20.80000114440918
813	189.1199951171875	162.0800018310547	18.600000381469727
814	192.47999572753903	152.8000030517578	21.200000762939453
815	191.83999633789062	163.36000061035156	22.200000762939453
816	194.87998962402344	150.239990234375	19.200000762939453
817	195.0399932861328	162.72000122070312	19.200000762939453
818	196.0	158.55999755859375	20.0
819	196.63999938964844	146.0800018310547	19.399999618530273
820	198.72000122070312	155.51998901367188	20.600000381469727
821	200.8000030517578	146.0800018310547	18.80000114440918
822	198.239990234375	158.55999755859375	24.20000076293945
823	201.27999877929688	158.39999389648438	20.399999618530273
824	200.0	163.67999267578125	21.80000114440918
825	195.83999633789062	154.55999755859375	25.60000038146973
826	203.3600006103516	152.16000366210938	19.600000381469727
827	204.79998779296875	158.55999755859375	22.60000038146973
828	206.0800018310547	159.36000061035156	17.600000381469727
829	206.72000122070312	152.95999145507812	21.80000114440918
830	207.83999633789062	156.0	19.200000762939453
831	208.1599884033203	148.0	22.200000762939453
832	209.44000244140625	161.1199951171875	19.0
833	210.87998962402344	152.0	22.399999618530273
834	211.83999633789062	155.0399932861328	19.0
835	212.79998779296875	149.9199981689453	19.600000381469727
836	210.72000122070312	164.3199920654297	22.0
837	212.63999938964844	160.16000366210938	21.0
838	215.3600006103516	154.239990234375	19.80000114440918
839	216.47999572753903	160.0	20.200000762939453
840	218.72000122070312	163.83999633789062	21.0
841	219.51998901367188	155.0399932861328	21.200000762939453
842	220.1599884033203	146.72000122070312	18.80000114440918
843	221.27999877929688	158.239990234375	21.200000762939453
844	223.51998901367188	152.63999938964844	18.0
845	222.87998962402344	164.3199920654297	20.0
846	224.9599914550781	161.44000244140625	18.200000762939453
847	225.59999084472656	159.51998901367188	21.600000381469727
848	225.9199981689453	149.27999877929688	19.600000381469727
849	227.0399932861328	156.3199920654297	23.20000076293945
850	227.83999633789062	154.39999389648438	19.399999618530273
851	138.87998962402344	176.16000366210938	23.399999618530273
852	141.9199981689453	185.27999877929688	21.399999618530273
853	144.95999145507812	177.1199951171875	18.80000114440918
854	145.44000244140625	175.67999267578125	22.200000762939453
855	148.0	183.51998901367188	20.0
856	151.36000061035156	177.27999877929688	20.399999618530273
857	152.0	187.1999969482422	21.200000762939453
858	154.239990234375	182.55999755859372	21.80000114440918
859	154.39999389648438	175.83999633789062	19.600000381469727
860	155.0399932861328	173.44000244140625	22.399999618530273
861	160.63999938964844	172.3199920654297	26.399999618530273
862	158.0800018310547	174.239990234375	19.600000381469727
863	160.3199920654297	178.39999389648438	21.200000762939453
864	160.63999938964844	167.67999267578125	18.0
865	163.36000061035156	176.0	20.600000381469727
866	164.63999938964844	181.44000244140625	23.0
867	165.1199951171875	184.9599914550781	19.399999618530273
868	165.44000244140625	178.87998962402344	19.0
869	167.51998901367188	174.239990234375	21.600000381469727
870	168.16000366210938	183.0399932861328	17.600000381469727
871	169.9199981689453	170.72000122070312	20.200000762939453
872	170.55999755859375	178.72000122070312	18.399999618530273
873	172.0	175.36000061035156	20.80000114440918
874	171.51998901367188	182.72000122070312	20.399999618530273
875	175.0399932861328	180.8000030517578	19.200000762939453
876	175.51998901367188	176.95999145507812	19.600000381469727
877	173.1199951171875	186.87998962402344	21.0
878	176.16000366210938	168.8000030517578	25.0
879	177.9199981689453	184.0	20.200000762939453
880	181.1199951171875	173.1199951171875	20.200000762939453
881	179.67999267578125	176.8000030517578	19.80000114440918
882	182.87998962402344	180.3199920654297	19.80000114440918
883	180.1599884033203	185.9199981689453	23.0
884	182.55999755859372	170.72000122070312	21.80000114440918
885	185.75999450683597	173.44000244140625	18.399999618530273
886	183.1999969482422	166.55999755859375	22.399999618530273
887	184.8000030517578	174.39999389648438	23.20000076293945
888	189.59999084472656	176.47999572753906	19.600000381469727
889	191.0399932861328	182.55999755859372	18.80000114440918
890	191.67999267578125	179.1999969482422	19.600000381469727
891	188.63999938964844	173.1199951171875	22.200000762939453
892	192.8000030517578	184.9599914550781	21.200000762939453
893	193.1199951171875	176.63999938964844	22.0
894	194.3999938964844	172.47999572753906	21.80000114440918
895	195.0399932861328	180.8000030517578	20.600000381469727
896	194.0800018310547	167.0399932861328	24.0
897	196.63999938964844	175.1999969482422	21.399999618530273
898	198.0800018310547	178.72000122070312	20.0
899	197.27999877929688	184.0	20.0
900	199.1999969482422	175.83999633789062	17.600000381469727
901	199.67999267578125	171.1999969482422	20.0
902	199.1999969482422	183.83999633789062	23.399999618530273
903	203.1999969482422	175.51998901367188	20.80000114440918
904	203.51998901367188	182.3999938964844	22.0
905	204.63999938964844	168.3199920654297	20.600000381469727
906	205.27999877929688	172.47999572753906	20.200000762939453
907	207.67999267578125	179.0399932861328	21.600000381469727
908	207.67999267578125	166.72000122070312	19.80000114440918
909	207.1999969482422	175.0399932861328	22.200000762939453
910	210.0800018310547	172.47999572753906	20.0
911	210.239990234375	177.1199951171875	23.0
912	212.47999572753903	180.47999572753903	21.0
913	212.9599914550781	168.3199920654297	17.399999618530273
914	214.0800018310547	168.16000366210938	21.600000381469727
915	215.83999633789062	185.9199981689453	17.600000381469727
916	214.72000122070312	172.47999572753906	22.60000038146973
917	217.44000244140625	185.44000244140625	20.399999618530273
918	218.0800018310547	173.44000244140625	19.399999618530273
919	221.59999084472656	181.44000244140625	18.0
920	221.75999450683597	168.16000366210938	19.200000762939453
921	222.72000122070312	174.87998962402344	20.200000762939453
922	223.51998901367188	172.16000366210938	22.0
923	224.9599914550781	170.55999755859375	19.399999618530273
924	226.87998962402344	166.39999389648438	19.600000381469727
925	142.239990234375	191.83999633789062	21.200000762939453
926	148.63999938964844	194.3999938964844	18.399999618530273
927	151.1999969482422	191.1999969482422	20.0
928	151.51998901367188	199.3600006103516	20.600000381469727
929	153.1199951171875	203.83999633789062	23.20000076293945
930	157.27999877929688	188.9599914550781	22.0
931	157.59999084472656	190.3999938964844	18.600000381469727
932	160.47999572753906	201.59999084472656	21.399999618530273
933	159.67999267578125	194.55999755859372	20.80000114440918
934	160.95999145507812	189.27999877929688	22.399999618530273
935	162.72000122070312	204.47999572753903	18.200000762939453
936	164.0	199.67999267578125	20.200000762939453
937	163.51998901367188	190.87998962402344	18.399999618530273
938	164.95999145507812	190.0800018310547	22.399999618530273
939	169.59999084472656	187.3600006103516	18.399999618530273
940	170.55999755859375	198.3999938964844	22.0
941	171.67999267578125	203.51998901367188	20.200000762939453
942	173.44000244140625	192.1599884033203	22.200000762939453
943	173.59999084472656	199.3600006103516	20.200000762939453
944	175.36000061035156	195.67999267578125	21.399999618530273
945	176.3199920654297	189.75999450683597	21.600000381469727
946	180.47999572753903	203.0399932861328	19.80000114440918
947	180.0	204.1599884033203	23.60000038146973
948	180.0	191.3600006103516	21.0
949	180.63999938964844	198.87998962402344	23.20000076293945
950	180.0	195.3600006103516	21.200000762939453
951	182.3999938964844	188.63999938964844	19.600000381469727
952	184.47999572753903	195.1999969482422	22.0
953	184.63999938964844	206.87998962402344	21.200000762939453
954	187.0399932861328	199.67999267578125	20.399999618530273
955	187.51998901367188	205.44000244140625	19.200000762939453
956	185.59999084472656	190.55999755859372	21.399999618530273
957	189.75999450683597	192.63999938964844	18.600000381469727
958	191.83999633789062	206.3999938964844	19.399999618530273
959	191.67999267578125	198.239990234375	20.80000114440918
960	191.51998901367188	188.1599884033203	22.60000038146973
961	193.59999084472656	195.3600006103516	19.399999618530273
962	195.1999969482422	207.51998901367188	21.200000762939453
963	195.51998901367188	187.67999267578125	20.600000381469727
964	196.3199920654297	191.0399932861328	19.0
965	197.1199951171875	201.75999450683597	19.200000762939453
966	197.75999450683597	197.44000244140625	19.0
967	199.51998901367188	195.0399932861328	21.0
968	200.47999572753903	191.51998901367188	20.200000762939453
969	202.72000122070312	188.63999938964844	21.399999618530273
970	205.27999877929688	199.1999969482422	20.0
971	203.3600006103516	195.0399932861328	20.399999618530273
972	206.239990234375	192.63999938964844	20.399999618530273
973	206.72000122070312	187.67999267578125	19.200000762939453
974	208.9599914550781	197.44000244140625	22.0
975	208.3199920654297	201.59999084472656	20.80000114440918
976	206.87998962402344	190.3999938964844	23.80000114440918
977	210.3999938964844	192.1599884033203	20.200000762939453
978	213.27999877929688	197.44000244140625	21.399999618530273
979	213.9199981689453	187.0399932861328	20.399999618530273
980	215.67999267578125	191.51998901367188	20.0
981	158.72000122070312	206.87998962402344	21.0
982	163.67999267578125	209.9199981689453	21.600000381469727
983	168.63999938964844	210.72000122070312	19.600000381469727
984	175.51998901367188	212.9599914550781	19.80000114440918
985	176.95999145507812	208.9599914550781	19.600000381469727
986	180.3199920654297	214.3999938964844	24.399999618530273
987	186.239990234375	212.9599914550781	21.0
988	189.27999877929688	211.3600006103516	19.0
989	200.8000030517578	206.72000122070312	19.399999618530273
990	178.55999755859375	124.15999603271484	25.80000114440918
991	185.9199981689453	120.0	25.399999618530273
992	192.63999938964844	123.5199966430664	22.80000114440918
993	191.67999267578125	119.68000030517578	26.20000076293945
994	197.75999450683597	125.5999984741211	22.80000114440918
995	207.83999633789062	121.5999984741211	29.60000038146973
996	209.59999084472656	124.95999908447266	25.20000076293945
997	171.67999267578125	135.03999328613278	26.80000114440918
998	176.16000366210938	127.5199966430664	23.80000114440918
999	181.1199951171875	141.75999450683594	26.20000076293945
1000	183.0399932861328	128.16000366210938	26.60000038146973
1001	182.72000122070312	132.0	26.399999618530273
1002	184.8000030517578	135.52000427246094	24.80000114440918
1003	186.87998962402344	125.75999450683594	25.0
1004	185.1199951171875	144.16000366210938	25.60000038146973
1005	185.9199981689453	140.0	24.0
1006	186.87998962402344	131.36000061035156	25.80000114440918
1007	189.44000244140625	139.83999633789062	26.80000114440918
1008	190.239990234375	133.44000244140622	24.60000038146973
1009	190.0800018310547	136.31999206542972	22.200000762939453
1010	191.0399932861328	143.83999633789062	27.20000076293945
1011	193.59999084472656	127.1999969482422	23.20000076293945
1012	193.75999450683597	140.95999145507812	24.399999618530273
1013	194.3999938964844	129.44000244140622	27.0
1014	197.27999877929688	132.47999572753906	23.80000114440918
1015	195.67999267578125	144.95999145507812	25.0
1016	196.9599914550781	129.1199951171875	24.60000038146973
1017	198.239990234375	135.36000061035156	26.0
1018	199.83999633789062	140.31999206542972	24.20000076293945
1019	200.3199920654297	144.63999938964844	23.60000038146973
1020	200.8000030517578	128.63999938964844	25.80000114440918
1021	203.67999267578125	135.67999267578122	24.60000038146973
1022	206.55999755859372	133.27999877929688	25.20000076293945
1023	208.3199920654297	130.72000122070312	24.60000038146973
1024	205.27999877929688	139.67999267578122	26.20000076293945
1025	208.3199920654297	137.1199951171875	25.80000114440918
1026	212.0	134.87998962402344	25.0
1027	212.9599914550781	140.8000030517578	24.20000076293945
1028	212.63999938964844	127.1999969482422	26.20000076293945
1029	219.1999969482422	140.31999206542972	24.80000114440918
1030	219.67999267578125	143.83999633789062	25.399999618530273
1031	225.59999084472656	142.0800018310547	23.80000114440918
1032	142.39999389648438	165.59999084472656	27.0
1033	148.8000030517578	161.9199981689453	27.20000076293945
1034	153.27999877929688	160.0	23.60000038146973
1035	155.0399932861328	165.9199981689453	26.80000114440918
1036	159.67999267578125	165.27999877929688	27.60000038146973
1037	165.1199951171875	165.1199951171875	24.399999618530273
1038	166.87998962402344	157.59999084472656	26.0
1039	169.9199981689453	154.72000122070312	22.200000762939453
1040	172.0	164.0	24.60000038146973
1041	175.36000061035156	159.83999633789062	25.399999618530273
1042	179.1999969482422	159.67999267578125	26.60000038146973
1043	177.59999084472656	163.1999969482422	28.20000076293945
1044	179.1999969482422	150.39999389648438	28.80000114440918
1045	179.36000061035156	160.8000030517578	22.60000038146973
1046	182.55999755859372	152.8000030517578	24.20000076293945
1047	184.3199920654297	150.0800018310547	26.60000038146973
1048	187.67999267578125	147.83999633789062	24.60000038146973
1049	188.3199920654297	164.0	23.399999618530273
1050	188.8000030517578	153.59999084472656	23.20000076293945
1051	188.8000030517578	158.55999755859375	24.20000076293945
1052	192.47999572753903	152.0	25.80000114440918
1053	192.9599914550781	148.16000366210938	23.60000038146973
1054	192.8000030517578	157.44000244140625	23.399999618530273
1055	191.1999969482422	157.9199981689453	27.80000114440918
1056	194.55999755859372	162.39999389648438	24.60000038146973
1057	198.239990234375	147.83999633789062	26.80000114440918
1058	200.63999938964844	150.0800018310547	24.0
1059	198.87998962402344	161.75999450683594	27.0
1060	203.1999969482422	155.51998901367188	24.60000038146973
1061	203.51998901367188	165.44000244140625	22.80000114440918
1062	203.0399932861328	147.83999633789062	25.60000038146973
1063	207.83999633789062	151.83999633789062	27.20000076293945
1064	206.55999755859372	157.44000244140625	27.20000076293945
1065	209.59999084472656	158.72000122070312	23.20000076293945
1066	210.3999938964844	164.8000030517578	27.20000076293945
1067	209.75999450683597	148.47999572753906	26.60000038146973
1068	212.0	159.67999267578125	26.80000114440918
1069	213.9199981689453	148.0	24.60000038146973
1070	213.9199981689453	156.0	25.0
1071	216.1599884033203	158.87998962402344	24.399999618530273
1072	215.67999267578125	165.1199951171875	25.0
1073	215.67999267578125	152.63999938964844	23.20000076293945
1074	217.75999450683597	148.63999938964844	25.0
1075	218.0800018310547	154.87998962402344	26.20000076293945
1076	220.0	160.8000030517578	24.0
1077	220.63999938964844	164.63999938964844	25.80000114440918
1078	220.3199920654297	151.0399932861328	27.20000076293945
1079	221.1199951171875	156.47999572753906	27.399999618530273
1080	223.1999969482422	147.1999969482422	26.399999618530273
1081	223.51998901367188	158.0800018310547	24.80000114440918
1082	225.27999877929688	149.1199951171875	23.20000076293945
1083	224.47999572753903	163.0399932861328	26.0
1084	228.9599914550781	151.51998901367188	25.399999618530273
1085	228.0	162.72000122070312	23.0
1086	229.27999877929688	149.59999084472656	22.399999618530273
1087	229.59999084472656	154.55999755859375	26.399999618530273
1088	229.59999084472656	163.0399932861328	27.60000038146973
1089	231.0399932861328	158.87998962402344	24.60000038146973
1090	232.1599884033203	156.8000030517578	27.20000076293945
1091	232.79998779296875	163.67999267578125	25.399999618530273
1092	136.63999938964844	180.47999572753903	27.20000076293945
1093	137.44000244140622	184.3199920654297	26.80000114440918
1094	141.27999877929688	182.87998962402344	25.399999618530273
1095	143.67999267578125	174.0800018310547	25.399999618530273
1096	145.27999877929688	181.1199951171875	23.399999618530273
1097	146.39999389648438	184.9599914550781	26.60000038146973
1098	148.63999938964844	177.27999877929688	23.80000114440918
1099	149.9199981689453	184.1599884033203	23.60000038146973
1100	151.83999633789062	173.9199981689453	23.399999618530273
1101	152.0	172.95999145507812	27.399999618530273
1102	152.95999145507812	181.9199981689453	25.0
1103	152.63999938964844	169.75999450683594	25.0
1104	155.67999267578125	179.0399932861328	24.399999618530273
1105	155.67999267578125	174.55999755859375	26.80000114440918
1106	158.0800018310547	185.9199981689453	25.60000038146973
1107	160.0	167.83999633789062	24.0
1108	159.67999267578125	176.95999145507812	25.80000114440918
1109	161.1199951171875	183.3600006103516	23.80000114440918
1110	164.8000030517578	169.59999084472656	24.60000038146973
1111	164.3199920654297	176.95999145507812	25.399999618530273
1112	162.239990234375	180.9599914550781	27.399999618530273
1113	164.0	186.0800018310547	26.20000076293945
1114	167.51998901367188	171.0399932861328	26.60000038146973
1115	167.83999633789062	184.47999572753903	24.60000038146973
1116	167.0399932861328	180.1599884033203	26.80000114440918
1117	170.87998962402344	167.36000061035156	24.60000038146973
1118	169.75999450683594	179.0399932861328	23.0
1119	170.55999755859375	172.8000030517578	25.20000076293945
1120	172.0	176.63999938964844	25.80000114440918
1121	173.44000244140625	184.9599914550781	25.0
1122	174.0800018310547	172.95999145507812	24.20000076293945
1123	172.63999938964844	181.44000244140625	27.80000114440918
1124	175.67999267578125	176.3199920654297	25.0
1125	176.16000366210938	181.27999877929688	23.399999618530273
1126	176.95999145507812	186.3999938964844	24.399999618530273
1127	179.51998901367188	174.55999755859375	24.20000076293945
1128	180.47999572753903	178.72000122070312	25.60000038146973
1129	180.0	171.0399932861328	26.399999618530273
1130	182.87998962402344	183.67999267578125	23.399999618530273
1131	184.8000030517578	181.44000244140625	26.0
1132	186.239990234375	178.0800018310547	25.399999618530273
1133	188.0	183.67999267578125	23.80000114440918
1134	188.0	175.0399932861328	26.20000076293945
1135	190.55999755859372	169.27999877929688	24.60000038146973
1136	189.9199981689453	179.67999267578125	26.60000038146973
1137	191.1999969482422	164.3199920654297	26.60000038146973
1138	189.9199981689453	185.44000244140625	26.60000038146973
1139	192.3199920654297	174.72000122070312	26.60000038146973
1140	194.55999755859372	180.0	26.0
1141	195.67999267578125	172.3199920654297	25.80000114440918
1142	196.9599914550781	177.75999450683594	25.20000076293945
1143	197.9199981689453	166.0800018310547	24.60000038146973
1144	197.59999084472656	169.44000244140625	25.20000076293945
1145	199.51998901367188	181.1199951171875	25.60000038146973
1146	201.44000244140625	172.16000366210938	26.20000076293945
1147	199.67999267578125	174.55999755859375	27.60000038146973
1148	200.8000030517578	169.44000244140625	24.399999618530273
1149	203.0399932861328	164.3199920654297	27.0
1150	204.3199920654297	181.44000244140625	27.399999618530273
1151	206.0800018310547	169.1199951171875	25.20000076293945
1152	205.27999877929688	177.59999084472656	26.0
1153	206.72000122070312	173.27999877929688	26.20000076293945
1154	207.3600006103516	181.75999450683597	28.80000114440918
1155	210.239990234375	172.95999145507812	25.20000076293945
1156	210.55999755859372	180.8000030517578	26.60000038146973
1157	211.3600006103516	168.63999938964844	25.20000076293945
1158	214.239990234375	177.75999450683594	23.20000076293945
1159	212.9599914550781	187.3600006103516	27.80000114440918
1160	213.1199951171875	173.44000244140625	28.20000076293945
1161	215.51998901367188	181.44000244140625	25.399999618530273
1162	218.72000122070312	177.27999877929688	24.20000076293945
1163	218.87998962402344	184.63999938964844	25.20000076293945
1164	219.0399932861328	167.83999633789062	24.20000076293945
1165	218.55999755859372	172.16000366210938	25.0
1166	220.0	180.47999572753903	24.0
1167	222.72000122070312	173.9199981689453	25.80000114440918
1168	222.239990234375	182.55999755859372	27.60000038146973
1169	223.83999633789062	183.51998901367188	22.80000114440918
1170	225.1199951171875	166.87998962402344	24.60000038146973
1171	225.59999084472656	177.75999450683594	26.399999618530273
1172	226.72000122070312	172.3199920654297	24.80000114440918
1173	226.239990234375	180.63999938964844	22.0
1174	229.75999450683597	176.16000366210938	28.0
1175	229.9199981689453	167.1999969482422	23.399999618530273
1176	232.9599914550781	170.39999389648438	27.0
1177	144.16000366210938	195.3600006103516	25.399999618530273
1178	144.63999938964844	188.8000030517578	27.20000076293945
1179	146.39999389648438	201.1199951171875	24.80000114440918
1180	147.83999633789062	195.83999633789062	24.0
1181	150.0800018310547	190.72000122070312	27.20000076293945
1182	149.75999450683594	199.1999969482422	25.60000038146973
1183	151.83999633789062	188.63999938964844	24.399999618530273
1184	154.55999755859375	190.55999755859372	23.0
1185	155.1999969482422	192.0	27.399999618530273
1186	155.51998901367188	196.9599914550781	26.399999618530273
1187	157.75999450683594	199.83999633789062	24.80000114440918
1188	159.36000061035156	193.27999877929688	26.0
1189	158.39999389648438	203.0399932861328	27.60000038146973
1190	162.72000122070312	195.83999633789062	24.0
1191	161.75999450683594	205.44000244140625	27.20000076293945
1192	166.55999755859375	203.83999633789062	23.80000114440918
1193	165.9199981689453	191.3600006103516	26.60000038146973
1194	169.27999877929688	197.59999084472656	25.399999618530273
1195	170.239990234375	189.44000244140625	22.60000038146973
1196	170.39999389648438	205.1199951171875	24.80000114440918
1197	172.8000030517578	195.83999633789062	24.80000114440918
1198	172.63999938964844	192.63999938964844	26.80000114440918
1199	172.47999572753906	202.3999938964844	28.0
1200	175.51998901367188	198.239990234375	24.20000076293945
1201	175.67999267578125	202.3999938964844	25.20000076293945
1202	177.44000244140625	193.27999877929688	24.399999618530273
1203	180.47999572753903	196.1599884033203	26.80000114440918
1204	183.0399932861328	193.44000244140625	25.399999618530273
1205	182.3999938964844	203.1999969482422	27.0
1206	184.8000030517578	200.8000030517578	23.60000038146973
1207	183.3600006103516	197.9199981689453	26.20000076293945
1208	183.67999267578125	207.83999633789062	24.60000038146973
1209	185.75999450683597	186.55999755859372	25.20000076293945
1210	187.1999969482422	192.9599914550781	25.399999618530273
1211	188.3199920654297	199.67999267578125	26.20000076293945
1212	188.47999572753903	203.67999267578125	26.0
1213	188.9599914550781	189.75999450683597	27.0
1214	189.9199981689453	195.67999267578125	24.399999618530273
1215	191.83999633789062	204.1599884033203	23.20000076293945
1216	192.8000030517578	191.83999633789062	25.60000038146973
1217	195.51998901367188	201.27999877929688	23.20000076293945
1218	195.3600006103516	196.3199920654297	23.60000038146973
1219	195.0399932861328	186.0800018310547	25.80000114440918
1220	195.0399932861328	205.27999877929688	25.60000038146973
1221	197.44000244140625	191.3600006103516	25.0
1222	194.0800018310547	189.1199951171875	28.0
1223	198.72000122070312	200.8000030517578	25.399999618530273
1224	198.239990234375	206.72000122070312	23.80000114440918
1225	199.1999969482422	190.0800018310547	27.80000114440918
1226	200.3199920654297	197.1199951171875	25.399999618530273
1227	200.63999938964844	186.72000122070312	25.399999618530273
1228	201.44000244140625	205.27999877929688	24.60000038146973
1229	202.239990234375	192.1599884033203	25.0
1230	203.67999267578125	201.59999084472656	24.0
1231	204.79998779296875	196.8000030517578	24.399999618530273
1232	202.87998962402344	196.47999572753903	28.80000114440918
1233	204.9599914550781	186.55999755859372	24.399999618530273
1234	203.67999267578125	190.0800018310547	26.20000076293945
1235	205.75999450683597	203.0399932861328	26.399999618530273
1236	204.79998779296875	206.0800018310547	28.20000076293945
1237	206.55999755859372	194.72000122070312	27.0
1238	208.9599914550781	200.8000030517578	25.60000038146973
1239	210.3999938964844	194.239990234375	26.80000114440918
1240	212.1599884033203	202.0800018310547	25.20000076293945
1241	211.1999969482422	198.239990234375	27.60000038146973
1242	217.1199951171875	190.72000122070312	25.60000038146973
1243	214.3999938964844	201.44000244140625	27.60000038146973
1244	163.1999969482422	209.59999084472656	26.0
1245	171.1999969482422	216.47999572753903	24.60000038146973
1246	176.63999938964844	211.3600006103516	23.399999618530273
1247	177.1199951171875	216.47999572753903	24.80000114440918
1248	175.51998901367188	208.63999938964844	25.60000038146973
1249	182.239990234375	217.9199981689453	27.0
1250	186.87998962402344	216.0	27.80000114440918
1251	188.0	209.27999877929688	24.0
1252	191.51998901367188	210.3999938964844	25.0
1253	193.75999450683597	215.0399932861328	26.0
1254	198.87998962402344	212.9599914550781	24.80000114440918
1255	204.0	207.83999633789062	24.20000076293945
1256	171.36000061035156	129.27999877929688	29.60000038146973
1257	186.3999938964844	122.87999725341795	30.0
1258	188.47999572753903	118.55999755859376	30.0
1259	190.3999938964844	123.36000061035156	27.60000038146973
1260	195.51998901367188	123.1999969482422	30.20000076293945
1261	195.3600006103516	116.31999969482422	31.60000038146973
1262	197.27999877929688	125.1199951171875	27.0
1263	200.63999938964844	118.39999389648438	31.0
1264	203.0399932861328	120.79999542236328	29.0
1265	210.72000122070312	124.47999572753906	29.60000038146973
1266	170.72000122070312	137.1199951171875	32.799999237060554
1267	172.95999145507812	143.67999267578125	32.200000762939446
1268	175.1999969482422	147.52000427246094	31.20000076293945
1269	176.0	126.39999389648438	29.80000114440918
1270	178.239990234375	139.67999267578122	29.0
1271	178.55999755859375	144.16000366210938	28.60000038146973
1272	180.9599914550781	128.47999572753906	29.60000038146973
1273	181.1199951171875	133.75999450683594	29.399999618530273
1274	181.75999450683597	138.87998962402344	30.399999618530273
1275	181.9199981689453	142.87998962402344	31.0
1276	182.55999755859372	126.39999389648438	32.400001525878906
1277	184.8000030517578	127.36000061035156	30.399999618530273
1278	184.9599914550781	134.39999389648438	30.399999618530273
1279	185.59999084472656	140.16000366210938	29.0
1280	185.44000244140625	144.3199920654297	31.0
1281	187.67999267578125	129.91999816894528	29.80000114440918
1282	186.55999755859372	138.08000183105472	32.200000762939446
1283	189.27999877929688	133.59999084472656	29.0
1284	190.0800018310547	126.55999755859376	30.60000038146973
1285	191.1999969482422	128.95999145507812	27.80000114440918
1286	192.0	136.95999145507812	29.0
1287	191.3600006103516	142.55999755859375	31.80000114440918
1288	193.44000244140625	132.80000305175778	30.80000114440918
1289	196.0	139.03999328613278	28.20000076293945
1290	196.1599884033203	143.67999267578125	32.200000762939446
1291	196.63999938964844	132.80000305175778	28.60000038146973
1292	199.1999969482422	144.0	28.20000076293945
1293	199.0399932861328	135.03999328613278	31.20000076293945
1294	198.3999938964844	128.80000305175778	29.60000038146973
1295	201.44000244140625	137.59999084472656	28.80000114440918
1296	201.27999877929688	132.31999206542972	28.399999618530273
1297	201.44000244140625	126.55999755859376	29.80000114440918
1298	203.1999969482422	131.36000061035156	32.200000762939446
1299	206.72000122070312	143.0399932861328	29.20000076293945
1300	206.0800018310547	135.19999694824222	28.80000114440918
1301	203.83999633789062	136.16000366210938	33.400001525878906
1302	206.239990234375	131.19999694824222	29.60000038146973
1303	208.1599884033203	136.80000305175778	31.60000038146973
1304	209.44000244140625	128.80000305175778	30.80000114440918
1305	210.72000122070312	142.55999755859375	27.60000038146973
1306	209.75999450683597	140.16000366210938	31.20000076293945
1307	211.0399932861328	134.08000183105472	29.60000038146973
1308	216.79998779296875	131.52000427246094	30.0
1309	216.9599914550781	126.07999420166016	30.20000076293945
1310	215.67999267578125	140.0	31.20000076293945
1311	214.87998962402344	134.72000122070312	33.0
1312	218.239990234375	143.0399932861328	30.20000076293945
1313	222.0800018310547	131.03999328613278	30.20000076293945
1314	222.3999938964844	140.95999145507812	29.0
1315	223.83999633789062	135.36000061035156	31.0
1316	224.3199920654297	144.63999938964844	31.60000038146973
1317	228.79998779296875	144.8000030517578	30.60000038146973
1318	228.9599914550781	139.83999633789062	28.80000114440918
1319	142.55999755859375	165.75999450683594	31.20000076293945
1320	144.95999145507812	159.67999267578125	33.0
1321	152.0	156.8000030517578	29.20000076293945
1322	156.47999572753906	157.59999084472656	28.0
1323	155.1999969482422	161.75999450683594	31.20000076293945
1324	165.1199951171875	164.63999938964844	30.0
1325	162.72000122070312	159.1999969482422	30.60000038146973
1326	169.27999877929688	165.1199951171875	30.399999618530273
1327	170.87998962402344	161.75999450683594	32.799999237060554
1328	175.1999969482422	148.8000030517578	28.0
1329	174.39999389648438	159.51998901367188	32.60000228881836
1330	177.27999877929688	158.55999755859375	31.20000076293945
1331	177.27999877929688	152.3199920654297	31.80000114440918
1332	179.51998901367188	162.0800018310547	32.200000762939446
1333	183.1999969482422	147.83999633789062	29.80000114440918
1334	184.9599914550781	151.0399932861328	31.20000076293945
1335	183.83999633789062	155.1999969482422	32.200000762939446
1336	186.55999755859372	153.1199951171875	27.20000076293945
1337	187.0399932861328	159.36000061035156	28.80000114440918
1338	189.59999084472656	151.51998901367188	29.80000114440918
1339	188.3199920654297	147.0399932861328	32.0
1340	190.72000122070312	147.36000061035156	28.399999618530273
1341	193.27999877929688	162.72000122070312	29.0
1342	191.51998901367188	155.36000061035156	33.400001525878906
1343	195.1999969482422	159.67999267578125	28.20000076293945
1344	194.55999755859372	156.8000030517578	30.60000038146973
1345	193.75999450683597	146.239990234375	30.80000114440918
1346	195.3600006103516	150.239990234375	29.80000114440918
1347	199.3600006103516	154.239990234375	31.0
1348	198.87998962402344	151.83999633789062	27.60000038146973
1349	199.3600006103516	157.1199951171875	28.0
1350	203.1999969482422	160.0	28.399999618530273
1351	200.63999938964844	163.51998901367188	30.80000114440918
1352	201.9199981689453	145.59999084472656	30.399999618530273
1353	200.1599884033203	149.59999084472656	31.399999618530273
1354	202.55999755859372	157.44000244140625	31.0
1355	203.3600006103516	152.47999572753906	28.0
1356	205.44000244140625	154.72000122070312	31.20000076293945
1357	207.51998901367188	149.59999084472656	29.80000114440918
1358	207.0399932861328	165.1199951171875	30.0
1359	208.79998779296875	159.0399932861328	29.399999618530273
1360	210.239990234375	154.0800018310547	30.399999618530273
1361	211.3600006103516	146.87998962402344	29.60000038146973
1362	208.9599914550781	143.83999633789062	32.799999237060554
1363	213.59999084472656	150.87998962402344	28.0
1364	213.9199981689453	165.44000244140625	30.0
1365	215.1999969482422	162.0800018310547	31.0
1366	215.3600006103516	154.0800018310547	30.20000076293945
1367	215.83999633789062	151.36000061035156	31.399999618530273
1368	217.1199951171875	147.52000427246094	29.60000038146973
1369	217.9199981689453	161.9199981689453	27.60000038146973
1370	218.3999938964844	158.39999389648438	28.80000114440918
1371	220.9599914550781	153.44000244140625	31.20000076293945
1372	220.47999572753903	164.63999938964844	31.399999618530273
1373	225.44000244140625	160.47999572753906	29.20000076293945
1374	225.9199981689453	149.1199951171875	32.200000762939446
1375	227.3600006103516	155.51998901367188	31.399999618530273
1376	228.3199920654297	162.0800018310547	31.20000076293945
1377	229.59999084472656	152.63999938964844	31.399999618530273
1378	231.3600006103516	149.59999084472656	33.0
1379	233.59999084472656	161.75999450683594	29.20000076293945
1380	235.0399932861328	157.9199981689453	30.60000038146973
1381	135.36000061035156	172.16000366210938	30.399999618530273
1382	136.47999572753906	183.0399932861328	32.400001525878906
1383	139.19999694824222	171.0399932861328	32.60000228881836
1384	140.8000030517578	167.36000061035156	33.799999237060554
1385	142.0800018310547	178.87998962402344	28.0
1386	142.72000122070312	179.1999969482422	32.0
1387	141.9199981689453	175.51998901367188	32.200000762939446
1388	144.0	182.87998962402344	29.80000114440918
1389	145.44000244140625	176.47999572753906	30.20000076293945
1390	146.39999389648438	180.47999572753903	27.399999618530273
1391	145.44000244140625	169.75999450683594	30.399999618530273
1392	147.52000427246094	173.9199981689453	28.399999618530273
1393	147.67999267578125	183.67999267578125	32.0
1394	148.8000030517578	173.27999877929688	32.200000762939446
1395	148.8000030517578	169.1199951171875	29.0
1396	150.0800018310547	182.3999938964844	27.399999618530273
1397	151.0399932861328	178.239990234375	27.60000038146973
1398	152.0	165.44000244140625	31.0
1399	152.3199920654297	183.51998901367188	32.200000762939446
1400	153.1199951171875	179.83999633789062	32.200000762939446
1401	152.8000030517578	168.95999145507812	31.0
1402	152.3199920654297	185.9199981689453	27.399999618530273
1403	156.0	178.239990234375	30.60000038146973
1404	155.67999267578125	186.55999755859372	31.80000114440918
1405	157.59999084472656	172.95999145507812	31.20000076293945
1406	158.239990234375	185.59999084472656	29.20000076293945
1407	158.87998962402344	180.8000030517578	29.80000114440918
1408	157.75999450683594	166.55999755859375	31.20000076293945
1409	160.0	176.8000030517578	32.400001525878906
1410	161.59999084472656	185.75999450683597	31.20000076293945
1411	162.87998962402344	168.0	29.60000038146973
1412	163.51998901367188	176.47999572753906	29.399999618530273
1413	165.27999877929688	181.75999450683597	30.80000114440918
1414	166.39999389648438	172.3199920654297	29.80000114440918
1415	166.72000122070312	187.3600006103516	29.0
1416	168.0	176.47999572753906	29.399999618530273
1417	170.239990234375	184.3199920654297	28.399999618530273
1418	170.72000122070312	172.0	30.0
1419	170.0800018310547	179.51998901367188	31.80000114440918
1420	173.27999877929688	170.239990234375	28.20000076293945
1421	174.0800018310547	185.44000244140625	30.399999618530273
1422	174.87998962402344	172.47999572753906	32.200000762939446
1423	176.3199920654297	181.9199981689453	29.60000038146973
1424	178.239990234375	173.1199951171875	29.20000076293945
1425	179.36000061035156	177.1199951171875	30.0
1426	180.63999938964844	181.27999877929688	28.80000114440918
1427	182.3999938964844	184.8000030517578	29.399999618530273
1428	184.3199920654297	173.44000244140625	27.399999618530273
1429	182.239990234375	177.75999450683594	33.0
1430	186.0800018310547	173.44000244140625	30.20000076293945
1431	187.1999969482422	181.59999084472656	29.20000076293945
1432	189.1199951171875	176.8000030517578	30.0
1433	188.9599914550781	170.0800018310547	32.799999237060554
1434	191.51998901367188	183.1999969482422	31.80000114440918
1435	192.47999572753903	177.75999450683594	30.80000114440918
1436	191.83999633789062	167.67999267578125	32.200000762939446
1437	194.3999938964844	183.0399932861328	28.0
1438	196.0	169.1199951171875	29.80000114440918
1439	194.239990234375	175.0399932861328	30.399999618530273
1440	196.8000030517578	166.239990234375	31.0
1441	196.8000030517578	173.59999084472656	31.0
1442	196.47999572753903	180.8000030517578	31.0
1443	200.0	167.0399932861328	28.80000114440918
1444	201.59999084472656	170.39999389648438	28.80000114440918
1445	200.8000030517578	171.1999969482422	32.400001525878906
1446	201.75999450683597	179.83999633789062	30.0
1447	201.9199981689453	183.1999969482422	33.799999237060554
1448	205.9199981689453	175.36000061035156	29.60000038146973
1449	206.239990234375	185.44000244140625	28.399999618530273
1450	207.83999633789062	168.47999572753906	30.80000114440918
1451	208.9599914550781	173.9199981689453	28.60000038146973
1452	211.83999633789062	177.9199981689453	29.0
1453	212.0	182.87998962402344	30.0
1454	212.63999938964844	169.59999084472656	31.0
1455	216.1599884033203	168.8000030517578	28.0
1456	214.239990234375	175.51998901367188	34.200000762939446
1457	216.47999572753903	178.55999755859375	29.399999618530273
1458	216.79998779296875	183.0399932861328	29.399999618530273
1459	217.75999450683597	175.1999969482422	32.799999237060554
1460	219.1999969482422	171.67999267578125	30.399999618530273
1461	220.3199920654297	175.67999267578125	29.399999618530273
1462	219.83999633789062	179.83999633789062	30.20000076293945
1463	218.239990234375	183.83999633789062	32.799999237060554
1464	222.239990234375	166.55999755859375	29.0
1465	221.9199981689453	168.8000030517578	33.0
1466	223.1999969482422	177.9199981689453	30.399999618530273
1467	223.0399932861328	172.95999145507812	31.399999618530273
1468	222.3999938964844	182.3999938964844	32.200000762939446
1469	225.27999877929688	169.59999084472656	28.399999618530273
1470	226.0800018310547	174.55999755859375	28.20000076293945
1471	225.59999084472656	185.75999450683597	28.399999618530273
1472	225.75999450683597	180.9599914550781	29.399999618530273
1473	227.3600006103516	166.0800018310547	31.20000076293945
1474	229.27999877929688	172.8000030517578	28.60000038146973
1475	229.27999877929688	178.55999755859375	31.0
1476	230.0800018310547	166.55999755859375	28.0
1477	230.87998962402344	169.44000244140625	29.60000038146973
1478	138.08000183105472	195.3600006103516	32.60000228881836
1479	140.95999145507812	191.0399932861328	32.60000228881836
1480	144.3199920654297	199.3600006103516	33.60000228881836
1481	143.67999267578125	194.87998962402344	30.20000076293945
1482	143.1999969482422	187.1999969482422	31.0
1483	143.83999633789062	200.8000030517578	28.80000114440918
1484	146.239990234375	204.9599914550781	30.399999618530273
1485	146.72000122070312	190.3999938964844	30.80000114440918
1486	148.63999938964844	200.0	30.0
1487	148.95999145507812	194.87998962402344	34.200000762939446
1488	150.87998962402344	187.67999267578125	30.60000038146973
1489	152.47999572753906	193.75999450683597	29.0
1490	154.72000122070312	198.239990234375	30.80000114440918
1491	154.39999389648438	202.55999755859372	31.20000076293945
1492	157.75999450683594	206.3999938964844	30.399999618530273
1493	158.39999389648438	195.51998901367188	29.60000038146973
1494	159.0399932861328	189.59999084472656	31.0
1495	159.1999969482422	199.3600006103516	31.0
1496	161.9199981689453	196.8000030517578	27.80000114440918
1497	162.55999755859375	190.72000122070312	29.399999618530273
1498	165.75999450683594	203.1999969482422	28.60000038146973
1499	165.9199981689453	197.44000244140625	30.80000114440918
1500	165.9199981689453	191.3600006103516	31.60000038146973
1501	168.8000030517578	206.239990234375	29.60000038146973
1502	169.1199951171875	201.9199981689453	30.0
1503	169.75999450683594	193.27999877929688	28.60000038146973
1504	170.239990234375	197.27999877929688	30.399999618530273
1505	172.16000366210938	189.44000244140625	30.399999618530273
1506	173.27999877929688	205.9199981689453	29.60000038146973
1507	173.59999084472656	198.55999755859372	28.399999618530273
1508	175.0399932861328	191.0399932861328	29.0
1509	176.8000030517578	196.3199920654297	28.20000076293945
1510	177.1199951171875	202.87998962402344	29.399999618530273
1511	177.27999877929688	187.3600006103516	29.0
1512	178.239990234375	193.1199951171875	29.399999618530273
1513	178.239990234375	196.63999938964844	32.0
1514	179.1999969482422	200.47999572753903	33.60000228881836
1515	182.239990234375	192.47999572753903	31.399999618530273
1516	182.55999755859372	189.1199951171875	28.0
1517	182.3999938964844	201.1199951171875	32.400001525878906
1518	182.3999938964844	197.9199981689453	31.0
1519	185.59999084472656	203.83999633789062	29.80000114440918
1520	185.59999084472656	191.51998901367188	28.80000114440918
1521	188.47999572753903	202.87998962402344	30.80000114440918
1522	188.47999572753903	186.3999938964844	31.399999618530273
1523	188.9599914550781	198.87998962402344	30.399999618530273
1524	187.51998901367188	190.3999938964844	32.400001525878906
1525	191.1999969482422	191.83999633789062	30.60000038146973
1526	192.0	196.9599914550781	29.20000076293945
1527	192.0	205.1199951171875	28.0
1528	193.75999450683597	200.8000030517578	28.399999618530273
1529	195.1999969482422	195.3600006103516	29.20000076293945
1530	194.72000122070312	188.0	31.60000038146973
1531	196.8000030517578	204.1599884033203	30.0
1532	195.67999267578125	201.27999877929688	32.200000762939446
1533	199.0399932861328	193.9199981689453	27.20000076293945
1534	199.0399932861328	198.72000122070312	30.399999618530273
1535	200.0	204.1599884033203	28.0
1536	199.1999969482422	187.3600006103516	30.60000038146973
1537	200.1599884033203	193.9199981689453	31.20000076293945
1538	202.3999938964844	202.239990234375	29.60000038146973
1539	204.3199920654297	188.63999938964844	29.80000114440918
1540	205.9199981689453	192.3199920654297	29.60000038146973
1541	208.3199920654297	203.3600006103516	28.60000038146973
1542	204.63999938964844	198.239990234375	32.60000228881836
1543	208.0	197.44000244140625	31.20000076293945
1544	208.9599914550781	189.44000244140625	28.60000038146973
1545	212.1599884033203	192.1599884033203	29.0
1546	212.9599914550781	198.3999938964844	30.399999618530273
1547	209.1199951171875	208.0	29.60000038146973
1548	211.67999267578125	202.239990234375	32.0
1549	215.51998901367188	194.72000122070312	31.20000076293945
1550	217.44000244140625	199.1999969482422	29.399999618530273
1551	213.27999877929688	184.8000030517578	33.60000228881836
1552	218.0800018310547	190.55999755859372	30.60000038146973
1553	219.67999267578125	198.87998962402344	31.80000114440918
1554	220.47999572753903	193.59999084472656	29.0
1555	221.9199981689453	190.72000122070312	30.0
1556	221.1199951171875	187.1999969482422	31.80000114440918
1557	224.79998779296875	189.75999450683597	30.20000076293945
1558	153.9199981689453	208.47999572753903	29.20000076293945
1559	162.55999755859375	214.72000122070312	27.80000114440918
1560	168.0	214.87998962402344	29.399999618530273
1561	169.1199951171875	220.9599914550781	32.0
1562	171.67999267578125	211.67999267578125	31.20000076293945
1563	173.9199981689453	215.1999969482422	27.60000038146973
1564	175.0399932861328	209.44000244140625	30.20000076293945
1565	175.1999969482422	219.0399932861328	32.0
1566	177.44000244140625	206.3999938964844	29.399999618530273
1567	178.72000122070312	211.83999633789062	27.60000038146973
1568	179.1999969482422	209.44000244140625	31.60000038146973
1569	181.59999084472656	220.47999572753903	31.399999618530273
1570	181.44000244140625	213.75999450683597	31.0
1571	180.47999572753903	217.27999877929688	32.200000762939446
1572	183.1999969482422	207.3600006103516	28.60000038146973
1573	187.51998901367188	211.3600006103516	32.200000762939446
1574	187.3600006103516	207.51998901367188	28.60000038146973
1575	189.9199981689453	220.1599884033203	32.400001525878906
1576	191.0399932861328	213.1199951171875	32.400001525878906
1577	190.55999755859372	206.239990234375	32.200000762939446
1578	193.59999084472656	209.1199951171875	29.0
1579	193.59999084472656	217.59999084472656	30.399999618530273
1580	195.51998901367188	213.9199981689453	30.0
1581	197.59999084472656	209.27999877929688	29.0
1582	199.51998901367188	215.51998901367188	31.0
1583	200.8000030517578	208.1599884033203	32.400001525878906
1584	202.239990234375	212.1599884033203	31.60000038146973
1585	205.9199981689453	206.3999938964844	32.0
1586	161.75999450683594	121.75999450683594	36.0
1587	172.3199920654297	124.0	35.60000228881836
1588	175.0399932861328	125.91999816894531	36.400001525878906
1589	177.59999084472656	114.23999786376952	34.799999237060554
1590	178.39999389648438	123.1999969482422	35.400001525878906
1591	179.36000061035156	118.87999725341795	36.0
1592	182.55999755859372	116.31999969482422	35.20000076293945
1593	186.55999755859372	123.68000030517578	35.400001525878906
1594	186.239990234375	117.1199951171875	34.799999237060554
1595	189.59999084472656	122.87999725341795	32.799999237060554
1596	190.239990234375	114.72000122070312	34.400001525878906
1597	191.67999267578125	122.7199935913086	37.79999923706055
1598	193.9199981689453	122.55999755859376	33.799999237060554
1599	192.47999572753903	117.27999877929688	37.0
1600	200.3199920654297	124.47999572753906	33.200000762939446
1601	204.0	117.91999816894531	34.400001525878906
1602	207.1999969482422	120.47999572753906	35.60000228881836
1603	210.87998962402344	122.07999420166016	33.799999237060554
1604	216.9599914550781	121.5999984741211	36.60000228881836
1605	166.0800018310547	127.68000030517578	36.60000228881836
1606	168.95999145507812	133.59999084472656	34.200000762939446
1607	169.9199981689453	127.68000030517578	35.20000076293945
1608	168.63999938964844	143.36000061035156	37.79999923706055
1609	173.59999084472656	141.75999450683594	38.0
1610	173.75999450683594	133.1199951171875	34.60000228881836
1611	176.63999938964844	144.47999572753906	37.60000228881836
1612	175.1999969482422	135.67999267578122	37.400001525878906
1613	177.75999450683594	131.67999267578122	35.0
1614	178.239990234375	137.91999816894528	33.799999237060554
1615	178.55999755859375	127.5199966430664	33.400001525878906
1616	178.39999389648438	145.59999084472656	34.200000762939446
1617	180.3199920654297	140.8000030517578	37.0
1618	182.0800018310547	143.83999633789062	35.20000076293945
1619	180.8000030517578	135.83999633789062	36.400001525878906
1620	181.27999877929688	131.83999633789062	37.400001525878906
1621	180.9599914550781	127.36000061035156	37.20000076293945
1622	182.3999938964844	133.59999084472656	34.0
1623	185.59999084472656	141.75999450683594	34.400001525878906
1624	186.3999938964844	128.31999206542972	35.0
1625	188.0	133.1199951171875	35.79999923706055
1626	188.3199920654297	138.39999389648438	37.0
1627	190.3999938964844	142.0800018310547	36.0
1628	191.3600006103516	130.08000183105472	33.60000228881836
1629	191.3600006103516	137.1199951171875	33.60000228881836
1630	193.1199951171875	125.75999450683594	35.60000228881836
1631	194.0800018310547	140.63999938964844	33.799999237060554
1632	194.87998962402344	132.95999145507812	35.60000228881836
1633	194.72000122070312	128.16000366210938	33.400001525878906
1634	195.83999633789062	137.59999084472656	34.0
1635	197.75999450683597	130.87998962402344	33.60000228881836
1636	199.83999633789062	139.03999328613278	36.20000076293945
1637	202.87998962402344	127.83999633789062	34.200000762939446
1638	204.1599884033203	143.0399932861328	33.400001525878906
1639	202.72000122070312	124.95999908447266	37.20000076293945
1640	205.59999084472656	139.67999267578122	33.60000228881836
1641	206.55999755859372	129.1199951171875	33.799999237060554
1642	204.63999938964844	136.95999145507812	37.400001525878906
1643	205.44000244140625	141.1199951171875	37.400001525878906
1644	210.3999938964844	134.87998962402344	36.400001525878906
1645	211.0399932861328	125.43999481201172	36.400001525878906
1646	210.87998962402344	141.44000244140625	36.400001525878906
1647	211.51998901367188	130.87998962402344	36.79999923706055
1648	215.1999969482422	126.07999420166016	35.60000228881836
1649	216.47999572753903	129.75999450683594	35.79999923706055
1650	218.87998962402344	141.75999450683594	33.60000228881836
1651	219.51998901367188	126.23999786376952	36.79999923706055
1652	220.1599884033203	130.239990234375	37.20000076293945
1653	221.27999877929688	139.67999267578122	37.400001525878906
1654	225.1199951171875	139.36000061035156	32.400001525878906
1655	225.59999084472656	143.1999969482422	35.79999923706055
1656	225.27999877929688	133.27999877929688	36.20000076293945
1657	229.75999450683597	142.72000122070312	37.60000228881836
1658	234.72000122070312	144.0	35.0
1659	138.08000183105472	159.0399932861328	39.0
1660	140.8000030517578	163.67999267578125	33.60000228881836
1661	147.36000061035156	159.67999267578125	39.0
1662	144.95999145507812	163.83999633789062	36.400001525878906
1663	149.44000244140625	154.239990234375	37.400001525878906
1664	151.67999267578125	161.27999877929688	32.799999237060554
1665	150.0800018310547	165.27999877929688	34.400001525878906
1666	155.83999633789062	154.239990234375	39.0
1667	164.47999572753906	164.47999572753906	34.799999237060554
1668	160.95999145507812	158.87998962402344	37.0
1669	170.72000122070312	158.39999389648438	38.79999923706055
1670	177.59999084472656	150.239990234375	34.799999237060554
1671	176.3199920654297	163.1999969482422	32.200000762939446
1672	177.9199981689453	158.239990234375	36.79999923706055
1673	174.0800018310547	163.1999969482422	37.0
1674	182.239990234375	148.47999572753906	33.60000228881836
1675	182.239990234375	155.36000061035156	36.400001525878906
1676	184.8000030517578	158.239990234375	35.79999923706055
1677	185.75999450683597	147.36000061035156	36.400001525878906
1678	185.75999450683597	152.8000030517578	36.400001525878906
1679	187.51998901367188	156.47999572753906	33.400001525878906
1680	189.75999450683597	159.51998901367188	32.200000762939446
1681	188.47999572753903	150.39999389648438	34.400001525878906
1682	189.59999084472656	146.239990234375	36.0
1683	190.3999938964844	161.1199951171875	35.60000228881836
1684	191.0399932861328	153.75999450683594	36.79999923706055
1685	192.47999572753903	151.0399932861328	34.0
1686	193.75999450683597	164.16000366210938	33.799999237060554
1687	194.72000122070312	159.51998901367188	32.799999237060554
1688	196.9599914550781	155.67999267578125	35.20000076293945
1689	198.0800018310547	147.0399932861328	33.60000228881836
1690	198.87998962402344	160.63999938964844	33.400001525878906
1691	194.239990234375	152.16000366210938	38.20000076293945
1692	197.9199981689453	163.1999969482422	36.20000076293945
1693	199.0399932861328	149.1199951171875	35.60000228881836
1694	198.239990234375	159.0399932861328	37.0
1695	202.239990234375	152.8000030517578	33.60000228881836
1696	204.0	164.0	34.0
1697	201.9199981689453	155.36000061035156	37.60000228881836
1698	204.63999938964844	146.87998962402344	33.200000762939446
1699	204.3199920654297	159.67999267578125	36.400001525878906
1700	206.72000122070312	148.8000030517578	36.400001525878906
1701	206.87998962402344	155.67999267578125	35.79999923706055
1702	207.3600006103516	160.63999938964844	32.799999237060554
1703	209.27999877929688	150.55999755859375	33.60000228881836
1704	208.47999572753903	165.59999084472656	33.60000228881836
1705	210.87998962402344	155.67999267578125	33.799999237060554
1706	209.75999450683597	162.55999755859375	36.60000228881836
1707	213.27999877929688	147.36000061035156	32.799999237060554
1708	211.67999267578125	158.72000122070312	37.20000076293945
1709	212.0	160.8000030517578	33.0
1710	213.59999084472656	153.1199951171875	34.400001525878906
1711	212.1599884033203	146.239990234375	36.400001525878906
1712	217.1199951171875	160.3199920654297	34.200000762939446
1713	220.1599884033203	148.8000030517578	32.200000762939446
1714	216.63999938964844	147.83999633789062	36.20000076293945
1715	218.239990234375	164.0	36.400001525878906
1716	215.3600006103516	153.59999084472656	37.60000228881836
1717	221.1199951171875	151.36000061035156	34.799999237060554
1718	220.47999572753903	160.47999572753906	32.799999237060554
1719	220.9599914550781	155.51998901367188	35.400001525878906
1720	222.239990234375	146.72000122070312	36.20000076293945
1721	222.239990234375	161.1199951171875	37.0
1722	225.59999084472656	161.1199951171875	34.200000762939446
1723	224.47999572753903	153.9199981689453	34.200000762939446
1724	225.75999450683597	164.0	36.0
1725	224.79998779296875	149.59999084472656	37.400001525878906
1726	228.3199920654297	147.52000427246094	35.0
1727	227.51998901367188	157.75999450683594	36.79999923706055
1728	231.0399932861328	156.47999572753906	33.200000762939446
1729	232.3199920654297	163.0399932861328	35.400001525878906
1730	232.1599884033203	147.83999633789062	35.79999923706055
1731	233.9199981689453	159.0399932861328	34.400001525878906
1732	235.0399932861328	155.51998901367188	37.0
1733	236.79998779296875	164.0	33.799999237060554
1734	236.63999938964844	159.51998901367188	36.60000228881836
1735	236.47999572753903	161.75999450683594	40.20000076293945
1736	134.239990234375	181.1199951171875	36.60000228881836
1737	134.239990234375	174.55999755859375	38.60000228881836
1738	137.27999877929688	175.67999267578125	36.20000076293945
1739	137.59999084472656	179.0399932861328	31.60000038146973
1740	136.47999572753906	166.87998962402344	38.20000076293945
1741	142.87998962402344	183.3600006103516	33.60000228881836
1742	142.87998962402344	177.27999877929688	36.79999923706055
1743	145.44000244140625	168.95999145507812	38.0
1744	147.0399932861328	177.75999450683594	35.60000228881836
1745	146.72000122070312	173.75999450683594	36.0
1746	147.52000427246094	168.16000366210938	34.799999237060554
1747	147.83999633789062	183.1999969482422	36.20000076293945
1748	148.63999938964844	179.83999633789062	32.60000228881836
1749	150.0800018310547	176.63999938964844	33.0
1750	150.0800018310547	171.1999969482422	35.0
1751	152.3199920654297	174.87998962402344	36.79999923706055
1752	156.3199920654297	181.1199951171875	35.20000076293945
1753	155.51998901367188	184.9599914550781	35.400001525878906
1754	158.87998962402344	183.83999633789062	33.799999237060554
1755	154.39999389648438	166.72000122070312	36.60000228881836
1756	155.83999633789062	176.3199920654297	34.400001525878906
1757	156.3199920654297	169.75999450683594	33.200000762939446
1758	160.63999938964844	171.1999969482422	33.200000762939446
1759	159.36000061035156	179.0399932861328	37.20000076293945
1760	164.63999938964844	169.59999084472656	33.200000762939446
1761	163.67999267578125	174.0800018310547	33.0
1762	163.51998901367188	179.0399932861328	34.0
1763	163.51998901367188	174.0800018310547	37.20000076293945
1764	163.51998901367188	177.75999450683594	38.20000076293945
1765	167.1999969482422	175.67999267578125	33.400001525878906
1766	168.63999938964844	170.0800018310547	34.60000228881836
1767	167.51998901367188	183.0399932861328	36.20000076293945
1768	169.75999450683594	175.0399932861328	35.79999923706055
1769	171.36000061035156	167.1999969482422	33.799999237060554
1770	170.72000122070312	188.0	36.60000228881836
1771	172.95999145507812	182.0800018310547	34.0
1772	174.55999755859375	178.239990234375	34.400001525878906
1773	175.0399932861328	168.95999145507812	32.799999237060554
1774	174.239990234375	174.0800018310547	36.79999923706055
1775	178.239990234375	183.67999267578125	35.0
1776	178.55999755859375	172.3199920654297	33.400001525878906
1777	178.55999755859375	176.63999938964844	35.60000228881836
1778	179.36000061035156	180.8000030517578	32.799999237060554
1779	183.1999969482422	173.75999450683594	32.799999237060554
1780	183.3600006103516	182.0800018310547	33.200000762939446
1781	182.239990234375	183.83999633789062	37.0
1782	186.239990234375	184.0	34.400001525878906
1783	187.0399932861328	178.87998962402344	33.799999237060554
1784	188.0	186.239990234375	37.400001525878906
1785	196.63999938964844	166.55999755859375	35.20000076293945
1786	197.9199981689453	182.0800018310547	35.20000076293945
1787	198.3999938964844	184.9599914550781	38.60000228881836
1788	200.1599884033203	177.1199951171875	33.200000762939446
1789	201.9199981689453	167.67999267578125	34.799999237060554
1790	205.27999877929688	173.9199981689453	35.400001525878906
1791	203.3600006103516	176.3199920654297	36.79999923706055
1792	205.59999084472656	181.75999450683597	34.799999237060554
1793	206.0800018310547	171.36000061035156	33.400001525878906
1794	205.44000244140625	185.75999450683597	36.60000228881836
1795	206.3999938964844	178.39999389648438	33.200000762939446
1796	209.9199981689453	176.8000030517578	33.60000228881836
1797	209.27999877929688	182.72000122070312	35.0
1798	211.3600006103516	169.9199981689453	34.60000228881836
1799	212.3199920654297	180.3199920654297	34.799999237060554
1800	216.0	171.0399932861328	34.400001525878906
1801	217.9199981689453	167.36000061035156	33.400001525878906
1802	216.0	179.36000061035156	33.799999237060554
1803	129.75999450683594	137.44000244140622	77.5999984741211
1804	220.3199920654297	180.0	34.200000762939446
1805	218.55999755859372	183.51998901367188	37.0
1806	219.67999267578125	176.0	36.0
1807	220.63999938964844	172.47999572753906	35.79999923706055
1808	225.44000244140625	184.9599914550781	33.799999237060554
1809	224.3199920654297	181.27999877929688	37.79999923706055
1810	224.1599884033203	169.1199951171875	37.400001525878906
1811	224.9599914550781	179.67999267578125	34.0
1812	226.3999938964844	176.3199920654297	33.400001525878906
1813	226.239990234375	168.63999938964844	34.0
1814	228.0	171.36000061035156	36.60000228881836
1815	228.9599914550781	183.83999633789062	33.400001525878906
1816	230.72000122070312	172.63999938964844	33.200000762939446
1817	231.67999267578125	176.16000366210938	32.60000228881836
1818	231.67999267578125	167.1999969482422	33.60000228881836
1819	233.75999450683597	177.75999450683594	35.20000076293945
1820	233.75999450683597	170.239990234375	35.20000076293945
1821	232.0	174.39999389648438	37.79999923706055
1822	233.4399871826172	181.44000244140625	37.400001525878906
1823	235.67999267578125	173.75999450683594	35.400001525878906
1824	138.39999389648438	192.1599884033203	37.0
1825	141.44000244140625	201.1199951171875	35.400001525878906
1826	141.9199981689453	195.3600006103516	34.400001525878906
1827	145.1199951171875	187.51998901367188	34.799999237060554
1828	143.83999633789062	192.63999938964844	39.0
1829	145.1199951171875	208.0	38.0
1830	149.59999084472656	190.87998962402344	33.799999237060554
1831	149.44000244140625	204.3199920654297	35.79999923706055
1832	150.239990234375	186.72000122070312	35.60000228881836
1833	150.72000122070312	199.83999633789062	36.60000228881836
1834	151.36000061035156	191.67999267578125	37.400001525878906
1835	153.1199951171875	196.9599914550781	35.20000076293945
1836	154.87998962402344	205.75999450683597	33.799999237060554
1837	154.0800018310547	188.9599914550781	36.400001525878906
1838	153.27999877929688	203.0399932861328	39.0
1839	156.47999572753906	193.27999877929688	33.60000228881836
1840	156.63999938964844	199.83999633789062	35.0
1841	161.27999877929688	197.1199951171875	35.20000076293945
1842	160.3199920654297	191.67999267578125	35.79999923706055
1843	162.239990234375	193.75999450683597	32.0
1844	161.75999450683594	204.47999572753903	32.60000228881836
1845	165.27999877929688	200.8000030517578	32.60000228881836
1846	164.95999145507812	187.51998901367188	33.400001525878906
1847	164.8000030517578	200.47999572753903	36.79999923706055
1848	165.1199951171875	206.87998962402344	32.60000228881836
1849	167.67999267578125	208.1599884033203	35.0
1850	167.51998901367188	194.55999755859372	34.200000762939446
1851	165.9199981689453	187.51998901367188	37.400001525878906
1852	170.0800018310547	204.63999938964844	34.799999237060554
1853	169.59999084472656	190.0800018310547	33.400001525878906
1854	170.55999755859375	200.47999572753903	34.200000762939446
1855	170.55999755859375	195.51998901367188	36.400001525878906
1856	174.72000122070312	203.67999267578125	32.400001525878906
1857	175.67999267578125	199.3600006103516	32.200000762939446
1858	174.55999755859375	187.0399932861328	34.799999237060554
1859	175.1999969482422	192.3199920654297	33.799999237060554
1860	177.44000244140625	196.9599914550781	35.400001525878906
1861	175.36000061035156	203.1999969482422	36.400001525878906
1862	177.59999084472656	189.9199981689453	34.200000762939446
1863	179.36000061035156	205.59999084472656	34.400001525878906
1864	180.8000030517578	188.1599884033203	35.79999923706055
1865	183.0399932861328	186.3999938964844	33.0
1866	183.3600006103516	201.75999450683597	38.20000076293945
1867	183.51998901367188	192.3199920654297	35.60000228881836
1868	181.44000244140625	196.0	37.400001525878906
1869	184.9599914550781	196.0	34.200000762939446
1870	185.75999450683597	203.0399932861328	35.20000076293945
1871	187.0399932861328	199.83999633789062	37.400001525878906
1872	188.9599914550781	196.1599884033203	34.0
1873	186.55999755859372	192.0	38.0
1874	190.87998962402344	193.1199951171875	35.20000076293945
1875	191.3600006103516	188.3199920654297	36.400001525878906
1876	190.87998962402344	198.239990234375	37.0
1877	192.1599884033203	202.0800018310547	35.20000076293945
1878	194.3999938964844	195.83999633789062	36.0
1879	197.1199951171875	191.0399932861328	33.0
1880	196.0	205.44000244140625	36.79999923706055
1881	196.8000030517578	187.1999969482422	36.79999923706055
1882	194.87998962402344	192.8000030517578	38.20000076293945
1883	199.67999267578125	200.47999572753903	34.0
1884	199.83999633789062	190.55999755859372	36.60000228881836
1885	201.59999084472656	203.67999267578125	33.60000228881836
1886	201.1199951171875	196.9599914550781	34.60000228881836
1887	202.3999938964844	192.8000030517578	34.200000762939446
1888	203.1999969482422	186.239990234375	33.799999237060554
1889	206.239990234375	202.55999755859372	32.400001525878906
1890	204.0	203.83999633789062	36.20000076293945
1891	206.3999938964844	191.3600006103516	33.400001525878906
1892	202.72000122070312	199.51998901367188	37.400001525878906
1893	203.51998901367188	196.0	37.60000228881836
1894	207.83999633789062	188.3199920654297	33.799999237060554
1895	207.83999633789062	194.55999755859372	34.799999237060554
1896	207.67999267578125	191.51998901367188	37.0
1897	210.3999938964844	199.1999969482422	35.79999923706055
1898	209.9199981689453	206.0800018310547	34.0
1899	213.59999084472656	192.1599884033203	33.200000762939446
1900	214.239990234375	188.47999572753903	36.20000076293945
1901	210.55999755859372	206.87998962402344	38.0
1902	214.55999755859372	204.9599914550781	36.60000228881836
1903	216.1599884033203	197.44000244140625	34.799999237060554
1904	214.72000122070312	193.75999450683597	37.400001525878906
1905	218.72000122070312	201.27999877929688	34.400001525878906
1906	220.3199920654297	197.9199981689453	37.20000076293945
1907	222.239990234375	189.1199951171875	36.400001525878906
1908	221.9199981689453	184.3199920654297	37.79999923706055
1909	230.239990234375	185.59999084472656	36.79999923706055
1910	151.83999633789062	208.63999938964844	33.400001525878906
1911	152.8000030517578	214.0800018310547	35.400001525878906
1912	156.47999572753906	208.9599914550781	35.20000076293945
1913	158.239990234375	216.0	34.0
1914	160.0	210.0800018310547	32.799999237060554
1915	161.75999450683594	213.1199951171875	35.79999923706055
1916	163.1999969482422	221.27999877929688	37.400001525878906
1917	162.39999389648438	216.0	32.60000228881836
1918	163.67999267578125	208.1599884033203	36.20000076293945
1919	166.72000122070312	218.55999755859372	36.60000228881836
1920	166.39999389648438	213.27999877929688	33.200000762939446
1921	169.1199951171875	211.83999633789062	35.0
1922	170.87998962402344	220.9599914550781	35.79999923706055
1923	172.95999145507812	212.79998779296875	37.60000228881836
1924	172.8000030517578	208.63999938964844	35.60000228881836
1925	173.75999450683594	219.1999969482422	37.0
1926	175.67999267578125	215.67999267578125	35.20000076293945
1927	177.44000244140625	212.63999938964844	33.0
1928	179.1999969482422	220.47999572753903	35.0
1929	181.75999450683597	211.83999633789062	36.400001525878906
1930	180.0	216.47999572753903	37.60000228881836
1931	184.3199920654297	222.0800018310547	33.200000762939446
1932	182.87998962402344	220.47999572753903	36.60000228881836
1933	185.27999877929688	208.1599884033203	33.400001525878906
1934	187.3600006103516	215.83999633789062	34.60000228881836
1935	186.3999938964844	206.55999755859372	38.0
1936	188.47999572753903	210.3999938964844	36.79999923706055
1937	192.8000030517578	209.59999084472656	36.20000076293945
1938	195.83999633789062	210.239990234375	33.200000762939446
1939	197.9199981689453	213.75999450683597	34.400001525878906
1940	194.72000122070312	214.55999755859372	37.0
1941	197.27999877929688	217.44000244140625	33.200000762939446
1942	201.59999084472656	215.3600006103516	36.0
1943	203.1999969482422	207.0399932861328	34.799999237060554
1944	203.0399932861328	211.67999267578125	36.60000228881836
1945	206.55999755859372	209.75999450683597	35.0
1946	166.239990234375	117.43999481201172	37.60000228881836
1947	167.1999969482422	123.5199966430664	40.0
1948	169.9199981689453	113.27999877929688	40.79999923706055
1949	174.39999389648438	119.83999633789062	38.0
1950	176.8000030517578	122.39999389648438	40.400001525878906
1951	176.16000366210938	119.1999969482422	42.400001525878906
1952	182.55999755859372	119.36000061035156	39.20000076293945
1953	186.239990234375	118.07999420166016	40.0
1954	186.72000122070312	114.55999755859376	42.20000076293945
1955	188.3199920654297	124.79999542236328	40.20000076293945
1956	190.239990234375	120.15999603271484	40.79999923706055
1957	191.51998901367188	115.5199966430664	43.0
1958	194.72000122070312	123.5199966430664	39.79999923706055
1959	201.44000244140625	114.87999725341795	36.79999923706055
1960	197.9199981689453	125.27999877929688	38.60000228881836
1961	207.3600006103516	123.83999633789062	38.60000228881836
1962	210.3999938964844	118.39999389648438	37.400001525878906
1963	213.59999084472656	123.83999633789062	39.20000076293945
1964	143.36000061035156	137.27999877929688	43.20000076293945
1965	149.44000244140625	129.91999816894528	42.20000076293945
1966	160.63999938964844	129.1199951171875	42.20000076293945
1967	164.63999938964844	140.31999206542972	42.20000076293945
1968	167.0399932861328	128.31999206542972	41.20000076293945
1969	170.0800018310547	130.08000183105472	38.79999923706055
1970	172.0	130.87998962402344	41.60000228881836
1971	176.0	139.19999694824222	40.79999923706055
1972	176.63999938964844	133.91999816894528	41.20000076293945
1973	177.9199981689453	129.91999816894528	39.0
1974	175.36000061035156	128.31999206542972	42.20000076293945
1975	178.0800018310547	137.59999084472656	39.0
1976	180.63999938964844	136.47999572753906	41.20000076293945
1977	182.55999755859372	130.72000122070312	42.60000228881836
1978	184.47999572753903	133.27999877929688	39.20000076293945
1979	184.0	137.27999877929688	39.400001525878906
1980	184.8000030517578	128.95999145507812	39.400001525878906
1981	188.3199920654297	130.55999755859378	39.400001525878906
1982	189.1199951171875	141.44000244140625	40.0
1983	189.1199951171875	134.55999755859378	42.20000076293945
1984	191.83999633789062	135.03999328613278	38.20000076293945
1985	191.83999633789062	129.59999084472656	38.79999923706055
1986	192.9599914550781	127.1999969482422	41.60000228881836
1987	192.8000030517578	137.91999816894528	42.20000076293945
1988	195.83999633789062	140.0	38.0
1989	196.3199920654297	130.08000183105472	38.60000228881836
1990	197.27999877929688	136.31999206542972	40.0
1991	199.3600006103516	129.44000244140622	36.60000228881836
1992	200.1599884033203	131.36000061035156	40.400001525878906
1993	201.9199981689453	143.83999633789062	39.20000076293945
1994	202.3999938964844	133.91999816894528	40.400001525878906
1995	204.3199920654297	129.91999816894528	37.79999923706055
1996	206.72000122070312	141.9199981689453	41.0
1997	207.67999267578125	137.59999084472656	42.400001525878906
1998	207.67999267578125	130.239990234375	41.20000076293945
1999	206.3999938964844	126.23999786376952	42.400001525878906
2000	210.239990234375	143.1999969482422	40.20000076293945
2001	210.3999938964844	133.91999816894528	41.60000228881836
2002	211.0399932861328	139.19999694824222	40.0
2003	212.47999572753903	128.47999572753906	40.400001525878906
2004	214.72000122070312	140.63999938964844	39.0
2005	215.83999633789062	132.31999206542972	41.400001525878906
2006	217.27999877929688	137.44000244140622	37.20000076293945
2007	216.9599914550781	143.83999633789062	37.20000076293945
2008	216.0	137.1199951171875	41.60000228881836
2009	218.55999755859372	128.47999572753906	40.400001525878906
2010	220.0	143.1999969482422	39.20000076293945
2011	217.59999084472656	124.79999542236328	41.60000228881836
2012	220.1599884033203	133.75999450683594	38.79999923706055
2013	221.27999877929688	136.95999145507812	40.400001525878906
2014	224.1599884033203	141.75999450683594	39.400001525878906
2015	226.55999755859372	136.31999206542972	38.400001525878906
2016	225.59999084472656	127.36000061035156	40.60000228881836
2017	227.0399932861328	139.19999694824222	41.20000076293945
2018	231.51998901367188	135.03999328613278	38.20000076293945
2019	227.3600006103516	144.47999572753906	41.400001525878906
2020	229.44000244140625	135.67999267578122	41.0
2021	229.1199951171875	130.08000183105472	42.20000076293945
2022	232.9599914550781	139.36000061035156	41.20000076293945
2023	234.239990234375	143.1999969482422	43.20000076293945
2024	131.19999694824222	159.1999969482422	40.79999923706055
2025	139.03999328613278	156.95999145507812	42.400001525878906
2026	139.52000427246094	160.3199920654297	43.60000228881836
2027	141.1199951171875	163.0399932861328	40.0
2028	148.47999572753906	165.27999877929688	40.20000076293945
2029	158.55999755859375	159.67999267578125	42.400001525878906
2030	161.9199981689453	156.0	40.400001525878906
2031	163.36000061035156	166.55999755859375	38.0
2032	169.59999084472656	148.63999938964844	42.0
2033	171.83999633789062	155.1999969482422	37.79999923706055
2034	176.63999938964844	148.16000366210938	39.20000076293945
2035	176.8000030517578	164.63999938964844	40.20000076293945
2036	179.36000061035156	161.1199951171875	39.79999923706055
2037	180.3199920654297	149.27999877929688	39.60000228881836
2038	182.0800018310547	152.63999938964844	41.400001525878906
2039	185.27999877929688	145.27999877929688	40.20000076293945
2040	184.47999572753903	149.27999877929688	40.400001525878906
2041	185.59999084472656	155.0399932861328	40.0
2042	191.0399932861328	145.75999450683594	39.79999923706055
2043	191.51998901367188	148.63999938964844	42.400001525878906
2044	188.0	152.3199920654297	43.0
2045	190.87998962402344	156.0	40.400001525878906
2046	193.44000244140625	160.16000366210938	38.60000228881836
2047	195.1999969482422	146.239990234375	39.400001525878906
2048	195.83999633789062	156.16000366210938	40.0
2049	197.1199951171875	148.3199920654297	42.400001525878906
2050	194.0800018310547	153.75999450683594	42.79999923706055
2051	200.47999572753903	161.44000244140625	39.60000228881836
2052	198.72000122070312	152.3199920654297	39.0
2053	200.9599914550781	149.44000244140625	39.400001525878906
2054	200.1599884033203	156.0	41.400001525878906
2055	200.9599914550781	145.75999450683594	42.60000228881836
2056	204.63999938964844	152.47999572753906	38.0
2057	204.0	165.9199981689453	38.60000228881836
2058	204.47999572753903	161.9199981689453	40.20000076293945
2059	204.9599914550781	148.47999572753906	40.79999923706055
2060	207.1999969482422	159.83999633789062	40.400001525878906
2061	204.1599884033203	156.95999145507812	43.0
2062	207.83999633789062	156.95999145507812	40.0
2063	208.9599914550781	151.83999633789062	39.20000076293945
2064	211.51998901367188	155.36000061035156	38.20000076293945
2065	210.55999755859372	164.3199920654297	42.20000076293945
2066	210.55999755859372	146.87998962402344	41.0
2067	207.1999969482422	161.44000244140625	43.0
2068	214.3999938964844	150.239990234375	39.60000228881836
2069	211.83999633789062	166.72000122070312	39.0
2070	215.67999267578125	157.9199981689453	39.400001525878906
2071	214.72000122070312	161.9199981689453	40.20000076293945
2072	213.1199951171875	155.0399932861328	42.400001525878906
2073	218.55999755859372	148.47999572753906	40.400001525878906
2074	220.47999572753903	157.27999877929688	41.20000076293945
2075	222.239990234375	153.44000244140625	38.79999923706055
2076	223.3600006103516	145.44000244140625	40.400001525878906
2077	225.59999084472656	157.59999084472656	40.60000228881836
2078	226.239990234375	151.51998901367188	41.20000076293945
2079	228.63999938964844	165.44000244140625	40.0
2080	230.239990234375	149.1199951171875	39.400001525878906
2081	230.55999755859372	158.72000122070312	39.60000228881836
2082	232.1599884033203	152.8000030517578	41.0
2083	234.3999938964844	148.0	38.60000228881836
2084	236.47999572753903	153.59999084472656	41.20000076293945
2085	236.1599884033203	158.0800018310547	41.0
2086	237.4399871826172	152.0	37.400001525878906
2087	240.79998779296875	159.83999633789062	41.400001525878906
2088	127.68000030517578	167.1999969482422	40.79999923706055
2089	129.27999877929688	177.27999877929688	42.0
2090	134.39999389648438	188.1599884033203	38.0
2091	137.27999877929688	171.0399932861328	37.60000228881836
2092	137.75999450683594	168.0	42.0
2093	134.239990234375	178.55999755859375	43.0
2094	135.67999267578122	172.0	42.79999923706055
2095	138.72000122070312	179.83999633789062	39.79999923706055
2096	139.03999328613278	174.72000122070312	40.0
2097	140.16000366210938	168.63999938964844	38.79999923706055
2098	140.8000030517578	170.39999389648438	41.60000228881836
2099	141.44000244140625	164.95999145507812	42.400001525878906
2100	142.87998962402344	181.1199951171875	39.0
2101	144.16000366210938	167.83999633789062	42.0
2102	147.0399932861328	177.44000244140625	39.20000076293945
2103	145.59999084472656	186.0800018310547	39.60000228881836
2104	148.63999938964844	173.59999084472656	41.20000076293945
2105	149.75999450683594	169.75999450683594	40.0
2106	151.67999267578125	180.3199920654297	38.0
2107	153.27999877929688	167.83999633789062	42.0
2108	152.95999145507812	183.83999633789062	39.60000228881836
2109	153.27999877929688	170.72000122070312	38.400001525878906
2110	154.55999755859375	175.1999969482422	40.79999923706055
2111	155.0399932861328	180.1599884033203	39.79999923706055
2112	156.95999145507812	168.95999145507812	40.20000076293945
2113	158.0800018310547	173.75999450683594	38.60000228881836
2114	159.36000061035156	171.0399932861328	37.400001525878906
2115	159.0399932861328	184.63999938964844	38.20000076293945
2116	159.51998901367188	181.44000244140625	41.60000228881836
2117	159.67999267578125	176.3199920654297	41.400001525878906
2118	163.1999969482422	171.51998901367188	41.60000228881836
2119	166.55999755859375	175.0399932861328	40.20000076293945
2120	165.27999877929688	167.51998901367188	41.0
2121	165.27999877929688	183.3600006103516	41.400001525878906
2122	167.83999633789062	170.239990234375	39.20000076293945
2123	167.36000061035156	179.83999633789062	41.60000228881836
2124	169.44000244140625	166.239990234375	38.0
2125	171.83999633789062	177.44000244140625	38.60000228881836
2126	170.0800018310547	181.9199981689453	39.400001525878906
2127	170.87998962402344	173.1199951171875	40.79999923706055
2128	173.1199951171875	184.0	38.400001525878906
2129	176.95999145507812	181.44000244140625	38.60000228881836
2130	178.39999389648438	185.44000244140625	39.20000076293945
2131	203.0399932861328	183.3600006103516	40.0
2132	204.63999938964844	170.39999389648438	38.0
2133	208.0	167.83999633789062	38.0
2134	209.9199981689453	173.44000244140625	42.0
2135	209.75999450683597	177.1199951171875	38.20000076293945
2136	209.44000244140625	183.51998901367188	41.0
2137	212.9599914550781	180.47999572753903	39.60000228881836
2138	212.1599884033203	173.1199951171875	38.20000076293945
2139	212.3199920654297	184.9599914550781	37.400001525878906
2140	213.75999450683597	169.59999084472656	37.60000228881836
2141	212.1599884033203	169.27999877929688	42.20000076293945
2142	215.51998901367188	167.0399932861328	37.20000076293945
2143	216.0	178.39999389648438	38.60000228881836
2144	216.79998779296875	174.39999389648438	39.0
2145	218.0800018310547	166.87998962402344	40.400001525878906
2146	216.63999938964844	184.0	41.20000076293945
2147	220.3199920654297	177.75999450683594	39.400001525878906
2148	222.0800018310547	169.75999450683594	41.400001525878906
2149	218.3999938964844	187.3600006103516	39.400001525878906
2150	221.44000244140625	173.9199981689453	40.400001525878906
2151	224.47999572753903	177.27999877929688	40.79999923706055
2152	224.9599914550781	172.47999572753906	39.60000228881836
2153	227.0399932861328	176.0	38.20000076293945
2154	227.1999969482422	168.95999145507812	40.60000228881836
2155	227.3600006103516	183.51998901367188	40.400001525878906
2156	229.27999877929688	179.0399932861328	38.400001525878906
2157	230.72000122070312	168.63999938964844	38.0
2158	231.1999969482422	180.63999938964844	41.20000076293945
2159	230.239990234375	172.63999938964844	42.60000228881836
2160	234.87998962402344	176.8000030517578	40.60000228881836
2161	234.72000122070312	172.63999938964844	41.0
2162	234.3999938964844	180.1599884033203	42.0
2163	237.4399871826172	170.55999755859375	38.60000228881836
2164	238.55999755859372	167.0399932861328	38.20000076293945
2165	238.3999938964844	173.1199951171875	40.79999923706055
2166	135.67999267578122	192.0	40.20000076293945
2167	140.16000366210938	196.3199920654297	38.400001525878906
2168	139.19999694824222	201.27999877929688	40.20000076293945
2169	141.1199951171875	189.27999877929688	39.79999923706055
2170	144.63999938964844	198.55999755859372	40.400001525878906
2171	146.39999389648438	201.9199981689453	38.0
2172	146.39999389648438	202.72000122070312	42.20000076293945
2173	148.3199920654297	189.9199981689453	38.400001525878906
2174	148.63999938964844	198.87998962402344	40.400001525878906
2175	149.27999877929688	194.87998962402344	41.400001525878906
2176	149.1199951171875	206.87998962402344	39.79999923706055
2177	152.0	189.75999450683597	41.20000076293945
2178	152.47999572753906	196.47999572753903	39.79999923706055
2179	154.72000122070312	193.1199951171875	40.79999923706055
2180	156.95999145507812	192.3199920654297	37.0
2181	157.44000244140625	199.3600006103516	39.60000228881836
2182	156.95999145507812	205.27999877929688	40.0
2183	158.87998962402344	195.0399932861328	39.20000076293945
2184	161.75999450683594	200.63999938964844	41.79999923706055
2185	162.0800018310547	204.79998779296875	39.20000076293945
2186	163.1999969482422	190.87998962402344	38.79999923706055
2187	164.47999572753906	198.0800018310547	40.0
2188	166.39999389648438	193.75999450683597	39.0
2189	166.55999755859375	188.1599884033203	40.79999923706055
2190	166.55999755859375	205.27999877929688	39.79999923706055
2191	167.67999267578125	200.1599884033203	41.20000076293945
2192	169.59999084472656	190.55999755859372	39.400001525878906
2193	171.1999969482422	199.1999969482422	38.79999923706055
2194	171.83999633789062	203.83999633789062	39.400001525878906
2195	169.59999084472656	185.59999084472656	42.79999923706055
2196	175.0399932861328	198.72000122070312	37.60000228881836
2197	172.95999145507812	190.239990234375	39.20000076293945
2198	173.27999877929688	199.83999633789062	41.79999923706055
2199	176.16000366210938	193.1199951171875	39.0
2200	176.47999572753906	206.87998962402344	37.79999923706055
2201	177.59999084472656	198.239990234375	40.20000076293945
2202	176.16000366210938	188.8000030517578	40.60000228881836
2203	178.72000122070312	202.72000122070312	38.60000228881836
2204	180.63999938964844	190.72000122070312	41.0
2205	181.27999877929688	199.1999969482422	40.60000228881836
2206	181.1199951171875	205.59999084472656	41.79999923706055
2207	185.59999084472656	196.0	39.20000076293945
2208	185.44000244140625	189.1199951171875	39.79999923706055
2209	187.0399932861328	202.239990234375	40.79999923706055
2210	190.3999938964844	191.83999633789062	40.0
2211	190.87998962402344	201.59999084472656	41.79999923706055
2212	192.63999938964844	205.1199951171875	39.60000228881836
2213	188.8000030517578	193.59999084472656	43.400001525878906
2214	193.59999084472656	189.1199951171875	41.400001525878906
2215	195.3600006103516	201.9199981689453	39.400001525878906
2216	196.47999572753903	197.9199981689453	39.400001525878906
2217	196.9599914550781	194.55999755859372	43.0
2218	199.0399932861328	204.1599884033203	41.400001525878906
2219	196.47999572753903	201.75999450683597	45.0
2220	201.44000244140625	187.51998901367188	39.79999923706055
2221	202.87998962402344	192.47999572753903	39.0
2222	203.51998901367188	198.55999755859372	40.79999923706055
2223	207.1999969482422	201.44000244140625	37.79999923706055
2224	207.0399932861328	188.3199920654297	39.60000228881836
2225	208.3199920654297	194.239990234375	40.20000076293945
2226	207.3600006103516	197.1199951171875	41.20000076293945
2227	208.79998779296875	204.3199920654297	41.400001525878906
2228	211.1999969482422	191.51998901367188	39.0
2229	212.9599914550781	197.59999084472656	39.0
2230	212.3199920654297	194.3999938964844	42.400001525878906
2231	214.55999755859372	201.9199981689453	41.400001525878906
2232	214.87998962402344	191.3600006103516	41.20000076293945
2233	219.1999969482422	193.9199981689453	39.0
2234	218.55999755859372	202.87998962402344	41.400001525878906
2235	215.0399932861328	202.72000122070312	45.79999923706055
2236	223.3600006103516	192.1599884033203	40.400001525878906
2237	224.0	199.51998901367188	43.400001525878906
2238	224.0	188.47999572753903	41.400001525878906
2239	226.72000122070312	187.3600006103516	37.60000228881836
2240	227.0399932861328	191.0399932861328	37.79999923706055
2241	232.1599884033203	185.27999877929688	42.79999923706055
2242	148.3199920654297	214.3999938964844	41.79999923706055
2243	152.63999938964844	207.1999969482422	38.400001525878906
2244	155.36000061035156	211.51998901367188	39.400001525878906
2245	155.67999267578125	215.67999267578125	39.60000228881836
2246	158.39999389648438	211.0399932861328	40.400001525878906
2247	157.9199981689453	219.1999969482422	41.60000228881836
2248	159.51998901367188	208.1599884033203	37.79999923706055
2249	160.47999572753906	215.3600006103516	39.20000076293945
2250	165.44000244140625	210.87998962402344	40.0
2251	166.0800018310547	215.1999969482422	39.79999923706055
2252	168.8000030517578	222.239990234375	39.20000076293945
2253	170.0800018310547	208.3199920654297	40.20000076293945
2254	170.239990234375	214.0800018310547	40.60000228881836
2255	172.3199920654297	216.9599914550781	40.20000076293945
2256	172.63999938964844	223.3600006103516	41.400001525878906
2257	175.67999267578125	222.239990234375	38.400001525878906
2258	176.95999145507812	212.63999938964844	38.20000076293945
2259	178.0800018310547	218.3999938964844	41.0
2260	178.0800018310547	210.0800018310547	41.400001525878906
2261	178.55999755859375	224.63999938964844	39.400001525878906
2262	181.1199951171875	208.79998779296875	40.0
2263	180.9599914550781	214.0800018310547	40.79999923706055
2264	183.3600006103516	223.1999969482422	40.20000076293945
2265	186.0800018310547	215.3600006103516	41.20000076293945
2266	184.63999938964844	219.83999633789062	41.400001525878906
2267	189.44000244140625	220.3199920654297	37.400001525878906
2268	188.3199920654297	222.55999755859372	41.0
2269	189.75999450683597	209.1199951171875	41.0
2270	191.51998901367188	212.63999938964844	39.0
2271	194.72000122070312	219.1999969482422	41.20000076293945
2272	193.1199951171875	221.1199951171875	38.400001525878906
2273	193.44000244140625	208.3199920654297	42.400001525878906
2274	196.1599884033203	217.1199951171875	40.79999923706055
2275	198.0800018310547	210.239990234375	37.20000076293945
2276	197.75999450683597	209.27999877929688	42.20000076293945
2277	199.0399932861328	214.0800018310547	41.20000076293945
2278	202.55999755859372	207.67999267578125	39.60000228881836
2279	201.59999084472656	218.55999755859372	42.79999923706055
2280	204.47999572753903	214.55999755859372	40.400001525878906
2281	205.1199951171875	210.239990234375	43.0
2282	208.0	212.47999572753903	40.400001525878906
2283	209.27999877929688	209.1199951171875	40.60000228881836
2284	157.9199981689453	121.1199951171875	45.79999923706055
2285	159.0399932861328	117.27999877929688	44.20000076293945
2286	164.47999572753906	118.07999420166016	43.0
2287	168.16000366210938	115.36000061035156	44.60000228881836
2288	167.83999633789062	125.27999877929688	45.4000015258789
2289	178.72000122070312	121.5999984741211	43.400001525878906
2290	179.51998901367188	112.47999572753906	45.0
2291	182.239990234375	122.23999786376952	43.20000076293945
2292	184.47999572753903	111.04000091552734	45.4000015258789
2293	183.67999267578125	117.1199951171875	45.79999923706055
2294	185.9199981689453	121.43999481201172	46.0
2295	192.3199920654297	112.47999572753906	45.60000228881836
2296	192.8000030517578	119.83999633789062	45.79999923706055
2297	191.67999267578125	124.47999572753906	43.60000228881836
2298	198.72000122070312	122.07999420166016	46.20000076293945
2299	205.1199951171875	115.36000061035156	46.79999923706055
2300	208.63999938964844	115.68000030517578	44.60000228881836
2301	210.3999938964844	123.36000061035156	43.400001525878906
2302	213.27999877929688	117.75999450683594	46.4000015258789
2303	215.1999969482422	121.5999984741211	42.60000228881836
2304	219.0399932861328	120.79999542236328	44.79999923706055
2305	219.0399932861328	126.07999420166016	45.60000228881836
2306	222.0800018310547	123.1999969482422	47.60000228881836
2307	139.67999267578122	142.87998962402344	47.20000076293945
2308	137.91999816894528	139.36000061035156	47.79999923706055
2309	148.47999572753906	126.87999725341795	44.60000228881836
2310	158.55999755859375	134.87998962402344	45.0
2311	161.9199981689453	127.04000091552734	44.20000076293945
2312	165.9199981689453	139.83999633789062	46.4000015258789
2313	173.27999877929688	124.95999908447266	42.400001525878906
2314	174.239990234375	132.0	44.79999923706055
2315	177.44000244140625	140.63999938964844	46.0
2316	177.1199951171875	144.0	43.79999923706055
2317	175.67999267578125	126.87999725341795	46.60000228881836
2318	180.63999938964844	132.95999145507812	47.4000015258789
2319	178.239990234375	125.5999984741211	42.79999923706055
2320	180.3199920654297	133.27999877929688	43.0
2321	182.87998962402344	129.27999877929688	46.0
2322	182.87998962402344	139.36000061035156	44.60000228881836
2323	181.1199951171875	125.91999816894531	46.60000228881836
2324	182.3999938964844	135.83999633789062	46.20000076293945
2325	185.44000244140625	136.80000305175778	43.0
2326	183.83999633789062	145.75999450683594	46.60000228881836
2327	185.59999084472656	134.39999389648438	46.0
2328	186.55999755859372	128.80000305175778	43.400001525878906
2329	189.59999084472656	142.72000122070312	43.0
2330	186.55999755859372	139.19999694824222	48.20000076293945
2331	190.55999755859372	126.7199935913086	46.60000228881836
2332	190.3999938964844	130.39999389648438	44.400001525878906
2333	191.0399932861328	135.83999633789062	46.20000076293945
2334	191.3600006103516	139.36000061035156	47.60000228881836
2335	193.1199951171875	132.63999938964844	42.0
2336	196.0	133.44000244140622	44.400001525878906
2337	195.83999633789062	126.07999420166016	46.0
2338	197.75999450683597	127.5199966430664	42.60000228881836
2339	194.87998962402344	136.0	47.60000228881836
2340	200.47999572753903	128.16000366210938	45.0
2341	200.3199920654297	134.08000183105472	44.400001525878906
2342	204.3199920654297	134.72000122070312	44.20000076293945
2343	205.75999450683597	138.55999755859378	46.20000076293945
2344	203.83999633789062	126.07999420166016	46.79999923706055
2345	206.0800018310547	129.1199951171875	45.60000228881836
2346	210.0800018310547	140.63999938964844	44.60000228881836
2347	212.3199920654297	130.72000122070312	43.79999923706055
2348	213.1199951171875	126.7199935913086	44.60000228881836
2349	214.239990234375	136.0	44.79999923706055
2350	214.0800018310547	142.87998962402344	42.60000228881836
2351	210.87998962402344	132.31999206542972	47.4000015258789
2352	218.55999755859372	140.47999572753906	43.79999923706055
2353	217.9199981689453	129.75999450683594	44.0
2354	219.67999267578125	144.3199920654297	44.60000228881836
2355	218.0800018310547	132.16000366210938	46.79999923706055
2356	220.1599884033203	135.36000061035156	44.20000076293945
2357	220.3199920654297	129.27999877929688	45.79999923706055
2358	222.72000122070312	139.83999633789062	45.60000228881836
2359	223.83999633789062	125.91999816894531	46.0
2360	225.1199951171875	135.52000427246094	44.0
2361	226.239990234375	128.63999938964844	44.79999923706055
2362	226.3999938964844	132.80000305175778	46.0
2363	225.59999084472656	144.16000366210938	45.4000015258789
2364	229.59999084472656	141.1199951171875	43.60000228881836
2365	228.79998779296875	137.75999450683594	46.20000076293945
2366	232.1599884033203	135.19999694824222	43.79999923706055
2367	234.87998962402344	139.03999328613278	46.0
2368	129.1199951171875	156.63999938964844	44.20000076293945
2369	132.80000305175778	161.27999877929688	43.79999923706055
2370	132.47999572753906	155.51998901367188	45.0
2371	143.36000061035156	154.87998962402344	48.20000076293945
2372	144.0	147.0399932861328	44.0
2373	145.27999877929688	152.3199920654297	44.60000228881836
2374	149.9199981689453	156.3199920654297	45.60000228881836
2375	149.9199981689453	148.0	47.4000015258789
2376	153.1199951171875	155.0399932861328	42.400001525878906
2377	156.3199920654297	165.27999877929688	44.60000228881836
2378	160.8000030517578	164.63999938964844	42.79999923706055
2379	165.1199951171875	158.55999755859375	45.0
2380	171.36000061035156	150.239990234375	46.20000076293945
2381	173.27999877929688	160.63999938964844	43.0
2382	174.87998962402344	157.59999084472656	42.60000228881836
2383	177.27999877929688	160.8000030517578	45.79999923706055
2384	180.3199920654297	148.16000366210938	44.79999923706055
2385	183.51998901367188	154.0800018310547	45.79999923706055
2386	187.67999267578125	148.3199920654297	45.0
2387	188.0	144.47999572753906	46.60000228881836
2388	191.83999633789062	145.9199981689453	46.60000228881836
2389	195.83999633789062	145.59999084472656	44.60000228881836
2390	194.87998962402344	149.9199981689453	46.0
2391	198.55999755859372	153.75999450683594	45.20000076293945
2392	203.0399932861328	152.3199920654297	42.60000228881836
2393	204.47999572753903	149.59999084472656	45.20000076293945
2394	205.9199981689453	145.44000244140625	42.79999923706055
2395	207.1999969482422	154.0800018310547	44.60000228881836
2396	207.0399932861328	161.1199951171875	46.4000015258789
2397	210.0800018310547	151.51998901367188	43.0
2398	206.87998962402344	157.1199951171875	49.20000076293945
2399	214.87998962402344	145.9199981689453	43.0
2400	215.83999633789062	160.95999145507812	44.400001525878906
2401	215.67999267578125	152.16000366210938	43.0
2402	214.3999938964844	157.59999084472656	45.4000015258789
2403	212.79998779296875	148.95999145507812	46.20000076293945
2404	214.0800018310547	164.3199920654297	46.0
2405	215.0399932861328	146.87998962402344	45.79999923706055
2406	214.72000122070312	154.39999389648438	46.4000015258789
2407	219.83999633789062	164.47999572753906	42.79999923706055
2408	219.83999633789062	153.27999877929688	42.79999923706055
2409	222.3999938964844	158.39999389648438	44.400001525878906
2410	221.1199951171875	153.59999084472656	46.0
2411	223.83999633789062	150.87998962402344	46.0
2412	224.79998779296875	164.3199920654297	42.400001525878906
2413	228.1599884033203	156.8000030517578	43.0
2414	227.51998901367188	159.83999633789062	44.20000076293945
2415	228.47999572753903	149.59999084472656	44.0
2416	232.79998779296875	153.9199981689453	44.400001525878906
2417	229.59999084472656	154.0800018310547	47.0
2418	232.1599884033203	161.59999084472656	42.60000228881836
2419	231.51998901367188	147.1999969482422	45.79999923706055
2420	235.51998901367188	150.72000122070312	43.60000228881836
2421	232.79998779296875	161.1199951171875	46.60000228881836
2422	234.72000122070312	157.59999084472656	45.20000076293945
2423	238.87998962402344	155.51998901367188	43.60000228881836
2424	238.239990234375	146.0800018310547	45.4000015258789
2425	238.55999755859372	150.0800018310547	46.4000015258789
2426	238.87998962402344	162.39999389648438	44.60000228881836
2427	240.0	167.1999969482422	43.20000076293945
2428	239.67999267578125	158.55999755859375	45.4000015258789
2429	240.9599914550781	153.75999450683594	47.20000076293945
2430	241.75999450683597	159.0399932861328	50.4000015258789
2431	126.39999389648438	173.44000244140625	45.60000228881836
2432	128.63999938964844	179.0399932861328	47.0
2433	132.16000366210938	188.1599884033203	44.0
2434	135.83999633789062	180.47999572753903	46.20000076293945
2435	135.36000061035156	176.8000030517578	46.20000076293945
2436	138.87998962402344	173.9199981689453	44.60000228881836
2437	136.47999572753906	168.47999572753906	48.60000228881836
2438	140.47999572753906	177.27999877929688	44.0
2439	140.31999206542972	182.72000122070312	45.20000076293945
2440	140.95999145507812	169.27999877929688	45.60000228881836
2441	143.52000427246094	172.47999572753906	43.0
2442	145.59999084472656	180.3199920654297	42.60000228881836
2443	142.39999389648438	172.8000030517578	47.0
2444	145.1199951171875	183.67999267578125	44.0
2445	148.16000366210938	168.0	46.20000076293945
2446	149.9199981689453	177.27999877929688	43.60000228881836
2447	149.75999450683594	180.63999938964844	46.79999923706055
2448	150.39999389648438	173.9199981689453	45.60000228881836
2449	152.3199920654297	186.0800018310547	43.79999923706055
2450	152.16000366210938	171.51998901367188	43.79999923706055
2451	152.0	181.1199951171875	42.79999923706055
2452	152.95999145507812	177.27999877929688	47.20000076293945
2453	156.47999572753906	180.0	45.4000015258789
2454	156.3199920654297	172.0	43.60000228881836
2455	155.51998901367188	184.47999572753903	46.4000015258789
2456	158.239990234375	175.51998901367188	45.60000228881836
2457	158.39999389648438	169.59999084472656	47.79999923706055
2458	161.9199981689453	170.39999389648438	45.20000076293945
2459	162.39999389648438	174.72000122070312	46.20000076293945
2460	164.16000366210938	165.59999084472656	44.60000228881836
2461	166.55999755859375	184.3199920654297	45.4000015258789
2462	167.1999969482422	169.44000244140625	46.4000015258789
2463	170.0800018310547	168.8000030517578	42.79999923706055
2464	169.1199951171875	177.1199951171875	42.60000228881836
2465	173.1199951171875	184.9599914550781	43.0
2466	202.87998962402344	184.9599914550781	44.0
2467	205.27999877929688	184.47999572753903	47.60000228881836
2468	205.75999450683597	181.1199951171875	46.60000228881836
2469	210.239990234375	181.1199951171875	43.20000076293945
2470	207.51998901367188	176.63999938964844	43.79999923706055
2471	209.44000244140625	165.75999450683594	46.4000015258789
2472	214.0800018310547	178.0800018310547	42.60000228881836
2473	213.75999450683597	172.8000030517578	43.400001525878906
2474	213.9199981689453	185.75999450683597	42.79999923706055
2475	217.1199951171875	168.47999572753906	44.400001525878906
2476	215.83999633789062	183.83999633789062	45.20000076293945
2477	215.3600006103516	177.75999450683594	46.4000015258789
2478	217.9199981689453	172.63999938964844	43.79999923706055
2479	219.0399932861328	178.55999755859375	46.60000228881836
2480	219.51998901367188	174.72000122070312	46.79999923706055
2481	220.1599884033203	180.3199920654297	42.0
2482	221.44000244140625	176.47999572753906	43.79999923706055
2483	222.55999755859372	167.67999267578125	44.60000228881836
2484	219.0399932861328	186.3999938964844	46.4000015258789
2485	226.72000122070312	169.44000244140625	45.0
2486	223.1999969482422	181.27999877929688	44.400001525878906
2487	225.9199981689453	173.9199981689453	43.60000228881836
2488	226.55999755859372	179.67999267578125	43.0
2489	228.0	166.39999389648438	45.0
2490	230.0800018310547	180.3199920654297	44.79999923706055
2491	230.3999938964844	175.1999969482422	46.20000076293945
2492	231.51998901367188	165.27999877929688	46.20000076293945
2493	229.9199981689453	169.59999084472656	47.60000228881836
2494	233.27999877929688	171.36000061035156	45.60000228881836
2495	235.1999969482422	168.47999572753906	43.79999923706055
2496	234.0800018310547	176.3199920654297	45.0
2497	235.3600006103516	182.72000122070312	45.79999923706055
2498	240.9599914550781	164.16000366210938	48.0
2499	136.0	188.8000030517578	44.79999923706055
2500	138.72000122070312	197.27999877929688	45.0
2501	139.67999267578122	198.87998962402344	48.4000015258789
2502	136.95999145507812	193.1199951171875	47.60000228881836
2503	142.55999755859375	198.239990234375	43.60000228881836
2504	144.3199920654297	201.44000244140625	46.60000228881836
2505	146.0800018310547	193.1199951171875	45.20000076293945
2506	145.9199981689453	206.72000122070312	44.400001525878906
2507	147.67999267578125	186.3999938964844	44.60000228881836
2508	147.67999267578125	197.59999084472656	44.60000228881836
2509	149.9199981689453	192.63999938964844	44.20000076293945
2510	148.95999145507812	202.3999938964844	47.0
2511	150.72000122070312	202.72000122070312	43.60000228881836
2512	154.72000122070312	198.239990234375	43.0
2513	153.1199951171875	204.9599914550781	42.400001525878906
2514	154.87998962402344	195.3600006103516	45.4000015258789
2515	156.3199920654297	199.67999267578125	46.0
2516	153.44000244140625	191.0399932861328	47.20000076293945
2517	158.239990234375	193.75999450683597	43.79999923706055
2518	159.36000061035156	201.1199951171875	46.60000228881836
2519	160.47999572753906	196.8000030517578	44.400001525878906
2520	160.16000366210938	205.27999877929688	42.400001525878906
2521	163.83999633789062	202.0800018310547	45.20000076293945
2522	169.27999877929688	197.44000244140625	45.20000076293945
2523	170.39999389648438	204.47999572753903	43.20000076293945
2524	171.83999633789062	195.3600006103516	44.20000076293945
2525	172.95999145507812	191.51998901367188	43.60000228881836
2526	172.95999145507812	201.9199981689453	45.0
2527	172.95999145507812	188.47999572753903	46.60000228881836
2528	175.67999267578125	200.0	45.60000228881836
2529	176.47999572753906	188.1599884033203	45.20000076293945
2530	175.83999633789062	194.239990234375	45.79999923706055
2531	178.0800018310547	195.0399932861328	42.20000076293945
2532	177.44000244140625	203.1999969482422	42.79999923706055
2533	177.27999877929688	190.72000122070312	47.0
2534	176.8000030517578	207.3600006103516	45.20000076293945
2535	179.83999633789062	200.63999938964844	44.60000228881836
2536	180.8000030517578	192.63999938964844	45.79999923706055
2537	183.83999633789062	196.3199920654297	44.0
2538	184.0	191.83999633789062	43.400001525878906
2539	184.3199920654297	204.47999572753903	42.400001525878906
2540	186.72000122070312	201.9199981689453	44.60000228881836
2541	183.0399932861328	204.47999572753903	46.60000228881836
2542	187.83999633789062	197.44000244140625	44.400001525878906
2543	190.239990234375	202.239990234375	45.60000228881836
2544	192.0	197.27999877929688	44.0
2545	194.55999755859372	192.0	45.60000228881836
2546	193.75999450683597	204.1599884033203	44.0
2547	193.75999450683597	198.3999938964844	47.60000228881836
2548	199.0399932861328	197.75999450683597	41.79999923706055
2549	198.72000122070312	194.239990234375	46.60000228881836
2550	199.67999267578125	197.75999450683597	44.79999923706055
2551	203.67999267578125	201.27999877929688	44.400001525878906
2552	201.9199981689453	206.0800018310547	43.60000228881836
2553	205.75999450683597	190.3999938964844	43.0
2554	203.0399932861328	192.9599914550781	46.20000076293945
2555	207.67999267578125	206.87998962402344	45.60000228881836
2556	207.51998901367188	198.72000122070312	46.0
2557	208.63999938964844	187.67999267578125	45.4000015258789
2558	209.9199981689453	191.51998901367188	44.0
2559	212.3199920654297	198.72000122070312	43.79999923706055
2560	212.3199920654297	207.51998901367188	43.0
2561	212.3199920654297	194.72000122070312	46.60000228881836
2562	216.0	191.67999267578125	45.79999923706055
2563	215.83999633789062	195.51998901367188	42.60000228881836
2564	217.9199981689453	195.1999969482422	46.0
2565	217.27999877929688	199.51998901367188	47.0
2566	219.1999969482422	189.1199951171875	43.20000076293945
2567	221.1199951171875	196.63999938964844	43.400001525878906
2568	222.55999755859372	186.3999938964844	44.60000228881836
2569	225.75999450683597	195.67999267578125	45.20000076293945
2570	223.83999633789062	191.1999969482422	47.20000076293945
2571	229.9199981689453	191.1999969482422	43.0
2572	227.0399932861328	187.83999633789062	46.20000076293945
2573	231.0399932861328	188.0	46.0
2574	149.75999450683594	212.63999938964844	45.79999923706055
2575	152.16000366210938	212.3199920654297	42.60000228881836
2576	155.36000061035156	209.27999877929688	44.0
2577	158.72000122070312	214.55999755859372	43.400001525878906
2578	159.36000061035156	208.63999938964844	45.0
2579	163.83999633789062	220.63999938964844	42.60000228881836
2580	161.75999450683594	210.239990234375	42.20000076293945
2581	166.87998962402344	207.3600006103516	47.20000076293945
2582	170.55999755859375	219.51998901367188	42.400001525878906
2583	170.0800018310547	224.1599884033203	44.79999923706055
2584	173.1199951171875	212.0	45.79999923706055
2585	175.51998901367188	216.3199920654297	45.0
2586	175.51998901367188	221.59999084472656	44.79999923706055
2587	174.39999389648438	225.59999084472656	46.79999923706055
2588	176.16000366210938	212.0	44.400001525878906
2589	177.44000244140625	224.63999938964844	45.20000076293945
2590	180.47999572753903	217.1199951171875	45.0
2591	181.9199981689453	224.47999572753903	44.60000228881836
2592	180.3199920654297	212.3199920654297	47.20000076293945
2593	180.63999938964844	220.63999938964844	47.4000015258789
2594	184.3199920654297	210.87998962402344	43.60000228881836
2595	185.1199951171875	220.63999938964844	45.79999923706055
2596	185.59999084472656	215.1999969482422	45.4000015258789
2597	186.0800018310547	224.79998779296875	47.0
2598	190.55999755859372	207.83999633789062	45.79999923706055
2599	194.3999938964844	213.27999877929688	42.400001525878906
2600	193.75999450683597	222.239990234375	45.0
2601	192.1599884033203	217.1199951171875	47.0
2602	196.63999938964844	211.83999633789062	45.20000076293945
2603	194.3999938964844	206.0800018310547	47.4000015258789
2604	201.27999877929688	211.0399932861328	44.0
2605	199.83999633789062	214.87998962402344	47.60000228881836
2606	204.9599914550781	212.79998779296875	46.60000228881836
2607	204.0	209.27999877929688	51.4000015258789
2608	203.83999633789062	209.27999877929688	46.4000015258789
2609	209.1199951171875	211.0399932861328	44.400001525878906
2610	213.27999877929688	212.3199920654297	45.4000015258789
2611	159.51998901367188	122.55999755859376	49.20000076293945
2612	174.0800018310547	121.43999481201172	50.20000076293945
2613	177.27999877929688	111.1999969482422	47.79999923706055
2614	178.239990234375	122.87999725341795	48.79999923706055
2615	180.3199920654297	122.39999389648438	52.4000015258789
2616	182.55999755859372	123.5199966430664	49.4000015258789
2617	184.8000030517578	119.36000061035156	48.79999923706055
2618	189.1199951171875	120.31999969482422	48.79999923706055
2619	190.3999938964844	116.15999603271484	48.0
2620	190.55999755859372	115.1999969482422	51.0
2621	188.1599884033203	122.55999755859376	52.4000015258789
2622	207.51998901367188	124.15999603271484	48.60000228881836
2623	210.87998962402344	124.31999969482422	47.20000076293945
2624	213.44000244140625	121.43999481201172	50.79999923706055
2625	216.1599884033203	121.75999450683594	47.60000228881836
2626	220.63999938964844	120.0	48.4000015258789
2627	220.0	123.68000030517578	53.60000228881836
2628	137.91999816894528	146.39999389648438	50.0
2629	144.0	137.44000244140622	51.0
2630	147.0399932861328	134.08000183105472	52.20000076293945
2631	145.27999877929688	144.63999938964844	48.4000015258789
2632	151.0399932861328	129.59999084472656	50.20000076293945
2633	154.39999389648438	125.5999984741211	48.4000015258789
2634	152.95999145507812	139.52000427246094	50.79999923706055
2635	163.0399932861328	127.04000091552734	48.60000228881836
2636	158.39999389648438	134.239990234375	50.60000228881836
2637	160.16000366210938	137.91999816894528	49.79999923706055
2638	161.75999450683594	131.36000061035156	48.0
2639	166.55999755859375	128.16000366210938	50.20000076293945
2640	167.83999633789062	133.27999877929688	49.60000228881836
2641	168.8000030517578	142.87998962402344	47.60000228881836
2642	168.63999938964844	138.87998962402344	50.60000228881836
2643	169.44000244140625	126.55999755859376	51.20000076293945
2644	171.51998901367188	125.43999481201172	47.79999923706055
2645	176.63999938964844	133.1199951171875	48.20000076293945
2646	178.87998962402344	138.08000183105472	47.79999923706055
2647	174.72000122070312	146.39999389648438	51.0
2648	177.75999450683594	128.0	51.0
2649	179.51998901367188	137.44000244140622	51.20000076293945
2650	178.87998962402344	141.9199981689453	51.0
2651	178.87998962402344	144.8000030517578	47.60000228881836
2652	182.55999755859372	141.59999084472656	49.79999923706055
2653	185.59999084472656	125.43999481201172	51.60000228881836
2654	187.3600006103516	130.87998962402344	47.20000076293945
2655	189.44000244140625	133.59999084472656	55.60000228881836
2656	190.3999938964844	142.87998962402344	48.79999923706055
2657	190.72000122070312	136.31999206542972	52.0
2658	191.67999267578125	131.67999267578122	50.20000076293945
2659	193.75999450683597	129.75999450683594	47.60000228881836
2660	195.51998901367188	132.63999938964844	51.60000228881836
2661	198.55999755859372	131.03999328613278	47.79999923706055
2662	202.3999938964844	131.83999633789062	49.0
2663	201.59999084472656	129.44000244140622	52.20000076293945
2664	206.87998962402344	134.39999389648438	47.4000015258789
2665	206.3999938964844	133.1199951171875	51.0
2666	208.1599884033203	130.08000183105472	49.0
2667	206.72000122070312	138.55999755859378	50.79999923706055
2668	210.55999755859372	140.63999938964844	49.60000228881836
2669	210.239990234375	133.75999450683594	51.0
2670	211.1999969482422	135.67999267578122	47.60000228881836
2671	210.0800018310547	126.7199935913086	51.79999923706055
2672	214.3999938964844	126.23999786376952	48.4000015258789
2673	213.44000244140625	130.239990234375	49.79999923706055
2674	214.0800018310547	142.55999755859375	49.0
2675	216.79998779296875	137.27999877929688	47.20000076293945
2676	217.59999084472656	137.75999450683594	50.20000076293945
2677	218.87998962402344	140.95999145507812	47.60000228881836
2678	218.3999938964844	131.19999694824222	50.4000015258789
2679	213.9199981689453	129.1199951171875	53.0
2680	221.9199981689453	143.83999633789062	48.79999923706055
2681	223.0399932861328	128.95999145507812	49.60000228881836
2682	223.0399932861328	137.91999816894528	49.60000228881836
2683	226.0800018310547	133.44000244140622	49.60000228881836
2684	226.72000122070312	142.87998962402344	49.20000076293945
2685	230.87998962402344	142.39999389648438	46.79999923706055
2686	228.47999572753903	136.63999938964844	50.4000015258789
2687	227.67999267578125	130.72000122070312	51.79999923706055
2688	231.83999633789062	134.55999755859378	47.60000228881836
2689	231.83999633789062	140.0	50.4000015258789
2690	235.3600006103516	144.0	50.20000076293945
2691	239.67999267578125	145.44000244140625	49.79999923706055
2692	129.44000244140622	160.3199920654297	46.79999923706055
2693	130.239990234375	155.1999969482422	49.20000076293945
2694	134.08000183105472	155.51998901367188	51.0
2695	133.91999816894528	147.1999969482422	47.4000015258789
2696	139.67999267578122	161.1199951171875	51.4000015258789
2697	140.8000030517578	160.3199920654297	47.60000228881836
2698	146.87998962402344	149.75999450683594	51.0
2699	151.0399932861328	163.36000061035156	52.60000228881836
2700	145.1199951171875	154.72000122070312	52.4000015258789
2701	148.16000366210938	159.51998901367188	52.60000228881836
2702	150.55999755859375	151.36000061035156	50.79999923706055
2703	152.16000366210938	157.75999450683594	48.4000015258789
2704	152.16000366210938	148.16000366210938	51.4000015258789
2705	157.27999877929688	157.27999877929688	47.79999923706055
2706	159.51998901367188	165.1199951171875	47.79999923706055
2707	165.9199981689453	161.75999450683594	49.60000228881836
2708	177.59999084472656	164.47999572753906	47.20000076293945
2709	177.9199981689453	154.0800018310547	49.60000228881836
2710	181.75999450683597	146.87998962402344	51.20000076293945
2711	182.55999755859372	150.0800018310547	48.0
2712	199.3600006103516	150.87998962402344	48.0
2713	205.75999450683597	152.95999145507812	48.0
2714	208.1599884033203	150.72000122070312	47.4000015258789
2715	208.47999572753903	161.27999877929688	51.0
2716	210.55999755859372	153.27999877929688	50.20000076293945
2717	210.87998962402344	145.59999084472656	50.60000228881836
2718	211.1999969482422	159.51998901367188	47.60000228881836
2719	214.0800018310547	164.95999145507812	50.4000015258789
2720	213.75999450683597	149.27999877929688	50.4000015258789
2721	214.87998962402344	159.1999969482422	49.4000015258789
2722	218.72000122070312	164.0	48.20000076293945
2723	217.44000244140625	149.44000244140625	49.0
2724	218.239990234375	156.3199920654297	51.20000076293945
2725	220.47999572753903	156.16000366210938	48.20000076293945
2726	220.79998779296875	146.87998962402344	47.20000076293945
2727	218.239990234375	152.16000366210938	51.79999923706055
2728	222.3999938964844	148.8000030517578	49.60000228881836
2729	224.79998779296875	154.239990234375	48.20000076293945
2730	223.67999267578125	147.1999969482422	51.79999923706055
2731	224.47999572753903	164.16000366210938	50.60000228881836
2732	227.67999267578125	159.1999969482422	47.60000228881836
2733	227.67999267578125	148.0	48.79999923706055
2734	228.9599914550781	152.0	49.60000228881836
2735	229.27999877929688	156.8000030517578	49.20000076293945
2736	230.0800018310547	164.16000366210938	50.79999923706055
2737	227.51998901367188	160.47999572753906	53.20000076293945
2738	232.9599914550781	152.16000366210938	47.4000015258789
2739	232.79998779296875	150.239990234375	50.4000015258789
2740	233.75999450683597	159.51998901367188	50.20000076293945
2741	235.51998901367188	147.1999969482422	47.79999923706055
2742	235.67999267578125	153.27999877929688	49.20000076293945
2743	239.1999969482422	162.0800018310547	49.79999923706055
2744	238.3999938964844	157.9199981689453	49.20000076293945
2745	240.3199920654297	153.27999877929688	51.20000076293945
2746	128.0	171.0399932861328	50.60000228881836
2747	134.08000183105472	182.239990234375	48.4000015258789
2748	134.87998962402344	177.75999450683594	49.79999923706055
2749	136.80000305175778	173.1199951171875	47.79999923706055
2750	136.0	184.0	51.79999923706055
2751	136.95999145507812	179.83999633789062	52.60000228881836
2752	139.36000061035156	172.0	50.20000076293945
2753	141.1199951171875	182.3999938964844	51.79999923706055
2754	143.67999267578125	168.63999938964844	48.60000228881836
2755	145.59999084472656	175.0399932861328	48.60000228881836
2756	143.1999969482422	186.0800018310547	49.79999923706055
2757	151.51998901367188	184.9599914550781	47.4000015258789
2758	152.95999145507812	182.0800018310547	49.79999923706055
2759	153.75999450683594	174.55999755859375	50.60000228881836
2760	152.95999145507812	167.1999969482422	50.20000076293945
2761	155.0399932861328	168.16000366210938	47.4000015258789
2762	155.36000061035156	173.1199951171875	47.60000228881836
2763	157.75999450683594	180.8000030517578	51.20000076293945
2764	163.67999267578125	168.95999145507812	49.60000228881836
2765	193.59999084472656	174.87998962402344	52.20000076293945
2766	212.0	184.0	48.60000228881836
2767	211.83999633789062	175.0399932861328	47.20000076293945
2768	212.47999572753903	168.0	49.20000076293945
2769	214.55999755859372	172.0	50.0
2770	217.27999877929688	167.36000061035156	47.79999923706055
2771	215.3600006103516	178.55999755859375	50.4000015258789
2772	215.51998901367188	186.72000122070312	50.20000076293945
2773	216.3199920654297	182.0800018310547	51.79999923706055
2774	218.72000122070312	174.39999389648438	50.60000228881836
2775	221.44000244140625	168.8000030517578	49.4000015258789
2776	219.51998901367188	180.3199920654297	52.0
2777	222.0800018310547	186.239990234375	49.20000076293945
2778	222.87998962402344	176.16000366210938	48.20000076293945
2779	225.59999084472656	170.55999755859375	48.20000076293945
2780	222.3999938964844	177.1199951171875	52.0
2781	224.0	180.8000030517578	50.60000228881836
2782	225.27999877929688	175.1999969482422	50.79999923706055
2783	226.239990234375	184.0	51.20000076293945
2784	228.1599884033203	166.72000122070312	50.79999923706055
2785	228.0	182.72000122070312	47.60000228881836
2786	227.67999267578125	177.27999877929688	48.20000076293945
2787	228.3199920654297	173.27999877929688	52.60000228881836
2788	231.51998901367188	175.1999969482422	50.20000076293945
2789	232.1599884033203	182.0800018310547	47.79999923706055
2790	231.83999633789062	170.72000122070312	52.0
2791	233.1199951171875	172.3199920654297	48.79999923706055
2792	231.0399932861328	180.9599914550781	52.4000015258789
2793	234.239990234375	178.72000122070312	48.20000076293945
2794	236.47999572753903	168.0	50.0
2795	237.1199951171875	176.16000366210938	48.79999923706055
2796	234.55999755859372	169.27999877929688	54.0
2797	236.63999938964844	182.55999755859372	52.20000076293945
2798	237.9199981689453	179.1999969482422	50.60000228881836
2799	240.0	172.16000366210938	47.79999923706055
2800	133.27999877929688	190.55999755859372	49.79999923706055
2801	138.55999755859378	186.72000122070312	48.4000015258789
2802	139.67999267578122	203.3600006103516	50.79999923706055
2803	140.47999572753906	191.0399932861328	51.0
2804	147.1999969482422	200.3199920654297	49.20000076293945
2805	143.52000427246094	205.9199981689453	48.0
2806	144.95999145507812	196.1599884033203	48.4000015258789
2807	145.9199981689453	205.59999084472656	50.79999923706055
2808	147.0399932861328	192.0	49.20000076293945
2809	150.87998962402344	195.67999267578125	49.4000015258789
2810	151.51998901367188	190.72000122070312	51.0
2811	149.9199981689453	199.1999969482422	51.79999923706055
2812	152.47999572753906	199.3600006103516	47.4000015258789
2813	155.1999969482422	185.1199951171875	52.60000228881836
2814	153.44000244140625	203.67999267578125	48.20000076293945
2815	157.1199951171875	188.47999572753903	50.60000228881836
2816	157.44000244140625	204.0	49.79999923706055
2817	157.59999084472656	193.75999450683597	50.79999923706055
2818	160.0	200.3199920654297	50.60000228881836
2819	163.67999267578125	197.1199951171875	48.0
2820	164.63999938964844	205.59999084472656	50.0
2821	163.36000061035156	199.67999267578125	51.60000228881836
2822	168.3199920654297	199.1999969482422	51.79999923706055
2823	166.72000122070312	198.0800018310547	48.0
2824	169.27999877929688	206.72000122070312	49.60000228881836
2825	172.0	197.59999084472656	48.0
2826	172.16000366210938	206.0800018310547	51.79999923706055
2827	172.47999572753906	193.1199951171875	48.4000015258789
2828	173.1199951171875	207.1999969482422	47.60000228881836
2829	173.44000244140625	202.3999938964844	51.4000015258789
2830	178.0800018310547	203.1999969482422	47.79999923706055
2831	177.75999450683594	200.1599884033203	51.60000228881836
2832	176.3199920654297	205.59999084472656	51.4000015258789
2833	179.0399932861328	199.0399932861328	47.79999923706055
2834	180.47999572753903	194.55999755859372	48.79999923706055
2835	178.87998962402344	208.0	48.79999923706055
2836	180.63999938964844	197.27999877929688	51.60000228881836
2837	184.3199920654297	197.75999450683597	48.20000076293945
2838	186.55999755859372	194.87998962402344	48.4000015258789
2839	189.44000244140625	199.67999267578125	48.60000228881836
2840	190.3999938964844	205.27999877929688	48.4000015258789
2841	192.0	202.239990234375	52.20000076293945
2842	197.9199981689453	196.1599884033203	50.60000228881836
2843	198.239990234375	200.0	47.79999923706055
2844	198.3999938964844	202.239990234375	50.79999923706055
2845	202.55999755859372	197.59999084472656	51.0
2846	204.79998779296875	201.59999084472656	48.20000076293945
2847	204.1599884033203	206.0800018310547	48.20000076293945
2848	202.239990234375	204.0	52.4000015258789
2849	206.87998962402344	195.3600006103516	48.20000076293945
2850	208.63999938964844	191.1999969482422	49.0
2851	208.3199920654297	203.0399932861328	48.4000015258789
2852	208.1599884033203	197.27999877929688	51.79999923706055
2853	211.67999267578125	198.3999938964844	47.60000228881836
2854	213.75999450683597	190.55999755859372	51.79999923706055
2855	214.55999755859372	196.47999572753903	50.60000228881836
2856	217.44000244140625	204.47999572753903	48.60000228881836
2857	217.75999450683597	201.9199981689453	51.60000228881836
2858	219.3600006103516	190.239990234375	49.4000015258789
2859	221.44000244140625	201.1199951171875	47.79999923706055
2860	220.63999938964844	193.1199951171875	52.4000015258789
2861	221.59999084472656	205.27999877929688	49.4000015258789
2862	224.47999572753903	193.59999084472656	51.0
2863	229.1199951171875	192.9599914550781	47.20000076293945
2864	227.67999267578125	195.0399932861328	51.60000228881836
2865	231.67999267578125	188.9599914550781	49.20000076293945
2866	231.83999633789062	192.47999572753903	53.79999923706055
2867	143.52000427246094	208.9599914550781	51.60000228881836
2868	147.83999633789062	209.44000244140625	47.79999923706055
2869	148.63999938964844	209.44000244140625	51.79999923706055
2870	153.44000244140625	210.3999938964844	49.20000076293945
2871	157.1199951171875	208.63999938964844	48.79999923706055
2872	156.95999145507812	219.67999267578125	45.79999923706055
2873	158.55999755859375	214.0800018310547	50.0
2874	165.27999877929688	217.75999450683597	48.79999923706055
2875	170.239990234375	212.1599884033203	48.79999923706055
2876	167.83999633789062	213.75999450683597	51.20000076293945
2877	172.0	215.51998901367188	49.0
2878	172.3199920654297	219.3600006103516	47.4000015258789
2879	176.16000366210938	215.0399932861328	49.4000015258789
2880	177.1199951171875	221.1199951171875	49.20000076293945
2881	178.72000122070312	211.83999633789062	50.4000015258789
2882	177.59999084472656	217.1199951171875	51.4000015258789
2883	181.9199981689453	216.0	49.0
2884	183.83999633789062	219.51998901367188	50.20000076293945
2885	184.47999572753903	210.87998962402344	49.60000228881836
2886	186.72000122070312	217.9199981689453	47.60000228881836
2887	187.67999267578125	215.0399932861328	48.4000015258789
2888	187.83999633789062	219.0399932861328	50.60000228881836
2889	188.47999572753903	208.63999938964844	50.20000076293945
2890	190.87998962402344	223.0399932861328	50.20000076293945
2891	193.44000244140625	212.63999938964844	48.79999923706055
2892	190.87998962402344	216.3199920654297	50.60000228881836
2893	191.0399932861328	209.75999450683597	52.4000015258789
2894	197.27999877929688	214.239990234375	51.20000076293945
2895	197.9199981689453	208.63999938964844	48.79999923706055
2896	200.8000030517578	211.3600006103516	49.60000228881836
2897	204.0	218.239990234375	54.20000076293945
2898	203.83999633789062	215.67999267578125	50.0
2899	208.0	213.75999450683597	48.79999923706055
2900	210.0800018310547	208.79998779296875	48.60000228881836
2901	215.3600006103516	208.79998779296875	48.0
2902	167.67999267578125	111.36000061035156	55.20000076293945
2903	166.72000122070312	125.5999984741211	52.4000015258789
2904	173.9199981689453	108.79999542236328	55.79999923706055
2905	184.3199920654297	120.63999938964844	53.20000076293945
2906	189.75999450683597	112.15999603271484	55.60000228881836
2907	190.3999938964844	113.43999481201172	52.60000228881836
2908	188.3199920654297	118.07999420166016	53.79999923706055
2909	190.0800018310547	120.95999908447266	56.0
2910	194.55999755859372	112.31999969482422	54.79999923706055
2911	195.51998901367188	117.91999816894531	53.4000015258789
2912	195.1999969482422	116.63999938964844	56.60000228881836
2913	201.1199951171875	119.68000030517578	52.60000228881836
2914	197.1199951171875	110.23999786376952	56.20000076293945
2915	201.27999877929688	120.63999938964844	56.60000228881836
2916	201.9199981689453	115.04000091552734	54.4000015258789
2917	202.3999938964844	124.31999969482422	55.60000228881836
2918	205.9199981689453	124.31999969482422	52.60000228881836
2919	207.1999969482422	117.5999984741211	54.60000228881836
2920	212.47999572753903	122.23999786376952	54.20000076293945
2921	214.55999755859372	119.1999969482422	53.60000228881836
2922	216.79998779296875	123.04000091552734	55.60000228881836
2923	134.239990234375	141.44000244140625	56.20000076293945
2924	147.83999633789062	125.75999450683594	56.20000076293945
2925	154.55999755859375	127.83999633789062	56.79999923706055
2926	158.239990234375	139.19999694824222	53.20000076293945
2927	161.9199981689453	133.1199951171875	53.4000015258789
2928	162.239990234375	137.1199951171875	56.20000076293945
2929	168.0	128.95999145507812	54.60000228881836
2930	168.95999145507812	136.47999572753906	54.20000076293945
2931	168.95999145507812	126.55999755859376	56.60000228881836
2932	170.87998962402344	144.95999145507812	52.79999923706055
2933	174.55999755859375	130.08000183105472	58.4000015258789
2934	174.72000122070312	135.03999328613278	57.4000015258789
2935	178.87998962402344	139.03999328613278	56.60000228881836
2936	188.9599914550781	140.63999938964844	55.60000228881836
2937	193.75999450683597	142.0800018310547	52.4000015258789
2938	197.1199951171875	139.67999267578122	54.60000228881836
2939	193.9199981689453	138.239990234375	57.79999923706055
2940	198.0800018310547	136.0	54.4000015258789
2941	196.8000030517578	126.87999725341795	57.0
2942	201.27999877929688	133.59999084472656	55.79999923706055
2943	203.0399932861328	128.80000305175778	57.20000076293945
2944	205.75999450683597	136.31999206542972	57.79999923706055
2945	205.59999084472656	132.47999572753906	54.60000228881836
2946	205.9199981689453	137.44000244140622	54.4000015258789
2947	206.87998962402344	128.31999206542972	54.4000015258789
2948	208.79998779296875	124.47999572753906	56.0
2949	207.1999969482422	139.67999267578122	56.4000015258789
2950	209.75999450683597	131.03999328613278	53.4000015258789
2951	210.72000122070312	141.59999084472656	55.60000228881836
2952	212.9599914550781	140.8000030517578	52.79999923706055
2953	210.0800018310547	134.87998962402344	57.4000015258789
2954	213.75999450683597	134.72000122070312	53.79999923706055
2955	211.51998901367188	130.39999389648438	56.79999923706055
2956	215.1999969482422	125.1199951171875	52.4000015258789
2957	217.27999877929688	143.52000427246094	52.0
2958	215.3600006103516	138.87998962402344	55.4000015258789
2959	217.44000244140625	135.67999267578122	54.0
2960	217.75999450683597	129.75999450683594	55.4000015258789
2961	220.3199920654297	144.0	54.4000015258789
2962	220.3199920654297	133.59999084472656	52.4000015258789
2963	220.47999572753903	140.8000030517578	52.4000015258789
2964	224.9599914550781	135.67999267578122	52.79999923706055
2965	225.59999084472656	138.87998962402344	53.0
2966	224.63999938964844	143.36000061035156	52.79999923706055
2967	231.51998901367188	143.0399932861328	52.79999923706055
2968	231.51998901367188	132.63999938964844	51.79999923706055
2969	238.3999938964844	144.0	56.60000228881836
2970	128.80000305175778	153.1199951171875	54.0
2971	129.44000244140622	148.63999938964844	57.60000228881836
2972	140.31999206542972	158.0800018310547	55.4000015258789
2973	140.95999145507812	153.75999450683594	54.0
2974	142.239990234375	161.27999877929688	56.0
2975	145.9199981689453	165.44000244140625	55.60000228881836
2976	148.63999938964844	150.0800018310547	55.79999923706055
2977	147.67999267578125	153.9199981689453	56.60000228881836
2978	152.47999572753906	167.51998901367188	56.4000015258789
2979	158.39999389648438	159.83999633789062	52.60000228881836
2980	156.63999938964844	163.67999267578125	51.20000076293945
2981	182.0800018310547	160.47999572753906	53.4000015258789
2982	182.0800018310547	163.36000061035156	56.4000015258789
2983	186.3999938964844	160.16000366210938	56.79999923706055
2984	210.3999938964844	157.59999084472656	52.4000015258789
2985	215.0399932861328	155.1999969482422	55.0
2986	215.0399932861328	165.1199951171875	54.0
2987	213.44000244140625	152.3199920654297	56.79999923706055
2988	214.0800018310547	148.3199920654297	54.79999923706055
2989	216.47999572753903	162.39999389648438	52.0
2990	219.83999633789062	152.95999145507812	56.0
2991	217.27999877929688	147.83999633789062	56.79999923706055
2992	221.75999450683597	162.39999389648438	54.4000015258789
2993	220.9599914550781	157.44000244140625	54.4000015258789
2994	223.1999969482422	149.44000244140625	54.20000076293945
2995	224.47999572753903	153.59999084472656	52.79999923706055
2996	227.83999633789062	146.55999755859375	54.0
2997	224.1599884033203	145.27999877929688	56.79999923706055
2998	225.44000244140625	153.75999450683594	56.4000015258789
2999	221.44000244140625	156.63999938964844	58.0
3000	226.55999755859372	165.44000244140625	54.60000228881836
3001	228.9599914550781	151.83999633789062	53.20000076293945
3002	230.239990234375	155.67999267578125	55.0
3003	227.3600006103516	147.83999633789062	56.60000228881836
3004	230.72000122070312	148.63999938964844	53.0
3005	229.75999450683597	160.0	56.4000015258789
3006	232.47999572753903	160.63999938964844	53.20000076293945
3007	233.59999084472656	151.36000061035156	54.79999923706055
3008	234.55999755859372	156.16000366210938	53.0
3009	235.3600006103516	156.3199920654297	56.4000015258789
3010	236.47999572753903	160.8000030517578	54.60000228881836
3011	237.1199951171875	149.27999877929688	53.20000076293945
3012	238.87998962402344	156.8000030517578	53.4000015258789
3013	239.51998901367188	158.39999389648438	58.4000015258789
3014	241.4399871826172	164.95999145507812	55.60000228881836
3015	123.68000030517578	168.16000366210938	56.4000015258789
3016	127.68000030517578	173.9199981689453	56.0
3017	132.63999938964844	181.75999450683597	52.4000015258789
3018	135.67999267578122	182.55999755859372	56.20000076293945
3019	134.39999389648438	190.72000122070312	53.60000228881836
3020	140.95999145507812	184.63999938964844	54.60000228881836
3021	153.27999877929688	180.47999572753903	55.60000228881836
3022	155.83999633789062	173.9199981689453	57.20000076293945
3023	160.8000030517578	176.3199920654297	54.4000015258789
3024	160.63999938964844	185.27999877929688	57.0
3025	166.0800018310547	175.83999633789062	54.60000228881836
3026	172.63999938964844	168.16000366210938	55.60000228881836
3027	174.239990234375	172.16000366210938	57.4000015258789
3028	176.16000366210938	167.51998901367188	58.20000076293945
3029	181.9199981689453	170.55999755859375	53.79999923706055
3030	186.0800018310547	166.72000122070312	55.20000076293945
3031	191.83999633789062	169.44000244140625	53.79999923706055
3032	189.44000244140625	169.59999084472656	57.4000015258789
3033	191.51998901367188	176.3199920654297	56.79999923706055
3034	215.3600006103516	175.83999633789062	53.4000015258789
3035	216.63999938964844	168.8000030517578	56.20000076293945
3036	216.47999572753903	185.9199981689453	54.0
3037	219.3600006103516	166.87998962402344	52.4000015258789
3038	219.3600006103516	170.72000122070312	54.60000228881836
3039	220.3199920654297	178.55999755859375	55.60000228881836
3040	220.3199920654297	182.72000122070312	55.79999923706055
3041	221.75999450683597	167.36000061035156	56.0
3042	222.0800018310547	185.9199981689453	52.60000228881836
3043	223.51998901367188	171.36000061035156	52.4000015258789
3044	223.67999267578125	184.3199920654297	56.0
3045	224.79998779296875	179.1999969482422	56.20000076293945
3046	228.63999938964844	182.3999938964844	54.60000228881836
3047	228.0	178.39999389648438	54.0
3048	226.0800018310547	173.44000244140625	56.4000015258789
3049	227.0399932861328	168.95999145507812	54.4000015258789
3050	230.0800018310547	172.8000030517578	55.79999923706055
3051	232.3199920654297	178.87998962402344	55.4000015258789
3052	230.72000122070312	186.0800018310547	52.4000015258789
3053	234.0800018310547	177.75999450683594	52.60000228881836
3054	232.3199920654297	167.36000061035156	57.4000015258789
3055	235.1999969482422	174.39999389648438	53.60000228881836
3056	235.1999969482422	165.75999450683594	53.60000228881836
3057	236.0	179.67999267578125	57.60000228881836
3058	236.79998779296875	177.27999877929688	62.60000228881836
3059	240.63999938964844	167.83999633789062	53.0
3060	239.3600006103516	168.63999938964844	58.79999923706055
3061	128.80000305175778	186.87998962402344	53.60000228881836
3062	130.239990234375	189.75999450683597	56.0
3063	134.72000122070312	191.83999633789062	56.79999923706055
3064	136.47999572753906	195.83999633789062	55.60000228881836
3065	137.59999084472656	199.83999633789062	56.0
3066	139.19999694824222	196.47999572753903	53.0
3067	137.91999816894528	187.0399932861328	52.20000076293945
3068	137.75999450683594	189.59999084472656	55.79999923706055
3069	143.36000061035156	202.239990234375	56.79999923706055
3070	142.72000122070312	193.59999084472656	54.60000228881836
3071	145.27999877929688	186.55999755859372	55.4000015258789
3072	145.44000244140625	202.72000122070312	53.60000228881836
3073	146.239990234375	196.9599914550781	52.0
3074	145.44000244140625	189.75999450683597	52.0
3075	148.0	200.0	55.4000015258789
3076	148.8000030517578	189.1199951171875	54.79999923706055
3077	151.67999267578125	193.44000244140625	54.60000228881836
3078	150.0800018310547	205.75999450683597	53.60000228881836
3079	153.27999877929688	196.3199920654297	56.4000015258789
3080	156.0	200.9599914550781	55.79999923706055
3081	156.63999938964844	193.75999450683597	55.79999923706055
3082	160.3199920654297	195.51998901367188	52.79999923706055
3083	160.3199920654297	201.44000244140625	54.60000228881836
3084	160.63999938964844	191.67999267578125	60.20000076293945
3085	168.16000366210938	203.51998901367188	53.0
3086	171.0399932861328	201.75999450683597	54.20000076293945
3087	175.1999969482422	201.1199951171875	55.0
3088	177.1199951171875	205.44000244140625	56.4000015258789
3089	180.1599884033203	206.3999938964844	52.60000228881836
3090	185.9199981689453	200.9599914550781	52.4000015258789
3091	184.0	204.47999572753903	57.20000076293945
3092	188.3199920654297	204.47999572753903	53.79999923706055
3093	190.239990234375	200.3199920654297	56.20000076293945
3094	191.3600006103516	204.9599914550781	55.4000015258789
3095	195.1999969482422	206.87998962402344	53.4000015258789
3096	197.59999084472656	204.9599914550781	52.60000228881836
3097	200.1599884033203	207.1999969482422	56.0
3098	200.0	199.67999267578125	54.4000015258789
3099	205.59999084472656	200.9599914550781	53.4000015258789
3100	205.1199951171875	206.55999755859372	54.4000015258789
3101	207.51998901367188	196.9599914550781	56.4000015258789
3102	210.0800018310547	193.44000244140625	52.20000076293945
3103	209.1199951171875	205.75999450683597	51.4000015258789
3104	212.79998779296875	204.79998779296875	57.0
3105	215.51998901367188	206.239990234375	51.4000015258789
3106	213.75999450683597	200.9599914550781	53.79999923706055
3107	213.9199981689453	195.67999267578125	54.0
3108	218.0800018310547	191.1999969482422	55.0
3109	220.3199920654297	203.3600006103516	56.4000015258789
3110	217.9199981689453	206.55999755859372	54.20000076293945
3111	221.27999877929688	200.9599914550781	52.20000076293945
3112	223.0399932861328	193.9199981689453	55.79999923706055
3113	226.239990234375	197.44000244140625	54.79999923706055
3114	229.59999084472656	190.239990234375	52.0
3115	229.75999450683597	188.9599914550781	56.0
3116	233.75999450683597	186.87998962402344	54.79999923706055
3117	145.44000244140625	212.0	55.79999923706055
3118	153.75999450683594	212.63999938964844	54.20000076293945
3119	154.0800018310547	208.0	52.4000015258789
3120	160.0	214.55999755859372	54.0
3121	164.95999145507812	209.9199981689453	53.0
3122	170.55999755859375	209.9199981689453	52.79999923706055
3123	171.0399932861328	221.59999084472656	52.20000076293945
3124	174.0800018310547	212.3199920654297	52.79999923706055
3125	173.9199981689453	211.1999969482422	56.4000015258789
3126	178.0800018310547	210.87998962402344	54.20000076293945
3127	180.9599914550781	218.55999755859372	53.60000228881836
3128	183.0399932861328	223.51998901367188	52.60000228881836
3129	182.3999938964844	214.87998962402344	55.20000076293945
3130	182.239990234375	207.83999633789062	56.0
3131	183.51998901367188	212.3199920654297	53.20000076293945
3132	185.27999877929688	213.1199951171875	55.4000015258789
3133	186.0800018310547	217.75999450683597	54.60000228881836
3134	186.87998962402344	208.9599914550781	55.60000228881836
3135	189.27999877929688	223.51998901367188	56.20000076293945
3136	191.83999633789062	215.83999633789062	53.60000228881836
3137	191.0399932861328	208.9599914550781	57.20000076293945
3138	197.44000244140625	212.47999572753903	54.0
3139	195.3600006103516	209.59999084472656	56.4000015258789
3140	194.55999755859372	213.9199981689453	57.4000015258789
3141	199.0399932861328	218.87998962402344	56.0
3142	203.3600006103516	212.9599914550781	52.20000076293945
3143	199.67999267578125	214.87998962402344	56.60000228881836
3144	201.75999450683597	210.72000122070312	56.4000015258789
3145	206.239990234375	206.0800018310547	57.60000228881836
3146	206.87998962402344	212.79998779296875	55.60000228881836
3147	208.79998779296875	209.44000244140625	53.0
3148	209.27999877929688	214.239990234375	51.79999923706055
3149	210.87998962402344	213.27999877929688	55.20000076293945
3150	214.55999755859372	207.83999633789062	54.20000076293945
3151	214.87998962402344	210.72000122070312	52.0
3152	214.239990234375	211.67999267578125	56.4000015258789
3153	144.95999145507812	124.63999938964844	63.0
3154	149.44000244140625	122.39999389648438	61.4000015258789
3155	150.239990234375	119.36000061035156	60.60000228881836
3156	155.1999969482422	117.43999481201172	58.60000228881836
3157	152.95999145507812	118.07999420166016	62.60000228881836
3158	162.0800018310547	112.31999969482422	58.20000076293945
3159	165.1199951171875	119.1999969482422	60.4000015258789
3160	165.27999877929688	110.39999389648438	61.79999923706055
3161	167.83999633789062	113.27999877929688	59.4000015258789
3162	173.1199951171875	108.47999572753906	61.0
3163	172.47999572753906	116.47999572753906	60.4000015258789
3164	173.44000244140625	112.63999938964844	60.60000228881836
3165	177.44000244140625	107.5199966430664	60.20000076293945
3166	178.239990234375	113.1199951171875	60.79999923706055
3167	180.8000030517578	115.83999633789062	59.0
3168	180.3199920654297	109.43999481201172	61.60000228881836
3169	190.239990234375	111.68000030517578	60.60000228881836
3170	196.9599914550781	123.04000091552734	57.60000228881836
3171	199.3600006103516	115.68000030517578	58.79999923706055
3172	203.1999969482422	112.15999603271484	58.60000228881836
3173	202.87998962402344	119.83999633789062	60.4000015258789
3174	203.0399932861328	116.15999603271484	60.20000076293945
3175	205.59999084472656	121.75999450683594	57.60000228881836
3176	207.51998901367188	116.47999572753906	60.60000228881836
3177	212.9599914550781	119.5199966430664	59.4000015258789
3178	211.3600006103516	125.75999450683594	59.60000228881836
3179	219.0399932861328	120.47999572753906	58.4000015258789
3180	215.0399932861328	125.75999450683594	57.60000228881836
3181	221.44000244140625	124.15999603271484	58.20000076293945
3182	130.72000122070312	145.59999084472656	59.79999923706055
3183	133.27999877929688	135.03999328613278	63.60000228881836
3184	132.80000305175778	141.75999450683594	60.4000015258789
3185	137.59999084472656	135.52000427246094	59.79999923706055
3186	143.67999267578125	137.27999877929688	62.0
3187	159.36000061035156	135.19999694824222	62.20000076293945
3188	159.36000061035156	136.0	58.0
3189	169.75999450683594	129.27999877929688	64.59999847412111
3190	169.27999877929688	132.95999145507812	58.60000228881836
3191	171.83999633789062	141.1199951171875	61.60000228881836
3192	177.27999877929688	134.239990234375	60.60000228881836
3193	176.8000030517578	144.3199920654297	61.4000015258789
3194	182.87998962402344	141.59999084472656	58.20000076293945
3195	182.87998962402344	144.8000030517578	56.4000015258789
3196	184.8000030517578	136.80000305175778	58.60000228881836
3197	189.75999450683597	137.27999877929688	59.60000228881836
3198	194.239990234375	142.239990234375	61.79999923706055
3199	198.0800018310547	128.95999145507812	60.0
3200	198.0800018310547	139.52000427246094	58.60000228881836
3201	197.75999450683597	143.52000427246094	61.60000228881836
3202	204.1599884033203	128.95999145507812	61.79999923706055
3203	205.44000244140625	133.91999816894528	63.0
3204	206.239990234375	131.83999633789062	58.79999923706055
3205	202.3999938964844	138.08000183105472	62.4000015258789
3206	207.83999633789062	127.68000030517578	60.20000076293945
3207	208.0	135.52000427246094	60.79999923706055
3208	209.1199951171875	142.55999755859375	61.20000076293945
3209	210.239990234375	132.0	61.20000076293945
3210	212.9599914550781	144.16000366210938	59.20000076293945
3211	214.3999938964844	140.0	59.79999923706055
3212	213.27999877929688	130.87998962402344	59.79999923706055
3213	215.67999267578125	133.27999877929688	61.0
3214	216.79998779296875	144.16000366210938	60.79999923706055
3215	218.3999938964844	135.19999694824222	58.4000015258789
3216	217.9199981689453	138.72000122070312	61.60000228881836
3217	219.83999633789062	127.68000030517578	60.0
3218	220.63999938964844	142.0800018310547	60.0
3219	221.1199951171875	135.83999633789062	61.0
3220	224.9599914550781	140.47999572753906	57.79999923706055
3221	222.55999755859372	132.31999206542972	58.20000076293945
3222	224.9599914550781	136.47999572753906	60.4000015258789
3223	225.27999877929688	128.80000305175778	59.79999923706055
3224	224.63999938964844	146.39999389648438	59.79999923706055
3225	227.1999969482422	132.63999938964844	57.60000228881836
3226	228.1599884033203	139.83999633789062	57.20000076293945
3227	229.9199981689453	135.36000061035156	58.4000015258789
3228	229.27999877929688	138.55999755859378	61.79999923706055
3229	230.0800018310547	144.63999938964844	57.79999923706055
3230	228.47999572753903	128.31999206542972	63.0
3231	230.72000122070312	131.03999328613278	60.4000015258789
3232	233.1199951171875	136.80000305175778	58.20000076293945
3233	233.75999450683597	139.19999694824222	60.20000076293945
3234	234.55999755859372	145.44000244140625	59.60000228881836
3235	235.0399932861328	136.47999572753906	62.60000228881836
3236	235.83999633789062	142.0800018310547	60.20000076293945
3237	122.87999725341795	161.75999450683594	60.60000228881836
3238	123.36000061035156	160.0	62.79999923706055
3239	124.63999938964844	158.72000122070312	58.60000228881836
3240	127.1999969482422	163.67999267578125	59.79999923706055
3241	130.72000122070312	164.95999145507812	60.20000076293945
3242	140.63999938964844	163.36000061035156	61.0
3243	139.52000427246094	161.1199951171875	62.4000015258789
3244	142.55999755859375	145.27999877929688	63.4000015258789
3245	142.55999755859375	160.3199920654297	63.20000076293945
3246	145.44000244140625	161.27999877929688	58.20000076293945
3247	148.8000030517578	149.75999450683594	60.0
3248	155.1999969482422	162.39999389648438	60.79999923706055
3249	162.87998962402344	160.63999938964844	61.79999923706055
3250	163.83999633789062	163.67999267578125	58.0
3251	169.1199951171875	164.8000030517578	59.20000076293945
3252	171.36000061035156	149.1199951171875	61.60000228881836
3253	171.67999267578125	164.95999145507812	60.4000015258789
3254	173.9199981689453	153.59999084472656	62.20000076293945
3255	175.0399932861328	150.0800018310547	60.0
3256	177.27999877929688	155.1999969482422	59.4000015258789
3257	178.87998962402344	147.67999267578125	62.60000228881836
3258	179.0399932861328	158.39999389648438	60.60000228881836
3259	181.44000244140625	150.39999389648438	60.60000228881836
3260	188.63999938964844	163.1999969482422	60.0
3261	189.9199981689453	160.16000366210938	62.0
3262	191.1999969482422	166.55999755859375	60.4000015258789
3263	212.0	151.51998901367188	60.60000228881836
3264	212.79998779296875	146.55999755859375	61.60000228881836
3265	217.1199951171875	149.75999450683594	59.60000228881836
3266	215.83999633789062	164.63999938964844	60.20000076293945
3267	218.0800018310547	154.239990234375	60.20000076293945
3268	217.59999084472656	162.72000122070312	57.79999923706055
3269	219.3600006103516	159.83999633789062	60.0
3270	220.79998779296875	147.36000061035156	58.0
3271	222.0800018310547	163.1999969482422	59.4000015258789
3272	224.0	149.9199981689453	60.0
3273	224.63999938964844	161.9199981689453	60.79999923706055
3274	226.239990234375	158.55999755859375	59.60000228881836
3275	228.47999572753903	151.36000061035156	62.0
3276	228.63999938964844	150.39999389648438	58.0
3277	228.63999938964844	155.51998901367188	60.0
3278	230.239990234375	164.95999145507812	60.0
3279	232.47999572753903	158.239990234375	58.20000076293945
3280	231.51998901367188	148.63999938964844	61.4000015258789
3281	232.79998779296875	152.63999938964844	58.4000015258789
3282	233.75999450683597	148.63999938964844	57.79999923706055
3283	235.3600006103516	150.0800018310547	61.4000015258789
3284	239.1999969482422	163.83999633789062	59.20000076293945
3285	122.87999725341795	173.75999450683594	62.20000076293945
3286	124.47999572753906	166.72000122070312	60.79999923706055
3287	127.5199966430664	171.1999969482422	60.20000076293945
3288	130.87998962402344	174.39999389648438	59.20000076293945
3289	130.39999389648438	168.95999145507812	60.0
3290	129.1199951171875	185.27999877929688	62.79999923706055
3291	133.27999877929688	177.75999450683594	59.4000015258789
3292	148.0	178.55999755859375	60.60000228881836
3293	148.63999938964844	186.55999755859372	57.79999923706055
3294	152.3199920654297	186.72000122070312	62.79999923706055
3295	149.44000244140625	168.16000366210938	61.0
3296	157.44000244140625	178.0800018310547	57.20000076293945
3297	156.47999572753906	183.83999633789062	60.20000076293945
3298	158.87998962402344	166.55999755859375	64.0
3299	162.72000122070312	167.51998901367188	61.60000228881836
3300	163.0399932861328	181.75999450683597	58.79999923706055
3301	165.1199951171875	169.75999450683594	58.79999923706055
3302	163.1999969482422	184.8000030517578	61.20000076293945
3303	167.36000061035156	186.3999938964844	60.0
3304	173.44000244140625	177.59999084472656	62.0
3305	175.83999633789062	174.239990234375	60.79999923706055
3306	176.8000030517578	184.3199920654297	61.4000015258789
3307	180.8000030517578	172.95999145507812	60.20000076293945
3308	179.83999633789062	177.1199951171875	63.0
3309	181.9199981689453	181.9199981689453	61.4000015258789
3310	185.9199981689453	173.59999084472656	58.0
3311	187.51998901367188	168.0	60.79999923706055
3312	191.67999267578125	172.8000030517578	61.60000228881836
3313	216.47999572753903	171.67999267578125	60.60000228881836
3314	216.9599914550781	179.1999969482422	58.20000076293945
3315	219.51998901367188	181.9199981689453	60.20000076293945
3316	219.83999633789062	170.87998962402344	58.4000015258789
3317	220.79998779296875	166.55999755859375	61.4000015258789
3318	223.51998901367188	175.1999969482422	59.20000076293945
3319	228.47999572753903	168.63999938964844	58.4000015258789
3320	223.51998901367188	181.44000244140625	59.4000015258789
3321	223.0399932861328	186.3999938964844	58.79999923706055
3322	223.83999633789062	177.9199981689453	61.79999923706055
3323	225.1199951171875	168.95999145507812	61.79999923706055
3324	227.0399932861328	172.8000030517578	60.60000228881836
3325	227.83999633789062	185.75999450683597	60.60000228881836
3326	233.4399871826172	178.87998962402344	58.20000076293945
3327	230.239990234375	179.51998901367188	61.4000015258789
3328	231.3600006103516	184.63999938964844	58.20000076293945
3329	234.0800018310547	170.87998962402344	57.60000228881836
3330	231.83999633789062	171.51998901367188	61.0
3331	235.3600006103516	174.87998962402344	57.20000076293945
3332	235.1999969482422	181.44000244140625	61.0
3333	235.0399932861328	184.9599914550781	60.0
3334	132.95999145507812	190.87998962402344	59.0
3335	132.63999938964844	195.1999969482422	59.4000015258789
3336	135.67999267578122	199.1999969482422	60.20000076293945
3337	137.91999816894528	194.72000122070312	60.20000076293945
3338	140.8000030517578	200.8000030517578	57.79999923706055
3339	139.67999267578122	204.63999938964844	57.4000015258789
3340	141.44000244140625	188.9599914550781	60.60000228881836
3341	141.1199951171875	188.9599914550781	57.60000228881836
3342	141.27999877929688	195.0399932861328	58.79999923706055
3343	144.63999938964844	204.9599914550781	57.20000076293945
3344	143.1999969482422	207.67999267578125	59.60000228881836
3345	144.8000030517578	187.67999267578125	61.79999923706055
3346	146.72000122070312	197.9199981689453	58.20000076293945
3347	148.47999572753906	191.51998901367188	58.20000076293945
3348	149.9199981689453	196.0	58.60000228881836
3349	152.16000366210938	204.47999572753903	60.4000015258789
3350	154.0800018310547	201.1199951171875	61.20000076293945
3351	156.8000030517578	205.9199981689453	60.4000015258789
3352	157.27999877929688	198.55999755859372	61.0
3353	160.16000366210938	201.44000244140625	60.0
3354	159.36000061035156	207.67999267578125	57.60000228881836
3355	160.47999572753906	196.9599914550781	61.0
3356	162.72000122070312	205.75999450683597	58.60000228881836
3357	164.16000366210938	201.9199981689453	59.4000015258789
3358	164.47999572753906	197.27999877929688	58.79999923706055
3359	168.16000366210938	200.1599884033203	59.4000015258789
3360	166.87998962402344	205.27999877929688	60.0
3361	170.55999755859375	204.79998779296875	60.4000015258789
3362	171.83999633789062	198.72000122070312	61.60000228881836
3363	173.59999084472656	206.87998962402344	59.20000076293945
3364	176.0	203.51998901367188	60.79999923706055
3365	178.39999389648438	206.72000122070312	60.4000015258789
3366	179.67999267578125	200.9599914550781	61.4000015258789
3367	186.55999755859372	201.59999084472656	60.79999923706055
3368	189.75999450683597	204.79998779296875	59.4000015258789
3369	191.3600006103516	200.63999938964844	61.0
3370	194.55999755859372	200.1599884033203	58.0
3371	194.3999938964844	204.63999938964844	60.60000228881836
3372	197.75999450683597	202.239990234375	61.0
3373	200.8000030517578	199.83999633789062	60.0
3374	202.87998962402344	204.3199920654297	58.79999923706055
3375	208.1599884033203	198.55999755859372	61.79999923706055
3376	208.63999938964844	202.3999938964844	60.60000228881836
3377	211.3600006103516	199.83999633789062	57.79999923706055
3378	209.27999877929688	206.3999938964844	60.79999923706055
3379	212.0	208.63999938964844	57.4000015258789
3380	214.55999755859372	200.3199920654297	61.60000228881836
3381	215.83999633789062	204.0	60.4000015258789
3382	218.72000122070312	199.51998901367188	57.20000076293945
3383	219.51998901367188	187.51998901367188	60.60000228881836
3384	220.47999572753903	203.3600006103516	61.79999923706055
3385	221.75999450683597	195.67999267578125	58.79999923706055
3386	221.59999084472656	197.44000244140625	61.60000228881836
3387	223.0399932861328	204.9599914550781	59.0
3388	225.9199981689453	192.1599884033203	59.4000015258789
3389	226.72000122070312	198.87998962402344	60.4000015258789
3390	224.9599914550781	203.0399932861328	62.60000228881836
3391	229.59999084472656	190.55999755859372	58.79999923706055
3392	229.59999084472656	194.72000122070312	60.4000015258789
3393	233.1199951171875	189.1199951171875	60.60000228881836
3394	146.0800018310547	212.3199920654297	60.20000076293945
3395	149.9199981689453	214.55999755859372	58.0
3396	149.75999450683594	208.47999572753903	58.79999923706055
3397	152.3199920654297	210.239990234375	60.20000076293945
3398	151.83999633789062	216.79998779296875	61.20000076293945
3399	155.67999267578125	216.9599914550781	57.20000076293945
3400	155.51998901367188	211.67999267578125	58.0
3401	156.47999572753906	211.1999969482422	60.4000015258789
3402	155.36000061035156	215.83999633789062	60.79999923706055
3403	159.0399932861328	214.3999938964844	57.20000076293945
3404	160.63999938964844	214.87998962402344	60.4000015258789
3405	161.9199981689453	207.67999267578125	61.0
3406	162.87998962402344	216.9599914550781	57.4000015258789
3407	163.83999633789062	210.239990234375	58.60000228881836
3408	164.8000030517578	221.9199981689453	57.60000228881836
3409	163.83999633789062	216.9599914550781	62.60000228881836
3410	167.83999633789062	215.51998901367188	60.20000076293945
3411	165.1199951171875	211.83999633789062	62.60000228881836
3412	167.51998901367188	220.1599884033203	60.0
3413	167.67999267578125	210.239990234375	57.60000228881836
3414	170.72000122070312	217.27999877929688	57.79999923706055
3415	171.0399932861328	221.75999450683597	61.20000076293945
3416	171.67999267578125	212.79998779296875	59.4000015258789
3417	171.36000061035156	223.51998901367188	56.79999923706055
3418	173.75999450683594	211.51998901367188	62.4000015258789
3419	174.72000122070312	216.0	57.20000076293945
3420	174.55999755859375	224.0	61.4000015258789
3421	175.83999633789062	215.83999633789062	60.79999923706055
3422	176.47999572753906	211.51998901367188	59.4000015258789
3423	176.0	220.9599914550781	62.0
3424	177.9199981689453	218.55999755859372	57.4000015258789
3425	179.83999633789062	214.239990234375	59.0
3426	181.75999450683597	224.0	61.0
3427	182.0800018310547	219.67999267578125	60.79999923706055
3428	185.75999450683597	222.0800018310547	57.4000015258789
3429	184.63999938964844	224.63999938964844	59.4000015258789
3430	188.47999572753903	218.55999755859372	57.20000076293945
3431	191.3600006103516	212.63999938964844	57.79999923706055
3432	190.0800018310547	221.75999450683597	58.60000228881836
3433	195.51998901367188	210.87998962402344	60.4000015258789
3434	198.55999755859372	210.239990234375	57.60000228881836
3435	198.55999755859372	208.63999938964844	61.20000076293945
3436	200.8000030517578	212.9599914550781	59.0
3437	202.87998962402344	208.1599884033203	61.20000076293945
3438	205.75999450683597	214.72000122070312	59.60000228881836
3439	210.3999938964844	212.0	59.60000228881836
3440	215.1999969482422	209.44000244140625	61.20000076293945
3441	217.44000244140625	207.51998901367188	58.60000228881836
3442	142.39999389648438	124.47999572753906	67.20000457763672
3443	148.63999938964844	124.47999572753906	65.59999847412111
3444	149.9199981689453	117.75999450683594	68.20000457763672
3445	168.95999145507812	111.83999633789062	64.40000152587889
3446	169.1199951171875	125.5999984741211	62.60000228881836
3447	173.1199951171875	108.31999969482422	65.59999847412111
3448	174.0800018310547	112.63999938964844	64.40000152587889
3449	177.59999084472656	110.87999725341795	63.60000228881836
3450	181.27999877929688	107.04000091552734	65.0
3451	181.1199951171875	110.07999420166016	65.40000152587889
3452	184.8000030517578	120.47999572753906	62.60000228881836
3453	184.9599914550781	111.83999633789062	64.40000152587889
3454	183.1999969482422	123.68000030517578	67.20000457763672
3455	185.27999877929688	120.31999969482422	67.40000152587889
3456	188.3199920654297	119.68000030517578	64.40000152587889
3457	188.3199920654297	107.68000030517578	64.20000457763672
3458	186.55999755859372	115.83999633789062	67.40000152587889
3459	190.87998962402344	111.04000091552734	64.20000457763672
3460	188.0	124.47999572753906	65.59999847412111
3461	191.1999969482422	116.47999572753906	65.0
3462	193.59999084472656	122.07999420166016	64.59999847412111
3463	195.51998901367188	119.04000091552734	65.59999847412111
3464	196.3199920654297	124.95999908447266	64.0
3465	199.1999969482422	116.79999542236328	65.20000457763672
3466	198.3999938964844	121.5999984741211	66.40000152587889
3467	203.67999267578125	116.95999908447266	63.79999923706055
3468	204.0	123.68000030517578	66.20000457763672
3469	206.87998962402344	113.43999481201172	62.60000228881836
3470	206.72000122070312	120.0	62.20000076293945
3471	202.3999938964844	114.87999725341795	67.0
3472	208.79998779296875	118.07999420166016	66.0
3473	209.75999450683597	112.15999603271484	66.0
3474	212.1599884033203	118.87999725341795	61.79999923706055
3475	215.1999969482422	121.1199951171875	64.0
3476	213.9199981689453	119.1999969482422	66.80000305175781
3477	217.44000244140625	108.79999542236328	64.80000305175781
3478	220.63999938964844	106.55999755859376	65.40000152587889
3479	223.51998901367188	123.36000061035156	62.60000228881836
3480	129.27999877929688	140.0	64.0
3481	130.39999389648438	145.59999084472656	63.60000228881836
3482	138.72000122070312	128.47999572753906	66.80000305175781
3483	144.16000366210938	134.55999755859378	63.20000076293945
3484	146.0800018310547	135.36000061035156	66.40000152587889
3485	154.39999389648438	124.31999969482422	66.20000457763672
3486	157.1199951171875	128.80000305175778	63.60000228881836
3487	170.39999389648438	138.55999755859378	66.20000457763672
3488	169.59999084472656	144.3199920654297	64.59999847412111
3489	172.63999938964844	127.5199966430664	66.20000457763672
3490	175.67999267578125	137.91999816894528	64.80000305175781
3491	177.9199981689453	140.63999938964844	62.79999923706055
3492	178.55999755859375	142.72000122070312	67.0
3493	183.1999969482422	129.1199951171875	64.59999847412111
3494	180.63999938964844	126.39999389648438	65.20000457763672
3495	183.51998901367188	142.87998962402344	64.80000305175781
3496	186.87998962402344	140.63999938964844	64.40000152587889
3497	190.0800018310547	129.75999450683594	63.4000015258789
3498	190.87998962402344	126.87999725341795	65.40000152587889
3499	193.59999084472656	141.1199951171875	68.59999847412111
3500	196.1599884033203	132.31999206542972	65.0
3501	196.63999938964844	141.1199951171875	66.20000457763672
3502	190.239990234375	131.36000061035156	68.80000305175781
3503	198.0800018310547	130.72000122070312	67.40000152587889
3504	199.1999969482422	126.23999786376952	65.80000305175781
3505	203.51998901367188	143.67999267578125	63.20000076293945
3506	205.44000244140625	139.19999694824222	65.80000305175781
3507	208.9599914550781	138.39999389648438	63.0
3508	208.79998779296875	132.47999572753906	65.40000152587889
3509	212.79998779296875	129.91999816894528	64.80000305175781
3510	212.47999572753903	138.87998962402344	63.0
3511	213.75999450683597	135.03999328613278	64.59999847412111
3512	216.0	139.19999694824222	65.40000152587889
3513	217.9199981689453	145.75999450683594	64.20000457763672
3514	221.9199981689453	128.16000366210938	64.80000305175781
3515	217.9199981689453	133.59999084472656	64.20000457763672
3516	221.59999084472656	133.44000244140622	65.59999847412111
3517	221.9199981689453	140.31999206542972	63.60000228881836
3518	224.1599884033203	133.44000244140622	62.79999923706055
3519	225.59999084472656	131.03999328613278	66.0
3520	223.83999633789062	145.1199951171875	63.60000228881836
3521	227.51998901367188	136.16000366210938	67.40000152587889
3522	226.72000122070312	140.31999206542972	64.80000305175781
3523	229.27999877929688	134.39999389648438	64.20000457763672
3524	229.9199981689453	144.3199920654297	64.40000152587889
3525	232.9599914550781	136.47999572753906	66.20000457763672
3526	234.87998962402344	140.47999572753906	65.0
3527	234.72000122070312	144.8000030517578	63.60000228881836
3528	239.51998901367188	147.1999969482422	62.4000015258789
3529	122.7199935913086	166.87998962402344	64.0
3530	127.04000091552734	161.59999084472656	66.59999847412111
3531	128.0	167.0399932861328	64.0
3532	133.44000244140622	157.44000244140625	64.59999847412111
3533	151.67999267578125	161.27999877929688	65.20000457763672
3534	154.239990234375	158.239990234375	66.80000305175781
3535	156.47999572753906	160.95999145507812	64.40000152587889
3536	160.16000366210938	158.72000122070312	64.59999847412111
3537	168.47999572753906	160.47999572753906	62.4000015258789
3538	168.8000030517578	148.16000366210938	64.80000305175781
3539	182.87998962402344	150.239990234375	66.40000152587889
3540	183.83999633789062	145.9199981689453	63.4000015258789
3541	183.51998901367188	158.0800018310547	64.80000305175781
3542	184.8000030517578	166.87998962402344	65.40000152587889
3543	186.87998962402344	150.39999389648438	63.79999923706055
3544	186.0800018310547	155.0399932861328	62.79999923706055
3545	188.3199920654297	147.36000061035156	65.40000152587889
3546	188.8000030517578	157.9199981689453	64.80000305175781
3547	190.3999938964844	154.239990234375	66.0
3548	190.55999755859372	166.0800018310547	64.40000152587889
3549	191.83999633789062	162.55999755859375	66.40000152587889
3550	192.3199920654297	157.75999450683594	67.40000152587889
3551	199.3600006103516	163.0399932861328	71.80000305175781
3552	198.0800018310547	146.87998962402344	63.60000228881836
3553	198.87998962402344	161.1199951171875	64.0
3554	201.44000244140625	155.0399932861328	64.0
3555	200.63999938964844	150.72000122070312	65.20000457763672
3556	202.239990234375	158.55999755859375	66.20000457763672
3557	205.59999084472656	146.87998962402344	64.40000152587889
3558	206.239990234375	154.55999755859375	66.0
3559	205.59999084472656	158.72000122070312	66.59999847412111
3560	208.1599884033203	149.9199981689453	64.59999847412111
3561	209.75999450683597	160.0	66.80000305175781
3562	210.0800018310547	155.36000061035156	66.59999847412111
3563	213.27999877929688	145.27999877929688	66.20000457763672
3564	214.239990234375	149.44000244140625	63.20000076293945
3565	213.1199951171875	156.0	64.40000152587889
3566	213.9199981689453	164.0	65.59999847412111
3567	215.83999633789062	157.9199981689453	62.0
3568	216.47999572753903	151.0399932861328	65.80000305175781
3569	217.27999877929688	161.1199951171875	66.20000457763672
3570	220.79998779296875	151.36000061035156	62.20000076293945
3571	220.1599884033203	151.0399932861328	65.59999847412111
3572	221.44000244140625	160.16000366210938	64.0
3573	223.83999633789062	155.83999633789062	62.20000076293945
3574	225.44000244140625	164.8000030517578	64.80000305175781
3575	224.47999572753903	149.9199981689453	64.20000457763672
3576	227.1999969482422	147.36000061035156	62.60000228881836
3577	228.9599914550781	156.63999938964844	65.80000305175781
3578	227.1999969482422	151.0399932861328	67.0
3579	231.1999969482422	163.0399932861328	67.0
3580	233.4399871826172	156.63999938964844	63.0
3581	232.9599914550781	159.83999633789062	64.80000305175781
3582	237.27999877929688	160.0	62.4000015258789
3583	237.9199981689453	165.59999084472656	64.40000152587889
3584	240.9599914550781	158.72000122070312	63.20000076293945
3585	237.4399871826172	145.9199981689453	68.80000305175781
3586	240.63999938964844	163.0399932861328	67.80000305175781
3587	123.83999633789062	175.51998901367188	65.20000457763672
3588	125.27999877929688	171.1999969482422	63.4000015258789
3589	124.63999938964844	180.3199920654297	64.40000152587889
3590	125.5999984741211	184.0	64.80000305175781
3591	128.31999206542972	173.9199981689453	62.60000228881836
3592	129.91999816894528	180.47999572753903	63.4000015258789
3593	132.47999572753906	183.83999633789062	62.20000076293945
3594	133.75999450683594	180.47999572753903	66.20000457763672
3595	136.63999938964844	175.83999633789062	65.40000152587889
3596	138.239990234375	184.9599914550781	66.59999847412111
3597	138.55999755859378	186.3999938964844	63.20000076293945
3598	141.1199951171875	179.51998901367188	63.20000076293945
3599	141.27999877929688	176.0	65.40000152587889
3600	141.75999450683594	172.0	64.20000457763672
3601	138.87998962402344	169.9199981689453	68.20000457763672
3602	145.59999084472656	184.0	62.4000015258789
3603	146.239990234375	172.47999572753906	62.79999923706055
3604	144.8000030517578	180.47999572753903	62.60000228881836
3605	146.55999755859375	177.1199951171875	65.0
3606	144.8000030517578	179.83999633789062	67.0
3607	148.95999145507812	182.72000122070312	64.40000152587889
3608	150.39999389648438	176.16000366210938	64.40000152587889
3609	150.239990234375	165.59999084472656	69.80000305175781
3610	153.59999084472656	167.51998901367188	64.40000152587889
3611	150.55999755859375	186.3999938964844	66.20000457763672
3612	156.0	185.1199951171875	67.20000457763672
3613	155.0399932861328	185.1199951171875	64.0
3614	156.47999572753906	170.0800018310547	64.20000457763672
3615	160.16000366210938	180.9599914550781	67.59999847412111
3616	159.1999969482422	177.1199951171875	63.20000076293945
3617	160.47999572753906	173.27999877929688	63.79999923706055
3618	160.63999938964844	184.47999572753903	71.4000015258789
3619	162.87998962402344	171.83999633789062	66.80000305175781
3620	163.67999267578125	173.75999450683594	63.0
3621	166.239990234375	179.36000061035156	67.0
3622	167.36000061035156	171.67999267578125	66.0
3623	168.0	166.87998962402344	66.0
3624	167.51998901367188	176.63999938964844	65.40000152587889
3625	168.47999572753906	174.0800018310547	63.0
3626	172.16000366210938	173.9199981689453	63.60000228881836
3627	172.8000030517578	181.27999877929688	67.40000152587889
3628	174.0800018310547	169.59999084472656	64.20000457763672
3629	175.83999633789062	179.36000061035156	66.40000152587889
3630	180.1599884033203	178.39999389648438	66.80000305175781
3631	182.3999938964844	175.51998901367188	65.0
3632	181.1199951171875	170.55999755859375	66.40000152587889
3633	183.67999267578125	183.83999633789062	65.0
3634	185.9199981689453	173.9199981689453	62.60000228881836
3635	185.59999084472656	177.27999877929688	65.80000305175781
3636	189.27999877929688	176.0	66.40000152587889
3637	193.44000244140625	169.44000244140625	64.59999847412111
3638	215.83999633789062	166.72000122070312	63.0
3639	216.47999572753903	178.87998962402344	63.60000228881836
3640	218.72000122070312	173.1199951171875	64.59999847412111
3641	217.59999084472656	186.239990234375	64.0
3642	220.47999572753903	168.95999145507812	65.40000152587889
3643	221.44000244140625	177.75999450683594	65.80000305175781
3644	222.72000122070312	184.63999938964844	62.79999923706055
3645	222.72000122070312	172.8000030517578	67.0
3646	225.27999877929688	175.0399932861328	63.79999923706055
3647	227.0399932861328	181.75999450683597	63.79999923706055
3648	229.59999084472656	170.0800018310547	63.79999923706055
3649	230.87998962402344	177.75999450683594	65.20000457763672
3650	230.87998962402344	167.0399932861328	62.4000015258789
3651	234.0800018310547	180.3199920654297	64.80000305175781
3652	234.0800018310547	187.3600006103516	63.4000015258789
3653	232.63999938964844	184.3199920654297	66.20000457763672
3654	234.3999938964844	166.0800018310547	66.59999847412111
3655	232.9599914550781	175.51998901367188	67.80000305175781
3656	134.39999389648438	195.83999633789062	62.79999923706055
3657	135.36000061035156	203.0399932861328	64.0
3658	136.47999572753906	199.0399932861328	66.80000305175781
3659	137.1199951171875	190.0800018310547	65.40000152587889
3660	138.39999389648438	195.67999267578125	65.0
3661	140.31999206542972	190.0800018310547	63.60000228881836
3662	139.67999267578122	203.0399932861328	62.60000228881836
3663	141.9199981689453	197.75999450683597	66.80000305175781
3664	140.95999145507812	206.0800018310547	64.59999847412111
3665	142.0800018310547	193.75999450683597	64.40000152587889
3666	143.83999633789062	200.3199920654297	63.60000228881836
3667	144.0	185.59999084472656	67.80000305175781
3668	145.9199981689453	190.87998962402344	64.59999847412111
3669	146.55999755859375	196.3199920654297	65.59999847412111
3670	145.75999450683594	208.1599884033203	62.4000015258789
3671	148.8000030517578	193.9199981689453	62.60000228881836
3672	147.67999267578125	187.3600006103516	63.60000228881836
3673	149.27999877929688	204.3199920654297	63.4000015258789
3674	149.75999450683594	201.27999877929688	66.20000457763672
3675	150.39999389648438	196.1599884033203	65.20000457763672
3676	149.27999877929688	190.87998962402344	66.0
3677	152.8000030517578	190.239990234375	65.59999847412111
3678	152.3199920654297	202.55999755859372	68.80000305175781
3679	153.59999084472656	194.72000122070312	67.20000457763672
3680	155.36000061035156	204.63999938964844	65.59999847412111
3681	154.0800018310547	206.87998962402344	63.4000015258789
3682	158.87998962402344	201.75999450683597	63.4000015258789
3683	159.36000061035156	206.55999755859372	64.59999847412111
3684	161.27999877929688	196.0	65.0
3685	157.27999877929688	200.9599914550781	67.59999847412111
3686	164.16000366210938	202.55999755859372	65.80000305175781
3687	162.87998962402344	206.3999938964844	66.40000152587889
3688	163.83999633789062	194.55999755859372	68.0
3689	166.0800018310547	206.87998962402344	64.0
3690	169.27999877929688	199.51998901367188	66.59999847412111
3691	167.83999633789062	195.83999633789062	68.40000152587889
3692	169.75999450683594	205.9199981689453	65.40000152587889
3693	170.55999755859375	192.63999938964844	67.59999847412111
3694	172.3199920654297	202.0800018310547	63.60000228881836
3695	171.0399932861328	191.1999969482422	62.20000076293945
3696	176.8000030517578	204.47999572753903	65.80000305175781
3697	179.1999969482422	187.1999969482422	64.0
3698	180.0	195.83999633789062	65.20000457763672
3699	180.0	189.9199981689453	66.40000152587889
3700	182.55999755859372	200.47999572753903	64.0
3701	182.239990234375	193.27999877929688	67.0
3702	185.59999084472656	198.3999938964844	64.0
3703	183.0399932861328	187.0399932861328	67.0
3704	186.55999755859372	206.0800018310547	62.0
3705	188.9599914550781	201.59999084472656	64.59999847412111
3706	191.3600006103516	209.59999084472656	61.4000015258789
3707	194.0800018310547	200.8000030517578	66.20000457763672
3708	192.8000030517578	204.63999938964844	67.20000457763672
3709	199.67999267578125	201.44000244140625	64.59999847412111
3710	199.1999969482422	197.27999877929688	64.80000305175781
3711	199.0399932861328	205.59999084472656	65.20000457763672
3712	204.3199920654297	204.1599884033203	64.80000305175781
3713	204.9599914550781	199.3600006103516	65.59999847412111
3714	209.1199951171875	196.0	66.40000152587889
3715	211.1999969482422	201.9199981689453	64.40000152587889
3716	213.27999877929688	206.0800018310547	65.59999847412111
3717	217.75999450683597	198.239990234375	63.20000076293945
3718	216.9599914550781	204.0	64.80000305175781
3719	215.1999969482422	203.1999969482422	69.0
3720	214.55999755859372	187.3600006103516	67.80000305175781
3721	220.63999938964844	196.47999572753903	65.20000457763672
3722	219.1999969482422	190.0800018310547	63.79999923706055
3723	223.0399932861328	192.3199920654297	63.20000076293945
3724	220.9599914550781	189.44000244140625	67.40000152587889
3725	223.83999633789062	185.59999084472656	67.40000152587889
3726	227.0399932861328	190.239990234375	63.4000015258789
3727	223.1999969482422	194.3999938964844	66.80000305175781
3728	225.9199981689453	198.55999755859372	67.0
3729	230.0800018310547	187.51998901367188	63.4000015258789
3730	230.87998962402344	191.83999633789062	64.40000152587889
3731	124.31999969482422	219.67999267578125	66.40000152587889
3732	131.19999694824222	219.0399932861328	64.59999847412111
3733	137.1199951171875	212.47999572753903	65.40000152587889
3734	137.75999450683594	216.0	65.20000457763672
3735	147.0399932861328	210.239990234375	65.40000152587889
3736	150.55999755859375	208.3199920654297	65.40000152587889
3737	154.0800018310547	213.59999084472656	68.80000305175781
3738	155.67999267578125	213.9199981689453	64.20000457763672
3739	155.67999267578125	210.3999938964844	65.40000152587889
3740	158.239990234375	218.55999755859372	62.60000228881836
3741	159.67999267578125	219.3600006103516	66.80000305175781
3742	159.1999969482422	213.27999877929688	63.60000228881836
3743	157.9199981689453	213.9199981689453	66.59999847412111
3744	161.75999450683594	220.79998779296875	61.79999923706055
3745	162.0800018310547	214.239990234375	66.59999847412111
3746	165.9199981689453	220.1599884033203	64.59999847412111
3747	165.1199951171875	212.79998779296875	66.59999847412111
3748	168.8000030517578	209.59999084472656	63.20000076293945
3749	169.75999450683594	217.75999450683597	63.20000076293945
3750	170.0800018310547	213.44000244140625	65.20000457763672
3751	170.239990234375	220.79998779296875	66.40000152587889
3752	172.3199920654297	209.1199951171875	65.40000152587889
3753	173.44000244140625	218.3999938964844	63.0
3754	173.27999877929688	204.63999938964844	67.59999847412111
3755	175.36000061035156	214.72000122070312	64.59999847412111
3756	178.39999389648438	210.0800018310547	67.0
3757	179.36000061035156	207.0399932861328	65.40000152587889
3758	179.67999267578125	214.239990234375	63.0
3759	184.1599884033203	216.1599884033203	62.60000228881836
3760	186.87998962402344	220.1599884033203	63.0
3761	187.0399932861328	205.75999450683597	66.80000305175781
3762	187.0399932861328	215.83999633789062	66.40000152587889
3763	192.1599884033203	219.51998901367188	65.59999847412111
3764	190.87998962402344	220.63999938964844	62.79999923706055
3765	190.3999938964844	209.44000244140625	66.80000305175781
3766	193.9199981689453	213.27999877929688	65.80000305175781
3767	194.3999938964844	209.27999877929688	64.59999847412111
3768	196.63999938964844	218.87998962402344	68.0
3769	199.1999969482422	214.3999938964844	64.59999847412111
3770	198.72000122070312	210.55999755859372	65.59999847412111
3771	202.55999755859372	212.79998779296875	62.79999923706055
3772	203.3600006103516	207.67999267578125	66.40000152587889
3773	205.44000244140625	206.239990234375	70.0
3774	204.79998779296875	212.9599914550781	66.0
3775	208.0	214.87998962402344	63.20000076293945
3776	207.51998901367188	207.1999969482422	65.80000305175781
3777	208.9599914550781	211.1999969482422	64.20000457763672
3778	212.79998779296875	209.44000244140625	64.40000152587889
3779	211.67999267578125	211.3600006103516	68.0
3780	217.27999877929688	207.67999267578125	67.20000457763672
3781	144.47999572753906	120.31999969482422	70.0
3782	147.36000061035156	121.43999481201172	71.0
3783	148.0	118.39999389648438	73.0
3784	156.47999572753906	111.83999633789062	71.5999984741211
3785	162.39999389648438	115.83999633789062	70.0
3786	163.83999633789062	112.15999603271484	72.80000305175781
3787	165.59999084472656	109.75999450683594	69.20000457763672
3788	167.67999267578125	113.27999877929688	67.80000305175781
3789	171.1999969482422	111.04000091552734	68.59999847412111
3790	177.1199951171875	109.43999481201172	71.80000305175781
3791	177.75999450683594	124.79999542236328	70.0
3792	180.9599914550781	108.95999908447266	69.40000152587889
3793	180.0	116.95999908447266	71.80000305175781
3794	182.72000122070312	120.63999938964844	72.5999984741211
3795	184.0	117.27999877929688	72.20000457763672
3796	186.239990234375	109.43999481201172	71.20000457763672
3797	188.47999572753903	117.43999481201172	69.80000305175781
3798	185.27999877929688	124.0	71.5999984741211
3799	191.0399932861328	108.95999908447266	72.4000015258789
3800	188.3199920654297	121.27999877929688	70.80000305175781
3801	190.0800018310547	113.91999816894531	67.0
3802	191.83999633789062	122.87999725341795	68.59999847412111
3803	192.9599914550781	116.31999969482422	71.4000015258789
3804	196.3199920654297	116.47999572753906	68.59999847412111
3805	196.1599884033203	112.31999969482422	71.0
3806	196.9599914550781	121.43999481201172	71.4000015258789
3807	200.8000030517578	111.68000030517578	68.59999847412111
3808	199.0399932861328	117.75999450683594	69.40000152587889
3809	201.9199981689453	119.68000030517578	67.80000305175781
3810	202.87998962402344	123.68000030517578	69.40000152587889
3811	206.239990234375	112.47999572753906	68.80000305175781
3812	205.75999450683597	120.79999542236328	71.5999984741211
3813	208.0	116.0	69.59999847412111
3814	207.83999633789062	125.1199951171875	68.0
3815	211.0399932861328	119.04000091552734	70.5999984741211
3816	212.9599914550781	115.5199966430664	70.5999984741211
3817	212.9599914550781	112.15999603271484	70.80000305175781
3818	216.1599884033203	106.87999725341795	70.4000015258789
3819	215.3600006103516	119.68000030517578	71.0
3820	217.9199981689453	111.36000061035156	68.0
3821	218.0800018310547	122.7199935913086	68.59999847412111
3822	129.59999084472656	137.91999816894528	69.0
3823	129.44000244140622	140.95999145507812	70.80000305175781
3824	129.75999450683594	145.27999877929688	69.59999847412111
3825	135.67999267578122	130.08000183105472	67.80000305175781
3826	137.44000244140622	132.47999572753906	72.20000457763672
3827	143.36000061035156	134.72000122070312	67.59999847412111
3828	148.0	147.52000427246094	70.5999984741211
3829	148.47999572753906	127.5199966430664	73.4000015258789
3830	154.39999389648438	136.63999938964844	71.20000457763672
3831	156.16000366210938	137.59999084472656	68.59999847412111
3832	160.3199920654297	139.67999267578122	69.20000457763672
3833	160.63999938964844	126.23999786376952	71.20000457763672
3834	165.59999084472656	132.31999206542972	70.0
3835	164.8000030517578	138.55999755859378	68.59999847412111
3836	168.16000366210938	140.95999145507812	67.40000152587889
3837	169.44000244140625	132.0	70.20000457763672
3838	174.0800018310547	136.95999145507812	69.59999847412111
3839	171.51998901367188	141.44000244140625	72.0
3840	175.0399932861328	142.239990234375	68.80000305175781
3841	176.8000030517578	138.55999755859378	72.4000015258789
3842	177.44000244140625	130.87998962402344	72.4000015258789
3843	179.0399932861328	133.44000244140622	69.0
3844	179.36000061035156	138.239990234375	70.0
3845	181.75999450683597	140.8000030517578	68.80000305175781
3846	182.72000122070312	136.95999145507812	68.59999847412111
3847	180.0	124.95999908447266	72.0
3848	182.239990234375	145.1199951171875	68.0
3849	185.1199951171875	126.87999725341795	67.59999847412111
3850	185.1199951171875	131.52000427246094	66.80000305175781
3851	187.67999267578125	143.67999267578125	68.20000457763672
3852	186.55999755859372	137.59999084472656	72.0
3853	187.1999969482422	129.59999084472656	68.40000152587889
3854	188.8000030517578	126.55999755859376	69.59999847412111
3855	190.239990234375	140.47999572753906	69.0
3856	195.3600006103516	134.72000122070312	66.80000305175781
3857	195.51998901367188	136.95999145507812	69.80000305175781
3858	192.1599884033203	129.75999450683594	70.5999984741211
3859	193.75999450683597	125.75999450683594	70.20000457763672
3860	196.63999938964844	134.08000183105472	70.5999984741211
3861	196.8000030517578	130.239990234375	71.4000015258789
3862	197.75999450683597	124.63999938964844	69.0
3863	202.55999755859372	128.95999145507812	69.80000305175781
3864	200.9599914550781	135.83999633789062	72.20000457763672
3865	204.3199920654297	133.27999877929688	69.80000305175781
3866	204.9599914550781	130.08000183105472	67.20000457763672
3867	207.3600006103516	142.55999755859375	69.0
3868	209.44000244140625	128.80000305175778	69.80000305175781
3869	209.59999084472656	136.16000366210938	68.59999847412111
3870	212.0	129.91999816894528	69.40000152587889
3871	211.3600006103516	135.83999633789062	72.0
3872	212.9599914550781	136.47999572753906	68.40000152587889
3873	213.9199981689453	141.27999877929688	72.20000457763672
3874	214.239990234375	144.8000030517578	71.0
3875	209.9199981689453	127.04000091552734	72.5999984741211
3876	215.3600006103516	126.39999389648438	70.5999984741211
3877	217.44000244140625	136.95999145507812	69.20000457763672
3878	217.75999450683597	142.87998962402344	70.4000015258789
3879	219.83999633789062	126.39999389648438	68.59999847412111
3880	217.44000244140625	143.1999969482422	66.80000305175781
3881	218.55999755859372	132.63999938964844	68.20000457763672
3882	220.0	137.91999816894528	72.0
3883	221.9199981689453	138.55999755859378	67.80000305175781
3884	225.44000244140625	128.31999206542972	68.20000457763672
3885	222.0800018310547	135.03999328613278	68.40000152587889
3886	223.1999969482422	144.0	70.5999984741211
3887	221.44000244140625	124.79999542236328	71.5999984741211
3888	226.3999938964844	144.3199920654297	68.0
3889	226.0800018310547	141.27999877929688	71.0
3890	231.0399932861328	139.36000061035156	69.0
3891	230.55999755859372	141.44000244140625	71.80000305175781
3892	234.239990234375	141.27999877929688	69.0
3893	234.55999755859372	143.1999969482422	73.0
3894	122.55999755859376	162.239990234375	71.5999984741211
3895	123.1999969482422	161.59999084472656	68.40000152587889
3896	123.83999633789062	152.8000030517578	72.5999984741211
3897	124.63999938964844	158.55999755859375	72.0
3898	125.75999450683594	156.0	68.20000457763672
3899	127.1999969482422	167.51998901367188	69.20000457763672
3900	141.44000244140625	151.67999267578125	69.0
3901	142.55999755859375	146.0800018310547	70.80000305175781
3902	146.55999755859375	160.0	69.0
3903	147.1999969482422	156.0	69.20000457763672
3904	149.9199981689453	149.9199981689453	67.40000152587889
3905	151.83999633789062	154.0800018310547	67.59999847412111
3906	153.9199981689453	145.9199981689453	69.0
3907	153.9199981689453	162.0800018310547	71.80000305175781
3908	163.51998901367188	160.16000366210938	71.80000305175781
3909	168.0	162.239990234375	69.0
3910	171.1999969482422	152.3199920654297	67.59999847412111
3911	173.44000244140625	164.0	67.20000457763672
3912	176.95999145507812	148.47999572753906	67.59999847412111
3913	179.36000061035156	157.44000244140625	68.80000305175781
3914	178.39999389648438	152.63999938964844	71.5999984741211
3915	178.39999389648438	160.95999145507812	71.4000015258789
3916	179.83999633789062	149.75999450683594	69.40000152587889
3917	183.51998901367188	156.0	70.80000305175781
3918	185.9199981689453	148.47999572753906	68.20000457763672
3919	188.0	160.47999572753906	70.80000305175781
3920	188.0	151.51998901367188	68.20000457763672
3921	189.59999084472656	164.47999572753906	71.5999984741211
3922	189.75999450683597	146.87998962402344	70.80000305175781
3923	191.67999267578125	150.72000122070312	67.59999847412111
3924	194.0800018310547	160.63999938964844	69.80000305175781
3925	194.55999755859372	143.83999633789062	73.20000457763672
3926	195.0399932861328	151.0399932861328	70.4000015258789
3927	196.0	154.72000122070312	71.0
3928	200.63999938964844	153.1199951171875	73.0
3929	200.3199920654297	154.55999755859375	68.80000305175781
3930	204.79998779296875	149.27999877929688	73.80000305175781
3931	202.0800018310547	163.83999633789062	68.80000305175781
3932	205.27999877929688	158.72000122070312	70.0
3933	206.55999755859372	161.75999450683594	68.80000305175781
3934	208.3199920654297	151.1999969482422	69.40000152587889
3935	210.0800018310547	142.39999389648438	73.20000457763672
3936	211.0399932861328	159.36000061035156	70.20000457763672
3937	210.87998962402344	147.36000061035156	72.20000457763672
3938	213.75999450683597	159.0399932861328	67.20000457763672
3939	216.1599884033203	161.27999877929688	70.0
3940	214.72000122070312	148.3199920654297	67.80000305175781
3941	215.3600006103516	152.3199920654297	71.20000457763672
3942	221.59999084472656	146.72000122070312	67.20000457763672
3943	220.0	154.55999755859375	70.0
3944	222.0800018310547	164.0	67.20000457763672
3945	222.55999755859372	162.0800018310547	71.5999984741211
3946	224.0	149.44000244140625	70.4000015258789
3947	225.27999877929688	154.39999389648438	69.40000152587889
3948	227.67999267578125	160.8000030517578	67.80000305175781
3949	228.47999572753903	146.39999389648438	71.4000015258789
3950	229.59999084472656	164.63999938964844	69.59999847412111
3951	232.0	144.8000030517578	67.59999847412111
3952	235.1999969482422	162.39999389648438	68.80000305175781
3953	234.87998962402344	157.27999877929688	69.40000152587889
3954	237.9199981689453	165.59999084472656	68.20000457763672
3955	238.0800018310547	153.27999877929688	71.4000015258789
3956	238.87998962402344	162.0800018310547	71.80000305175781
3957	124.0	167.67999267578125	67.20000457763672
3958	124.31999969482422	171.83999633789062	70.0
3959	126.07999420166016	179.51998901367188	67.59999847412111
3960	126.39999389648438	183.83999633789062	69.59999847412111
3961	127.36000061035156	178.55999755859375	71.0
3962	129.59999084472656	184.9599914550781	67.20000457763672
3963	128.95999145507812	183.0399932861328	72.0
3964	134.72000122070312	181.27999877929688	70.4000015258789
3965	135.67999267578122	178.39999389648438	72.80000305175781
3966	137.1199951171875	179.1999969482422	68.59999847412111
3967	140.95999145507812	172.8000030517578	71.0
3968	138.08000183105472	176.16000366210938	70.5999984741211
3969	140.0	181.1199951171875	67.80000305175781
3970	142.239990234375	178.87998962402344	69.80000305175781
3971	141.59999084472656	175.83999633789062	71.80000305175781
3972	143.1999969482422	171.67999267578125	67.80000305175781
3973	144.63999938964844	181.44000244140625	72.0
3974	146.239990234375	168.47999572753906	71.80000305175781
3975	145.9199981689453	176.3199920654297	71.0
3976	147.67999267578125	184.3199920654297	69.20000457763672
3977	148.8000030517578	171.1999969482422	69.80000305175781
3978	149.44000244140625	178.39999389648438	71.80000305175781
3979	149.44000244140625	180.1599884033203	68.0
3980	152.16000366210938	183.83999633789062	68.80000305175781
3981	152.47999572753906	168.3199920654297	72.20000457763672
3982	153.1199951171875	170.72000122070312	69.40000152587889
3983	153.9199981689453	174.72000122070312	69.59999847412111
3984	156.47999572753906	178.239990234375	71.4000015258789
3985	156.3199920654297	172.16000366210938	71.0
3986	157.44000244140625	167.67999267578125	69.40000152587889
3987	159.1999969482422	188.0	72.80000305175781
3988	159.0399932861328	170.0800018310547	67.59999847412111
3989	159.0399932861328	174.239990234375	67.59999847412111
3990	161.44000244140625	177.75999450683594	70.0
3991	164.16000366210938	181.44000244140625	68.80000305175781
3992	164.0	184.3199920654297	71.80000305175781
3993	167.0399932861328	176.0	68.80000305175781
3994	169.44000244140625	180.3199920654297	69.0
3995	172.95999145507812	169.75999450683594	71.5999984741211
3996	174.39999389648438	164.0	71.5999984741211
3997	176.0	184.3199920654297	72.4000015258789
3998	176.16000366210938	174.87998962402344	71.80000305175781
3999	185.9199981689453	179.0399932861328	69.0
4000	180.3199920654297	173.9199981689453	72.0
4001	183.83999633789062	172.63999938964844	69.20000457763672
4002	184.47999572753903	182.55999755859372	72.20000457763672
4003	188.3199920654297	168.63999938964844	68.40000152587889
4004	186.3999938964844	186.239990234375	69.20000457763672
4005	193.44000244140625	176.8000030517578	73.0
4006	191.0399932861328	178.0800018310547	68.59999847412111
4007	196.0	181.1199951171875	73.20000457763672
4008	194.0800018310547	173.9199981689453	69.0
4009	196.0	169.27999877929688	70.5999984741211
4010	196.9599914550781	176.0	73.4000015258789
4011	199.83999633789062	171.1999969482422	71.5999984741211
4012	212.3199920654297	183.67999267578125	68.40000152587889
4013	213.1199951171875	179.67999267578125	72.5999984741211
4014	215.83999633789062	171.51998901367188	68.20000457763672
4015	215.3600006103516	175.67999267578125	67.59999847412111
4016	216.9599914550781	181.9199981689453	72.0
4017	218.239990234375	168.47999572753906	69.80000305175781
4018	218.3999938964844	185.59999084472656	68.59999847412111
4019	221.75999450683597	180.63999938964844	68.59999847412111
4020	223.67999267578125	176.0	69.20000457763672
4021	219.67999267578125	171.51998901367188	72.5999984741211
4022	220.1599884033203	184.1599884033203	72.20000457763672
4023	224.0	166.39999389648438	67.80000305175781
4024	224.0	170.239990234375	70.4000015258789
4025	228.1599884033203	173.1199951171875	67.59999847412111
4026	228.3199920654297	183.67999267578125	68.40000152587889
4027	228.9599914550781	180.0	70.5999984741211
4028	229.75999450683597	175.1999969482422	70.80000305175781
4029	229.75999450683597	168.63999938964844	71.4000015258789
4030	228.1599884033203	171.36000061035156	72.4000015258789
4031	233.9199981689453	180.0	69.59999847412111
4032	233.1199951171875	169.75999450683594	70.80000305175781
4033	232.1599884033203	184.3199920654297	72.0
4034	232.0	183.67999267578125	75.5999984741211
4035	233.27999877929688	180.3199920654297	74.5999984741211
4036	235.0399932861328	186.72000122070312	68.59999847412111
4037	133.44000244140622	196.47999572753903	70.0
4038	134.72000122070312	194.0800018310547	67.40000152587889
4039	135.67999267578122	190.55999755859372	71.5999984741211
4040	136.47999572753906	187.67999267578125	69.0
4041	136.31999206542972	195.83999633789062	69.59999847412111
4042	138.87998962402344	201.27999877929688	68.0
4043	139.03999328613278	191.67999267578125	69.80000305175781
4044	139.67999267578122	204.63999938964844	70.0
4045	142.239990234375	196.63999938964844	70.20000457763672
4046	142.39999389648438	191.3600006103516	68.20000457763672
4047	142.55999755859375	200.9599914550781	72.0
4048	143.1999969482422	202.3999938964844	67.59999847412111
4049	145.44000244140625	195.0399932861328	69.40000152587889
4050	146.0800018310547	190.87998962402344	69.40000152587889
4051	146.239990234375	207.0399932861328	70.0
4052	146.39999389648438	203.1999969482422	67.80000305175781
4053	147.67999267578125	199.0399932861328	69.80000305175781
4054	148.0	188.47999572753903	71.80000305175781
4055	149.27999877929688	206.239990234375	67.80000305175781
4056	151.67999267578125	197.27999877929688	69.59999847412111
4057	151.1999969482422	191.0399932861328	70.5999984741211
4058	148.8000030517578	194.55999755859372	72.20000457763672
4059	152.8000030517578	188.47999572753903	69.40000152587889
4060	155.51998901367188	191.51998901367188	70.80000305175781
4061	155.0399932861328	195.83999633789062	72.0
4062	156.3199920654297	202.72000122070312	71.0
4063	161.27999877929688	199.51998901367188	69.80000305175781
4064	161.9199981689453	192.47999572753903	73.0
4065	165.75999450683594	199.51998901367188	68.40000152587889
4066	164.8000030517578	189.27999877929688	67.20000457763672
4067	164.0	208.3199920654297	70.0
4068	168.95999145507812	201.9199981689453	71.4000015258789
4069	167.36000061035156	205.59999084472656	70.20000457763672
4070	170.0800018310547	192.1599884033203	74.80000305175781
4071	172.63999938964844	201.9199981689453	70.20000457763672
4072	171.51998901367188	208.0	69.40000152587889
4073	172.63999938964844	197.9199981689453	70.0
4074	174.72000122070312	193.1199951171875	67.59999847412111
4075	174.39999389648438	191.51998901367188	71.0
4076	179.0399932861328	199.83999633789062	69.40000152587889
4077	180.1599884033203	193.75999450683597	72.4000015258789
4078	178.0800018310547	202.87998962402344	71.5999984741211
4079	182.0800018310547	202.239990234375	68.80000305175781
4080	180.3199920654297	206.239990234375	71.4000015258789
4081	184.63999938964844	198.239990234375	68.40000152587889
4082	185.1199951171875	190.87998962402344	70.4000015258789
4083	185.1199951171875	203.67999267578125	72.0
4084	188.3199920654297	201.59999084472656	69.80000305175781
4085	189.59999084472656	187.83999633789062	72.0
4086	188.3199920654297	206.239990234375	71.4000015258789
4087	192.47999572753903	201.1199951171875	70.80000305175781
4088	197.44000244140625	206.55999755859372	70.5999984741211
4089	200.1599884033203	197.75999450683597	68.80000305175781
4090	202.87998962402344	201.59999084472656	69.0
4091	204.63999938964844	193.44000244140625	68.20000457763672
4092	208.3199920654297	198.55999755859372	69.0
4093	209.27999877929688	186.0800018310547	70.0
4094	211.67999267578125	204.1599884033203	69.20000457763672
4095	211.83999633789062	195.1999969482422	70.20000457763672
4096	213.9199981689453	192.3199920654297	70.0
4097	217.75999450683597	197.27999877929688	68.59999847412111
4098	218.72000122070312	202.239990234375	70.80000305175781
4099	219.83999633789062	194.0800018310547	69.40000152587889
4100	221.59999084472656	202.3999938964844	68.0
4101	224.79998779296875	188.3199920654297	70.80000305175781
4102	226.0800018310547	190.239990234375	67.40000152587889
4103	226.87998962402344	194.72000122070312	69.59999847412111
4104	228.0	191.1999969482422	71.80000305175781
4105	230.72000122070312	188.63999938964844	67.20000457763672
4106	110.55999755859376	230.0800018310547	69.59999847412111
4107	120.31999969482422	222.0800018310547	67.59999847412111
4108	115.5199966430664	224.3199920654297	72.0
4109	122.7199935913086	224.3199920654297	66.80000305175781
4110	123.36000061035156	224.9599914550781	70.20000457763672
4111	122.87999725341795	219.3600006103516	70.80000305175781
4112	127.83999633789062	224.0	69.20000457763672
4113	130.39999389648438	219.83999633789062	70.0
4114	133.1199951171875	213.9199981689453	69.59999847412111
4115	132.63999938964844	219.3600006103516	66.59999847412111
4116	135.36000061035156	217.27999877929688	69.0
4117	138.08000183105472	207.83999633789062	67.20000457763672
4118	138.39999389648438	211.0399932861328	69.59999847412111
4119	141.9199981689453	210.72000122070312	68.80000305175781
4120	152.0	209.75999450683597	69.0
4121	156.63999938964844	208.79998779296875	69.59999847412111
4122	160.47999572753906	211.1999969482422	69.59999847412111
4123	161.59999084472656	214.87998962402344	70.0
4124	161.1199951171875	207.1999969482422	72.80000305175781
4125	163.36000061035156	218.3999938964844	67.59999847412111
4126	164.95999145507812	218.239990234375	72.20000457763672
4127	167.0399932861328	219.0399932861328	68.80000305175781
4128	168.63999938964844	210.3999938964844	68.40000152587889
4129	168.47999572753906	215.1999969482422	72.0
4130	169.1199951171875	219.51998901367188	72.20000457763672
4131	171.51998901367188	217.44000244140625	68.0
4132	171.1999969482422	213.59999084472656	69.20000457763672
4133	173.75999450683594	221.9199981689453	67.0
4134	172.95999145507812	220.3199920654297	73.5999984741211
4135	175.83999633789062	207.67999267578125	69.59999847412111
4136	177.27999877929688	221.59999084472656	72.4000015258789
4137	183.67999267578125	212.9599914550781	70.5999984741211
4138	184.0	208.63999938964844	69.0
4139	184.3199920654297	219.51998901367188	71.4000015258789
4140	191.3600006103516	220.1599884033203	69.0
4141	189.75999450683597	215.51998901367188	72.5999984741211
4142	192.63999938964844	211.83999633789062	70.20000457763672
4143	194.55999755859372	208.9599914550781	68.80000305175781
4144	193.59999084472656	215.83999633789062	71.4000015258789
4145	197.1199951171875	214.239990234375	69.59999847412111
4146	198.87998962402344	210.239990234375	70.4000015258789
4147	204.3199920654297	216.79998779296875	67.80000305175781
4148	202.239990234375	212.63999938964844	68.80000305175781
4149	205.44000244140625	213.1199951171875	71.20000457763672
4150	207.83999633789062	214.87998962402344	68.20000457763672
4151	209.9199981689453	211.51998901367188	71.80000305175781
4152	109.43999481201172	234.72000122070312	72.0
4153	144.0	121.43999481201172	72.5999984741211
4154	157.44000244140625	112.95999908447266	75.0
4155	174.239990234375	118.87999725341795	81.5999984741211
4156	179.0399932861328	120.31999969482422	73.0
4157	188.1599884033203	111.5199966430664	74.5999984741211
4158	195.67999267578125	109.91999816894531	73.80000305175781
4159	192.63999938964844	114.72000122070312	75.4000015258789
4160	194.0800018310547	114.55999755859376	79.20000457763672
4161	194.87998962402344	116.95999908447266	75.4000015258789
4162	198.3999938964844	116.63999938964844	72.4000015258789
4163	198.87998962402344	112.31999969482422	73.80000305175781
4164	200.47999572753903	124.63999938964844	74.80000305175781
4165	201.1199951171875	113.43999481201172	76.5999984741211
4166	203.83999633789062	118.23999786376952	73.0
4167	206.3999938964844	120.31999969482422	75.80000305175781
4168	205.1199951171875	113.91999816894531	74.20000457763672
4169	207.83999633789062	124.47999572753906	75.0
4170	207.67999267578125	116.15999603271484	77.0
4171	209.27999877929688	114.87999725341795	73.0
4172	210.87998962402344	120.0	73.20000457763672
4173	212.47999572753903	114.72000122070312	76.4000015258789
4174	215.67999267578125	116.47999572753906	73.5999984741211
4175	211.0399932861328	126.7199935913086	75.5999984741211
4176	218.87998962402344	112.95999908447266	71.80000305175781
4177	219.0399932861328	116.95999908447266	75.20000457763672
4178	214.72000122070312	120.79999542236328	78.5999984741211
4179	220.79998779296875	108.63999938964844	72.80000305175781
4180	130.239990234375	137.1199951171875	72.5999984741211
4181	132.16000366210938	133.75999450683594	74.4000015258789
4182	132.47999572753906	140.63999938964844	74.80000305175781
4183	135.52000427246094	132.0	76.4000015258789
4184	138.87998962402344	124.63999938964844	73.20000457763672
4185	145.1199951171875	140.16000366210938	76.4000015258789
4186	148.16000366210938	133.75999450683594	77.5999984741211
4187	146.39999389648438	127.04000091552734	76.20000457763672
4188	149.1199951171875	143.52000427246094	77.5999984741211
4189	151.36000061035156	142.87998962402344	74.80000305175781
4190	155.67999267578125	136.47999572753906	76.80000305175781
4191	154.39999389648438	139.83999633789062	76.4000015258789
4192	160.95999145507812	135.36000061035156	75.0
4193	166.239990234375	138.55999755859378	75.5999984741211
4194	163.36000061035156	130.87998962402344	77.80000305175781
4195	162.39999389648438	124.95999908447266	75.80000305175781
4196	164.95999145507812	133.91999816894528	76.0
4197	167.36000061035156	135.19999694824222	74.0
4198	168.63999938964844	129.27999877929688	74.4000015258789
4199	173.1199951171875	135.83999633789062	73.5999984741211
4200	172.0	134.55999755859378	77.20000457763672
4201	174.39999389648438	128.95999145507812	75.4000015258789
4202	182.3999938964844	146.72000122070312	72.4000015258789
4203	178.0800018310547	132.80000305175778	76.80000305175781
4204	180.63999938964844	134.55999755859378	73.80000305175781
4205	180.8000030517578	130.39999389648438	75.20000457763672
4206	184.3199920654297	135.67999267578122	73.80000305175781
4207	185.75999450683597	145.75999450683594	72.80000305175781
4208	184.47999572753903	128.63999938964844	72.5999984741211
4209	186.0800018310547	128.80000305175778	80.4000015258789
4210	185.44000244140625	127.5199966430664	76.4000015258789
4211	188.0	129.59999084472656	73.5999984741211
4212	187.83999633789062	136.47999572753906	75.5999984741211
4213	190.239990234375	132.80000305175778	73.20000457763672
4214	190.87998962402344	125.91999816894531	73.5999984741211
4215	190.55999755859372	131.03999328613278	76.80000305175781
4216	194.55999755859372	141.44000244140625	75.20000457763672
4217	195.1999969482422	131.36000061035156	75.5999984741211
4218	196.63999938964844	135.19999694824222	74.80000305175781
4219	196.63999938964844	126.7199935913086	73.20000457763672
4220	198.3999938964844	125.75999450683594	77.4000015258789
4221	201.1199951171875	132.31999206542972	72.5999984741211
4222	200.8000030517578	126.87999725341795	72.0
4223	201.44000244140625	130.55999755859378	76.4000015258789
4224	199.3600006103516	133.91999816894528	77.5999984741211
4225	204.63999938964844	143.0399932861328	74.5999984741211
4226	202.72000122070312	127.1999969482422	76.4000015258789
4227	204.47999572753903	130.39999389648438	73.20000457763672
4228	204.63999938964844	135.83999633789062	73.5999984741211
4229	205.27999877929688	127.04000091552734	73.5999984741211
4230	207.1999969482422	132.95999145507812	72.4000015258789
4231	208.0	134.55999755859378	76.0
4232	208.47999572753903	130.239990234375	75.4000015258789
4233	215.1999969482422	136.16000366210938	76.0
4234	212.47999572753903	144.63999938964844	75.5999984741211
4235	215.51998901367188	135.03999328613278	72.4000015258789
4236	218.72000122070312	132.63999938964844	77.20000457763672
4237	217.1199951171875	142.72000122070312	74.0
4238	218.0800018310547	127.68000030517578	78.20000457763672
4239	218.3999938964844	131.19999694824222	72.5999984741211
4240	218.87998962402344	138.39999389648438	75.20000457763672
4241	220.9599914550781	133.75999450683594	72.5999984741211
4242	221.59999084472656	142.39999389648438	74.4000015258789
4243	224.79998779296875	132.31999206542972	75.80000305175781
4244	224.9599914550781	136.16000366210938	72.4000015258789
4245	223.83999633789062	138.239990234375	75.80000305175781
4246	227.67999267578125	143.67999267578125	74.4000015258789
4247	227.3600006103516	140.16000366210938	75.0
4248	230.55999755859372	136.0	73.0
4249	230.87998962402344	139.67999267578122	76.0
4250	232.63999938964844	143.1999969482422	76.4000015258789
4251	125.91999816894531	156.95999145507812	76.4000015258789
4252	124.0	164.95999145507812	73.80000305175781
4253	129.75999450683594	148.0	75.0
4254	135.83999633789062	148.16000366210938	78.20000457763672
4255	138.55999755859378	153.1199951171875	76.5999984741211
4256	143.67999267578125	165.75999450683594	73.80000305175781
4257	144.0	159.36000061035156	73.0
4258	145.59999084472656	164.63999938964844	77.80000305175781
4259	145.75999450683594	153.75999450683594	77.4000015258789
4260	147.0399932861328	156.8000030517578	75.0
4261	148.63999938964844	152.16000366210938	74.20000457763672
4262	148.95999145507812	159.83999633789062	73.4000015258789
4263	148.8000030517578	162.72000122070312	76.80000305175781
4264	149.75999450683594	164.63999938964844	73.80000305175781
4265	151.83999633789062	156.47999572753906	73.80000305175781
4266	159.0399932861328	154.55999755859375	79.0
4267	158.239990234375	162.87998962402344	76.5999984741211
4268	158.55999755859375	158.72000122070312	76.5999984741211
4269	163.1999969482422	161.27999877929688	76.0
4270	165.9199981689453	146.55999755859375	78.5999984741211
4271	168.3199920654297	165.1199951171875	73.80000305175781
4272	169.1199951171875	148.16000366210938	72.5999984741211
4273	168.63999938964844	148.8000030517578	76.20000457763672
4274	170.87998962402344	151.1999969482422	75.5999984741211
4275	174.87998962402344	148.47999572753906	72.20000457763672
4276	174.239990234375	146.87998962402344	75.5999984741211
4277	175.36000061035156	151.51998901367188	75.80000305175781
4278	173.75999450683594	166.239990234375	74.4000015258789
4279	176.8000030517578	155.51998901367188	74.0
4280	180.1599884033203	150.55999755859375	74.4000015258789
4281	179.67999267578125	160.0	74.4000015258789
4282	184.63999938964844	155.51998901367188	74.4000015258789
4283	182.55999755859372	162.239990234375	76.80000305175781
4284	183.51998901367188	159.51998901367188	72.20000457763672
4285	183.83999633789062	152.3199920654297	76.4000015258789
4286	184.63999938964844	164.47999572753906	73.20000457763672
4287	188.3199920654297	153.1199951171875	77.0
4288	185.27999877929688	144.63999938964844	76.5999984741211
4289	188.0	160.8000030517578	74.5999984741211
4290	187.83999633789062	142.0800018310547	76.80000305175781
4291	192.47999572753903	151.83999633789062	72.80000305175781
4292	201.9199981689453	158.55999755859375	78.80000305175781
4293	203.51998901367188	153.75999450683594	78.20000457763672
4294	204.79998779296875	152.3199920654297	73.5999984741211
4295	205.27999877929688	158.87998962402344	73.80000305175781
4296	206.0800018310547	164.63999938964844	73.80000305175781
4297	203.51998901367188	168.8000030517578	73.20000457763672
4298	208.63999938964844	159.1999969482422	76.0
4299	208.9599914550781	155.1999969482422	76.0
4300	209.75999450683597	162.0800018310547	73.0
4301	209.75999450683597	150.39999389648438	78.4000015258789
4302	209.44000244140625	165.59999084472656	75.0
4303	212.0	151.51998901367188	72.20000457763672
4304	212.3199920654297	154.87998962402344	73.80000305175781
4305	213.59999084472656	148.0	75.80000305175781
4306	215.3600006103516	157.1199951171875	72.80000305175781
4307	216.3199920654297	152.0	76.4000015258789
4308	219.0399932861328	154.72000122070312	74.4000015258789
4309	218.72000122070312	159.0399932861328	73.0
4310	218.72000122070312	149.1199951171875	72.20000457763672
4311	220.47999572753903	163.67999267578125	74.80000305175781
4312	222.55999755859372	166.87998962402344	72.4000015258789
4313	222.0800018310547	157.59999084472656	76.0
4314	221.9199981689453	154.0800018310547	77.4000015258789
4315	225.44000244140625	155.51998901367188	75.4000015258789
4316	224.9599914550781	161.1199951171875	76.5999984741211
4317	227.51998901367188	159.1999969482422	73.4000015258789
4318	231.67999267578125	161.44000244140625	73.20000457763672
4319	235.67999267578125	147.1999969482422	72.4000015258789
4320	237.27999877929688	170.239990234375	72.80000305175781
4321	128.0	176.3199920654297	75.80000305175781
4322	131.19999694824222	182.0800018310547	77.20000457763672
4323	133.59999084472656	174.39999389648438	73.4000015258789
4324	141.44000244140625	179.36000061035156	74.5999984741211
4325	142.72000122070312	184.9599914550781	76.80000305175781
4326	146.72000122070312	184.9599914550781	75.20000457763672
4327	146.87998962402344	172.95999145507812	75.4000015258789
4328	145.59999084472656	179.51998901367188	76.0
4329	147.52000427246094	168.47999572753906	75.80000305175781
4330	148.95999145507812	181.27999877929688	75.5999984741211
4331	150.55999755859375	182.55999755859372	72.5999984741211
4332	150.39999389648438	171.51998901367188	74.80000305175781
4333	150.39999389648438	185.27999877929688	75.5999984741211
4334	152.0	175.1999969482422	74.0
4335	149.1199951171875	178.239990234375	81.80000305175781
4336	158.72000122070312	184.3199920654297	76.0
4337	159.0399932861328	175.1999969482422	73.80000305175781
4338	161.27999877929688	172.3199920654297	72.80000305175781
4339	160.0	166.239990234375	75.5999984741211
4340	162.72000122070312	167.51998901367188	74.20000457763672
4341	165.27999877929688	164.95999145507812	77.0
4342	161.9199981689453	188.1599884033203	75.20000457763672
4343	165.9199981689453	168.95999145507812	72.80000305175781
4344	167.67999267578125	182.72000122070312	71.80000305175781
4345	170.87998962402344	180.63999938964844	73.20000457763672
4346	167.1999969482422	172.16000366210938	77.0
4347	169.75999450683594	171.36000061035156	72.0
4348	170.239990234375	172.3199920654297	75.80000305175781
4349	171.1999969482422	185.75999450683597	73.80000305175781
4350	174.72000122070312	172.95999145507812	75.0
4351	178.39999389648438	170.239990234375	72.80000305175781
4352	176.95999145507812	168.95999145507812	77.4000015258789
4353	182.87998962402344	176.47999572753906	73.4000015258789
4354	181.75999450683597	171.51998901367188	75.4000015258789
4355	186.239990234375	175.51998901367188	76.20000457763672
4356	188.8000030517578	168.0	74.4000015258789
4357	189.59999084472656	172.0	72.80000305175781
4358	191.67999267578125	167.51998901367188	76.80000305175781
4359	192.9599914550781	171.1999969482422	76.5999984741211
4360	199.67999267578125	179.83999633789062	76.5999984741211
4361	201.27999877929688	183.67999267578125	76.20000457763672
4362	204.3199920654297	173.27999877929688	76.0
4363	205.59999084472656	168.95999145507812	77.20000457763672
4364	208.0	181.75999450683597	76.5999984741211
4365	208.63999938964844	171.1999969482422	77.20000457763672
4366	211.83999633789062	181.9199981689453	76.80000305175781
4367	212.47999572753903	185.1199951171875	74.20000457763672
4368	216.0	175.0399932861328	75.5999984741211
4369	215.83999633789062	182.87998962402344	75.4000015258789
4370	218.55999755859372	168.47999572753906	74.20000457763672
4371	223.51998901367188	175.67999267578125	73.20000457763672
4372	223.67999267578125	181.1199951171875	73.4000015258789
4373	221.75999450683597	172.95999145507812	76.4000015258789
4374	225.9199981689453	170.239990234375	75.4000015258789
4375	226.87998962402344	167.0399932861328	72.20000457763672
4376	223.3600006103516	167.1999969482422	77.20000457763672
4377	224.3199920654297	185.75999450683597	76.80000305175781
4378	229.44000244140625	167.0399932861328	75.20000457763672
4379	228.79998779296875	178.0800018310547	74.5999984741211
4380	231.3600006103516	175.51998901367188	75.0
4381	233.27999877929688	172.0	73.5999984741211
4382	235.1999969482422	167.36000061035156	75.80000305175781
4383	131.83999633789062	192.3199920654297	73.4000015258789
4384	135.67999267578122	188.1599884033203	75.5999984741211
4385	138.239990234375	200.0	75.0
4386	137.91999816894528	195.51998901367188	72.5999984741211
4387	139.19999694824222	188.8000030517578	76.4000015258789
4388	141.1199951171875	190.72000122070312	74.0
4389	140.31999206542972	196.1599884033203	76.20000457763672
4390	141.44000244140625	200.63999938964844	76.0
4391	145.1199951171875	191.51998901367188	73.0
4392	146.239990234375	195.67999267578125	75.0
4393	147.1999969482422	199.67999267578125	73.4000015258789
4394	147.0399932861328	202.0800018310547	77.80000305175781
4395	147.83999633789062	189.75999450683597	75.80000305175781
4396	149.27999877929688	197.59999084472656	76.5999984741211
4397	152.3199920654297	202.72000122070312	73.5999984741211
4398	152.8000030517578	187.83999633789062	72.80000305175781
4399	152.3199920654297	198.87998962402344	75.0
4400	151.67999267578125	192.8000030517578	74.5999984741211
4401	151.36000061035156	189.9199981689453	77.4000015258789
4402	155.67999267578125	190.72000122070312	74.80000305175781
4403	155.1999969482422	195.0399932861328	76.20000457763672
4404	155.83999633789062	208.79998779296875	75.4000015258789
4405	159.67999267578125	203.51998901367188	73.4000015258789
4406	162.39999389648438	198.3999938964844	73.5999984741211
4407	164.0	203.83999633789062	74.4000015258789
4408	166.87998962402344	193.27999877929688	80.5999984741211
4409	166.87998962402344	199.0399932861328	73.20000457763672
4410	166.55999755859375	207.3600006103516	75.0
4411	170.87998962402344	199.1999969482422	74.4000015258789
4412	172.8000030517578	202.0800018310547	76.4000015258789
4413	172.47999572753906	204.79998779296875	74.5999984741211
4414	173.9199981689453	188.63999938964844	73.5999984741211
4415	174.55999755859375	191.1999969482422	73.80000305175781
4416	175.0399932861328	198.0800018310547	77.5999984741211
4417	177.75999450683594	192.3199920654297	75.4000015258789
4418	176.47999572753906	197.44000244140625	73.5999984741211
4419	176.95999145507812	189.1199951171875	74.5999984741211
4420	178.87998962402344	204.3199920654297	75.80000305175781
4421	179.67999267578125	199.51998901367188	74.80000305175781
4422	185.1199951171875	187.3600006103516	74.20000457763672
4423	182.87998962402344	191.67999267578125	74.5999984741211
4424	182.87998962402344	197.44000244140625	72.5999984741211
4425	185.27999877929688	203.1999969482422	76.4000015258789
4426	184.3199920654297	196.0	77.20000457763672
4427	186.87998962402344	191.3600006103516	75.4000015258789
4428	189.1199951171875	207.83999633789062	74.4000015258789
4429	189.59999084472656	205.1199951171875	76.5999984741211
4430	191.0399932861328	190.72000122070312	76.20000457763672
4431	193.1199951171875	206.72000122070312	72.80000305175781
4432	193.59999084472656	201.27999877929688	75.80000305175781
4433	196.3199920654297	207.83999633789062	75.4000015258789
4434	196.3199920654297	189.9199981689453	75.5999984741211
4435	199.83999633789062	189.75999450683597	74.20000457763672
4436	200.63999938964844	194.3999938964844	72.80000305175781
4437	202.0800018310547	192.0	76.5999984741211
4438	202.72000122070312	207.0399932861328	73.5999984741211
4439	205.27999877929688	192.0	73.20000457763672
4440	205.9199981689453	195.3600006103516	73.5999984741211
4441	207.1999969482422	204.1599884033203	72.5999984741211
4442	207.0399932861328	200.1599884033203	72.5999984741211
4443	208.1599884033203	190.239990234375	72.4000015258789
4444	210.3999938964844	192.63999938964844	73.5999984741211
4445	208.3199920654297	195.0399932861328	76.4000015258789
4446	210.239990234375	203.3600006103516	74.4000015258789
4447	210.87998962402344	199.51998901367188	71.5999984741211
4448	209.75999450683597	199.3600006103516	76.5999984741211
4449	212.3199920654297	196.3199920654297	75.4000015258789
4450	215.0399932861328	199.83999633789062	74.4000015258789
4451	215.67999267578125	203.83999633789062	76.4000015258789
4452	214.239990234375	206.87998962402344	72.0
4453	217.27999877929688	190.55999755859372	72.5999984741211
4454	215.83999633789062	196.1599884033203	72.20000457763672
4455	216.63999938964844	185.9199981689453	74.5999984741211
4456	218.72000122070312	205.75999450683597	73.0
4457	218.0800018310547	190.0800018310547	76.80000305175781
4458	219.3600006103516	200.1599884033203	73.4000015258789
4459	223.83999633789062	192.8000030517578	73.20000457763672
4460	223.0399932861328	195.67999267578125	77.20000457763672
4461	228.47999572753903	192.1599884033203	76.80000305175781
4462	119.83999633789062	225.9199981689453	73.20000457763672
4463	146.39999389648438	210.239990234375	72.5999984741211
4464	152.3199920654297	203.67999267578125	77.5999984741211
4465	149.75999450683594	206.72000122070312	77.5999984741211
4466	152.3199920654297	210.0800018310547	75.80000305175781
4467	158.39999389648438	214.72000122070312	75.4000015258789
4468	156.63999938964844	212.1599884033203	72.20000457763672
4469	161.59999084472656	211.0399932861328	76.80000305175781
4470	165.27999877929688	211.3600006103516	73.20000457763672
4471	168.16000366210938	216.3199920654297	77.0
4472	169.59999084472656	209.75999450683597	73.20000457763672
4473	172.47999572753906	214.87998962402344	75.20000457763672
4474	176.16000366210938	208.47999572753903	76.20000457763672
4475	177.59999084472656	211.3600006103516	73.80000305175781
4476	176.8000030517578	215.51998901367188	73.80000305175781
4477	176.0	216.1599884033203	77.0
4478	182.0800018310547	210.72000122070312	77.20000457763672
4479	187.3600006103516	211.67999267578125	73.5999984741211
4480	188.47999572753903	217.1199951171875	76.20000457763672
4481	191.83999633789062	218.72000122070312	77.4000015258789
4482	193.75999450683597	211.83999633789062	75.0
4483	196.63999938964844	214.239990234375	76.80000305175781
4484	198.0800018310547	216.3199920654297	72.5999984741211
4485	201.27999877929688	212.1599884033203	73.5999984741211
4486	202.239990234375	215.83999633789062	74.20000457763672
4487	207.1999969482422	209.75999450683597	73.0
4488	208.0	206.239990234375	76.0
4489	210.239990234375	210.55999755859372	76.20000457763672
4490	109.43999481201172	230.55999755859372	72.0
4491	136.95999145507812	122.39999389648438	81.4000015258789
4492	143.0399932861328	116.95999908447266	79.5999984741211
4493	140.47999572753906	124.63999938964844	80.5999984741211
4494	142.55999755859375	121.1199951171875	79.5999984741211
4495	145.44000244140625	124.47999572753906	82.20000457763672
4496	146.0800018310547	117.27999877929688	81.20000457763672
4497	149.1199951171875	123.04000091552734	82.20000457763672
4498	149.59999084472656	119.5199966430664	81.0
4499	151.1999969482422	116.31999969482422	83.0
4500	154.87998962402344	109.27999877929688	81.4000015258789
4501	157.44000244140625	113.1199951171875	82.20000457763672
4502	159.83999633789062	113.27999877929688	79.4000015258789
4503	169.59999084472656	108.47999572753906	80.0
4504	171.83999633789062	121.27999877929688	81.5999984741211
4505	176.8000030517578	114.23999786376952	81.0
4506	178.39999389648438	122.7199935913086	79.5999984741211
4507	186.72000122070312	114.72000122070312	79.80000305175781
4508	189.9199981689453	115.36000061035156	80.0
4509	189.9199981689453	123.68000030517578	77.4000015258789
4510	193.9199981689453	120.31999969482422	77.4000015258789
4511	194.0800018310547	124.47999572753906	79.0
4512	198.239990234375	119.1999969482422	82.5999984741211
4513	199.51998901367188	117.91999816894531	78.0
4514	202.87998962402344	120.0	80.20000457763672
4515	201.1199951171875	121.91999816894531	76.80000305175781
4516	207.67999267578125	119.68000030517578	79.20000457763672
4517	206.72000122070312	123.04000091552734	80.0
4518	209.27999877929688	124.0	77.80000305175781
4519	214.239990234375	123.68000030517578	79.80000305175781
4520	131.36000061035156	133.75999450683594	78.4000015258789
4521	129.59999084472656	138.72000122070312	82.4000015258789
4522	131.19999694824222	140.8000030517578	80.0
4523	133.44000244140622	130.72000122070312	79.0
4524	135.03999328613278	135.67999267578122	78.80000305175781
4525	134.239990234375	134.39999389648438	81.4000015258789
4526	135.67999267578122	127.83999633789062	78.5999984741211
4527	134.72000122070312	140.47999572753906	82.4000015258789
4528	139.36000061035156	135.03999328613278	80.0
4529	141.27999877929688	132.95999145507812	80.5999984741211
4530	137.75999450683594	127.04000091552734	81.4000015258789
4531	151.0399932861328	143.83999633789062	82.4000015258789
4532	154.55999755859375	137.59999084472656	83.0
4533	160.0	141.27999877929688	78.20000457763672
4534	159.36000061035156	133.75999450683594	78.80000305175781
4535	158.239990234375	137.44000244140622	78.5999984741211
4536	161.59999084472656	132.95999145507812	82.80000305175781
4537	166.72000122070312	132.80000305175778	80.4000015258789
4538	167.1999969482422	142.72000122070312	81.0
4539	166.55999755859375	129.27999877929688	81.80000305175781
4540	172.63999938964844	129.59999084472656	82.4000015258789
4541	176.0	124.47999572753906	82.5999984741211
4542	172.0	144.16000366210938	76.5999984741211
4543	173.75999450683594	131.52000427246094	79.4000015258789
4544	172.47999572753906	134.87998962402344	81.4000015258789
4545	176.95999145507812	145.1199951171875	81.20000457763672
4546	177.59999084472656	129.1199951171875	79.20000457763672
4547	182.239990234375	125.1199951171875	82.0
4548	180.0	140.16000366210938	82.20000457763672
4549	181.27999877929688	129.27999877929688	83.4000015258789
4550	184.1599884033203	131.52000427246094	82.20000457763672
4551	186.3999938964844	125.75999450683594	82.80000305175781
4552	186.0800018310547	137.75999450683594	79.5999984741211
4553	189.75999450683597	139.36000061035156	79.20000457763672
4554	190.87998962402344	132.95999145507812	81.80000305175781
4555	192.1599884033203	127.83999633789062	79.4000015258789
4556	194.0800018310547	132.0	79.5999984741211
4557	196.0	135.19999694824222	78.4000015258789
4558	194.0800018310547	144.0	79.0
4559	197.1199951171875	129.1199951171875	79.80000305175781
4560	199.51998901367188	132.95999145507812	81.5999984741211
4561	200.8000030517578	129.27999877929688	81.4000015258789
4562	204.47999572753903	136.95999145507812	78.0
4563	203.51998901367188	134.239990234375	83.0
4564	204.63999938964844	131.03999328613278	80.0
4565	204.63999938964844	134.239990234375	79.5999984741211
4566	205.27999877929688	139.67999267578122	79.5999984741211
4567	204.63999938964844	141.59999084472656	83.4000015258789
4568	206.72000122070312	127.5199966430664	79.80000305175781
4569	210.0800018310547	130.39999389648438	79.4000015258789
4570	207.51998901367188	134.08000183105472	82.4000015258789
4571	212.63999938964844	140.31999206542972	77.5999984741211
4572	209.27999877929688	126.23999786376952	81.80000305175781
4573	211.0399932861328	145.9199981689453	79.5999984741211
4574	213.75999450683597	130.08000183105472	79.4000015258789
4575	218.239990234375	135.83999633789062	80.0
4576	216.47999572753903	131.52000427246094	81.4000015258789
4577	121.27999877929688	150.87998962402344	81.80000305175781
4578	123.83999633789062	155.67999267578125	79.4000015258789
4579	125.27999877929688	150.87998962402344	81.20000457763672
4580	127.04000091552734	158.55999755859375	81.80000305175781
4581	129.1199951171875	152.16000366210938	79.20000457763672
4582	129.1199951171875	148.16000366210938	82.0
4583	132.16000366210938	144.16000366210938	81.80000305175781
4584	138.239990234375	165.75999450683594	81.80000305175781
4585	143.36000061035156	162.39999389648438	79.80000305175781
4586	144.47999572753906	157.59999084472656	82.20000457763672
4587	147.36000061035156	156.8000030517578	80.0
4588	147.52000427246094	148.63999938964844	79.20000457763672
4589	150.39999389648438	148.3199920654297	77.4000015258789
4590	153.75999450683594	150.0800018310547	78.0
4591	154.72000122070312	158.87998962402344	79.5999984741211
4592	158.39999389648438	157.9199981689453	81.20000457763672
4593	162.0800018310547	159.0399932861328	78.80000305175781
4594	160.0	164.47999572753906	80.5999984741211
4595	162.0800018310547	145.59999084472656	82.0
4596	164.16000366210938	162.55999755859375	82.20000457763672
4597	167.67999267578125	162.87998962402344	80.5999984741211
4598	169.75999450683594	145.59999084472656	79.20000457763672
4599	172.0	150.239990234375	80.20000457763672
4600	171.83999633789062	164.16000366210938	78.80000305175781
4601	173.59999084472656	146.55999755859375	81.0
4602	174.72000122070312	153.9199981689453	80.80000305175781
4603	177.27999877929688	157.75999450683594	79.5999984741211
4604	177.1199951171875	148.8000030517578	83.20000457763672
4605	180.3199920654297	148.0	77.5999984741211
4606	179.67999267578125	154.55999755859375	81.0
4607	182.0800018310547	156.16000366210938	78.0
4608	182.239990234375	150.55999755859375	82.4000015258789
4609	186.3999938964844	155.0399932861328	78.80000305175781
4610	186.55999755859372	161.75999450683594	78.80000305175781
4611	186.239990234375	147.0399932861328	82.80000305175781
4612	190.239990234375	148.47999572753906	77.20000457763672
4613	188.3199920654297	154.0800018310547	82.0
4614	189.1199951171875	164.47999572753906	80.80000305175781
4615	189.44000244140625	158.239990234375	82.80000305175781
4616	193.1199951171875	164.16000366210938	78.5999984741211
4617	193.59999084472656	152.16000366210938	80.4000015258789
4618	194.239990234375	148.47999572753906	80.4000015258789
4619	196.0	151.67999267578125	77.0
4620	196.47999572753903	155.36000061035156	82.20000457763672
4621	197.27999877929688	167.1999969482422	77.0
4622	198.239990234375	148.95999145507812	83.0
4623	204.1599884033203	150.239990234375	79.0
4624	207.51998901367188	162.0800018310547	78.80000305175781
4625	207.0399932861328	159.83999633789062	82.20000457763672
4626	207.1999969482422	156.0	79.20000457763672
4627	210.0800018310547	165.27999877929688	79.80000305175781
4628	211.3600006103516	156.0	80.20000457763672
4629	213.44000244140625	162.87998962402344	78.4000015258789
4630	212.79998779296875	159.83999633789062	80.80000305175781
4631	215.83999633789062	152.47999572753906	82.5999984741211
4632	215.51998901367188	149.59999084472656	79.4000015258789
4633	218.0800018310547	154.87998962402344	80.20000457763672
4634	217.1199951171875	158.87998962402344	82.80000305175781
4635	219.67999267578125	147.1999969482422	77.80000305175781
4636	221.44000244140625	156.63999938964844	82.0
4637	220.63999938964844	160.95999145507812	77.5999984741211
4638	218.72000122070312	162.55999755859375	83.20000457763672
4639	222.55999755859372	149.59999084472656	80.5999984741211
4640	222.72000122070312	160.3199920654297	82.80000305175781
4641	224.63999938964844	157.75999450683594	81.4000015258789
4642	226.87998962402344	164.8000030517578	79.80000305175781
4643	225.9199981689453	147.0399932861328	77.20000457763672
4644	227.51998901367188	150.39999389648438	79.80000305175781
4645	230.72000122070312	164.95999145507812	78.0
4646	230.3999938964844	154.0800018310547	82.20000457763672
4647	230.239990234375	158.39999389648438	78.20000457763672
4648	232.79998779296875	163.36000061035156	79.20000457763672
4649	233.59999084472656	161.27999877929688	82.20000457763672
4650	236.47999572753903	161.44000244140625	79.4000015258789
4651	131.36000061035156	172.8000030517578	81.0
4652	133.91999816894528	187.0399932861328	79.0
4653	140.63999938964844	172.47999572753906	79.4000015258789
4654	140.95999145507812	170.39999389648438	81.80000305175781
4655	144.47999572753906	178.55999755859375	81.0
4656	144.63999938964844	168.3199920654297	78.5999984741211
4657	145.27999877929688	173.75999450683594	84.20000457763672
4658	147.83999633789062	184.1599884033203	78.80000305175781
4659	148.16000366210938	181.75999450683597	82.20000457763672
4660	147.1999969482422	174.39999389648438	80.0
4661	149.44000244140625	165.59999084472656	81.0
4662	152.8000030517578	186.55999755859372	78.4000015258789
4663	154.239990234375	177.9199981689453	79.80000305175781
4664	162.87998962402344	176.0	76.20000457763672
4665	157.59999084472656	182.239990234375	80.80000305175781
4666	159.67999267578125	180.1599884033203	77.80000305175781
4667	158.39999389648438	170.239990234375	83.80000305175781
4668	161.1199951171875	176.3199920654297	79.0
4669	163.0399932861328	171.36000061035156	77.80000305175781
4670	165.59999084472656	170.72000122070312	81.5999984741211
4671	167.0399932861328	184.63999938964844	79.0
4672	168.16000366210938	175.83999633789062	77.5999984741211
4673	169.27999877929688	168.16000366210938	81.20000457763672
4674	168.95999145507812	181.44000244140625	81.20000457763672
4675	171.67999267578125	169.9199981689453	78.4000015258789
4676	171.1999969482422	172.95999145507812	80.0
4677	177.27999877929688	173.27999877929688	78.20000457763672
4678	177.59999084472656	175.83999633789062	80.5999984741211
4679	185.59999084472656	181.75999450683597	77.4000015258789
4680	180.8000030517578	178.55999755859375	77.80000305175781
4681	181.59999084472656	174.39999389648438	79.5999984741211
4682	182.0800018310547	178.239990234375	82.0
4683	184.47999572753903	165.59999084472656	82.80000305175781
4684	185.27999877929688	175.0399932861328	81.5999984741211
4685	188.3199920654297	176.63999938964844	79.20000457763672
4686	191.3600006103516	169.1199951171875	81.0
4687	192.0	173.44000244140625	81.0
4688	198.55999755859372	180.9599914550781	83.80000305175781
4689	201.1199951171875	180.0	80.80000305175781
4690	205.59999084472656	175.36000061035156	81.0
4691	206.239990234375	179.0399932861328	79.5999984741211
4692	205.1199951171875	180.63999938964844	83.80000305175781
4693	205.75999450683597	170.87998962402344	82.20000457763672
4694	209.1199951171875	174.239990234375	81.80000305175781
4695	209.44000244140625	184.3199920654297	81.80000305175781
4696	211.67999267578125	171.36000061035156	80.0
4697	211.1999969482422	177.44000244140625	81.5999984741211
4698	212.79998779296875	186.55999755859372	81.0
4699	215.1999969482422	168.8000030517578	77.4000015258789
4700	216.47999572753903	184.3199920654297	81.20000457763672
4701	216.63999938964844	169.9199981689453	80.4000015258789
4702	218.239990234375	166.239990234375	80.80000305175781
4703	220.63999938964844	175.1999969482422	80.0
4704	222.239990234375	172.3199920654297	79.80000305175781
4705	224.1599884033203	179.51998901367188	81.20000457763672
4706	224.9599914550781	188.8000030517578	78.80000305175781
4707	226.0800018310547	185.1199951171875	83.80000305175781
4708	223.51998901367188	190.3999938964844	83.0
4709	228.0	169.44000244140625	79.80000305175781
4710	227.51998901367188	173.9199981689453	77.4000015258789
4711	228.79998779296875	179.36000061035156	79.80000305175781
4712	229.75999450683597	175.1999969482422	80.80000305175781
4713	228.79998779296875	184.0	80.4000015258789
4714	232.3199920654297	169.75999450683594	77.80000305175781
4715	232.0	166.72000122070312	81.5999984741211
4716	233.59999084472656	174.55999755859375	78.80000305175781
4717	232.63999938964844	169.9199981689453	81.20000457763672
4718	138.72000122070312	193.75999450683597	80.20000457763672
4719	144.47999572753906	192.0	77.80000305175781
4720	144.47999572753906	198.72000122070312	77.4000015258789
4721	148.16000366210938	192.9599914550781	78.5999984741211
4722	150.39999389648438	192.1599884033203	81.80000305175781
4723	150.239990234375	187.3600006103516	79.80000305175781
4724	152.0	199.0399932861328	80.0
4725	154.72000122070312	196.3199920654297	79.5999984741211
4726	156.3199920654297	200.3199920654297	80.80000305175781
4727	156.3199920654297	206.87998962402344	80.0
4728	157.27999877929688	203.0399932861328	77.20000457763672
4729	158.72000122070312	202.55999755859372	81.4000015258789
4730	161.9199981689453	203.0399932861328	79.0
4731	160.47999572753906	195.83999633789062	84.0
4732	161.59999084472656	193.44000244140625	82.0
4733	162.55999755859375	189.75999450683597	79.4000015258789
4734	171.51998901367188	199.3600006103516	79.5999984741211
4735	170.87998962402344	193.75999450683597	83.0
4736	176.47999572753906	193.27999877929688	79.20000457763672
4737	177.1199951171875	202.239990234375	80.80000305175781
4738	178.239990234375	198.239990234375	80.4000015258789
4739	180.3199920654297	195.3600006103516	78.20000457763672
4740	180.47999572753903	191.0399932861328	79.5999984741211
4741	178.87998962402344	207.0399932861328	79.4000015258789
4742	182.3999938964844	202.0800018310547	80.5999984741211
4743	180.0	199.83999633789062	83.4000015258789
4744	182.239990234375	194.55999755859372	81.5999984741211
4745	184.8000030517578	189.75999450683597	79.20000457763672
4746	185.1199951171875	206.0800018310547	79.20000457763672
4747	187.3600006103516	193.9199981689453	78.80000305175781
4748	188.63999938964844	204.47999572753903	79.80000305175781
4749	188.63999938964844	188.47999572753903	79.0
4750	190.0800018310547	199.83999633789062	80.5999984741211
4751	190.55999755859372	192.63999938964844	80.5999984741211
4752	192.8000030517578	193.9199981689453	77.80000305175781
4753	190.55999755859372	204.3199920654297	82.5999984741211
4754	194.0800018310547	201.27999877929688	79.4000015258789
4755	195.51998901367188	205.27999877929688	78.5999984741211
4756	194.0800018310547	187.67999267578125	78.20000457763672
4757	194.3999938964844	197.1199951171875	82.5999984741211
4758	194.3999938964844	190.72000122070312	81.4000015258789
4759	198.72000122070312	197.44000244140625	81.20000457763672
4760	195.67999267578125	193.44000244140625	83.5999984741211
4761	197.1199951171875	201.75999450683597	82.0
4762	199.51998901367188	206.87998962402344	78.0
4763	199.0399932861328	187.67999267578125	81.20000457763672
4764	201.75999450683597	188.3199920654297	77.80000305175781
4765	201.27999877929688	195.51998901367188	81.0
4766	201.59999084472656	190.239990234375	81.20000457763672
4767	199.51998901367188	204.79998779296875	82.20000457763672
4768	203.83999633789062	207.3600006103516	79.20000457763672
4769	205.59999084472656	201.27999877929688	78.80000305175781
4770	207.3600006103516	193.27999877929688	78.80000305175781
4771	205.9199981689453	204.0	81.80000305175781
4772	209.75999450683597	204.79998779296875	77.4000015258789
4773	212.63999938964844	204.1599884033203	80.5999984741211
4774	213.44000244140625	200.9599914550781	78.80000305175781
4775	213.44000244140625	193.59999084472656	80.5999984741211
4776	214.72000122070312	187.1999969482422	77.80000305175781
4777	216.9599914550781	204.3199920654297	81.5999984741211
4778	219.83999633789062	188.47999572753903	80.0
4779	219.51998901367188	201.27999877929688	79.0
4780	220.79998779296875	197.75999450683597	79.80000305175781
4781	219.67999267578125	186.239990234375	83.80000305175781
4782	222.87998962402344	191.0399932861328	78.80000305175781
4783	226.0800018310547	194.239990234375	80.80000305175781
4784	228.0	188.0	79.80000305175781
4785	152.63999938964844	206.55999755859372	80.5999984741211
4786	159.51998901367188	207.83999633789062	78.0
4787	172.16000366210938	210.3999938964844	77.20000457763672
4788	173.1199951171875	218.72000122070312	77.4000015258789
4789	177.27999877929688	211.51998901367188	80.80000305175781
4790	188.3199920654297	219.51998901367188	79.80000305175781
4791	186.0800018310547	209.75999450683597	82.20000457763672
4792	189.59999084472656	213.59999084472656	79.4000015258789
4793	191.0399932861328	209.59999084472656	77.4000015258789
4794	191.51998901367188	209.75999450683597	81.4000015258789
4795	195.1999969482422	208.47999572753903	78.5999984741211
4796	197.44000244140625	213.75999450683597	82.0
4797	199.0399932861328	211.51998901367188	78.0
4798	203.83999633789062	211.0399932861328	77.80000305175781
4799	205.9199981689453	209.59999084472656	81.4000015258789
4800	208.47999572753903	206.55999755859372	80.0
4801	133.44000244140622	124.63999938964844	83.80000305175781
4802	136.16000366210938	119.83999633789062	86.4000015258789
4803	138.39999389648438	114.07999420166016	88.4000015258789
4804	141.1199951171875	122.55999755859376	86.5999984741211
4805	141.44000244140625	115.1999969482422	83.5999984741211
4806	143.67999267578125	118.7199935913086	85.20000457763672
4807	144.47999572753906	113.1199951171875	83.5999984741211
4808	146.39999389648438	120.79999542236328	84.4000015258789
4809	145.1199951171875	110.07999420166016	86.5999984741211
4810	148.16000366210938	114.72000122070312	84.20000457763672
4811	148.95999145507812	110.39999389648438	85.0
4812	151.67999267578125	107.1999969482422	85.20000457763672
4813	151.36000061035156	119.36000061035156	85.20000457763672
4814	154.87998962402344	123.04000091552734	84.0
4815	154.72000122070312	114.39999389648438	87.20000457763672
4816	154.55999755859375	113.43999481201172	83.80000305175781
4817	157.9199981689453	105.75999450683594	84.0
4818	156.8000030517578	110.87999725341795	87.5999984741211
4819	169.9199981689453	117.91999816894531	84.5999984741211
4820	176.95999145507812	111.1999969482422	83.5999984741211
4821	174.0800018310547	109.75999450683594	86.5999984741211
4822	178.87998962402344	118.87999725341795	84.4000015258789
4823	175.51998901367188	116.31999969482422	85.0
4824	185.44000244140625	115.36000061035156	85.80000305175781
4825	189.9199981689453	123.1999969482422	86.5999984741211
4826	194.87998962402344	124.0	85.20000457763672
4827	206.55999755859372	125.75999450683594	84.4000015258789
4828	125.91999816894531	145.59999084472656	87.4000015258789
4829	126.39999389648438	133.1199951171875	87.4000015258789
4830	130.72000122070312	128.80000305175778	83.80000305175781
4831	129.1199951171875	140.63999938964844	85.5999984741211
4832	129.91999816894528	136.0	84.4000015258789
4833	132.80000305175778	143.1999969482422	86.80000305175781
4834	132.95999145507812	133.91999816894528	84.20000457763672
4835	132.80000305175778	139.19999694824222	87.5999984741211
4836	134.39999389648438	131.19999694824222	86.0
4837	135.67999267578122	127.68000030517578	84.20000457763672
4838	138.39999389648438	139.03999328613278	83.80000305175781
4839	135.67999267578122	136.47999572753906	86.80000305175781
4840	139.52000427246094	136.80000305175778	87.80000305175781
4841	141.9199981689453	131.67999267578122	84.4000015258789
4842	142.55999755859375	125.43999481201172	87.20000457763672
4843	143.1999969482422	128.0	83.20000457763672
4844	148.0	124.31999969482422	86.80000305175781
4845	147.52000427246094	127.83999633789062	82.80000305175781
4846	147.0399932861328	129.44000244140622	87.4000015258789
4847	149.44000244140625	137.1199951171875	88.4000015258789
4848	150.87998962402344	141.44000244140625	86.4000015258789
4849	158.239990234375	134.72000122070312	83.80000305175781
4850	160.3199920654297	140.95999145507812	86.5999984741211
4851	168.16000366210938	144.47999572753906	85.0
4852	169.9199981689453	129.27999877929688	91.5999984741211
4853	170.55999755859375	135.19999694824222	85.4000015258789
4854	170.0800018310547	130.55999755859378	87.20000457763672
4855	176.47999572753906	140.63999938964844	84.4000015258789
4856	178.72000122070312	135.19999694824222	82.0
4857	176.0	137.44000244140622	85.80000305175781
4858	177.27999877929688	144.3199920654297	85.80000305175781
4859	180.0	140.47999572753906	86.80000305175781
4860	181.59999084472656	144.0	84.0
4861	184.1599884033203	137.59999084472656	83.4000015258789
4862	189.27999877929688	141.59999084472656	84.80000305175781
4863	191.51998901367188	129.1199951171875	84.5999984741211
4864	192.63999938964844	132.95999145507812	86.4000015258789
4865	191.0399932861328	137.27999877929688	87.5999984741211
4866	193.59999084472656	143.52000427246094	86.20000457763672
4867	196.63999938964844	139.83999633789062	86.80000305175781
4868	199.3600006103516	145.75999450683594	84.4000015258789
4869	203.0399932861328	130.08000183105472	86.0
4870	202.55999755859372	134.72000122070312	86.5999984741211
4871	204.79998779296875	131.83999633789062	83.5999984741211
4872	207.67999267578125	142.0800018310547	86.80000305175781
4873	211.1999969482422	135.67999267578122	84.0
4874	210.55999755859372	128.63999938964844	86.0
4875	218.0800018310547	142.39999389648438	84.80000305175781
4876	216.1599884033203	138.239990234375	84.4000015258789
4877	118.23999786376952	150.39999389648438	84.5999984741211
4878	118.07999420166016	157.59999084472656	84.0
4879	119.83999633789062	144.3199920654297	82.4000015258789
4880	124.0	149.1199951171875	84.0
4881	127.04000091552734	157.9199981689453	86.0
4882	128.47999572753906	151.0399932861328	85.0
4883	132.0	147.1999969482422	84.4000015258789
4884	135.36000061035156	163.51998901367188	82.5999984741211
4885	135.19999694824222	147.1999969482422	86.20000457763672
4886	143.67999267578125	160.16000366210938	88.80000305175781
4887	144.8000030517578	165.27999877929688	87.4000015258789
4888	145.44000244140625	156.47999572753906	89.0
4889	145.75999450683594	162.55999755859375	86.0
4890	147.83999633789062	150.72000122070312	83.20000457763672
4891	148.63999938964844	146.87998962402344	84.20000457763672
4892	149.1199951171875	161.44000244140625	86.4000015258789
4893	153.9199981689453	151.83999633789062	86.20000457763672
4894	157.9199981689453	152.3199920654297	82.0
4895	156.3199920654297	157.75999450683594	84.5999984741211
4896	158.39999389648438	152.63999938964844	87.0
4897	159.1999969482422	163.36000061035156	86.20000457763672
4898	161.75999450683594	153.59999084472656	86.20000457763672
4899	163.36000061035156	159.36000061035156	84.4000015258789
4900	162.72000122070312	144.3199920654297	88.5999984741211
4901	166.239990234375	146.87998962402344	82.80000305175781
4902	167.1999969482422	161.59999084472656	84.4000015258789
4903	171.67999267578125	145.59999084472656	85.5999984741211
4904	169.59999084472656	165.75999450683594	84.5999984741211
4905	171.1999969482422	150.39999389648438	84.80000305175781
4906	174.39999389648438	152.95999145507812	84.5999984741211
4907	175.0399932861328	148.0	86.20000457763672
4908	177.44000244140625	155.36000061035156	84.20000457763672
4909	178.0800018310547	151.36000061035156	86.80000305175781
4910	183.1999969482422	157.27999877929688	82.5999984741211
4911	185.59999084472656	161.44000244140625	83.4000015258789
4912	186.3999938964844	151.67999267578125	85.0
4913	190.87998962402344	152.47999572753906	84.20000457763672
4914	190.0800018310547	160.0	86.20000457763672
4915	189.75999450683597	148.16000366210938	84.80000305175781
4916	191.83999633789062	156.47999572753906	84.20000457763672
4917	190.3999938964844	165.59999084472656	85.0
4918	194.3999938964844	166.239990234375	82.0
4919	194.0800018310547	147.52000427246094	84.20000457763672
4920	196.1599884033203	151.0399932861328	85.20000457763672
4921	194.72000122070312	155.67999267578125	85.5999984741211
4922	198.55999755859372	159.36000061035156	83.20000457763672
4923	198.72000122070312	162.55999755859375	83.20000457763672
4924	208.3199920654297	147.83999633789062	91.4000015258789
4925	206.87998962402344	165.59999084472656	82.5999984741211
4926	207.83999633789062	155.51998901367188	83.4000015258789
4927	208.3199920654297	164.0	86.0
4928	214.55999755859372	147.52000427246094	83.0
4929	212.0	151.83999633789062	83.4000015258789
4930	211.1999969482422	151.36000061035156	87.0
4931	212.1599884033203	161.75999450683594	84.20000457763672
4932	214.3999938964844	165.59999084472656	82.4000015258789
4933	212.3199920654297	166.72000122070312	87.0
4934	216.1599884033203	152.0	84.5999984741211
4935	216.9599914550781	155.0399932861328	84.20000457763672
4936	217.44000244140625	160.3199920654297	86.5999984741211
4937	215.83999633789062	165.75999450683594	87.5999984741211
4938	221.9199981689453	152.16000366210938	84.20000457763672
4939	221.75999450683597	148.8000030517578	86.20000457763672
4940	221.44000244140625	160.0	85.5999984741211
4941	223.83999633789062	153.9199981689453	86.4000015258789
4942	226.3999938964844	154.87998962402344	84.0
4943	224.0	164.16000366210938	86.5999984741211
4944	225.59999084472656	159.1999969482422	85.80000305175781
4945	230.72000122070312	163.83999633789062	82.5999984741211
4946	228.79998779296875	162.72000122070312	86.80000305175781
4947	231.51998901367188	159.51998901367188	85.4000015258789
4948	129.1199951171875	178.55999755859375	85.5999984741211
4949	132.0	170.55999755859375	84.80000305175781
4950	133.27999877929688	175.0399932861328	84.5999984741211
4951	135.19999694824222	179.0399932861328	85.4000015258789
4952	145.27999877929688	183.3600006103516	86.80000305175781
4953	141.27999877929688	178.72000122070312	82.80000305175781
4954	148.16000366210938	186.3999938964844	84.0
4955	149.27999877929688	169.1199951171875	83.4000015258789
4956	151.1999969482422	172.63999938964844	85.80000305175781
4957	152.47999572753906	167.67999267578125	87.0
4958	156.16000366210938	176.16000366210938	84.20000457763672
4959	154.55999755859375	172.16000366210938	82.0
4960	155.0399932861328	171.51998901367188	85.80000305175781
4961	153.59999084472656	181.75999450683597	87.80000305175781
4962	157.75999450683594	179.83999633789062	86.0
4963	159.1999969482422	167.0399932861328	87.4000015258789
4964	161.59999084472656	168.8000030517578	84.20000457763672
4965	163.1999969482422	175.1999969482422	84.20000457763672
4966	163.36000061035156	165.59999084472656	83.80000305175781
4967	164.95999145507812	178.239990234375	86.4000015258789
4968	165.59999084472656	168.8000030517578	85.80000305175781
4969	166.39999389648438	184.3199920654297	83.20000457763672
4970	166.72000122070312	174.72000122070312	85.5999984741211
4971	169.75999450683594	174.55999755859375	83.4000015258789
4972	169.9199981689453	178.72000122070312	85.0
4973	170.39999389648438	183.1999969482422	86.0
4974	172.47999572753906	170.239990234375	84.20000457763672
4975	172.47999572753906	183.3600006103516	82.4000015258789
4976	173.27999877929688	180.9599914550781	85.4000015258789
4977	175.1999969482422	177.9199981689453	86.20000457763672
4978	176.47999572753906	171.1999969482422	84.20000457763672
4979	173.44000244140625	187.51998901367188	84.20000457763672
4980	181.27999877929688	172.47999572753906	84.4000015258789
4981	178.72000122070312	183.67999267578125	83.80000305175781
4982	179.51998901367188	168.8000030517578	83.80000305175781
4983	183.3600006103516	175.36000061035156	85.5999984741211
4984	183.51998901367188	183.3600006103516	86.4000015258789
4985	192.47999572753903	179.83999633789062	85.20000457763672
4986	196.9599914550781	174.39999389648438	85.0
4987	199.1999969482422	166.239990234375	86.0
4988	200.8000030517578	185.1199951171875	90.0
4989	205.1199951171875	176.0	85.20000457763672
4990	207.67999267578125	169.27999877929688	86.0
4991	207.3600006103516	184.0	86.5999984741211
4992	209.27999877929688	172.3199920654297	85.4000015258789
4993	209.59999084472656	180.8000030517578	83.20000457763672
4994	211.51998901367188	178.72000122070312	86.20000457763672
4995	214.55999755859372	175.36000061035156	85.80000305175781
4996	214.72000122070312	169.44000244140625	84.20000457763672
4997	215.83999633789062	180.0	84.20000457763672
4998	220.1599884033203	174.39999389648438	86.20000457763672
4999	219.1999969482422	166.239990234375	84.5999984741211
5000	222.55999755859372	174.72000122070312	83.5999984741211
5001	221.44000244140625	178.87998962402344	84.20000457763672
5002	221.59999084472656	170.72000122070312	85.0
5003	223.3600006103516	186.0800018310547	86.0
5004	222.72000122070312	168.95999145507812	88.5999984741211
5005	225.59999084472656	180.3199920654297	86.20000457763672
5006	225.27999877929688	172.95999145507812	86.5999984741211
5007	227.51998901367188	176.95999145507812	87.4000015258789
5008	225.27999877929688	177.1199951171875	92.0
5009	231.3600006103516	168.95999145507812	84.4000015258789
5010	228.47999572753903	176.0	84.4000015258789
5011	229.44000244140625	182.3999938964844	84.20000457763672
5012	143.0399932861328	187.67999267578125	84.0
5013	145.1199951171875	190.87998962402344	85.80000305175781
5014	143.52000427246094	193.44000244140625	83.4000015258789
5015	151.67999267578125	191.0399932861328	86.0
5016	155.36000061035156	195.3600006103516	85.5999984741211
5017	157.44000244140625	206.0800018310547	84.4000015258789
5018	166.0800018310547	189.59999084472656	85.0
5019	159.0399932861328	198.0800018310547	88.0
5020	163.67999267578125	198.239990234375	87.5999984741211
5021	164.8000030517578	203.67999267578125	85.0
5022	168.47999572753906	187.1999969482422	84.0
5023	172.95999145507812	202.239990234375	83.4000015258789
5024	175.51998901367188	198.87998962402344	84.4000015258789
5025	176.63999938964844	194.55999755859372	84.0
5026	177.1199951171875	205.9199981689453	83.5999984741211
5027	177.9199981689453	199.67999267578125	86.80000305175781
5028	180.1599884033203	194.55999755859372	85.20000457763672
5029	178.72000122070312	206.239990234375	86.5999984741211
5030	181.1199951171875	203.51998901367188	86.5999984741211
5031	183.67999267578125	194.55999755859372	84.80000305175781
5032	186.239990234375	202.239990234375	84.5999984741211
5033	186.239990234375	191.3600006103516	86.0
5034	184.47999572753903	195.67999267578125	87.5999984741211
5035	188.47999572753903	189.9199981689453	82.80000305175781
5036	188.1599884033203	194.239990234375	83.4000015258789
5037	188.9599914550781	199.0399932861328	85.80000305175781
5038	191.51998901367188	202.87998962402344	86.0
5039	192.47999572753903	197.59999084472656	86.5999984741211
5040	193.59999084472656	187.67999267578125	83.20000457763672
5041	192.47999572753903	193.44000244140625	87.20000457763672
5042	195.83999633789062	201.27999877929688	86.80000305175781
5043	195.83999633789062	205.9199981689453	84.4000015258789
5044	196.9599914550781	189.1199951171875	83.0
5045	198.72000122070312	188.9599914550781	87.4000015258789
5046	199.67999267578125	192.9599914550781	85.80000305175781
5047	199.83999633789062	199.67999267578125	85.4000015258789
5048	203.67999267578125	200.47999572753903	83.80000305175781
5049	202.87998962402344	204.47999572753903	84.20000457763672
5050	203.3600006103516	188.47999572753903	84.5999984741211
5051	204.63999938964844	192.9599914550781	82.80000305175781
5052	203.1999969482422	194.72000122070312	88.20000457763672
5053	206.239990234375	195.51998901367188	86.5999984741211
5054	206.87998962402344	205.1199951171875	86.80000305175781
5055	207.67999267578125	187.3600006103516	84.5999984741211
5056	207.3600006103516	197.9199981689453	82.80000305175781
5057	208.1599884033203	191.51998901367188	85.0
5058	210.3999938964844	196.47999572753903	85.4000015258789
5059	209.75999450683597	204.3199920654297	85.20000457763672
5060	211.3600006103516	191.83999633789062	83.4000015258789
5061	210.55999755859372	201.27999877929688	84.5999984741211
5062	211.83999633789062	186.55999755859372	85.4000015258789
5063	212.79998779296875	197.59999084472656	82.0
5064	214.3999938964844	189.75999450683597	86.0
5065	215.67999267578125	201.27999877929688	85.80000305175781
5066	215.67999267578125	194.55999755859372	85.4000015258789
5067	217.27999877929688	196.63999938964844	82.0
5068	217.27999877929688	192.1599884033203	82.80000305175781
5069	220.3199920654297	197.59999084472656	84.80000305175781
5070	220.9599914550781	191.3600006103516	85.20000457763672
5071	222.72000122070312	195.67999267578125	83.4000015258789
5072	225.75999450683597	189.9199981689453	86.0
5073	159.83999633789062	209.75999450683597	82.0
5074	181.59999084472656	213.9199981689453	82.5999984741211
5075	183.1999969482422	208.1599884033203	84.80000305175781
5076	188.63999938964844	216.1599884033203	83.0
5077	189.27999877929688	207.3600006103516	84.20000457763672
5078	187.1999969482422	214.0800018310547	86.0
5079	192.3199920654297	212.9599914550781	84.4000015258789
5080	192.0	207.0399932861328	87.4000015258789
5081	194.72000122070312	210.0800018310547	86.5999984741211
5082	199.0399932861328	208.9599914550781	83.80000305175781
5083	203.1999969482422	212.3199920654297	82.5999984741211
5084	210.3999938964844	207.51998901367188	85.20000457763672
5085	197.75999450683597	82.72000122070312	90.8000030517578
5086	155.83999633789062	103.1999969482422	88.4000015258789
5087	182.72000122070312	94.4000015258789	91.5999984741211
5088	186.72000122070312	95.68000030517578	92.20000457763672
5089	189.1199951171875	89.91999816894531	91.8000030517578
5090	193.27999877929688	90.07999420166016	88.80000305175781
5091	196.9599914550781	86.55999755859375	88.80000305175781
5092	200.9599914550781	101.27999877929688	88.4000015258789
5093	203.51998901367188	104.79999542236328	90.4000015258789
5094	205.1199951171875	98.87999725341795	90.20000457763672
5095	207.3600006103516	102.23999786376952	90.8000030517578
5096	211.3600006103516	103.5199966430664	90.5999984741211
5097	132.80000305175778	119.5199966430664	91.20000457763672
5098	134.39999389648438	122.23999786376952	88.4000015258789
5099	135.83999633789062	116.95999908447266	91.0
5100	137.44000244140622	124.79999542236328	88.0
5101	140.63999938964844	119.5199966430664	87.80000305175781
5102	140.47999572753906	120.95999908447266	91.8000030517578
5103	141.59999084472656	116.0	87.4000015258789
5104	142.39999389648438	111.1999969482422	88.5999984741211
5105	142.72000122070312	114.23999786376952	92.8000030517578
5106	145.59999084472656	109.1199951171875	91.4000015258789
5107	146.239990234375	113.5999984741211	88.0
5108	144.8000030517578	121.5999984741211	89.4000015258789
5109	146.0800018310547	116.15999603271484	90.5999984741211
5110	148.0	119.68000030517578	88.4000015258789
5111	150.0800018310547	108.31999969482422	89.80000305175781
5112	150.0800018310547	115.1999969482422	88.80000305175781
5113	152.0	104.15999603271484	92.8000030517578
5114	150.87998962402344	121.5999984741211	92.20000457763672
5115	152.63999938964844	109.5999984741211	87.80000305175781
5116	155.51998901367188	117.1199951171875	93.0
5117	153.27999877929688	123.36000061035156	88.80000305175781
5118	156.0	117.5999984741211	89.4000015258789
5119	155.67999267578125	108.31999969482422	91.5999984741211
5120	155.36000061035156	113.5999984741211	91.4000015258789
5121	160.0	112.0	87.20000457763672
5122	162.87998962402344	114.39999389648438	87.80000305175781
5123	170.72000122070312	105.27999877929688	92.4000015258789
5124	176.16000366210938	124.47999572753906	91.0
5125	191.3600006103516	122.23999786376952	90.4000015258789
5126	194.3999938964844	109.5999984741211	90.0
5127	197.75999450683597	105.75999450683594	91.20000457763672
5128	197.59999084472656	125.27999877929688	90.0
5129	200.63999938964844	103.68000030517578	92.0
5130	118.55999755859376	143.36000061035156	87.4000015258789
5131	118.7199935913086	140.47999572753906	90.8000030517578
5132	121.5999984741211	144.95999145507812	89.5999984741211
5133	122.23999786376952	141.27999877929688	91.0
5134	124.0	139.52000427246094	88.0
5135	126.23999786376952	134.55999755859378	92.20000457763672
5136	127.5199966430664	129.1199951171875	87.0
5137	128.0	126.55999755859376	90.5999984741211
5138	129.59999084472656	145.9199981689453	92.0
5139	131.52000427246094	131.52000427246094	89.4000015258789
5140	129.91999816894528	123.83999633789062	92.8000030517578
5141	131.67999267578122	136.63999938964844	91.0
5142	135.19999694824222	129.75999450683594	91.5999984741211
5143	132.63999938964844	143.52000427246094	91.4000015258789
5144	135.36000061035156	142.39999389648438	89.5999984741211
5145	137.1199951171875	134.239990234375	89.0
5146	135.52000427246094	125.27999877929688	91.8000030517578
5147	139.03999328613278	127.1999969482422	92.5999984741211
5148	139.03999328613278	139.67999267578122	91.20000457763672
5149	140.8000030517578	127.68000030517578	89.20000457763672
5150	143.1999969482422	129.91999816894528	90.20000457763672
5151	143.1999969482422	123.36000061035156	92.8000030517578
5152	146.87998962402344	141.59999084472656	94.4000015258789
5153	148.16000366210938	139.03999328613278	92.4000015258789
5154	149.27999877929688	141.9199981689453	90.8000030517578
5155	150.72000122070312	125.75999450683594	90.8000030517578
5156	151.51998901367188	134.72000122070312	90.4000015258789
5157	152.16000366210938	138.55999755859378	90.8000030517578
5158	156.8000030517578	135.36000061035156	88.4000015258789
5159	163.83999633789062	128.80000305175778	89.4000015258789
5160	165.9199981689453	131.52000427246094	91.20000457763672
5161	166.87998962402344	142.0800018310547	88.5999984741211
5162	171.83999633789062	134.55999755859378	90.5999984741211
5163	174.39999389648438	144.63999938964844	88.4000015258789
5164	177.44000244140625	141.44000244140625	91.20000457763672
5165	178.55999755859375	136.80000305175778	89.0
5166	184.47999572753903	134.39999389648438	88.0
5167	181.44000244140625	127.04000091552734	90.8000030517578
5168	177.75999450683594	145.9199981689453	90.5999984741211
5169	181.44000244140625	136.47999572753906	87.20000457763672
5170	193.75999450683597	127.5199966430664	88.4000015258789
5171	200.8000030517578	142.55999755859375	91.5999984741211
5172	200.8000030517578	126.87999725341795	87.5999984741211
5173	207.1999969482422	138.72000122070312	89.0
5174	209.1199951171875	141.1199951171875	93.0
5175	218.3999938964844	142.55999755859375	88.20000457763672
5176	115.04000091552734	154.72000122070312	91.8000030517578
5177	115.83999633789062	144.47999572753906	91.4000015258789
5178	117.91999816894531	147.67999267578125	90.8000030517578
5179	120.0	150.55999755859375	88.80000305175781
5180	119.68000030517578	154.72000122070312	88.80000305175781
5181	123.1999969482422	148.0	87.80000305175781
5182	123.36000061035156	148.95999145507812	91.8000030517578
5183	123.04000091552734	152.95999145507812	89.0
5184	127.83999633789062	152.95999145507812	87.80000305175781
5185	127.1999969482422	154.87998962402344	91.20000457763672
5186	127.68000030517578	158.39999389648438	92.0
5187	129.27999877929688	148.16000366210938	88.4000015258789
5188	131.52000427246094	161.9199981689453	92.4000015258789
5189	142.55999755859375	159.0399932861328	92.5999984741211
5190	144.95999145507812	158.72000122070312	95.5999984741211
5191	148.16000366210938	147.36000061035156	88.0
5192	149.27999877929688	164.8000030517578	91.20000457763672
5193	155.67999267578125	157.1199951171875	89.20000457763672
5194	157.59999084472656	145.1199951171875	92.0
5195	158.87998962402344	164.63999938964844	90.20000457763672
5196	160.0	157.27999877929688	88.5999984741211
5197	163.67999267578125	159.83999633789062	91.0
5198	165.1199951171875	148.0	89.80000305175781
5199	168.95999145507812	147.0399932861328	89.20000457763672
5200	172.95999145507812	150.0800018310547	90.4000015258789
5201	183.3600006103516	146.87998962402344	89.80000305175781
5202	183.3600006103516	160.95999145507812	87.80000305175781
5203	184.3199920654297	152.0	88.80000305175781
5204	185.9199981689453	158.87998962402344	90.20000457763672
5205	186.87998962402344	148.95999145507812	89.4000015258789
5206	191.51998901367188	150.87998962402344	87.80000305175781
5207	198.3999938964844	150.239990234375	88.4000015258789
5208	199.3600006103516	148.3199920654297	90.4000015258789
5209	199.1999969482422	159.1999969482422	87.80000305175781
5210	201.9199981689453	151.36000061035156	92.4000015258789
5211	203.51998901367188	164.16000366210938	90.20000457763672
5212	209.27999877929688	155.0399932861328	87.0
5213	211.0399932861328	159.51998901367188	89.80000305175781
5214	209.27999877929688	165.59999084472656	90.0
5215	210.55999755859372	154.39999389648438	91.0
5216	212.63999938964844	158.0800018310547	87.20000457763672
5217	214.55999755859372	149.27999877929688	90.20000457763672
5218	212.3199920654297	151.1999969482422	91.20000457763672
5219	213.59999084472656	155.51998901367188	90.20000457763672
5220	215.51998901367188	160.95999145507812	90.4000015258789
5221	215.83999633789062	144.8000030517578	87.4000015258789
5222	217.59999084472656	155.1999969482422	90.8000030517578
5223	221.44000244140625	156.3199920654297	87.5999984741211
5224	220.1599884033203	159.83999633789062	90.20000457763672
5225	223.67999267578125	164.3199920654297	91.20000457763672
5226	224.63999938964844	155.0399932861328	90.4000015258789
5227	226.3999938964844	160.3199920654297	89.80000305175781
5228	227.51998901367188	152.0	88.20000457763672
5229	124.95999908447266	172.63999938964844	86.5999984741211
5230	129.27999877929688	170.239990234375	86.80000305175781
5231	129.1199951171875	165.75999450683594	92.20000457763672
5232	145.1199951171875	174.39999389648438	92.4000015258789
5233	142.87998962402344	171.1999969482422	88.80000305175781
5234	144.0	165.75999450683594	94.5999984741211
5235	147.83999633789062	164.95999145507812	95.5999984741211
5236	150.72000122070312	177.1199951171875	88.5999984741211
5237	153.75999450683594	170.0800018310547	90.8000030517578
5238	154.87998962402344	165.75999450683594	90.5999984741211
5239	156.63999938964844	169.44000244140625	88.4000015258789
5240	160.47999572753906	183.51998901367188	87.5999984741211
5241	161.9199981689453	170.87998962402344	90.8000030517578
5242	166.39999389648438	172.16000366210938	89.80000305175781
5243	167.0399932861328	180.3199920654297	89.20000457763672
5244	171.51998901367188	169.44000244140625	87.5999984741211
5245	174.239990234375	173.9199981689453	90.4000015258789
5246	176.95999145507812	168.8000030517578	89.80000305175781
5247	176.3199920654297	185.75999450683597	88.4000015258789
5248	182.3999938964844	172.0	89.20000457763672
5249	188.3199920654297	166.55999755859375	88.5999984741211
5250	193.59999084472656	179.1999969482422	88.0
5251	194.87998962402344	176.0	87.5999984741211
5252	196.3199920654297	180.47999572753903	90.5999984741211
5253	198.72000122070312	177.75999450683594	90.4000015258789
5254	201.9199981689453	181.9199981689453	91.20000457763672
5255	206.72000122070312	179.36000061035156	87.5999984741211
5256	207.3600006103516	182.239990234375	90.5999984741211
5257	207.51998901367188	174.39999389648438	88.20000457763672
5258	209.59999084472656	170.239990234375	89.5999984741211
5259	209.75999450683597	178.239990234375	91.20000457763672
5260	212.0	182.87998962402344	89.4000015258789
5261	212.0	173.1199951171875	88.20000457763672
5262	213.27999877929688	169.1199951171875	90.20000457763672
5263	214.72000122070312	165.59999084472656	92.4000015258789
5264	214.239990234375	176.0	87.4000015258789
5265	214.55999755859372	178.0800018310547	92.0
5266	215.0399932861328	181.44000244140625	90.5999984741211
5267	216.1599884033203	185.75999450683597	89.4000015258789
5268	217.9199981689453	181.59999084472656	89.5999984741211
5269	218.239990234375	171.1999969482422	88.20000457763672
5270	223.0399932861328	187.67999267578125	90.20000457763672
5271	220.0	180.0	89.20000457763672
5272	220.9599914550781	165.59999084472656	90.8000030517578
5273	220.9599914550781	174.0800018310547	90.0
5274	218.3999938964844	169.75999450683594	93.20000457763672
5275	220.79998779296875	182.0800018310547	87.20000457763672
5276	224.0	168.3199920654297	92.4000015258789
5277	223.3600006103516	173.27999877929688	93.20000457763672
5278	227.1999969482422	166.55999755859375	88.5999984741211
5279	227.1999969482422	171.36000061035156	91.8000030517578
5280	110.39999389648438	192.47999572753903	92.0
5281	115.36000061035156	191.0399932861328	91.5999984741211
5282	126.23999786376952	197.75999450683597	91.20000457763672
5283	128.63999938964844	199.3600006103516	93.4000015258789
5284	158.0800018310547	187.51998901367188	88.5999984741211
5285	169.44000244140625	189.27999877929688	87.4000015258789
5286	166.0800018310547	206.55999755859372	87.4000015258789
5287	168.0	188.9599914550781	90.8000030517578
5288	172.3199920654297	196.9599914550781	87.20000457763672
5289	173.9199981689453	203.67999267578125	90.20000457763672
5290	170.55999755859375	192.8000030517578	93.20000457763672
5291	175.36000061035156	197.27999877929688	89.80000305175781
5292	177.59999084472656	204.0	90.8000030517578
5293	178.72000122070312	196.3199920654297	88.5999984741211
5294	180.63999938964844	207.3600006103516	91.4000015258789
5295	184.3199920654297	200.3199920654297	88.0
5296	185.9199981689453	193.1199951171875	91.0
5297	185.1199951171875	205.1199951171875	87.80000305175781
5298	188.47999572753903	194.87998962402344	94.4000015258789
5299	188.47999572753903	194.0800018310547	88.5999984741211
5300	188.63999938964844	202.3999938964844	90.4000015258789
5301	192.3199920654297	201.75999450683597	90.20000457763672
5302	190.87998962402344	192.47999572753903	92.5999984741211
5303	191.51998901367188	190.0800018310547	87.0
5304	194.87998962402344	190.55999755859372	88.20000457763672
5305	195.0399932861328	207.0399932861328	89.5999984741211
5306	195.83999633789062	195.67999267578125	87.80000305175781
5307	194.87998962402344	204.1599884033203	92.5999984741211
5308	194.87998962402344	194.3999938964844	92.4000015258789
5309	199.1999969482422	200.9599914550781	91.20000457763672
5310	200.0	197.1199951171875	88.4000015258789
5311	200.47999572753903	193.59999084472656	90.4000015258789
5312	201.27999877929688	187.67999267578125	89.4000015258789
5313	202.87998962402344	191.3600006103516	91.4000015258789
5314	203.0399932861328	204.0	89.20000457763672
5315	204.1599884033203	200.1599884033203	87.80000305175781
5316	203.83999633789062	199.51998901367188	91.0
5317	207.0399932861328	191.3600006103516	90.0
5318	207.83999633789062	199.67999267578125	87.4000015258789
5319	208.79998779296875	187.0399932861328	91.4000015258789
5320	209.9199981689453	193.9199981689453	89.0
5321	211.83999633789062	189.44000244140625	89.20000457763672
5322	210.72000122070312	198.87998962402344	91.5999984741211
5323	212.0	201.27999877929688	88.0
5324	216.79998779296875	196.0	89.5999984741211
5325	216.3199920654297	191.83999633789062	89.5999984741211
5326	222.72000122070312	192.8000030517578	87.5999984741211
5327	220.3199920654297	190.3999938964844	91.20000457763672
5328	179.83999633789062	212.0	89.5999984741211
5329	182.87998962402344	212.3199920654297	86.80000305175781
5330	185.44000244140625	209.75999450683597	88.80000305175781
5331	189.75999450683597	211.51998901367188	87.4000015258789
5332	188.63999938964844	210.55999755859372	91.8000030517578
5333	198.3999938964844	207.1999969482422	88.5999984741211
5334	202.72000122070312	207.67999267578125	90.8000030517578
5335	205.59999084472656	208.1599884033203	87.5999984741211
5336	149.75999450683594	101.91999816894531	96.20000457763672
5337	153.75999450683594	105.75999450683594	96.4000015258789
5338	170.55999755859375	95.36000061035156	96.20000457763672
5339	169.59999084472656	104.0	95.0
5340	174.0800018310547	97.75999450683594	93.5999984741211
5341	173.44000244140625	101.27999877929688	95.8000030517578
5342	176.8000030517578	102.07999420166016	92.8000030517578
5343	179.36000061035156	90.72000122070312	97.20000457763672
5344	178.55999755859375	94.55999755859376	94.0
5345	177.9199981689453	104.0	96.8000030517578
5346	184.47999572753903	103.5199966430664	94.5999984741211
5347	186.55999755859372	99.36000061035156	95.8000030517578
5348	185.9199981689453	92.0	93.5999984741211
5349	187.1999969482422	84.63999938964844	98.20000457763672
5350	189.75999450683597	102.72000122070312	92.5999984741211
5351	192.3199920654297	93.1199951171875	95.8000030517578
5352	194.0800018310547	87.19999694824219	95.8000030517578
5353	193.27999877929688	96.95999908447266	93.4000015258789
5354	196.0	88.15999603271484	92.5999984741211
5355	202.87998962402344	100.31999969482422	94.20000457763672
5356	207.83999633789062	98.87999725341795	94.20000457763672
5357	209.75999450683597	95.83999633789062	96.5999984741211
5358	213.9199981689453	99.5199966430664	93.0
5359	212.47999572753903	105.75999450683594	96.4000015258789
5360	220.3199920654297	101.43999481201172	96.8000030517578
5361	131.36000061035156	119.5199966430664	95.4000015258789
5362	133.91999816894528	117.43999481201172	94.8000030517578
5363	137.44000244140622	111.36000061035156	95.4000015258789
5364	139.03999328613278	114.23999786376952	93.5999984741211
5365	140.0	123.68000030517578	94.20000457763672
5366	142.39999389648438	117.75999450683594	95.4000015258789
5367	143.36000061035156	108.31999969482422	94.8000030517578
5368	146.39999389648438	113.75999450683594	96.4000015258789
5369	146.39999389648438	120.63999938964844	95.4000015258789
5370	146.72000122070312	105.1199951171875	97.0
5371	150.239990234375	117.27999877929688	93.20000457763672
5372	148.47999572753906	111.68000030517578	94.4000015258789
5373	150.239990234375	105.91999816894531	94.8000030517578
5374	153.1199951171875	110.72000122070312	97.20000457763672
5375	152.63999938964844	108.15999603271484	93.5999984741211
5376	154.39999389648438	114.55999755859376	96.0
5377	156.16000366210938	110.87999725341795	94.20000457763672
5378	161.1199951171875	112.31999969482422	92.5999984741211
5379	166.0800018310547	114.23999786376952	95.4000015258789
5380	160.3199920654297	111.36000061035156	97.0
5381	165.9199981689453	103.5199966430664	97.0
5382	168.16000366210938	125.1199951171875	94.4000015258789
5383	170.239990234375	119.68000030517578	94.20000457763672
5384	176.63999938964844	120.47999572753906	94.4000015258789
5385	174.0800018310547	106.39999389648438	96.20000457763672
5386	174.39999389648438	110.72000122070312	96.5999984741211
5387	175.1999969482422	114.87999725341795	94.8000030517578
5388	179.67999267578125	110.39999389648438	92.8000030517578
5389	183.67999267578125	108.79999542236328	94.5999984741211
5390	182.55999755859372	122.87999725341795	95.4000015258789
5391	186.87998962402344	112.79999542236328	97.0
5392	187.83999633789062	121.91999816894531	99.5999984741211
5393	198.72000122070312	124.31999969482422	98.20000457763672
5394	202.3999938964844	118.07999420166016	95.4000015258789
5395	208.3199920654297	107.1999969482422	96.5999984741211
5396	207.3600006103516	109.1199951171875	92.0
5397	211.0399932861328	112.79999542236328	94.5999984741211
5398	208.9599914550781	125.43999481201172	96.5999984741211
5399	211.1999969482422	121.27999877929688	95.8000030517578
5400	216.63999938964844	108.31999969482422	94.8000030517578
5401	214.87998962402344	112.95999908447266	98.5999984741211
5402	116.15999603271484	140.47999572753906	96.5999984741211
5403	118.07999420166016	137.75999450683594	94.5999984741211
5404	120.47999572753906	143.36000061035156	95.20000457763672
5405	120.63999938964844	135.52000427246094	96.0
5406	122.23999786376952	134.39999389648438	92.5999984741211
5407	123.83999633789062	138.39999389648438	93.20000457763672
5408	124.63999938964844	129.44000244140622	96.0
5409	126.23999786376952	132.95999145507812	95.4000015258789
5410	124.15999603271484	141.75999450683594	96.8000030517578
5411	125.91999816894531	126.07999420166016	95.20000457763672
5412	128.16000366210938	137.59999084472656	93.4000015258789
5413	129.59999084472656	128.31999206542972	96.20000457763672
5414	129.75999450683594	133.59999084472656	95.0
5415	131.83999633789062	139.52000427246094	96.4000015258789
5416	133.27999877929688	135.03999328613278	97.0
5417	136.47999572753906	128.47999572753906	99.20000457763672
5418	136.63999938964844	139.67999267578122	94.5999984741211
5419	137.1199951171875	135.36000061035156	93.8000030517578
5420	140.16000366210938	127.5199966430664	97.20000457763672
5421	143.0399932861328	129.44000244140622	95.0
5422	144.63999938964844	125.27999877929688	95.5999984741211
5423	147.67999267578125	129.27999877929688	93.4000015258789
5424	146.0800018310547	136.95999145507812	98.4000015258789
5425	150.72000122070312	140.8000030517578	97.8000030517578
5426	148.63999938964844	137.1199951171875	100.4000015258789
5427	156.8000030517578	137.44000244140622	96.20000457763672
5428	162.239990234375	130.239990234375	96.5999984741211
5429	164.8000030517578	143.0399932861328	93.20000457763672
5430	168.0	139.19999694824222	96.0
5431	173.27999877929688	127.68000030517578	94.0
5432	180.9599914550781	134.87998962402344	92.20000457763672
5433	177.9199981689453	125.5999984741211	96.4000015258789
5434	178.0800018310547	129.59999084472656	98.20000457763672
5435	186.3999938964844	136.47999572753906	94.4000015258789
5436	186.87998962402344	137.75999450683594	91.8000030517578
5437	189.9199981689453	124.31999969482422	96.4000015258789
5438	192.1599884033203	126.87999725341795	97.0
5439	196.47999572753903	137.75999450683594	92.5999984741211
5440	198.3999938964844	142.0800018310547	95.4000015258789
5441	205.1199951171875	132.31999206542972	98.0
5442	208.47999572753903	132.47999572753906	95.8000030517578
5443	210.0800018310547	140.0	97.5999984741211
5444	112.15999603271484	149.59999084472656	99.20000457763672
5445	114.72000122070312	149.59999084472656	94.5999984741211
5446	116.0	164.95999145507812	97.20000457763672
5447	118.39999389648438	147.0399932861328	97.0
5448	118.7199935913086	151.1999969482422	95.20000457763672
5449	119.36000061035156	166.87998962402344	102.20000457763672
5450	121.27999877929688	148.95999145507812	94.5999984741211
5451	121.5999984741211	154.239990234375	94.5999984741211
5452	123.36000061035156	146.0800018310547	94.20000457763672
5453	124.95999908447266	157.9199981689453	94.20000457763672
5454	125.43999481201172	156.95999145507812	97.5999984741211
5455	127.04000091552734	148.8000030517578	93.5999984741211
5456	127.68000030517578	153.1199951171875	93.8000030517578
5457	131.19999694824222	163.83999633789062	96.5999984741211
5458	135.03999328613278	163.83999633789062	95.0
5459	140.16000366210938	164.95999145507812	94.0
5460	142.239990234375	158.39999389648438	98.20000457763672
5461	143.67999267578125	152.3199920654297	97.20000457763672
5462	145.75999450683594	161.75999450683594	96.8000030517578
5463	149.27999877929688	149.27999877929688	97.4000015258789
5464	150.39999389648438	155.51998901367188	95.5999984741211
5465	157.44000244140625	153.75999450683594	92.5999984741211
5466	160.8000030517578	158.239990234375	93.20000457763672
5467	160.8000030517578	163.83999633789062	93.0
5468	164.3199920654297	157.75999450683594	95.4000015258789
5469	166.239990234375	164.0	93.8000030517578
5470	168.0	146.39999389648438	93.5999984741211
5471	169.27999877929688	151.1999969482422	95.0
5472	174.39999389648438	147.1999969482422	93.5999984741211
5473	176.47999572753906	152.16000366210938	94.0
5474	190.0800018310547	161.59999084472656	93.4000015258789
5475	190.87998962402344	157.27999877929688	94.0
5476	193.44000244140625	160.95999145507812	96.5999984741211
5477	197.75999450683597	165.59999084472656	96.8000030517578
5478	204.0	156.3199920654297	95.4000015258789
5479	210.55999755859372	155.0399932861328	94.5999984741211
5480	213.75999450683597	161.44000244140625	94.4000015258789
5481	213.44000244140625	151.1999969482422	94.20000457763672
5482	214.239990234375	154.72000122070312	96.0
5483	213.75999450683597	158.239990234375	96.4000015258789
5484	219.67999267578125	158.0800018310547	94.20000457763672
5485	216.1599884033203	162.39999389648438	98.0
5486	116.47999572753906	180.0	94.4000015258789
5487	112.31999969482422	168.16000366210938	96.8000030517578
5488	114.87999725341795	172.3199920654297	95.4000015258789
5489	115.5199966430664	185.9199981689453	94.20000457763672
5490	117.91999816894531	177.1199951171875	95.20000457763672
5491	119.36000061035156	168.16000366210938	92.8000030517578
5492	123.83999633789062	172.63999938964844	95.5999984741211
5493	120.95999908447266	169.1199951171875	96.4000015258789
5494	124.15999603271484	175.83999633789062	94.20000457763672
5495	123.04000091552734	182.55999755859372	95.4000015258789
5496	121.91999816894531	185.27999877929688	94.8000030517578
5497	132.95999145507812	172.3199920654297	95.20000457763672
5498	135.03999328613278	178.72000122070312	94.4000015258789
5499	142.239990234375	170.72000122070312	93.4000015258789
5500	140.31999206542972	178.239990234375	97.4000015258789
5501	145.1199951171875	184.1599884033203	97.5999984741211
5502	146.39999389648438	180.47999572753903	96.8000030517578
5503	151.67999267578125	169.44000244140625	94.20000457763672
5504	153.27999877929688	176.95999145507812	94.8000030517578
5505	153.9199981689453	179.1999969482422	91.20000457763672
5506	157.44000244140625	188.47999572753903	92.5999984741211
5507	161.44000244140625	185.9199981689453	95.20000457763672
5508	172.16000366210938	183.0399932861328	96.5999984741211
5509	173.75999450683594	179.0399932861328	94.8000030517578
5510	177.9199981689453	176.63999938964844	94.20000457763672
5511	192.0	184.8000030517578	92.5999984741211
5512	192.1599884033203	168.63999938964844	97.4000015258789
5513	197.1199951171875	184.47999572753903	96.4000015258789
5514	201.27999877929688	173.44000244140625	92.5999984741211
5515	201.44000244140625	178.87998962402344	95.8000030517578
5516	205.75999450683597	178.72000122070312	93.5999984741211
5517	206.239990234375	185.1199951171875	95.5999984741211
5518	210.0800018310547	184.3199920654297	93.0
5519	210.72000122070312	177.27999877929688	96.0
5520	214.239990234375	174.87998962402344	92.4000015258789
5521	217.9199981689453	166.239990234375	95.0
5522	217.27999877929688	184.1599884033203	94.4000015258789
5523	218.3999938964844	176.0	93.20000457763672
5524	220.3199920654297	172.95999145507812	94.5999984741211
5525	220.9599914550781	181.59999084472656	92.8000030517578
5526	219.3600006103516	178.239990234375	96.5999984741211
5527	221.44000244140625	185.75999450683597	93.4000015258789
5528	222.72000122070312	167.67999267578125	96.20000457763672
5529	107.1999969482422	201.1199951171875	92.20000457763672
5530	109.27999877929688	195.51998901367188	95.5999984741211
5531	112.31999969482422	197.9199981689453	94.20000457763672
5532	112.63999938964844	190.239990234375	98.8000030517578
5533	119.68000030517578	192.9599914550781	96.0
5534	125.43999481201172	203.83999633789062	94.20000457763672
5535	125.91999816894531	198.3999938964844	97.5999984741211
5536	129.75999450683594	202.3999938964844	94.4000015258789
5537	129.75999450683594	193.44000244140625	93.20000457763672
5538	129.1199951171875	196.1599884033203	96.0
5539	139.19999694824222	187.3600006103516	92.5999984741211
5540	140.63999938964844	193.59999084472656	98.20000457763672
5541	146.239990234375	193.27999877929688	93.0
5542	152.63999938964844	200.47999572753903	99.20000457763672
5543	157.1199951171875	198.3999938964844	95.8000030517578
5544	158.72000122070312	203.0399932861328	96.0
5545	161.9199981689453	191.0399932861328	92.4000015258789
5546	174.55999755859375	197.9199981689453	93.5999984741211
5547	176.63999938964844	201.75999450683597	94.4000015258789
5548	179.0399932861328	197.44000244140625	92.0
5549	179.1999969482422	205.44000244140625	94.8000030517578
5550	181.27999877929688	202.55999755859372	94.8000030517578
5551	184.47999572753903	195.83999633789062	94.20000457763672
5552	182.55999755859372	182.72000122070312	97.4000015258789
5553	185.59999084472656	206.239990234375	92.4000015258789
5554	187.83999633789062	201.75999450683597	94.8000030517578
5555	189.75999450683597	197.9199981689453	98.0
5556	191.51998901367188	195.83999633789062	95.5999984741211
5557	193.27999877929688	207.83999633789062	94.0
5558	194.3999938964844	198.239990234375	94.5999984741211
5559	198.239990234375	197.59999084472656	93.20000457763672
5560	197.9199981689453	200.47999572753903	95.8000030517578
5561	200.0	203.83999633789062	94.20000457763672
5562	201.59999084472656	195.3600006103516	95.8000030517578
5563	204.63999938964844	204.1599884033203	94.5999984741211
5564	205.1199951171875	195.3600006103516	93.20000457763672
5565	208.9599914550781	194.239990234375	94.4000015258789
5566	212.79998779296875	192.47999572753903	92.8000030517578
5567	212.63999938964844	188.0	93.20000457763672
5568	218.55999755859372	190.0800018310547	94.5999984741211
5569	216.1599884033203	188.0	93.0
5570	126.23999786376952	208.0	97.20000457763672
5571	129.91999816894528	207.67999267578125	94.5999984741211
5572	183.83999633789062	204.3199920654297	99.20000457763672
5573	188.8000030517578	202.3999938964844	99.0
5574	197.27999877929688	207.0399932861328	94.4000015258789
5575	143.36000061035156	102.07999420166016	103.0
5576	148.16000366210938	102.23999786376952	100.0
5577	153.27999877929688	96.0	101.8000030517578
5578	167.51998901367188	97.1199951171875	97.4000015258789
5579	165.75999450683594	93.75999450683594	99.0
5580	165.44000244140625	101.27999877929688	102.5999984741211
5581	172.3199920654297	102.87999725341795	99.0
5582	175.67999267578125	100.31999969482422	98.20000457763672
5583	181.27999877929688	101.43999481201172	97.5999984741211
5584	183.0399932861328	88.63999938964844	98.8000030517578
5585	184.9599914550781	99.68000030517578	101.0
5586	184.1599884033203	105.43999481201172	97.5999984741211
5587	190.3999938964844	98.4000015258789	98.0
5588	192.47999572753903	92.0	99.0
5589	201.75999450683597	104.31999969482422	98.20000457763672
5590	203.3600006103516	91.83999633789062	102.8000030517578
5591	203.3600006103516	99.5199966430664	102.5999984741211
5592	206.3999938964844	92.47999572753906	102.5999984741211
5593	214.3999938964844	95.83999633789062	97.20000457763672
5594	127.5199966430664	121.43999481201172	100.0
5595	130.08000183105472	118.23999786376952	99.4000015258789
5596	128.31999206542972	124.47999572753906	98.0
5597	132.63999938964844	115.36000061035156	99.0
5598	135.67999267578122	121.1199951171875	101.20000457763672
5599	136.0	118.23999786376952	98.4000015258789
5600	135.03999328613278	124.0	98.8000030517578
5601	134.72000122070312	111.36000061035156	99.8000030517578
5602	136.16000366210938	114.87999725341795	97.4000015258789
5603	139.83999633789062	124.0	99.20000457763672
5604	140.63999938964844	111.68000030517578	99.4000015258789
5605	141.75999450683594	120.0	99.5999984741211
5606	140.16000366210938	108.31999969482422	97.4000015258789
5607	142.72000122070312	105.43999481201172	99.20000457763672
5608	148.47999572753906	117.27999877929688	97.5999984741211
5609	146.0800018310547	108.63999938964844	98.0
5610	147.1999969482422	114.72000122070312	101.4000015258789
5611	149.27999877929688	110.87999725341795	99.20000457763672
5612	152.8000030517578	114.72000122070312	100.0
5613	154.87998962402344	109.5999984741211	102.20000457763672
5614	156.47999572753906	111.36000061035156	98.8000030517578
5615	163.0399932861328	110.55999755859376	100.4000015258789
5616	165.1199951171875	113.75999450683594	99.20000457763672
5617	172.3199920654297	119.5199966430664	99.5999984741211
5618	168.16000366210938	114.23999786376952	101.0
5619	169.59999084472656	116.63999938964844	97.4000015258789
5620	171.67999267578125	123.04000091552734	97.5999984741211
5621	172.3199920654297	105.43999481201172	104.20000457763672
5622	172.63999938964844	126.07999420166016	100.4000015258789
5623	177.59999084472656	114.23999786376952	99.20000457763672
5624	183.1999969482422	105.1199951171875	102.5999984741211
5625	181.59999084472656	112.31999969482422	99.4000015258789
5626	192.0	106.55999755859376	96.8000030517578
5627	198.87998962402344	105.27999877929688	102.5999984741211
5628	197.1199951171875	126.7199935913086	100.0
5629	204.9599914550781	112.31999969482422	97.0
5630	203.0399932861328	124.79999542236328	99.5999984741211
5631	207.83999633789062	118.7199935913086	98.0
5632	207.0399932861328	122.23999786376952	102.5999984741211
5633	211.1999969482422	112.95999908447266	101.4000015258789
5634	212.79998779296875	115.36000061035156	99.0
5635	213.9199981689453	122.23999786376952	101.5999984741211
5636	215.1999969482422	109.27999877929688	100.4000015258789
5637	221.27999877929688	113.27999877929688	100.20000457763672
5638	111.1999969482422	144.16000366210938	105.0
5639	116.0	142.239990234375	101.0
5640	117.1199951171875	138.72000122070312	100.5999984741211
5641	121.1199951171875	128.31999206542972	98.20000457763672
5642	120.79999542236328	133.27999877929688	99.0
5643	119.36000061035156	144.47999572753906	98.8000030517578
5644	121.1199951171875	138.55999755859378	98.5999984741211
5645	124.79999542236328	128.31999206542972	100.0
5646	124.79999542236328	133.1199951171875	100.8000030517578
5647	125.1199951171875	143.52000427246094	100.8000030517578
5648	125.91999816894531	137.91999816894528	103.5999984741211
5649	127.83999633789062	144.63999938964844	97.4000015258789
5650	128.31999206542972	134.87998962402344	98.5999984741211
5651	130.39999389648438	131.36000061035156	99.20000457763672
5652	132.16000366210938	125.75999450683594	101.8000030517578
5653	133.59999084472656	130.72000122070312	97.5999984741211
5654	139.83999633789062	137.91999816894528	97.8000030517578
5655	143.1999969482422	142.87998962402344	99.8000030517578
5656	149.1199951171875	130.55999755859378	98.0
5657	150.39999389648438	139.36000061035156	102.8000030517578
5658	153.44000244140625	132.63999938964844	101.8000030517578
5659	156.16000366210938	142.87998962402344	101.0
5660	160.3199920654297	140.16000366210938	98.5999984741211
5661	160.16000366210938	132.16000366210938	102.20000457763672
5662	166.0800018310547	130.08000183105472	98.8000030517578
5663	167.51998901367188	125.75999450683594	98.20000457763672
5664	174.39999389648438	140.47999572753906	98.0
5665	184.8000030517578	135.67999267578122	100.5999984741211
5666	188.8000030517578	133.59999084472656	97.5999984741211
5667	187.0399932861328	124.79999542236328	99.5999984741211
5668	188.0	128.16000366210938	101.20000457763672
5669	197.1199951171875	137.75999450683594	98.4000015258789
5670	209.9199981689453	135.36000061035156	100.5999984741211
5671	210.72000122070312	128.47999572753906	101.8000030517578
5672	116.47999572753906	151.51998901367188	98.0
5673	117.75999450683594	148.3199920654297	103.0
5674	120.47999572753906	152.0	101.8000030517578
5675	123.83999633789062	156.63999938964844	100.5999984741211
5676	123.5199966430664	147.52000427246094	98.20000457763672
5677	121.75999450683594	164.16000366210938	103.5999984741211
5678	126.7199935913086	159.83999633789062	101.0
5679	125.1199951171875	154.239990234375	103.0
5680	131.19999694824222	161.27999877929688	100.8000030517578
5681	136.0	165.75999450683594	100.4000015258789
5682	136.47999572753906	160.8000030517578	102.4000015258789
5683	138.08000183105472	162.72000122070312	97.8000030517578
5684	141.1199951171875	163.36000061035156	100.4000015258789
5685	143.83999633789062	155.36000061035156	99.4000015258789
5686	144.47999572753906	148.47999572753906	100.8000030517578
5687	153.59999084472656	159.0399932861328	96.4000015258789
5688	152.63999938964844	147.67999267578125	101.0
5689	156.8000030517578	145.59999084472656	98.8000030517578
5690	165.75999450683594	159.67999267578125	99.8000030517578
5691	173.59999084472656	152.95999145507812	102.0
5692	179.0399932861328	148.3199920654297	98.0
5693	180.0	158.0800018310547	100.5999984741211
5694	181.1199951171875	153.75999450683594	97.8000030517578
5695	185.27999877929688	150.87998962402344	102.8000030517578
5696	183.51998901367188	154.0800018310547	101.4000015258789
5697	185.27999877929688	148.47999572753906	98.20000457763672
5698	186.55999755859372	156.8000030517578	101.5999984741211
5699	188.63999938964844	147.0399932861328	101.5999984741211
5700	188.63999938964844	155.0399932861328	104.20000457763672
5701	188.8000030517578	151.0399932861328	103.4000015258789
5702	189.75999450683597	160.16000366210938	99.5999984741211
5703	192.1599884033203	156.95999145507812	100.5999984741211
5704	196.47999572753903	156.8000030517578	102.0
5705	198.0800018310547	156.16000366210938	97.8000030517578
5706	199.83999633789062	149.9199981689453	100.5999984741211
5707	200.0	152.8000030517578	97.8000030517578
5708	204.0	147.1999969482422	99.20000457763672
5709	205.1199951171875	169.9199981689453	98.20000457763672
5710	206.0800018310547	155.67999267578125	99.20000457763672
5711	206.72000122070312	148.8000030517578	97.20000457763672
5712	211.3600006103516	160.47999572753906	102.4000015258789
5713	212.47999572753903	149.9199981689453	98.0
5714	218.239990234375	164.63999938964844	99.0
5715	220.9599914550781	162.239990234375	98.4000015258789
5716	105.91999816894531	187.3600006103516	99.5999984741211
5717	109.43999481201172	182.55999755859372	99.4000015258789
5718	110.87999725341795	169.75999450683594	99.8000030517578
5719	111.83999633789062	172.8000030517578	97.5999984741211
5720	114.07999420166016	177.44000244140625	97.4000015258789
5721	116.47999572753906	183.51998901367188	100.0
5722	117.43999481201172	175.51998901367188	98.5999984741211
5723	117.5999984741211	170.39999389648438	98.20000457763672
5724	119.5199966430664	172.47999572753906	101.20000457763672
5725	124.0	176.63999938964844	100.0
5726	121.5999984741211	173.59999084472656	98.0
5727	123.36000061035156	185.59999084472656	99.4000015258789
5728	123.1999969482422	169.9199981689453	102.5999984741211
5729	126.55999755859376	176.16000366210938	98.20000457763672
5730	128.16000366210938	172.0	102.0
5731	130.239990234375	182.239990234375	96.4000015258789
5732	132.0	164.95999145507812	102.5999984741211
5733	143.1999969482422	176.95999145507812	99.0
5734	142.87998962402344	171.51998901367188	97.20000457763672
5735	144.3199920654297	172.47999572753906	102.0
5736	145.27999877929688	174.39999389648438	99.0
5737	154.0800018310547	166.39999389648438	98.4000015258789
5738	154.239990234375	180.3199920654297	100.4000015258789
5739	162.39999389648438	170.239990234375	101.20000457763672
5740	164.16000366210938	175.51998901367188	102.20000457763672
5741	164.95999145507812	173.9199981689453	98.20000457763672
5742	167.1999969482422	172.3199920654297	101.8000030517578
5743	167.67999267578125	176.16000366210938	103.5999984741211
5744	169.59999084472656	168.63999938964844	97.5999984741211
5745	172.47999572753906	171.36000061035156	99.4000015258789
5746	171.36000061035156	176.0	101.5999984741211
5747	173.75999450683594	166.55999755859375	100.0
5748	174.87998962402344	174.55999755859375	101.8000030517578
5749	175.1999969482422	186.0800018310547	99.5999984741211
5750	173.9199981689453	179.1999969482422	102.20000457763672
5751	178.0800018310547	177.75999450683594	100.8000030517578
5752	177.9199981689453	180.8000030517578	97.5999984741211
5753	184.8000030517578	175.0399932861328	97.0
5754	187.1999969482422	177.1199951171875	101.0
5755	189.59999084472656	180.47999572753903	100.0
5756	192.47999572753903	170.39999389648438	100.4000015258789
5757	194.87998962402344	177.9199981689453	99.20000457763672
5758	197.44000244140625	171.83999633789062	100.0
5759	206.87998962402344	172.63999938964844	100.0
5760	207.3600006103516	185.59999084472656	98.0
5761	205.75999450683597	169.59999084472656	101.5999984741211
5762	212.47999572753903	180.8000030517578	98.0
5763	214.239990234375	184.63999938964844	97.5999984741211
5764	214.0800018310547	182.72000122070312	101.20000457763672
5765	216.3199920654297	167.67999267578125	99.20000457763672
5766	215.67999267578125	174.72000122070312	101.8000030517578
5767	218.0800018310547	170.72000122070312	99.5999984741211
5768	111.36000061035156	187.83999633789062	97.0
5769	114.23999786376952	190.72000122070312	101.20000457763672
5770	116.47999572753906	188.47999572753903	98.4000015258789
5771	122.07999420166016	205.59999084472656	99.20000457763672
5772	127.04000091552734	202.55999755859372	97.20000457763672
5773	135.19999694824222	199.0399932861328	100.4000015258789
5774	134.87998962402344	201.9199981689453	96.0
5775	138.08000183105472	204.3199920654297	98.4000015258789
5776	139.83999633789062	201.1199951171875	98.5999984741211
5777	139.67999267578122	207.83999633789062	100.4000015258789
5778	142.87998962402344	191.51998901367188	102.0
5779	146.239990234375	194.0800018310547	99.0
5780	147.1999969482422	199.67999267578125	101.4000015258789
5781	150.87998962402344	206.239990234375	100.5999984741211
5782	154.72000122070312	196.3199920654297	105.8000030517578
5783	158.239990234375	189.44000244140625	98.5999984741211
5784	160.16000366210938	200.63999938964844	100.0
5785	164.63999938964844	200.3199920654297	100.4000015258789
5786	168.63999938964844	192.3199920654297	100.0
5787	168.16000366210938	195.51998901367188	98.4000015258789
5788	172.47999572753906	187.83999633789062	98.20000457763672
5789	176.63999938964844	193.44000244140625	100.5999984741211
5790	177.59999084472656	199.83999633789062	98.0
5791	184.0	196.1599884033203	102.20000457763672
5792	183.3600006103516	199.83999633789062	97.5999984741211
5793	189.1199951171875	188.3199920654297	99.4000015258789
5794	189.44000244140625	203.0399932861328	100.4000015258789
5795	193.75999450683597	201.1199951171875	101.20000457763672
5796	193.27999877929688	199.0399932861328	99.20000457763672
5797	195.67999267578125	195.1999969482422	101.0
5798	197.75999450683597	203.0399932861328	98.4000015258789
5799	198.3999938964844	197.1199951171875	99.0
5800	202.87998962402344	193.1199951171875	101.4000015258789
5801	205.59999084472656	192.0	98.4000015258789
5802	206.3999938964844	188.63999938964844	98.20000457763672
5803	124.47999572753906	213.9199981689453	103.0
5804	127.68000030517578	213.9199981689453	99.5999984741211
5805	136.47999572753906	211.83999633789062	99.8000030517578
5806	137.75999450683594	215.83999633789062	101.4000015258789
5807	147.52000427246094	208.1599884033203	100.4000015258789
5808	142.72000122070312	216.0	103.4000015258789
5809	171.83999633789062	207.3600006103516	100.4000015258789
5810	148.95999145507812	104.95999908447266	104.0
5811	158.55999755859375	94.4000015258789	106.20000457763672
5812	164.16000366210938	98.55999755859376	109.5999984741211
5813	167.67999267578125	97.75999450683594	105.5999984741211
5814	169.75999450683594	103.1999969482422	105.20000457763672
5815	172.8000030517578	97.5999984741211	106.8000030517578
5816	177.75999450683594	98.72000122070312	104.8000030517578
5817	177.75999450683594	90.07999420166016	104.5999984741211
5818	183.0399932861328	97.1199951171875	105.0
5819	185.9199981689453	88.95999908447266	102.5999984741211
5820	185.44000244140625	103.36000061035156	108.0
5821	190.87998962402344	87.04000091552734	103.20000457763672
5822	194.0800018310547	89.5999984741211	106.20000457763672
5823	198.55999755859372	97.91999816894531	103.20000457763672
5824	197.75999450683597	89.1199951171875	105.5999984741211
5825	200.9599914550781	92.95999908447266	107.20000457763672
5826	201.44000244140625	88.15999603271484	104.0
5827	198.239990234375	103.1999969482422	106.8000030517578
5828	206.3999938964844	97.27999877929688	107.4000015258789
5829	209.27999877929688	95.36000061035156	105.0
5830	211.1999969482422	100.0	106.20000457763672
5831	217.75999450683597	99.83999633789062	103.0
5832	216.0	103.5199966430664	106.20000457763672
5833	120.31999969482422	122.7199935913086	108.20000457763672
5834	124.95999908447266	120.0	104.8000030517578
5835	128.31999206542972	124.0	103.5999984741211
5836	128.63999938964844	118.39999389648438	107.20000457763672
5837	132.47999572753906	119.5199966430664	103.20000457763672
5838	129.1199951171875	115.04000091552734	106.5999984741211
5839	133.44000244140622	114.23999786376952	106.8000030517578
5840	134.87998962402344	110.07999420166016	104.20000457763672
5841	134.87998962402344	114.39999389648438	103.20000457763672
5842	135.52000427246094	123.5199966430664	105.5999984741211
5843	139.36000061035156	107.1999969482422	102.4000015258789
5844	140.63999938964844	105.27999877929688	105.5999984741211
5845	138.08000183105472	122.55999755859376	103.4000015258789
5846	139.83999633789062	112.47999572753906	103.0
5847	140.8000030517578	116.95999908447266	106.8000030517578
5848	141.75999450683594	115.83999633789062	103.0
5849	143.36000061035156	112.79999542236328	106.8000030517578
5850	140.8000030517578	108.63999938964844	107.20000457763672
5851	144.8000030517578	109.27999877929688	103.20000457763672
5852	146.0800018310547	106.55999755859376	106.20000457763672
5853	147.0399932861328	112.15999603271484	105.0
5854	152.63999938964844	112.31999969482422	103.4000015258789
5855	149.75999450683594	108.79999542236328	105.0
5856	159.1999969482422	110.39999389648438	104.0
5857	164.3199920654297	107.36000061035156	104.0
5858	164.63999938964844	113.1199951171875	103.4000015258789
5859	165.44000244140625	116.63999938964844	106.20000457763672
5860	167.1999969482422	123.36000061035156	105.4000015258789
5861	168.63999938964844	108.79999542236328	106.20000457763672
5862	170.239990234375	121.27999877929688	103.0
5863	168.95999145507812	112.95999908447266	104.5999984741211
5864	169.44000244140625	117.75999450683594	104.8000030517578
5865	169.9199981689453	126.23999786376952	104.0
5866	175.51998901367188	125.27999877929688	103.20000457763672
5867	178.39999389648438	107.1999969482422	107.0
5868	176.16000366210938	116.47999572753906	109.0
5869	179.1999969482422	112.15999603271484	106.8000030517578
5870	176.47999572753906	121.43999481201172	105.8000030517578
5871	179.83999633789062	118.07999420166016	101.8000030517578
5872	180.8000030517578	121.27999877929688	105.20000457763672
5873	185.27999877929688	109.1199951171875	105.20000457763672
5874	184.1599884033203	121.91999816894531	106.5999984741211
5875	185.75999450683597	119.1999969482422	107.0
5876	191.83999633789062	112.79999542236328	106.5999984741211
5877	194.0800018310547	108.63999938964844	106.8000030517578
5878	199.83999633789062	119.5199966430664	102.5999984741211
5879	198.239990234375	113.5999984741211	106.5999984741211
5880	198.72000122070312	126.7199935913086	103.8000030517578
5881	201.44000244140625	107.1999969482422	102.5999984741211
5882	208.0	112.47999572753906	105.8000030517578
5883	207.67999267578125	117.75999450683594	107.4000015258789
5884	211.67999267578125	117.27999877929688	103.5999984741211
5885	213.44000244140625	112.95999908447266	105.4000015258789
5886	213.9199981689453	120.95999908447266	106.4000015258789
5887	114.39999389648438	140.63999938964844	104.8000030517578
5888	115.04000091552734	134.72000122070312	105.5999984741211
5889	117.1199951171875	133.44000244140622	103.0
5890	118.55999755859376	140.47999572753906	106.4000015258789
5891	120.79999542236328	126.87999725341795	104.5999984741211
5892	120.95999908447266	132.95999145507812	105.0
5893	120.31999969482422	144.0	102.8000030517578
5894	122.23999786376952	136.80000305175778	102.0
5895	122.7199935913086	141.1199951171875	104.8000030517578
5896	123.1999969482422	137.1199951171875	107.0
5897	122.7199935913086	147.83999633789062	103.20000457763672
5898	125.27999877929688	128.80000305175778	106.20000457763672
5899	126.39999389648438	134.72000122070312	107.4000015258789
5900	129.1199951171875	132.16000366210938	102.5999984741211
5901	129.1199951171875	135.03999328613278	104.8000030517578
5902	133.75999450683594	127.5199966430664	106.0
5903	145.1199951171875	131.67999267578122	106.4000015258789
5904	144.95999145507812	144.3199920654297	106.8000030517578
5905	151.67999267578125	132.47999572753906	106.4000015258789
5906	152.3199920654297	139.83999633789062	108.5999984741211
5907	161.75999450683594	137.75999450683594	101.5999984741211
5908	163.83999633789062	131.67999267578122	104.20000457763672
5909	164.47999572753906	130.08000183105472	108.4000015258789
5910	159.67999267578125	142.0800018310547	106.5999984741211
5911	168.47999572753906	129.59999084472656	103.20000457763672
5912	169.44000244140625	131.19999694824222	106.8000030517578
5913	172.8000030517578	139.19999694824222	106.5999984741211
5914	182.239990234375	128.16000366210938	102.4000015258789
5915	182.3999938964844	120.95999908447266	109.4000015258789
5916	189.59999084472656	147.36000061035156	107.20000457763672
5917	190.72000122070312	134.55999755859378	102.20000457763672
5918	192.47999572753903	126.87999725341795	104.0
5919	192.63999938964844	141.75999450683594	102.5999984741211
5920	196.47999572753903	142.0800018310547	105.5999984741211
5921	202.0800018310547	140.31999206542972	103.20000457763672
5922	202.239990234375	137.75999450683594	106.5999984741211
5923	205.27999877929688	128.16000366210938	107.4000015258789
5924	208.0	131.67999267578122	107.8000030517578
5925	208.79998779296875	126.87999725341795	105.0
5926	207.3600006103516	136.47999572753906	106.5999984741211
5927	208.3199920654297	140.63999938964844	107.0
5928	211.3600006103516	130.72000122070312	105.4000015258789
5929	218.87998962402344	129.27999877929688	106.20000457763672
5930	107.1999969482422	156.8000030517578	105.0
5931	110.87999725341795	165.75999450683594	106.5999984741211
5932	113.43999481201172	146.239990234375	103.0
5933	116.79999542236328	165.44000244140625	106.5999984741211
5934	116.79999542236328	144.8000030517578	106.8000030517578
5935	124.47999572753906	158.72000122070312	106.5999984741211
5936	126.7199935913086	163.1999969482422	103.20000457763672
5937	129.44000244140622	160.3199920654297	105.4000015258789
5938	136.80000305175778	164.16000366210938	104.20000457763672
5939	139.19999694824222	154.87998962402344	108.0
5940	140.0	162.0800018310547	105.5999984741211
5941	141.75999450683594	159.0399932861328	104.5999984741211
5942	142.87998962402344	154.39999389648438	105.20000457763672
5943	143.0399932861328	164.3199920654297	106.8000030517578
5944	144.16000366210938	149.75999450683594	108.5999984741211
5945	146.39999389648438	147.67999267578125	105.5999984741211
5946	145.44000244140625	157.1199951171875	107.20000457763672
5947	152.0	149.9199981689453	103.5999984741211
5948	160.47999572753906	158.55999755859375	105.5999984741211
5949	165.59999084472656	159.1999969482422	104.8000030517578
5950	163.83999633789062	150.39999389648438	106.5999984741211
5951	165.27999877929688	163.67999267578125	105.4000015258789
5952	169.75999450683594	146.55999755859375	105.20000457763672
5953	171.1999969482422	152.0	105.0
5954	175.83999633789062	150.72000122070312	105.20000457763672
5955	182.72000122070312	156.3199920654297	105.4000015258789
5956	185.59999084472656	157.59999084472656	108.0
5957	186.3999938964844	150.239990234375	107.0
5958	187.1999969482422	161.44000244140625	105.5999984741211
5959	189.1199951171875	165.59999084472656	102.4000015258789
5960	191.3600006103516	148.47999572753906	104.0
5961	193.27999877929688	153.27999877929688	105.0
5962	193.44000244140625	146.0800018310547	104.8000030517578
5963	193.1199951171875	165.1199951171875	104.5999984741211
5964	200.8000030517578	150.55999755859375	104.5999984741211
5965	198.72000122070312	147.0399932861328	105.8000030517578
5966	208.3199920654297	154.239990234375	102.8000030517578
5967	206.55999755859372	145.27999877929688	107.0
5968	219.51998901367188	155.0399932861328	107.4000015258789
5969	110.39999389648438	172.3199920654297	103.5999984741211
5970	108.47999572753906	186.87998962402344	102.8000030517578
5971	112.63999938964844	184.0	106.5999984741211
5972	119.04000091552734	179.67999267578125	107.4000015258789
5973	120.15999603271484	173.27999877929688	105.5999984741211
5974	121.75999450683594	179.36000061035156	102.5999984741211
5975	122.7199935913086	169.75999450683594	108.4000015258789
5976	123.36000061035156	172.63999938964844	107.0
5977	127.68000030517578	171.51998901367188	104.8000030517578
5978	132.31999206542972	163.36000061035156	107.5999984741211
5979	134.08000183105472	172.0	103.5999984741211
5980	137.27999877929688	173.44000244140625	105.0
5981	134.55999755859378	172.3199920654297	107.0
5982	139.03999328613278	176.95999145507812	104.8000030517578
5983	141.44000244140625	174.239990234375	106.8000030517578
5984	142.39999389648438	193.9199981689453	106.5999984741211
5985	146.0800018310547	167.51998901367188	105.20000457763672
5986	147.67999267578125	182.239990234375	104.0
5987	152.8000030517578	177.27999877929688	102.4000015258789
5988	154.55999755859375	163.83999633789062	107.20000457763672
5989	152.8000030517578	182.72000122070312	103.8000030517578
5990	163.83999633789062	177.44000244140625	107.20000457763672
5991	159.83999633789062	182.72000122070312	103.8000030517578
5992	160.95999145507812	185.44000244140625	106.20000457763672
5993	166.72000122070312	179.51998901367188	104.4000015258789
5994	167.36000061035156	183.51998901367188	106.0
5995	167.1999969482422	174.72000122070312	107.5999984741211
5996	170.239990234375	188.3199920654297	105.5999984741211
5997	170.87998962402344	179.67999267578125	105.4000015258789
5998	172.0	169.1199951171875	104.8000030517578
5999	175.1999969482422	183.3600006103516	103.5999984741211
6000	174.239990234375	171.36000061035156	107.0
6001	177.75999450683594	172.8000030517578	105.4000015258789
6002	179.67999267578125	169.75999450683594	107.4000015258789
6003	182.72000122070312	174.72000122070312	102.0
6004	184.47999572753903	174.72000122070312	106.20000457763672
6005	185.1199951171875	179.1999969482422	108.4000015258789
6006	188.63999938964844	177.27999877929688	107.4000015258789
6007	190.87998962402344	181.1199951171875	105.5999984741211
6008	192.1599884033203	184.63999938964844	105.4000015258789
6009	193.44000244140625	168.63999938964844	106.20000457763672
6010	196.9599914550781	173.44000244140625	105.5999984741211
6011	196.47999572753903	179.36000061035156	105.4000015258789
6012	193.44000244140625	171.83999633789062	108.0
6013	192.9599914550781	189.27999877929688	104.5999984741211
6014	200.9599914550781	183.3600006103516	104.5999984741211
6015	201.9199981689453	173.44000244140625	104.5999984741211
6016	205.59999084472656	174.55999755859375	103.4000015258789
6017	208.3199920654297	168.95999145507812	106.20000457763672
6018	211.67999267578125	174.0800018310547	104.4000015258789
6019	213.59999084472656	178.55999755859375	103.4000015258789
6020	214.55999755859372	165.9199981689453	105.0
6021	213.75999450683597	169.27999877929688	109.8000030517578
6022	109.75999450683594	196.0	106.0
6023	108.47999572753906	191.3600006103516	104.4000015258789
6024	112.0	199.67999267578125	105.0
6025	114.55999755859376	198.0800018310547	107.4000015258789
6026	114.39999389648438	193.9199981689453	107.5999984741211
6027	120.79999542236328	200.9599914550781	102.8000030517578
6028	117.91999816894531	202.0800018310547	105.20000457763672
6029	119.36000061035156	192.1599884033203	106.8000030517578
6030	118.39999389648438	196.9599914550781	109.20000457763672
6031	127.04000091552734	200.3199920654297	102.5999984741211
6032	131.03999328613278	196.0	107.0
6033	130.08000183105472	191.3600006103516	105.8000030517578
6034	130.72000122070312	194.0800018310547	103.8000030517578
6035	140.31999206542972	208.9599914550781	106.0
6036	142.0800018310547	203.3600006103516	102.8000030517578
6037	148.95999145507812	191.83999633789062	103.8000030517578
6038	149.59999084472656	204.63999938964844	106.0
6039	152.0	200.47999572753903	106.8000030517578
6040	154.239990234375	203.67999267578125	103.5999984741211
6041	159.36000061035156	193.75999450683597	106.8000030517578
6042	158.87998962402344	205.44000244140625	105.5999984741211
6043	162.39999389648438	191.3600006103516	104.4000015258789
6044	157.9199981689453	198.72000122070312	108.20000457763672
6045	166.239990234375	188.3199920654297	107.20000457763672
6046	168.0	191.1999969482422	104.4000015258789
6047	169.1199951171875	195.1999969482422	107.20000457763672
6048	175.0399932861328	196.1599884033203	104.5999984741211
6049	186.87998962402344	190.72000122070312	102.4000015258789
6050	186.0800018310547	197.9199981689453	106.5999984741211
6051	197.44000244140625	198.55999755859372	102.8000030517578
6052	201.1199951171875	195.3600006103516	102.8000030517578
6053	206.87998962402344	190.239990234375	107.8000030517578
6054	208.3199920654297	188.9599914550781	102.20000457763672
6055	129.1199951171875	219.1999969482422	103.4000015258789
6056	136.47999572753906	207.1999969482422	101.5999984741211
6057	137.44000244140622	104.0	108.20000457763672
6058	141.44000244140625	98.72000122070312	109.4000015258789
6059	152.63999938964844	94.07999420166016	109.8000030517578
6060	160.63999938964844	92.15999603271484	112.4000015258789
6061	160.0	103.5199966430664	111.4000015258789
6062	181.9199981689453	101.1199951171875	108.8000030517578
6063	184.9599914550781	90.87999725341795	107.8000030517578
6064	194.55999755859372	103.04000091552734	108.0
6065	196.0	93.5999984741211	109.0
6066	200.63999938964844	99.36000061035156	110.5999984741211
6067	203.1999969482422	95.68000030517578	108.5999984741211
6068	204.0	101.91999816894531	108.20000457763672
6069	208.47999572753903	101.91999816894531	108.4000015258789
6070	122.23999786376952	122.7199935913086	111.5999984741211
6071	124.47999572753906	120.15999603271484	109.5999984741211
6072	127.04000091552734	113.1199951171875	109.0
6073	123.5199966430664	124.79999542236328	108.5999984741211
6074	127.36000061035156	122.7199935913086	107.4000015258789
6075	130.39999389648438	114.87999725341795	113.4000015258789
6076	131.03999328613278	118.23999786376952	113.4000015258789
6077	129.59999084472656	110.07999420166016	111.8000030517578
6078	133.91999816894528	111.5199966430664	109.20000457763672
6079	129.44000244140622	122.39999389648438	112.0
6080	133.27999877929688	108.31999969482422	111.0
6081	134.08000183105472	123.1999969482422	110.4000015258789
6082	134.239990234375	119.36000061035156	109.20000457763672
6083	136.47999572753906	108.0	107.8000030517578
6084	137.27999877929688	115.68000030517578	107.8000030517578
6085	138.87998962402344	112.63999938964844	110.0
6086	137.75999450683594	109.5999984741211	112.20000457763672
6087	140.8000030517578	104.15999603271484	112.20000457763672
6088	144.0	105.5999984741211	109.0
6089	144.63999938964844	109.5999984741211	108.5999984741211
6090	149.75999450683594	106.23999786376952	109.0
6091	153.1199951171875	109.1199951171875	107.5999984741211
6092	154.87998962402344	106.72000122070312	111.20000457763672
6093	160.63999938964844	108.95999908447266	110.5999984741211
6094	161.75999450683594	105.27999877929688	107.5999984741211
6095	162.55999755859375	120.47999572753906	116.5999984741211
6096	163.51998901367188	123.83999633789062	110.8000030517578
6097	166.39999389648438	114.55999755859376	109.0
6098	165.75999450683594	120.31999969482422	113.20000457763672
6099	166.0800018310547	104.31999969482422	108.5999984741211
6100	166.239990234375	110.23999786376952	110.5999984741211
6101	168.8000030517578	120.95999908447266	110.4000015258789
6102	169.59999084472656	116.95999908447266	109.5999984741211
6103	169.1199951171875	106.87999725341795	111.20000457763672
6104	170.72000122070312	110.72000122070312	110.20000457763672
6105	175.67999267578125	116.63999938964844	113.8000030517578
6106	175.83999633789062	126.07999420166016	109.4000015258789
6107	181.75999450683597	109.1199951171875	110.0
6108	187.67999267578125	105.27999877929688	111.8000030517578
6109	188.63999938964844	112.63999938964844	110.20000457763672
6110	191.1999969482422	105.75999450683594	112.8000030517578
6111	192.0	122.55999755859376	109.8000030517578
6112	195.3600006103516	109.5999984741211	110.4000015258789
6113	198.0800018310547	117.43999481201172	109.8000030517578
6114	198.239990234375	107.04000091552734	110.8000030517578
6115	202.239990234375	114.23999786376952	110.0
6116	203.1999969482422	107.04000091552734	107.8000030517578
6117	205.44000244140625	108.79999542236328	110.4000015258789
6118	210.87998962402344	103.68000030517578	106.8000030517578
6119	212.79998779296875	114.39999389648438	109.8000030517578
6120	217.59999084472656	131.52000427246094	114.20000457763672
6121	110.87999725341795	143.1999969482422	109.0
6122	110.39999389648438	140.0	111.20000457763672
6123	109.27999877929688	136.95999145507812	113.5999984741211
6124	112.95999908447266	139.67999267578122	110.0
6125	115.5199966430664	146.39999389648438	110.5999984741211
6126	115.5199966430664	132.95999145507812	108.8000030517578
6127	116.95999908447266	142.0800018310547	109.4000015258789
6128	116.15999603271484	130.239990234375	111.4000015258789
6129	117.5999984741211	127.68000030517578	108.4000015258789
6130	120.63999938964844	138.239990234375	109.5999984741211
6131	118.39999389648438	134.55999755859378	111.0
6132	121.91999816894531	129.27999877929688	109.5999984741211
6133	120.47999572753906	145.75999450683594	107.5999984741211
6134	125.27999877929688	132.0	110.8000030517578
6135	129.44000244140622	128.95999145507812	109.4000015258789
6136	131.67999267578122	126.07999420166016	110.8000030517578
6137	138.87998962402344	133.91999816894528	112.4000015258789
6138	141.59999084472656	144.0	109.20000457763672
6139	143.36000061035156	136.31999206542972	111.0
6140	144.3199920654297	139.83999633789062	109.4000015258789
6141	151.67999267578125	131.67999267578122	111.5999984741211
6142	152.8000030517578	141.27999877929688	115.8000030517578
6143	155.83999633789062	133.91999816894528	108.0
6144	155.1999969482422	130.239990234375	109.4000015258789
6145	161.59999084472656	142.87998962402344	109.5999984741211
6146	157.75999450683594	134.87998962402344	111.8000030517578
6147	159.67999267578125	132.31999206542972	108.0
6148	155.83999633789062	128.80000305175778	113.8000030517578
6149	161.44000244140625	127.1999969482422	111.20000457763672
6150	161.9199981689453	131.83999633789062	112.8000030517578
6151	165.75999450683594	129.59999084472656	114.0
6152	167.83999633789062	126.7199935913086	109.20000457763672
6153	169.27999877929688	143.67999267578125	108.5999984741211
6154	171.0399932861328	128.95999145507812	110.8000030517578
6155	170.39999389648438	126.87999725341795	113.0
6156	173.27999877929688	144.3199920654297	111.20000457763672
6157	174.239990234375	129.44000244140622	112.5999984741211
6158	181.1199951171875	133.91999816894528	106.4000015258789
6159	177.44000244140625	130.55999755859378	106.8000030517578
6160	176.8000030517578	128.31999206542972	111.8000030517578
6161	185.44000244140625	135.03999328613278	110.4000015258789
6162	184.8000030517578	141.1199951171875	107.20000457763672
6163	186.0800018310547	138.239990234375	108.5999984741211
6164	192.8000030517578	135.67999267578122	107.4000015258789
6165	195.51998901367188	127.68000030517578	108.20000457763672
6166	195.51998901367188	144.0	111.20000457763672
6167	199.3600006103516	131.36000061035156	108.8000030517578
6168	201.75999450683597	137.27999877929688	113.5999984741211
6169	200.47999572753903	125.91999816894531	110.0
6170	199.67999267578125	148.47999572753906	111.20000457763672
6171	209.9199981689453	144.16000366210938	113.8000030517578
6172	212.0	128.16000366210938	110.20000457763672
6173	219.51998901367188	140.95999145507812	110.0
6174	107.5199966430664	145.1199951171875	108.5999984741211
6175	119.36000061035156	151.67999267578125	109.4000015258789
6176	119.5199966430664	156.3199920654297	110.5999984741211
6177	121.43999481201172	163.1999969482422	109.4000015258789
6178	119.1999969482422	149.44000244140625	112.5999984741211
6179	122.23999786376952	158.87998962402344	111.8000030517578
6180	125.27999877929688	161.75999450683594	110.5999984741211
6181	129.59999084472656	161.59999084472656	110.0
6182	130.239990234375	157.9199981689453	110.5999984741211
6183	133.27999877929688	155.1999969482422	114.4000015258789
6184	136.31999206542972	156.8000030517578	112.8000030517578
6185	135.19999694824222	162.87998962402344	112.5999984741211
6186	137.1199951171875	160.3199920654297	109.4000015258789
6187	141.44000244140625	150.0800018310547	114.5999984741211
6188	140.47999572753906	158.87998962402344	109.5999984741211
6189	142.0800018310547	152.95999145507812	110.8000030517578
6190	142.87998962402344	163.67999267578125	110.8000030517578
6191	144.63999938964844	148.8000030517578	113.5999984741211
6192	146.239990234375	146.0800018310547	110.8000030517578
6193	154.55999755859375	150.55999755859375	109.8000030517578
6194	155.36000061035156	148.63999938964844	107.20000457763672
6195	157.9199981689453	159.0399932861328	108.5999984741211
6196	162.39999389648438	152.95999145507812	111.0
6197	163.1999969482422	164.95999145507812	111.5999984741211
6198	164.0	159.83999633789062	110.8000030517578
6199	167.51998901367188	161.44000244140625	108.20000457763672
6200	167.51998901367188	162.55999755859375	112.0
6201	171.51998901367188	150.239990234375	109.5999984741211
6202	173.44000244140625	162.72000122070312	110.4000015258789
6203	176.0	152.47999572753906	109.4000015258789
6204	177.44000244140625	157.9199981689453	112.0
6205	180.1599884033203	148.63999938964844	109.5999984741211
6206	180.0	152.95999145507812	111.8000030517578
6207	181.44000244140625	160.8000030517578	110.20000457763672
6208	183.3600006103516	149.27999877929688	111.5999984741211
6209	185.9199981689453	165.27999877929688	108.5999984741211
6210	185.44000244140625	153.27999877929688	109.8000030517578
6211	189.44000244140625	162.72000122070312	109.8000030517578
6212	188.0	153.27999877929688	111.5999984741211
6213	192.8000030517578	159.67999267578125	111.8000030517578
6214	193.44000244140625	160.0	107.5999984741211
6215	190.3999938964844	155.0399932861328	112.0
6216	196.3199920654297	166.0800018310547	107.4000015258789
6217	194.0800018310547	163.0399932861328	112.8000030517578
6218	197.59999084472656	159.0399932861328	109.5999984741211
6219	205.44000244140625	155.1999969482422	107.4000015258789
6220	208.9599914550781	162.55999755859375	105.5999984741211
6221	206.55999755859372	163.1999969482422	108.20000457763672
6222	207.0399932861328	151.51998901367188	110.5999984741211
6223	212.79998779296875	154.39999389648438	111.4000015258789
6224	216.79998779296875	146.39999389648438	107.8000030517578
6225	218.55999755859372	166.55999755859375	108.0
6226	111.36000061035156	179.51998901367188	110.0
6227	113.91999816894531	183.51998901367188	111.20000457763672
6228	118.7199935913086	171.36000061035156	108.4000015258789
6229	121.27999877929688	182.3999938964844	110.0
6230	121.75999450683594	180.8000030517578	107.20000457763672
6231	124.47999572753906	167.1999969482422	111.4000015258789
6232	126.39999389648438	184.1599884033203	110.8000030517578
6233	126.39999389648438	176.63999938964844	110.0
6234	128.31999206542972	165.44000244140625	109.8000030517578
6235	133.44000244140622	185.27999877929688	109.0
6236	138.72000122070312	170.55999755859375	108.0
6237	135.36000061035156	177.9199981689453	107.0
6238	136.47999572753906	169.27999877929688	110.0
6239	144.0	180.8000030517578	110.0
6240	143.0399932861328	168.63999938964844	109.8000030517578
6241	143.1999969482422	186.239990234375	109.5999984741211
6242	148.95999145507812	188.47999572753903	108.5999984741211
6243	153.1199951171875	167.67999267578125	108.4000015258789
6244	157.1199951171875	174.72000122070312	108.0
6245	154.0800018310547	178.0800018310547	109.4000015258789
6246	151.36000061035156	178.0800018310547	111.5999984741211
6247	154.55999755859375	184.63999938964844	108.8000030517578
6248	159.0399932861328	184.0	113.20000457763672
6249	166.39999389648438	168.95999145507812	110.8000030517578
6250	170.39999389648438	172.8000030517578	109.8000030517578
6251	170.72000122070312	176.3199920654297	112.0
6252	175.51998901367188	168.3199920654297	110.4000015258789
6253	176.63999938964844	178.55999755859375	109.0
6254	175.83999633789062	183.0399932861328	111.0
6255	179.1999969482422	174.72000122070312	110.0
6256	178.39999389648438	169.9199981689453	111.8000030517578
6257	180.3199920654297	177.9199981689453	111.8000030517578
6258	180.8000030517578	181.75999450683597	111.5999984741211
6259	183.0399932861328	172.47999572753906	110.8000030517578
6260	185.1199951171875	175.83999633789062	111.0
6261	188.9599914550781	182.55999755859372	108.8000030517578
6262	188.9599914550781	166.39999389648438	110.20000457763672
6263	194.239990234375	168.3199920654297	111.0
6264	195.67999267578125	181.1199951171875	112.20000457763672
6265	197.59999084472656	171.0399932861328	109.0
6266	199.1999969482422	185.75999450683597	109.5999984741211
6267	198.239990234375	177.59999084472656	113.0
6268	198.72000122070312	167.51998901367188	112.0
6269	204.9599914550781	178.72000122070312	108.20000457763672
6270	200.63999938964844	171.0399932861328	113.5999984741211
6271	203.83999633789062	170.239990234375	111.0
6272	207.67999267578125	182.239990234375	110.8000030517578
6273	209.75999450683597	185.27999877929688	107.8000030517578
6274	212.1599884033203	174.0800018310547	108.0
6275	217.75999450683597	173.1199951171875	107.8000030517578
6276	122.55999755859376	187.51998901367188	109.4000015258789
6277	121.75999450683594	204.3199920654297	108.8000030517578
6278	127.68000030517578	193.59999084472656	109.5999984741211
6279	125.27999877929688	206.0800018310547	111.0
6280	128.47999572753906	199.83999633789062	111.0
6281	131.83999633789062	200.0	110.5999984741211
6282	131.67999267578122	204.3199920654297	111.4000015258789
6283	135.03999328613278	189.9199981689453	109.20000457763672
6284	136.63999938964844	198.0800018310547	110.0
6285	138.87998962402344	192.3199920654297	110.8000030517578
6286	143.1999969482422	196.0	111.20000457763672
6287	143.52000427246094	203.67999267578125	107.4000015258789
6288	149.59999084472656	204.0	110.4000015258789
6289	155.83999633789062	202.0800018310547	108.5999984741211
6290	153.44000244140625	193.1199951171875	112.8000030517578
6291	161.59999084472656	190.87998962402344	110.8000030517578
6292	158.39999389648438	206.3999938964844	110.4000015258789
6293	158.0800018310547	198.3999938964844	113.0
6294	172.8000030517578	195.67999267578125	110.8000030517578
6295	176.16000366210938	188.3199920654297	110.4000015258789
6296	176.95999145507812	193.44000244140625	110.5999984741211
6297	181.27999877929688	206.0800018310547	110.0
6298	183.67999267578125	193.44000244140625	106.5999984741211
6299	180.47999572753903	203.3600006103516	111.4000015258789
6300	187.3600006103516	204.3199920654297	108.20000457763672
6301	192.9599914550781	190.55999755859372	108.4000015258789
6302	189.59999084472656	187.0399932861328	111.0
6303	191.83999633789062	196.8000030517578	111.0
6304	195.0399932861328	201.27999877929688	108.5999984741211
6305	203.51998901367188	187.83999633789062	112.8000030517578
6306	129.91999816894528	209.9199981689453	110.8000030517578
6307	129.59999084472656	214.72000122070312	109.20000457763672
6308	132.0	212.3199920654297	110.5999984741211
6309	142.55999755859375	213.44000244140625	110.8000030517578
6310	147.1999969482422	212.63999938964844	110.0
6311	151.1999969482422	206.3999938964844	108.4000015258789
6312	154.55999755859375	212.63999938964844	110.5999984741211
6313	162.55999755859375	212.47999572753903	110.5999984741211
6314	170.39999389648438	208.9599914550781	113.0
6315	167.67999267578125	204.9599914550781	111.5999984741211
6316	131.67999267578122	104.63999938964844	113.8000030517578
6317	136.95999145507812	103.36000061035156	112.4000015258789
6318	142.0800018310547	102.07999420166016	115.5999984741211
6319	140.0	98.55999755859376	116.20000457763672
6320	144.0	100.95999908447266	112.5999984741211
6321	154.87998962402344	100.31999969482422	119.20000457763672
6322	164.3199920654297	96.0	117.8000030517578
6323	165.59999084472656	94.23999786376952	113.8000030517578
6324	164.3199920654297	105.43999481201172	112.20000457763672
6325	174.39999389648438	92.31999969482422	116.20000457763672
6326	178.239990234375	100.79999542236328	114.5999984741211
6327	183.67999267578125	92.31999969482422	113.0
6328	181.27999877929688	94.55999755859376	117.0
6329	185.44000244140625	98.72000122070312	113.5999984741211
6330	188.1599884033203	92.47999572753906	112.8000030517578
6331	196.8000030517578	103.36000061035156	114.20000457763672
6332	204.0	102.87999725341795	112.4000015258789
6333	118.87999725341795	122.7199935913086	113.5999984741211
6334	121.91999816894531	124.31999969482422	117.20000457763672
6335	126.23999786376952	121.1199951171875	113.20000457763672
6336	127.68000030517578	115.5199966430664	115.4000015258789
6337	125.5999984741211	123.83999633789062	116.5999984741211
6338	125.1199951171875	119.04000091552734	117.5999984741211
6339	127.1999969482422	110.07999420166016	115.4000015258789
6340	132.63999938964844	111.83999633789062	114.0
6341	135.19999694824222	109.5999984741211	117.5999984741211
6342	134.08000183105472	120.0	115.20000457763672
6343	134.39999389648438	115.5199966430664	114.8000030517578
6344	136.95999145507812	117.5999984741211	113.4000015258789
6345	138.39999389648438	111.68000030517578	116.20000457763672
6346	138.87998962402344	107.04000091552734	114.5999984741211
6347	145.27999877929688	108.15999603271484	112.0
6348	145.1199951171875	104.63999938964844	114.0
6349	151.67999267578125	106.87999725341795	113.4000015258789
6350	156.0	106.39999389648438	115.20000457763672
6351	161.1199951171875	112.47999572753906	112.0
6352	166.55999755859375	116.0	114.8000030517578
6353	171.51998901367188	111.68000030517578	114.4000015258789
6354	169.1199951171875	122.07999420166016	116.0
6355	170.72000122070312	118.07999420166016	114.20000457763672
6356	170.72000122070312	114.23999786376952	117.20000457763672
6357	173.44000244140625	107.1999969482422	118.20000457763672
6358	183.83999633789062	116.95999908447266	115.0
6359	189.27999877929688	114.87999725341795	115.0
6360	191.1999969482422	118.87999725341795	113.8000030517578
6361	191.67999267578125	108.0	117.5999984741211
6362	193.27999877929688	112.31999969482422	114.8000030517578
6363	195.51998901367188	108.15999603271484	115.20000457763672
6364	197.27999877929688	112.95999908447266	113.4000015258789
6365	199.1999969482422	105.5999984741211	115.0
6366	201.1199951171875	111.1999969482422	113.20000457763672
6367	203.67999267578125	110.07999420166016	114.5999984741211
6368	206.55999755859372	115.04000091552734	112.8000030517578
6369	206.87998962402344	110.07999420166016	113.4000015258789
6370	207.3600006103516	118.55999755859376	114.20000457763672
6371	210.55999755859372	124.31999969482422	114.5999984741211
6372	211.1999969482422	111.83999633789062	117.5999984741211
6373	105.43999481201172	147.52000427246094	112.0
6374	110.23999786376952	141.1199951171875	115.4000015258789
6375	111.68000030517578	136.16000366210938	118.4000015258789
6376	112.79999542236328	131.03999328613278	114.5999984741211
6377	112.95999908447266	137.59999084472656	114.5999984741211
6378	116.63999938964844	126.55999755859376	113.5999984741211
6379	118.07999420166016	131.36000061035156	115.4000015258789
6380	118.23999786376952	138.72000122070312	113.8000030517578
6381	118.23999786376952	142.87998962402344	113.4000015258789
6382	119.1999969482422	135.19999694824222	116.5999984741211
6383	119.04000091552734	126.55999755859376	117.0
6384	119.68000030517578	127.36000061035156	112.20000457763672
6385	122.39999389648438	129.44000244140622	115.4000015258789
6386	126.55999755859376	129.44000244140622	114.0
6387	129.91999816894528	126.87999725341795	117.20000457763672
6388	139.03999328613278	142.55999755859375	113.5999984741211
6389	140.47999572753906	136.63999938964844	114.5999984741211
6390	143.83999633789062	139.67999267578122	113.8000030517578
6391	146.0800018310547	143.67999267578125	117.20000457763672
6392	144.47999572753906	143.67999267578125	113.20000457763672
6393	152.16000366210938	127.1999969482422	115.8000030517578
6394	154.239990234375	132.47999572753906	115.4000015258789
6395	157.27999877929688	125.43999481201172	115.8000030517578
6396	159.0399932861328	135.19999694824222	116.0
6397	158.87998962402344	130.08000183105472	118.0
6398	160.63999938964844	142.39999389648438	112.8000030517578
6399	162.87998962402344	124.15999603271484	117.0
6400	165.27999877929688	131.36000061035156	118.0
6401	167.83999633789062	127.04000091552734	117.8000030517578
6402	166.87998962402344	125.1199951171875	113.8000030517578
6403	170.39999389648438	143.52000427246094	113.20000457763672
6404	173.1199951171875	142.72000122070312	115.5999984741211
6405	174.87998962402344	138.39999389648438	115.4000015258789
6406	179.67999267578125	145.9199981689453	114.4000015258789
6407	185.1199951171875	135.03999328613278	113.4000015258789
6408	182.239990234375	141.75999450683594	115.4000015258789
6409	183.51998901367188	138.08000183105472	117.0
6410	187.1999969482422	143.83999633789062	116.4000015258789
6411	191.51998901367188	136.80000305175778	115.20000457763672
6412	190.72000122070312	142.87998962402344	115.20000457763672
6413	196.8000030517578	137.27999877929688	113.5999984741211
6414	194.72000122070312	143.36000061035156	117.5999984741211
6415	203.83999633789062	143.1999969482422	111.5999984741211
6416	203.51998901367188	135.67999267578122	114.5999984741211
6417	206.55999755859372	128.63999938964844	115.0
6418	203.51998901367188	142.55999755859375	116.4000015258789
6419	212.1599884033203	129.27999877929688	116.20000457763672
6420	212.79998779296875	134.55999755859378	116.20000457763672
6421	218.55999755859372	149.75999450683594	112.5999984741211
6422	106.07999420166016	166.239990234375	117.20000457763672
6423	112.47999572753906	160.95999145507812	114.0
6424	114.23999786376952	152.3199920654297	118.0
6425	113.91999816894531	157.75999450683594	117.20000457763672
6426	118.23999786376952	156.63999938964844	114.0
6427	119.1999969482422	161.1199951171875	112.8000030517578
6428	121.5999984741211	152.3199920654297	114.8000030517578
6429	124.0	160.63999938964844	115.0
6430	125.27999877929688	155.67999267578125	113.8000030517578
6431	130.87998962402344	159.51998901367188	115.20000457763672
6432	132.31999206542972	164.8000030517578	115.20000457763672
6433	130.72000122070312	164.0	119.5999984741211
6434	134.08000183105472	160.47999572753906	117.0
6435	138.239990234375	159.51998901367188	116.0
6436	137.91999816894528	163.0399932861328	118.20000457763672
6437	137.44000244140622	152.3199920654297	116.8000030517578
6438	138.72000122070312	146.39999389648438	115.5999984741211
6439	143.1999969482422	156.63999938964844	119.4000015258789
6440	141.44000244140625	158.0800018310547	114.5999984741211
6441	143.67999267578125	153.59999084472656	116.8000030517578
6442	146.55999755859375	146.87998962402344	116.5999984741211
6443	152.8000030517578	155.1999969482422	112.8000030517578
6444	152.63999938964844	162.0800018310547	114.8000030517578
6445	156.47999572753906	161.1199951171875	113.5999984741211
6446	156.3199920654297	163.67999267578125	116.20000457763672
6447	158.39999389648438	147.1999969482422	118.5999984741211
6448	159.1999969482422	162.87998962402344	112.4000015258789
6449	160.8000030517578	154.55999755859375	117.0
6450	161.1199951171875	161.1199951171875	118.20000457763672
6451	163.51998901367188	150.87998962402344	114.8000030517578
6452	164.8000030517578	162.239990234375	115.4000015258789
6453	165.59999084472656	147.67999267578125	116.20000457763672
6454	168.8000030517578	160.8000030517578	114.4000015258789
6455	168.0	161.44000244140625	118.20000457763672
6456	169.9199981689453	165.59999084472656	112.4000015258789
6457	174.239990234375	147.52000427246094	115.20000457763672
6458	173.59999084472656	164.8000030517578	115.8000030517578
6459	174.72000122070312	155.36000061035156	113.20000457763672
6460	176.8000030517578	149.9199981689453	112.8000030517578
6461	175.83999633789062	151.67999267578125	118.0
6462	176.63999938964844	166.55999755859375	114.20000457763672
6463	179.51998901367188	157.9199981689453	118.4000015258789
6464	180.1599884033203	160.47999572753906	115.20000457763672
6465	181.9199981689453	153.1199951171875	116.20000457763672
6466	185.1199951171875	147.1999969482422	116.20000457763672
6467	185.9199981689453	152.95999145507812	115.4000015258789
6468	185.9199981689453	157.44000244140625	113.4000015258789
6469	183.51998901367188	164.3199920654297	116.4000015258789
6470	188.47999572753903	149.9199981689453	114.0
6471	188.63999938964844	165.1199951171875	114.20000457763672
6472	189.75999450683597	161.9199981689453	116.20000457763672
6473	190.72000122070312	147.1999969482422	116.8000030517578
6474	194.3999938964844	147.0399932861328	115.5999984741211
6475	195.67999267578125	158.239990234375	116.20000457763672
6476	196.1599884033203	154.0800018310547	118.20000457763672
6477	196.1599884033203	158.87998962402344	113.8000030517578
6478	199.51998901367188	156.63999938964844	113.20000457763672
6479	199.3600006103516	152.16000366210938	118.4000015258789
6480	200.1599884033203	163.83999633789062	116.20000457763672
6481	202.239990234375	155.51998901367188	116.20000457763672
6482	205.75999450683597	146.72000122070312	114.20000457763672
6483	205.27999877929688	154.87998962402344	112.4000015258789
6484	205.59999084472656	151.1999969482422	116.20000457763672
6485	206.239990234375	155.83999633789062	115.4000015258789
6486	207.83999633789062	170.55999755859375	118.4000015258789
6487	215.67999267578125	147.0399932861328	117.20000457763672
6488	219.0399932861328	156.0	115.8000030517578
6489	219.83999633789062	148.95999145507812	115.5999984741211
6490	113.27999877929688	186.3999938964844	114.5999984741211
6491	116.31999969482422	184.9599914550781	114.8000030517578
6492	115.1999969482422	172.3199920654297	117.0
6493	119.68000030517578	180.63999938964844	117.4000015258789
6494	129.59999084472656	167.51998901367188	116.0
6495	128.31999206542972	180.9599914550781	115.0
6496	133.91999816894528	185.1199951171875	114.4000015258789
6497	134.39999389648438	171.67999267578125	114.5999984741211
6498	132.31999206542972	179.67999267578125	112.8000030517578
6499	142.39999389648438	166.39999389648438	115.8000030517578
6500	135.52000427246094	165.9199981689453	118.4000015258789
6501	151.1999969482422	175.51998901367188	114.8000030517578
6502	153.44000244140625	166.72000122070312	116.8000030517578
6503	156.16000366210938	184.8000030517578	115.4000015258789
6504	156.0	173.1199951171875	114.0
6505	159.36000061035156	165.44000244140625	116.0
6506	160.3199920654297	177.59999084472656	114.8000030517578
6507	164.47999572753906	176.3199920654297	116.0
6508	164.8000030517578	172.47999572753906	112.4000015258789
6509	164.63999938964844	182.3999938964844	115.8000030517578
6510	165.75999450683594	172.0	116.4000015258789
6511	168.95999145507812	168.95999145507812	115.4000015258789
6512	168.95999145507812	178.239990234375	116.4000015258789
6513	169.9199981689453	172.47999572753906	113.8000030517578
6514	174.72000122070312	180.63999938964844	113.5999984741211
6515	173.59999084472656	184.8000030517578	115.0
6516	178.239990234375	176.3199920654297	113.8000030517578
6517	178.0800018310547	181.27999877929688	114.0
6518	178.55999755859375	169.1199951171875	118.0
6519	181.44000244140625	172.8000030517578	114.4000015258789
6520	185.1199951171875	182.72000122070312	112.0
6521	185.27999877929688	184.0	116.20000457763672
6522	184.63999938964844	172.8000030517578	116.8000030517578
6523	188.8000030517578	176.3199920654297	115.20000457763672
6524	188.9599914550781	182.0800018310547	112.20000457763672
6525	188.9599914550781	185.59999084472656	115.0
6526	188.8000030517578	167.83999633789062	116.5999984741211
6527	191.83999633789062	171.51998901367188	113.5999984741211
6528	195.67999267578125	170.55999755859375	114.20000457763672
6529	198.55999755859372	185.75999450683597	114.4000015258789
6530	201.75999450683597	168.3199920654297	116.5999984741211
6531	203.83999633789062	179.83999633789062	116.20000457763672
6532	205.1199951171875	179.83999633789062	112.4000015258789
6533	205.27999877929688	168.16000366210938	114.8000030517578
6534	204.47999572753903	186.0800018310547	117.8000030517578
6535	208.79998779296875	180.3199920654297	113.8000030517578
6536	213.59999084472656	173.44000244140625	116.4000015258789
6537	118.39999389648438	189.9199981689453	117.0
6538	124.47999572753906	201.59999084472656	112.0
6539	127.04000091552734	197.9199981689453	113.20000457763672
6540	131.67999267578122	188.3199920654297	112.0
6541	129.75999450683594	185.59999084472656	116.20000457763672
6542	128.47999572753906	205.27999877929688	112.4000015258789
6543	132.80000305175778	191.83999633789062	115.4000015258789
6544	135.52000427246094	195.0399932861328	114.20000457763672
6545	136.95999145507812	190.55999755859372	115.20000457763672
6546	136.95999145507812	186.55999755859372	116.0
6547	138.55999755859378	201.9199981689453	114.4000015258789
6548	142.87998962402344	206.72000122070312	112.0
6549	145.59999084472656	202.72000122070312	114.4000015258789
6550	150.87998962402344	196.3199920654297	111.8000030517578
6551	151.67999267578125	203.1999969482422	114.4000015258789
6552	154.87998962402344	190.55999755859372	118.20000457763672
6553	156.16000366210938	203.0399932861328	116.8000030517578
6554	155.36000061035156	205.75999450683597	113.8000030517578
6555	157.75999450683594	189.1199951171875	114.20000457763672
6556	166.55999755859375	191.83999633789062	115.4000015258789
6557	168.8000030517578	192.8000030517578	112.4000015258789
6558	172.8000030517578	188.8000030517578	116.5999984741211
6559	176.0	188.47999572753903	114.5999984741211
6560	179.51998901367188	192.1599884033203	115.20000457763672
6561	189.27999877929688	192.1599884033203	118.4000015258789
6562	184.8000030517578	201.44000244140625	113.8000030517578
6563	186.55999755859372	193.44000244140625	114.20000457763672
6564	191.83999633789062	191.0399932861328	112.5999984741211
6565	188.8000030517578	201.75999450683597	117.20000457763672
6566	187.83999633789062	189.27999877929688	114.4000015258789
6567	196.3199920654297	196.63999938964844	113.5999984741211
6568	207.67999267578125	186.55999755859372	116.20000457763672
6569	177.59999084472656	206.55999755859372	114.4000015258789
6570	131.36000061035156	104.31999969482422	120.20000457763672
6571	135.03999328613278	103.04000091552734	121.20000457763672
6572	138.08000183105472	96.15999603271484	121.8000030517578
6573	137.59999084472656	101.91999816894531	117.8000030517578
6574	144.47999572753906	101.43999481201172	122.0
6575	148.0	102.39999389648438	120.5999984741211
6576	160.95999145507812	101.27999877929688	120.0
6577	163.83999633789062	100.47999572753906	117.5999984741211
6578	163.83999633789062	103.1999969482422	120.5999984741211
6579	171.83999633789062	97.43999481201172	118.4000015258789
6580	185.1199951171875	102.07999420166016	118.5999984741211
6581	182.3999938964844	99.5199966430664	120.5999984741211
6582	185.75999450683597	95.5199966430664	117.0
6583	189.44000244140625	96.31999969482422	117.20000457763672
6584	196.47999572753903	102.23999786376952	120.20000457763672
6585	117.27999877929688	121.1199951171875	118.20000457763672
6586	117.1199951171875	119.83999633789062	122.20000457763672
6587	121.75999450683594	115.36000061035156	121.0
6588	123.68000030517578	112.31999969482422	121.8000030517578
6589	124.79999542236328	113.75999450683594	116.8000030517578
6590	125.27999877929688	124.95999908447266	121.20000457763672
6591	125.91999816894531	110.55999755859376	119.20000457763672
6592	127.83999633789062	114.87999725341795	119.5999984741211
6593	128.31999206542972	105.91999816894531	120.4000015258789
6594	129.27999877929688	119.83999633789062	118.5999984741211
6595	129.27999877929688	109.27999877929688	121.8000030517578
6596	132.31999206542972	108.95999908447266	119.8000030517578
6597	130.87998962402344	123.68000030517578	119.8000030517578
6598	130.87998962402344	114.87999725341795	121.8000030517578
6599	135.03999328613278	113.75999450683594	119.4000015258789
6600	132.80000305175778	117.43999481201172	119.4000015258789
6601	134.239990234375	121.5999984741211	119.20000457763672
6602	136.31999206542972	106.72000122070312	120.8000030517578
6603	143.67999267578125	107.1999969482422	120.8000030517578
6604	140.47999572753906	103.83999633789062	122.0
6605	146.55999755859375	105.27999877929688	120.4000015258789
6606	151.36000061035156	108.31999969482422	121.8000030517578
6607	150.72000122070312	124.15999603271484	120.5999984741211
6608	159.36000061035156	108.15999603271484	119.20000457763672
6609	154.39999389648438	105.43999481201172	121.4000015258789
6610	154.39999389648438	125.43999481201172	119.8000030517578
6611	155.67999267578125	120.31999969482422	122.8000030517578
6612	163.51998901367188	124.79999542236328	121.20000457763672
6613	167.1999969482422	105.43999481201172	119.0
6614	164.16000366210938	120.47999572753906	120.20000457763672
6615	168.0	115.68000030517578	119.4000015258789
6616	168.0	119.5199966430664	119.5999984741211
6617	172.16000366210938	118.87999725341795	118.8000030517578
6618	171.51998901367188	123.04000091552734	119.4000015258789
6619	174.72000122070312	114.72000122070312	118.5999984741211
6620	179.0399932861328	106.87999725341795	118.20000457763672
6621	174.39999389648438	114.07999420166016	122.20000457763672
6622	172.3199920654297	120.0	122.5999984741211
6623	177.59999084472656	117.5999984741211	122.0
6624	186.239990234375	117.27999877929688	118.8000030517578
6625	187.83999633789062	122.55999755859376	117.5999984741211
6626	192.8000030517578	116.63999938964844	120.0
6627	197.9199981689453	108.95999908447266	118.0
6628	208.0	110.39999389648438	118.4000015258789
6629	202.87998962402344	118.7199935913086	122.5999984741211
6630	212.1599884033203	117.91999816894531	121.5999984741211
6631	106.23999786376952	136.95999145507812	122.20000457763672
6632	109.75999450683594	139.83999633789062	119.0
6633	110.07999420166016	133.91999816894528	121.4000015258789
6634	110.55999755859376	129.59999084472656	121.0
6635	112.47999572753906	126.7199935913086	120.20000457763672
6636	114.07999420166016	132.95999145507812	119.20000457763672
6637	114.07999420166016	140.95999145507812	118.4000015258789
6638	112.79999542236328	138.87998962402344	122.4000015258789
6639	116.79999542236328	129.44000244140622	121.4000015258789
6640	116.15999603271484	126.7199935913086	119.0
6641	116.63999938964844	138.239990234375	120.0
6642	118.55999755859376	132.63999938964844	122.20000457763672
6643	114.72000122070312	144.47999572753906	123.20000457763672
6644	120.47999572753906	130.239990234375	119.4000015258789
6645	123.1999969482422	127.83999633789062	120.20000457763672
6646	126.7199935913086	128.95999145507812	119.8000030517578
6647	127.83999633789062	127.68000030517578	123.5999984741211
6648	135.67999267578122	143.0399932861328	119.4000015258789
6649	138.08000183105472	138.39999389648438	117.5999984741211
6650	140.47999572753906	142.72000122070312	119.5999984741211
6651	142.72000122070312	139.52000427246094	117.8000030517578
6652	144.3199920654297	143.83999633789062	120.5999984741211
6653	151.1999969482422	128.95999145507812	120.4000015258789
6654	154.87998962402344	130.72000122070312	121.0
6655	158.239990234375	134.72000122070312	119.8000030517578
6656	157.9199981689453	127.83999633789062	121.5999984741211
6657	161.27999877929688	126.55999755859376	123.0
6658	160.95999145507812	142.72000122070312	117.0
6659	164.16000366210938	141.75999450683594	118.5999984741211
6660	162.0800018310547	133.91999816894528	122.4000015258789
6661	165.44000244140625	128.31999206542972	121.5999984741211
6662	166.0800018310547	133.75999450683594	121.20000457763672
6663	171.0399932861328	125.27999877929688	122.0
6664	171.0399932861328	129.1199951171875	120.8000030517578
6665	172.47999572753906	142.55999755859375	120.0
6666	175.1999969482422	138.39999389648438	120.8000030517578
6667	178.239990234375	146.72000122070312	118.4000015258789
6668	178.72000122070312	141.27999877929688	120.4000015258789
6669	188.63999938964844	141.75999450683594	119.5999984741211
6670	189.9199981689453	137.1199951171875	121.4000015258789
6671	192.3199920654297	139.67999267578122	118.8000030517578
6672	195.1999969482422	144.8000030517578	121.8000030517578
6673	203.3600006103516	147.83999633789062	120.4000015258789
6674	200.3199920654297	147.0399932861328	121.8000030517578
6675	206.72000122070312	146.0800018310547	121.4000015258789
6676	207.3600006103516	138.72000122070312	124.5999984741211
6677	210.0800018310547	133.91999816894528	119.0
6678	108.0	162.239990234375	119.5999984741211
6679	109.27999877929688	166.39999389648438	119.4000015258789
6680	113.75999450683594	159.83999633789062	120.5999984741211
6681	115.68000030517578	148.95999145507812	121.0
6682	119.68000030517578	146.55999755859375	121.20000457763672
6683	118.55999755859376	164.0	121.20000457763672
6684	124.0	164.8000030517578	120.4000015258789
6685	131.52000427246094	162.239990234375	123.0
6686	133.44000244140622	149.59999084472656	121.20000457763672
6687	133.75999450683594	153.27999877929688	123.0
6688	136.47999572753906	146.239990234375	121.8000030517578
6689	136.95999145507812	157.75999450683594	119.0
6690	137.27999877929688	150.72000122070312	121.20000457763672
6691	135.67999267578122	158.55999755859375	123.4000015258789
6692	138.87998962402344	154.72000122070312	120.20000457763672
6693	142.239990234375	148.63999938964844	119.5999984741211
6694	140.47999572753906	163.1999969482422	120.8000030517578
6695	141.9199981689453	159.67999267578125	120.8000030517578
6696	146.55999755859375	153.9199981689453	120.8000030517578
6697	146.0800018310547	159.1999969482422	122.0
6698	156.16000366210938	152.0	119.20000457763672
6699	155.1999969482422	153.9199981689453	121.5999984741211
6700	158.87998962402344	163.67999267578125	121.0
6701	164.3199920654297	151.1999969482422	119.4000015258789
6702	165.44000244140625	159.0399932861328	119.20000457763672
6703	166.0800018310547	165.9199981689453	120.0
6704	166.87998962402344	161.9199981689453	122.8000030517578
6705	171.67999267578125	163.36000061035156	119.20000457763672
6706	171.51998901367188	151.36000061035156	117.20000457763672
6707	172.0	152.95999145507812	122.5999984741211
6708	173.27999877929688	146.87998962402344	119.4000015258789
6709	177.44000244140625	155.51998901367188	120.8000030517578
6710	182.87998962402344	156.8000030517578	120.5999984741211
6711	183.67999267578125	157.1199951171875	117.20000457763672
6712	184.0	164.3199920654297	123.5999984741211
6713	189.44000244140625	145.59999084472656	123.4000015258789
6714	188.0	147.1999969482422	119.8000030517578
6715	186.239990234375	151.51998901367188	119.8000030517578
6716	191.83999633789062	158.0800018310547	119.20000457763672
6717	190.87998962402344	151.1999969482422	120.4000015258789
6718	192.8000030517578	147.1999969482422	120.20000457763672
6719	195.1999969482422	157.9199981689453	121.5999984741211
6720	194.87998962402344	168.3199920654297	120.5999984741211
6721	196.9599914550781	152.3199920654297	123.5999984741211
6722	199.3600006103516	157.9199981689453	120.20000457763672
6723	199.1999969482422	154.72000122070312	122.0
6724	200.9599914550781	151.51998901367188	122.4000015258789
6725	205.75999450683597	152.63999938964844	119.5999984741211
6726	208.47999572753903	163.51998901367188	119.20000457763672
6727	208.3199920654297	146.72000122070312	127.5999984741211
6728	216.9599914550781	165.27999877929688	117.8000030517578
6729	216.79998779296875	146.87998962402344	122.0
6730	107.83999633789062	172.95999145507812	118.20000457763672
6731	112.0	170.72000122070312	120.20000457763672
6732	119.83999633789062	172.63999938964844	117.5999984741211
6733	123.5199966430664	175.0399932861328	121.0
6734	128.47999572753906	180.3199920654297	119.4000015258789
6735	132.0	183.51998901367188	119.4000015258789
6736	134.87998962402344	174.87998962402344	117.5999984741211
6737	132.16000366210938	168.16000366210938	121.0
6738	136.16000366210938	181.27999877929688	120.20000457763672
6739	142.39999389648438	179.36000061035156	119.0
6740	155.51998901367188	181.9199981689453	116.5999984741211
6741	154.39999389648438	181.27999877929688	118.8000030517578
6742	154.0800018310547	173.27999877929688	118.4000015258789
6743	157.9199981689453	168.3199920654297	120.5999984741211
6744	158.239990234375	181.59999084472656	119.5999984741211
6745	158.87998962402344	177.44000244140625	121.0
6746	161.9199981689453	168.47999572753906	117.8000030517578
6747	162.72000122070312	184.9599914550781	118.8000030517578
6748	162.72000122070312	175.36000061035156	120.8000030517578
6749	159.1999969482422	170.39999389648438	123.20000457763672
6750	163.51998901367188	179.67999267578125	118.4000015258789
6751	162.239990234375	180.8000030517578	122.8000030517578
6752	167.83999633789062	173.27999877929688	120.0
6753	167.0399932861328	182.0800018310547	119.0
6754	167.67999267578125	178.239990234375	121.0
6755	168.8000030517578	170.39999389648438	122.4000015258789
6756	171.67999267578125	174.39999389648438	119.8000030517578
6757	171.83999633789062	184.0	120.4000015258789
6758	173.9199981689453	169.44000244140625	117.20000457763672
6759	172.16000366210938	181.1199951171875	123.8000030517578
6760	173.9199981689453	168.3199920654297	121.4000015258789
6761	175.51998901367188	178.239990234375	120.8000030517578
6762	176.3199920654297	181.44000244140625	118.0
6763	177.44000244140625	184.47999572753903	120.4000015258789
6764	178.87998962402344	173.59999084472656	118.4000015258789
6765	179.36000061035156	177.75999450683594	119.8000030517578
6766	179.67999267578125	167.36000061035156	120.8000030517578
6767	181.27999877929688	171.0399932861328	120.0
6768	186.0800018310547	178.72000122070312	121.20000457763672
6769	182.87998962402344	185.75999450683597	118.20000457763672
6770	185.1199951171875	173.27999877929688	121.0
6771	187.1999969482422	183.67999267578125	121.20000457763672
6772	187.0399932861328	167.51998901367188	122.20000457763672
6773	188.3199920654297	174.72000122070312	119.5999984741211
6774	188.3199920654297	187.3600006103516	119.5999984741211
6775	190.3999938964844	170.72000122070312	120.4000015258789
6776	195.1999969482422	177.59999084472656	118.0
6777	197.44000244140625	183.83999633789062	120.5999984741211
6778	198.239990234375	180.63999938964844	118.4000015258789
6779	198.87998962402344	170.72000122070312	121.4000015258789
6780	203.67999267578125	174.55999755859375	118.5999984741211
6781	209.75999450683597	182.3999938964844	120.0
6782	214.239990234375	169.1199951171875	120.20000457763672
6783	124.15999603271484	194.239990234375	119.8000030517578
6784	131.52000427246094	188.1599884033203	118.5999984741211
6785	135.52000427246094	202.0800018310547	121.8000030517578
6786	140.8000030517578	194.55999755859372	121.4000015258789
6787	141.59999084472656	206.239990234375	120.0
6788	158.55999755859375	193.75999450683597	120.4000015258789
6789	164.0	188.9599914550781	121.0
6790	164.47999572753906	191.1999969482422	118.4000015258789
6791	162.72000122070312	198.3999938964844	123.5999984741211
6792	168.95999145507812	191.83999633789062	119.4000015258789
6793	171.83999633789062	205.44000244140625	117.20000457763672
6794	170.39999389648438	196.63999938964844	124.8000030517578
6795	171.83999633789062	194.3999938964844	117.0
6796	175.1999969482422	187.1999969482422	120.5999984741211
6797	178.39999389648438	192.8000030517578	119.4000015258789
6798	180.9599914550781	204.9599914550781	117.5999984741211
6799	189.44000244140625	190.72000122070312	122.4000015258789
6800	200.47999572753903	189.27999877929688	118.5999984741211
6801	175.51998901367188	207.83999633789062	118.5999984741211
6802	130.239990234375	101.91999816894531	123.4000015258789
6803	129.75999450683594	99.5199966430664	127.20000457763672
6804	135.19999694824222	96.79999542236328	126.8000030517578
6805	137.44000244140622	102.23999786376952	125.0
6806	138.39999389648438	97.75999450683594	125.20000457763672
6807	141.59999084472656	103.1999969482422	126.4000015258789
6808	146.55999755859375	100.47999572753906	126.0
6809	150.72000122070312	101.5999984741211	126.0
6810	152.63999938964844	102.55999755859376	123.20000457763672
6811	153.75999450683594	96.47999572753906	124.4000015258789
6812	156.0	100.79999542236328	125.4000015258789
6813	158.0800018310547	93.1199951171875	125.5999984741211
6814	156.47999572753906	104.95999908447266	124.8000030517578
6815	164.8000030517578	96.95999908447266	127.4000015258789
6816	112.31999969482422	124.0	123.0
6817	110.39999389648438	122.39999389648438	127.4000015258789
6818	116.0	119.5199966430664	127.0
6819	117.27999877929688	124.47999572753906	123.8000030517578
6820	119.5199966430664	118.07999420166016	124.5999984741211
6821	120.95999908447266	123.1999969482422	123.5999984741211
6822	122.87999725341795	110.72000122070312	125.4000015258789
6823	124.15999603271484	121.75999450683594	123.4000015258789
6824	124.47999572753906	114.39999389648438	126.5999984741211
6825	125.5999984741211	117.5999984741211	123.4000015258789
6826	126.07999420166016	107.5199966430664	126.0
6827	127.36000061035156	111.1999969482422	125.0
6828	128.95999145507812	120.0	124.20000457763672
6829	128.47999572753906	124.79999542236328	125.5999984741211
6830	132.95999145507812	114.23999786376952	127.20000457763672
6831	132.0	117.43999481201172	126.20000457763672
6832	132.63999938964844	112.15999603271484	123.20000457763672
6833	134.39999389648438	118.55999755859376	123.4000015258789
6834	137.75999450683594	107.36000061035156	125.20000457763672
6835	136.0	111.04000091552734	123.8000030517578
6836	144.47999572753906	106.23999786376952	125.0
6837	148.95999145507812	107.04000091552734	126.0
6838	150.72000122070312	124.47999572753906	123.5999984741211
6839	151.0399932861328	111.1999969482422	127.0
6840	153.59999084472656	123.04000091552734	125.4000015258789
6841	156.0	118.23999786376952	127.20000457763672
6842	156.95999145507812	124.47999572753906	124.0
6843	163.36000061035156	104.79999542236328	123.4000015258789
6844	160.16000366210938	122.55999755859376	124.8000030517578
6845	161.44000244140625	119.36000061035156	127.0
6846	166.72000122070312	123.36000061035156	124.4000015258789
6847	164.3199920654297	118.07999420166016	124.5999984741211
6848	169.1199951171875	120.31999969482422	124.4000015258789
6849	168.95999145507812	114.87999725341795	124.5999984741211
6850	175.1999969482422	125.5999984741211	124.0
6851	173.1199951171875	121.75999450683594	127.0
6852	176.47999572753906	120.63999938964844	124.4000015258789
6853	177.59999084472656	114.55999755859376	126.0
6854	178.55999755859375	118.7199935913086	127.4000015258789
6855	185.1199951171875	121.91999816894531	125.8000030517578
6856	195.51998901367188	111.04000091552734	123.8000030517578
6857	200.9599914550781	112.63999938964844	124.5999984741211
6858	207.0399932861328	117.43999481201172	123.0
6859	211.83999633789062	121.91999816894531	123.0
6860	110.23999786376952	132.47999572753906	125.0
6861	110.72000122070312	138.39999389648438	126.5999984741211
6862	111.36000061035156	142.55999755859375	124.4000015258789
6863	115.36000061035156	132.0	124.4000015258789
6864	113.75999450683594	135.19999694824222	126.4000015258789
6865	115.1999969482422	141.27999877929688	125.0
6866	118.55999755859376	128.80000305175778	127.20000457763672
6867	118.87999725341795	142.39999389648438	126.8000030517578
6868	123.04000091552734	127.68000030517578	123.8000030517578
6869	122.39999389648438	129.1199951171875	126.8000030517578
6870	134.55999755859378	140.16000366210938	124.4000015258789
6871	133.44000244140622	144.8000030517578	123.5999984741211
6872	137.1199951171875	142.55999755859375	124.5999984741211
6873	138.39999389648438	131.52000427246094	133.0
6874	141.27999877929688	142.0800018310547	123.20000457763672
6875	140.0	128.16000366210938	132.60000610351562
6876	153.9199981689453	127.5199966430664	124.4000015258789
6877	159.1999969482422	132.95999145507812	124.20000457763672
6878	158.0800018310547	130.239990234375	127.0
6879	163.1999969482422	142.55999755859375	121.8000030517578
6880	163.51998901367188	134.55999755859378	126.0
6881	166.0800018310547	125.91999816894531	126.5999984741211
6882	163.0399932861328	144.95999145507812	123.8000030517578
6883	168.47999572753906	135.03999328613278	125.20000457763672
6884	168.3199920654297	131.19999694824222	122.4000015258789
6885	170.72000122070312	132.0	127.20000457763672
6886	171.51998901367188	128.95999145507812	124.5999984741211
6887	173.1199951171875	143.36000061035156	125.8000030517578
6888	175.67999267578125	142.0800018310547	123.0
6889	175.83999633789062	137.75999450683594	124.8000030517578
6890	179.1999969482422	141.59999084472656	125.4000015258789
6891	178.0800018310547	125.1199951171875	127.0
6892	181.9199981689453	133.27999877929688	125.8000030517578
6893	179.83999633789062	146.39999389648438	124.4000015258789
6894	187.51998901367188	141.9199981689453	123.8000030517578
6895	185.44000244140625	138.87998962402344	125.8000030517578
6896	192.63999938964844	142.239990234375	124.4000015258789
6897	197.9199981689453	144.16000366210938	124.20000457763672
6898	207.51998901367188	142.72000122070312	126.0
6899	104.15999603271484	157.1199951171875	124.5999984741211
6900	111.83999633789062	162.39999389648438	124.5999984741211
6901	113.1199951171875	148.16000366210938	123.5999984741211
6902	114.55999755859376	153.1199951171875	122.8000030517578
6903	113.91999816894531	153.44000244140625	130.19999694824222
6904	117.1199951171875	147.52000427246094	126.4000015258789
6905	117.43999481201172	159.67999267578125	124.0
6906	119.1999969482422	152.47999572753906	122.20000457763672
6907	119.1999969482422	152.63999938964844	126.5999984741211
6908	120.79999542236328	168.16000366210938	124.5999984741211
6909	120.63999938964844	149.27999877929688	124.4000015258789
6910	122.87999725341795	146.0800018310547	126.0
6911	131.36000061035156	156.0	126.0
6912	131.19999694824222	166.0800018310547	125.0
6913	133.59999084472656	160.3199920654297	125.0
6914	131.36000061035156	145.59999084472656	127.8000030517578
6915	136.95999145507812	157.27999877929688	127.5999984741211
6916	136.63999938964844	151.36000061035156	125.5999984741211
6917	136.16000366210938	167.67999267578125	122.20000457763672
6918	139.83999633789062	146.72000122070312	127.4000015258789
6919	139.36000061035156	154.39999389648438	125.5999984741211
6920	139.52000427246094	158.39999389648438	124.8000030517578
6921	140.47999572753906	151.36000061035156	123.0
6922	142.0800018310547	163.67999267578125	123.8000030517578
6923	142.87998962402344	149.44000244140625	127.20000457763672
6924	143.67999267578125	146.39999389648438	124.20000457763672
6925	144.0	153.1199951171875	124.5999984741211
6926	144.63999938964844	162.72000122070312	125.8000030517578
6927	146.0800018310547	156.47999572753906	124.5999984741211
6928	156.95999145507812	153.44000244140625	125.0
6929	154.55999755859375	164.47999572753906	121.5999984741211
6930	155.51998901367188	165.59999084472656	126.8000030517578
6931	159.51998901367188	162.0800018310547	125.8000030517578
6932	161.1199951171875	165.59999084472656	124.8000030517578
6933	161.1199951171875	155.51998901367188	123.5999984741211
6934	164.0	158.87998962402344	123.5999984741211
6935	165.27999877929688	152.8000030517578	123.8000030517578
6936	167.0399932861328	148.47999572753906	125.8000030517578
6937	165.75999450683594	162.55999755859375	127.20000457763672
6938	166.239990234375	158.87998962402344	127.8000030517578
6939	171.51998901367188	161.9199981689453	123.4000015258789
6940	172.47999572753906	148.0	124.4000015258789
6941	174.87998962402344	164.0	122.4000015258789
6942	176.0	149.9199981689453	122.5999984741211
6943	176.63999938964844	155.36000061035156	124.20000457763672
6944	176.63999938964844	151.51998901367188	126.4000015258789
6945	179.51998901367188	159.51998901367188	123.4000015258789
6946	180.1599884033203	155.67999267578125	124.20000457763672
6947	184.63999938964844	148.0	124.8000030517578
6948	186.0800018310547	154.72000122070312	123.4000015258789
6949	188.1599884033203	160.3199920654297	123.0
6950	186.239990234375	160.8000030517578	127.0
6951	189.75999450683597	150.87998962402344	124.8000030517578
6952	190.239990234375	165.1199951171875	124.4000015258789
6953	189.59999084472656	154.87998962402344	127.0
6954	192.63999938964844	160.63999938964844	124.4000015258789
6955	192.3199920654297	157.59999084472656	126.5999984741211
6956	193.44000244140625	154.72000122070312	123.5999984741211
6957	193.27999877929688	146.72000122070312	124.5999984741211
6958	198.239990234375	160.0	125.20000457763672
6959	198.3999938964844	163.67999267578125	125.20000457763672
6960	198.55999755859372	152.95999145507812	127.5999984741211
6961	203.83999633789062	155.51998901367188	123.8000030517578
6962	203.51998901367188	151.51998901367188	125.0
6963	204.47999572753903	170.39999389648438	125.8000030517578
6964	209.27999877929688	157.1199951171875	129.19999694824222
6965	209.44000244140625	164.63999938964844	127.8000030517578
6966	216.0	164.47999572753906	123.0
6967	114.72000122070312	171.51998901367188	122.20000457763672
6968	117.75999450683594	185.59999084472656	122.0
6969	123.5199966430664	173.27999877929688	125.20000457763672
6970	126.07999420166016	178.0800018310547	124.0
6971	136.0	172.3199920654297	127.20000457763672
6972	145.27999877929688	168.16000366210938	124.5999984741211
6973	148.3199920654297	173.27999877929688	123.0
6974	154.55999755859375	179.1999969482422	122.0
6975	156.16000366210938	175.83999633789062	126.20000457763672
6976	158.239990234375	168.95999145507812	126.0
6977	159.1999969482422	178.87998962402344	125.0
6978	161.75999450683594	184.1599884033203	124.0
6979	164.63999938964844	171.67999267578125	125.20000457763672
6980	166.239990234375	181.27999877929688	125.4000015258789
6981	167.36000061035156	178.239990234375	124.5999984741211
6982	169.75999450683594	167.83999633789062	125.5999984741211
6983	170.0800018310547	185.1199951171875	124.8000030517578
6984	172.95999145507812	170.239990234375	125.20000457763672
6985	171.36000061035156	176.3199920654297	126.8000030517578
6986	173.9199981689453	185.59999084472656	124.5999984741211
6987	175.67999267578125	175.51998901367188	124.20000457763672
6988	175.1999969482422	182.55999755859372	123.5999984741211
6989	179.1999969482422	171.83999633789062	124.4000015258789
6990	177.27999877929688	166.39999389648438	127.20000457763672
6991	177.1199951171875	180.3199920654297	126.4000015258789
6992	180.1599884033203	176.0	125.20000457763672
6993	180.8000030517578	183.1999969482422	126.0
6994	183.3600006103516	170.239990234375	126.4000015258789
6995	184.47999572753903	177.44000244140625	126.8000030517578
6996	186.0800018310547	166.0800018310547	127.20000457763672
6997	185.59999084472656	173.44000244140625	128.0
6998	188.1599884033203	181.1199951171875	124.20000457763672
6999	189.9199981689453	168.95999145507812	125.8000030517578
7000	192.8000030517578	178.87998962402344	126.0
7001	194.3999938964844	176.8000030517578	122.8000030517578
7002	196.3199920654297	181.9199981689453	124.5999984741211
7003	196.1599884033203	168.47999572753906	125.4000015258789
7004	196.3199920654297	173.9199981689453	126.8000030517578
7005	200.1599884033203	177.59999084472656	124.4000015258789
7006	200.47999572753903	167.36000061035156	123.0
7007	202.0800018310547	166.87998962402344	126.5999984741211
7008	204.63999938964844	185.1199951171875	125.8000030517578
7009	208.0	181.44000244140625	124.0
7010	205.9199981689453	172.47999572753906	128.60000610351562
7011	213.27999877929688	171.67999267578125	125.0
7012	132.31999206542972	192.63999938964844	126.4000015258789
7013	131.36000061035156	192.9599914550781	122.5999984741211
7014	134.87998962402344	188.9599914550781	126.0
7015	138.08000183105472	196.3199920654297	127.20000457763672
7016	139.67999267578122	189.9199981689453	125.8000030517578
7017	139.52000427246094	202.239990234375	123.4000015258789
7018	146.55999755859375	205.9199981689453	124.0
7019	155.51998901367188	198.0800018310547	127.8000030517578
7020	164.0	187.0399932861328	124.20000457763672
7021	170.55999755859375	190.3999938964844	124.4000015258789
7022	175.36000061035156	203.1999969482422	125.8000030517578
7023	173.27999877929688	192.3199920654297	121.0
7024	177.44000244140625	189.27999877929688	125.0
7025	190.55999755859372	188.47999572753903	126.0
7026	188.3199920654297	200.63999938964844	122.5999984741211
7027	185.27999877929688	183.1999969482422	127.8000030517578
7028	196.0	194.3999938964844	128.80000305175778
7029	126.07999420166016	103.1999969482422	130.40000915527344
7030	129.59999084472656	97.5999984741211	132.0
7031	131.19999694824222	101.27999877929688	131.19999694824222
7032	135.83999633789062	94.55999755859376	131.80000305175778
7033	134.39999389648438	103.5199966430664	128.0
7034	137.27999877929688	100.47999572753906	130.40000915527344
7035	136.16000366210938	104.31999969482422	132.19999694824222
7036	141.27999877929688	100.0	131.19999694824222
7037	144.0	101.5999984741211	128.80000305175778
7038	140.47999572753906	103.1999969482422	132.40000915527344
7039	147.52000427246094	100.79999542236328	129.60000610351562
7040	152.47999572753906	93.43999481201172	132.19999694824222
7041	151.1999969482422	100.0	131.0
7042	155.1999969482422	99.83999633789062	129.19999694824222
7043	155.51998901367188	104.79999542236328	129.60000610351562
7044	159.36000061035156	92.15999603271484	131.80000305175778
7045	160.8000030517578	96.63999938964844	128.60000610351562
7046	165.1199951171875	91.36000061035156	130.60000610351562
7047	173.27999877929688	99.5199966430664	128.60000610351562
7048	110.07999420166016	121.43999481201172	132.19999694824222
7049	113.5999984741211	120.31999969482422	130.40000915527344
7050	116.0	113.91999816894531	132.40000915527344
7051	117.75999450683594	117.27999877929688	130.40000915527344
7052	119.68000030517578	121.43999481201172	132.0
7053	119.1999969482422	120.79999542236328	127.5999984741211
7054	120.15999603271484	125.1199951171875	127.8000030517578
7055	121.43999481201172	110.07999420166016	130.0
7056	122.39999389648438	118.39999389648438	128.40000915527344
7057	123.04000091552734	106.87999725341795	128.80000305175778
7058	126.7199935913086	111.36000061035156	128.60000610351562
7059	125.5999984741211	122.07999420166016	127.4000015258789
7060	126.7199935913086	115.04000091552734	131.60000610351562
7061	124.95999908447266	121.1199951171875	132.19999694824222
7062	129.59999084472656	116.15999603271484	129.0
7063	126.39999389648438	107.04000091552734	131.60000610351562
7064	129.59999084472656	105.27999877929688	127.5999984741211
7065	127.5199966430664	126.55999755859376	130.80000305175778
7066	131.03999328613278	111.83999633789062	131.19999694824222
7067	134.239990234375	111.5199966430664	129.60000610351562
7068	134.55999755859378	107.83999633789062	129.19999694824222
7069	133.75999450683594	118.07999420166016	131.60000610351562
7070	133.91999816894528	122.39999389648438	128.19999694824222
7071	139.52000427246094	106.87999725341795	131.19999694824222
7072	144.3199920654297	108.0	128.80000305175778
7073	147.67999267578125	109.43999481201172	131.40000915527344
7074	151.0399932861328	110.72000122070312	130.80000305175778
7075	153.1199951171875	103.68000030517578	132.60000610351562
7076	153.44000244140625	108.15999603271484	129.60000610351562
7077	157.9199981689453	122.7199935913086	130.0
7078	155.83999633789062	126.87999725341795	128.80000305175778
7079	159.0399932861328	116.95999908447266	130.0
7080	163.83999633789062	122.55999755859376	129.0
7081	163.83999633789062	115.36000061035156	131.40000915527344
7082	166.239990234375	120.47999572753906	131.80000305175778
7083	167.1999969482422	118.23999786376952	129.19999694824222
7084	168.8000030517578	122.39999389648438	128.40000915527344
7085	168.8000030517578	110.72000122070312	129.0
7086	169.75999450683594	115.68000030517578	132.40000915527344
7087	171.83999633789062	114.07999420166016	128.19999694824222
7088	172.0	119.83999633789062	132.40000915527344
7089	172.47999572753906	124.31999969482422	132.60000610351562
7090	175.83999633789062	123.83999633789062	130.80000305175778
7091	175.51998901367188	115.36000061035156	128.19999694824222
7092	176.0	119.36000061035156	131.0
7093	190.87998962402344	112.63999938964844	132.60000610351562
7094	106.23999786376952	135.03999328613278	127.0
7095	106.07999420166016	128.63999938964844	131.60000610351562
7096	107.5199966430664	136.80000305175778	131.60000610351562
7097	109.1199951171875	131.19999694824222	129.19999694824222
7098	111.68000030517578	142.39999389648438	129.19999694824222
7099	110.39999389648438	140.0	130.80000305175778
7100	110.07999420166016	130.239990234375	132.60000610351562
7101	110.23999786376952	134.08000183105472	131.80000305175778
7102	114.55999755859376	125.43999481201172	130.60000610351562
7103	113.75999450683594	145.27999877929688	127.5999984741211
7104	115.5199966430664	130.39999389648438	128.40000915527344
7105	115.36000061035156	139.67999267578122	129.0
7106	120.31999969482422	125.75999450683594	132.0
7107	119.83999633789062	130.87998962402344	131.0
7108	121.27999877929688	142.72000122070312	131.40000915527344
7109	131.52000427246094	126.55999755859376	130.40000915527344
7110	133.91999816894528	146.0800018310547	130.0
7111	152.16000366210938	134.87998962402344	131.40000915527344
7112	160.47999572753906	144.47999572753906	129.80000305175778
7113	161.44000244140625	127.1999969482422	129.60000610351562
7114	165.27999877929688	129.75999450683594	127.20000457763672
7115	166.72000122070312	134.239990234375	128.80000305175778
7116	166.72000122070312	127.83999633789062	130.0
7117	166.39999389648438	145.1199951171875	128.80000305175778
7118	172.3199920654297	132.16000366210938	130.19999694824222
7119	173.1199951171875	127.04000091552734	127.0
7120	175.67999267578125	129.44000244140622	129.40000915527344
7121	176.95999145507812	142.0800018310547	129.0
7122	179.0399932861328	133.44000244140622	131.80000305175778
7123	181.27999877929688	142.87998962402344	128.0
7124	187.67999267578125	145.59999084472656	129.40000915527344
7125	191.67999267578125	143.1999969482422	129.80000305175778
7126	195.0399932861328	145.1199951171875	127.5999984741211
7127	195.83999633789062	144.3199920654297	132.60000610351562
7128	204.9599914550781	129.59999084472656	130.80000305175778
7129	203.67999267578125	136.95999145507812	134.0
7130	105.27999877929688	164.16000366210938	129.80000305175778
7131	108.0	155.1999969482422	128.19999694824222
7132	108.0	151.1999969482422	132.80000305175778
7133	113.75999450683594	159.83999633789062	128.0
7134	111.04000091552734	148.0	129.19999694824222
7135	113.75999450683594	150.0800018310547	127.4000015258789
7136	111.5199966430664	165.27999877929688	129.40000915527344
7137	113.5999984741211	149.27999877929688	131.80000305175778
7138	117.27999877929688	146.72000122070312	131.80000305175778
7139	119.04000091552734	149.9199981689453	129.80000305175778
7140	123.1999969482422	145.9199981689453	130.19999694824222
7141	129.44000244140622	152.8000030517578	130.19999694824222
7142	129.59999084472656	157.1199951171875	129.80000305175778
7143	132.0	163.51998901367188	131.19999694824222
7144	130.55999755859378	148.0	130.80000305175778
7145	134.08000183105472	160.16000366210938	129.19999694824222
7146	134.08000183105472	167.1999969482422	130.40000915527344
7147	134.08000183105472	154.39999389648438	130.19999694824222
7148	133.44000244140622	151.0399932861328	132.40000915527344
7149	136.80000305175778	148.8000030517578	129.0
7150	137.75999450683594	166.239990234375	132.80000305175778
7151	138.72000122070312	166.39999389648438	127.5999984741211
7152	139.36000061035156	159.51998901367188	131.60000610351562
7153	139.67999267578122	155.1999969482422	131.80000305175778
7154	139.67999267578122	162.72000122070312	129.0
7155	138.72000122070312	152.0	131.80000305175778
7156	143.0399932861328	153.1199951171875	128.40000915527344
7157	143.0399932861328	158.72000122070312	127.5999984741211
7158	149.59999084472656	167.0399932861328	129.40000915527344
7159	155.51998901367188	156.63999938964844	127.4000015258789
7160	156.16000366210938	151.36000061035156	130.19999694824222
7161	160.3199920654297	149.75999450683594	128.40000915527344
7162	160.95999145507812	146.0800018310547	134.0
7163	160.3199920654297	164.3199920654297	129.60000610351562
7164	164.8000030517578	149.1199951171875	131.40000915527344
7165	166.72000122070312	153.75999450683594	129.40000915527344
7166	163.83999633789062	166.55999755859375	129.19999694824222
7167	163.51998901367188	160.3199920654297	132.0
7168	169.59999084472656	163.67999267578125	129.0
7169	172.3199920654297	151.67999267578125	128.60000610351562
7170	171.51998901367188	166.239990234375	132.60000610351562
7171	176.0	145.27999877929688	132.0
7172	176.63999938964844	152.47999572753906	130.19999694824222
7173	177.1199951171875	156.0	129.0
7174	180.8000030517578	157.75999450683594	127.8000030517578
7175	181.9199981689453	161.1199951171875	131.40000915527344
7176	182.72000122070312	148.47999572753906	131.80000305175778
7177	183.1999969482422	150.72000122070312	128.0
7178	182.72000122070312	161.9199981689453	126.8000030517578
7179	183.1999969482422	153.59999084472656	131.0
7180	187.83999633789062	158.87998962402344	131.19999694824222
7181	187.0399932861328	152.0	128.60000610351562
7182	190.87998962402344	147.52000427246094	129.19999694824222
7183	190.72000122070312	164.8000030517578	129.80000305175778
7184	193.27999877929688	153.9199981689453	130.40000915527344
7185	197.1199951171875	156.16000366210938	129.80000305175778
7186	195.67999267578125	159.1999969482422	131.19999694824222
7187	195.83999633789062	163.67999267578125	129.19999694824222
7188	197.59999084472656	147.83999633789062	126.20000457763672
7189	201.44000244140625	156.16000366210938	129.19999694824222
7190	113.91999816894531	172.3199920654297	129.80000305175778
7191	134.55999755859378	168.47999572753906	127.5999984741211
7192	147.83999633789062	168.95999145507812	127.0
7193	155.83999633789062	172.0	130.40000915527344
7194	164.0	184.47999572753903	127.5999984741211
7195	162.239990234375	170.87998962402344	127.5999984741211
7196	161.1199951171875	177.1199951171875	129.0
7197	166.0800018310547	179.83999633789062	128.80000305175778
7198	165.75999450683594	171.36000061035156	132.19999694824222
7199	165.59999084472656	176.16000366210938	131.40000915527344
7200	168.95999145507812	169.27999877929688	129.19999694824222
7201	167.67999267578125	174.55999755859375	128.19999694824222
7202	168.3199920654297	186.87998962402344	127.20000457763672
7203	169.9199981689453	172.0	131.60000610351562
7204	170.87998962402344	183.3600006103516	129.0
7205	173.59999084472656	166.72000122070312	127.5999984741211
7206	172.63999938964844	179.36000061035156	131.40000915527344
7207	174.72000122070312	178.39999389648438	128.0
7208	174.87998962402344	184.63999938964844	129.80000305175778
7209	177.1199951171875	167.0399932861328	131.0
7210	176.47999572753906	170.87998962402344	130.80000305175778
7211	178.239990234375	172.63999938964844	128.40000915527344
7212	177.59999084472656	181.27999877929688	131.19999694824222
7213	181.27999877929688	175.83999633789062	130.60000610351562
7214	181.59999084472656	181.1199951171875	130.80000305175778
7215	181.27999877929688	168.95999145507812	131.60000610351562
7216	183.1999969482422	172.3199920654297	132.80000305175778
7217	188.1599884033203	166.39999389648438	133.0
7218	194.0800018310547	180.8000030517578	130.40000915527344
7219	192.63999938964844	175.51998901367188	129.60000610351562
7220	194.87998962402344	168.0	129.40000915527344
7221	198.0800018310547	176.63999938964844	129.0
7222	203.83999633789062	180.8000030517578	128.19999694824222
7223	203.67999267578125	175.1999969482422	133.60000610351562
7224	204.0	184.0	132.40000915527344
7225	205.9199981689453	173.27999877929688	132.0
7226	210.239990234375	176.8000030517578	130.40000915527344
7227	144.16000366210938	200.47999572753903	127.20000457763672
7228	176.16000366210938	191.67999267578125	131.80000305175778
7229	175.0399932861328	188.63999938964844	129.40000915527344
7230	176.3199920654297	196.0	130.0
7231	177.59999084472656	201.27999877929688	130.80000305175778
7232	188.8000030517578	192.47999572753903	127.20000457763672
7233	184.63999938964844	193.1199951171875	134.60000610351562
7234	191.67999267578125	189.59999084472656	132.19999694824222
7235	196.9599914550781	186.55999755859372	131.60000610351562
7236	122.39999389648438	104.95999908447266	134.60000610351562
7237	131.83999633789062	100.63999938964844	136.40000915527344
7238	129.1199951171875	103.83999633789062	134.60000610351562
7239	132.95999145507812	97.1199951171875	137.40000915527344
7240	137.91999816894528	98.23999786376952	136.19999694824222
7241	138.239990234375	102.07999420166016	135.40000915527344
7242	140.47999572753906	95.04000091552734	136.40000915527344
7243	146.239990234375	98.23999786376952	136.0
7244	144.3199920654297	95.04000091552734	137.40000915527344
7245	145.9199981689453	101.75999450683594	133.40000915527344
7246	150.239990234375	90.55999755859376	136.0
7247	149.59999084472656	100.47999572753906	136.40000915527344
7248	164.0	104.79999542236328	132.80000305175778
7249	177.1199951171875	95.68000030517578	141.40000915527344
7250	184.47999572753903	105.91999816894531	135.40000915527344
7251	108.79999542236328	124.47999572753906	135.0
7252	109.1199951171875	120.31999969482422	137.0
7253	112.15999603271484	118.07999420166016	134.19999694824222
7254	113.1199951171875	124.63999938964844	136.80000305175778
7255	113.43999481201172	117.75999450683594	137.80000305175778
7256	116.63999938964844	118.87999725341795	134.40000915527344
7257	117.1199951171875	122.7199935913086	135.80000305175778
7258	119.5199966430664	109.43999481201172	134.60000610351562
7259	122.23999786376952	113.1199951171875	133.0
7260	121.75999450683594	117.91999816894531	134.19999694824222
7261	124.63999938964844	107.5199966430664	136.80000305175778
7262	126.07999420166016	111.1999969482422	134.0
7263	125.27999877929688	118.87999725341795	137.0
7264	126.87999725341795	122.7199935913086	136.40000915527344
7265	128.47999572753906	114.23999786376952	136.0
7266	125.1199951171875	124.95999908447266	132.80000305175778
7267	128.95999145507812	118.23999786376952	134.80000305175778
7268	129.27999877929688	108.15999603271484	135.80000305175778
7269	130.08000183105472	107.5199966430664	132.19999694824222
7270	131.03999328613278	115.83999633789062	132.60000610351562
7271	132.63999938964844	122.07999420166016	136.60000610351562
7272	134.39999389648438	120.95999908447266	133.60000610351562
7273	133.91999816894528	107.83999633789062	136.0
7274	134.39999389648438	112.47999572753906	136.80000305175778
7275	136.16000366210938	109.91999816894531	134.19999694824222
7276	141.75999450683594	104.63999938964844	137.0
7277	143.83999633789062	107.1999969482422	136.80000305175778
7278	145.1199951171875	105.1199951171875	133.40000915527344
7279	148.8000030517578	104.95999908447266	135.40000915527344
7280	148.95999145507812	112.31999969482422	138.80000305175778
7281	150.72000122070312	110.87999725341795	135.0
7282	152.0	107.5199966430664	136.80000305175778
7283	151.67999267578125	121.27999877929688	134.40000915527344
7284	150.72000122070312	115.36000061035156	136.40000915527344
7285	160.0	120.79999542236328	131.80000305175778
7286	168.3199920654297	123.68000030517578	132.40000915527344
7287	176.8000030517578	108.79999542236328	133.80000305175778
7288	184.9599914550781	109.1199951171875	132.60000610351562
7289	196.3199920654297	122.39999389648438	132.0
7290	194.3999938964844	121.75999450683594	137.40000915527344
7291	198.87998962402344	126.07999420166016	136.19999694824222
7292	199.1999969482422	120.31999969482422	135.40000915527344
7293	108.47999572753906	137.27999877929688	137.0
7294	111.83999633789062	126.39999389648438	133.0
7295	111.5199966430664	138.72000122070312	134.80000305175778
7296	113.27999877929688	143.1999969482422	133.0
7297	114.39999389648438	129.1199951171875	135.60000610351562
7298	113.75999450683594	135.67999267578122	133.19999694824222
7299	115.68000030517578	139.03999328613278	133.80000305175778
7300	116.0	132.63999938964844	133.0
7301	118.87999725341795	141.44000244140625	135.40000915527344
7302	118.7199935913086	129.91999816894528	134.80000305175778
7303	125.5999984741211	144.3199920654297	136.80000305175778
7304	128.16000366210938	126.23999786376952	136.40000915527344
7305	132.16000366210938	125.91999816894531	134.40000915527344
7306	136.80000305175778	138.72000122070312	133.40000915527344
7307	157.75999450683594	143.36000061035156	135.80000305175778
7308	171.51998901367188	128.95999145507812	133.0
7309	174.0800018310547	128.63999938964844	135.80000305175778
7310	202.0800018310547	124.79999542236328	138.19999694824222
7311	114.07999420166016	145.75999450683594	138.60000610351562
7312	112.0	167.1999969482422	140.60000610351562
7313	124.0	161.75999450683594	135.0
7314	129.91999816894528	152.3199920654297	134.60000610351562
7315	130.87998962402344	159.83999633789062	133.0
7316	132.63999938964844	156.95999145507812	136.0
7317	135.67999267578122	157.75999450683594	133.19999694824222
7318	134.72000122070312	163.67999267578125	134.0
7319	134.55999755859378	153.75999450683594	136.19999694824222
7320	144.47999572753906	153.75999450683594	136.40000915527344
7321	161.44000244140625	168.63999938964844	131.80000305175778
7322	163.67999267578125	147.0399932861328	135.60000610351562
7323	165.1199951171875	165.9199981689453	132.40000915527344
7324	171.0399932861328	165.9199981689453	134.60000610351562
7325	172.95999145507812	148.0	134.19999694824222
7326	177.44000244140625	149.75999450683594	132.19999694824222
7327	175.1999969482422	165.27999877929688	135.0
7328	177.44000244140625	152.8000030517578	135.40000915527344
7329	178.239990234375	157.27999877929688	132.19999694824222
7330	179.0399932861328	160.0	134.80000305175778
7331	181.59999084472656	148.63999938964844	135.19999694824222
7332	184.0	157.59999084472656	134.40000915527344
7333	185.44000244140625	164.16000366210938	134.60000610351562
7334	186.72000122070312	151.36000061035156	132.40000915527344
7335	189.44000244140625	150.72000122070312	134.40000915527344
7336	188.9599914550781	155.36000061035156	133.0
7337	192.3199920654297	161.75999450683594	134.19999694824222
7338	191.67999267578125	149.9199981689453	133.40000915527344
7339	194.87998962402344	149.44000244140625	131.40000915527344
7340	195.83999633789062	165.27999877929688	133.19999694824222
7341	199.67999267578125	163.83999633789062	135.60000610351562
7342	206.55999755859372	151.1999969482422	137.0
7343	206.87998962402344	165.44000244140625	135.0
7344	115.5199966430664	169.27999877929688	138.60000610351562
7345	126.55999755859376	183.67999267578125	134.40000915527344
7346	120.63999938964844	179.51998901367188	136.19999694824222
7347	160.47999572753906	173.27999877929688	138.19999694824222
7348	163.1999969482422	171.36000061035156	134.80000305175778
7349	161.59999084472656	181.27999877929688	135.19999694824222
7350	170.55999755859375	178.87998962402344	136.0
7351	169.1199951171875	169.1199951171875	134.80000305175778
7352	170.0800018310547	181.9199981689453	133.19999694824222
7353	172.0	175.51998901367188	133.40000915527344
7354	174.55999755859375	169.1199951171875	133.60000610351562
7355	178.87998962402344	169.44000244140625	135.60000610351562
7356	180.0	173.9199981689453	135.19999694824222
7357	180.47999572753903	180.9599914550781	133.60000610351562
7358	187.51998901367188	183.1999969482422	135.19999694824222
7359	192.8000030517578	180.63999938964844	134.0
7360	188.9599914550781	173.75999450683594	133.19999694824222
7361	192.47999572753903	173.75999450683594	135.40000915527344
7362	199.3600006103516	171.36000061035156	131.80000305175778
7363	196.9599914550781	173.44000244140625	134.60000610351562
7364	202.239990234375	180.9599914550781	134.19999694824222
7365	202.87998962402344	177.27999877929688	137.40000915527344
7366	130.72000122070312	188.0	133.40000915527344
7367	142.39999389648438	197.1199951171875	136.80000305175778
7368	141.9199981689453	190.87998962402344	134.80000305175778
7369	149.75999450683594	198.72000122070312	136.60000610351562
7370	182.3999938964844	187.83999633789062	136.40000915527344
7371	188.1599884033203	189.59999084472656	135.60000610351562
7372	193.1199951171875	186.3999938964844	139.40000915527344
7373	152.0	78.72000122070312	139.40000915527344
7374	157.27999877929688	82.23999786376953	142.1999969482422
7375	159.51998901367188	76.95999908447266	139.19999694824222
7376	164.16000366210938	74.55999755859375	141.1999969482422
7377	194.239990234375	83.04000091552734	140.60000610351562
7378	121.75999450683594	103.04000091552734	137.80000305175778
7379	125.1199951171875	99.04000091552734	138.60000610351562
7380	127.5199966430664	95.83999633789062	140.40000915527344
7381	127.1999969482422	103.36000061035156	140.0
7382	129.44000244140622	90.23999786376952	140.19999694824222
7383	132.31999206542972	103.68000030517578	139.40000915527344
7384	129.59999084472656	99.5199966430664	141.60000610351562
7385	132.95999145507812	96.63999938964844	142.1999969482422
7386	134.55999755859378	100.15999603271484	141.40000915527344
7387	135.36000061035156	92.79999542236328	137.0
7388	136.80000305175778	94.55999755859376	141.1999969482422
7389	136.0	91.04000091552734	141.60000610351562
7390	138.39999389648438	97.5999984741211	140.60000610351562
7391	136.47999572753906	103.36000061035156	139.0
7392	139.67999267578122	102.55999755859376	142.40000915527344
7393	141.1199951171875	95.04000091552734	142.1999969482422
7394	142.55999755859375	99.5199966430664	138.80000305175778
7395	144.95999145507812	94.07999420166016	141.40000915527344
7396	146.0800018310547	101.1199951171875	141.8000030517578
7397	146.0800018310547	82.72000122070312	146.0
7398	149.27999877929688	104.95999908447266	139.80000305175778
7399	148.95999145507812	96.79999542236328	138.0
7400	148.8000030517578	94.55999755859376	141.40000915527344
7401	151.83999633789062	98.87999725341795	141.60000610351562
7402	154.39999389648438	100.79999542236328	138.19999694824222
7403	153.27999877929688	95.83999633789062	139.19999694824222
7404	156.3199920654297	85.5999984741211	139.80000305175778
7405	156.3199920654297	88.63999938964844	141.40000915527344
7406	155.83999633789062	103.83999633789062	139.80000305175778
7407	157.44000244140625	100.31999969482422	140.60000610351562
7408	160.63999938964844	102.55999755859376	138.19999694824222
7409	160.8000030517578	88.15999603271484	140.60000610351562
7410	164.3199920654297	86.23999786376953	140.19999694824222
7411	166.239990234375	96.79999542236328	138.19999694824222
7412	174.39999389648438	91.04000091552734	140.40000915527344
7413	173.1199951171875	97.91999816894531	141.60000610351562
7414	192.8000030517578	89.75999450683594	143.40000915527344
7415	194.239990234375	88.63999938964844	139.40000915527344
7416	199.3600006103516	83.83999633789062	141.8000030517578
7417	104.47999572753906	123.1999969482422	141.8000030517578
7418	107.36000061035156	124.63999938964844	138.40000915527344
7419	108.15999603271484	119.68000030517578	141.1999969482422
7420	110.87999725341795	116.15999603271484	140.8000030517578
7421	117.1199951171875	114.87999725341795	138.80000305175778
7422	113.43999481201172	122.23999786376952	140.19999694824222
7423	115.04000091552734	107.83999633789062	142.60000610351562
7424	118.55999755859376	110.87999725341795	139.40000915527344
7425	118.87999725341795	126.55999755859376	138.60000610351562
7426	120.31999969482422	106.72000122070312	137.60000610351562
7427	118.87999725341795	120.31999969482422	138.60000610351562
7428	119.83999633789062	105.5999984741211	141.40000915527344
7429	122.23999786376952	122.55999755859376	138.40000915527344
7430	123.68000030517578	114.87999725341795	138.0
7431	122.23999786376952	114.55999755859376	144.0
7432	125.43999481201172	111.68000030517578	142.40000915527344
7433	122.55999755859376	121.43999481201172	142.0
7434	124.95999908447266	107.04000091552734	141.60000610351562
7435	127.36000061035156	110.39999389648438	139.19999694824222
7436	126.55999755859376	117.1199951171875	142.1999969482422
7437	128.47999572753906	114.39999389648438	140.8000030517578
7438	130.08000183105472	123.36000061035156	140.8000030517578
7439	129.75999450683594	107.36000061035156	142.1999969482422
7440	132.95999145507812	118.07999420166016	137.80000305175778
7441	132.47999572753906	112.95999908447266	141.0
7442	133.91999816894528	107.68000030517578	140.0
7443	144.16000366210938	105.5999984741211	141.0
7444	146.87998962402344	121.5999984741211	142.8000030517578
7445	150.39999389648438	118.07999420166016	141.0
7446	151.83999633789062	111.68000030517578	141.8000030517578
7447	153.9199981689453	114.72000122070312	141.8000030517578
7448	154.39999389648438	110.07999420166016	139.0
7449	156.95999145507812	116.0	140.19999694824222
7450	157.1199951171875	108.31999969482422	142.0
7451	161.9199981689453	123.68000030517578	141.0
7452	170.0800018310547	106.72000122070312	139.0
7453	168.47999572753906	113.91999816894531	140.8000030517578
7454	179.36000061035156	120.31999969482422	139.19999694824222
7455	194.3999938964844	115.83999633789062	140.8000030517578
7456	102.87999725341795	131.52000427246094	141.40000915527344
7457	104.47999572753906	137.75999450683594	139.0
7458	104.31999969482422	126.87999725341795	138.60000610351562
7459	105.91999816894531	132.95999145507812	137.80000305175778
7460	107.36000061035156	140.95999145507812	138.60000610351562
7461	108.31999969482422	129.44000244140622	139.60000610351562
7462	111.83999633789062	134.55999755859378	138.40000915527344
7463	111.04000091552734	140.8000030517578	138.60000610351562
7464	111.5199966430664	129.75999450683594	139.19999694824222
7465	111.04000091552734	132.80000305175778	141.8000030517578
7466	115.68000030517578	135.83999633789062	137.0
7467	114.87999725341795	127.04000091552734	142.0
7468	112.95999908447266	139.83999633789062	142.0
7469	114.23999786376952	135.36000061035156	141.40000915527344
7470	115.36000061035156	141.9199981689453	138.0
7471	117.75999450683594	139.83999633789062	142.0
7472	118.23999786376952	144.16000366210938	138.40000915527344
7473	120.47999572753906	140.63999938964844	138.80000305175778
7474	124.79999542236328	125.27999877929688	141.8000030517578
7475	129.1199951171875	141.75999450683594	141.40000915527344
7476	129.75999450683594	145.75999450683594	140.60000610351562
7477	132.80000305175778	140.8000030517578	139.60000610351562
7478	135.03999328613278	136.0	138.40000915527344
7479	138.72000122070312	132.0	140.60000610351562
7480	142.39999389648438	127.68000030517578	139.19999694824222
7481	140.47999572753906	133.91999816894528	143.40000915527344
7482	157.59999084472656	144.16000366210938	138.80000305175778
7483	161.1199951171875	141.9199981689453	140.19999694824222
7484	163.67999267578125	144.8000030517578	140.19999694824222
7485	172.95999145507812	142.239990234375	143.0
7486	178.39999389648438	142.55999755859375	141.8000030517578
7487	183.67999267578125	139.83999633789062	141.60000610351562
7488	98.72000122070312	155.83999633789062	144.0
7489	97.91999816894531	161.1199951171875	142.60000610351562
7490	103.83999633789062	160.95999145507812	141.60000610351562
7491	101.5999984741211	148.63999938964844	144.40000915527344
7492	106.23999786376952	150.0800018310547	137.19999694824222
7493	109.1199951171875	144.63999938964844	142.1999969482422
7494	111.68000030517578	162.39999389648438	139.80000305175778
7495	112.15999603271484	151.1999969482422	139.40000915527344
7496	110.87999725341795	148.3199920654297	142.40000915527344
7497	118.07999420166016	157.75999450683594	140.8000030517578
7498	118.23999786376952	150.0800018310547	142.1999969482422
7499	121.1199951171875	147.83999633789062	138.80000305175778
7500	121.43999481201172	145.59999084472656	142.1999969482422
7501	125.27999877929688	152.95999145507812	137.60000610351562
7502	124.63999938964844	147.52000427246094	138.80000305175778
7503	130.87998962402344	152.8000030517578	141.0
7504	127.68000030517578	165.1199951171875	139.60000610351562
7505	134.72000122070312	156.95999145507812	142.0
7506	160.8000030517578	147.83999633789062	138.40000915527344
7507	157.9199981689453	158.239990234375	144.0
7508	159.67999267578125	154.0800018310547	143.40000915527344
7509	163.83999633789062	154.55999755859375	138.80000305175778
7510	162.39999389648438	161.75999450683594	141.1999969482422
7511	165.59999084472656	161.27999877929688	137.40000915527344
7512	167.67999267578125	148.95999145507812	138.60000610351562
7513	168.63999938964844	166.239990234375	141.1999969482422
7514	172.95999145507812	166.55999755859375	139.40000915527344
7515	174.55999755859375	150.55999755859375	138.60000610351562
7516	175.51998901367188	146.39999389648438	141.1999969482422
7517	179.0399932861328	154.87998962402344	139.60000610351562
7518	182.55999755859372	153.27999877929688	135.19999694824222
7519	183.51998901367188	150.87998962402344	140.60000610351562
7520	184.0	158.72000122070312	137.0
7521	188.63999938964844	158.72000122070312	141.8000030517578
7522	194.55999755859372	149.9199981689453	138.0
7523	192.1599884033203	159.0399932861328	136.80000305175778
7524	193.9199981689453	166.239990234375	141.0
7525	200.63999938964844	169.1199951171875	138.19999694824222
7526	203.67999267578125	160.95999145507812	140.0
7527	211.83999633789062	155.83999633789062	139.40000915527344
7528	112.47999572753906	171.0399932861328	143.1999969482422
7529	116.15999603271484	176.3199920654297	141.40000915527344
7530	139.52000427246094	170.239990234375	139.40000915527344
7531	163.67999267578125	170.39999389648438	140.0
7532	167.1999969482422	172.47999572753906	138.0
7533	169.44000244140625	172.16000366210938	141.1999969482422
7534	170.72000122070312	174.39999389648438	138.40000915527344
7535	180.63999938964844	177.9199981689453	140.19999694824222
7536	177.1199951171875	180.1599884033203	136.40000915527344
7537	176.8000030517578	172.63999938964844	141.60000610351562
7538	178.239990234375	181.9199981689453	142.0
7539	184.9599914550781	167.36000061035156	141.40000915527344
7540	189.59999084472656	176.63999938964844	139.60000610351562
7541	186.55999755859372	172.63999938964844	136.80000305175778
7542	188.8000030517578	171.51998901367188	141.8000030517578
7543	195.51998901367188	170.239990234375	139.19999694824222
7544	196.1599884033203	174.39999389648438	142.0
7545	200.8000030517578	178.55999755859375	139.19999694824222
7546	199.3600006103516	186.239990234375	140.19999694824222
7547	208.47999572753903	170.72000122070312	142.0
7548	134.239990234375	190.55999755859372	141.1999969482422
7549	147.0399932861328	193.59999084472656	136.80000305175778
7550	145.75999450683594	197.9199981689453	138.40000915527344
7551	152.63999938964844	198.87998962402344	140.8000030517578
7552	174.39999389648438	199.0399932861328	140.60000610351562
7553	188.3199920654297	53.43999862670898	145.1999969482422
7554	190.87998962402344	62.71999740600586	148.0
7555	138.39999389648438	76.79999542236328	145.8000030517578
7556	143.52000427246094	76.47999572753906	145.0
7557	147.1999969482422	75.36000061035156	142.40000915527344
7558	149.1199951171875	78.87999725341797	142.1999969482422
7559	151.0399932861328	69.1199951171875	145.60000610351562
7560	150.72000122070312	76.0	146.8000030517578
7561	152.95999145507812	81.43999481201172	146.0
7562	154.0800018310547	74.87999725341797	144.1999969482422
7563	155.51998901367188	77.91999816894531	141.60000610351562
7564	156.16000366210938	68.95999908447266	145.0
7565	159.1999969482422	74.4000015258789	142.40000915527344
7566	158.72000122070312	81.75999450683594	146.0
7567	163.83999633789062	80.31999969482422	141.8000030517578
7568	160.3199920654297	67.36000061035156	146.0
7569	164.16000366210938	68.47999572753906	144.40000915527344
7570	164.3199920654297	78.72000122070312	145.1999969482422
7571	162.55999755859375	85.91999816894531	144.60000610351562
7572	168.47999572753906	82.23999786376953	144.1999969482422
7573	169.75999450683594	80.15999603271484	141.8000030517578
7574	172.0	71.04000091552734	145.8000030517578
7575	174.72000122070312	68.95999908447266	145.0
7576	172.0	82.87999725341797	143.1999969482422
7577	173.75999450683594	76.47999572753906	144.0
7578	177.27999877929688	79.5199966430664	143.0
7579	176.0	84.0	144.1999969482422
7580	178.39999389648438	68.0	145.1999969482422
7581	179.83999633789062	73.43999481201172	145.1999969482422
7582	183.1999969482422	71.5199966430664	141.60000610351562
7583	187.51998901367188	72.15999603271484	145.40000915527344
7584	189.1199951171875	77.27999877929688	148.40000915527344
7585	200.9599914550781	66.55999755859375	144.60000610351562
7586	200.63999938964844	81.5999984741211	145.40000915527344
7587	117.43999481201172	103.1999969482422	144.60000610351562
7588	121.5999984741211	97.27999877929688	145.8000030517578
7589	121.27999877929688	101.43999481201172	142.1999969482422
7590	127.5199966430664	100.31999969482422	145.60000610351562
7591	123.83999633789062	97.43999481201172	142.1999969482422
7592	125.5999984741211	95.1999969482422	145.40000915527344
7593	128.80000305175778	103.68000030517578	144.1999969482422
7594	127.83999633789062	91.1999969482422	145.60000610351562
7595	129.1199951171875	93.5999984741211	142.60000610351562
7596	131.52000427246094	89.27999877929688	146.1999969482422
7597	133.1199951171875	98.07999420166016	146.60000610351562
7598	131.52000427246094	83.19999694824219	146.40000915527344
7599	134.239990234375	94.07999420166016	145.40000915527344
7600	133.75999450683594	104.15999603271484	144.0
7601	136.63999938964844	91.1999969482422	145.60000610351562
7602	137.59999084472656	99.1999969482422	144.8000030517578
7603	142.0800018310547	92.47999572753906	144.8000030517578
7604	146.72000122070312	98.87999725341795	146.8000030517578
7605	146.87998962402344	103.68000030517578	145.8000030517578
7606	144.0	94.87999725341795	148.1999969482422
7607	148.95999145507812	91.68000030517578	144.1999969482422
7608	147.83999633789062	94.23999786376952	147.1999969482422
7609	150.0800018310547	98.23999786376952	145.0
7610	150.0800018310547	102.07999420166016	143.0
7611	151.1999969482422	85.5999984741211	145.40000915527344
7612	154.0800018310547	92.95999908447266	145.60000610351562
7613	154.87998962402344	101.75999450683594	144.0
7614	152.95999145507812	99.1999969482422	147.1999969482422
7615	156.47999572753906	85.1199951171875	145.8000030517578
7616	156.63999938964844	96.95999908447266	143.0
7617	158.55999755859375	88.79999542236328	145.0
7618	159.0399932861328	101.27999877929688	145.40000915527344
7619	161.27999877929688	91.68000030517578	144.0
7620	165.1199951171875	97.43999481201172	145.40000915527344
7621	162.87998962402344	88.95999908447266	147.60000610351562
7622	164.0	83.83999633789062	147.0
7623	165.59999084472656	92.31999969482422	144.60000610351562
7624	167.83999633789062	86.87999725341797	144.0
7625	169.59999084472656	93.27999877929688	146.8000030517578
7626	169.59999084472656	90.55999755859376	143.60000610351562
7627	172.16000366210938	88.31999969482422	142.40000915527344
7628	172.63999938964844	86.4000015258789	145.1999969482422
7629	172.47999572753906	90.23999786376952	147.0
7630	175.83999633789062	100.79999542236328	144.0
7631	179.0399932861328	100.0	145.60000610351562
7632	178.0800018310547	95.36000061035156	146.40000915527344
7633	178.87998962402344	89.5999984741211	147.60000610351562
7634	181.1199951171875	91.68000030517578	145.60000610351562
7635	183.83999633789062	94.55999755859376	146.60000610351562
7636	190.0800018310547	97.75999450683594	144.60000610351562
7637	196.0	97.43999481201172	145.40000915527344
7638	210.0800018310547	89.5999984741211	145.60000610351562
7639	212.63999938964844	95.68000030517578	146.60000610351562
7640	103.68000030517578	121.43999481201172	145.40000915527344
7641	107.36000061035156	115.5199966430664	144.0
7642	107.83999633789062	123.83999633789062	146.60000610351562
7643	110.87999725341795	120.31999969482422	146.60000610351562
7644	110.72000122070312	123.36000061035156	143.40000915527344
7645	111.83999633789062	110.87999725341795	145.1999969482422
7646	114.23999786376952	120.47999572753906	144.0
7647	115.1999969482422	108.63999938964844	146.40000915527344
7648	114.87999725341795	114.72000122070312	144.0
7649	119.5199966430664	110.39999389648438	143.1999969482422
7650	118.7199935913086	118.07999420166016	142.60000610351562
7651	118.39999389648438	121.91999816894531	146.1999969482422
7652	122.87999725341795	104.0	147.40000915527344
7653	123.68000030517578	108.95999908447266	145.60000610351562
7654	125.1199951171875	118.87999725341795	146.60000610351562
7655	126.55999755859376	122.87999725341795	145.0
7656	129.1199951171875	111.36000061035156	143.8000030517578
7657	129.44000244140622	113.91999816894531	147.1999969482422
7658	131.03999328613278	117.43999481201172	144.1999969482422
7659	130.39999389648438	106.87999725341795	147.1999969482422
7660	145.44000244140625	121.5999984741211	146.1999969482422
7661	146.87998962402344	110.55999755859376	142.8000030517578
7662	148.47999572753906	115.04000091552734	144.8000030517578
7663	149.9199981689453	119.36000061035156	145.8000030517578
7664	151.1999969482422	106.23999786376952	143.8000030517578
7665	153.9199981689453	108.47999572753906	147.0
7666	153.1199951171875	116.79999542236328	146.40000915527344
7667	156.63999938964844	112.15999603271484	145.1999969482422
7668	159.0399932861328	104.95999908447266	144.1999969482422
7669	163.83999633789062	126.23999786376952	146.0
7670	170.0800018310547	122.7199935913086	142.60000610351562
7671	172.3199920654297	105.27999877929688	145.60000610351562
7672	178.239990234375	103.5199966430664	142.0
7673	178.72000122070312	123.04000091552734	145.8000030517578
7674	181.75999450683597	122.23999786376952	143.40000915527344
7675	181.44000244140625	113.1199951171875	149.0
7676	184.63999938964844	124.95999908447266	144.60000610351562
7677	207.51998901367188	109.5999984741211	147.60000610351562
7678	93.1199951171875	141.75999450683594	146.40000915527344
7679	98.72000122070312	131.19999694824222	143.0
7680	100.79999542236328	126.23999786376952	146.1999969482422
7681	101.27999877929688	135.67999267578122	146.8000030517578
7682	102.72000122070312	132.16000366210938	146.40000915527344
7683	103.83999633789062	126.87999725341795	144.60000610351562
7684	104.79999542236328	135.83999633789062	144.40000915527344
7685	105.91999816894531	143.52000427246094	144.8000030517578
7686	108.0	139.52000427246094	143.0
7687	105.91999816894531	126.7199935913086	147.1999969482422
7688	106.72000122070312	132.95999145507812	142.1999969482422
7689	105.43999481201172	139.52000427246094	147.1999969482422
7690	106.72000122070312	128.0	142.40000915527344
7691	107.1999969482422	134.239990234375	146.40000915527344
7692	109.1199951171875	135.83999633789062	144.1999969482422
7693	113.75999450683594	127.1999969482422	145.8000030517578
7694	114.87999725341795	142.87998962402344	145.0
7695	118.87999725341795	139.83999633789062	147.40000915527344
7696	120.31999969482422	125.75999450683594	142.8000030517578
7697	121.27999877929688	140.95999145507812	143.40000915527344
7698	126.07999420166016	144.16000366210938	143.1999969482422
7699	128.16000366210938	142.0800018310547	145.8000030517578
7700	131.19999694824222	139.19999694824222	143.60000610351562
7701	132.47999572753906	142.72000122070312	145.60000610351562
7702	154.55999755859375	141.27999877929688	145.1999969482422
7703	156.0	144.8000030517578	143.40000915527344
7704	160.16000366210938	141.44000244140625	145.60000610351562
7705	163.0399932861328	138.08000183105472	144.40000915527344
7706	160.95999145507812	145.1199951171875	145.1999969482422
7707	164.95999145507812	147.36000061035156	145.1999969482422
7708	169.27999877929688	144.16000366210938	143.60000610351562
7709	169.75999450683594	137.91999816894528	144.1999969482422
7710	175.0399932861328	126.39999389648438	145.40000915527344
7711	173.44000244140625	128.80000305175778	146.60000610351562
7712	179.51998901367188	140.16000366210938	146.40000915527344
7713	180.63999938964844	126.7199935913086	144.8000030517578
7714	179.36000061035156	136.47999572753906	147.40000915527344
7715	178.239990234375	128.47999572753906	147.1999969482422
7716	186.239990234375	140.0	145.40000915527344
7717	209.59999084472656	144.47999572753906	143.60000610351562
7718	93.5999984741211	155.1999969482422	145.60000610351562
7719	96.31999969482422	157.9199981689453	146.40000915527344
7720	99.1999969482422	161.59999084472656	146.60000610351562
7721	101.43999481201172	163.51998901367188	143.8000030517578
7722	100.95999908447266	155.1999969482422	147.0
7723	108.15999603271484	160.16000366210938	143.60000610351562
7724	103.83999633789062	159.83999633789062	147.1999969482422
7725	104.95999908447266	154.72000122070312	146.40000915527344
7726	106.87999725341795	164.47999572753906	147.0
7727	110.23999786376952	149.59999084472656	147.0
7728	107.36000061035156	154.39999389648438	148.8000030517578
7729	110.07999420166016	166.0800018310547	144.8000030517578
7730	113.1199951171875	162.87998962402344	146.0
7731	115.1999969482422	150.55999755859375	144.40000915527344
7732	116.47999572753906	145.59999084472656	142.8000030517578
7733	120.15999603271484	158.39999389648438	147.1999969482422
7734	119.04000091552734	151.67999267578125	146.0
7735	119.36000061035156	144.47999572753906	147.0
7736	124.63999938964844	161.9199981689453	141.8000030517578
7737	122.39999389648438	149.59999084472656	143.1999969482422
7738	123.5199966430664	163.36000061035156	145.1999969482422
7739	123.83999633789062	149.9199981689453	147.40000915527344
7740	126.87999725341795	148.3199920654297	144.60000610351562
7741	130.08000183105472	145.9199981689453	147.40000915527344
7742	140.63999938964844	156.0	144.8000030517578
7743	140.63999938964844	164.47999572753906	142.40000915527344
7744	152.0	153.27999877929688	146.0
7745	155.0399932861328	166.72000122070312	147.40000915527344
7746	159.0399932861328	165.27999877929688	143.0
7747	159.83999633789062	149.9199981689453	142.60000610351562
7748	161.1199951171875	162.39999389648438	145.1999969482422
7749	169.9199981689453	161.9199981689453	143.1999969482422
7750	179.0399932861328	162.72000122070312	146.60000610351562
7751	185.59999084472656	147.83999633789062	142.60000610351562
7752	188.9599914550781	148.0	146.8000030517578
7753	189.1199951171875	160.0	146.60000610351562
7754	194.239990234375	152.47999572753906	142.60000610351562
7755	91.5199966430664	174.0800018310547	144.40000915527344
7756	90.07999420166016	185.1199951171875	145.8000030517578
7757	101.5999984741211	166.87998962402344	145.0
7758	103.1999969482422	175.0399932861328	144.60000610351562
7759	100.95999908447266	173.75999450683594	146.60000610351562
7760	112.15999603271484	167.83999633789062	147.40000915527344
7761	117.1199951171875	183.67999267578125	144.40000915527344
7762	123.04000091552734	171.36000061035156	143.8000030517578
7763	122.39999389648438	181.27999877929688	144.8000030517578
7764	135.67999267578122	178.0800018310547	142.0
7765	138.239990234375	179.36000061035156	145.40000915527344
7766	136.0	185.59999084472656	144.40000915527344
7767	139.19999694824222	182.87998962402344	144.40000915527344
7768	140.0	176.8000030517578	143.60000610351562
7769	139.83999633789062	173.1199951171875	142.8000030517578
7770	144.3199920654297	178.0800018310547	147.8000030517578
7771	161.59999084472656	171.51998901367188	145.40000915527344
7772	166.72000122070312	177.44000244140625	141.8000030517578
7773	167.1999969482422	178.87998962402344	146.60000610351562
7774	168.8000030517578	167.51998901367188	146.60000610351562
7775	174.239990234375	167.0399932861328	145.40000915527344
7776	174.55999755859375	168.47999572753906	142.60000610351562
7777	179.1999969482422	167.83999633789062	145.40000915527344
7778	184.9599914550781	180.1599884033203	145.1999969482422
7779	184.47999572753903	177.1199951171875	142.60000610351562
7780	185.44000244140625	168.3199920654297	145.40000915527344
7781	189.9199981689453	177.9199981689453	143.60000610351562
7782	191.3600006103516	179.51998901367188	146.1999969482422
7783	201.44000244140625	181.59999084472656	143.1999969482422
7784	205.1199951171875	176.47999572753906	143.40000915527344
7785	102.07999420166016	197.1199951171875	144.1999969482422
7786	108.31999969482422	190.55999755859372	144.1999969482422
7787	107.83999633789062	195.51998901367188	142.60000610351562
7788	119.68000030517578	188.63999938964844	145.0
7789	143.52000427246094	195.51998901367188	143.0
7790	145.27999877929688	198.55999755859372	145.60000610351562
7791	179.0399932861328	45.91999816894531	151.0
7792	179.51998901367188	52.959999084472656	151.40000915527344
7793	182.0800018310547	55.68000030517578	148.0
7794	181.9199981689453	47.52000045776367	148.0
7795	185.59999084472656	49.599998474121094	154.40000915527344
7796	192.63999938964844	57.43999862670898	147.60000610351562
7797	195.0399932861328	51.68000030517578	149.1999969482422
7798	196.1599884033203	54.71999740600586	147.60000610351562
7799	196.3199920654297	62.39999771118164	149.0
7800	198.55999755859372	56.959999084472656	149.60000610351562
7801	202.0800018310547	50.07999801635742	149.8000030517578
7802	230.55999755859372	58.71999740600586	149.1999969482422
7803	135.19999694824222	77.27999877929688	148.8000030517578
7804	148.3199920654297	69.43999481201172	151.60000610351562
7805	147.0399932861328	83.5199966430664	151.0
7806	152.3199920654297	72.0	148.0
7807	154.239990234375	74.72000122070312	151.60000610351562
7808	158.39999389648438	77.1199951171875	147.1999969482422
7809	156.8000030517578	83.68000030517578	149.60000610351562
7810	160.0	64.79999542236328	150.60000610351562
7811	161.27999877929688	77.43999481201172	150.1999969482422
7812	162.55999755859375	79.36000061035156	148.1999969482422
7813	162.55999755859375	67.51999664306639	150.60000610351562
7814	164.47999572753906	74.4000015258789	149.8000030517578
7815	166.0800018310547	79.68000030517578	150.1999969482422
7816	169.9199981689453	67.83999633789061	152.0
7817	167.36000061035156	71.04000091552734	147.1999969482422
7818	169.27999877929688	82.55999755859375	149.0
7819	169.59999084472656	76.63999938964844	146.60000610351562
7820	169.27999877929688	75.83999633789062	150.8000030517578
7821	171.51998901367188	79.5199966430664	147.0
7822	174.0800018310547	80.0	151.1999969482422
7823	174.87998962402344	74.72000122070312	147.1999969482422
7824	173.75999450683594	84.79999542236328	148.8000030517578
7825	176.47999572753906	72.31999969482422	151.1999969482422
7826	176.3199920654297	78.72000122070312	148.0
7827	175.67999267578125	66.23999786376953	150.60000610351562
7828	178.239990234375	72.95999908447266	147.60000610351562
7829	178.55999755859375	67.68000030517578	148.8000030517578
7830	183.83999633789062	75.36000061035156	149.1999969482422
7831	187.83999633789062	70.87999725341797	150.8000030517578
7832	192.0	83.04000091552734	147.8000030517578
7833	192.8000030517578	69.76000213623047	148.1999969482422
7834	192.1599884033203	66.87999725341797	149.60000610351562
7835	192.9599914550781	81.43999481201172	152.0
7836	195.51998901367188	78.55999755859375	152.8000030517578
7837	201.44000244140625	81.1199951171875	150.40000915527344
7838	203.83999633789062	83.36000061035156	148.40000915527344
7839	205.1199951171875	78.87999725341797	151.8000030517578
7840	216.3199920654297	81.91999816894531	150.0
7841	219.83999633789062	79.68000030517578	149.1999969482422
7842	222.55999755859372	69.27999877929689	147.60000610351562
7843	224.0	73.43999481201172	149.60000610351562
7844	116.0	102.23999786376952	147.60000610351562
7845	117.75999450683594	100.15999603271484	148.60000610351562
7846	115.1999969482422	98.23999786376952	152.0
7847	121.5999984741211	92.15999603271484	150.1999969482422
7848	123.5199966430664	96.0	148.8000030517578
7849	122.07999420166016	96.0	154.60000610351562
7850	123.04000091552734	99.1999969482422	152.40000915527344
7851	124.47999572753906	100.63999938964844	148.60000610351562
7852	126.87999725341795	84.63999938964844	156.0
7853	128.80000305175778	90.87999725341795	149.8000030517578
7854	125.91999816894531	94.07999420166016	151.60000610351562
7855	128.31999206542972	97.5999984741211	150.8000030517578
7856	127.83999633789062	94.4000015258789	148.8000030517578
7857	130.239990234375	100.79999542236328	148.40000915527344
7858	132.47999572753906	92.79999542236328	148.8000030517578
7859	137.91999816894528	95.83999633789062	147.1999969482422
7860	143.52000427246094	91.36000061035156	148.1999969482422
7861	144.3199920654297	89.75999450683594	151.60000610351562
7862	146.39999389648438	97.43999481201172	151.8000030517578
7863	146.55999755859375	93.5999984741211	152.1999969482422
7864	148.63999938964844	101.75999450683594	149.0
7865	150.239990234375	92.15999603271484	149.8000030517578
7866	153.27999877929688	85.27999877929688	149.8000030517578
7867	153.27999877929688	103.1999969482422	148.0
7868	156.16000366210938	95.83999633789062	150.40000915527344
7869	153.9199981689453	92.15999603271484	149.60000610351562
7870	158.55999755859375	91.04000091552734	148.40000915527344
7871	157.75999450683594	98.07999420166016	147.40000915527344
7872	158.39999389648438	102.87999725341795	149.60000610351562
7873	161.75999450683594	93.1199951171875	150.0
7874	161.75999450683594	84.63999938964844	151.1999969482422
7875	163.1999969482422	100.31999969482422	149.40000915527344
7876	166.39999389648438	93.75999450683594	149.60000610351562
7877	166.72000122070312	90.07999420166016	150.0
7878	168.16000366210938	86.4000015258789	148.40000915527344
7879	171.67999267578125	87.36000061035156	150.8000030517578
7880	173.27999877929688	97.43999481201172	147.8000030517578
7881	176.3199920654297	90.55999755859376	151.1999969482422
7882	177.59999084472656	95.36000061035156	150.1999969482422
7883	177.1199951171875	92.31999969482422	147.40000915527344
7884	182.0800018310547	95.36000061035156	151.40000915527344
7885	181.1199951171875	96.47999572753906	146.8000030517578
7886	197.27999877929688	104.63999938964844	149.40000915527344
7887	200.8000030517578	101.5999984741211	149.60000610351562
7888	202.0800018310547	90.23999786376952	149.0
7889	206.72000122070312	97.75999450683594	147.40000915527344
7890	205.44000244140625	97.75999450683594	150.40000915527344
7891	205.75999450683597	103.5199966430664	148.40000915527344
7892	210.55999755859372	92.0	151.1999969482422
7893	213.59999084472656	91.04000091552734	148.8000030517578
7894	219.51998901367188	84.95999908447266	149.1999969482422
7895	102.55999755859376	118.23999786376952	150.60000610351562
7896	104.31999969482422	122.07999420166016	149.60000610351562
7897	107.36000061035156	120.0	148.40000915527344
7898	108.15999603271484	112.31999969482422	146.60000610351562
7899	108.0	114.23999786376952	149.1999969482422
7900	110.87999725341795	113.91999816894531	151.0
7901	112.15999603271484	105.5999984741211	149.40000915527344
7902	112.47999572753906	108.47999572753906	152.1999969482422
7903	114.72000122070312	112.95999908447266	149.0
7904	114.72000122070312	120.47999572753906	150.8000030517578
7905	116.0	124.31999969482422	148.0
7906	116.15999603271484	105.91999816894531	150.1999969482422
7907	118.07999420166016	115.36000061035156	147.40000915527344
7908	119.5199966430664	110.07999420166016	149.0
7909	120.63999938964844	115.1999969482422	150.0
7910	121.1199951171875	120.31999969482422	150.0
7911	119.68000030517578	123.83999633789062	148.60000610351562
7912	122.55999755859376	106.23999786376952	150.60000610351562
7913	122.07999420166016	112.0	151.40000915527344
7914	125.5999984741211	111.1999969482422	148.60000610351562
7915	126.55999755859376	115.68000030517578	149.40000915527344
7916	127.68000030517578	105.43999481201172	149.1999969482422
7917	143.52000427246094	120.63999938964844	149.8000030517578
7918	145.27999877929688	116.31999969482422	150.0
7919	146.87998962402344	114.39999389648438	147.8000030517578
7920	147.67999267578125	109.75999450683594	147.40000915527344
7921	152.16000366210938	117.43999481201172	150.1999969482422
7922	152.0	110.07999420166016	151.0
7923	152.0	105.43999481201172	150.40000915527344
7924	157.1199951171875	111.36000061035156	148.60000610351562
7925	155.67999267578125	113.91999816894531	150.8000030517578
7926	159.51998901367188	106.87999725341795	148.40000915527344
7927	158.239990234375	106.87999725341795	151.60000610351562
7928	180.1599884033203	122.07999420166016	149.0
7929	184.0	121.91999816894531	150.8000030517578
7930	188.3199920654297	123.04000091552734	148.1999969482422
7931	197.27999877929688	116.95999908447266	149.60000610351562
7932	203.1999969482422	106.23999786376952	148.0
7933	196.47999572753903	107.04000091552734	146.40000915527344
7934	202.72000122070312	108.47999572753906	149.60000610351562
7935	197.75999450683597	120.15999603271484	152.1999969482422
7936	208.1599884033203	104.31999969482422	151.40000915527344
7937	211.0399932861328	112.79999542236328	152.0
7938	91.1999969482422	144.0	150.40000915527344
7939	93.91999816894531	132.47999572753906	151.0
7940	99.1999969482422	130.55999755859378	147.40000915527344
7941	100.47999572753906	124.79999542236328	150.1999969482422
7942	103.83999633789062	136.95999145507812	150.1999969482422
7943	104.31999969482422	143.0399932861328	149.8000030517578
7944	105.75999450683594	131.52000427246094	148.8000030517578
7945	108.15999603271484	124.31999969482422	153.40000915527344
7946	109.27999877929688	135.19999694824222	150.0
7947	108.31999969482422	143.83999633789062	148.8000030517578
7948	109.5999984741211	139.52000427246094	149.0
7949	109.5999984741211	126.87999725341795	150.40000915527344
7950	109.27999877929688	130.55999755859378	147.1999969482422
7951	113.43999481201172	144.16000366210938	148.40000915527344
7952	112.63999938964844	137.59999084472656	151.40000915527344
7953	116.31999969482422	147.36000061035156	148.1999969482422
7954	117.5999984741211	138.72000122070312	151.8000030517578
7955	121.5999984741211	141.1199951171875	150.8000030517578
7956	123.1999969482422	144.3199920654297	149.1999969482422
7957	125.43999481201172	140.8000030517578	148.8000030517578
7958	130.55999755859378	140.31999206542972	148.60000610351562
7959	131.36000061035156	136.63999938964844	148.60000610351562
7960	129.75999450683594	134.08000183105472	152.60000610351562
7961	136.31999206542972	126.07999420166016	150.40000915527344
7962	136.95999145507812	139.36000061035156	151.40000915527344
7963	139.19999694824222	131.36000061035156	152.40000915527344
7964	141.27999877929688	146.55999755859375	150.1999969482422
7965	146.0800018310547	131.83999633789062	149.1999969482422
7966	150.55999755859375	140.63999938964844	149.1999969482422
7967	151.1999969482422	133.91999816894528	149.8000030517578
7968	152.0	146.0800018310547	149.0
7969	159.0399932861328	131.67999267578122	148.8000030517578
7970	159.83999633789062	145.44000244140625	149.40000915527344
7971	162.72000122070312	130.08000183105472	149.0
7972	169.27999877929688	143.36000061035156	150.40000915527344
7973	165.27999877929688	146.55999755859375	148.60000610351562
7974	172.95999145507812	142.239990234375	148.60000610351562
7975	175.0399932861328	140.31999206542972	151.8000030517578
7976	179.0399932861328	126.07999420166016	150.8000030517578
7977	179.36000061035156	142.72000122070312	148.60000610351562
7978	183.51998901367188	142.55999755859375	150.8000030517578
7979	181.9199981689453	146.55999755859375	147.8000030517578
7980	187.67999267578125	132.47999572753906	150.40000915527344
7981	194.0800018310547	127.04000091552734	150.60000610351562
7982	202.3999938964844	130.239990234375	148.8000030517578
7983	88.15999603271484	160.8000030517578	148.1999969482422
7984	87.5199966430664	152.3199920654297	149.8000030517578
7985	90.23999786376952	155.36000061035156	148.8000030517578
7986	90.07999420166016	163.51998901367188	150.1999969482422
7987	89.1199951171875	149.44000244140625	150.60000610351562
7988	89.27999877929688	158.0800018310547	151.40000915527344
7989	89.27999877929688	166.39999389648438	147.1999969482422
7990	95.04000091552734	160.0	150.0
7991	96.95999908447266	148.95999145507812	154.40000915527344
7992	98.55999755859376	153.1199951171875	150.8000030517578
7993	101.27999877929688	151.51998901367188	148.1999969482422
7994	101.43999481201172	161.75999450683594	150.40000915527344
7995	106.87999725341795	158.239990234375	148.8000030517578
7996	103.1999969482422	152.8000030517578	152.60000610351562
7997	107.1999969482422	148.16000366210938	149.60000610351562
7998	109.5999984741211	162.39999389648438	148.60000610351562
7999	110.39999389648438	151.0399932861328	151.40000915527344
8000	111.36000061035156	158.0800018310547	148.60000610351562
8001	114.39999389648438	161.44000244140625	150.40000915527344
8002	113.5999984741211	151.83999633789062	148.8000030517578
8003	117.43999481201172	151.83999633789062	150.60000610351562
8004	122.39999389648438	151.83999633789062	150.40000915527344
8005	118.07999420166016	168.8000030517578	147.0
8006	126.23999786376952	154.239990234375	151.40000915527344
8007	127.1999969482422	148.63999938964844	149.8000030517578
8008	146.72000122070312	165.59999084472656	152.8000030517578
8009	160.3199920654297	153.59999084472656	151.0
8010	158.0800018310547	158.55999755859375	150.8000030517578
8011	161.59999084472656	150.72000122070312	147.8000030517578
8012	161.75999450683594	157.59999084472656	148.0
8013	160.16000366210938	164.47999572753906	150.0
8014	167.67999267578125	161.9199981689453	148.1999969482422
8015	173.27999877929688	163.83999633789062	147.60000610351562
8016	176.8000030517578	158.87998962402344	150.8000030517578
8017	180.0	157.9199981689453	147.1999969482422
8018	183.0399932861328	152.47999572753906	148.8000030517578
8019	182.0800018310547	147.83999633789062	152.1999969482422
8020	193.1199951171875	163.83999633789062	149.60000610351562
8021	196.1599884033203	152.63999938964844	150.40000915527344
8022	208.79998779296875	160.63999938964844	148.8000030517578
8023	84.95999908447266	169.9199981689453	150.60000610351562
8024	86.4000015258789	178.55999755859375	148.40000915527344
8025	89.27999877929688	180.8000030517578	148.1999969482422
8026	90.4000015258789	172.95999145507812	148.60000610351562
8027	85.75999450683594	181.75999450683597	150.8000030517578
8028	91.5199966430664	176.16000366210938	150.60000610351562
8029	91.68000030517578	179.51998901367188	150.8000030517578
8030	93.27999877929688	168.63999938964844	149.0
8031	93.5999984741211	179.36000061035156	147.60000610351562
8032	96.63999938964844	165.59999084472656	147.1999969482422
8033	96.47999572753906	173.44000244140625	147.40000915527344
8034	93.1199951171875	187.83999633789062	148.0
8035	97.1199951171875	176.16000366210938	150.1999969482422
8036	98.87999725341795	167.36000061035156	150.60000610351562
8037	100.15999603271484	180.3199920654297	149.0
8038	100.31999969482422	172.3199920654297	152.0
8039	103.04000091552734	170.87998962402344	149.60000610351562
8040	100.47999572753906	178.0800018310547	152.40000915527344
8041	106.87999725341795	169.59999084472656	148.1999969482422
8042	110.72000122070312	176.16000366210938	147.8000030517578
8043	111.68000030517578	178.87998962402344	146.8000030517578
8044	109.1199951171875	168.0	151.0
8045	111.36000061035156	173.1199951171875	149.40000915527344
8046	114.55999755859376	180.8000030517578	147.8000030517578
8047	112.31999969482422	165.9199981689453	151.60000610351562
8048	114.72000122070312	175.36000061035156	147.8000030517578
8049	116.47999572753906	178.0800018310547	148.40000915527344
8050	112.79999542236328	175.51998901367188	153.0
8051	116.79999542236328	177.59999084472656	151.0
8052	119.68000030517578	173.44000244140625	147.8000030517578
8053	135.19999694824222	173.9199981689453	150.0
8054	134.87998962402344	179.67999267578125	148.0
8055	139.19999694824222	180.9599914550781	148.40000915527344
8056	142.239990234375	184.9599914550781	146.8000030517578
8057	142.239990234375	180.63999938964844	149.60000610351562
8058	155.36000061035156	175.1999969482422	152.1999969482422
8059	164.3199920654297	163.36000061035156	151.1999969482422
8060	172.16000366210938	180.63999938964844	148.0
8061	189.44000244140625	173.44000244140625	149.1999969482422
8062	188.63999938964844	184.0	151.8000030517578
8063	196.47999572753903	171.1999969482422	152.0
8064	200.63999938964844	177.27999877929688	151.60000610351562
8065	71.83999633789062	193.44000244140625	149.40000915527344
8066	75.19999694824219	188.3199920654297	149.8000030517578
8067	79.19999694824219	200.1599884033203	150.40000915527344
8068	82.08000183105469	193.75999450683597	150.1999969482422
8069	85.91999816894531	195.51998901367188	151.1999969482422
8070	88.79999542236328	189.9199981689453	149.8000030517578
8071	98.55999755859376	203.1999969482422	149.60000610351562
8072	105.1199951171875	190.87998962402344	149.1999969482422
8073	103.04000091552734	205.59999084472656	149.8000030517578
8074	105.91999816894531	198.55999755859372	149.40000915527344
8075	104.0	201.27999877929688	150.8000030517578
8076	116.31999969482422	194.72000122070312	148.0
8077	122.07999420166016	197.1199951171875	149.1999969482422
8078	130.08000183105472	195.67999267578125	151.0
8079	130.87998962402344	196.3199920654297	148.1999969482422
8080	147.36000061035156	197.59999084472656	153.1999969482422
8081	172.8000030517578	189.27999877929688	152.0
8082	179.1999969482422	196.63999938964844	151.60000610351562
8083	108.63999938964844	217.44000244140625	150.60000610351562
8084	182.72000122070312	46.55999755859375	156.1999969482422
8085	186.72000122070312	32.15999984741211	151.60000610351562
8086	151.83999633789062	65.1199951171875	152.40000915527344
8087	160.0	62.39999771118164	154.1999969482422
8088	163.51998901367188	61.599998474121094	155.8000030517578
8089	182.3999938964844	47.52000045776367	153.0
8090	181.27999877929688	66.72000122070311	153.40000915527344
8091	184.8000030517578	59.19999694824219	158.40000915527344
8092	186.239990234375	65.1199951171875	154.8000030517578
8093	189.59999084472656	63.19999694824219	152.8000030517578
8094	191.0399932861328	55.36000061035156	155.1999969482422
8095	194.0800018310547	59.52000045776367	152.8000030517578
8096	194.72000122070312	50.71999740600586	154.40000915527344
8097	195.3600006103516	56.959999084472656	155.1999969482422
8098	198.72000122070312	49.7599983215332	154.60000610351562
8099	200.8000030517578	54.39999771118164	152.8000030517578
8100	201.59999084472656	45.7599983215332	153.40000915527344
8101	220.47999572753903	63.84000015258789	153.40000915527344
8102	226.239990234375	59.52000045776367	154.40000915527344
8103	228.79998779296875	68.47999572753906	152.1999969482422
8104	129.91999816894528	79.83999633789062	153.0
8105	132.63999938964844	76.63999938964844	155.8000030517578
8106	134.87998962402344	73.91999816894531	158.1999969482422
8107	136.80000305175778	76.0	154.0
8108	143.67999267578125	69.76000213623047	154.40000915527344
8109	153.27999877929688	81.27999877929688	156.1999969482422
8110	155.83999633789062	67.68000030517578	157.40000915527344
8111	156.0	81.91999816894531	153.40000915527344
8112	158.87998962402344	72.47999572753906	154.40000915527344
8113	158.55999755859375	78.87999725341797	154.0
8114	161.44000244140625	83.5199966430664	156.0
8115	162.0800018310547	78.4000015258789	155.40000915527344
8116	164.16000366210938	67.19999694824219	154.8000030517578
8117	165.1199951171875	76.31999969482422	154.1999969482422
8118	167.67999267578125	82.4000015258789	152.40000915527344
8119	168.0	78.4000015258789	155.0
8120	171.67999267578125	71.83999633789062	153.1999969482422
8121	172.95999145507812	75.68000030517578	154.1999969482422
8122	178.72000122070312	75.68000030517578	154.0
8123	177.44000244140625	81.43999481201172	154.1999969482422
8124	178.72000122070312	70.72000122070312	154.1999969482422
8125	183.51998901367188	70.55999755859375	151.8000030517578
8126	197.27999877929688	72.15999603271484	152.40000915527344
8127	198.239990234375	83.68000030517578	154.0
8128	201.9199981689453	76.31999969482422	156.8000030517578
8129	221.75999450683597	79.83999633789062	152.40000915527344
8130	220.3199920654297	84.63999938964844	152.0
8131	225.44000244140625	73.43999481201172	154.8000030517578
8132	113.5999984741211	102.72000122070312	152.0
8133	112.47999572753906	101.43999481201172	156.1999969482422
8134	115.1999969482422	100.79999542236328	154.8000030517578
8135	118.39999389648438	103.5199966430664	153.40000915527344
8136	121.5999984741211	100.79999542236328	156.40000915527344
8137	127.04000091552734	87.83999633789062	152.0
8138	125.91999816894531	89.75999450683594	156.0
8139	126.39999389648438	97.91999816894531	155.8000030517578
8140	127.36000061035156	101.1199951171875	153.1999969482422
8141	126.7199935913086	91.5199966430664	153.60000610351562
8142	130.08000183105472	97.75999450683594	156.0
8143	133.44000244140622	93.91999816894531	156.1999969482422
8144	132.0	88.47999572753906	157.0
8145	131.36000061035156	89.5999984741211	152.40000915527344
8146	132.95999145507812	97.1199951171875	154.0
8147	139.67999267578122	89.75999450683594	154.1999969482422
8148	138.87998962402344	92.95999908447266	155.40000915527344
8149	135.52000427246094	88.47999572753906	159.0
8150	143.36000061035156	98.55999755859376	155.0
8151	141.44000244140625	101.91999816894531	157.1999969482422
8152	144.8000030517578	90.55999755859376	156.40000915527344
8153	148.95999145507812	88.0	154.0
8154	148.0	102.39999389648438	153.40000915527344
8155	149.59999084472656	98.4000015258789	155.0
8156	150.0800018310547	95.5199966430664	157.40000915527344
8157	150.39999389648438	92.31999969482422	154.40000915527344
8158	152.3199920654297	99.36000061035156	151.8000030517578
8159	150.239990234375	84.0	158.60000610351562
8160	153.75999450683594	101.5999984741211	154.8000030517578
8161	155.67999267578125	93.27999877929688	152.8000030517578
8162	156.47999572753906	96.31999969482422	155.60000610351562
8163	157.9199981689453	85.75999450683594	155.40000915527344
8164	157.9199981689453	99.5199966430664	153.1999969482422
8165	159.0399932861328	89.75999450683594	152.8000030517578
8166	161.44000244140625	98.07999420166016	152.60000610351562
8167	163.67999267578125	91.36000061035156	153.60000610351562
8168	165.27999877929688	87.83999633789062	154.40000915527344
8169	168.8000030517578	88.79999542236328	153.60000610351562
8170	170.72000122070312	84.79999542236328	154.60000610351562
8171	171.1999969482422	97.1199951171875	154.60000610351562
8172	170.39999389648438	92.0	156.0
8173	174.72000122070312	88.63999938964844	155.8000030517578
8174	184.47999572753903	99.83999633789062	156.60000610351562
8175	185.9199981689453	103.1999969482422	153.8000030517578
8176	188.8000030517578	87.68000030517578	157.8000030517578
8177	207.0399932861328	104.15999603271484	155.8000030517578
8178	214.3999938964844	96.31999969482422	156.8000030517578
8179	216.3199920654297	99.1999969482422	154.60000610351562
8180	218.239990234375	96.0	152.60000610351562
8181	215.67999267578125	87.5199966430664	157.40000915527344
8182	218.239990234375	96.47999572753906	156.40000915527344
8183	97.27999877929688	124.95999908447266	152.60000610351562
8184	100.0	122.55999755859376	153.60000610351562
8185	101.5999984741211	118.55999755859376	156.0
8186	105.1199951171875	121.1199951171875	154.60000610351562
8187	102.55999755859376	112.79999542236328	155.0
8188	105.5999984741211	111.04000091552734	153.0
8189	107.36000061035156	116.95999908447266	153.1999969482422
8190	106.87999725341795	109.75999450683594	157.40000915527344
8191	109.75999450683594	121.1199951171875	152.0
8192	109.75999450683594	111.36000061035156	154.1999969482422
8193	108.0	107.04000091552734	160.0
8194	109.75999450683594	104.47999572753906	158.0
8195	113.5999984741211	119.5199966430664	155.0
8196	113.75999450683594	105.43999481201172	156.40000915527344
8197	115.04000091552734	115.36000061035156	152.8000030517578
8198	114.39999389648438	111.83999633789062	154.60000610351562
8199	116.47999572753906	108.79999542236328	153.0
8200	117.5999984741211	119.04000091552734	154.60000610351562
8201	121.27999877929688	108.63999938964844	154.1999969482422
8202	124.63999938964844	110.39999389648438	155.0
8203	125.75999450683594	105.1199951171875	153.8000030517578
8204	139.83999633789062	115.83999633789062	156.60000610351562
8205	141.9199981689453	117.43999481201172	153.40000915527344
8206	141.27999877929688	124.95999908447266	154.1999969482422
8207	144.47999572753906	106.39999389648438	152.8000030517578
8208	145.44000244140625	110.72000122070312	153.0
8209	147.83999633789062	106.07999420166016	156.8000030517578
8210	145.59999084472656	116.0	154.1999969482422
8211	148.8000030517578	117.1199951171875	152.60000610351562
8212	149.44000244140625	113.5999984741211	156.40000915527344
8213	152.0	104.95999908447266	154.40000915527344
8214	150.72000122070312	109.5999984741211	156.0
8215	153.1199951171875	113.91999816894531	153.8000030517578
8216	155.67999267578125	108.31999969482422	156.40000915527344
8217	157.75999450683594	107.5199966430664	154.0
8218	165.44000244140625	110.55999755859376	155.8000030517578
8219	168.8000030517578	105.91999816894531	153.8000030517578
8220	171.83999633789062	112.15999603271484	156.0
8221	181.1199951171875	114.23999786376952	153.0
8222	188.0	106.39999389648438	154.8000030517578
8223	182.87998962402344	128.95999145507812	154.60000610351562
8224	194.239990234375	117.75999450683594	155.8000030517578
8225	199.1999969482422	112.63999938964844	152.8000030517578
8226	197.1199951171875	125.5999984741211	155.1999969482422
8227	200.63999938964844	111.5199966430664	156.60000610351562
8228	206.239990234375	109.5999984741211	154.8000030517578
8229	206.87998962402344	116.31999969482422	154.60000610351562
8230	208.47999572753903	123.1999969482422	156.1999969482422
8231	87.5199966430664	146.239990234375	157.1999969482422
8232	88.15999603271484	140.63999938964844	155.40000915527344
8233	88.15999603271484	143.1999969482422	152.1999969482422
8234	90.4000015258789	137.1199951171875	154.0
8235	92.31999969482422	130.08000183105472	155.40000915527344
8236	96.31999969482422	126.23999786376952	158.8000030517578
8237	96.31999969482422	131.52000427246094	157.0
8238	96.95999908447266	128.31999206542972	151.60000610351562
8239	99.5199966430664	130.72000122070312	155.40000915527344
8240	101.75999450683594	128.47999572753906	156.60000610351562
8241	102.55999755859376	125.75999450683594	153.40000915527344
8242	103.04000091552734	130.87998962402344	153.40000915527344
8243	104.63999938964844	146.72000122070312	153.40000915527344
8244	107.5199966430664	144.95999145507812	156.0
8245	106.39999389648438	127.68000030517578	152.8000030517578
8246	107.83999633789062	141.9199981689453	153.1999969482422
8247	108.47999572753906	126.55999755859376	158.60000610351562
8248	109.1199951171875	146.239990234375	153.60000610351562
8249	113.75999450683594	140.0	155.40000915527344
8250	112.63999938964844	146.72000122070312	154.1999969482422
8251	116.0	145.44000244140625	157.0
8252	119.83999633789062	144.47999572753906	154.8000030517578
8253	121.1199951171875	139.03999328613278	154.8000030517578
8254	124.0	142.0800018310547	154.40000915527344
8255	126.7199935913086	137.44000244140622	156.0
8256	124.15999603271484	146.87998962402344	153.0
8257	129.27999877929688	137.59999084472656	153.1999969482422
8258	129.59999084472656	141.75999450683594	152.60000610351562
8259	132.31999206542972	125.5999984741211	155.0
8260	133.44000244140622	132.0	156.60000610351562
8261	133.75999450683594	143.36000061035156	158.0
8262	144.16000366210938	128.0	158.60000610351562
8263	151.36000061035156	145.44000244140625	154.1999969482422
8264	156.63999938964844	134.39999389648438	155.1999969482422
8265	160.3199920654297	137.44000244140622	155.8000030517578
8266	160.8000030517578	144.16000366210938	156.0
8267	161.27999877929688	148.63999938964844	154.1999969482422
8268	170.0800018310547	145.9199981689453	153.1999969482422
8269	176.16000366210938	132.80000305175778	154.40000915527344
8270	175.36000061035156	146.39999389648438	156.60000610351562
8271	180.63999938964844	139.67999267578122	154.0
8272	178.72000122070312	146.239990234375	158.8000030517578
8273	192.1599884033203	125.91999816894531	155.8000030517578
8274	204.79998779296875	134.87998962402344	156.40000915527344
8275	84.0	162.87998962402344	152.8000030517578
8276	87.36000061035156	156.16000366210938	158.40000915527344
8277	87.19999694824219	151.1999969482422	153.40000915527344
8278	95.04000091552734	160.63999938964844	156.8000030517578
8279	93.5999984741211	165.27999877929688	153.1999969482422
8280	98.23999786376952	156.63999938964844	156.40000915527344
8281	99.1999969482422	158.55999755859375	152.8000030517578
8282	97.91999816894531	164.95999145507812	154.0
8283	99.83999633789062	152.63999938964844	154.8000030517578
8284	101.5999984741211	161.44000244140625	156.0
8285	102.72000122070312	165.59999084472656	152.60000610351562
8286	103.5199966430664	157.1199951171875	156.40000915527344
8287	104.47999572753906	159.51998901367188	152.8000030517578
8288	107.68000030517578	150.55999755859375	154.60000610351562
8289	107.1999969482422	155.67999267578125	155.0
8290	107.83999633789062	163.0399932861328	156.0
8291	109.27999877929688	160.63999938964844	153.0
8292	111.68000030517578	157.27999877929688	153.8000030517578
8293	112.31999969482422	152.47999572753906	155.60000610351562
8294	113.75999450683594	162.72000122070312	154.40000915527344
8295	115.83999633789062	148.16000366210938	153.1999969482422
8296	117.91999816894531	156.95999145507812	153.60000610351562
8297	118.23999786376952	151.36000061035156	154.60000610351562
8298	124.0	163.0399932861328	153.60000610351562
8299	122.23999786376952	151.67999267578125	154.8000030517578
8300	128.0	146.0800018310547	153.0
8301	129.1199951171875	161.59999084472656	152.60000610351562
8302	130.239990234375	162.0800018310547	155.8000030517578
8303	136.16000366210938	147.52000427246094	156.1999969482422
8304	147.67999267578125	152.3199920654297	155.60000610351562
8305	149.59999084472656	165.27999877929688	155.40000915527344
8306	153.9199981689453	149.44000244140625	154.1999969482422
8307	155.51998901367188	164.3199920654297	155.40000915527344
8308	160.8000030517578	154.239990234375	154.1999969482422
8309	168.0	159.67999267578125	154.8000030517578
8310	169.44000244140625	161.27999877929688	152.1999969482422
8311	172.95999145507812	160.16000366210938	155.0
8312	180.3199920654297	156.16000366210938	153.40000915527344
8313	183.1999969482422	154.55999755859375	155.8000030517578
8314	183.0399932861328	161.9199981689453	155.40000915527344
8315	187.83999633789062	156.16000366210938	154.8000030517578
8316	193.44000244140625	148.16000366210938	156.0
8317	199.1999969482422	159.0399932861328	156.0
8318	75.83999633789062	187.3600006103516	153.60000610351562
8319	80.0	170.239990234375	153.8000030517578
8320	80.47999572753906	184.1599884033203	155.1999969482422
8321	84.47999572753906	179.51998901367188	154.1999969482422
8322	92.31999969482422	170.72000122070312	158.0
8323	91.5199966430664	178.39999389648438	155.0
8324	87.83999633789062	167.67999267578125	153.60000610351562
8325	93.43999481201172	172.3199920654297	154.1999969482422
8326	91.68000030517578	182.72000122070312	156.40000915527344
8327	96.47999572753906	169.9199981689453	152.40000915527344
8328	95.36000061035156	175.0399932861328	157.8000030517578
8329	94.72000122070312	187.51998901367188	153.0
8330	97.1199951171875	173.27999877929688	154.1999969482422
8331	104.31999969482422	170.239990234375	153.1999969482422
8332	104.0	169.75999450683594	157.0
8333	105.91999816894531	167.0399932861328	155.1999969482422
8334	110.07999420166016	171.0399932861328	156.60000610351562
8335	108.15999603271484	173.44000244140625	153.1999969482422
8336	119.1999969482422	167.0399932861328	154.60000610351562
8337	124.15999603271484	183.3600006103516	154.40000915527344
8338	128.80000305175778	180.63999938964844	152.60000610351562
8339	129.27999877929688	169.9199981689453	155.8000030517578
8340	132.31999206542972	172.3199920654297	156.60000610351562
8341	137.44000244140622	180.47999572753903	154.1999969482422
8342	146.55999755859375	174.39999389648438	156.0
8343	162.0800018310547	172.16000366210938	154.0
8344	170.239990234375	168.3199920654297	153.8000030517578
8345	173.1199951171875	172.47999572753906	152.60000610351562
8346	185.75999450683597	186.239990234375	153.60000610351562
8347	191.1999969482422	176.3199920654297	155.8000030517578
8348	194.87998962402344	178.39999389648438	157.1999969482422
8349	57.43999862670898	189.27999877929688	155.1999969482422
8350	61.599998474121094	191.1999969482422	156.1999969482422
8351	68.79999542236328	190.0800018310547	152.1999969482422
8352	71.5199966430664	186.87998962402344	155.1999969482422
8353	72.95999908447266	200.3199920654297	154.1999969482422
8354	74.55999755859375	205.59999084472656	154.8000030517578
8355	78.08000183105469	197.1199951171875	152.60000610351562
8356	77.43999481201172	201.44000244140625	156.1999969482422
8357	81.5999984741211	190.3999938964844	155.60000610351562
8358	79.83999633789062	198.0800018310547	156.8000030517578
8359	84.95999908447266	197.27999877929688	153.8000030517578
8360	89.5999984741211	192.8000030517578	153.40000915527344
8361	93.43999481201172	197.9199981689453	153.0
8362	96.47999572753906	203.51998901367188	157.0
8363	97.27999877929688	196.63999938964844	155.0
8364	100.0	194.0800018310547	154.0
8365	100.79999542236328	205.44000244140625	153.8000030517578
8366	104.31999969482422	192.8000030517578	152.40000915527344
8367	103.83999633789062	199.67999267578125	154.40000915527344
8368	108.63999938964844	195.51998901367188	156.60000610351562
8369	112.15999603271484	187.0399932861328	156.60000610351562
8370	117.27999877929688	203.1999969482422	153.1999969482422
8371	120.63999938964844	200.0	151.60000610351562
8372	125.43999481201172	205.27999877929688	153.40000915527344
8373	128.95999145507812	197.75999450683597	156.8000030517578
8374	136.31999206542972	204.0	153.40000915527344
8375	136.0	195.67999267578125	154.1999969482422
8376	138.87998962402344	187.3600006103516	153.8000030517578
8377	138.87998962402344	195.51998901367188	157.8000030517578
8378	156.63999938964844	201.1199951171875	152.0
8379	90.87999725341795	219.67999267578125	152.8000030517578
8380	93.27999877929688	226.87998962402344	151.8000030517578
8381	102.39999389648438	220.9599914550781	153.8000030517578
8382	106.72000122070312	215.51998901367188	154.0
8383	107.5199966430664	220.63999938964844	154.60000610351562
8384	126.07999420166016	145.75999450683594	83.80000305175781
8385	115.04000091552734	209.1199951171875	152.60000610351562
8386	119.04000091552734	211.83999633789062	153.0
8387	117.91999816894531	216.47999572753903	154.40000915527344
8388	97.43999481201172	226.72000122070312	157.0
8389	156.95999145507812	62.55999755859375	158.8000030517578
8390	160.8000030517578	61.7599983215332	160.8000030517578
8391	167.0399932861328	63.3599967956543	158.0
8392	182.87998962402344	52.15999984741211	160.1999969482422
8393	189.59999084472656	60.15999984741211	158.0
8394	191.3600006103516	63.19999694824219	159.8000030517578
8395	196.63999938964844	50.55999755859375	157.40000915527344
8396	130.72000122070312	74.4000015258789	162.1999969482422
8397	145.27999877929688	65.76000213623047	159.60000610351562
8398	144.16000366210938	69.76000213623047	158.0
8399	144.3199920654297	77.43999481201172	162.1999969482422
8400	144.95999145507812	82.55999755859375	162.0
8401	168.16000366210938	73.76000213623047	158.0
8402	170.72000122070312	63.68000030517578	159.8000030517578
8403	171.36000061035156	68.0	160.0
8404	173.59999084472656	80.0	161.40000915527344
8405	177.1199951171875	68.0	159.60000610351562
8406	178.55999755859375	72.31999969482422	159.8000030517578
8407	179.0399932861328	85.75999450683594	160.0
8408	183.83999633789062	82.23999786376953	163.40000915527344
8409	198.3999938964844	73.76000213623047	162.60000610351562
8410	201.44000244140625	81.27999877929688	161.8000030517578
8411	203.83999633789062	83.04000091552734	159.0
8412	212.47999572753903	75.68000030517578	158.0
8413	220.1599884033203	71.83999633789062	157.40000915527344
8414	109.43999481201172	100.47999572753906	161.60000610351562
8415	112.95999908447266	97.5999984741211	159.1999969482422
8416	117.91999816894531	93.27999877929688	160.1999969482422
8417	116.79999542236328	100.31999969482422	160.0
8418	116.0	97.1199951171875	162.0
8419	120.47999572753906	96.47999572753906	161.0
8420	120.31999969482422	103.36000061035156	161.0
8421	121.75999450683594	99.83999633789062	161.0
8422	124.79999542236328	87.68000030517578	159.0
8423	124.31999969482422	96.79999542236328	159.60000610351562
8424	125.27999877929688	101.27999877929688	160.60000610351562
8425	127.5199966430664	96.95999908447266	163.0
8426	131.83999633789062	88.47999572753906	162.60000610351562
8427	131.03999328613278	92.15999603271484	161.0
8428	130.239990234375	97.43999481201172	160.1999969482422
8429	137.1199951171875	92.15999603271484	159.0
8430	135.52000427246094	95.5199966430664	160.40000915527344
8431	141.59999084472656	88.0	159.1999969482422
8432	139.67999267578122	96.15999603271484	159.1999969482422
8433	140.16000366210938	100.31999969482422	161.40000915527344
8434	141.9199981689453	91.1999969482422	160.8000030517578
8435	143.36000061035156	94.23999786376952	158.40000915527344
8436	144.8000030517578	100.31999969482422	159.1999969482422
8437	144.63999938964844	97.43999481201172	161.8000030517578
8438	146.87998962402344	86.87999725341797	158.0
8439	145.44000244140625	89.75999450683594	162.0
8440	147.36000061035156	92.31999969482422	159.1999969482422
8441	148.47999572753906	101.75999450683594	159.8000030517578
8442	152.0	100.63999938964844	158.0
8443	152.0	90.55999755859376	161.8000030517578
8444	154.55999755859375	98.72000122070312	161.1999969482422
8445	154.39999389648438	96.0	159.0
8446	153.75999450683594	94.07999420166016	162.1999969482422
8447	156.47999572753906	101.91999816894531	158.8000030517578
8448	165.1199951171875	103.5199966430664	161.40000915527344
8449	167.67999267578125	100.31999969482422	162.0
8450	169.1199951171875	101.91999816894531	159.40000915527344
8451	169.9199981689453	88.95999908447266	161.0
8452	173.1199951171875	94.87999725341795	158.60000610351562
8453	176.63999938964844	102.39999389648438	161.60000610351562
8454	203.67999267578125	90.4000015258789	160.1999969482422
8455	204.79998779296875	86.87999725341797	160.40000915527344
8456	205.9199981689453	102.72000122070312	161.40000915527344
8457	209.9199981689453	101.75999450683594	158.60000610351562
8458	211.51998901367188	92.15999603271484	156.8000030517578
8459	212.79998779296875	102.87999725341795	158.1999969482422
8460	213.59999084472656	98.55999755859376	159.1999969482422
8461	221.1199951171875	90.23999786376952	158.40000915527344
8462	99.5199966430664	119.36000061035156	159.40000915527344
8463	100.47999572753906	127.5199966430664	159.8000030517578
8464	103.68000030517578	109.1199951171875	160.40000915527344
8465	104.15999603271484	124.63999938964844	157.8000030517578
8466	104.63999938964844	120.63999938964844	158.40000915527344
8467	110.23999786376952	119.83999633789062	157.8000030517578
8468	108.79999542236328	113.91999816894531	160.0
8469	107.1999969482422	123.36000061035156	162.40000915527344
8470	112.79999542236328	112.0	159.0
8471	111.36000061035156	118.07999420166016	161.8000030517578
8472	113.27999877929688	107.04000091552734	162.0
8473	116.15999603271484	106.23999786376952	159.40000915527344
8474	117.91999816894531	115.04000091552734	161.8000030517578
8475	118.07999420166016	112.79999542236328	157.8000030517578
8476	118.87999725341795	108.79999542236328	158.40000915527344
8477	123.1999969482422	106.07999420166016	159.0
8478	123.5199966430664	108.79999542236328	161.40000915527344
8479	130.39999389648438	118.07999420166016	162.1999969482422
8480	139.19999694824222	112.95999908447266	159.0
8481	139.83999633789062	109.27999877929688	162.0
8482	142.239990234375	103.83999633789062	162.40000915527344
8483	144.63999938964844	105.1199951171875	159.0
8484	145.44000244140625	112.47999572753906	157.40000915527344
8485	147.52000427246094	108.95999908447266	161.0
8486	152.16000366210938	110.07999420166016	159.60000610351562
8487	148.3199920654297	104.31999969482422	162.40000915527344
8488	153.44000244140625	106.07999420166016	161.8000030517578
8489	155.83999633789062	105.75999450683594	159.40000915527344
8490	168.16000366210938	110.39999389648438	158.1999969482422
8491	169.27999877929688	106.87999725341795	158.0
8492	175.67999267578125	113.43999481201172	157.8000030517578
8493	178.72000122070312	115.5199966430664	160.0
8494	187.67999267578125	113.27999877929688	161.0
8495	195.67999267578125	117.27999877929688	161.60000610351562
8496	202.0800018310547	106.39999389648438	160.0
8497	202.72000122070312	121.1199951171875	159.1999969482422
8498	205.9199981689453	107.5199966430664	159.8000030517578
8499	207.0399932861328	122.23999786376952	162.1999969482422
8500	211.67999267578125	109.91999816894531	161.8000030517578
8501	87.19999694824219	137.27999877929688	159.8000030517578
8502	90.23999786376952	144.16000366210938	160.1999969482422
8503	91.1999969482422	140.95999145507812	159.0
8504	100.95999908447266	132.31999206542972	159.60000610351562
8505	103.36000061035156	140.63999938964844	158.0
8506	106.39999389648438	131.19999694824222	160.60000610351562
8507	104.95999908447266	128.80000305175778	157.1999969482422
8508	108.0	135.03999328613278	160.40000915527344
8509	108.0	139.36000061035156	162.1999969482422
8510	111.04000091552734	142.55999755859375	157.40000915527344
8511	112.0	133.44000244140622	160.0
8512	112.63999938964844	145.59999084472656	160.0
8513	114.39999389648438	136.47999572753906	158.8000030517578
8514	116.63999938964844	137.44000244140622	161.8000030517578
8515	117.75999450683594	143.67999267578125	159.40000915527344
8516	118.55999755859376	142.0800018310547	161.1999969482422
8517	120.15999603271484	137.27999877929688	158.40000915527344
8518	124.31999969482422	145.9199981689453	160.40000915527344
8519	125.91999816894531	133.44000244140622	157.60000610351562
8520	123.04000091552734	142.87998962402344	162.0
8521	125.75999450683594	139.03999328613278	159.0
8522	127.83999633789062	141.9199981689453	157.0
8523	129.75999450683594	139.36000061035156	162.0
8524	132.0	130.55999755859378	161.40000915527344
8525	131.36000061035156	128.47999572753906	165.1999969482422
8526	153.27999877929688	127.1999969482422	160.0
8527	161.75999450683594	132.80000305175778	159.60000610351562
8528	163.36000061035156	129.27999877929688	164.0
8529	168.8000030517578	139.03999328613278	160.0
8530	175.51998901367188	139.36000061035156	158.40000915527344
8531	174.239990234375	128.95999145507812	161.0
8532	183.51998901367188	140.8000030517578	158.40000915527344
8533	181.44000244140625	127.83999633789062	162.40000915527344
8534	187.83999633789062	134.08000183105472	160.0
8535	83.19999694824219	161.9199981689453	158.40000915527344
8536	85.43999481201172	158.39999389648438	161.40000915527344
8537	86.87999725341797	148.3199920654297	161.1999969482422
8538	87.36000061035156	152.3199920654297	160.0
8539	94.55999755859376	164.47999572753906	158.60000610351562
8540	96.95999908447266	153.59999084472656	161.0
8541	95.04000091552734	147.1999969482422	162.60000610351562
8542	97.91999816894531	161.75999450683594	160.40000915527344
8543	99.83999633789062	158.87998962402344	160.40000915527344
8544	102.23999786376952	155.0399932861328	159.40000915527344
8545	98.07999420166016	165.9199981689453	159.8000030517578
8546	102.72000122070312	146.55999755859375	158.40000915527344
8547	101.91999816894531	164.95999145507812	160.8000030517578
8548	104.0	159.67999267578125	161.8000030517578
8549	107.36000061035156	158.39999389648438	159.40000915527344
8550	107.1999969482422	152.0	157.8000030517578
8551	106.23999786376952	164.3199920654297	160.1999969482422
8552	108.63999938964844	152.3199920654297	161.40000915527344
8553	111.5199966430664	160.3199920654297	157.8000030517578
8554	113.27999877929688	150.0800018310547	158.60000610351562
8555	113.91999816894531	161.9199981689453	160.40000915527344
8556	116.15999603271484	153.27999877929688	158.40000915527344
8557	118.87999725341795	149.59999084472656	159.60000610351562
8558	117.43999481201172	146.0800018310547	161.0
8559	116.15999603271484	160.8000030517578	163.40000915527344
8560	119.04000091552734	165.44000244140625	160.1999969482422
8561	122.07999420166016	147.0399932861328	158.0
8562	124.79999542236328	162.72000122070312	157.40000915527344
8563	125.75999450683594	160.63999938964844	161.0
8564	131.03999328613278	162.239990234375	161.0
8565	144.8000030517578	152.0	161.0
8566	80.79999542236328	171.0399932861328	160.0
8567	81.91999816894531	176.63999938964844	160.40000915527344
8568	83.04000091552734	168.95999145507812	158.40000915527344
8569	86.72000122070312	181.75999450683597	157.40000915527344
8570	85.1199951171875	188.0	159.1999969482422
8571	95.83999633789062	169.27999877929688	158.60000610351562
8572	95.83999633789062	182.239990234375	159.60000610351562
8573	98.72000122070312	169.75999450683594	160.0
8574	100.95999908447266	171.67999267578125	157.40000915527344
8575	105.27999877929688	176.8000030517578	158.8000030517578
8576	103.83999633789062	168.3199920654297	160.0
8577	105.43999481201172	176.0	161.60000610351562
8578	108.15999603271484	166.87998962402344	158.1999969482422
8579	114.07999420166016	171.83999633789062	161.8000030517578
8580	114.87999725341795	167.67999267578125	159.0
8581	119.83999633789062	182.0800018310547	158.60000610351562
8582	119.1999969482422	173.9199981689453	162.0
8583	131.03999328613278	179.51998901367188	159.8000030517578
8584	148.63999938964844	173.75999450683594	162.0
8585	191.1999969482422	178.72000122070312	160.8000030517578
8586	67.19999694824219	186.239990234375	159.40000915527344
8587	76.95999908447266	188.8000030517578	160.0
8588	81.91999816894531	197.27999877929688	159.1999969482422
8589	78.4000015258789	194.239990234375	161.40000915527344
8590	86.4000015258789	191.1999969482422	159.0
8591	100.79999542236328	201.9199981689453	159.1999969482422
8592	100.95999908447266	205.9199981689453	160.60000610351562
8593	100.79999542236328	202.55999755859372	161.8000030517578
8594	121.1199951171875	187.83999633789062	159.40000915527344
8595	120.79999542236328	209.44000244140625	158.8000030517578
8596	125.5999984741211	198.72000122070312	160.8000030517578
8597	132.31999206542972	201.9199981689453	157.0
8598	128.80000305175778	205.27999877929688	162.40000915527344
8599	133.44000244140622	198.87998962402344	158.1999969482422
8600	139.67999267578122	204.79998779296875	158.8000030517578
8601	140.16000366210938	201.27999877929688	160.1999969482422
8602	140.8000030517578	197.1199951171875	160.0
8603	70.23999786376953	208.47999572753903	158.0
8604	97.75999450683594	220.47999572753903	162.0
8605	109.75999450683594	221.75999450683597	158.60000610351562
8606	114.55999755859376	220.63999938964844	161.40000915527344
8607	118.39999389648438	212.1599884033203	158.60000610351562
8608	121.27999877929688	217.9199981689453	159.1999969482422
8609	125.1199951171875	213.44000244140625	160.40000915527344
8610	130.239990234375	215.67999267578125	162.60000610351562
8611	164.0	63.03999710083008	166.40000915527344
8612	189.27999877929688	55.36000061035156	164.40000915527344
8613	192.0	60.15999984741211	166.8000030517578
8614	195.83999633789062	56.15999984741211	166.0
8615	125.27999877929688	83.36000061035156	162.40000915527344
8616	126.39999389648438	77.91999816894531	166.1999969482422
8617	142.239990234375	66.40000152587889	165.1999969482422
8618	142.87998962402344	84.95999908447266	170.60000610351562
8619	158.87998962402344	64.15999603271484	166.1999969482422
8620	158.239990234375	75.68000030517578	163.40000915527344
8621	163.67999267578125	67.04000091552734	163.8000030517578
8622	167.51998901367188	70.08000183105469	164.60000610351562
8623	173.27999877929688	68.0	164.0
8624	172.3199920654297	76.0	166.1999969482422
8625	173.1199951171875	65.43999481201172	162.1999969482422
8626	175.83999633789062	71.5199966430664	163.40000915527344
8627	178.0800018310547	74.87999725341797	162.1999969482422
8628	177.59999084472656	70.55999755859375	166.8000030517578
8629	181.27999877929688	65.27999877929689	163.40000915527344
8630	180.3199920654297	69.1199951171875	162.40000915527344
8631	189.1199951171875	75.83999633789062	166.40000915527344
8632	192.3199920654297	68.95999908447266	164.8000030517578
8633	194.239990234375	75.36000061035156	164.8000030517578
8634	201.59999084472656	77.75999450683594	163.0
8635	214.72000122070312	77.27999877929688	164.60000610351562
8636	106.55999755859376	104.63999938964844	163.0
8637	110.87999725341795	99.5199966430664	166.40000915527344
8638	111.83999633789062	103.36000061035156	163.8000030517578
8639	115.5199966430664	97.91999816894531	166.1999969482422
8640	115.36000061035156	89.75999450683594	166.60000610351562
8641	117.91999816894531	93.1199951171875	164.0
8642	116.31999969482422	103.36000061035156	164.0
8643	119.68000030517578	96.47999572753906	165.60000610351562
8644	117.1199951171875	101.75999450683594	167.60000610351562
8645	122.39999389648438	100.63999938964844	165.40000915527344
8646	123.36000061035156	94.87999725341795	164.40000915527344
8647	128.31999206542972	91.83999633789062	165.8000030517578
8648	132.95999145507812	96.15999603271484	164.0
8649	134.08000183105472	98.55999755859376	163.40000915527344
8650	136.47999572753906	92.15999603271484	164.8000030517578
8651	138.55999755859378	88.0	164.0
8652	136.47999572753906	97.91999816894531	167.0
8653	140.63999938964844	97.75999450683594	166.0
8654	137.75999450683594	103.04000091552734	166.60000610351562
8655	140.31999206542972	93.91999816894531	163.60000610351562
8656	139.03999328613278	85.1199951171875	167.60000610351562
8657	145.44000244140625	87.04000091552734	163.8000030517578
8658	143.83999633789062	92.47999572753906	166.8000030517578
8659	146.55999755859375	95.36000061035156	165.40000915527344
8660	148.47999572753906	102.23999786376952	166.60000610351562
8661	148.0	91.68000030517578	164.40000915527344
8662	154.0800018310547	100.31999969482422	165.1999969482422
8663	150.239990234375	96.0	163.0
8664	152.3199920654297	100.79999542236328	167.40000915527344
8665	151.51998901367188	91.68000030517578	166.8000030517578
8666	153.27999877929688	95.04000091552734	166.60000610351562
8667	152.16000366210938	104.31999969482422	165.0
8668	159.83999633789062	102.23999786376952	164.8000030517578
8669	170.87998962402344	99.68000030517578	164.1999969482422
8670	176.0	83.68000030517578	166.60000610351562
8671	179.0399932861328	96.95999908447266	163.60000610351562
8672	182.0800018310547	90.72000122070312	164.0
8673	194.239990234375	84.63999938964844	163.40000915527344
8674	211.51998901367188	87.5199966430664	165.60000610351562
8675	211.3600006103516	104.95999908447266	164.40000915527344
8676	213.59999084472656	94.07999420166016	165.8000030517578
8677	213.59999084472656	105.43999481201172	167.0
8678	218.72000122070312	99.68000030517578	168.1999969482422
8679	94.87999725341795	127.1999969482422	167.8000030517578
8680	96.0	122.23999786376952	162.40000915527344
8681	92.63999938964844	119.04000091552734	167.0
8682	98.23999786376952	118.55999755859376	164.0
8683	96.95999908447266	116.31999969482422	167.1999969482422
8684	98.87999725341795	113.91999816894531	163.8000030517578
8685	103.83999633789062	105.1199951171875	167.1999969482422
8686	101.75999450683594	116.63999938964844	164.40000915527344
8687	105.75999450683594	114.55999755859376	164.0
8688	105.43999481201172	120.15999603271484	166.40000915527344
8689	107.1999969482422	109.27999877929688	165.8000030517578
8690	107.83999633789062	116.31999969482422	167.0
8691	109.43999481201172	105.43999481201172	166.0
8692	111.83999633789062	115.5199966430664	164.8000030517578
8693	112.0	108.0	166.8000030517578
8694	114.39999389648438	114.23999786376952	163.0
8695	118.23999786376952	108.79999542236328	165.8000030517578
8696	121.75999450683594	106.55999755859376	164.40000915527344
8697	125.43999481201172	121.91999816894531	162.1999969482422
8698	134.55999755859378	118.07999420166016	165.8000030517578
8699	138.39999389648438	121.91999816894531	163.0
8700	139.03999328613278	106.55999755859376	164.40000915527344
8701	144.0	106.87999725341795	163.8000030517578
8702	166.55999755859375	107.83999633789062	161.60000610351562
8703	176.0	109.27999877929688	166.8000030517578
8704	190.72000122070312	109.91999816894531	164.1999969482422
8705	198.87998962402344	115.04000091552734	163.60000610351562
8706	200.8000030517578	119.68000030517578	167.1999969482422
8707	204.63999938964844	124.15999603271484	164.60000610351562
8708	211.67999267578125	115.5199966430664	163.0
8709	217.1199951171875	116.95999908447266	164.40000915527344
8710	90.23999786376952	130.239990234375	163.0
8711	88.31999969482422	144.47999572753906	164.40000915527344
8712	97.5999984741211	127.04000091552734	164.60000610351562
8713	101.75999450683594	143.83999633789062	163.60000610351562
8714	104.0	134.39999389648438	164.0
8715	103.83999633789062	139.67999267578122	163.8000030517578
8716	107.36000061035156	127.5199966430664	166.1999969482422
8717	105.91999816894531	144.3199920654297	162.40000915527344
8718	105.43999481201172	139.52000427246094	167.1999969482422
8719	106.39999389648438	146.72000122070312	165.60000610351562
8720	107.04000091552734	132.63999938964844	166.60000610351562
8721	109.43999481201172	128.80000305175778	163.0
8722	111.36000061035156	142.72000122070312	163.40000915527344
8723	112.63999938964844	137.44000244140622	163.1999969482422
8724	112.31999969482422	131.03999328613278	166.60000610351562
8725	114.87999725341795	133.91999816894528	166.0
8726	115.04000091552734	142.39999389648438	163.8000030517578
8727	116.63999938964844	137.27999877929688	165.8000030517578
8728	119.1999969482422	134.08000183105472	163.0
8729	119.04000091552734	144.16000366210938	164.1999969482422
8730	120.47999572753906	138.08000183105472	163.40000915527344
8731	172.63999938964844	136.47999572753906	166.40000915527344
8732	82.4000015258789	158.55999755859375	170.1999969482422
8733	82.4000015258789	161.27999877929688	163.0
8734	82.4000015258789	155.51998901367188	165.60000610351562
8735	83.19999694824219	147.52000427246094	166.8000030517578
8736	89.91999816894531	152.3199920654297	164.40000915527344
8737	94.55999755859376	154.55999755859375	167.40000915527344
8738	97.27999877929688	160.3199920654297	165.1999969482422
8739	105.91999816894531	149.59999084472656	162.8000030517578
8740	103.36000061035156	146.239990234375	167.40000915527344
8741	109.43999481201172	149.9199981689453	164.0
8742	111.1999969482422	147.52000427246094	167.1999969482422
8743	114.23999786376952	151.51998901367188	162.0
8744	117.1199951171875	163.83999633789062	163.40000915527344
8745	117.1199951171875	152.63999938964844	166.60000610351562
8746	121.5999984741211	162.39999389648438	163.40000915527344
8747	140.47999572753906	144.0	167.60000610351562
8748	180.47999572753903	158.55999755859375	165.40000915527344
8749	82.23999786376953	167.67999267578125	163.8000030517578
8750	83.36000061035156	176.3199920654297	165.40000915527344
8751	84.0	172.95999145507812	162.60000610351562
8752	83.19999694824219	182.72000122070312	166.40000915527344
8753	87.83999633789062	182.87998962402344	165.1999969482422
8754	89.5999984741211	179.1999969482422	167.8000030517578
8755	90.07999420166016	166.55999755859375	164.1999969482422
8756	91.68000030517578	168.47999572753906	161.60000610351562
8757	92.95999908447266	183.0399932861328	166.0
8758	96.63999938964844	176.8000030517578	164.60000610351562
8759	104.0	181.1199951171875	163.1999969482422
8760	106.55999755859376	167.36000061035156	164.8000030517578
8761	110.72000122070312	180.0	163.0
8762	116.15999603271484	171.51998901367188	166.1999969482422
8763	127.68000030517578	180.9599914550781	162.1999969482422
8764	168.3199920654297	186.3999938964844	165.0
8765	185.44000244140625	179.83999633789062	165.0
8766	187.3600006103516	171.36000061035156	163.40000915527344
8767	184.9599914550781	174.87998962402344	169.1999969482422
8768	190.55999755859372	173.27999877929688	166.60000610351562
8769	194.3999938964844	168.8000030517578	165.1999969482422
8770	67.83999633789061	188.63999938964844	162.0
8771	71.36000061035156	189.44000244140625	166.60000610351562
8772	71.68000030517578	189.27999877929688	162.0
8773	71.5199966430664	193.9199981689453	167.60000610351562
8774	74.08000183105469	200.63999938964844	162.60000610351562
8775	81.27999877929688	198.239990234375	162.60000610351562
8776	82.4000015258789	194.239990234375	164.0
8777	87.68000030517578	187.1999969482422	164.40000915527344
8778	95.68000030517578	200.47999572753903	166.60000610351562
8779	101.27999877929688	200.1599884033203	167.40000915527344
8780	106.39999389648438	199.83999633789062	166.1999969482422
8781	108.47999572753906	205.1199951171875	164.60000610351562
8782	112.47999572753906	202.3999938964844	166.40000915527344
8783	121.91999816894531	203.0399932861328	163.40000915527344
8784	127.68000030517578	202.0800018310547	163.60000610351562
8785	131.36000061035156	194.0800018310547	163.1999969482422
8786	138.72000122070312	191.51998901367188	164.60000610351562
8787	143.67999267578125	200.63999938964844	166.1999969482422
8788	144.63999938964844	203.51998901367188	164.60000610351562
8789	155.0399932861328	201.1199951171875	165.1999969482422
8790	81.43999481201172	211.67999267578125	162.40000915527344
8791	97.91999816894531	214.3999938964844	166.60000610351562
8792	104.79999542236328	213.1199951171875	165.0
8793	112.31999969482422	221.1199951171875	162.8000030517578
8794	116.15999603271484	216.3199920654297	162.1999969482422
8795	124.31999969482422	209.59999084472656	162.8000030517578
8796	157.75999450683594	205.59999084472656	170.40000915527344
8797	156.16000366210938	60.15999984741211	169.1999969482422
8798	185.9199981689453	61.27999877929688	166.60000610351562
8799	123.36000061035156	83.04000091552734	166.8000030517578
8800	128.16000366210938	76.15999603271484	170.0
8801	134.72000122070312	71.83999633789062	170.1999969482422
8802	141.27999877929688	78.4000015258789	169.1999969482422
8803	143.67999267578125	68.95999908447266	172.60000610351562
8804	150.0800018310547	76.79999542236328	170.8000030517578
8805	147.83999633789062	84.0	171.60000610351562
8806	153.59999084472656	83.5199966430664	169.8000030517578
8807	155.1999969482422	74.23999786376953	168.8000030517578
8808	164.3199920654297	86.23999786376953	168.40000915527344
8809	185.75999450683597	80.63999938964844	168.1999969482422
8810	188.1599884033203	68.47999572753906	171.1999969482422
8811	187.83999633789062	74.23999786376953	169.8000030517578
8812	196.0	79.04000091552734	166.8000030517578
8813	194.55999755859372	68.79999542236328	171.1999969482422
8814	199.83999633789062	71.5199966430664	168.60000610351562
8815	207.0399932861328	78.23999786376953	169.60000610351562
8816	204.9599914550781	81.43999481201172	172.8000030517578
8817	211.67999267578125	80.15999603271484	168.0
8818	213.9199981689453	82.87999725341797	169.60000610351562
8819	218.239990234375	84.95999908447266	168.40000915527344
8820	107.5199966430664	99.68000030517578	167.8000030517578
8821	110.23999786376952	94.4000015258789	171.40000915527344
8822	109.43999481201172	91.5199966430664	172.8000030517578
8823	110.87999725341795	101.91999816894531	170.8000030517578
8824	113.27999877929688	91.68000030517578	169.0
8825	115.68000030517578	97.43999481201172	170.60000610351562
8826	116.95999908447266	86.87999725341797	169.60000610351562
8827	118.39999389648438	90.07999420166016	169.60000610351562
8828	120.15999603271484	100.63999938964844	169.1999969482422
8829	123.1999969482422	96.0	169.40000915527344
8830	127.04000091552734	92.31999969482422	171.0
8831	128.80000305175778	96.47999572753906	173.1999969482422
8832	137.75999450683594	92.0	171.0
8833	140.8000030517578	88.95999908447266	168.8000030517578
8834	141.59999084472656	98.72000122070312	169.60000610351562
8835	143.67999267578125	93.75999450683594	170.8000030517578
8836	143.67999267578125	101.43999481201172	168.40000915527344
8837	147.67999267578125	91.68000030517578	169.40000915527344
8838	148.16000366210938	88.47999572753906	167.1999969482422
8839	146.0800018310547	97.1199951171875	170.40000915527344
8840	147.1999969482422	94.72000122070312	168.8000030517578
8841	156.0	88.0	171.1999969482422
8842	171.1999969482422	98.72000122070312	170.8000030517578
8843	171.67999267578125	94.07999420166016	167.1999969482422
8844	175.83999633789062	98.87999725341795	170.60000610351562
8845	178.72000122070312	93.5999984741211	167.8000030517578
8846	210.87998962402344	84.31999969482422	169.8000030517578
8847	210.72000122070312	99.5199966430664	172.8000030517578
8848	211.1999969482422	88.79999542236328	171.40000915527344
8849	216.3199920654297	96.31999969482422	171.40000915527344
8850	96.63999938964844	120.47999572753906	169.1999969482422
8851	95.68000030517578	112.47999572753906	169.60000610351562
8852	98.07999420166016	108.79999542236328	169.8000030517578
8853	100.79999542236328	116.31999969482422	171.60000610351562
8854	98.4000015258789	124.31999969482422	170.40000915527344
8855	101.1199951171875	119.5199966430664	168.1999969482422
8856	101.27999877929688	114.39999389648438	167.40000915527344
8857	102.72000122070312	107.68000030517578	171.0
8858	104.47999572753906	111.83999633789062	172.1999969482422
8859	108.15999603271484	111.83999633789062	172.1999969482422
8860	110.07999420166016	113.27999877929688	167.40000915527344
8861	116.63999938964844	110.87999725341795	172.8000030517578
8862	113.5999984741211	111.36000061035156	169.40000915527344
8863	117.75999450683594	105.27999877929688	168.0
8864	120.15999603271484	107.36000061035156	170.60000610351562
8865	122.87999725341795	126.7199935913086	171.60000610351562
8866	135.36000061035156	122.23999786376952	170.8000030517578
8867	168.0	120.95999908447266	169.60000610351562
8868	206.0800018310547	107.04000091552734	169.60000610351562
8869	207.1999969482422	116.31999969482422	169.1999969482422
8870	208.3199920654297	121.75999450683594	167.8000030517578
8871	209.27999877929688	118.7199935913086	169.60000610351562
8872	213.9199981689453	113.27999877929688	168.8000030517578
8873	213.27999877929688	124.31999969482422	170.40000915527344
8874	216.63999938964844	106.23999786376952	172.0
8875	86.23999786376953	134.08000183105472	168.60000610351562
8876	89.1199951171875	126.07999420166016	169.40000915527344
8877	90.72000122070312	130.72000122070312	172.0
8878	94.55999755859376	144.63999938964844	171.40000915527344
8879	100.0	145.27999877929688	169.8000030517578
8880	104.63999938964844	135.52000427246094	168.60000610351562
8881	107.04000091552734	138.72000122070312	171.40000915527344
8882	109.1199951171875	125.1199951171875	169.40000915527344
8883	108.63999938964844	139.83999633789062	168.1999969482422
8884	111.36000061035156	137.27999877929688	169.0
8885	112.47999572753906	142.39999389648438	167.8000030517578
8886	108.95999908447266	150.239990234375	172.0
8887	119.36000061035156	136.95999145507812	169.1999969482422
8888	114.55999755859376	129.27999877929688	174.40000915527344
8889	124.95999908447266	134.08000183105472	169.60000610351562
8890	133.44000244140622	139.19999694824222	168.40000915527344
8891	205.27999877929688	130.72000122070312	170.40000915527344
8892	206.55999755859372	140.0	170.60000610351562
8893	210.0800018310547	131.19999694824222	171.0
8894	82.55999755859375	162.55999755859375	168.60000610351562
8895	87.83999633789062	146.55999755859375	170.40000915527344
8896	84.0	151.36000061035156	171.8000030517578
8897	87.5199966430664	153.59999084472656	167.40000915527344
8898	90.23999786376952	154.239990234375	171.40000915527344
8899	92.15999603271484	163.83999633789062	169.40000915527344
8900	103.83999633789062	165.59999084472656	171.60000610351562
8901	103.5199966430664	147.52000427246094	171.1999969482422
8902	105.43999481201172	157.1199951171875	173.0
8903	130.55999755859378	142.239990234375	174.60000610351562
8904	192.0	149.1199951171875	170.40000915527344
8905	190.87998962402344	168.63999938964844	167.40000915527344
8906	193.44000244140625	159.36000061035156	172.1999969482422
8907	204.0	151.67999267578125	170.60000610351562
8908	82.87999725341797	168.47999572753906	168.0
8909	86.72000122070312	177.59999084472656	168.1999969482422
8910	88.0	174.0800018310547	169.1999969482422
8911	89.1199951171875	183.3600006103516	167.60000610351562
8912	90.4000015258789	182.0800018310547	171.40000915527344
8913	93.27999877929688	171.0399932861328	167.40000915527344
8914	96.0	182.55999755859372	171.0
8915	101.5999984741211	179.51998901367188	169.40000915527344
8916	115.1999969482422	175.67999267578125	167.40000915527344
8917	182.72000122070312	177.44000244140625	170.60000610351562
8918	188.63999938964844	173.44000244140625	171.1999969482422
8919	189.59999084472656	169.59999084472656	170.1999969482422
8920	188.1599884033203	163.51998901367188	180.0
8921	77.5999984741211	196.1599884033203	170.8000030517578
8922	79.36000061035156	200.63999938964844	170.8000030517578
8923	88.47999572753906	195.83999633789062	167.8000030517578
8924	90.4000015258789	194.0800018310547	171.8000030517578
8925	92.47999572753906	202.3999938964844	171.8000030517578
8926	94.87999725341795	195.83999633789062	170.0
8927	99.1999969482422	190.55999755859372	168.8000030517578
8928	102.07999420166016	205.1199951171875	168.40000915527344
8929	103.36000061035156	191.83999633789062	171.0
8930	112.47999572753906	198.3999938964844	176.40000915527344
8931	111.5199966430664	206.239990234375	168.40000915527344
8932	124.95999908447266	208.9599914550781	168.1999969482422
8933	126.07999420166016	203.1999969482422	170.0
8934	138.239990234375	202.87998962402344	171.0
8935	139.52000427246094	205.27999877929688	166.8000030517578
8936	161.75999450683594	200.3199920654297	171.0
8937	163.67999267578125	195.3600006103516	176.0
8938	173.59999084472656	194.3999938964844	170.0
8939	173.1199951171875	186.55999755859372	172.1999969482422
8940	86.23999786376953	224.1599884033203	169.40000915527344
8941	93.75999450683594	222.72000122070312	172.40000915527344
8942	100.0	213.1199951171875	170.40000915527344
8943	112.95999908447266	206.0800018310547	173.1999969482422
8944	115.68000030517578	211.3600006103516	169.60000610351562
8945	121.1199951171875	209.9199981689453	172.60000610351562
8946	141.75999450683594	208.47999572753903	171.60000610351562
8947	94.55999755859376	230.239990234375	171.8000030517578
8948	120.63999938964844	81.91999816894531	172.1999969482422
8949	137.91999816894528	72.79999542236328	174.1999969482422
8950	137.44000244140622	82.23999786376953	176.8000030517578
8951	142.0800018310547	73.43999481201172	174.8000030517578
8952	147.0399932861328	72.31999969482422	177.40000915527344
8953	153.27999877929688	66.72000122070311	174.60000610351562
8954	159.36000061035156	71.36000061035156	174.8000030517578
8955	166.87998962402344	66.72000122070311	172.0
8956	183.83999633789062	78.55999755859375	172.40000915527344
8957	198.0800018310547	77.43999481201172	173.1999969482422
8958	192.9599914550781	86.87999725341797	177.40000915527344
8959	198.72000122070312	73.43999481201172	172.0
8960	103.68000030517578	105.43999481201172	177.40000915527344
8961	104.79999542236328	104.31999969482422	173.0
8962	105.1199951171875	98.72000122070312	176.0
8963	108.31999969482422	105.43999481201172	174.8000030517578
8964	113.1199951171875	96.15999603271484	173.1999969482422
8965	108.31999969482422	100.63999938964844	177.60000610351562
8966	111.5199966430664	89.43999481201172	176.0
8967	113.5999984741211	99.68000030517578	174.60000610351562
8968	113.1199951171875	87.83999633789062	172.8000030517578
8969	116.31999969482422	103.36000061035156	172.60000610351562
8970	116.79999542236328	87.36000061035156	174.1999969482422
8971	115.83999633789062	93.91999816894531	173.1999969482422
8972	117.5999984741211	100.15999603271484	172.8000030517578
8973	118.23999786376952	90.4000015258789	175.8000030517578
8974	120.31999969482422	92.15999603271484	172.40000915527344
8975	124.63999938964844	90.87999725341795	177.1999969482422
8976	124.95999908447266	94.07999420166016	175.0
8977	125.43999481201172	90.23999786376952	173.40000915527344
8978	133.1199951171875	90.07999420166016	172.1999969482422
8979	134.87998962402344	85.43999481201172	178.1999969482422
8980	142.39999389648438	93.75999450683594	176.0
8981	147.1999969482422	96.95999908447266	176.60000610351562
8982	152.47999572753906	92.95999908447266	172.60000610351562
8983	152.8000030517578	93.91999816894531	176.8000030517578
8984	159.83999633789062	93.1199951171875	175.0
8985	180.8000030517578	98.4000015258789	175.60000610351562
8986	189.44000244140625	84.31999969482422	174.40000915527344
8987	202.87998962402344	86.23999786376953	173.1999969482422
8988	202.87998962402344	89.1199951171875	176.0
8989	207.51998901367188	90.07999420166016	175.40000915527344
8990	204.3199920654297	85.75999450683594	176.1999969482422
8991	212.63999938964844	88.79999542236328	174.0
8992	213.44000244140625	92.79999542236328	174.1999969482422
8993	213.44000244140625	107.5199966430664	177.0
8994	90.23999786376952	119.68000030517578	172.8000030517578
8995	94.23999786376952	123.36000061035156	172.0
8996	94.23999786376952	112.0	174.1999969482422
8997	96.0	117.75999450683594	173.0
8998	99.36000061035156	123.04000091552734	175.60000610351562
8999	96.31999969482422	114.87999725341795	175.8000030517578
9000	98.4000015258789	106.87999725341795	176.0
9001	99.83999633789062	119.36000061035156	175.1999969482422
9002	102.23999786376952	107.5199966430664	175.1999969482422
9003	102.07999420166016	126.23999786376952	173.0
9004	104.79999542236328	119.36000061035156	175.60000610351562
9005	104.47999572753906	114.72000122070312	175.60000610351562
9006	106.07999420166016	109.75999450683594	176.1999969482422
9007	105.5999984741211	123.5199966430664	175.8000030517578
9008	109.43999481201172	109.27999877929688	176.1999969482422
9009	112.31999969482422	104.79999542236328	173.40000915527344
9010	111.5199966430664	111.36000061035156	173.60000610351562
9011	114.87999725341795	107.36000061035156	175.1999969482422
9012	118.39999389648438	107.04000091552734	174.8000030517578
9013	120.47999572753906	117.27999877929688	173.60000610351562
9014	123.04000091552734	115.5199966430664	175.60000610351562
9015	128.63999938964844	122.07999420166016	174.60000610351562
9016	132.95999145507812	114.72000122070312	173.1999969482422
9017	164.3199920654297	120.79999542236328	177.1999969482422
9018	193.1199951171875	115.1999969482422	174.1999969482422
9019	199.1999969482422	113.5999984741211	177.8000030517578
9020	210.0800018310547	113.5999984741211	173.60000610351562
9021	211.3600006103516	109.43999481201172	174.1999969482422
9022	216.79998779296875	115.36000061035156	172.40000915527344
9023	84.31999969482422	146.239990234375	175.8000030517578
9024	84.31999969482422	139.83999633789062	173.8000030517578
9025	86.72000122070312	132.16000366210938	175.1999969482422
9026	89.27999877929688	134.239990234375	172.40000915527344
9027	89.27999877929688	127.1999969482422	174.0
9028	93.75999450683594	126.55999755859376	175.60000610351562
9029	94.72000122070312	141.27999877929688	177.60000610351562
9030	100.31999969482422	141.27999877929688	174.1999969482422
9031	102.87999725341795	129.44000244140622	175.60000610351562
9032	107.5199966430664	126.87999725341795	173.1999969482422
9033	108.79999542236328	141.27999877929688	175.8000030517578
9034	121.91999816894531	132.63999938964844	177.8000030517578
9035	201.59999084472656	144.63999938964844	176.40000915527344
9036	204.0	129.27999877929688	180.0
9037	206.72000122070312	137.59999084472656	176.8000030517578
9038	207.3600006103516	134.239990234375	176.1999969482422
9039	85.5999984741211	154.0800018310547	174.40000915527344
9040	86.87999725341797	160.0	173.40000915527344
9041	88.63999938964844	150.39999389648438	174.40000915527344
9042	89.75999450683594	153.59999084472656	176.1999969482422
9043	94.23999786376952	154.0800018310547	173.1999969482422
9044	102.87999725341795	157.9199981689453	174.60000610351562
9045	105.43999481201172	156.95999145507812	177.60000610351562
9046	173.27999877929688	163.0399932861328	173.8000030517578
9047	184.8000030517578	167.83999633789062	175.40000915527344
9048	198.239990234375	157.27999877929688	179.0
9049	92.0	172.47999572753906	171.8000030517578
9050	166.0800018310547	178.72000122070312	175.8000030517578
9051	176.16000366210938	179.83999633789062	178.8000030517578
9052	186.3999938964844	171.83999633789062	172.8000030517578
9053	187.1999969482422	172.16000366210938	176.40000915527344
9054	82.4000015258789	193.1199951171875	174.1999969482422
9055	84.15999603271484	197.27999877929688	173.40000915527344
9056	88.15999603271484	195.67999267578125	176.0
9057	93.43999481201172	197.59999084472656	175.1999969482422
9058	97.27999877929688	195.67999267578125	171.8000030517578
9059	96.95999908447266	183.83999633789062	176.60000610351562
9060	100.31999969482422	208.1599884033203	172.60000610351562
9061	105.91999816894531	203.0399932861328	176.40000915527344
9062	131.52000427246094	205.75999450683597	172.8000030517578
9063	133.59999084472656	202.239990234375	176.8000030517578
9064	143.36000061035156	204.1599884033203	174.40000915527344
9065	150.239990234375	202.55999755859372	176.8000030517578
9066	156.63999938964844	204.3199920654297	174.0
9067	176.0	190.0800018310547	175.1999969482422
9068	102.87999725341795	215.0399932861328	173.0
9069	103.68000030517578	208.3199920654297	175.40000915527344
9070	105.91999816894531	211.1999969482422	177.1999969482422
9071	107.04000091552734	213.27999877929688	173.40000915527344
9072	110.23999786376952	206.72000122070312	176.8000030517578
9073	110.39999389648438	211.83999633789062	174.0
9074	111.68000030517578	210.0800018310547	177.40000915527344
9075	112.31999969482422	216.47999572753903	173.60000610351562
9076	120.79999542236328	213.9199981689453	175.60000610351562
9077	124.63999938964844	215.51998901367188	173.60000610351562
9078	129.75999450683594	208.47999572753903	175.40000915527344
9079	130.08000183105472	212.1599884033203	179.0
9080	146.39999389648438	210.3999938964844	175.40000915527344
9081	88.79999542236328	229.44000244140625	172.8000030517578
9082	97.43999481201172	228.63999938964844	174.8000030517578
9083	120.95999908447266	79.04000091552734	180.8000030517578
9084	121.1199951171875	83.19999694824219	182.40000915527344
9085	129.75999450683594	75.04000091552734	183.1999969482422
9086	141.27999877929688	82.08000183105469	182.0
9087	145.27999877929688	76.31999969482422	179.40000915527344
9088	152.47999572753906	70.23999786376953	179.40000915527344
9089	151.83999633789062	74.08000183105469	178.0
9090	154.72000122070312	76.95999908447266	182.6000061035156
9091	154.55999755859375	82.4000015258789	178.60000610351562
9092	158.0800018310547	70.08000183105469	178.1999969482422
9093	158.0800018310547	73.1199951171875	181.1999969482422
9094	160.95999145507812	66.40000152587889	177.8000030517578
9095	163.1999969482422	71.36000061035156	179.60000610351562
9096	166.39999389648438	72.79999542236328	181.40000915527344
9097	169.9199981689453	74.08000183105469	178.0
9098	170.87998962402344	81.5999984741211	180.1999969482422
9099	185.44000244140625	81.75999450683594	181.0
9100	100.15999603271484	103.5199966430664	179.60000610351562
9101	103.68000030517578	100.95999908447266	180.8000030517578
9102	105.75999450683594	97.1199951171875	179.8000030517578
9103	108.47999572753906	92.15999603271484	178.40000915527344
9104	110.72000122070312	100.15999603271484	181.6000061035156
9105	111.1999969482422	96.47999572753906	180.0
9106	112.47999572753906	86.72000122070312	178.0
9107	114.72000122070312	96.0	176.8000030517578
9108	113.1199951171875	89.75999450683594	181.40000915527344
9109	112.63999938964844	103.5199966430664	178.40000915527344
9110	114.55999755859376	100.63999938964844	182.40000915527344
9111	117.5999984741211	88.31999969482422	182.0
9112	121.5999984741211	88.31999969482422	179.40000915527344
9113	117.43999481201172	91.68000030517578	181.1999969482422
9114	120.31999969482422	95.04000091552734	177.40000915527344
9115	120.31999969482422	94.55999755859376	182.0
9116	123.5199966430664	86.08000183105469	182.1999969482422
9117	125.27999877929688	90.07999420166016	180.0
9118	126.55999755859376	92.47999572753906	183.0
9119	127.1999969482422	86.55999755859375	180.6000061035156
9120	131.67999267578122	89.75999450683594	180.40000915527344
9121	138.239990234375	90.07999420166016	180.8000030517578
9122	161.27999877929688	83.5199966430664	177.8000030517578
9123	159.83999633789062	89.43999481201172	177.40000915527344
9124	175.67999267578125	87.36000061035156	178.8000030517578
9125	178.39999389648438	91.5199966430664	178.1999969482422
9126	181.27999877929688	90.23999786376952	181.40000915527344
9127	185.9199981689453	91.83999633789062	181.40000915527344
9128	195.0399932861328	89.1199951171875	179.8000030517578
9129	196.1599884033203	90.07999420166016	183.1999969482422
9130	203.67999267578125	96.47999572753906	181.1999969482422
9131	212.0	103.5199966430664	179.60000610351562
9132	91.1999969482422	119.5199966430664	176.8000030517578
9133	91.68000030517578	114.07999420166016	181.40000915527344
9134	93.5999984741211	119.83999633789062	180.1999969482422
9135	94.72000122070312	123.5199966430664	181.1999969482422
9136	94.72000122070312	117.27999877929688	178.1999969482422
9137	94.72000122070312	108.63999938964844	177.8000030517578
9138	97.43999481201172	115.04000091552734	181.8000030517578
9139	100.0	116.95999908447266	178.60000610351562
9140	102.07999420166016	115.68000030517578	183.0
9141	101.43999481201172	121.1199951171875	179.60000610351562
9142	101.1199951171875	111.36000061035156	181.40000915527344
9143	102.39999389648438	108.47999572753906	182.1999969482422
9144	104.63999938964844	112.95999908447266	179.60000610351562
9145	105.75999450683594	109.27999877929688	180.40000915527344
9146	107.36000061035156	105.43999481201172	180.8000030517578
9147	110.87999725341795	107.36000061035156	182.1999969482422
9148	111.36000061035156	110.07999420166016	180.0
9149	116.15999603271484	104.0	181.6000061035156
9150	116.0	107.83999633789062	180.0
9151	121.1199951171875	122.39999389648438	182.8000030517578
9152	123.04000091552734	124.63999938964844	177.40000915527344
9153	123.5199966430664	112.0	179.40000915527344
9154	127.1999969482422	115.04000091552734	180.8000030517578
9155	209.1199951171875	116.63999938964844	176.1999969482422
9156	211.67999267578125	115.1999969482422	181.6000061035156
9157	211.0399932861328	125.5999984741211	178.1999969482422
9158	213.1199951171875	113.43999481201172	177.60000610351562
9159	86.72000122070312	139.52000427246094	178.8000030517578
9160	86.4000015258789	144.8000030517578	180.40000915527344
9161	103.5199966430664	142.87998962402344	180.40000915527344
9162	126.07999420166016	133.59999084472656	181.6000061035156
9163	204.0	143.1999969482422	181.1999969482422
9164	206.55999755859372	143.0399932861328	178.1999969482422
9165	207.1999969482422	132.95999145507812	181.1999969482422
9166	208.79998779296875	135.03999328613278	178.0
9167	86.87999725341797	153.75999450683594	180.6000061035156
9168	87.04000091552734	160.16000366210938	177.60000610351562
9169	88.95999908447266	163.0399932861328	181.0
9170	88.0	166.39999389648438	178.40000915527344
9171	90.23999786376952	150.39999389648438	180.40000915527344
9172	102.72000122070312	154.0800018310547	178.40000915527344
9173	103.36000061035156	154.39999389648438	182.1999969482422
9174	184.1599884033203	151.36000061035156	183.6000061035156
9175	184.1599884033203	161.59999084472656	181.40000915527344
9176	196.0	150.239990234375	180.8000030517578
9177	94.23999786376952	177.1199951171875	180.8000030517578
9178	176.3199920654297	174.72000122070312	182.6000061035156
9179	180.63999938964844	171.67999267578125	180.6000061035156
9180	185.9199981689453	169.9199981689453	180.8000030517578
9181	190.55999755859372	166.72000122070312	180.1999969482422
9182	90.4000015258789	190.72000122070312	177.60000610351562
9183	96.79999542236328	196.3199920654297	177.8000030517578
9184	100.47999572753906	203.83999633789062	177.60000610351562
9185	102.23999786376952	194.55999755859372	180.1999969482422
9186	106.39999389648438	206.55999755859372	178.8000030517578
9187	111.5199966430664	204.0	181.0
9188	116.31999969482422	202.239990234375	181.1999969482422
9189	130.87998962402344	205.75999450683597	179.1999969482422
9190	130.72000122070312	198.87998962402344	182.1999969482422
9191	138.55999755859378	204.63999938964844	179.0
9192	149.1199951171875	204.1599884033203	183.1999969482422
9193	153.59999084472656	207.3600006103516	178.40000915527344
9194	167.67999267578125	197.59999084472656	179.1999969482422
9195	170.39999389648438	193.75999450683597	181.6000061035156
9196	172.47999572753906	190.55999755859372	180.40000915527344
9197	114.07999420166016	211.1999969482422	179.0
9198	141.44000244140625	209.1199951171875	179.0
9199	144.16000366210938	209.59999084472656	181.40000915527344
9200	111.83999633789062	83.36000061035156	185.40000915527344
9201	117.91999816894531	81.75999450683594	188.8000030517578
9202	156.95999145507812	82.55999755859375	185.0
9203	161.44000244140625	78.72000122070312	184.1999969482422
9204	169.59999084472656	75.68000030517578	182.6000061035156
9205	95.83999633789062	103.1999969482422	186.6000061035156
9206	100.79999542236328	96.63999938964844	185.0
9207	100.79999542236328	102.72000122070312	185.8000030517578
9208	102.87999725341795	102.55999755859376	188.6000061035156
9209	102.87999725341795	104.95999908447266	182.6000061035156
9210	103.83999633789062	95.68000030517578	189.1999969482422
9211	104.79999542236328	92.47999572753906	184.40000915527344
9212	105.91999816894531	102.72000122070312	185.6000061035156
9213	105.75999450683594	96.95999908447266	185.0
9214	107.5199966430664	87.19999694824219	185.0
9215	109.27999877929688	94.55999755859376	183.1999969482422
9216	110.72000122070312	89.5999984741211	184.8000030517578
9217	112.15999603271484	85.43999481201172	182.1999969482422
9218	113.75999450683594	93.43999481201172	184.0
9219	114.87999725341795	86.55999755859375	186.1999969482422
9220	114.87999725341795	97.1199951171875	184.8000030517578
9221	115.83999633789062	89.91999816894531	185.40000915527344
9222	118.23999786376952	85.43999481201172	184.40000915527344
9223	118.07999420166016	94.87999725341795	185.6000061035156
9224	119.83999633789062	91.36000061035156	186.6000061035156
9225	122.87999725341795	84.0	186.40000915527344
9226	123.83999633789062	90.4000015258789	184.6000061035156
9227	122.7199935913086	88.31999969482422	188.40000915527344
9228	127.1999969482422	86.4000015258789	185.40000915527344
9229	129.27999877929688	94.55999755859376	183.1999969482422
9230	128.80000305175778	91.68000030517578	185.40000915527344
9231	130.87998962402344	86.55999755859375	182.8000030517578
9232	129.59999084472656	96.63999938964844	188.0
9233	132.63999938964844	92.0	184.6000061035156
9234	133.27999877929688	101.43999481201172	186.0
9235	134.55999755859378	88.0	184.6000061035156
9236	139.19999694824222	99.1999969482422	183.1999969482422
9237	139.83999633789062	101.27999877929688	183.6000061035156
9238	142.0800018310547	81.75999450683594	187.0
9239	147.1999969482422	97.43999481201172	186.1999969482422
9240	153.1199951171875	86.87999725341797	182.6000061035156
9241	159.1999969482422	89.5999984741211	185.6000061035156
9242	177.44000244140625	93.43999481201172	185.8000030517578
9243	187.0399932861328	91.5199966430664	185.6000061035156
9244	191.1999969482422	88.0	182.8000030517578
9245	208.79998779296875	104.47999572753906	183.0
9246	89.1199951171875	125.1199951171875	183.1999969482422
9247	89.1199951171875	117.75999450683594	183.8000030517578
9248	90.72000122070312	113.1199951171875	187.1999969482422
9249	93.27999877929688	112.47999572753906	184.6000061035156
9250	93.1199951171875	119.1999969482422	186.40000915527344
9251	97.1199951171875	104.63999938964844	181.8000030517578
9252	95.04000091552734	122.55999755859376	185.6000061035156
9253	95.1999969482422	116.79999542236328	184.40000915527344
9254	97.1199951171875	109.27999877929688	182.6000061035156
9255	98.23999786376952	121.91999816894531	183.6000061035156
9256	98.72000122070312	116.31999969482422	187.0
9257	99.83999633789062	107.36000061035156	186.0
9258	101.91999816894531	115.1999969482422	187.1999969482422
9259	101.75999450683594	119.1999969482422	183.8000030517578
9260	102.87999725341795	112.0	187.6000061035156
9261	101.43999481201172	122.07999420166016	186.1999969482422
9262	105.75999450683594	121.5999984741211	187.0
9263	103.83999633789062	124.31999969482422	185.40000915527344
9264	109.27999877929688	105.75999450683594	186.40000915527344
9265	113.27999877929688	106.87999725341795	187.6000061035156
9266	115.1999969482422	109.1199951171875	186.0
9267	123.5199966430664	118.39999389648438	185.8000030517578
9268	130.239990234375	119.36000061035156	189.0
9269	165.27999877929688	117.91999816894531	188.1999969482422
9270	197.27999877929688	106.55999755859376	184.1999969482422
9271	197.27999877929688	114.72000122070312	185.8000030517578
9272	202.55999755859372	118.07999420166016	184.1999969482422
9273	209.27999877929688	122.23999786376952	182.1999969482422
9274	94.72000122070312	137.59999084472656	185.1999969482422
9275	97.75999450683594	126.07999420166016	186.1999969482422
9276	98.87999725341795	143.83999633789062	183.8000030517578
9277	100.0	130.55999755859378	183.6000061035156
9278	102.55999755859376	133.59999084472656	184.40000915527344
9279	108.79999542236328	135.83999633789062	185.8000030517578
9280	134.239990234375	137.27999877929688	184.1999969482422
9281	203.67999267578125	142.0800018310547	184.8000030517578
9282	88.79999542236328	151.83999633789062	183.8000030517578
9283	96.0	167.36000061035156	186.1999969482422
9284	95.68000030517578	153.59999084472656	184.0
9285	102.39999389648438	148.8000030517578	184.6000061035156
9286	168.63999938964844	164.63999938964844	189.0
9287	95.36000061035156	175.51998901367188	185.1999969482422
9288	100.79999542236328	179.51998901367188	182.8000030517578
9289	103.5199966430664	172.0	185.6000061035156
9290	106.55999755859376	172.0	185.1999969482422
9291	108.79999542236328	179.36000061035156	188.0
9292	171.51998901367188	179.83999633789062	187.0
9293	174.87998962402344	185.9199981689453	183.40000915527344
9294	183.1999969482422	175.0399932861328	183.1999969482422
9295	184.47999572753903	167.0399932861328	183.40000915527344
9296	182.3999938964844	172.16000366210938	183.40000915527344
9297	104.63999938964844	188.0	185.8000030517578
9298	143.1999969482422	206.55999755859372	185.0
9299	171.83999633789062	190.0800018310547	187.1999969482422
9300	130.08000183105472	207.67999267578125	185.6000061035156
9301	112.47999572753906	82.23999786376953	190.1999969482422
9302	119.5199966430664	78.87999725341797	187.1999969482422
9303	130.72000122070312	77.5999984741211	191.40000915527344
9304	142.87998962402344	77.1199951171875	192.8000030517578
9305	145.44000244140625	79.19999694824219	190.8000030517578
9306	149.1199951171875	77.27999877929688	191.40000915527344
9307	148.63999938964844	81.1199951171875	189.1999969482422
9308	98.4000015258789	100.15999603271484	191.8000030517578
9309	101.43999481201172	99.04000091552734	188.6000061035156
9310	98.55999755859376	104.95999908447266	192.8000030517578
9311	103.5199966430664	92.47999572753906	191.6000061035156
9312	104.95999908447266	100.0	189.40000915527344
9313	106.87999725341795	91.83999633789062	190.40000915527344
9314	108.0	93.91999816894531	187.1999969482422
9315	110.55999755859376	91.5199966430664	190.6000061035156
9316	109.5999984741211	96.31999969482422	191.0
9317	109.75999450683594	99.83999633789062	189.8000030517578
9318	111.5199966430664	86.08000183105469	189.8000030517578
9319	114.07999420166016	93.43999481201172	189.1999969482422
9320	113.75999450683594	89.5999984741211	189.8000030517578
9321	114.23999786376952	98.87999725341795	188.40000915527344
9322	113.5999984741211	102.55999755859376	188.40000915527344
9323	117.43999481201172	85.1199951171875	190.6000061035156
9324	117.5999984741211	92.47999572753906	190.6000061035156
9325	119.83999633789062	88.79999542236328	190.6000061035156
9326	122.7199935913086	92.31999969482422	192.40000915527344
9327	124.0	93.91999816894531	188.1999969482422
9328	124.31999969482422	84.79999542236328	192.6000061035156
9329	128.0	84.95999908447266	189.0
9330	126.07999420166016	90.23999786376952	188.1999969482422
9331	129.75999450683594	91.04000091552734	190.1999969482422
9332	131.83999633789062	87.04000091552734	190.8000030517578
9333	132.47999572753906	86.08000183105469	187.6000061035156
9334	133.1199951171875	91.5199966430664	191.40000915527344
9335	136.47999572753906	84.95999908447266	189.6000061035156
9336	142.55999755859375	95.04000091552734	188.6000061035156
9337	137.27999877929688	102.72000122070312	190.6000061035156
9338	166.72000122070312	98.4000015258789	189.8000030517578
9339	168.95999145507812	91.68000030517578	188.1999969482422
9340	184.47999572753903	98.23999786376952	191.40000915527344
9341	179.36000061035156	97.1199951171875	190.0
9342	191.3600006103516	103.1999969482422	187.40000915527344
9343	200.3199920654297	108.31999969482422	189.1999969482422
9344	88.47999572753906	120.47999572753906	189.0
9345	91.5199966430664	108.95999908447266	190.1999969482422
9346	94.23999786376952	117.27999877929688	189.8000030517578
9347	92.0	120.15999603271484	191.6000061035156
9348	94.4000015258789	111.04000091552734	187.8000030517578
9349	95.1999969482422	122.07999420166016	189.8000030517578
9350	98.55999755859376	113.75999450683594	190.40000915527344
9351	96.15999603271484	108.31999969482422	188.6000061035156
9352	98.87999725341795	119.68000030517578	188.40000915527344
9353	96.95999908447266	111.04000091552734	191.6000061035156
9354	99.04000091552734	106.72000122070312	189.40000915527344
9355	99.68000030517578	122.55999755859376	191.1999969482422
9356	101.43999481201172	115.68000030517578	191.40000915527344
9357	105.1199951171875	121.27999877929688	192.1999969482422
9358	105.43999481201172	109.75999450683594	189.6000061035156
9359	102.55999755859376	107.5199966430664	191.8000030517578
9360	105.75999450683594	105.91999816894531	191.1999969482422
9361	104.95999908447266	115.68000030517578	189.6000061035156
9362	107.36000061035156	123.68000030517578	190.40000915527344
9363	110.07999420166016	105.27999877929688	191.6000061035156
9364	117.1199951171875	105.75999450683594	188.1999969482422
9365	124.63999938964844	108.95999908447266	189.8000030517578
9366	203.3600006103516	112.31999969482422	188.1999969482422
9367	204.9599914550781	120.63999938964844	188.40000915527344
9368	86.08000183105469	138.239990234375	190.6000061035156
9369	97.91999816894531	126.7199935913086	192.6000061035156
9370	97.43999481201172	137.1199951171875	191.1999969482422
9371	100.63999938964844	127.04000091552734	189.0
9372	107.5199966430664	133.27999877929688	191.40000915527344
9373	113.1199951171875	131.67999267578122	191.1999969482422
9374	118.07999420166016	125.91999816894531	190.1999969482422
9375	124.63999938964844	127.04000091552734	190.40000915527344
9376	129.75999450683594	134.87998962402344	192.40000915527344
9377	199.0399932861328	146.39999389648438	191.6000061035156
9378	92.63999938964844	148.0	190.6000061035156
9379	93.5999984741211	154.55999755859375	188.6000061035156
9380	172.16000366210938	155.1999969482422	189.8000030517578
9381	183.51998901367188	162.239990234375	192.0
9382	186.239990234375	157.27999877929688	192.6000061035156
9383	192.9599914550781	148.0	192.0
9384	106.87999725341795	175.67999267578125	188.1999969482422
9385	111.68000030517578	184.63999938964844	187.40000915527344
9386	169.1199951171875	182.0800018310547	190.40000915527344
9387	179.1999969482422	172.16000366210938	189.6000061035156
9388	177.59999084472656	169.75999450683594	195.0
9389	122.55999755859376	192.1599884033203	190.6000061035156
9390	132.95999145507812	200.63999938964844	188.0
9391	106.07999420166016	84.0	195.0
9392	110.72000122070312	80.0	196.8000030517578
9393	115.36000061035156	83.5199966430664	194.0
9394	117.1199951171875	80.31999969482422	195.8000030517578
9395	122.07999420166016	83.36000061035156	196.40000915527344
9396	128.80000305175778	78.08000183105469	197.6000061035156
9397	91.68000030517578	107.5199966430664	197.1999969482422
9398	93.43999481201172	99.5199966430664	196.8000030517578
9399	95.04000091552734	105.5999984741211	194.0
9400	99.1999969482422	92.95999908447266	193.0
9401	102.87999725341795	88.63999938964844	194.40000915527344
9402	103.83999633789062	100.0	196.40000915527344
9403	104.15999603271484	102.72000122070312	194.0
9404	105.75999450683594	91.04000091552734	194.0
9405	106.23999786376952	87.19999694824219	191.8000030517578
9406	109.5999984741211	94.72000122070312	194.8000030517578
9407	110.87999725341795	91.68000030517578	196.1999969482422
9408	110.87999725341795	84.0	196.0
9409	110.23999786376952	103.5199966430664	195.0
9410	111.83999633789062	99.83999633789062	193.1999969482422
9411	113.91999816894531	87.68000030517578	192.8000030517578
9412	114.55999755859376	97.43999481201172	191.8000030517578
9413	116.15999603271484	104.15999603271484	193.40000915527344
9414	116.15999603271484	92.95999908447266	193.8000030517578
9415	115.04000091552734	88.79999542236328	196.6000061035156
9416	119.1999969482422	89.75999450683594	194.6000061035156
9417	120.79999542236328	85.91999816894531	194.0
9418	125.27999877929688	90.55999755859376	194.8000030517578
9419	125.5999984741211	86.87999725341797	195.1999969482422
9420	127.1999969482422	94.23999786376952	196.0
9421	127.83999633789062	92.31999969482422	193.1999969482422
9422	127.83999633789062	88.31999969482422	192.8000030517578
9423	131.36000061035156	95.5199966430664	191.8000030517578
9424	132.0	88.79999542236328	194.6000061035156
9425	131.52000427246094	98.23999786376952	195.0
9426	133.59999084472656	93.27999877929688	195.40000915527344
9427	146.55999755859375	88.47999572753906	195.40000915527344
9428	153.59999084472656	88.79999542236328	196.1999969482422
9429	163.1999969482422	103.83999633789062	196.40000915527344
9430	166.55999755859375	100.31999969482422	196.1999969482422
9431	171.0399932861328	95.36000061035156	197.40000915527344
9432	178.39999389648438	96.15999603271484	194.1999969482422
9433	86.72000122070312	118.07999420166016	195.1999969482422
9434	92.15999603271484	118.23999786376952	194.0
9435	95.68000030517578	110.39999389648438	195.6000061035156
9436	96.31999969482422	114.87999725341795	193.1999969482422
9437	96.0	119.1999969482422	196.6000061035156
9438	98.55999755859376	108.47999572753906	196.0
9439	100.63999938964844	112.79999542236328	193.6000061035156
9440	100.15999603271484	118.87999725341795	194.6000061035156
9441	98.4000015258789	116.0	197.1999969482422
9442	104.15999603271484	122.07999420166016	195.8000030517578
9443	102.39999389648438	112.95999908447266	196.8000030517578
9444	106.07999420166016	109.27999877929688	194.40000915527344
9445	105.5999984741211	117.75999450683594	195.1999969482422
9446	107.83999633789062	107.36000061035156	197.1999969482422
9447	108.15999603271484	121.27999877929688	195.40000915527344
9448	111.83999633789062	122.39999389648438	195.1999969482422
9449	113.91999816894531	121.75999450683594	198.8000030517578
9450	113.43999481201172	107.68000030517578	193.8000030517578
9451	124.47999572753906	124.15999603271484	195.0
9452	124.15999603271484	117.43999481201172	194.0
9453	133.27999877929688	119.36000061035156	196.40000915527344
9454	148.16000366210938	106.23999786376952	197.6000061035156
9455	151.1999969482422	103.83999633789062	197.1999969482422
9456	158.87998962402344	106.87999725341795	195.1999969482422
9457	158.239990234375	103.83999633789062	197.0
9458	193.59999084472656	113.27999877929688	195.1999969482422
9459	199.51998901367188	126.55999755859376	195.40000915527344
9460	89.75999450683594	133.44000244140622	193.1999969482422
9461	91.04000091552734	142.0800018310547	195.40000915527344
9462	92.95999908447266	128.80000305175778	195.40000915527344
9463	93.75999450683594	141.9199981689453	197.6000061035156
9464	102.23999786376952	126.23999786376952	194.1999969482422
9465	108.0	125.91999816894531	195.8000030517578
9466	178.55999755859375	141.44000244140625	196.1999969482422
9467	93.91999816894531	147.83999633789062	196.6000061035156
9468	102.07999420166016	158.0800018310547	192.1999969482422
9469	106.55999755859376	161.27999877929688	194.1999969482422
9470	106.23999786376952	152.0	195.0
9471	180.3199920654297	154.72000122070312	194.1999969482422
9472	183.1999969482422	163.36000061035156	195.1999969482422
9473	118.23999786376952	189.9199981689453	194.6000061035156
9474	124.47999572753906	196.47999572753903	193.6000061035156
9475	128.0	198.3999938964844	193.40000915527344
9476	135.67999267578122	197.44000244140625	195.40000915527344
9477	156.95999145507812	202.239990234375	192.0
9478	102.87999725341795	82.08000183105469	200.0
9479	107.68000030517578	81.27999877929688	201.40000915527344
9480	111.5199966430664	76.95999908447266	202.1999969482422
9481	113.1199951171875	80.79999542236328	202.0
9482	116.63999938964844	71.68000030517578	200.6000061035156
9483	116.47999572753906	82.08000183105469	199.0
9484	117.1199951171875	78.87999725341797	201.1999969482422
9485	120.31999969482422	79.36000061035156	197.6000061035156
9486	129.1199951171875	84.79999542236328	199.0
9487	128.47999572753906	71.83999633789062	200.8000030517578
9488	135.83999633789062	76.47999572753906	199.8000030517578
9489	138.08000183105472	69.59999847412111	199.40000915527344
9490	138.55999755859378	80.47999572753906	202.40000915527344
9491	139.67999267578122	87.19999694824219	198.8000030517578
9492	139.67999267578122	72.95999908447266	198.8000030517578
9493	139.83999633789062	76.0	200.8000030517578
9494	141.44000244140625	78.72000122070312	199.40000915527344
9495	145.44000244140625	79.68000030517578	201.0
9496	152.63999938964844	77.27999877929688	205.0
9497	163.36000061035156	83.83999633789062	199.8000030517578
9498	90.4000015258789	105.75999450683594	201.0
9499	92.63999938964844	97.27999877929688	201.1999969482422
9500	94.4000015258789	105.1199951171875	199.6000061035156
9501	97.91999816894531	96.31999969482422	200.0
9502	97.5999984741211	93.1199951171875	203.0
9503	99.83999633789062	90.23999786376952	201.8000030517578
9504	97.1199951171875	100.63999938964844	202.40000915527344
9505	99.83999633789062	104.47999572753906	198.0
9506	101.27999877929688	87.36000061035156	199.1999969482422
9507	100.63999938964844	98.07999420166016	202.0
9508	103.5199966430664	96.79999542236328	199.6000061035156
9509	103.5199966430664	104.15999603271484	197.8000030517578
9510	105.1199951171875	100.79999542236328	199.6000061035156
9511	105.91999816894531	90.72000122070312	198.0
9512	104.95999908447266	93.1199951171875	201.6000061035156
9513	107.5199966430664	84.95999908447266	200.0
9514	108.31999969482422	95.83999633789062	197.8000030517578
9515	109.43999481201172	89.27999877929688	199.0
9516	109.27999877929688	97.1199951171875	201.1999969482422
9517	109.75999450683594	103.5199966430664	198.8000030517578
9518	109.27999877929688	102.55999755859376	202.40000915527344
9519	111.83999633789062	85.5999984741211	199.40000915527344
9520	113.75999450683594	100.79999542236328	201.0
9521	115.83999633789062	101.43999481201172	204.8000030517578
9522	115.68000030517578	102.39999389648438	198.1999969482422
9523	114.72000122070312	89.27999877929688	201.6000061035156
9524	113.75999450683594	93.75999450683594	201.0
9525	114.55999755859376	97.75999450683594	197.40000915527344
9526	115.83999633789062	85.1199951171875	202.1999969482422
9527	119.1999969482422	85.91999816894531	199.1999969482422
9528	124.47999572753906	85.91999816894531	199.6000061035156
9529	127.5199966430664	88.79999542236328	198.40000915527344
9530	126.39999389648438	92.47999572753906	201.0
9531	129.1199951171875	95.1999969482422	199.40000915527344
9532	129.91999816894528	100.79999542236328	199.0
9533	131.83999633789062	88.31999969482422	198.8000030517578
9534	131.83999633789062	92.47999572753906	199.1999969482422
9535	132.0	97.91999816894531	201.0
9536	134.239990234375	86.23999786376953	206.8000030517578
9537	144.0	100.79999542236328	200.0
9538	144.0	84.0	201.1999969482422
9539	143.83999633789062	92.79999542236328	199.8000030517578
9540	149.1199951171875	89.75999450683594	201.40000915527344
9541	158.87998962402344	87.36000061035156	200.0
9542	161.27999877929688	97.75999450683594	199.1999969482422
9543	161.44000244140625	102.55999755859376	202.40000915527344
9544	162.72000122070312	99.36000061035156	196.8000030517578
9545	164.3199920654297	103.5199966430664	201.40000915527344
9546	167.1999969482422	104.0	199.40000915527344
9547	169.44000244140625	101.91999816894531	198.8000030517578
9548	173.75999450683594	102.72000122070312	198.40000915527344
9549	86.4000015258789	111.1999969482422	199.40000915527344
9550	91.1999969482422	112.47999572753906	200.1999969482422
9551	91.36000061035156	118.55999755859376	198.8000030517578
9552	93.5999984741211	115.68000030517578	201.6000061035156
9553	95.83999633789062	113.27999877929688	199.40000915527344
9554	95.83999633789062	124.95999908447266	200.0
9555	97.43999481201172	119.1999969482422	198.40000915527344
9556	100.31999969482422	122.23999786376952	198.40000915527344
9557	100.63999938964844	113.27999877929688	200.1999969482422
9558	100.0	117.43999481201172	201.8000030517578
9559	101.75999450683594	118.07999420166016	198.40000915527344
9560	98.07999420166016	109.27999877929688	204.1999969482422
9561	101.1199951171875	126.39999389648438	200.1999969482422
9562	107.5199966430664	106.07999420166016	201.6000061035156
9563	105.43999481201172	122.55999755859376	200.0
9564	107.04000091552734	120.63999938964844	203.0
9565	110.39999389648438	124.47999572753906	198.40000915527344
9566	110.23999786376952	121.5999984741211	201.6000061035156
9567	112.15999603271484	106.87999725341795	197.6000061035156
9568	113.27999877929688	105.5999984741211	200.6000061035156
9569	122.39999389648438	125.1199951171875	200.1999969482422
9570	120.47999572753906	111.68000030517578	201.0
9571	122.23999786376952	119.68000030517578	201.6000061035156
9572	126.7199935913086	113.5999984741211	197.1999969482422
9573	126.55999755859376	122.07999420166016	201.40000915527344
9574	156.0	123.04000091552734	198.0
9575	155.67999267578125	109.1199951171875	199.6000061035156
9576	191.0399932861328	110.23999786376952	198.1999969482422
9577	83.83999633789062	133.44000244140622	200.40000915527344
9578	88.63999938964844	146.87998962402344	200.40000915527344
9579	88.95999908447266	131.52000427246094	203.8000030517578
9580	88.0	139.67999267578122	201.6000061035156
9581	92.79999542236328	145.75999450683594	201.8000030517578
9582	101.75999450683594	140.47999572753906	201.40000915527344
9583	103.36000061035156	128.80000305175778	202.1999969482422
9584	102.87999725341795	128.80000305175778	207.40000915527344
9585	106.55999755859376	128.47999572753906	200.1999969482422
9586	109.43999481201172	127.04000091552734	202.0
9587	128.63999938964844	133.59999084472656	198.6000061035156
9588	168.16000366210938	143.83999633789062	203.1999969482422
9589	173.59999084472656	140.0	202.0
9590	95.5199966430664	152.3199920654297	200.40000915527344
9591	102.39999389648438	164.95999145507812	201.40000915527344
9592	109.1199951171875	150.55999755859375	198.6000061035156
9593	110.39999389648438	160.95999145507812	199.0
9594	112.95999908447266	163.67999267578125	198.8000030517578
9595	161.9199981689453	161.59999084472656	196.6000061035156
9596	175.51998901367188	156.47999572753906	199.1999969482422
9597	180.3199920654297	163.67999267578125	197.8000030517578
9598	185.75999450683597	152.95999145507812	196.6000061035156
9599	186.3999938964844	147.83999633789062	200.0
9600	189.75999450683597	147.67999267578125	201.6000061035156
9601	109.91999816894531	173.75999450683594	199.6000061035156
9602	112.0	170.39999389648438	200.0
9603	169.44000244140625	177.44000244140625	200.1999969482422
9604	174.239990234375	170.239990234375	199.6000061035156
9605	165.44000244140625	189.75999450683597	197.40000915527344
9606	124.0	65.43999481201172	203.6000061035156
9607	129.44000244140622	63.03999710083008	203.0
9608	132.47999572753906	61.27999877929688	204.6000061035156
9609	101.75999450683594	82.08000183105469	205.0
9610	104.95999908447266	76.0	207.8000030517578
9611	105.5999984741211	83.19999694824219	204.6000061035156
9612	108.0	78.23999786376953	206.1999969482422
9613	111.83999633789062	80.95999908447266	206.6000061035156
9614	113.1199951171875	73.91999816894531	204.8000030517578
9615	113.75999450683594	76.63999938964844	206.6000061035156
9616	115.83999633789062	82.55999755859375	206.40000915527344
9617	117.1199951171875	76.47999572753906	206.6000061035156
9618	119.36000061035156	78.4000015258789	204.1999969482422
9619	119.1999969482422	65.76000213623047	204.6000061035156
9620	120.79999542236328	82.72000122070312	205.40000915527344
9621	124.79999542236328	84.31999969482422	203.6000061035156
9622	124.47999572753906	72.15999603271484	209.0
9623	126.07999420166016	71.5199966430664	204.40000915527344
9624	128.63999938964844	74.87999725341797	203.1999969482422
9625	130.39999389648438	77.43999481201172	205.6000061035156
9626	132.95999145507812	67.51999664306639	204.40000915527344
9627	131.19999694824222	70.72000122070312	205.6000061035156
9628	133.75999450683594	80.15999603271484	204.6000061035156
9629	134.08000183105472	75.5199966430664	203.40000915527344
9630	135.03999328613278	71.83999633789062	203.1999969482422
9631	136.63999938964844	65.43999481201172	203.40000915527344
9632	136.63999938964844	69.43999481201172	205.40000915527344
9633	137.75999450683594	81.43999481201172	206.40000915527344
9634	138.55999755859378	76.31999969482422	204.6000061035156
9635	138.87998962402344	72.63999938964844	202.6000061035156
9636	142.87998962402344	72.63999938964844	206.0
9637	142.239990234375	65.59999847412111	203.6000061035156
9638	143.1999969482422	62.71999740600586	206.1999969482422
9639	142.239990234375	81.75999450683594	205.8000030517578
9640	143.1999969482422	77.27999877929688	204.6000061035156
9641	147.0399932861328	74.23999786376953	208.0
9642	151.1999969482422	72.63999938964844	206.1999969482422
9643	150.55999755859375	83.19999694824219	204.6000061035156
9644	86.23999786376953	107.1999969482422	203.6000061035156
9645	88.95999908447266	98.55999755859376	206.1999969482422
9646	89.91999816894531	104.31999969482422	204.8000030517578
9647	92.0	101.5999984741211	204.1999969482422
9648	94.72000122070312	97.43999481201172	204.8000030517578
9649	95.1999969482422	92.79999542236328	206.40000915527344
9650	100.0	86.23999786376953	202.8000030517578
9651	100.31999969482422	101.27999877929688	205.40000915527344
9652	101.43999481201172	94.87999725341795	205.40000915527344
9653	101.43999481201172	88.0	206.40000915527344
9654	102.87999725341795	91.36000061035156	204.6000061035156
9655	101.43999481201172	103.68000030517578	202.0
9656	102.72000122070312	98.4000015258789	207.0
9657	107.36000061035156	85.91999816894531	204.0
9658	106.39999389648438	100.0	207.40000915527344
9659	108.47999572753906	93.27999877929688	203.40000915527344
9660	108.63999938964844	87.36000061035156	206.1999969482422
9661	111.1999969482422	97.43999481201172	204.40000915527344
9662	110.23999786376952	102.39999389648438	206.0
9663	111.04000091552734	88.95999908447266	203.1999969482422
9664	114.55999755859376	87.19999694824219	205.6000061035156
9665	113.5999984741211	105.5999984741211	205.0
9666	114.39999389648438	91.1999969482422	206.0
9667	120.0	87.5199966430664	203.1999969482422
9668	124.63999938964844	87.83999633789062	203.8000030517578
9669	128.31999206542972	89.91999816894531	204.40000915527344
9670	127.83999633789062	93.91999816894531	206.0
9671	130.08000183105472	100.63999938964844	203.1999969482422
9672	129.44000244140622	86.23999786376953	203.0
9673	131.03999328613278	97.43999481201172	205.40000915527344
9674	132.95999145507812	94.4000015258789	203.1999969482422
9675	131.19999694824222	86.72000122070312	206.40000915527344
9676	132.63999938964844	89.75999450683594	203.1999969482422
9677	132.63999938964844	91.68000030517578	207.1999969482422
9678	138.239990234375	101.91999816894531	206.40000915527344
9679	142.0800018310547	86.87999725341797	207.40000915527344
9680	145.1199951171875	88.63999938964844	206.40000915527344
9681	147.1999969482422	92.0	204.40000915527344
9682	159.51998901367188	88.15999603271484	206.1999969482422
9683	168.16000366210938	87.5199966430664	206.40000915527344
9684	176.8000030517578	100.63999938964844	205.8000030517578
9685	175.36000061035156	103.04000091552734	203.40000915527344
9686	175.83999633789062	98.07999420166016	208.6000061035156
9687	178.87998962402344	98.72000122070312	211.1999969482422
9688	182.0800018310547	105.27999877929688	206.6000061035156
9689	80.15999603271484	118.55999755859376	208.8000030517578
9690	82.72000122070312	112.31999969482422	204.8000030517578
9691	88.47999572753906	112.95999908447266	207.0
9692	93.5999984741211	112.47999572753906	205.6000061035156
9693	91.68000030517578	116.63999938964844	205.0
9694	93.75999450683594	121.91999816894531	204.40000915527344
9695	93.75999450683594	108.47999572753906	207.1999969482422
9696	98.55999755859376	122.23999786376952	203.0
9697	99.1999969482422	105.43999481201172	204.8000030517578
9698	98.87999725341795	116.31999969482422	205.0
9699	100.47999572753906	113.91999816894531	203.8000030517578
9700	102.87999725341795	122.55999755859376	203.8000030517578
9701	104.15999603271484	107.36000061035156	205.0
9702	105.5999984741211	126.39999389648438	205.0
9703	109.27999877929688	124.0	206.1999969482422
9704	110.55999755859376	120.31999969482422	205.8000030517578
9705	113.5999984741211	122.87999725341795	205.6000061035156
9706	114.72000122070312	119.36000061035156	204.8000030517578
9707	121.5999984741211	108.95999908447266	205.1999969482422
9708	129.75999450683594	105.27999877929688	202.1999969482422
9709	132.63999938964844	113.75999450683594	204.40000915527344
9710	154.0800018310547	125.91999816894531	205.40000915527344
9711	163.0399932861328	107.1999969482422	204.8000030517578
9712	164.47999572753906	116.79999542236328	206.0
9713	183.51998901367188	108.31999969482422	204.8000030517578
9714	185.9199981689453	113.75999450683594	207.1999969482422
9715	191.3600006103516	126.7199935913086	205.1999969482422
9716	190.72000122070312	124.0	202.6000061035156
9717	89.1199951171875	134.55999755859378	206.0
9718	89.27999877929688	144.0	204.6000061035156
9719	91.68000030517578	126.55999755859376	204.0
9720	93.91999816894531	137.1199951171875	207.40000915527344
9721	93.27999877929688	141.59999084472656	211.40000915527344
9722	95.83999633789062	125.1199951171875	206.6000061035156
9723	97.91999816894531	134.239990234375	206.0
9724	98.07999420166016	126.55999755859376	204.1999969482422
9725	99.36000061035156	139.19999694824222	207.8000030517578
9726	106.87999725341795	135.83999633789062	206.1999969482422
9727	99.04000091552734	128.31999206542972	207.8000030517578
9728	112.0	125.5999984741211	204.40000915527344
9729	113.1199951171875	140.95999145507812	204.6000061035156
9730	114.39999389648438	137.91999816894528	204.6000061035156
9731	130.55999755859378	128.0	205.0
9732	136.80000305175778	142.39999389648438	206.8000030517578
9733	181.75999450683597	133.44000244140622	204.1999969482422
9734	181.1199951171875	145.27999877929688	202.1999969482422
9735	114.87999725341795	146.0800018310547	202.0
9736	115.68000030517578	148.16000366210938	205.1999969482422
9737	160.63999938964844	160.8000030517578	203.8000030517578
9738	168.3199920654297	164.63999938964844	204.1999969482422
9739	171.1999969482422	155.67999267578125	206.8000030517578
9740	174.0800018310547	163.67999267578125	201.40000915527344
9741	176.95999145507812	162.0800018310547	204.40000915527344
9742	179.67999267578125	164.0	201.8000030517578
9743	186.239990234375	147.0399932861328	206.0
9744	113.75999450683594	170.87998962402344	204.1999969482422
9745	116.95999908447266	175.0399932861328	204.6000061035156
9746	124.47999572753906	181.59999084472656	205.40000915527344
9747	165.9199981689453	176.16000366210938	204.8000030517578
9748	171.67999267578125	167.67999267578125	206.40000915527344
9749	162.0800018310547	188.3199920654297	202.1999969482422
9750	119.04000091552734	61.7599983215332	211.6000061035156
9751	124.15999603271484	61.7599983215332	208.6000061035156
9752	127.83999633789062	57.11999893188477	211.8000030517578
9753	130.39999389648438	58.71999740600586	210.0
9754	133.91999816894528	61.599998474121094	209.40000915527344
9755	135.19999694824222	58.39999771118164	207.1999969482422
9756	136.31999206542972	57.599998474121094	210.40000915527344
9757	138.55999755859378	60.959999084472656	208.6000061035156
9758	151.83999633789062	61.91999816894531	210.6000061035156
9759	100.15999603271484	81.27999877929688	208.1999969482422
9760	104.47999572753906	79.5199966430664	209.6000061035156
9761	104.95999908447266	75.83999633789062	212.1999969482422
9762	105.75999450683594	83.5199966430664	208.40000915527344
9763	107.83999633789062	73.43999481201172	210.40000915527344
9764	109.27999877929688	79.68000030517578	209.8000030517578
9765	111.5199966430664	74.23999786376953	208.40000915527344
9766	112.0	70.55999755859375	209.8000030517578
9767	115.36000061035156	68.47999572753906	207.0
9768	114.55999755859376	75.5199966430664	211.1999969482422
9769	112.95999908447266	78.4000015258789	211.0
9770	116.95999908447266	69.27999877929689	210.40000915527344
9771	118.55999755859376	65.27999877929689	207.0
9772	120.63999938964844	66.55999755859375	210.0
9773	117.5999984741211	84.15999603271484	210.1999969482422
9774	124.15999603271484	81.91999816894531	210.6000061035156
9775	126.07999420166016	64.95999908447266	209.1999969482422
9776	126.7199935913086	83.5199966430664	207.8000030517578
9777	127.5199966430664	75.19999694824219	209.0
9778	130.239990234375	64.95999908447266	209.6000061035156
9779	131.36000061035156	71.5199966430664	211.40000915527344
9780	131.52000427246094	79.19999694824219	211.6000061035156
9781	128.31999206542972	81.1199951171875	216.40000915527344
9782	133.1199951171875	80.79999542236328	208.40000915527344
9783	133.44000244140622	65.27999877929689	207.8000030517578
9784	133.27999877929688	74.55999755859375	208.40000915527344
9785	136.63999938964844	66.55999755859375	209.40000915527344
9786	136.80000305175778	83.83999633789062	211.1999969482422
9787	138.239990234375	72.47999572753906	210.40000915527344
9788	136.31999206542972	77.43999481201172	208.1999969482422
9789	139.19999694824222	71.5199966430664	207.8000030517578
9790	136.16000366210938	61.43999862670898	211.6000061035156
9791	140.16000366210938	75.19999694824219	209.6000061035156
9792	140.47999572753906	84.47999572753906	209.8000030517578
9793	143.83999633789062	83.04000091552734	208.6000061035156
9794	142.239990234375	68.63999938964844	208.6000061035156
9795	143.0399932861328	65.76000213623047	211.6000061035156
9796	142.87998962402344	77.5999984741211	211.6000061035156
9797	142.87998962402344	77.75999450683594	207.8000030517578
9798	143.52000427246094	72.47999572753906	211.0
9799	146.55999755859375	64.31999969482422	210.0
9800	146.39999389648438	69.1199951171875	207.0
9801	147.52000427246094	67.68000030517578	210.40000915527344
9802	148.63999938964844	82.23999786376953	210.8000030517578
9803	151.67999267578125	81.91999816894531	210.1999969482422
9804	156.16000366210938	81.43999481201172	210.1999969482422
9805	162.39999389648438	80.0	209.0
9806	82.4000015258789	105.1199951171875	212.0
9807	87.5199966430664	101.43999481201172	210.0
9808	91.36000061035156	96.79999542236328	211.0
9809	91.5199966430664	102.55999755859376	209.40000915527344
9810	95.5199966430664	99.68000030517578	212.8000030517578
9811	97.75999450683594	100.95999908447266	209.1999969482422
9812	95.36000061035156	104.15999603271484	207.0
9813	96.0	87.68000030517578	211.0
9814	96.79999542236328	92.47999572753906	211.1999969482422
9815	97.5999984741211	84.15999603271484	214.0
9816	100.47999572753906	94.55999755859376	210.1999969482422
9817	102.39999389648438	103.04000091552734	210.40000915527344
9818	103.1999969482422	83.83999633789062	210.8000030517578
9819	104.0	104.15999603271484	207.40000915527344
9820	104.79999542236328	89.27999877929688	207.8000030517578
9821	104.79999542236328	88.63999938964844	211.6000061035156
9822	107.36000061035156	94.55999755859376	210.8000030517578
9823	106.72000122070312	99.5199966430664	211.1999969482422
9824	109.5999984741211	92.63999938964844	207.0
9825	107.36000061035156	104.0	209.0
9826	108.47999572753906	86.87999725341797	210.40000915527344
9827	111.1999969482422	85.27999877929688	208.0
9828	112.95999908447266	95.04000091552734	208.1999969482422
9829	112.31999969482422	104.47999572753906	209.1999969482422
9830	114.39999389648438	88.15999603271484	210.1999969482422
9831	114.72000122070312	98.72000122070312	208.40000915527344
9832	115.1999969482422	100.63999938964844	212.1999969482422
9833	122.23999786376952	85.27999877929688	211.8000030517578
9834	123.83999633789062	93.27999877929688	212.0
9835	126.55999755859376	88.63999938964844	208.1999969482422
9836	125.75999450683594	89.27999877929688	212.0
9837	125.91999816894531	100.0	211.6000061035156
9838	129.91999816894528	91.1999969482422	210.40000915527344
9839	127.36000061035156	92.31999969482422	213.0
9840	127.68000030517578	97.5999984741211	209.6000061035156
9841	128.31999206542972	100.79999542236328	207.1999969482422
9842	129.91999816894528	86.23999786376953	211.0
9843	131.52000427246094	95.1999969482422	209.40000915527344
9844	137.75999450683594	91.68000030517578	210.1999969482422
9845	142.72000122070312	90.72000122070312	210.1999969482422
9846	146.239990234375	103.1999969482422	210.8000030517578
9847	147.36000061035156	99.83999633789062	209.6000061035156
9848	150.87998962402344	85.1199951171875	210.1999969482422
9849	153.75999450683594	89.75999450683594	209.0
9850	154.87998962402344	87.68000030517578	212.40000915527344
9851	156.3199920654297	85.1199951171875	211.40000915527344
9852	158.239990234375	102.87999725341795	210.6000061035156
9853	161.9199981689453	90.55999755859376	207.6000061035156
9854	164.3199920654297	102.87999725341795	210.0
9855	167.0399932861328	104.79999542236328	209.6000061035156
9856	170.72000122070312	90.4000015258789	208.8000030517578
9857	172.8000030517578	97.27999877929688	212.8000030517578
9858	169.9199981689453	95.36000061035156	210.40000915527344
9859	171.1999969482422	102.07999420166016	213.0
9860	172.16000366210938	94.55999755859376	209.6000061035156
9861	76.95999908447266	121.5999984741211	211.6000061035156
9862	81.75999450683594	111.83999633789062	209.40000915527344
9863	84.31999969482422	120.0	213.1999969482422
9864	86.4000015258789	105.75999450683594	207.8000030517578
9865	84.47999572753906	110.55999755859376	211.6000061035156
9866	87.83999633789062	109.5999984741211	209.40000915527344
9867	89.75999450683594	122.7199935913086	210.0
9868	91.5199966430664	106.39999389648438	209.40000915527344
9869	92.31999969482422	115.68000030517578	209.1999969482422
9870	92.79999542236328	111.04000091552734	210.40000915527344
9871	95.04000091552734	122.23999786376952	209.40000915527344
9872	96.63999938964844	107.36000061035156	210.40000915527344
9873	96.15999603271484	113.75999450683594	210.0
9874	95.5199966430664	119.04000091552734	211.8000030517578
9875	96.47999572753906	119.1999969482422	207.40000915527344
9876	97.5999984741211	110.39999389648438	208.1999969482422
9877	98.87999725341795	104.95999908447266	210.8000030517578
9878	99.04000091552734	119.83999633789062	211.1999969482422
9879	101.75999450683594	117.75999450683594	209.40000915527344
9880	102.07999420166016	122.87999725341795	209.40000915527344
9881	101.43999481201172	109.27999877929688	213.1999969482422
9882	104.79999542236328	118.55999755859376	207.6000061035156
9883	106.87999725341795	120.31999969482422	211.6000061035156
9884	106.72000122070312	127.5199966430664	209.6000061035156
9885	110.07999420166016	118.23999786376952	212.0
9886	112.79999542236328	123.36000061035156	210.0
9887	112.63999938964844	118.87999725341795	208.0
9888	115.83999633789062	116.47999572753906	209.0
9889	116.63999938964844	124.79999542236328	208.40000915527344
9890	121.1199951171875	121.27999877929688	208.1999969482422
9891	126.7199935913086	114.39999389648438	211.8000030517578
9892	128.16000366210938	121.1199951171875	210.6000061035156
9893	132.80000305175778	111.36000061035156	210.6000061035156
9894	138.87998962402344	114.87999725341795	211.40000915527344
9895	143.83999633789062	101.5999984741211	213.40000915527344
9896	148.0	122.07999420166016	207.1999969482422
9897	157.75999450683594	111.68000030517578	209.40000915527344
9898	165.1199951171875	119.83999633789062	211.8000030517578
9899	183.51998901367188	116.63999938964844	211.8000030517578
9900	185.75999450683597	123.36000061035156	208.0
9901	187.3600006103516	118.87999725341795	210.1999969482422
9902	76.63999938964844	129.75999450683594	212.6000061035156
9903	82.72000122070312	132.80000305175778	212.6000061035156
9904	84.95999908447266	132.0	209.8000030517578
9905	84.95999908447266	123.36000061035156	213.0
9906	86.72000122070312	126.23999786376952	209.6000061035156
9907	87.19999694824219	134.72000122070312	210.1999969482422
9908	88.79999542236328	129.75999450683594	210.40000915527344
9909	93.27999877929688	132.0	210.8000030517578
9910	89.91999816894531	132.80000305175778	212.8000030517578
9911	92.15999603271484	128.16000366210938	212.1999969482422
9912	98.4000015258789	125.27999877929688	211.1999969482422
9913	102.72000122070312	127.1999969482422	211.1999969482422
9914	107.36000061035156	131.67999267578122	212.40000915527344
9915	108.0	137.91999816894528	209.6000061035156
9916	110.39999389648438	125.91999816894531	210.40000915527344
9917	119.83999633789062	144.0	208.8000030517578
9918	138.39999389648438	137.1199951171875	207.6000061035156
9919	167.83999633789062	138.72000122070312	208.8000030517578
9920	177.9199981689453	133.75999450683594	210.1999969482422
9921	178.239990234375	143.52000427246094	208.8000030517578
9922	185.9199981689453	129.59999084472656	210.1999969482422
9923	94.23999786376952	153.75999450683594	209.8000030517578
9924	91.68000030517578	144.95999145507812	213.40000915527344
9925	94.87999725341795	145.75999450683594	213.8000030517578
9926	102.72000122070312	152.0	210.0
9927	108.63999938964844	166.39999389648438	208.6000061035156
9928	112.79999542236328	152.16000366210938	212.1999969482422
9929	112.79999542236328	156.8000030517578	210.40000915527344
9930	116.31999969482422	155.0399932861328	210.0
9931	113.27999877929688	167.36000061035156	211.8000030517578
9932	117.43999481201172	148.0	208.1999969482422
9933	119.83999633789062	149.75999450683594	211.8000030517578
9934	161.27999877929688	163.51998901367188	211.40000915527344
9935	166.0800018310547	170.39999389648438	209.1999969482422
9936	174.0800018310547	161.75999450683594	207.8000030517578
9937	118.55999755859376	173.59999084472656	212.40000915527344
9938	162.87998962402344	171.83999633789062	213.1999969482422
9939	114.23999786376952	64.47999572753906	217.1999969482422
9940	123.04000091552734	61.91999816894531	214.1999969482422
9941	125.5999984741211	58.55999755859375	214.6000061035156
9942	131.83999633789062	55.52000045776367	213.0
9943	134.55999755859378	59.52000045776367	215.40000915527344
9944	139.67999267578122	62.55999755859375	212.40000915527344
9945	142.239990234375	54.23999786376953	212.1999969482422
9946	141.9199981689453	57.11999893188477	219.40000915527344
9947	142.39999389648438	64.15999603271484	215.0
9948	144.95999145507812	56.15999984741211	217.1999969482422
9949	146.0800018310547	56.15999984741211	213.0
9950	145.1199951171875	66.40000152587889	214.6000061035156
9951	148.3199920654297	60.79999923706055	214.1999969482422
9952	102.07999420166016	80.95999908447266	212.6000061035156
9953	104.47999572753906	77.5999984741211	215.40000915527344
9954	110.07999420166016	72.47999572753906	217.6000061035156
9955	108.0	78.55999755859375	214.1999969482422
9956	111.04000091552734	76.0	215.6000061035156
9957	107.68000030517578	84.63999938964844	213.6000061035156
9958	111.36000061035156	68.95999908447266	214.0
9959	111.36000061035156	82.23999786376953	215.40000915527344
9960	114.55999755859376	81.43999481201172	213.6000061035156
9961	116.47999572753906	70.08000183105469	216.40000915527344
9962	117.27999877929688	79.68000030517578	216.40000915527344
9963	118.7199935913086	68.15999603271484	214.6000061035156
9964	119.5199966430664	80.63999938964844	213.8000030517578
9965	121.1199951171875	65.59999847412111	214.8000030517578
9966	126.39999389648438	84.31999969482422	214.8000030517578
9967	127.68000030517578	77.75999450683594	216.0
9968	125.5999984741211	65.27999877929689	217.0
9969	131.03999328613278	75.19999694824219	213.6000061035156
9970	131.36000061035156	62.39999771118164	217.0
9971	128.95999145507812	72.63999938964844	216.8000030517578
9972	133.59999084472656	64.95999908447266	212.8000030517578
9973	133.27999877929688	70.23999786376953	214.8000030517578
9974	134.55999755859378	74.55999755859375	215.40000915527344
9975	135.52000427246094	79.04000091552734	213.40000915527344
9976	136.80000305175778	74.87999725341797	212.8000030517578
9977	136.95999145507812	69.76000213623047	212.0
9978	136.95999145507812	66.23999786376953	215.40000915527344
9979	140.0	81.27999877929688	213.0
9980	140.31999206542972	73.76000213623047	217.0
9981	140.16000366210938	77.75999450683594	214.8000030517578
9982	140.8000030517578	69.76000213623047	216.1999969482422
9983	142.239990234375	74.72000122070312	213.8000030517578
9984	144.0	80.31999969482422	216.40000915527344
9985	146.87998962402344	71.36000061035156	214.6000061035156
9986	146.87998962402344	81.91999816894531	214.6000061035156
9987	150.55999755859375	69.43999481201172	212.40000915527344
9988	154.0800018310547	80.47999572753906	213.1999969482422
9989	154.0800018310547	67.83999633789061	213.6000061035156
9990	159.1999969482422	69.59999847412111	215.8000030517578
9991	165.27999877929688	70.72000122070312	214.8000030517578
9992	168.63999938964844	68.31999969482422	213.40000915527344
9993	167.83999633789062	77.91999816894531	214.6000061035156
9994	168.47999572753906	62.07999801635742	218.8000030517578
9995	170.239990234375	66.55999755859375	215.0
9996	91.5199966430664	103.04000091552734	215.6000061035156
9997	94.4000015258789	88.0	215.6000061035156
9998	97.91999816894531	92.79999542236328	216.6000061035156
9999	99.5199966430664	89.27999877929688	213.1999969482422
10000	101.5999984741211	100.79999542236328	216.0
10001	102.23999786376952	94.87999725341795	213.6000061035156
10002	104.0	87.04000091552734	215.40000915527344
10003	104.79999542236328	99.83999633789062	214.1999969482422
10004	106.23999786376952	96.47999572753906	216.0
10005	108.95999908447266	91.04000091552734	212.6000061035156
10006	107.68000030517578	101.75999450683594	216.40000915527344
10007	106.72000122070312	88.95999908447266	217.0
10008	111.1999969482422	101.75999450683594	214.6000061035156
10009	110.39999389648438	95.36000061035156	213.8000030517578
10010	110.07999420166016	103.83999633789062	212.0
10011	111.5199966430664	97.5999984741211	211.8000030517578
10012	111.1999969482422	91.83999633789062	216.8000030517578
10013	114.23999786376952	88.47999572753906	214.40000915527344
10014	113.43999481201172	97.1199951171875	216.6000061035156
10015	117.91999816894531	87.19999694824219	214.40000915527344
10016	120.79999542236328	85.27999877929688	215.1999969482422
10017	124.31999969482422	88.79999542236328	216.6000061035156
10018	124.31999969482422	100.0	215.40000915527344
10019	127.68000030517578	97.27999877929688	214.6000061035156
10020	128.47999572753906	87.5199966430664	217.40000915527344
10021	130.39999389648438	88.63999938964844	214.6000061035156
10022	130.87998962402344	94.55999755859376	213.40000915527344
10023	135.36000061035156	84.15999603271484	217.8000030517578
10024	140.63999938964844	99.04000091552734	215.8000030517578
10025	145.44000244140625	89.43999481201172	219.0
10026	145.9199981689453	98.23999786376952	215.0
10027	148.95999145507812	101.91999816894531	214.8000030517578
10028	151.67999267578125	85.75999450683594	213.6000061035156
10029	160.63999938964844	96.15999603271484	215.6000061035156
10030	161.75999450683594	89.91999816894531	217.1999969482422
10031	172.0	89.91999816894531	215.1999969482422
10032	170.239990234375	94.55999755859376	215.40000915527344
10033	174.239990234375	83.68000030517578	217.0
10034	178.55999755859375	92.47999572753906	217.40000915527344
10035	179.51998901367188	106.07999420166016	213.8000030517578
10036	75.83999633789062	126.55999755859376	214.1999969482422
10037	76.95999908447266	112.95999908447266	215.0
10038	76.95999908447266	116.31999969482422	212.40000915527344
10039	79.04000091552734	109.1199951171875	214.40000915527344
10040	80.79999542236328	107.1999969482422	215.40000915527344
10041	81.5999984741211	114.07999420166016	214.6000061035156
10042	81.91999816894531	110.87999725341795	216.8000030517578
10043	87.5199966430664	108.79999542236328	214.6000061035156
10044	87.68000030517578	105.27999877929688	212.1999969482422
10045	88.95999908447266	112.79999542236328	212.0
10046	89.27999877929688	124.79999542236328	212.40000915527344
10047	92.79999542236328	109.91999816894531	215.1999969482422
10048	92.31999969482422	106.55999755859376	213.40000915527344
10049	97.1199951171875	123.04000091552734	214.6000061035156
10050	97.75999450683594	109.27999877929688	214.8000030517578
10051	98.4000015258789	117.43999481201172	216.1999969482422
10052	101.1199951171875	124.31999969482422	213.6000061035156
10053	101.1199951171875	115.5199966430664	217.1999969482422
10054	99.5199966430664	123.83999633789062	216.8000030517578
10055	104.15999603271484	116.31999969482422	214.8000030517578
10056	104.95999908447266	125.75999450683594	216.40000915527344
10057	106.87999725341795	126.23999786376952	213.1999969482422
10058	107.04000091552734	118.23999786376952	215.0
10059	110.07999420166016	123.04000091552734	213.8000030517578
10060	113.43999481201172	119.04000091552734	216.40000915527344
10061	114.07999420166016	119.5199966430664	212.40000915527344
10062	115.36000061035156	114.39999389648438	214.6000061035156
10063	142.72000122070312	102.55999755859376	218.40000915527344
10064	145.75999450683594	116.47999572753906	214.8000030517578
10065	150.87998962402344	122.87999725341795	213.40000915527344
10066	152.0	106.23999786376952	216.40000915527344
10067	163.0399932861328	123.1999969482422	216.6000061035156
10068	180.0	114.23999786376952	217.0
10069	77.27999877929688	134.39999389648438	215.0
10070	76.15999603271484	128.31999206542972	216.40000915527344
10071	80.79999542236328	135.83999633789062	213.6000061035156
10072	82.87999725341797	126.07999420166016	214.8000030517578
10073	80.63999938964844	130.239990234375	217.1999969482422
10074	85.1199951171875	129.59999084472656	212.6000061035156
10075	80.47999572753906	138.87998962402344	218.1999969482422
10076	86.4000015258789	133.27999877929688	213.8000030517578
10077	86.72000122070312	137.59999084472656	214.8000030517578
10078	89.91999816894531	138.72000122070312	212.8000030517578
10079	90.55999755859376	141.27999877929688	216.40000915527344
10080	87.04000091552734	145.44000244140625	218.40000915527344
10081	88.15999603271484	127.5199966430664	216.0
10082	90.4000015258789	136.16000366210938	215.40000915527344
10083	91.68000030517578	131.36000061035156	217.0
10084	94.23999786376952	126.07999420166016	214.1999969482422
10085	95.1999969482422	129.44000244140622	213.1999969482422
10086	96.31999969482422	136.0	217.1999969482422
10087	94.87999725341795	137.1199951171875	213.0
10088	97.1199951171875	133.1199951171875	214.1999969482422
10089	97.1199951171875	144.8000030517578	215.1999969482422
10090	103.68000030517578	137.59999084472656	213.40000915527344
10091	102.39999389648438	129.75999450683594	215.40000915527344
10092	103.36000061035156	143.67999267578125	217.8000030517578
10093	133.59999084472656	134.239990234375	212.6000061035156
10094	130.55999755859378	148.0	215.40000915527344
10095	156.8000030517578	140.63999938964844	214.6000061035156
10096	182.3999938964844	128.47999572753906	214.8000030517578
10097	180.47999572753903	143.0399932861328	217.8000030517578
10098	100.63999938964844	160.8000030517578	212.1999969482422
10099	100.31999969482422	151.36000061035156	217.1999969482422
10100	110.55999755859376	150.239990234375	216.6000061035156
10101	112.79999542236328	159.83999633789062	212.8000030517578
10102	116.0	158.87998962402344	215.40000915527344
10103	116.31999969482422	154.0800018310547	213.8000030517578
10104	144.8000030517578	151.36000061035156	212.40000915527344
10105	157.27999877929688	158.0800018310547	216.1999969482422
10106	161.59999084472656	152.8000030517578	217.8000030517578
10107	167.0399932861328	153.27999877929688	212.40000915527344
10108	167.83999633789062	147.0399932861328	217.1999969482422
10109	171.67999267578125	156.63999938964844	213.40000915527344
10110	173.44000244140625	150.239990234375	214.1999969482422
10111	172.8000030517578	160.16000366210938	212.0
10112	123.83999633789062	176.8000030517578	213.40000915527344
10113	129.1199951171875	178.55999755859375	214.40000915527344
10114	136.31999206542972	178.87998962402344	217.6000061035156
10115	139.19999694824222	179.36000061035156	213.1999969482422
10116	147.0399932861328	44.63999938964844	218.8000030517578
10117	120.0	62.07999801635742	221.8000030517578
10118	124.47999572753906	58.07999801635742	222.40000915527344
10119	127.83999633789062	57.27999877929688	218.8000030517578
10120	132.16000366210938	57.91999816894531	220.0
10121	136.47999572753906	55.19999694824219	219.0
10122	143.1999969482422	63.52000045776367	221.0
10123	143.67999267578125	48.0	221.0
10124	145.44000244140625	61.11999893188477	217.1999969482422
10125	145.59999084472656	42.39999771118164	222.40000915527344
10126	152.47999572753906	61.91999816894531	217.40000915527344
10127	151.83999633789062	54.23999786376953	220.6000061035156
10128	157.9199981689453	55.36000061035156	219.1999969482422
10129	164.0	50.39999771118164	221.1999969482422
10130	99.68000030517578	80.79999542236328	217.6000061035156
10131	103.04000091552734	75.83999633789062	217.6000061035156
10132	103.68000030517578	84.0	217.40000915527344
10133	107.83999633789062	83.04000091552734	218.40000915527344
10134	110.87999725341795	66.40000152587889	219.40000915527344
10135	111.36000061035156	77.43999481201172	218.6000061035156
10136	116.79999542236328	85.75999450683594	220.8000030517578
10137	115.5199966430664	77.5999984741211	219.6000061035156
10138	114.87999725341795	82.23999786376953	217.0
10139	123.5199966430664	66.23999786376953	220.1999969482422
10140	130.239990234375	77.27999877929688	221.40000915527344
10141	135.83999633789062	69.43999481201172	221.6000061035156
10142	136.47999572753906	69.91999816894531	217.0
10143	145.75999450683594	71.19999694824219	223.40000915527344
10144	146.39999389648438	71.36000061035156	219.6000061035156
10145	147.0399932861328	82.87999725341797	223.1999969482422
10146	146.39999389648438	68.15999603271484	217.8000030517578
10147	150.39999389648438	68.47999572753906	221.1999969482422
10148	159.67999267578125	72.95999908447266	220.40000915527344
10149	166.87998962402344	77.5999984741211	218.40000915527344
10150	166.239990234375	69.91999816894531	219.6000061035156
10151	166.39999389648438	66.72000122070311	221.6000061035156
10152	169.59999084472656	67.51999664306639	219.40000915527344
10153	170.239990234375	75.04000091552734	219.8000030517578
10154	172.3199920654297	81.5999984741211	222.0
10155	176.3199920654297	85.1199951171875	222.0
10156	177.59999084472656	75.5199966430664	222.6000061035156
10157	183.67999267578125	87.36000061035156	224.8000030517578
10158	81.75999450683594	104.0	219.0
10159	84.47999572753906	99.04000091552734	218.0
10160	89.43999481201172	96.63999938964844	218.6000061035156
10161	92.31999969482422	99.04000091552734	217.8000030517578
10162	91.5199966430664	101.75999450683594	222.1999969482422
10163	95.04000091552734	89.75999450683594	223.6000061035156
10164	92.47999572753906	105.1199951171875	220.40000915527344
10165	94.23999786376952	91.5199966430664	218.40000915527344
10166	95.36000061035156	98.4000015258789	221.0
10167	96.63999938964844	104.95999908447266	217.6000061035156
10168	96.47999572753906	97.27999877929688	217.40000915527344
10169	96.15999603271484	85.91999816894531	222.8000030517578
10170	97.27999877929688	104.95999908447266	221.1999969482422
10171	97.75999450683594	96.15999603271484	221.6000061035156
10172	101.43999481201172	95.83999633789062	219.6000061035156
10173	104.47999572753906	98.4000015258789	222.1999969482422
10174	104.63999938964844	87.68000030517578	222.1999969482422
10175	105.43999481201172	94.87999725341795	219.8000030517578
10176	110.23999786376952	92.63999938964844	221.0
10177	108.63999938964844	98.4000015258789	221.6000061035156
10178	113.91999816894531	85.91999816894531	217.6000061035156
10179	120.47999572753906	84.79999542236328	219.8000030517578
10180	125.43999481201172	91.5199966430664	218.6000061035156
10181	123.36000061035156	92.31999969482422	221.40000915527344
10182	124.47999572753906	85.1199951171875	218.8000030517578
10183	128.63999938964844	94.23999786376952	218.1999969482422
10184	138.08000183105472	90.87999725341795	222.40000915527344
10185	140.0	97.1199951171875	221.1999969482422
10186	141.27999877929688	95.1999969482422	218.6000061035156
10187	141.44000244140625	100.63999938964844	222.0
10188	143.1999969482422	95.5199966430664	221.8000030517578
10189	155.0399932861328	97.27999877929688	219.40000915527344
10190	153.75999450683594	91.5199966430664	219.40000915527344
10191	155.67999267578125	100.47999572753906	221.40000915527344
10192	164.95999145507812	100.95999908447266	220.1999969482422
10193	169.27999877929688	101.27999877929688	223.40000915527344
10194	174.55999755859375	100.95999908447266	219.8000030517578
10195	173.75999450683594	98.87999725341795	216.6000061035156
10196	176.3199920654297	88.31999969482422	222.6000061035156
10197	175.67999267578125	90.07999420166016	217.6000061035156
10198	181.59999084472656	90.55999755859376	220.1999969482422
10199	181.27999877929688	100.15999603271484	222.40000915527344
10200	74.72000122070312	119.68000030517578	218.1999969482422
10201	76.47999572753906	123.68000030517578	219.40000915527344
10202	74.55999755859375	115.36000061035156	222.40000915527344
10203	79.04000091552734	115.1999969482422	219.6000061035156
10204	84.79999542236328	123.83999633789062	218.40000915527344
10205	88.31999969482422	122.39999389648438	217.1999969482422
10206	87.68000030517578	123.04000091552734	222.6000061035156
10207	91.36000061035156	121.5999984741211	221.8000030517578
10208	92.47999572753906	123.83999633789062	218.0
10209	94.23999786376952	111.1999969482422	219.1999969482422
10210	97.5999984741211	110.07999420166016	220.40000915527344
10211	96.63999938964844	113.91999816894531	220.8000030517578
10212	96.79999542236328	118.39999389648438	219.6000061035156
10213	100.31999969482422	108.31999969482422	218.0
10214	99.36000061035156	120.15999603271484	222.0
10215	100.47999572753906	116.15999603271484	221.1999969482422
10216	102.87999725341795	112.0	220.6000061035156
10217	105.27999877929688	117.43999481201172	219.0
10218	105.43999481201172	122.55999755859376	218.8000030517578
10219	106.87999725341795	113.43999481201172	221.8000030517578
10220	108.79999542236328	114.39999389648438	217.6000061035156
10221	109.75999450683594	122.55999755859376	218.0
10222	112.31999969482422	117.91999816894531	219.6000061035156
10223	113.27999877929688	113.43999481201172	219.0
10224	119.04000091552734	105.5999984741211	217.40000915527344
10225	120.0	110.55999755859376	221.0
10226	126.23999786376952	120.95999908447266	215.40000915527344
10227	122.55999755859376	106.39999389648438	221.40000915527344
10228	128.80000305175778	123.83999633789062	222.1999969482422
10229	125.1199951171875	114.23999786376952	221.40000915527344
10230	127.68000030517578	117.43999481201172	217.40000915527344
10231	135.36000061035156	111.04000091552734	217.6000061035156
10232	144.16000366210938	113.91999816894531	220.1999969482422
10233	152.3199920654297	115.83999633789062	220.1999969482422
10234	155.83999633789062	103.5199966430664	219.8000030517578
10235	161.59999084472656	115.83999633789062	220.8000030517578
10236	171.83999633789062	105.27999877929688	219.1999969482422
10237	169.75999450683594	115.1999969482422	223.0
10238	177.27999877929688	106.39999389648438	219.40000915527344
10239	72.31999969482422	131.03999328613278	222.40000915527344
10240	76.31999969482422	141.27999877929688	219.40000915527344
10241	77.43999481201172	128.0	220.0
10242	76.95999908447266	132.31999206542972	220.8000030517578
10243	75.83999633789062	135.52000427246094	221.40000915527344
10244	80.47999572753906	136.47999572753906	221.8000030517578
10245	81.5999984741211	132.80000305175778	221.1999969482422
10246	84.31999969482422	139.03999328613278	218.8000030517578
10247	83.83999633789062	133.44000244140622	217.8000030517578
10248	83.83999633789062	128.80000305175778	221.6000061035156
10249	86.4000015258789	135.83999633789062	220.40000915527344
10250	86.4000015258789	132.16000366210938	220.8000030517578
10251	88.0	139.03999328613278	219.1999969482422
10252	88.31999969482422	132.63999938964844	217.8000030517578
10253	91.5199966430664	128.31999206542972	221.0
10254	90.4000015258789	135.83999633789062	220.0
10255	90.87999725341795	132.31999206542972	222.0
10256	93.43999481201172	138.239990234375	217.40000915527344
10257	94.87999725341795	132.95999145507812	219.8000030517578
10258	96.15999603271484	140.63999938964844	220.40000915527344
10259	96.15999603271484	144.0	220.1999969482422
10260	96.63999938964844	128.0	218.0
10261	95.5199966430664	125.43999481201172	221.8000030517578
10262	98.72000122070312	139.83999633789062	220.6000061035156
10263	101.43999481201172	135.36000061035156	220.1999969482422
10264	101.1199951171875	131.19999694824222	221.1999969482422
10265	107.1999969482422	135.36000061035156	217.40000915527344
10266	106.39999389648438	131.83999633789062	220.40000915527344
10267	112.0	133.44000244140622	223.40000915527344
10268	113.43999481201172	132.80000305175778	217.40000915527344
10269	115.5199966430664	132.63999938964844	220.6000061035156
10270	115.36000061035156	137.27999877929688	222.6000061035156
10271	116.15999603271484	145.44000244140625	218.40000915527344
10272	130.08000183105472	128.16000366210938	217.40000915527344
10273	136.16000366210938	146.239990234375	218.40000915527344
10274	171.67999267578125	134.55999755859378	218.1999969482422
10275	96.15999603271484	148.16000366210938	221.40000915527344
10276	96.63999938964844	159.0399932861328	222.6000061035156
10277	98.87999725341795	147.36000061035156	222.40000915527344
10278	101.43999481201172	145.9199981689453	222.8000030517578
10279	104.31999969482422	155.0399932861328	220.0
10280	119.1999969482422	156.47999572753906	218.1999969482422
10281	141.9199981689453	164.8000030517578	222.1999969482422
10282	150.72000122070312	153.44000244140625	218.0
10283	169.9199981689453	156.16000366210938	217.8000030517578
10284	115.04000091552734	168.47999572753906	220.0
10285	124.31999969482422	172.3199920654297	219.8000030517578
10286	147.0399932861328	173.59999084472656	220.40000915527344
10287	144.16000366210938	174.39999389648438	222.40000915527344
10288	159.36000061035156	172.0	221.0
10289	115.36000061035156	59.52000045776367	225.8000030517578
10290	123.68000030517578	63.19999694824219	224.1999969482422
10291	126.23999786376952	61.43999862670898	227.8000030517578
10292	130.87998962402344	60.15999984741211	224.8000030517578
10293	135.19999694824222	58.71999740600586	223.0
10294	141.59999084472656	43.36000061035156	223.1999969482422
10295	141.44000244140625	47.68000030517578	225.1999969482422
10296	144.0	58.71999740600586	222.40000915527344
10297	149.59999084472656	46.39999771118164	227.1999969482422
10298	152.16000366210938	59.3599967956543	224.0
10299	155.83999633789062	50.87999725341797	227.0
10300	155.36000061035156	45.27999877929688	224.1999969482422
10301	156.8000030517578	52.63999938964844	224.1999969482422
10302	160.0	64.79999542236328	224.1999969482422
10303	167.83999633789062	61.11999893188477	222.6000061035156
10304	176.0	60.15999984741211	225.6000061035156
10305	98.72000122070312	82.08000183105469	224.40000915527344
10306	101.1199951171875	79.36000061035156	225.6000061035156
10307	106.72000122070312	74.87999725341797	223.40000915527344
10308	107.36000061035156	81.91999816894531	226.1999969482422
10309	108.47999572753906	80.15999603271484	222.8000030517578
10310	111.1999969482422	81.1199951171875	225.6000061035156
10311	115.83999633789062	82.08000183105469	222.1999969482422
10312	119.36000061035156	69.27999877929689	224.1999969482422
10313	122.23999786376952	84.95999908447266	226.0
10314	129.75999450683594	72.47999572753906	228.1999969482422
10315	132.0	68.15999603271484	225.8000030517578
10316	134.55999755859378	66.23999786376953	223.8000030517578
10317	135.03999328613278	72.15999603271484	226.0
10318	140.47999572753906	75.36000061035156	224.8000030517578
10319	141.27999877929688	82.87999725341797	226.6000061035156
10320	157.59999084472656	81.1199951171875	222.6000061035156
10321	159.67999267578125	68.63999938964844	223.40000915527344
10322	163.67999267578125	72.31999969482422	225.8000030517578
10323	165.27999877929688	76.63999938964844	222.6000061035156
10324	165.27999877929688	68.63999938964844	227.1999969482422
10325	169.59999084472656	66.08000183105469	224.8000030517578
10326	166.87998962402344	79.5199966430664	226.8000030517578
10327	170.239990234375	62.07999801635742	226.8000030517578
10328	173.59999084472656	78.72000122070312	225.1999969482422
10329	173.59999084472656	66.40000152587889	222.8000030517578
10330	178.55999755859375	66.23999786376953	226.6000061035156
10331	178.39999389648438	78.87999725341797	227.0
10332	80.15999603271484	99.83999633789062	225.0
10333	85.91999816894531	98.07999420166016	223.0
10334	88.63999938964844	95.04000091552734	225.0
10335	92.31999969482422	88.63999938964844	225.8000030517578
10336	92.79999542236328	93.1199951171875	226.0
10337	93.91999816894531	97.5999984741211	225.1999969482422
10338	98.07999420166016	101.75999450683594	225.40000915527344
10339	96.47999572753906	91.04000091552734	226.0
10340	101.1199951171875	91.5199966430664	222.0
10341	101.27999877929688	87.68000030517578	226.1999969482422
10342	100.63999938964844	106.23999786376952	223.1999969482422
10343	104.95999908447266	95.04000091552734	226.1999969482422
10344	108.63999938964844	85.43999481201172	225.6000061035156
10345	108.79999542236328	89.75999450683594	224.40000915527344
10346	114.23999786376952	85.27999877929688	224.0
10347	119.83999633789062	99.36000061035156	224.40000915527344
10348	120.47999572753906	88.31999969482422	222.6000061035156
10349	128.16000366210938	98.87999725341795	227.1999969482422
10350	133.44000244140622	84.79999542236328	226.40000915527344
10351	134.55999755859378	99.36000061035156	224.8000030517578
10352	145.59999084472656	88.95999908447266	225.40000915527344
10353	153.1199951171875	95.68000030517578	224.40000915527344
10354	161.44000244140625	86.72000122070312	223.40000915527344
10355	171.1999969482422	91.1999969482422	225.0
10356	174.39999389648438	92.79999542236328	226.0
10357	173.59999084472656	87.04000091552734	226.8000030517578
10358	178.87998962402344	89.91999816894531	226.8000030517578
10359	180.8000030517578	94.4000015258789	227.40000915527344
10360	181.44000244140625	102.72000122070312	225.1999969482422
10361	184.1599884033203	104.31999969482422	224.0
10362	74.4000015258789	117.75999450683594	226.6000061035156
10363	75.36000061035156	111.04000091552734	224.0
10364	75.36000061035156	121.27999877929688	222.1999969482422
10365	76.47999572753906	107.83999633789062	227.6000061035156
10366	77.75999450683594	121.43999481201172	225.1999969482422
10367	76.31999969482422	114.55999755859376	226.8000030517578
10368	78.87999725341797	114.72000122070312	224.1999969482422
10369	88.47999572753906	118.07999420166016	223.0
10370	98.4000015258789	108.15999603271484	226.6000061035156
10371	99.5199966430664	110.55999755859376	224.1999969482422
10372	100.47999572753906	115.36000061035156	224.40000915527344
10373	102.23999786376952	106.23999786376952	227.0
10374	104.15999603271484	114.55999755859376	225.1999969482422
10375	104.47999572753906	110.55999755859376	225.8000030517578
10376	105.75999450683594	121.91999816894531	222.1999969482422
10377	108.47999572753906	116.31999969482422	222.1999969482422
10378	108.63999938964844	117.1199951171875	225.1999969482422
10379	109.91999816894531	111.68000030517578	224.0
10380	117.5999984741211	107.1999969482422	227.1999969482422
10381	122.87999725341795	120.15999603271484	224.6000061035156
10382	125.75999450683594	108.0	224.0
10383	136.47999572753906	117.75999450683594	226.1999969482422
10384	135.67999267578122	109.1199951171875	223.1999969482422
10385	136.31999206542972	105.75999450683594	226.8000030517578
10386	141.59999084472656	119.83999633789062	224.6000061035156
10387	152.0	116.0	225.40000915527344
10388	150.87998962402344	110.07999420166016	225.0
10389	162.55999755859375	110.23999786376952	222.40000915527344
10390	176.16000366210938	113.1199951171875	226.1999969482422
10391	180.1599884033203	118.87999725341795	225.1999969482422
10392	74.23999786376953	139.36000061035156	223.8000030517578
10393	73.76000213623047	142.39999389648438	224.8000030517578
10394	75.19999694824219	127.1999969482422	226.8000030517578
10395	77.5999984741211	134.08000183105472	225.40000915527344
10396	78.72000122070312	130.39999389648438	224.1999969482422
10397	78.08000183105469	143.83999633789062	226.0
10398	81.5999984741211	139.67999267578122	224.0
10399	80.47999572753906	143.52000427246094	223.0
10400	85.27999877929688	134.72000122070312	224.6000061035156
10401	84.15999603271484	125.1199951171875	225.6000061035156
10402	88.0	130.55999755859378	224.0
10403	84.79999542236328	145.44000244140625	223.6000061035156
10404	87.19999694824219	127.04000091552734	223.40000915527344
10405	88.63999938964844	139.19999694824222	223.1999969482422
10406	91.36000061035156	125.75999450683594	224.1999969482422
10407	90.72000122070312	130.08000183105472	226.1999969482422
10408	94.4000015258789	134.39999389648438	225.1999969482422
10409	93.5999984741211	137.27999877929688	225.6000061035156
10410	95.68000030517578	142.55999755859375	223.8000030517578
10411	94.87999725341795	129.91999816894528	222.1999969482422
10412	95.68000030517578	132.0	225.1999969482422
10413	105.43999481201172	126.55999755859376	226.6000061035156
10414	109.27999877929688	126.55999755859376	222.40000915527344
10415	112.47999572753906	127.04000091552734	224.6000061035156
10416	116.63999938964844	140.63999938964844	224.8000030517578
10417	116.15999603271484	148.8000030517578	229.6000061035156
10418	131.52000427246094	135.67999267578122	225.0
10419	132.63999938964844	131.52000427246094	226.8000030517578
10420	153.44000244140625	147.1999969482422	225.1999969482422
10421	165.44000244140625	140.8000030517578	224.0
10422	166.87998962402344	126.39999389648438	227.1999969482422
10423	174.239990234375	136.16000366210938	227.0
10424	175.51998901367188	131.52000427246094	226.8000030517578
10425	74.23999786376953	149.59999084472656	225.0
10426	85.5999984741211	160.0	225.8000030517578
10427	90.72000122070312	157.44000244140625	225.0
10428	101.43999481201172	160.8000030517578	222.6000061035156
10429	108.0	150.39999389648438	224.0
10430	106.39999389648438	164.3199920654297	224.8000030517578
10431	110.39999389648438	148.47999572753906	226.40000915527344
10432	111.68000030517578	163.1999969482422	224.40000915527344
10433	116.63999938964844	163.0399932861328	224.40000915527344
10434	126.39999389648438	153.75999450683594	224.6000061035156
10435	132.16000366210938	164.8000030517578	226.0
10436	130.87998962402344	158.55999755859375	223.40000915527344
10437	160.3199920654297	162.87998962402344	222.8000030517578
10438	168.3199920654297	151.51998901367188	221.40000915527344
10439	167.1999969482422	151.1999969482422	225.6000061035156
10440	170.0800018310547	144.16000366210938	227.1999969482422
10441	121.27999877929688	168.3199920654297	223.0
10442	128.16000366210938	170.0800018310547	226.6000061035156
10443	148.16000366210938	168.63999938964844	226.0
10444	137.91999816894528	40.0	227.6000061035156
10445	150.39999389648438	40.31999969482422	230.8000030517578
10446	156.3199920654297	37.11999893188477	229.40000915527344
10447	118.23999786376952	58.07999801635742	228.1999969482422
10448	125.27999877929688	55.84000015258789	230.0
10449	126.87999725341795	62.71999740600586	232.6000061035156
10450	128.47999572753906	58.07999801635742	228.1999969482422
10451	134.39999389648438	63.84000015258789	228.0
10452	137.75999450683594	44.31999969482422	227.8000030517578
10453	139.03999328613278	63.84000015258789	227.0
10454	144.0	60.15999984741211	230.1999969482422
10455	146.55999755859375	52.959999084472656	228.8000030517578
10456	150.0800018310547	44.63999938964844	229.8000030517578
10457	152.16000366210938	52.959999084472656	229.6000061035156
10458	153.1199951171875	46.55999755859375	229.8000030517578
10459	156.63999938964844	43.84000015258789	227.1999969482422
10460	165.75999450683594	61.43999862670898	228.0
10461	173.9199981689453	56.31999969482422	229.40000915527344
10462	179.83999633789062	47.68000030517578	230.8000030517578
10463	178.87998962402344	62.55999755859375	227.40000915527344
10464	99.68000030517578	83.5199966430664	229.8000030517578
10465	105.27999877929688	79.36000061035156	228.40000915527344
10466	104.31999969482422	83.04000091552734	229.8000030517578
10467	108.47999572753906	82.4000015258789	229.8000030517578
10468	111.68000030517578	67.51999664306639	229.6000061035156
10469	113.1199951171875	68.31999969482422	234.1999969482422
10470	125.43999481201172	69.76000213623047	227.40000915527344
10471	125.5999984741211	74.08000183105469	227.6000061035156
10472	126.87999725341795	83.19999694824219	228.0
10473	132.0	70.23999786376953	228.6000061035156
10474	136.31999206542972	77.5999984741211	229.8000030517578
10475	137.44000244140622	68.47999572753906	227.8000030517578
10476	139.52000427246094	72.15999603271484	230.0
10477	139.03999328613278	68.47999572753906	231.0
10478	143.36000061035156	71.19999694824219	228.1999969482422
10479	152.16000366210938	79.68000030517578	232.6000061035156
10480	158.55999755859375	74.08000183105469	229.40000915527344
10481	162.239990234375	69.59999847412111	230.40000915527344
10482	175.0399932861328	83.5199966430664	227.40000915527344
10483	178.239990234375	78.55999755859375	233.40000915527344
10484	181.27999877929688	71.5199966430664	229.6000061035156
10485	180.47999572753903	77.91999816894531	228.8000030517578
10486	185.1199951171875	77.75999450683594	232.6000061035156
10487	88.79999542236328	92.15999603271484	227.6000061035156
10488	93.27999877929688	90.23999786376952	230.0
10489	94.55999755859376	96.31999969482422	229.6000061035156
10490	96.31999969482422	84.63999938964844	229.40000915527344
10491	97.91999816894531	101.91999816894531	227.6000061035156
10492	98.55999755859376	88.47999572753906	229.1999969482422
10493	97.5999984741211	94.07999420166016	230.0
10494	102.23999786376952	93.5999984741211	228.6000061035156
10495	103.68000030517578	85.5999984741211	229.0
10496	105.1199951171875	91.36000061035156	228.40000915527344
10497	106.39999389648438	89.5999984741211	232.1999969482422
10498	113.43999481201172	100.79999542236328	227.0
10499	115.04000091552734	98.23999786376952	227.40000915527344
10500	123.68000030517578	96.79999542236328	230.40000915527344
10501	126.23999786376952	89.27999877929688	232.40000915527344
10502	129.27999877929688	83.04000091552734	231.1999969482422
10503	131.67999267578122	93.91999816894531	230.6000061035156
10504	133.27999877929688	105.75999450683594	233.40000915527344
10505	160.95999145507812	98.55999755859376	227.1999969482422
10506	171.67999267578125	87.68000030517578	228.40000915527344
10507	174.87998962402344	89.91999816894531	230.1999969482422
10508	178.39999389648438	101.91999816894531	228.8000030517578
10509	184.3199920654297	107.68000030517578	229.8000030517578
10510	184.47999572753903	96.79999542236328	232.6000061035156
10511	70.23999786376953	123.36000061035156	229.40000915527344
10512	74.55999755859375	119.04000091552734	229.6000061035156
10513	77.5999984741211	113.27999877929688	229.8000030517578
10514	85.1199951171875	105.75999450683594	230.8000030517578
10515	86.4000015258789	121.5999984741211	230.40000915527344
10516	89.5999984741211	111.68000030517578	231.40000915527344
10517	93.1199951171875	123.36000061035156	228.1999969482422
10518	99.04000091552734	109.75999450683594	230.40000915527344
10519	99.68000030517578	122.87999725341795	231.0
10520	105.1199951171875	112.15999603271484	230.1999969482422
10521	109.5999984741211	123.68000030517578	229.40000915527344
10522	110.72000122070312	104.79999542236328	229.6000061035156
10523	112.63999938964844	108.63999938964844	229.0
10524	122.07999420166016	105.91999816894531	229.40000915527344
10525	120.79999542236328	116.0	227.0
10526	122.07999420166016	111.36000061035156	228.8000030517578
10527	128.95999145507812	106.72000122070312	229.8000030517578
10528	132.31999206542972	118.07999420166016	230.40000915527344
10529	143.52000427246094	116.31999969482422	230.0
10530	141.75999450683594	108.15999603271484	233.0
10531	149.27999877929688	106.07999420166016	230.0
10532	149.1199951171875	119.5199966430664	228.0
10533	150.72000122070312	113.1199951171875	232.8000030517578
10534	158.87998962402344	112.63999938964844	227.8000030517578
10535	166.39999389648438	120.47999572753906	229.1999969482422
10536	165.9199981689453	114.23999786376952	231.0
10537	173.75999450683594	112.79999542236328	228.1999969482422
10538	174.55999755859375	125.27999877929688	229.6000061035156
10539	174.87998962402344	117.91999816894531	233.1999969482422
10540	176.95999145507812	111.83999633789062	230.6000061035156
10541	70.87999725341797	140.63999938964844	229.0
10542	71.19999694824219	128.63999938964844	230.0
10543	75.83999633789062	141.1199951171875	229.1999969482422
10544	80.15999603271484	132.0	229.1999969482422
10545	77.75999450683594	137.75999450683594	228.8000030517578
10546	83.36000061035156	128.31999206542972	227.6000061035156
10547	80.47999572753906	144.63999938964844	232.8000030517578
10548	85.75999450683594	132.16000366210938	228.1999969482422
10549	82.4000015258789	147.67999267578125	229.6000061035156
10550	86.72000122070312	139.36000061035156	229.6000061035156
10551	89.5999984741211	137.91999816894528	228.1999969482422
10552	101.5999984741211	132.63999938964844	231.8000030517578
10553	106.55999755859376	132.0	228.40000915527344
10554	108.15999603271484	142.72000122070312	227.6000061035156
10555	107.36000061035156	125.91999816894531	229.8000030517578
10556	117.1199951171875	140.31999206542972	229.6000061035156
10557	115.04000091552734	130.39999389648438	232.40000915527344
10558	116.31999969482422	135.67999267578122	230.6000061035156
10559	123.36000061035156	135.36000061035156	231.40000915527344
10560	129.1199951171875	128.95999145507812	230.1999969482422
10561	128.47999572753906	150.55999755859375	228.6000061035156
10562	152.63999938964844	142.72000122070312	230.1999969482422
10563	156.63999938964844	142.39999389648438	230.40000915527344
10564	169.44000244140625	137.1199951171875	233.1999969482422
10565	177.27999877929688	129.27999877929688	232.1999969482422
10566	76.63999938964844	147.1999969482422	231.0
10567	83.19999694824219	154.239990234375	229.40000915527344
10568	83.68000030517578	161.27999877929688	230.40000915527344
10569	87.04000091552734	152.95999145507812	227.8000030517578
10570	84.79999542236328	147.1999969482422	229.1999969482422
10571	86.87999725341797	163.51998901367188	230.40000915527344
10572	88.63999938964844	159.0399932861328	231.8000030517578
10573	100.95999908447266	165.27999877929688	230.8000030517578
10574	107.36000061035156	161.75999450683594	228.0
10575	110.23999786376952	161.9199981689453	232.1999969482422
10576	118.23999786376952	153.75999450683594	231.8000030517578
10577	119.68000030517578	164.16000366210938	230.8000030517578
10578	135.03999328613278	163.0399932861328	231.1999969482422
10579	139.36000061035156	155.67999267578125	230.40000915527344
10580	152.95999145507812	157.44000244140625	234.1999969482422
10581	158.39999389648438	154.72000122070312	232.6000061035156
10582	90.72000122070312	168.47999572753906	233.0
10583	108.79999542236328	167.0399932861328	230.8000030517578
10584	112.79999542236328	165.59999084472656	228.0
10585	115.04000091552734	169.75999450683594	233.8000030517578
10586	122.39999389648438	168.0	231.1999969482422
10587	131.03999328613278	168.0	231.8000030517578
10588	133.27999877929688	169.75999450683594	229.1999969482422
10589	139.36000061035156	168.0	230.1999969482422
10590	151.51998901367188	40.31999969482422	234.6000061035156
10591	157.59999084472656	35.84000015258789	235.0
10592	156.47999572753906	44.31999969482422	231.40000915527344
10593	119.83999633789062	64.15999603271484	237.6000061035156
10594	127.83999633789062	58.39999771118164	235.8000030517578
10595	140.0	47.36000061035156	233.1999969482422
10596	143.1999969482422	60.47999954223633	236.8000030517578
10597	141.9199981689453	55.52000045776367	236.1999969482422
10598	145.1199951171875	51.52000045776367	235.0
10599	148.95999145507812	56.15999984741211	233.0
10600	151.36000061035156	44.0	235.0
10601	152.63999938964844	65.1199951171875	234.8000030517578
10602	169.44000244140625	61.599998474121094	236.0
10603	174.72000122070312	53.27999877929688	233.8000030517578
10604	176.47999572753906	58.71999740600586	236.1999969482422
10605	100.0	82.4000015258789	235.1999969482422
10606	105.91999816894531	74.4000015258789	233.1999969482422
10607	105.43999481201172	83.04000091552734	237.0
10608	106.23999786376952	80.15999603271484	231.6000061035156
10609	106.23999786376952	85.43999481201172	233.6000061035156
10610	110.87999725341795	70.4000015258789	232.1999969482422
10611	110.39999389648438	79.19999694824219	232.1999969482422
10612	110.07999420166016	69.1199951171875	236.6000061035156
10613	111.36000061035156	76.31999969482422	235.6000061035156
10614	116.47999572753906	68.0	235.6000061035156
10615	116.31999969482422	75.19999694824219	236.1999969482422
10616	126.55999755859376	64.95999908447266	237.6000061035156
10617	135.03999328613278	72.47999572753906	231.1999969482422
10618	144.63999938964844	64.79999542236328	232.0
10619	145.44000244140625	70.55999755859375	235.0
10620	148.47999572753906	76.63999938964844	232.8000030517578
10621	149.9199981689453	70.08000183105469	233.40000915527344
10622	151.83999633789062	69.76000213623047	236.0
10623	156.63999938964844	69.91999816894531	234.40000915527344
10624	161.59999084472656	73.91999816894531	231.8000030517578
10625	181.27999877929688	69.59999847412111	234.6000061035156
10626	183.0399932861328	71.36000061035156	237.1999969482422
10627	182.0800018310547	77.1199951171875	234.0
10628	183.0399932861328	72.79999542236328	233.6000061035156
10629	93.75999450683594	88.95999908447266	233.1999969482422
10630	84.63999938964844	104.63999938964844	241.40000915527344
10631	94.23999786376952	96.47999572753906	235.0
10632	96.95999908447266	98.07999420166016	232.0
10633	96.63999938964844	84.47999572753906	236.0
10634	97.5999984741211	90.55999755859376	237.0
10635	96.79999542236328	93.43999481201172	233.6000061035156
10636	102.87999725341795	92.15999603271484	232.6000061035156
10637	98.07999420166016	89.43999481201172	233.8000030517578
10638	110.39999389648438	97.1199951171875	237.8000030517578
10639	112.0	92.95999908447266	237.0
10640	116.31999969482422	92.63999938964844	236.40000915527344
10641	118.23999786376952	107.68000030517578	232.1999969482422
10642	120.0	92.15999603271484	233.40000915527344
10643	125.91999816894531	84.79999542236328	236.1999969482422
10644	125.27999877929688	100.0	235.40000915527344
10645	134.39999389648438	94.23999786376952	235.40000915527344
10646	134.239990234375	83.5199966430664	239.1999969482422
10647	134.08000183105472	100.47999572753906	235.0
10648	144.47999572753906	103.83999633789062	236.1999969482422
10649	173.1199951171875	94.55999755859376	233.6000061035156
10650	177.75999450683594	89.75999450683594	234.6000061035156
10651	176.8000030517578	101.75999450683594	232.1999969482422
10652	177.27999877929688	103.68000030517578	235.8000030517578
10653	182.87998962402344	90.4000015258789	238.6000061035156
10654	76.15999603271484	117.43999481201172	233.0
10655	74.4000015258789	110.55999755859376	234.40000915527344
10656	73.91999816894531	114.55999755859376	232.40000915527344
10657	74.72000122070312	123.04000091552734	236.40000915527344
10658	74.55999755859375	124.0	233.1999969482422
10659	75.68000030517578	107.04000091552734	236.6000061035156
10660	79.19999694824219	125.27999877929688	234.1999969482422
10661	81.43999481201172	121.27999877929688	235.6000061035156
10662	83.04000091552734	114.23999786376952	234.40000915527344
10663	86.08000183105469	107.1999969482422	234.0
10664	86.72000122070312	112.47999572753906	234.0
10665	92.15999603271484	117.27999877929688	233.40000915527344
10666	91.5199966430664	112.15999603271484	235.0
10667	98.87999725341795	114.55999755859376	234.6000061035156
10668	100.31999969482422	106.39999389648438	232.1999969482422
10669	107.83999633789062	117.43999481201172	235.1999969482422
10670	111.5199966430664	118.55999755859376	234.0
10671	118.7199935913086	115.5199966430664	237.1999969482422
10672	125.1199951171875	118.39999389648438	234.1999969482422
10673	127.68000030517578	107.36000061035156	234.8000030517578
10674	144.95999145507812	116.0	237.0
10675	158.239990234375	115.36000061035156	233.0
10676	163.51998901367188	121.27999877929688	235.40000915527344
10677	166.0800018310547	106.72000122070312	236.0
10678	169.75999450683594	108.95999908447266	234.0
10679	170.87998962402344	116.31999969482422	235.0
10680	173.27999877929688	109.91999816894531	235.6000061035156
10681	173.44000244140625	105.1199951171875	236.40000915527344
10682	177.59999084472656	109.43999481201172	234.1999969482422
10683	179.67999267578125	119.83999633789062	234.8000030517578
10684	179.51998901367188	122.39999389648438	232.40000915527344
10685	180.3199920654297	115.68000030517578	235.1999969482422
10686	56.15999984741211	144.8000030517578	235.1999969482422
10687	58.23999786376953	140.8000030517578	234.8000030517578
10688	61.27999877929688	141.27999877929688	233.40000915527344
10689	70.87999725341797	132.80000305175778	232.0
10690	73.27999877929688	139.19999694824222	234.8000030517578
10691	72.63999938964844	129.27999877929688	233.40000915527344
10692	76.47999572753906	127.36000061035156	234.6000061035156
10693	78.08000183105469	137.1199951171875	233.0
10694	77.1199951171875	132.16000366210938	237.8000030517578
10695	81.1199951171875	130.08000183105472	232.8000030517578
10696	84.31999969482422	137.27999877929688	234.8000030517578
10697	84.31999969482422	130.39999389648438	236.40000915527344
10698	90.72000122070312	129.75999450683594	234.6000061035156
10699	90.72000122070312	137.59999084472656	237.1999969482422
10700	96.79999542236328	134.08000183105472	234.0
10701	94.4000015258789	142.239990234375	236.6000061035156
10702	119.1999969482422	126.55999755859376	237.1999969482422
10703	121.27999877929688	132.95999145507812	235.40000915527344
10704	130.08000183105472	138.87998962402344	234.1999969482422
10705	131.36000061035156	129.75999450683594	234.40000915527344
10706	155.0399932861328	127.04000091552734	237.1999969482422
10707	165.27999877929688	142.87998962402344	234.8000030517578
10708	169.1199951171875	142.239990234375	234.1999969482422
10709	174.55999755859375	128.16000366210938	236.8000030517578
10710	59.03999710083008	148.16000366210938	233.1999969482422
10711	67.04000091552734	154.0800018310547	235.8000030517578
10712	69.59999847412111	152.3199920654297	235.1999969482422
10713	72.95999908447266	148.0	236.1999969482422
10714	80.95999908447266	161.75999450683594	235.1999969482422
10715	85.75999450683594	159.67999267578125	235.0
10716	84.31999969482422	151.36000061035156	235.8000030517578
10717	86.87999725341797	164.8000030517578	236.40000915527344
10718	89.27999877929688	151.0399932861328	232.0
10719	93.27999877929688	157.75999450683594	232.0
10720	95.83999633789062	147.52000427246094	233.40000915527344
10721	101.91999816894531	153.1199951171875	232.40000915527344
10722	100.15999603271484	165.1199951171875	239.0
10723	116.79999542236328	156.3199920654297	235.6000061035156
10724	115.83999633789062	153.44000244140625	238.0
10725	120.63999938964844	146.87998962402344	238.1999969482422
10726	127.04000091552734	148.47999572753906	233.1999969482422
10727	124.63999938964844	164.95999145507812	236.40000915527344
10728	131.19999694824222	156.63999938964844	233.6000061035156
10729	130.39999389648438	152.8000030517578	237.0
10730	159.83999633789062	151.51998901367188	235.0
10731	162.239990234375	151.36000061035156	233.0
10732	102.55999755859376	166.55999755859375	236.0
10733	110.72000122070312	166.87998962402344	233.1999969482422
10734	126.39999389648438	167.83999633789062	234.6000061035156
10735	125.91999816894531	171.1999969482422	236.0
10736	118.55999755859376	58.39999771118164	238.0
10737	127.83999633789062	61.599998474121094	242.40000915527344
10738	129.91999816894528	60.959999084472656	239.6000061035156
10739	145.75999450683594	58.55999755859375	238.8000030517578
10740	147.36000061035156	54.23999786376953	240.0
10741	151.1999969482422	59.19999694824219	240.0
10742	150.0800018310547	63.68000030517578	240.1999969482422
10743	156.3199920654297	62.23999786376953	240.6000061035156
10744	100.15999603271484	82.23999786376953	239.8000030517578
10745	104.31999969482422	80.31999969482422	239.6000061035156
10746	103.83999633789062	75.5199966430664	239.8000030517578
10747	107.36000061035156	70.4000015258789	238.6000061035156
10748	109.27999877929688	78.55999755859375	238.8000030517578
10749	113.1199951171875	67.83999633789061	238.40000915527344
10750	112.95999908447266	73.91999816894531	238.0
10751	114.72000122070312	78.08000183105469	239.6000061035156
10752	117.75999450683594	81.91999816894531	241.40000915527344
10753	117.1199951171875	84.63999938964844	237.8000030517578
10754	119.36000061035156	69.59999847412111	240.0
10755	130.08000183105472	80.31999969482422	239.1999969482422
10756	123.36000061035156	61.599998474121094	242.6000061035156
10757	128.80000305175778	64.47999572753906	241.1999969482422
10758	133.27999877929688	68.15999603271484	240.8000030517578
10759	137.59999084472656	72.31999969482422	239.40000915527344
10760	136.31999206542972	78.87999725341797	239.6000061035156
10761	143.67999267578125	76.31999969482422	242.1999969482422
10762	147.0399932861328	66.23999786376953	239.0
10763	153.1199951171875	77.43999481201172	238.40000915527344
10764	153.59999084472656	80.79999542236328	240.40000915527344
10765	153.44000244140625	71.68000030517578	241.6000061035156
10766	154.87998962402344	66.40000152587889	241.40000915527344
10767	157.59999084472656	78.72000122070312	240.0
10768	159.1999969482422	75.04000091552734	242.0
10769	163.1999969482422	76.79999542236328	242.6000061035156
10770	167.51998901367188	77.5999984741211	238.8000030517578
10771	170.72000122070312	71.83999633789062	238.1999969482422
10772	170.239990234375	83.36000061035156	239.1999969482422
10773	83.04000091552734	101.75999450683594	238.0
10774	88.79999542236328	98.87999725341795	240.0
10775	87.68000030517578	93.75999450683594	242.1999969482422
10776	89.43999481201172	91.5199966430664	239.40000915527344
10777	95.04000091552734	100.47999572753906	243.1999969482422
10778	93.5999984741211	94.55999755859376	238.0
10779	92.63999938964844	87.83999633789062	237.0
10780	93.43999481201172	97.75999450683594	241.0
10781	96.31999969482422	89.75999450683594	241.8000030517578
10782	99.1999969482422	86.4000015258789	238.40000915527344
10783	110.39999389648438	100.47999572753906	240.8000030517578
10784	114.39999389648438	89.91999816894531	239.8000030517578
10785	117.75999450683594	92.47999572753906	240.40000915527344
10786	116.15999603271484	101.27999877929688	241.0
10787	121.43999481201172	98.4000015258789	238.8000030517578
10788	124.95999908447266	90.87999725341795	242.8000030517578
10789	131.67999267578122	90.87999725341795	238.8000030517578
10790	134.39999389648438	87.19999694824219	240.8000030517578
10791	131.67999267578122	97.43999481201172	242.6000061035156
10792	139.19999694824222	100.31999969482422	240.1999969482422
10793	139.03999328613278	82.87999725341797	241.6000061035156
10794	152.8000030517578	99.36000061035156	243.1999969482422
10795	175.67999267578125	93.43999481201172	236.8000030517578
10796	180.63999938964844	101.27999877929688	241.0
10797	182.3999938964844	98.23999786376952	238.6000061035156
10798	75.04000091552734	117.75999450683594	237.40000915527344
10799	75.04000091552734	112.95999908447266	237.8000030517578
10800	76.95999908447266	107.83999633789062	241.6000061035156
10801	79.5199966430664	116.15999603271484	241.8000030517578
10802	81.91999816894531	109.27999877929688	240.1999969482422
10803	82.08000183105469	112.63999938964844	242.6000061035156
10804	85.91999816894531	126.07999420166016	241.8000030517578
10805	88.79999542236328	122.39999389648438	238.40000915527344
10806	96.95999908447266	116.15999603271484	239.40000915527344
10807	99.68000030517578	110.23999786376952	240.40000915527344
10808	101.43999481201172	115.68000030517578	241.1999969482422
10809	111.68000030517578	109.1199951171875	240.6000061035156
10810	116.0	113.1199951171875	242.40000915527344
10811	119.1999969482422	104.95999908447266	238.0
10812	149.27999877929688	122.55999755859376	240.6000061035156
10813	151.1999969482422	106.23999786376952	238.40000915527344
10814	157.59999084472656	111.36000061035156	241.1999969482422
10815	161.9199981689453	114.87999725341795	238.8000030517578
10816	164.95999145507812	108.31999969482422	240.6000061035156
10817	171.83999633789062	114.23999786376952	239.1999969482422
10818	181.1199951171875	106.72000122070312	238.8000030517578
10819	53.91999816894531	137.75999450683594	238.6000061035156
10820	57.599998474121094	135.19999694824222	238.0
10821	63.68000030517578	136.16000366210938	241.40000915527344
10822	66.55999755859375	141.9199981689453	246.40000915527344
10823	76.95999908447266	128.47999572753906	238.0
10824	79.83999633789062	134.72000122070312	240.1999969482422
10825	81.43999481201172	130.55999755859378	239.1999969482422
10826	84.15999603271484	132.95999145507812	240.1999969482422
10827	87.5199966430664	131.67999267578122	239.0
10828	92.15999603271484	136.95999145507812	241.6000061035156
10829	94.87999725341795	128.47999572753906	237.8000030517578
10830	112.0	126.07999420166016	243.0
10831	115.5199966430664	128.80000305175778	243.6000061035156
10832	121.1199951171875	135.67999267578122	242.0
10833	131.36000061035156	143.0399932861328	240.0
10834	137.44000244140622	142.72000122070312	238.8000030517578
10835	139.67999267578122	132.80000305175778	240.1999969482422
10836	142.87998962402344	143.52000427246094	241.8000030517578
10837	148.0	130.87998962402344	240.0
10838	174.0800018310547	126.55999755859376	240.6000061035156
10839	59.84000015258789	154.0800018310547	238.8000030517578
10840	63.68000030517578	147.36000061035156	239.8000030517578
10841	64.31999969482422	155.36000061035156	240.0
10842	67.83999633789061	148.63999938964844	239.8000030517578
10843	81.27999877929688	161.75999450683594	240.6000061035156
10844	84.31999969482422	157.27999877929688	239.8000030517578
10845	84.95999908447266	160.8000030517578	239.40000915527344
10846	88.95999908447266	150.87998962402344	243.40000915527344
10847	106.55999755859376	164.3199920654297	238.1999969482422
10848	108.47999572753906	163.1999969482422	242.0
10849	109.27999877929688	158.239990234375	240.0
10850	132.63999938964844	159.36000061035156	241.40000915527344
10851	127.04000091552734	148.8000030517578	241.1999969482422
10852	130.239990234375	156.47999572753906	243.1999969482422
10853	129.75999450683594	161.27999877929688	242.6000061035156
10854	139.03999328613278	164.16000366210938	241.0
10855	148.16000366210938	159.0399932861328	243.6000061035156
10856	153.27999877929688	151.1999969482422	239.6000061035156
10857	157.9199981689453	153.59999084472656	239.1999969482422
10858	83.36000061035156	166.87998962402344	241.1999969482422
10859	87.04000091552734	173.1199951171875	241.8000030517578
10860	89.43999481201172	170.55999755859375	238.40000915527344
10861	91.1999969482422	174.39999389648438	242.1999969482422
10862	96.0	170.87998962402344	239.6000061035156
10863	110.55999755859376	171.51998901367188	241.40000915527344
10864	117.43999481201172	167.1999969482422	239.40000915527344
10865	130.55999755859378	64.0	244.8000030517578
10866	99.36000061035156	84.31999969482422	243.8000030517578
10867	105.1199951171875	81.5999984741211	244.40000915527344
10868	107.5199966430664	77.5999984741211	245.40000915527344
10869	110.87999725341795	75.68000030517578	241.40000915527344
10870	112.15999603271484	78.23999786376953	246.0
10871	116.79999542236328	70.87999725341797	242.40000915527344
10872	116.63999938964844	76.15999603271484	245.6000061035156
10873	119.36000061035156	74.87999725341797	248.40000915527344
10874	125.27999877929688	87.36000061035156	243.0
10875	124.95999908447266	80.15999603271484	244.1999969482422
10876	126.7199935913086	67.36000061035156	243.8000030517578
10877	128.47999572753906	84.47999572753906	242.8000030517578
10878	132.95999145507812	67.83999633789061	244.40000915527344
10879	135.52000427246094	77.27999877929688	245.0
10880	138.239990234375	76.15999603271484	244.0
10881	144.16000366210938	80.63999938964844	245.6000061035156
10882	149.9199981689453	83.04000091552734	242.0
10883	160.0	77.5999984741211	244.6000061035156
10884	163.1999969482422	72.63999938964844	243.40000915527344
10885	164.95999145507812	67.51999664306639	242.6000061035156
10886	167.1999969482422	70.72000122070312	245.6000061035156
10887	168.0	66.40000152587889	241.8000030517578
10888	171.0399932861328	70.55999755859375	244.1999969482422
10889	169.59999084472656	78.08000183105469	244.8000030517578
10890	171.36000061035156	66.55999755859375	243.1999969482422
10891	170.87998962402344	74.08000183105469	246.0
10892	173.27999877929688	77.5999984741211	242.40000915527344
10893	172.63999938964844	82.08000183105469	244.1999969482422
10894	173.27999877929688	77.75999450683594	245.8000030517578
10895	175.67999267578125	72.47999572753906	244.8000030517578
10896	175.83999633789062	79.83999633789062	242.1999969482422
10897	83.19999694824219	104.15999603271484	244.8000030517578
10898	87.68000030517578	96.79999542236328	244.40000915527344
10899	86.87999725341797	99.36000061035156	246.6000061035156
10900	92.15999603271484	88.79999542236328	242.40000915527344
10901	95.1999969482422	94.4000015258789	243.0
10902	96.31999969482422	86.55999755859375	245.0
10903	104.15999603271484	101.1199951171875	245.0
10904	100.31999969482422	86.55999755859375	246.40000915527344
10905	106.07999420166016	80.47999572753906	247.1999969482422
10906	107.04000091552734	95.04000091552734	246.1999969482422
10907	107.36000061035156	105.1199951171875	246.40000915527344
10908	108.15999603271484	103.5199966430664	241.8000030517578
10909	116.0	89.43999481201172	245.8000030517578
10910	113.91999816894531	101.5999984741211	247.1999969482422
10911	113.91999816894531	95.68000030517578	243.8000030517578
10912	118.7199935913086	97.91999816894531	247.6000061035156
10913	121.43999481201172	88.79999542236328	243.1999969482422
10914	124.31999969482422	95.04000091552734	244.6000061035156
10915	128.31999206542972	87.04000091552734	246.40000915527344
10916	131.36000061035156	90.4000015258789	247.40000915527344
10917	140.0	92.79999542236328	247.0
10918	137.1199951171875	98.87999725341795	244.1999969482422
10919	143.67999267578125	100.79999542236328	246.6000061035156
10920	145.44000244140625	92.47999572753906	245.6000061035156
10921	147.1999969482422	96.47999572753906	246.40000915527344
10922	145.75999450683594	84.63999938964844	243.1999969482422
10923	150.87998962402344	98.07999420166016	246.8000030517578
10924	155.83999633789062	103.04000091552734	247.1999969482422
10925	159.83999633789062	103.1999969482422	245.1999969482422
10926	164.0	91.1999969482422	246.0
10927	171.83999633789062	99.68000030517578	242.1999969482422
10928	176.0	91.36000061035156	246.0
10929	176.3199920654297	99.04000091552734	244.6000061035156
10930	177.1199951171875	87.36000061035156	243.6000061035156
10931	76.63999938964844	113.27999877929688	242.0
10932	79.5199966430664	110.87999725341795	244.40000915527344
10933	82.23999786376953	106.72000122070312	242.40000915527344
10934	89.27999877929688	109.1199951171875	242.1999969482422
10935	81.5999984741211	113.75999450683594	247.8000030517578
10936	88.31999969482422	124.0	248.8000030517578
10937	86.23999786376953	117.27999877929688	248.1999969482422
10938	91.04000091552734	110.39999389648438	246.6000061035156
10939	96.79999542236328	107.36000061035156	247.6000061035156
10940	100.79999542236328	107.1999969482422	246.40000915527344
10941	102.39999389648438	120.31999969482422	245.0
10942	106.55999755859376	120.47999572753906	246.6000061035156
10943	109.27999877929688	110.87999725341795	246.40000915527344
10944	121.91999816894531	114.07999420166016	245.0
10945	119.68000030517578	121.1199951171875	243.40000915527344
10946	143.1999969482422	107.83999633789062	242.6000061035156
10947	145.59999084472656	105.75999450683594	248.1999969482422
10948	148.95999145507812	113.5999984741211	244.8000030517578
10949	158.72000122070312	116.15999603271484	243.8000030517578
10950	161.1199951171875	107.5199966430664	246.40000915527344
10951	173.9199981689453	120.63999938964844	243.6000061035156
10952	173.59999084472656	114.07999420166016	247.0
10953	176.63999938964844	108.47999572753906	244.1999969482422
10954	62.87999725341797	134.55999755859378	243.8000030517578
10955	63.3599967956543	145.1199951171875	245.40000915527344
10956	75.19999694824219	137.75999450683594	243.6000061035156
10957	80.15999603271484	135.19999694824222	245.8000030517578
10958	81.1199951171875	142.87998962402344	242.6000061035156
10959	83.36000061035156	131.36000061035156	243.40000915527344
10960	88.31999969482422	139.36000061035156	244.6000061035156
10961	91.83999633789062	136.95999145507812	245.40000915527344
10962	92.31999969482422	145.1199951171875	244.40000915527344
10963	125.91999816894531	125.91999816894531	244.8000030517578
10964	126.87999725341795	133.27999877929688	244.40000915527344
10965	127.1999969482422	143.0399932861328	244.6000061035156
10966	135.83999633789062	143.0399932861328	246.6000061035156
10967	148.0	137.44000244140622	247.40000915527344
10968	154.39999389648438	135.19999694824222	243.6000061035156
10969	155.83999633789062	145.27999877929688	243.1999969482422
10970	157.44000244140625	145.27999877929688	246.40000915527344
10971	161.27999877929688	136.0	245.0
10972	161.1199951171875	142.87998962402344	243.8000030517578
10973	163.51998901367188	138.08000183105472	244.40000915527344
10974	168.63999938964844	129.27999877929688	244.40000915527344
10975	54.87999725341797	156.47999572753906	246.0
10976	57.599998474121094	148.95999145507812	244.8000030517578
10977	57.599998474121094	154.55999755859375	244.1999969482422
10978	59.84000015258789	151.67999267578125	244.8000030517578
10979	62.07999801635742	154.55999755859375	242.0
10980	63.68000030517578	148.63999938964844	244.6000061035156
10981	84.95999908447266	159.1999969482422	248.6000061035156
10982	86.23999786376953	154.239990234375	242.40000915527344
10983	87.5199966430664	146.55999755859375	245.40000915527344
10984	88.15999603271484	155.36000061035156	245.8000030517578
10985	92.95999908447266	151.51998901367188	244.6000061035156
10986	110.07999420166016	161.1199951171875	245.1999969482422
10987	116.31999969482422	163.36000061035156	245.1999969482422
10988	125.43999481201172	163.83999633789062	242.6000061035156
10989	122.7199935913086	155.67999267578125	244.8000030517578
10990	130.39999389648438	152.8000030517578	246.1999969482422
10991	125.5999984741211	163.0399932861328	247.1999969482422
10992	136.80000305175778	154.72000122070312	247.0
10993	140.8000030517578	161.9199981689453	243.40000915527344
10994	143.83999633789062	160.63999938964844	243.6000061035156
10995	142.0800018310547	149.44000244140625	246.0
10996	74.23999786376953	176.95999145507812	246.6000061035156
10997	84.47999572753906	174.239990234375	244.6000061035156
10998	87.5199966430664	174.87998962402344	246.6000061035156
10999	89.1199951171875	171.67999267578125	249.40000915527344
11000	98.23999786376952	169.1199951171875	244.6000061035156
11001	101.5999984741211	174.55999755859375	247.40000915527344
11002	103.5199966430664	170.72000122070312	246.6000061035156
11003	103.83999633789062	165.59999084472656	246.6000061035156
11004	106.87999725341795	168.16000366210938	243.0
11005	120.63999938964844	169.44000244140625	246.6000061035156
11006	108.47999572753906	76.47999572753906	250.1999969482422
11007	112.31999969482422	73.76000213623047	248.40000915527344
11008	114.39999389648438	76.31999969482422	251.1999969482422
11009	119.04000091552734	83.36000061035156	251.40000915527344
11010	121.91999816894531	80.15999603271484	249.6000061035156
11011	122.23999786376952	75.04000091552734	250.1999969482422
11012	125.75999450683594	83.04000091552734	249.0
11013	133.44000244140622	78.87999725341797	248.1999969482422
11014	137.44000244140622	81.1199951171875	248.8000030517578
11015	141.9199981689453	82.72000122070312	248.6000061035156
11016	164.47999572753906	76.47999572753906	246.1999969482422
11017	92.47999572753906	98.23999786376952	247.1999969482422
11018	95.04000091552734	90.72000122070312	249.8000030517578
11019	96.79999542236328	94.55999755859376	248.40000915527344
11020	97.43999481201172	87.04000091552734	250.6000061035156
11021	100.0	92.63999938964844	250.8000030517578
11022	107.04000091552734	78.23999786376953	253.1999969482422
11023	109.27999877929688	83.19999694824219	252.6000061035156
11024	113.75999450683594	96.95999908447266	250.0
11025	114.07999420166016	85.75999450683594	253.0
11026	124.79999542236328	89.5999984741211	248.0
11027	122.55999755859376	88.79999542236328	252.1999969482422
11028	126.55999755859376	87.19999694824219	251.1999969482422
11029	134.87998962402344	92.95999908447266	252.6000061035156
11030	135.36000061035156	97.75999450683594	249.40000915527344
11031	141.59999084472656	93.27999877929688	252.6000061035156
11032	140.0	104.47999572753906	251.40000915527344
11033	153.44000244140625	87.36000061035156	251.6000061035156
11034	155.51998901367188	102.87999725341795	251.6000061035156
11035	160.16000366210938	88.31999969482422	249.0
11036	160.3199920654297	102.72000122070312	250.0
11037	164.0	99.1999969482422	248.40000915527344
11038	165.44000244140625	93.1199951171875	252.6000061035156
11039	170.87998962402344	95.5199966430664	251.1999969482422
11040	176.95999145507812	95.36000061035156	249.0
11041	86.55999755859375	114.55999755859376	249.1999969482422
11042	98.87999725341795	116.0	249.0
11043	102.72000122070312	120.47999572753906	250.0
11044	99.68000030517578	104.15999603271484	252.6000061035156
11045	105.1199951171875	109.5999984741211	248.8000030517578
11046	109.27999877929688	106.55999755859376	249.6000061035156
11047	111.68000030517578	127.1999969482422	247.6000061035156
11048	114.23999786376952	127.36000061035156	252.0
11049	116.47999572753906	111.83999633789062	247.6000061035156
11050	125.1199951171875	116.79999542236328	249.8000030517578
11051	128.31999206542972	121.5999984741211	250.40000915527344
11052	139.67999267578122	110.55999755859376	250.1999969482422
11053	144.3199920654297	114.72000122070312	248.40000915527344
11054	149.27999877929688	117.75999450683594	251.40000915527344
11055	153.27999877929688	111.04000091552734	247.6000061035156
11056	162.72000122070312	106.55999755859376	249.6000061035156
11057	167.0399932861328	111.1999969482422	254.0
11058	68.0	135.03999328613278	248.40000915527344
11059	67.51999664306639	141.9199981689453	249.0
11060	70.23999786376953	137.75999450683594	249.6000061035156
11061	74.72000122070312	136.31999206542972	250.40000915527344
11062	79.36000061035156	144.95999145507812	249.1999969482422
11063	81.91999816894531	139.03999328613278	246.8000030517578
11064	81.43999481201172	136.31999206542972	251.0
11065	88.0	145.27999877929688	249.1999969482422
11066	89.75999450683594	126.55999755859376	251.0
11067	95.36000061035156	138.55999755859378	249.8000030517578
11068	102.23999786376952	129.1199951171875	250.0
11069	116.0	130.239990234375	248.0
11070	124.63999938964844	139.67999267578122	252.6000061035156
11071	125.1199951171875	129.1199951171875	248.6000061035156
11072	123.5199966430664	143.67999267578125	250.1999969482422
11073	131.52000427246094	138.239990234375	248.8000030517578
11074	130.55999755859378	132.16000366210938	248.8000030517578
11075	138.239990234375	139.83999633789062	249.40000915527344
11076	140.95999145507812	134.55999755859378	249.8000030517578
11077	140.31999206542972	129.91999816894528	252.6000061035156
11078	145.59999084472656	127.36000061035156	249.8000030517578
11079	149.44000244140625	131.36000061035156	249.1999969482422
11080	152.47999572753906	141.27999877929688	248.0
11081	154.0800018310547	127.1999969482422	247.0
11082	159.36000061035156	140.95999145507812	250.40000915527344
11083	159.36000061035156	133.27999877929688	248.1999969482422
11084	165.1199951171875	135.19999694824222	247.6000061035156
11085	53.7599983215332	155.0399932861328	249.6000061035156
11086	57.43999862670898	148.8000030517578	248.0
11087	60.79999923706055	147.83999633789062	249.40000915527344
11088	82.87999725341797	151.1999969482422	248.0
11089	86.55999755859375	165.75999450683594	251.6000061035156
11090	86.08000183105469	161.75999450683594	252.1999969482422
11091	92.15999603271484	154.39999389648438	251.0
11092	95.83999633789062	156.16000366210938	247.6000061035156
11093	102.07999420166016	158.55999755859375	250.40000915527344
11094	100.0	155.36000061035156	249.6000061035156
11095	102.87999725341795	156.0	247.40000915527344
11096	107.04000091552734	160.3199920654297	250.6000061035156
11097	112.15999603271484	159.83999633789062	248.6000061035156
11098	125.75999450683594	159.83999633789062	247.1999969482422
11099	125.5999984741211	147.36000061035156	249.40000915527344
11100	128.95999145507812	150.39999389648438	248.8000030517578
11101	127.1999969482422	154.87998962402344	247.40000915527344
11102	129.27999877929688	165.44000244140625	249.40000915527344
11103	137.44000244140622	162.239990234375	247.40000915527344
11104	69.59999847412111	180.9599914550781	251.6000061035156
11105	74.55999755859375	172.0	250.0
11106	85.5999984741211	174.55999755859375	250.1999969482422
11107	95.04000091552734	168.95999145507812	249.1999969482422
11108	97.91999816894531	171.67999267578125	249.6000061035156
11109	112.95999908447266	167.1999969482422	252.0
11110	118.55999755859376	166.239990234375	251.40000915527344
11111	123.68000030517578	166.239990234375	250.6000061035156
11112	110.87999725341795	79.04000091552734	256.60000610351557
11113	112.95999908447266	77.27999877929688	254.40000915527344
11114	117.75999450683594	80.31999969482422	253.8000030517578
11115	118.7199935913086	77.43999481201172	256.0
11116	121.91999816894531	81.5999984741211	255.0
11117	122.7199935913086	77.75999450683594	253.40000915527344
11118	125.5999984741211	80.47999572753906	253.0
11119	128.0	75.83999633789062	254.0
11120	128.80000305175778	82.4000015258789	253.0
11121	128.95999145507812	79.04000091552734	255.40000915527344
11122	132.80000305175778	83.04000091552734	255.8000030517578
11123	135.67999267578122	80.31999969482422	254.40000915527344
11124	140.63999938964844	83.83999633789062	253.40000915527344
11125	89.75999450683594	100.0	253.1999969482422
11126	92.79999542236328	95.04000091552734	253.8000030517578
11127	95.5199966430664	96.47999572753906	253.1999969482422
11128	98.87999725341795	89.27999877929688	254.6000061035156
11129	97.75999450683594	93.91999816894531	255.8000030517578
11130	96.63999938964844	98.07999420166016	256.60000610351557
11131	103.04000091552734	92.95999908447266	254.0
11132	101.91999816894531	100.15999603271484	255.8000030517578
11133	104.95999908447266	95.1999969482422	255.8000030517578
11134	106.39999389648438	99.83999633789062	254.0
11135	107.83999633789062	103.5199966430664	252.40000915527344
11136	108.63999938964844	101.5999984741211	256.39999389648443
11137	108.15999603271484	92.31999969482422	256.60000610351557
11138	109.43999481201172	84.95999908447266	256.20001220703125
11139	111.04000091552734	103.83999633789062	255.6000061035156
11140	119.1999969482422	98.23999786376952	253.6000061035156
11141	116.63999938964844	83.68000030517578	255.8000030517578
11142	118.87999725341795	89.91999816894531	255.40000915527344
11143	120.0	85.43999481201172	255.1999969482422
11144	123.04000091552734	91.04000091552734	256.60000610351557
11145	125.43999481201172	87.19999694824219	255.40000915527344
11146	128.31999206542972	90.87999725341795	254.6000061035156
11147	130.72000122070312	99.1999969482422	253.40000915527344
11148	130.08000183105472	86.23999786376953	254.8000030517578
11149	131.83999633789062	91.83999633789062	256.39999389648443
11150	135.19999694824222	96.0	257.60000610351557
11151	133.91999816894528	88.0	255.1999969482422
11152	135.83999633789062	104.0	255.1999969482422
11153	147.36000061035156	98.07999420166016	253.40000915527344
11154	142.72000122070312	88.95999908447266	256.0
11155	144.0	100.15999603271484	258.0
11156	146.239990234375	86.55999755859375	253.1999969482422
11157	150.87998962402344	91.83999633789062	255.40000915527344
11158	150.39999389648438	102.39999389648438	254.40000915527344
11159	153.9199981689453	91.04000091552734	253.8000030517578
11160	152.8000030517578	104.95999908447266	252.1999969482422
11161	156.16000366210938	99.83999633789062	256.60000610351557
11162	158.39999389648438	90.87999725341795	252.6000061035156
11163	160.47999572753906	100.63999938964844	255.40000915527344
11164	166.87998962402344	101.75999450683594	254.6000061035156
11165	92.79999542236328	109.91999816894531	253.8000030517578
11166	93.5999984741211	105.27999877929688	254.0
11167	93.5999984741211	106.07999420166016	260.0
11168	98.4000015258789	107.1999969482422	254.40000915527344
11169	93.91999816894531	112.31999969482422	257.20001220703125
11170	102.72000122070312	120.0	254.40000915527344
11171	100.79999542236328	104.79999542236328	256.20001220703125
11172	102.07999420166016	109.1199951171875	255.6000061035156
11173	103.36000061035156	106.55999755859376	252.40000915527344
11174	108.0	122.23999786376952	255.1999969482422
11175	103.68000030517578	114.87999725341795	257.20001220703125
11176	106.07999420166016	107.68000030517578	255.6000061035156
11177	111.68000030517578	115.1999969482422	256.20001220703125
11178	109.75999450683594	106.55999755859376	254.8000030517578
11179	113.5999984741211	119.68000030517578	252.6000061035156
11180	117.91999816894531	113.27999877929688	252.0
11181	119.1999969482422	123.5199966430664	257.0
11182	122.7199935913086	120.0	255.1999969482422
11183	128.95999145507812	120.0	254.40000915527344
11184	136.47999572753906	124.63999938964844	254.1999969482422
11185	143.0399932861328	106.39999389648438	255.40000915527344
11186	145.59999084472656	127.68000030517578	257.0
11187	146.239990234375	118.39999389648438	256.20001220703125
11188	156.47999572753906	115.1999969482422	253.8000030517578
11189	160.3199920654297	122.07999420166016	255.8000030517578
11190	162.87998962402344	108.15999603271484	256.0
11191	69.27999877929689	140.47999572753906	253.0
11192	74.4000015258789	142.55999755859375	252.8000030517578
11193	78.23999786376953	138.72000122070312	252.6000061035156
11194	80.95999908447266	143.52000427246094	253.1999969482422
11195	84.95999908447266	141.59999084472656	253.0
11196	88.0	141.59999084472656	254.1999969482422
11197	93.1199951171875	144.3199920654297	254.0
11198	97.27999877929688	128.80000305175778	252.8000030517578
11199	97.1199951171875	142.0800018310547	252.1999969482422
11200	99.36000061035156	145.44000244140625	253.8000030517578
11201	99.36000061035156	135.19999694824222	251.0
11202	102.55999755859376	131.19999694824222	254.8000030517578
11203	109.75999450683594	126.55999755859376	255.6000061035156
11204	117.1199951171875	144.0	256.60000610351557
11205	121.5999984741211	137.59999084472656	254.40000915527344
11206	126.23999786376952	136.16000366210938	256.39999389648443
11207	121.75999450683594	132.16000366210938	254.1999969482422
11208	122.7199935913086	129.59999084472656	256.60000610351557
11209	126.87999725341795	142.0800018310547	255.40000915527344
11210	129.44000244140622	125.75999450683594	255.6000061035156
11211	132.31999206542972	139.03999328613278	255.8000030517578
11212	158.55999755859375	134.72000122070312	254.1999969482422
11213	159.1999969482422	130.39999389648438	256.0
11214	87.83999633789062	146.72000122070312	255.1999969482422
11215	88.31999969482422	156.16000366210938	255.40000915527344
11216	93.91999816894531	159.67999267578125	252.6000061035156
11217	95.5199966430664	148.47999572753906	255.40000915527344
11218	96.79999542236328	152.3199920654297	255.8000030517578
11219	98.87999725341795	156.16000366210938	256.60000610351557
11220	105.43999481201172	155.0399932861328	253.8000030517578
11221	106.55999755859376	144.63999938964844	256.60000610351557
11222	115.04000091552734	155.67999267578125	251.8000030517578
11223	122.7199935913086	144.8000030517578	255.1999969482422
11224	123.68000030517578	152.95999145507812	252.6000061035156
11225	121.5999984741211	156.3199920654297	256.20001220703125
11226	122.87999725341795	162.239990234375	255.40000915527344
11227	127.1999969482422	165.44000244140625	256.60000610351557
11228	137.44000244140622	158.55999755859375	254.40000915527344
11229	140.8000030517578	151.1999969482422	256.0
11230	59.19999694824219	180.9599914550781	258.60000610351557
11231	73.91999816894531	178.39999389648438	253.6000061035156
11232	87.19999694824219	170.72000122070312	252.0
11233	96.47999572753906	172.63999938964844	253.40000915527344
11234	108.0	81.5999984741211	259.39999389648443
11235	110.72000122070312	77.75999450683594	261.60000610351557
11236	112.79999542236328	73.5999984741211	261.0
11237	111.04000091552734	81.27999877929688	262.80001831054693
11238	116.0	79.04000091552734	257.39999389648443
11239	117.1199951171875	76.31999969482422	260.80001831054693
11240	116.95999908447266	82.72000122070312	260.0
11241	120.0	81.75999450683594	258.80001831054693
11242	123.36000061035156	75.04000091552734	259.39999389648443
11243	121.27999877929688	75.68000030517578	262.39999389648443
11244	124.79999542236328	80.47999572753906	256.60000610351557
11245	125.91999816894531	77.91999816894531	260.80001831054693
11246	125.91999816894531	83.68000030517578	258.39999389648443
11247	130.39999389648438	80.31999969482422	258.20001220703125
11248	129.91999816894528	81.43999481201172	261.39999389648443
11249	131.03999328613278	77.27999877929688	261.60000610351557
11250	134.39999389648438	76.95999908447266	260.20001220703125
11251	138.87998962402344	81.75999450683594	257.60000610351557
11252	138.39999389648438	80.63999938964844	262.0
11253	93.1199951171875	93.5999984741211	257.80001831054693
11254	93.1199951171875	92.79999542236328	262.20001220703125
11255	96.95999908447266	90.4000015258789	259.39999389648443
11256	98.23999786376952	101.1199951171875	258.39999389648443
11257	96.31999969482422	102.23999786376952	262.0
11258	99.04000091552734	96.95999908447266	258.80001831054693
11259	99.36000061035156	88.95999908447266	262.0
11260	100.95999908447266	100.31999969482422	260.80001831054693
11261	100.15999603271484	93.43999481201172	262.60000610351557
11262	101.1199951171875	104.15999603271484	260.20001220703125
11263	99.83999633789062	97.1199951171875	262.60000610351557
11264	103.1999969482422	89.75999450683594	258.0
11265	104.47999572753906	99.1999969482422	260.60000610351557
11266	106.72000122070312	98.07999420166016	258.0
11267	106.23999786376952	103.04000091552734	260.39999389648443
11268	105.27999877929688	93.43999481201172	262.39999389648443
11269	107.36000061035156	97.75999450683594	262.20001220703125
11270	108.63999938964844	100.79999542236328	262.20001220703125
11271	113.1199951171875	84.79999542236328	259.60000610351557
11272	112.79999542236328	103.04000091552734	261.0
11273	115.68000030517578	87.68000030517578	262.39999389648443
11274	120.31999969482422	88.15999603271484	258.60000610351557
11275	122.55999755859376	84.47999572753906	263.20001220703125
11276	124.0	92.15999603271484	263.0
11277	125.43999481201172	89.1199951171875	259.80001831054693
11278	129.44000244140622	86.55999755859375	259.20001220703125
11279	129.44000244140622	93.27999877929688	263.20001220703125
11280	131.03999328613278	88.15999603271484	262.39999389648443
11281	136.95999145507812	99.1999969482422	262.20001220703125
11282	133.44000244140622	86.08000183105469	258.39999389648443
11283	133.59999084472656	93.43999481201172	261.39999389648443
11284	135.19999694824222	82.87999725341797	261.20001220703125
11285	135.52000427246094	87.68000030517578	262.39999389648443
11286	137.44000244140622	88.63999938964844	258.80001831054693
11287	142.55999755859375	84.0	261.60000610351557
11288	146.87998962402344	100.79999542236328	260.20001220703125
11289	148.16000366210938	102.87999725341795	257.0
11290	151.51998901367188	99.5199966430664	259.39999389648443
11291	98.4000015258789	111.68000030517578	259.39999389648443
11292	98.07999420166016	107.04000091552734	260.0
11293	98.4000015258789	115.68000030517578	260.80001831054693
11294	102.72000122070312	120.47999572753906	259.0
11295	103.68000030517578	111.1999969482422	259.20001220703125
11296	103.68000030517578	107.1999969482422	260.0
11297	108.79999542236328	113.43999481201172	258.80001831054693
11298	107.04000091552734	119.1999969482422	260.80001831054693
11299	108.47999572753906	109.43999481201172	259.39999389648443
11300	111.36000061035156	116.0	261.20001220703125
11301	110.87999725341795	122.55999755859376	259.20001220703125
11302	112.63999938964844	106.72000122070312	257.20001220703125
11303	112.15999603271484	106.55999755859376	261.0
11304	112.95999908447266	112.79999542236328	260.80001831054693
11305	114.72000122070312	106.55999755859376	263.20001220703125
11306	119.1999969482422	111.5199966430664	262.80001831054693
11307	123.1999969482422	121.5999984741211	261.39999389648443
11308	131.19999694824222	120.95999908447266	260.39999389648443
11309	135.52000427246094	107.04000091552734	260.0
11310	139.52000427246094	112.63999938964844	261.20001220703125
11311	141.75999450683594	118.07999420166016	260.0
11312	148.47999572753906	108.63999938964844	259.80001831054693
11313	146.0800018310547	119.83999633789062	262.20001220703125
11314	154.239990234375	120.0	260.39999389648443
11315	156.47999572753906	107.5199966430664	259.60000610351557
11316	159.1999969482422	106.07999420166016	256.80001831054693
11317	95.04000091552734	147.0399932861328	259.20001220703125
11318	106.07999420166016	137.75999450683594	258.80001831054693
11319	116.63999938964844	138.55999755859378	259.60000610351557
11320	111.68000030517578	126.39999389648438	259.39999389648443
11321	114.87999725341795	142.0800018310547	262.0
11322	117.27999877929688	130.08000183105472	260.60000610351557
11323	119.83999633789062	145.1199951171875	261.80001831054693
11324	122.07999420166016	134.72000122070312	260.0
11325	135.03999328613278	143.67999267578125	259.80001831054693
11326	135.52000427246094	125.43999481201172	260.60000610351557
11327	148.16000366210938	128.80000305175778	261.39999389648443
11328	152.0	127.04000091552734	259.39999389648443
11329	89.1199951171875	155.51998901367188	258.39999389648443
11330	91.04000091552734	159.83999633789062	259.80001831054693
11331	92.15999603271484	154.39999389648438	258.20001220703125
11332	95.68000030517578	159.51998901367188	258.0
11333	96.47999572753906	155.67999267578125	260.80001831054693
11334	99.1999969482422	148.95999145507812	259.39999389648443
11335	98.87999725341795	157.75999450683594	260.60000610351557
11336	101.75999450683594	162.239990234375	258.20001220703125
11337	101.43999481201172	153.1199951171875	256.80001831054693
11338	101.43999481201172	155.36000061035156	259.60000610351557
11339	108.31999969482422	160.8000030517578	256.80001831054693
11340	111.1999969482422	157.9199981689453	259.0
11341	116.15999603271484	153.59999084472656	261.0
11342	124.0	151.83999633789062	263.0
11343	127.1999969482422	146.87998962402344	262.0
11344	112.63999938964844	76.47999572753906	265.20001220703125
11345	114.23999786376952	82.4000015258789	265.60000610351557
11346	118.39999389648438	79.36000061035156	263.39999389648443
11347	118.23999786376952	75.83999633789062	266.0
11348	118.23999786376952	79.68000030517578	267.80001831054693
11349	120.79999542236328	71.19999694824219	266.39999389648443
11350	122.23999786376952	78.87999725341797	264.20001220703125
11351	125.5999984741211	75.19999694824219	265.0
11352	126.23999786376952	82.87999725341797	264.80001831054693
11353	130.39999389648438	77.75999450683594	265.80001831054693
11354	131.83999633789062	83.68000030517578	263.80001831054693
11355	95.83999633789062	95.36000061035156	263.0
11356	97.75999450683594	100.63999938964844	266.39999389648443
11357	100.79999542236328	96.95999908447266	265.80001831054693
11358	101.91999816894531	90.07999420166016	264.80001831054693
11359	104.95999908447266	100.31999969482422	264.80001831054693
11360	107.1999969482422	93.5999984741211	266.80001831054693
11361	107.1999969482422	103.36000061035156	266.20001220703125
11362	110.55999755859376	95.36000061035156	265.39999389648443
11363	109.27999877929688	97.27999877929688	270.0
11364	112.63999938964844	87.19999694824219	266.60000610351557
11365	116.0	100.31999969482422	266.80001831054693
11366	117.27999877929688	90.55999755859376	266.20001220703125
11367	117.5999984741211	83.83999633789062	269.80001831054693
11368	120.0	88.15999603271484	267.20001220703125
11369	121.91999816894531	87.83999633789062	261.80001831054693
11370	127.5199966430664	96.31999969482422	263.80001831054693
11371	127.1999969482422	90.07999420166016	265.20001220703125
11372	127.5199966430664	86.72000122070312	262.80001831054693
11373	132.95999145507812	90.23999786376952	264.39999389648443
11374	133.75999450683594	94.4000015258789	266.0
11375	136.80000305175778	101.27999877929688	266.60000610351557
11376	138.55999755859378	85.43999481201172	264.60000610351557
11377	139.52000427246094	89.27999877929688	266.20001220703125
11378	145.75999450683594	93.1199951171875	262.80001831054693
11379	96.95999908447266	107.36000061035156	267.0
11380	104.95999908447266	118.23999786376952	264.80001831054693
11381	99.83999633789062	109.43999481201172	266.60000610351557
11382	101.43999481201172	112.0	262.39999389648443
11383	103.83999633789062	105.27999877929688	264.20001220703125
11384	104.47999572753906	108.79999542236328	263.80001831054693
11385	109.75999450683594	121.27999877929688	265.0
11386	105.5999984741211	114.55999755859376	262.0
11387	107.36000061035156	114.72000122070312	265.60000610351557
11388	108.31999969482422	109.43999481201172	263.20001220703125
11389	110.87999725341795	106.39999389648438	264.60000610351557
11390	112.31999969482422	113.5999984741211	265.0
11391	114.72000122070312	111.1999969482422	263.80001831054693
11392	117.27999877929688	113.91999816894531	265.20001220703125
11393	119.83999633789062	117.43999481201172	266.0
11394	127.83999633789062	121.1199951171875	264.60000610351557
11395	132.47999572753906	127.1999969482422	264.20001220703125
11396	135.19999694824222	115.68000030517578	263.20001220703125
11397	141.27999877929688	122.39999389648438	266.0
11398	145.27999877929688	113.27999877929688	265.80001831054693
11399	144.63999938964844	125.5999984741211	264.60000610351557
11400	149.44000244140625	124.47999572753906	262.80001831054693
11401	150.87998962402344	114.72000122070312	262.80001831054693
11402	117.91999816894531	124.63999938964844	267.0
11403	120.47999572753906	129.75999450683594	265.0
11404	126.23999786376952	130.08000183105472	266.20001220703125
11405	127.83999633789062	125.1199951171875	263.80001831054693
11406	139.52000427246094	132.16000366210938	264.0
11407	113.91999816894531	84.31999969482422	269.60000610351557
11408	119.04000091552734	70.23999786376953	271.20001220703125
11409	122.7199935913086	75.83999633789062	269.60000610351557
11410	125.5999984741211	80.31999969482422	270.20001220703125
11411	126.07999420166016	65.1199951171875	271.0
11412	129.44000244140622	81.91999816894531	270.60000610351557
11413	97.91999816894531	99.83999633789062	271.20001220703125
11414	101.27999877929688	99.68000030517578	269.20001220703125
11415	100.31999969482422	103.36000061035156	269.80001831054693
11416	102.07999420166016	96.0	271.60000610351557
11417	105.75999450683594	97.5999984741211	269.39999389648443
11418	104.79999542236328	102.39999389648438	271.39999389648443
11419	110.55999755859376	100.63999938964844	272.60000610351557
11420	112.47999572753906	101.27999877929688	268.20001220703125
11421	120.47999572753906	92.79999542236328	270.39999389648443
11422	123.36000061035156	84.0	271.0
11423	129.44000244140622	89.1199951171875	271.20001220703125
11424	127.04000091552734	100.63999938964844	270.39999389648443
11425	129.1199951171875	86.08000183105469	268.39999389648443
11426	131.67999267578122	98.23999786376952	267.20001220703125
11427	135.03999328613278	93.43999481201172	272.39999389648443
11428	136.80000305175778	90.87999725341795	270.20001220703125
11429	140.95999145507812	97.43999481201172	268.20001220703125
11430	140.47999572753906	102.72000122070312	268.60000610351557
11431	96.95999908447266	103.83999633789062	270.0
11432	102.39999389648438	108.47999572753906	268.80001831054693
11433	103.5199966430664	105.5999984741211	271.80001831054693
11434	105.43999481201172	112.47999572753906	271.20001220703125
11435	108.15999603271484	106.72000122070312	269.39999389648443
11436	109.1199951171875	111.04000091552734	267.80001831054693
11437	112.95999908447266	118.23999786376952	269.0
11438	113.43999481201172	110.07999420166016	267.80001831054693
11439	119.1999969482422	118.55999755859376	270.39999389648443
11440	122.23999786376952	105.75999450683594	271.39999389648443
11441	126.39999389648438	118.7199935913086	269.80001831054693
11442	131.03999328613278	114.23999786376952	270.60000610351557
11443	125.1199951171875	125.75999450683594	268.20001220703125
11444	134.87998962402344	124.31999969482422	268.0
11445	138.39999389648438	108.95999908447266	268.80001831054693
11446	122.39999389648438	67.04000091552734	273.80001831054693
11447	126.23999786376952	73.27999877929688	273.39999389648443
11448	126.23999786376952	69.27999877929689	272.39999389648443
11449	123.83999633789062	90.4000015258789	273.80001831054693
11450	128.47999572753906	94.55999755859376	273.20001220703125
11451	133.59999084472656	97.27999877929688	273.20001220703125
11452	85.75999450683594	109.1199951171875	276.80001831054693
11453	91.83999633789062	109.91999816894531	273.80001831054693
11454	90.23999786376952	105.5999984741211	276.39999389648443
11455	95.83999633789062	108.15999603271484	274.39999389648443
11456	110.23999786376952	107.83999633789062	274.39999389648443
11457	115.1999969482422	105.1199951171875	273.39999389648443
11458	119.36000061035156	113.1199951171875	273.20001220703125
11459	91.04000091552734	107.83999633789062	279.39999389648443
11460	123.04000091552734	144.16000366210938	79.0
11461	129.59999084472656	137.59999084472656	75.5999984741211
11462	125.91999816894531	146.87998962402344	79.5999984741211
11463	126.39999389648438	140.8000030517578	80.4000015258789
11464	128.47999572753906	143.83999633789062	80.80000305175781
11465	125.1199951171875	139.83999633789062	84.20000457763672
11466	124.0	143.83999633789062	82.20000457763672
11467	126.39999389648438	135.19999694824222	83.80000305175781
11468	122.07999420166016	142.72000122070312	84.5999984741211
11469	121.27999877929688	145.27999877929688	83.0
11470	122.7199935913086	134.87998962402344	88.5999984741211
11471	127.83999633789062	140.0	89.80000305175781
11472	128.0	138.52000427246094	82.70000457763672
11473	127.04000091552734	140.0	84.80000305175781
11474	124.47999572753906	139.19999694824222	86.0
11475	127.86370086669922	147.03407287597656	83.32963562011719
11476	125.5999984741211	144.0	84.20000457763672
11477	125.1199951171875	146.39999389648438	82.20000457763672
11478	127.91999816894531	148.0800018310547	85.80000305175781
11479	126.55999755859376	133.27999877929688	84.80000305175781
11480	128.17332458496094	146.586669921875	86.20000457763672
11481	128.13713073730472	136.94857788085938	84.5
11482	124.43555450439452	143.3866729736328	86.25555419921875
11483	120.63999938964844	143.67999267578125	83.20000457763672
11484	122.23999786376952	143.52000427246094	87.0
11485	122.07999420166016	141.48399353027344	86.5999984741211
11486	120.47999572753906	146.87998962402344	84.80000305175781
11487	121.5999984741211	149.1199951171875	84.4000015258789
11488	118.23999786376952	144.3199920654297	85.20000457763672
11489	119.05142211914062	148.26856994628906	85.86428833007812
11490	121.4022216796875	147.61111450195312	86.81111145019531
11491	124.12190246582031	134.16761779785156	88.54762268066406
11492	122.23999786376952	138.39999389648438	86.80000305175781
11493	129.46499633789062	139.87249755859378	87.57500457763672
11494	129.36000061035156	136.95999145507812	86.20000457763672
11495	131.1199951171875	138.1199951171875	88.20000457763672
11496	129.52000427246094	141.9576416015625	90.77059173583984
11497	126.79999542236328	139.63999938964844	92.5999984741211
