label_id	max_midgut_endo	max_first_view	colour_midgut	colour_first_view
1	1.4584354339590993e-14	0.5785290671518376	255-232-213-56	255-254-152-44
2	2.3134383004278946e-13	0.0026390933583993	255-232-213-56	255-254-152-44
3	1.6369759329641372e-14	0.0146923226143767	255-24-215-202	255-254-152-44
4	2.877646590978873e-06	0.2445797192755271	255-70-122-242	255-254-152-44
5	3.0546221517684055e-29	1.1941000175396542e-12	255-247-113-27	255-70-122-242
6	3.0110558843161856e-18	5.4899905951887056e-15	255-70-122-242	255-212-231-53
7	1.9374208197336057e-07	1.1446408031067798e-05	255-70-122-242	255-212-231-53
8	8.588417934550232e-19	2.8473792299750303e-11	255-24-215-202	255-122-4-2
9	3.9170380137395846e-28	1.5664364505655682e-15	255-24-215-202	255-122-4-2
10	6.263123708852905e-25	6.401153291311317e-16	255-24-215-202	255-26-209-210
11	2.6264636955121577e-25	1.6028759771583158e-19	255-24-215-202	255-26-209-210
12	1.5005481496383018e-23	3.7814494694846456e-16	255-24-215-202	255-70-122-242
13	5.84050609556535e-24	4.0790869626216073e-16	255-24-215-202	255-254-152-44
14	1.6871571923976094e-17	1.588788994992609e-16	255-24-215-202	255-101-252-104
15	9.93248655141106e-25	1.0662706234257795e-17	255-24-215-202	255-26-209-210
16	1.2873843139634845e-19	2.3649414275183004e-14	255-70-122-242	255-70-122-242
17	6.110181208324257e-20	2.0386216630642128e-10	255-24-215-202	255-254-152-44
18	1.5022965354994974e-29	6.810190432022706e-21	255-70-122-242	255-70-122-242
19	6.095529678711838e-16	4.251539192120401e-11	255-24-215-202	255-26-209-210
20	1.0494581672263664e-24	1.2942246772772305e-18	255-70-122-242	255-26-209-210
21	2.4979195211118194e-25	2.709799712231573e-12	255-70-122-242	255-26-209-210
22	4.587408546614093e-28	3.1771018172242627e-20	255-24-215-202	255-122-4-2
23	2.139531819580394e-25	4.0198514840973715e-20	255-24-215-202	255-26-209-210
24	1.0213623911142085e-15	5.5635920823934045e-14	255-24-215-202	255-122-4-2
25	1.7584825877005263e-10	1.4260718237259741e-08	255-70-122-242	255-101-252-104
26	6.395695982385796e-08	0.0781551273406259	255-232-213-56	255-70-122-242
27	1.8609694017388737e-21	1.4172699425436972e-14	255-247-113-27	255-122-4-2
28	2.5060212928347692e-09	0.228193374557461	255-232-213-56	255-70-122-242
29	1.8582935531697238e-11	5.749062558992805e-11	255-24-215-202	255-101-252-104
30	3.5061677839453463e-17	4.307434729378885e-14	255-70-122-242	255-70-122-242
31	3.4438709335907136e-14	9.789876762139398e-13	255-70-122-242	255-101-252-104
32	9.869708221870056e-05	5.281168330415351e-05	255-128-254-83	255-122-4-2
33	1.040637751574468e-31	4.433057520282568e-27	255-70-122-242	255-70-122-242
34	4.130037909469415e-08	0.0838780359357609	255-24-215-202	255-122-4-2
35	4.80728404619835e-07	9.485096860322268e-07	255-122-4-2	255-122-4-2
36	8.07088784120854e-08	0.4116034983519105	255-222-62-8	255-254-152-44
37	5.16287851514376e-13	1.1780171917081626e-11	255-70-122-242	255-122-4-2
38	2.831900924542586e-23	1.7314525272860454e-19	255-24-215-202	255-122-4-2
39	2.787588448244014e-19	1.7884030948807802e-17	255-70-122-242	255-122-4-2
41	1.833938374109178e-07	0.3067235178409488	255-128-254-83	255-122-4-2
42	1.147087653006054e-29	1.1774773223961209e-19	255-24-215-202	255-122-4-2
43	2.5113802955958185e-16	6.817147419913731e-09	255-70-122-242	255-122-4-2
44	2.587833141307808e-13	1.2674092650355341e-13	255-24-215-202	255-122-4-2
45	1.3558422073047587e-20	1.1582420317730055e-14	255-24-215-202	255-122-4-2
46	0.0003201675261582	0.0031174743658678	255-232-213-56	255-70-122-242
47	1.051680958530528e-19	3.7702978761564084e-13	255-70-122-242	255-70-122-242
48	1.7317589115041252e-05	3.4152534412455363e-05	255-180-27-1	255-101-252-104
49	1.1238212427814694e-10	2.612113315560432e-10	255-70-122-242	255-101-252-104
50	1.2598622431082044e-32	2.7322700509683563e-19	255-70-122-242	255-26-209-210
51	3.2206364648790664e-23	1.5534998351624654e-17	255-24-215-202	255-122-4-2
52	2.535597776981091e-19	9.441389959570212e-17	255-24-215-202	255-26-209-210
53	3.455691672073635e-17	1.0346050010239868e-15	255-24-215-202	255-122-4-2
54	3.21435315053399e-28	1.9358701467640792e-20	255-24-215-202	255-122-4-2
55	5.172733690735743e-21	1.1611113347731547e-14	255-24-215-202	255-70-122-242
56	1.8840517619939984e-06	1.315573007549406e-06	255-70-122-242	255-122-4-2
57	1.0414484035633226e-11	0.0068778058602415	255-232-213-56	255-254-152-44
58	4.3737119529076726e-20	9.534451877468496e-17	255-70-122-242	255-101-252-104
59	1.1391441431536562e-14	3.532762722650474e-13	255-70-122-242	255-101-252-104
60	1.1530718267765942e-13	3.5511000244595244e-12	255-70-122-242	255-212-231-53
61	8.315332210558183e-24	1.9411888782167689e-19	255-24-215-202	255-122-4-2
62	0.0030901400033663	2.7917157040885847e-05	255-122-4-2	255-101-252-104
68	3.638996269470356e-05	3.1625141248286098e-06	255-128-254-83	255-122-4-2
69	4.563747601363883e-19	1.332679605103681e-14	255-70-122-242	255-212-231-53
70	4.481390545972701e-18	3.794836640812306e-15	255-24-215-202	255-212-231-53
71	5.116086668326451e-05	0.0019593664984472	255-232-213-56	255-70-122-242
72	8.470104247376483e-08	2.83529597234128e-05	255-70-122-242	255-70-122-242
73	1.925413033838717e-21	6.325395006353247e-19	255-24-215-202	255-122-4-2
74	0.2075723070294009	0.0001882995235799	255-128-254-83	255-70-122-242
75	7.738102771048107e-05	0.0001544116700997	255-122-4-2	255-70-122-242
77	5.714573754506598e-29	1.0076083348175282e-23	255-24-215-202	255-26-209-210
78	0.2203051976778453	0.000826652919032	255-122-4-2	255-101-252-104
79	2.446041507738039e-30	2.995239323808432e-20	255-70-122-242	255-212-231-53
80	3.994073597932021e-20	3.569501259222357e-17	255-24-215-202	255-122-4-2
81	0.0120677201662544	5.270690064711808e-05	255-187-244-52	255-70-122-242
82	2.767615240993663e-17	6.905412422408804e-17	255-24-215-202	255-26-209-210
83	0.027961052056047	0.0002498690321258	255-187-244-52	255-101-252-104
84	6.222026890275437e-25	6.238582628536588e-21	255-70-122-242	255-101-252-104
85	3.3883645796990107e-16	1.5210645964036702e-13	255-70-122-242	255-101-252-104
86	0.3414750282506845	0.0001803612499837	255-128-254-83	255-101-252-104
87	1.2919436861968688e-11	0.0172935105857572	255-70-122-242	255-26-209-210
88	0.0007565772298337	0.0270896127950509	255-128-254-83	255-254-152-44
89	4.889364206709951e-13	2.0727101746292162e-07	255-232-213-56	255-212-231-53
90	5.488618176379303e-23	3.06353766518702e-18	255-70-122-242	255-212-231-53
91	4.122341783311745e-12	0.0014461898002114	255-232-213-56	255-70-122-242
92	1.4293415441954036e-13	0.5059167227144623	255-232-213-56	255-70-122-242
93	0.0105688900019705	5.461257185033773e-05	255-187-244-52	255-101-252-104
94	3.7068291804133664e-11	1.4305546589450768e-11	255-247-113-27	255-70-122-242
95	0.0001623515591371	0.0022764544053049	255-24-215-202	255-122-4-2
96	2.5817019324850578e-17	1.9981593928742692e-13	255-70-122-242	255-212-231-53
97	1.9831652221612223e-18	1.119275458981581e-11	255-222-62-8	255-70-122-242
98	0.0067637300053064	2.0952413209316387e-06	255-187-244-52	255-70-122-242
99	0.0026792802045986	1.1559936942901276e-05	255-187-244-52	255-70-122-242
100	0.0011104223970191	0.0549523429759995	255-128-254-83	255-26-209-210
101	1.0448663021100697e-06	0.1610971004548494	255-24-215-202	255-122-4-2
102	8.06505077590266e-08	2.0479142753391343e-06	255-24-215-202	255-101-252-104
103	4.973011606037693e-16	7.459821720848913e-15	255-24-215-202	255-70-122-242
104	9.819183946793515e-21	1.0096127789998894e-16	255-24-215-202	255-26-209-210
105	6.797209298330786e-12	1.3697180801803392e-11	255-53-243-148	255-101-252-104
106	0.0006240965490654	7.622318199182912e-06	255-128-254-83	255-70-122-242
107	0.0027549205205411	0.0001820812948183	255-24-215-202	255-70-122-242
109	0.0127925362554567	7.273841186514534e-05	255-128-254-83	255-101-252-104
110	1.1443270146172537e-21	1.835244896930772e-19	255-24-215-202	255-212-231-53
111	1.4076309761805316e-07	2.5419302644892853e-08	255-128-254-83	255-70-122-242
112	2.6691510148596922e-11	0.9996244550037297	255-232-213-56	255-26-209-210
113	1.3057533028746701e-21	2.293738951408281e-17	255-24-215-202	255-70-122-242
115	1.1380133444287755e-09	2.9196508184619e-07	255-70-122-242	255-212-231-53
116	2.751944746258528e-16	5.835039505732234e-10	255-24-215-202	255-70-122-242
117	1.716253205458201e-12	2.3091802394822704e-05	255-232-213-56	255-212-231-53
118	5.587853142157685e-20	3.896339664999842e-16	255-70-122-242	255-70-122-242
119	1.5475079089112458e-10	0.0012444716060172	255-70-122-242	255-70-122-242
120	2.0707334180149863e-14	2.948463007101358e-09	255-70-122-242	255-212-231-53
121	3.3356340490029074e-27	4.420222527341053e-19	255-24-215-202	255-70-122-242
122	4.834377552222698e-18	1.0777875018822059e-13	255-24-215-202	255-122-4-2
123	4.8852592548359576e-14	8.970939261437559e-12	255-24-215-202	255-122-4-2
124	4.2083159855804115e-25	2.327279965631528e-20	255-24-215-202	255-70-122-242
125	0.1585737649184	0.0639596763273447	255-232-213-56	255-70-122-242
127	1.327282788661541e-07	4.294001083465993e-09	255-24-215-202	255-101-252-104
128	1.5566635525914057e-11	1.954459488732772e-12	255-24-215-202	255-101-252-104
129	0.0031984851207805	0.0799338325759704	255-232-213-56	255-26-209-210
130	6.758753859846751e-11	0.964519193045116	255-70-122-242	255-26-209-210
131	0.0325644596146485	0.1280287711395607	255-232-213-56	255-26-209-210
132	2.5338997371241253e-24	1.2562851887364423e-20	255-24-215-202	255-212-231-53
133	7.47989877505783e-08	7.115007475045163e-08	255-24-215-202	255-70-122-242
134	3.264646121253288e-15	7.233050645520107e-15	255-24-215-202	255-122-4-2
135	5.141617171373752e-15	1.0369281503055602e-15	255-24-215-202	255-122-4-2
136	3.4460482587123668e-15	1.3301218677770684e-17	255-24-215-202	255-122-4-2
137	9.78794457083992e-20	1.2595906999225578e-17	255-24-215-202	255-70-122-242
138	8.328457501156579e-20	5.944141181011791e-19	255-24-215-202	255-70-122-242
139	1.0278838159871614e-14	0.999765506913784	255-247-113-27	255-26-209-210
140	1.7157191213190186e-11	0.001198093083985	255-247-113-27	255-26-209-210
141	4.713224898178671e-13	1.282618937914145e-07	255-70-122-242	255-70-122-242
142	0.0300332422113841	0.0022584796579335	255-128-254-83	255-70-122-242
143	2.0134388135964303e-11	0.0846458003443892	255-70-122-242	255-26-209-210
144	3.2520201140794476e-08	9.279878572001134e-10	255-53-243-148	255-70-122-242
145	2.066735717311497e-20	7.335736875396004e-14	255-24-215-202	255-122-4-2
146	8.737184994934864e-19	8.188012412299293e-16	255-24-215-202	255-70-122-242
147	1.1057320373381512e-08	0.0026503093168368	255-232-213-56	255-70-122-242
148	1.2042488373236332e-14	1.1816807848728326e-11	255-24-215-202	255-122-4-2
149	4.487799790971683e-19	4.772081182077357e-15	255-24-215-202	255-212-231-53
150	6.250574136354278e-12	8.177403920885682e-13	255-24-215-202	255-70-122-242
151	0.0191910904875682	0.0003968501399357	255-128-254-83	255-101-252-104
152	4.059120185482999e-10	8.340032137055787e-05	255-247-113-27	255-26-209-210
153	0.1325108957187201	0.0001096165374631	255-128-254-83	255-101-252-104
154	3.073484308242756e-09	0.0096672841306652	255-247-113-27	255-26-209-210
155	1.113725002824889e-09	5.771693569051824e-06	255-70-122-242	255-212-231-53
156	0.0008582641893521	0.0108669812083222	255-232-213-56	255-70-122-242
157	1.6812445256874843e-08	1.5602197154496495e-05	255-70-122-242	255-122-4-2
158	7.844148990876244e-13	3.0108784450438736e-12	255-24-215-202	255-70-122-242
159	0.014740214261965	0.0029539514895263	255-128-254-83	255-70-122-242
160	1.957143645951277e-23	7.616427435853368e-15	255-70-122-242	255-212-231-53
161	0.0001470405101298	2.881902984320797e-05	255-128-254-83	255-101-252-104
162	7.357101025745411e-12	9.62503371080303e-13	255-24-215-202	255-70-122-242
163	6.662995994474057e-17	1.3148216452171045e-13	255-24-215-202	255-70-122-242
164	0.0001812700511038	0.0016636382749991	255-128-254-83	255-70-122-242
165	2.32980428152948e-19	5.3413929729839104e-17	255-24-215-202	255-70-122-242
166	1.1856592188718332e-07	1.0726611324737647e-06	255-70-122-242	255-212-231-53
167	5.060470820490154e-06	1.2449656470362664e-05	255-53-243-148	255-70-122-242
168	6.200295516977518e-12	4.83881026482993e-12	255-24-215-202	255-101-252-104
169	5.247366456296353e-13	6.830691121284928e-08	255-24-215-202	255-254-152-44
170	0.000196895579581	0.4275223983034407	255-232-213-56	255-70-122-242
171	1.4923078801805326e-16	4.293071849258349e-13	255-70-122-242	255-212-231-53
172	3.1354557459640047e-18	2.927227157888436e-17	255-180-27-1	255-101-252-104
173	0.0008257595529845	0.004875465659824	255-247-113-27	255-70-122-242
174	1.6109467388863277e-06	1.5233334966026357e-05	255-128-254-83	255-26-209-210
175	0.1081853482204539	4.5248567765188696e-05	255-128-254-83	255-101-252-104
176	1.1894841665822592e-05	1.63814352645559e-06	255-24-215-202	255-70-122-242
177	1.758518392910832e-09	5.241163906924586e-06	255-128-254-83	255-26-209-210
178	1.208919573333175e-12	0.0041278105518056	255-70-122-242	255-122-4-2
179	0.0007399218891095	3.541243566437265e-05	255-70-122-242	255-101-252-104
180	1.8729635083904133e-05	4.5412733439214776e-05	255-70-122-242	255-101-252-104
181	6.395972733993795e-11	1.330750038018981e-11	255-53-243-148	255-70-122-242
182	4.953435584186224e-12	2.726604277696819e-12	255-24-215-202	255-122-4-2
183	0.0040377741853208	0.1709351447405134	255-232-213-56	255-70-122-242
184	6.104601021228043e-05	0.0012020318980901	255-70-122-242	255-101-252-104
185	1.2864089040199126e-10	5.842619793777252e-10	255-180-27-1	255-122-4-2
186	0.0036948876203177	1.109934412331823e-05	255-128-254-83	255-101-252-104
187	7.687800839513173e-21	9.441421523009857e-21	255-24-215-202	255-122-4-2
188	1.4535892798994922e-13	1.0669460378392203e-09	255-128-254-83	255-217-56-6
189	9.611678104165655e-09	3.18704293536912e-12	255-24-215-202	255-122-4-2
190	2.2781408174567862e-06	0.0019165952954177	255-247-113-27	255-26-209-210
191	0.0001037749849393	1.2643403297550965e-05	255-122-4-2	255-70-122-242
192	9.910234035879321e-14	1.3946202253132093e-12	255-24-215-202	255-70-122-242
193	1.775853205805254e-05	0.0002736606216941	255-247-113-27	255-212-231-53
194	8.601046895143762e-05	0.0013794149002951	255-70-122-242	255-101-252-104
195	0.000105072782872	0.1316906698162931	255-232-213-56	255-26-209-210
197	2.100268477086722e-12	5.533114232024192e-10	255-70-122-242	255-101-252-104
198	3.6870167935332647e-06	0.0060860667621191	255-232-213-56	255-254-152-44
199	3.042704112947857e-05	0.0801770718780438	255-232-213-56	255-217-56-6
200	0.0018375745598941	0.3466352252307131	255-232-213-56	255-217-56-6
201	3.0423914562727207e-06	0.0034431155601904	255-232-213-56	255-26-209-210
202	4.1455221853291626e-12	4.191764231054855e-05	255-70-122-242	255-26-209-210
203	8.259450612268453e-14	1.1275583598934022e-12	255-24-215-202	255-122-4-2
204	7.764815679651451e-06	3.066142537766016e-05	255-70-122-242	255-212-231-53
205	9.11915683677586e-06	6.309502744822951e-07	255-24-215-202	255-70-122-242
206	0.0059588587542445	0.0390059782994675	255-232-213-56	255-70-122-242
207	9.217410033698957e-06	0.0003162326246192	255-122-4-2	255-101-252-104
208	1.0936640664831195e-16	1.1206543196698818e-15	255-24-215-202	255-122-4-2
209	4.044743680156359e-05	0.0017243231284099	255-232-213-56	255-70-122-242
210	5.127366088371433e-22	8.797528193195069e-21	255-24-215-202	255-101-252-104
211	1.6040083188659106e-05	1.1517861653028626e-06	255-70-122-242	255-122-4-2
212	0.0001028477268342	0.4086838913276525	255-232-213-56	255-70-122-242
213	0.0024789095190642	0.0271998195251753	255-128-254-83	255-254-152-44
214	9.329316558858543e-06	5.920288576593935e-06	255-232-213-56	255-254-152-44
215	1.2462265834842765e-06	0.0005775759402366	255-24-215-202	255-217-56-6
216	0.1347585519141867	0.0001263907298219	255-128-254-83	255-101-252-104
217	0.0005498184242196	0.0016366239753058	255-128-254-83	255-26-209-210
218	0.0855764282913361	0.0001629253910062	255-128-254-83	255-101-252-104
219	3.846404384393964e-06	4.893752363153498e-06	255-70-122-242	255-122-4-2
220	0.0737527552346622	0.0013244918073579	255-232-213-56	255-70-122-242
221	1.1933038862000534e-05	0.0154749268463799	255-70-122-242	255-70-122-242
222	1.0864575185454812e-10	9.795655276862291e-07	255-24-215-202	255-122-4-2
223	8.339122091546148e-06	0.002764682253199	255-70-122-242	255-101-252-104
224	1.7292265279954184e-06	0.0001449966398961	255-128-254-83	255-217-56-6
225	6.738103182556342e-14	0.001051908639205	255-24-215-202	255-70-122-242
226	5.02817955654677e-10	2.1411328238945208e-09	255-247-113-27	255-212-231-53
227	9.142891291848427e-10	1.3727099245292791e-09	255-247-113-27	255-70-122-242
228	0.0195801007508311	0.0008439020387509	255-247-113-27	255-70-122-242
229	0.1595811357663089	0.0005702927652099	255-128-254-83	255-101-252-104
230	8.230699892410858e-06	2.1160192826207456e-05	255-122-4-2	255-70-122-242
231	6.241386102669702e-05	0.0568917432310699	255-70-122-242	255-254-152-44
232	0.0017994793953224	0.0046490219318129	255-24-215-202	255-122-4-2
233	0.2302331271526772	0.0005069206181959	255-128-254-83	255-101-252-104
235	0.0001603479044918	0.0103766181303144	255-70-122-242	255-70-122-242
236	2.479483880691658e-05	0.0001876576158064	255-24-215-202	255-70-122-242
237	3.050571228911068e-05	0.1666552735588163	255-232-213-56	255-26-209-210
238	0.001449098181221	0.11096289223038	255-232-213-56	255-70-122-242
239	1.8770518810909407e-09	1.917866267038191e-05	255-247-113-27	255-70-122-242
240	3.993102890788246e-11	1.7273178435074297e-06	255-247-113-27	255-212-231-53
241	1.2509256670524358e-06	0.0002975872318588	255-247-113-27	255-122-4-2
242	3.612548508802661e-18	8.688073081870108e-18	255-24-215-202	255-122-4-2
243	1.4324430887404099e-09	9.628373888591804e-11	255-24-215-202	255-212-231-53
244	5.002583321420884e-10	7.897749527443174e-06	255-70-122-242	255-70-122-242
245	9.764235874251736e-14	2.8703287689423223e-13	255-24-215-202	255-122-4-2
246	4.0355066680943225e-19	3.790452715814167e-19	255-24-215-202	255-122-4-2
247	5.557920347447466e-05	0.00302100937175	255-24-215-202	255-101-252-104
248	0.2127004676324951	0.0107296694362243	255-128-254-83	255-101-252-104
249	1.5316835685949478e-14	6.266928358893946e-13	255-24-215-202	255-122-4-2
250	2.1846603495586136e-06	5.0297969583603567e-05	255-247-113-27	255-70-122-242
251	1.406780377666498e-08	2.7017716162576456e-05	255-128-254-83	255-70-122-242
252	1.0755941395122247e-09	4.387036689440168e-06	255-70-122-242	255-70-122-242
253	1.138541599800692e-15	1.7570884055136778e-13	255-24-215-202	255-122-4-2
254	3.838225580632164e-11	1.959007552514978e-07	255-24-215-202	255-122-4-2
255	4.7574385522657135e-14	9.536142741741123e-14	255-24-215-202	255-122-4-2
256	2.226602358174718e-16	1.3393742635958865e-15	255-24-215-202	255-122-4-2
257	1.6548911034168223e-14	1.0265446789676476e-13	255-24-215-202	255-122-4-2
258	7.555828306551753e-07	0.3013714389118761	255-24-215-202	255-101-252-104
259	1.0154884124259864e-06	2.442605909532448e-07	255-70-122-242	255-101-252-104
260	5.663595506651613e-05	0.9979952019211866	255-70-122-242	255-101-252-104
261	5.9962906612048146e-12	3.638470303733219e-05	255-70-122-242	255-70-122-242
262	2.5779994876830002e-12	0.0001059903310404	255-24-215-202	255-70-122-242
263	2.2850280836922959e-07	2.1263811828343078e-06	255-247-113-27	255-70-122-242
264	1.874939276463828e-15	1.4005427407326706e-07	255-70-122-242	255-70-122-242
265	8.043933181897016e-13	9.512551121037995e-12	255-24-215-202	255-122-4-2
266	5.875838448192997e-05	0.0043465191691914	255-70-122-242	255-70-122-242
267	1.3709142748951745e-13	3.2374729898236293e-13	255-24-215-202	255-122-4-2
268	2.5645956039697184e-14	1.3168402698502011e-14	255-24-215-202	255-122-4-2
269	8.392243273976992e-05	1.0631463790731049e-07	255-187-244-52	255-70-122-242
270	0.5003633865903316	0.1927629789939343	255-24-215-202	255-101-252-104
271	3.2379456745032066e-15	4.32355656540554e-11	255-247-113-27	255-26-209-210
272	3.26057024052699e-10	0.0001103966473582	255-70-122-242	255-122-4-2
273	0.0002577893829474	0.0029038889051737	255-187-244-52	255-70-122-242
274	0.0036867722432936	0.3763281198860259	255-70-122-242	255-101-252-104
275	6.543042096871106e-11	1.515293586707855e-05	255-24-215-202	255-70-122-242
276	5.897521682208393e-12	6.054493640265725e-12	255-24-215-202	255-122-4-2
277	1.9899546223519998e-07	4.985284989628173e-09	255-24-215-202	255-101-252-104
278	7.378988880480781e-13	2.5508517975556708e-11	255-24-215-202	255-122-4-2
279	4.666986417442808e-09	3.4546905437977494e-11	255-53-243-148	255-70-122-242
280	0.0127636202865583	0.7106402208969723	255-70-122-242	255-101-252-104
281	0.024629368431569	0.233024713647776	255-24-215-202	255-217-56-6
282	1.776933929698739e-19	3.3295792315065383e-09	255-24-215-202	255-70-122-242
283	7.234352092944645e-09	0.0677012372241238	255-247-113-27	255-122-4-2
284	5.0221796445499987e-14	2.6472911201917416e-12	255-24-215-202	255-212-231-53
285	2.963504539314125e-12	5.366135459531312e-13	255-24-215-202	255-122-4-2
286	4.918787643908943e-07	1.5229061126349774e-06	255-24-215-202	255-70-122-242
287	1.6013076863889043e-09	8.863945815490294e-06	255-128-254-83	255-70-122-242
288	1.2776809719302677e-13	2.0165914016085064e-12	255-70-122-242	255-212-231-53
289	1.3233262134372897e-15	3.8304817426319273e-14	255-24-215-202	255-122-4-2
290	0.0024048458071236	0.0001659311245143	255-247-113-27	255-101-252-104
291	0.0002292741706721	6.340289293077546e-05	255-70-122-242	255-101-252-104
292	1.1312617137997698e-11	1.2878192805863625e-12	255-222-62-8	255-122-4-2
294	1.1810693057721577e-12	5.56001840825624e-09	255-24-215-202	255-70-122-242
296	0.0025800041193865	0.0002991890143081	255-128-254-83	255-70-122-242
297	0.0011339258509379	0.000878346962464	255-53-243-148	255-122-4-2
298	0.0107384825587301	0.0489394319348576	255-128-254-83	255-70-122-242
299	1.32722389286668e-11	1.6907117804681295e-10	255-247-113-27	255-212-231-53
300	2.5633017237913614e-07	0.000288236133111	255-247-113-27	255-70-122-242
301	0.0013537163977979	0.2257207495656841	255-70-122-242	255-101-252-104
302	0.0041974222612198	0.0007473134785383	255-53-243-148	255-101-252-104
303	0.0139518399811442	1.1247241842701477e-05	255-128-254-83	255-70-122-242
304	1.3163390146780144e-08	0.0006909229210562	255-232-213-56	255-70-122-242
305	6.849343766571643e-13	1.0528916631260955e-09	255-24-215-202	255-122-4-2
307	3.2357448550260764e-07	0.0009268334471048	255-24-215-202	255-26-209-210
308	7.244129030762943e-21	2.128393247945597e-20	255-24-215-202	255-101-252-104
309	0.0188171446486358	0.0001539188228657	255-24-215-202	255-101-252-104
310	5.099835315439217e-13	4.795871302220576e-10	255-24-215-202	255-212-231-53
312	0.0026783505283394	0.0303868509236971	255-24-215-202	255-101-252-104
313	1.95140017583742e-07	6.769798268652045e-05	255-53-243-148	255-217-56-6
314	0.0179988164154854	7.545047590378027e-05	255-128-254-83	255-101-252-104
315	0.0924524913959185	0.1961795681094721	255-24-215-202	255-101-252-104
317	9.66534640430621e-07	0.0002625095762556	255-53-243-148	255-70-122-242
318	1.1171696913292803e-07	0.0102652759108299	255-232-213-56	255-26-209-210
319	4.126817143864703e-23	2.6017033662476163e-23	255-24-215-202	255-212-231-53
320	0.0194163689319354	0.0425026741598156	255-70-122-242	255-101-252-104
321	7.161834316163842e-12	2.3134192579299287e-11	255-24-215-202	255-122-4-2
322	1.3778121221830524e-06	5.659126158622399e-08	255-187-244-52	255-70-122-242
323	0.0092701619501931	5.496887755928323e-05	255-24-215-202	255-101-252-104
324	8.607228059312245e-13	2.2814035226687955e-11	255-24-215-202	255-70-122-242
325	5.759119325513266e-17	1.6710970658931696e-15	255-24-215-202	255-122-4-2
326	8.30218204849623e-08	6.962492270395403e-08	255-24-215-202	255-122-4-2
327	0.0109294767270288	3.443945497749487e-05	255-53-243-148	255-70-122-242
328	0.0028421004265057	0.0010862952620404	255-24-215-202	255-122-4-2
329	9.800878480883717e-07	0.0144200711625724	255-70-122-242	255-101-252-104
330	0.0086266889550371	0.0029608546802694	255-122-4-2	255-101-252-104
331	8.273489009659045e-15	5.193740965413965e-15	255-24-215-202	255-122-4-2
332	1.1101618938228344e-16	8.811932701392325e-14	255-24-215-202	255-26-209-210
333	0.5818218824579509	0.0325554602049613	255-24-215-202	255-101-252-104
334	0.0011910988259268	0.0010635993932722	255-232-213-56	255-254-152-44
335	0.1225302827739	0.0006096091376178	255-128-254-83	255-70-122-242
336	2.926636450498052e-26	3.779494690566076e-12	255-180-27-1	255-122-4-2
337	0.0084029140913882	0.0434470150425869	255-70-122-242	255-101-252-104
338	2.9974735105506215e-17	1.0196751768823455e-16	255-24-215-202	255-70-122-242
339	1.5593788657642233e-08	6.324288936992774e-05	255-232-213-56	255-26-209-210
340	0.0015905633607116	0.0029745841554191	255-232-213-56	255-70-122-242
342	4.049652505104111e-07	0.000111094014571	255-232-213-56	255-26-209-210
343	0.0349248516252215	0.0004878842725702	255-128-254-83	255-70-122-242
344	1.983122065006703e-06	0.0038832227877304	255-70-122-242	255-122-4-2
345	1.6232399937047268e-15	2.138582713832836e-07	255-24-215-202	255-122-4-2
346	8.476684519881154e-18	2.6525484657667082e-18	255-24-215-202	255-122-4-2
347	0.0001842796948397	6.454215717156372e-05	255-122-4-2	255-101-252-104
348	7.050421042850848e-05	0.2988532064213977	255-232-213-56	255-212-231-53
349	4.926134407258785e-09	1.8511699725963568e-10	255-24-215-202	255-70-122-242
350	2.7525630545243745e-17	3.729240656052093e-16	255-24-215-202	255-122-4-2
351	2.7942510729134906e-12	1.5327345540846695e-14	255-24-215-202	255-122-4-2
352	2.496601113283905e-07	1.6034058480209962e-08	255-53-243-148	255-101-252-104
353	1.0243614412826417e-13	1.6565489075098657e-07	255-232-213-56	255-26-209-210
354	3.553193646578877e-11	1.1213138018266652e-11	255-247-113-27	255-122-4-2
355	0.0174076733093574	0.0113140580921088	255-70-122-242	255-101-252-104
356	1.0669691137203965e-08	0.0265551688043631	255-232-213-56	255-70-122-242
357	1.0714665134877614e-12	1.2140601171705188e-10	255-247-113-27	255-70-122-242
358	7.56799687988901e-10	8.172957376838716e-13	255-24-215-202	255-122-4-2
359	1.592789080656325e-16	3.0414302755136654e-13	255-70-122-242	255-101-252-104
360	0.2431787380581364	0.0041762993374139	255-53-243-148	255-101-252-104
361	4.619095525968037e-05	4.858331375078407e-06	255-247-113-27	255-70-122-242
362	0.0003570002411677	7.678358814986353e-07	255-24-215-202	255-122-4-2
364	4.586241836995634e-08	9.099326781930614e-06	255-53-243-148	255-70-122-242
365	2.2670931175144823e-10	4.522634003468816e-05	255-232-213-56	255-70-122-242
366	2.77911191094716e-13	6.621163005822366e-11	255-24-215-202	255-122-4-2
367	1.0693074158863799e-10	2.0321313019014606e-07	255-232-213-56	255-122-4-2
368	7.823876824527223e-06	0.0001706614130594	255-70-122-242	255-101-252-104
369	0.0107616922970104	8.810780525589084e-08	255-24-215-202	255-101-252-104
370	7.509327591097022e-06	9.105157526960648e-05	255-70-122-242	255-101-252-104
371	7.616493260841344e-15	1.2135448074767212e-05	255-70-122-242	255-70-122-242
372	6.772583397165586e-14	2.0760100756024493e-05	255-24-215-202	255-212-231-53
373	2.6286821195562122e-09	0.0298148335456909	255-232-213-56	255-70-122-242
374	4.6331926340521204e-14	0.004970122868773	255-70-122-242	255-254-152-44
375	2.2063569360165347e-08	0.0082561124491945	255-24-215-202	255-70-122-242
376	1.4830271397732662e-06	3.059280450677642e-05	255-70-122-242	255-101-252-104
378	4.455222042034279e-08	1.2507996844693616e-07	255-70-122-242	255-101-252-104
379	0.0688113363115284	0.0002318904264311	255-128-254-83	255-101-252-104
380	0.5070201782965381	0.0006025598228791	255-128-254-83	255-101-252-104
381	0.0002316704984865	0.0245497735813066	255-128-254-83	255-70-122-242
382	0.00124359700056	0.0003767856198106	255-24-215-202	255-70-122-242
383	1.439001594891995e-16	9.675185164568252e-05	255-70-122-242	255-254-152-44
384	1.4304347122297873e-07	9.862167898026136e-06	255-51-172-246	255-70-122-242
385	0.8963922477818987	1.32547066359624e-10	255-24-215-202	255-101-252-104
386	3.588248344316235e-17	3.1175041501380625e-05	255-24-215-202	255-70-122-242
387	8.486812976736593e-07	0.0025678961499099	255-24-215-202	255-122-4-2
388	1.5266629629150078e-06	4.823749129902214e-06	255-128-254-83	255-70-122-242
389	0.0001059442556494	1.906038136389618e-06	255-128-254-83	255-70-122-242
390	8.416590122540474e-11	0.158945529893152	255-247-113-27	255-122-4-2
391	0.0041870194866161	0.0006305462891049	255-128-254-83	255-101-252-104
392	4.418091892737825e-12	2.2723883947988965e-07	255-24-215-202	255-212-231-53
393	4.1149506394667846e-11	2.251903949548067e-09	255-51-172-246	255-122-4-2
395	0.0086440136806457	6.776804544584294e-05	255-128-254-83	255-122-4-2
396	1.2621623031580365e-12	1.8257743222955342e-09	255-24-215-202	255-122-4-2
397	7.473532621555103e-06	8.870459957223887e-05	255-128-254-83	255-254-152-44
398	0.0063259930231964	0.0012351947692568	255-24-215-202	255-122-4-2
399	3.973755746787681e-07	0.007429538485975	255-70-122-242	255-70-122-242
400	6.523028936244506e-12	0.0046940744025767	255-24-215-202	255-122-4-2
401	1.079113546336179e-15	0.0006138906457678	255-24-215-202	255-122-4-2
402	2.0482210239511402e-10	0.6504889236036027	255-24-215-202	255-122-4-2
403	3.6566348985423823e-19	9.560212988205911e-15	255-24-215-202	255-122-4-2
404	0.0004953744521019	0.0250150055671401	255-24-215-202	255-212-231-53
405	1.0093371854024875e-07	8.673697051618103e-05	255-24-215-202	255-70-122-242
406	1.7669644203430394e-09	0.0169769120880277	255-232-213-56	255-217-56-6
408	5.16003190812317e-17	1.205825863130788e-06	255-24-215-202	255-122-4-2
409	3.7354354519240494e-20	2.382263354562131e-12	255-24-215-202	255-122-4-2
410	2.5539212555639786e-08	4.525886101801457e-08	255-24-215-202	255-122-4-2
411	0.9987618868054728	7.517561359682314e-06	255-24-215-202	255-122-4-2
412	2.3566529104690003e-09	0.002936064011247	255-232-213-56	255-122-4-2
413	1.933391165131072e-12	0.007361225068065	255-70-122-242	255-254-152-44
414	6.419699097308488e-09	0.0001908887805006	255-24-215-202	255-122-4-2
415	2.2529052404632982e-06	0.0013265849269467	255-24-215-202	255-70-122-242
416	8.899195365747039e-05	2.1055588318993534e-06	255-24-215-202	255-122-4-2
417	0.0266185345522062	0.0026308387276862	255-53-243-148	255-101-252-104
418	0.0432894219287681	0.0469454618285147	255-222-62-8	255-101-252-104
419	7.192473676986203e-06	0.0017346990232279	255-128-254-83	255-70-122-242
420	0.0003523638144558	0.0064706234085394	255-53-243-148	255-101-252-104
421	1.8427993768840427e-09	0.0061834785460234	255-222-62-8	255-254-152-44
422	2.3404376568242097e-30	5.8897065911333835e-25	255-222-62-8	255-70-122-242
423	5.397496957261426e-16	4.282883184350811e-13	255-24-215-202	255-122-4-2
424	1.1005641691144747e-18	2.8113422492010564e-14	255-180-27-1	255-212-231-53
425	1.3079710543211347e-25	1.8871286140820609e-22	255-70-122-242	255-70-122-242
426	8.040419019914238e-08	0.0052698570092158	255-24-215-202	255-217-56-6
427	2.2717630826032206e-10	0.0092059457771085	255-24-215-202	255-70-122-242
428	1.22152572295487e-12	2.392607287995856e-05	255-180-27-1	255-122-4-2
429	0.0064831851287522	0.0201485803048878	255-24-215-202	255-122-4-2
430	3.4055848569043494e-11	3.447719016081426e-06	255-24-215-202	255-122-4-2
431	7.51099405032753e-11	4.953139029445398e-07	255-24-215-202	255-122-4-2
432	6.62693743071078e-10	0.0012515189805134	255-232-213-56	255-254-152-44
433	4.797183914848027e-15	0.0017498271636	255-70-122-242	255-70-122-242
434	2.6977174682231996e-13	0.0404110431365742	255-70-122-242	255-254-152-44
435	1.24308397207304e-10	0.2311618197184538	255-70-122-242	255-212-231-53
436	1.988262589185993e-09	0.9985248397384316	255-70-122-242	255-70-122-242
437	2.1093292691769344e-10	0.2510781355162557	255-70-122-242	255-254-152-44
438	7.815387688105296e-11	0.575103498934823	255-70-122-242	255-254-152-44
439	3.206377057948905e-10	0.2915961158291443	255-232-213-56	255-254-152-44
440	7.29950077351133e-17	0.1054687726283278	255-232-213-56	255-254-152-44
441	1.289723024878172e-07	0.2467593002185336	255-232-213-56	255-212-231-53
442	1.7295144735563683e-11	0.0395047715838665	255-232-213-56	255-254-152-44
443	3.0007713423378775e-15	0.239713664120253	255-232-213-56	255-254-152-44
444	8.757960213919493e-13	0.4374942220723287	255-24-215-202	255-254-152-44
445	6.314659513383522e-17	3.2621128482548926e-05	255-232-213-56	255-254-152-44
446	1.6132673378710288e-17	1.5345600904798765e-07	255-24-215-202	255-122-4-2
447	1.4672449052632452e-16	0.7762021212326186	255-70-122-242	255-254-152-44
448	3.000757128960202e-17	0.0032214511216534	255-24-215-202	255-70-122-242
449	2.6425963845329614e-13	0.0019462679672362	255-232-213-56	255-70-122-242
450	3.27847647906474e-12	0.0133134030016909	255-222-62-8	255-254-152-44
451	1.2238534406540244e-14	0.8098272812708124	255-70-122-242	255-254-152-44
452	8.298215475173925e-13	0.0043564259047647	255-70-122-242	255-254-152-44
453	1.966580007193567e-10	0.2199478697159481	255-70-122-242	255-212-231-53
454	3.100495548757461e-15	3.1199612466053194e-06	255-24-215-202	255-212-231-53
455	3.9731426489972446e-08	2.788788852846117e-05	255-70-122-242	255-254-152-44
456	8.9119534735491e-10	0.4197100036801833	255-70-122-242	255-254-152-44
457	6.97135768714434e-07	0.003260777956951	255-70-122-242	255-212-231-53
458	2.915493772907368e-17	1.6393261288139483e-16	255-24-215-202	255-122-4-2
459	3.0708979029052e-08	0.000251473292875	255-70-122-242	255-254-152-44
460	0.0007588157176862	0.0421697357802702	255-70-122-242	255-122-4-2
461	1.3736210689645898e-07	0.001264408961073	255-70-122-242	255-254-152-44
462	3.241075639434255e-10	4.923977888830597e-06	255-128-254-83	255-122-4-2
463	6.488291171423225e-14	0.00125522880545	255-232-213-56	255-122-4-2
464	2.5290847961993163e-16	0.3119056292654419	255-70-122-242	255-254-152-44
465	5.699167877507064e-16	0.9472150361648546	255-70-122-242	255-254-152-44
466	6.4321332050872135e-12	0.2003258270546757	255-180-27-1	255-254-152-44
467	1.2554242977364804e-14	0.2324981216223612	255-70-122-242	255-212-231-53
468	2.897668918498932e-17	0.913081057948392	255-70-122-242	255-212-231-53
469	1.3413449232180646e-10	0.5115236995379864	255-232-213-56	255-254-152-44
470	1.4045857526838066e-14	0.0023508547981274	255-232-213-56	255-70-122-242
471	1.4596916139132393e-18	1.5506664349984124e-05	255-24-215-202	255-212-231-53
472	1.7196305999073085e-18	2.773258196117296e-05	255-232-213-56	255-70-122-242
473	3.5368120714147923e-19	1.7376928613883111e-09	255-24-215-202	255-70-122-242
474	4.101022376218091e-15	2.7457368669187797e-05	255-232-213-56	255-254-152-44
475	6.102162648248506e-13	1.2080500769108028e-06	255-232-213-56	255-122-4-2
476	2.533858877260025e-14	7.11581504008424e-08	255-222-62-8	255-212-231-53
477	2.002746357297101e-09	0.0251534990946664	255-222-62-8	255-70-122-242
478	1.7381750753405984e-11	0.0713901560243817	255-232-213-56	255-70-122-242
479	5.752617635354277e-12	0.0008292336768207	255-232-213-56	255-70-122-242
480	2.809614578394596e-11	0.5233565662979868	255-232-213-56	255-70-122-242
481	4.289104736116138e-14	4.88898041212117e-06	255-24-215-202	255-254-152-44
482	3.431352618425652e-11	0.001551333698734	255-232-213-56	255-212-231-53
483	2.4430279862923902e-20	2.259809831102389e-07	255-24-215-202	255-212-231-53
484	4.007866197273247e-16	0.2208483697697164	255-24-215-202	255-254-152-44
485	2.6258005514849334e-19	0.0859636517910691	255-24-215-202	255-254-152-44
486	9.703664794321037e-22	1.702983519049331e-09	255-70-122-242	255-254-152-44
487	2.459080004132385e-15	0.0246167116388331	255-70-122-242	255-254-152-44
488	1.3297965601040218e-08	0.0382886437008796	255-232-213-56	255-212-231-53
489	1.3533826225184961e-08	0.0064608506810305	255-232-213-56	255-254-152-44
490	9.560600473393563e-10	0.0032459038566272	255-232-213-56	255-254-152-44
491	1.8765449255061144e-19	8.495033348762185e-08	255-222-62-8	255-254-152-44
492	8.925361035980404e-09	0.0078655501956625	255-70-122-242	255-254-152-44
493	3.720866009891348e-06	0.0759506936613769	255-70-122-242	255-212-231-53
494	1.2040226303273556e-09	0.4792307592144671	255-70-122-242	255-70-122-242
495	5.497052789165667e-07	0.1283743608803365	255-70-122-242	255-254-152-44
496	4.274905570714329e-12	0.0475815962039484	255-24-215-202	255-70-122-242
497	3.172913712541826e-08	0.0048242990586832	255-24-215-202	255-70-122-242
498	1.0067174355885612e-07	0.0064503111444911	255-70-122-242	255-254-152-44
499	3.420239558553912e-05	0.0034441730320798	255-70-122-242	255-212-231-53
500	8.726436614867156e-17	5.229634891311707e-05	255-24-215-202	255-217-56-6
501	2.1799962592762982e-09	1.09151670973625e-05	255-70-122-242	255-212-231-53
502	7.481688376010953e-19	6.327536988254141e-07	255-70-122-242	255-254-152-44
504	5.019672139265342e-09	5.48689035944515e-07	255-70-122-242	255-70-122-242
505	2.921759708887368e-18	7.364015658774509e-15	255-70-122-242	255-212-231-53
507	1.4573508455302012e-16	0.8852262953945362	255-232-213-56	255-212-231-53
508	1.091335589434222e-25	7.500652965389291e-15	255-24-215-202	255-26-209-210
509	1.5737646806148662e-19	3.993778741814449e-09	255-24-215-202	255-212-231-53
510	1.1217373783873116e-20	1.0002897441297088e-16	255-128-254-83	255-212-231-53
511	1.9621831127270496e-12	0.0696624427412913	255-180-27-1	255-212-231-53
512	1.9101722655904733e-13	7.304873946630788e-05	255-24-215-202	255-212-231-53
513	4.9564646517006165e-27	1.0602873863293225e-15	255-24-215-202	255-70-122-242
514	2.337714721093501e-21	9.719094947889889e-13	255-24-215-202	255-212-231-53
515	3.874415625949469e-13	0.0046287060372027	255-180-27-1	255-70-122-242
516	2.6263582373782936e-13	0.4811378899378847	255-232-213-56	255-254-152-44
517	2.028022289229024e-14	0.0099355559865225	255-24-215-202	255-254-152-44
518	4.319997925178026e-20	1.9493308592109936e-12	255-24-215-202	255-70-122-242
519	5.773975444290562e-12	0.0030473950997763	255-222-62-8	255-70-122-242
520	2.4988862891211096e-12	0.0156318475084751	255-232-213-56	255-254-152-44
521	6.661672878478783e-13	0.0002601377156842	255-24-215-202	255-254-152-44
522	7.487863081726647e-13	0.0009816077001755	255-222-62-8	255-254-152-44
523	4.409179173424132e-13	1.3901598867648535e-05	255-232-213-56	255-254-152-44
524	5.059283758049926e-10	0.0025137885204163	255-70-122-242	255-212-231-53
525	4.625717874200738e-09	0.0768016094666466	255-222-62-8	255-217-56-6
526	2.3479356096958866e-10	0.7027532185576799	255-232-213-56	255-254-152-44
527	2.628834533975596e-12	0.0061091272572548	255-232-213-56	255-254-152-44
529	2.725686973519255e-13	0.2323446808719051	255-24-215-202	255-122-4-2
530	7.538437961631324e-15	0.0201041371654355	255-232-213-56	255-254-152-44
531	2.5072636116824265e-16	0.0001467084741954	255-232-213-56	255-254-152-44
532	3.162891793731874e-27	8.674882068956237e-15	255-24-215-202	255-254-152-44
533	9.835364166631123e-24	7.959068179472298e-11	255-24-215-202	255-122-4-2
534	6.3606641468215216e-21	0.0002316451500765	255-70-122-242	255-254-152-44
535	5.7157994056421775e-28	5.048652073446423e-13	255-24-215-202	255-122-4-2
536	2.0744901258616152e-08	0.0051788938950672	255-222-62-8	255-212-231-53
537	3.037952475106633e-19	6.645961027047213e-10	255-70-122-242	255-254-152-44
538	1.7300829446173058e-15	0.0044100295166346	255-70-122-242	255-26-209-210
539	1.2742988261631465e-12	0.0002639546380366	255-70-122-242	255-254-152-44
540	1.264264031362741e-08	0.0203860976952744	255-70-122-242	255-212-231-53
541	0.0013704201954413	0.0359677508356246	255-70-122-242	255-101-252-104
542	1.1118888264673271e-19	2.5724377629990647e-17	255-180-27-1	255-212-231-53
543	2.001828121046307e-24	1.5078731793241134e-17	255-180-27-1	255-212-231-53
544	1.3308563942999668e-16	5.515785310070755e-14	255-180-27-1	255-212-231-53
545	1.9287372866604949e-07	3.546387344084087e-05	255-70-122-242	255-70-122-242
546	1.9743626843280665e-08	1.4269380618047587e-06	255-70-122-242	255-70-122-242
547	5.663627792640828e-25	6.867698056886621e-19	255-24-215-202	255-70-122-242
548	6.77500431209439e-07	0.031185389078704	255-70-122-242	255-70-122-242
549	1.6257907055936826e-22	3.264376032765146e-15	255-24-215-202	255-212-231-53
550	1.5184844092749692e-20	1.080671357003378e-16	255-24-215-202	255-122-4-2
551	1.9725479064970978e-13	9.215390973729301e-13	255-222-62-8	255-70-122-242
552	1.090158405356268e-05	0.0001227864944749	255-70-122-242	255-70-122-242
553	1.1600912941054618e-11	8.341112687846009e-11	255-70-122-242	255-212-231-53
554	3.0943143595768585e-10	2.5830804321867876e-08	255-70-122-242	255-212-231-53
555	8.696879132332638e-05	0.0030954005993552	255-70-122-242	255-70-122-242
556	7.925678128371666e-13	6.587071905099254e-12	255-24-215-202	255-26-209-210
557	3.706051476840745e-13	7.174110108124831e-10	255-70-122-242	255-212-231-53
558	6.135740293608909e-07	0.0195210381225739	255-70-122-242	255-122-4-2
559	1.1946350971243201e-18	7.875668605745737e-15	255-24-215-202	255-122-4-2
560	9.442267532369676e-16	1.5096026990793847e-10	255-24-215-202	255-212-231-53
561	0.0003789949753464	0.0062984724436118	255-70-122-242	255-212-231-53
562	1.9967424726768448e-06	0.0056916439314589	255-70-122-242	255-212-231-53
563	7.26403849995338e-16	9.090895834504147e-14	255-53-243-148	255-212-231-53
564	1.8089058786761164e-05	1.5709075010138164e-05	255-128-254-83	255-254-152-44
565	6.298056042137238e-13	8.079141293671909e-06	255-232-213-56	255-70-122-242
566	1.782270345136021e-13	3.963792123398044e-07	255-70-122-242	255-212-231-53
567	7.565135378009399e-18	2.351271206788571e-08	255-222-62-8	255-212-231-53
568	9.487983490985044e-18	1.1862882687166312e-05	255-247-113-27	255-122-4-2
569	2.206025995935353e-19	1.245830551449839e-06	255-24-215-202	255-122-4-2
570	2.1655438506701969e-13	0.0008621380317895	255-222-62-8	255-254-152-44
571	2.0018524246547808e-14	0.0057416277643174	255-180-27-1	255-254-152-44
572	1.3182860125432576e-16	0.0088792115137185	255-24-215-202	255-254-152-44
573	2.0985122896127416e-24	5.681555007887764e-12	255-24-215-202	255-122-4-2
574	1.8786980535336758e-14	0.0685150538070723	255-24-215-202	255-254-152-44
575	1.5317772853030283e-08	0.0592805175183458	255-232-213-56	255-254-152-44
576	2.7664949814763166e-17	7.016077186172523e-07	255-24-215-202	255-212-231-53
577	1.4150827047440516e-13	1.913729067218814e-05	255-24-215-202	255-122-4-2
578	9.87221848601122e-15	0.0008098568881341	255-232-213-56	255-26-209-210
579	6.824907806611355e-17	1.1481703334338802e-05	255-232-213-56	255-70-122-242
580	2.2230774012594e-17	2.5030737088989812e-05	255-232-213-56	255-212-231-53
581	2.2867213711098892e-14	4.188355362138335e-06	255-222-62-8	255-212-231-53
582	1.0890840569561368e-24	1.5987582908117869e-19	255-24-215-202	255-70-122-242
583	1.041856222094262e-20	1.7602783998260153e-15	255-51-172-246	255-122-4-2
584	1.4204538671266409e-18	4.440311024615799e-16	255-24-215-202	255-122-4-2
585	1.7246976071302867e-10	3.001853261580588e-10	255-222-62-8	255-122-4-2
586	2.228362623557844e-08	2.683182318469532e-06	255-70-122-242	255-122-4-2
587	2.1923722633073123e-16	0.0744731271493768	255-24-215-202	255-254-152-44
588	5.43650056189085e-10	0.7863343272544185	255-222-62-8	255-70-122-242
589	2.1865183757702566e-08	0.0439197778651544	255-232-213-56	255-254-152-44
590	1.1269037194526648e-15	1.90438862197631e-06	255-180-27-1	255-254-152-44
591	0.0002299235003144	0.0003207253860116	255-128-254-83	255-70-122-242
592	1.767539055760249e-18	4.827299668633262e-09	255-24-215-202	255-212-231-53
593	1.5122229988068654e-10	0.000135571286392	255-222-62-8	255-70-122-242
594	1.5639911603759992e-09	0.2047866253361735	255-222-62-8	255-254-152-44
595	2.9987373820058127e-21	3.61019445335656e-14	255-24-215-202	255-122-4-2
596	6.4112349978007295e-12	1.487937637658998e-05	255-24-215-202	255-70-122-242
597	8.213483399584125e-21	2.619371320619552e-13	255-24-215-202	255-212-231-53
598	3.9693271261645554e-22	1.1510477236733348e-15	255-24-215-202	255-122-4-2
599	4.2605614336709593e-23	1.8095385724475838e-09	255-24-215-202	255-212-231-53
600	6.4087023913206545e-22	6.821612781243293e-16	255-24-215-202	255-122-4-2
601	1.0286320619172737e-15	0.0158608489485096	255-232-213-56	255-254-152-44
602	2.248481338906793e-23	2.8787423617992255e-11	255-24-215-202	255-212-231-53
603	1.6169046356650974e-21	7.636666725988908e-14	255-24-215-202	255-122-4-2
604	4.209671596996959e-25	2.2877547598287023e-12	255-24-215-202	255-122-4-2
605	3.71029041716768e-18	0.0024822419428931	255-24-215-202	255-26-209-210
606	1.3324066192901558e-14	0.1513225923450987	255-24-215-202	255-122-4-2
607	3.6808367491380563e-22	1.7132634081148882e-14	255-24-215-202	255-70-122-242
608	1.3440218037634302e-19	1.876594647524224e-06	255-180-27-1	255-254-152-44
609	2.451689764774142e-15	0.2016845818666265	255-24-215-202	255-122-4-2
610	1.6254510923379874e-14	0.0001527180638462	255-24-215-202	255-254-152-44
611	1.3343667981761411e-18	2.910930898768165e-12	255-180-27-1	255-212-231-53
612	5.109405126945433e-19	9.604525026986892e-08	255-70-122-242	255-254-152-44
613	1.2434304978368717e-17	1.379927452139588e-07	255-222-62-8	255-254-152-44
614	1.1948976538530948e-17	0.0007482837967533	255-232-213-56	255-254-152-44
615	8.288015607204231e-17	0.0007122029670218	255-24-215-202	255-254-152-44
616	6.156137922432467e-15	3.4289331313154446e-05	255-222-62-8	255-254-152-44
617	1.1854197490818814e-10	0.0005731284791507	255-232-213-56	255-122-4-2
618	1.4043865002511143e-09	0.0031287386350536	255-232-213-56	255-254-152-44
619	4.545002374917754e-20	6.952842873953356e-08	255-222-62-8	255-212-231-53
620	4.7826190024932835e-20	3.03793255069844e-08	255-24-215-202	255-254-152-44
621	1.694727780513634e-13	0.5697294508902713	255-232-213-56	255-212-231-53
622	2.5246541104207525e-06	0.1594089311910762	255-70-122-242	255-70-122-242
623	2.0082051349819808e-10	0.8351706820319209	255-70-122-242	255-212-231-53
624	1.5356795502212487e-05	0.2332963803049525	255-70-122-242	255-254-152-44
625	2.0863547386784115e-11	0.4725863289489859	255-232-213-56	255-254-152-44
626	5.1138681093802325e-11	0.0001043186773848	255-70-122-242	255-212-231-53
627	0.0001139558478166	0.1344592829154555	255-70-122-242	255-254-152-44
628	2.9785583587439877e-10	0.0003211985263063	255-70-122-242	255-254-152-44
629	9.95698300307245e-07	1.166071699582601e-05	255-70-122-242	255-70-122-242
630	1.7390753904235875e-09	4.325806798515845e-05	255-70-122-242	255-254-152-44
631	3.295804064520405e-13	1.0694849084909378e-05	255-24-215-202	255-212-231-53
632	1.9176413193806124e-17	2.0931106145528758e-09	255-24-215-202	255-212-231-53
633	8.461764405977743e-20	4.6328931118293176e-14	255-24-215-202	255-254-152-44
634	2.340657909770272e-15	1.7971790955647798e-12	255-70-122-242	255-254-152-44
635	5.430338596888345e-19	9.849801558786854e-18	255-70-122-242	255-212-231-53
636	1.3926321433527062e-17	1.3552819714605006e-13	255-70-122-242	255-254-152-44
637	3.7075716438136743e-13	9.4631606815753e-09	255-70-122-242	255-212-231-53
638	1.0047672739044965e-21	2.1057024454133528e-17	255-70-122-242	255-212-231-53
639	1.5013782131417523e-22	4.906881537481589e-17	255-24-215-202	255-122-4-2
640	5.1663835398972465e-24	5.879050481450934e-18	255-24-215-202	255-26-209-210
641	1.0885865039458592e-23	1.5060814548353142e-19	255-24-215-202	255-254-152-44
642	1.593293335806649e-19	5.050314978835392e-14	255-70-122-242	255-212-231-53
643	1.1405180048964071e-14	4.302697428916389e-11	255-70-122-242	255-212-231-53
644	2.6126774124231492e-24	2.0749047485946577e-19	255-24-215-202	255-212-231-53
645	4.662412024174911e-21	1.4620713553308678e-17	255-70-122-242	255-212-231-53
646	1.733277885383433e-17	2.558405692571374e-16	255-24-215-202	255-26-209-210
647	1.834247440338611e-21	1.1626906604595002e-16	255-180-27-1	255-122-4-2
648	3.110032049968116e-22	8.196071118445928e-18	255-24-215-202	255-212-231-53
649	1.721926451211451e-23	4.2716232613867383e-16	255-180-27-1	255-212-231-53
650	6.488316544532634e-11	0.0850079016027669	255-180-27-1	255-212-231-53
651	2.342314312319457e-23	9.891466403537082e-16	255-70-122-242	255-212-231-53
652	4.080595582119933e-20	5.62002041052995e-10	255-180-27-1	255-212-231-53
653	9.598177662991345e-16	1.7223944651701964e-06	255-180-27-1	255-212-231-53
654	5.20751145299528e-17	1.5243505534975437e-07	255-24-215-202	255-70-122-242
655	5.035383579091231e-32	6.270034818667574e-23	255-24-215-202	255-70-122-242
656	1.0121569795221086e-16	3.201820507025855e-07	255-180-27-1	255-212-231-53
657	1.171594454011436e-14	5.893529316662465e-05	255-180-27-1	255-122-4-2
658	1.1697694487147841e-20	9.06435548981972e-12	255-180-27-1	255-122-4-2
659	1.5815777070203041e-18	9.575648849153725e-08	255-180-27-1	255-70-122-242
660	2.90880841431719e-14	2.4763043553097387e-05	255-232-213-56	255-122-4-2
661	5.406649864762826e-20	2.458080079019453e-06	255-180-27-1	255-254-152-44
662	2.0261173774684697e-13	1.08808374583158e-06	255-222-62-8	255-122-4-2
663	1.4196517260778328e-13	0.0003078435629534	255-24-215-202	255-122-4-2
664	3.1167643304551304e-14	0.000257196894893	255-24-215-202	255-70-122-242
665	1.1339626872748464e-11	0.0200875440045419	255-24-215-202	255-212-231-53
666	3.298551066896028e-21	8.588610402421008e-06	255-24-215-202	255-212-231-53
667	1.3183466676661664e-11	0.4972859765076143	255-232-213-56	255-254-152-44
668	5.837074141479965e-26	8.060681910135841e-15	255-24-215-202	255-122-4-2
669	3.958823390558907e-14	4.84051775074168e-06	255-24-215-202	255-212-231-53
670	6.60803285148808e-25	5.399858275025197e-14	255-24-215-202	255-70-122-242
671	2.5374457579865581e-23	1.0570886336072413e-08	255-24-215-202	255-254-152-44
672	9.399091940332079e-32	6.8588954994675e-22	255-24-215-202	255-70-122-242
673	3.878704000070263e-28	1.804402279001625e-17	255-24-215-202	255-254-152-44
674	4.002745357593053e-20	7.368271765107036e-13	255-24-215-202	255-70-122-242
675	1.8316140107245121e-22	1.0805709667914418e-17	255-24-215-202	255-122-4-2
676	1.2833323427592696e-25	6.721842395013013e-12	255-24-215-202	255-254-152-44
677	9.68553755105852e-09	0.0001994906999702	255-70-122-242	255-70-122-242
678	5.921733480826613e-26	4.553533428505665e-21	255-24-215-202	255-122-4-2
679	2.6069442194930555e-14	7.689348978643368e-13	255-70-122-242	255-212-231-53
680	3.4878362623902246e-24	1.4497784312293117e-21	255-24-215-202	255-212-231-53
681	1.028111981036008e-11	1.0346427174533021e-07	255-70-122-242	255-212-231-53
682	2.5562845228487155e-23	7.61766372769543e-17	255-24-215-202	255-212-231-53
683	4.098686724997794e-20	8.209860987407301e-17	255-24-215-202	255-212-231-53
684	1.8155227167454368e-17	3.2871486953541133e-13	255-24-215-202	255-212-231-53
685	1.443718220862061e-26	9.037551663926718e-18	255-24-215-202	255-70-122-242
686	1.8234827606878315e-16	2.6451701951184792e-14	255-70-122-242	255-101-252-104
687	1.2334307661826262e-14	2.908765271200713e-11	255-24-215-202	255-212-231-53
688	7.291317560527001e-16	8.152491157945128e-16	255-180-27-1	255-212-231-53
689	4.608707918524926e-26	3.859636242026648e-21	255-24-215-202	255-26-209-210
690	4.151000211855186e-13	2.463853453388436e-13	255-24-215-202	255-26-209-210
691	2.89832998321018e-18	8.579441236651693e-16	255-180-27-1	255-26-209-210
692	1.904970809962852e-12	2.6005943932967943e-11	255-180-27-1	255-212-231-53
693	1.178318081349087e-15	5.3501753424132636e-14	255-24-215-202	255-212-231-53
694	3.121774142065915e-13	3.014076529160772e-11	255-70-122-242	255-212-231-53
695	5.317005686893114e-12	6.506319233685506e-09	255-24-215-202	255-212-231-53
696	1.608099378656702e-15	4.369046317028789e-13	255-24-215-202	255-212-231-53
697	1.3819053388005357e-18	1.5452034231996098e-13	255-70-122-242	255-122-4-2
698	2.595919440154452e-16	2.5513469269080424e-15	255-70-122-242	255-26-209-210
699	1.2062237266948297e-13	7.92394437986382e-13	255-24-215-202	255-26-209-210
700	5.45069438514517e-09	1.2759694758827097e-08	255-70-122-242	255-212-231-53
701	3.006400392699974e-17	1.1219837385032093e-15	255-24-215-202	255-26-209-210
702	1.0311006290223462e-14	1.6270912624455054e-12	255-70-122-242	255-26-209-210
703	2.3029689965949685e-13	3.2649179079852694e-12	255-70-122-242	255-212-231-53
704	8.010237206892595e-11	1.1335752041380947e-09	255-70-122-242	255-101-252-104
705	1.0356044278116568e-11	4.756090619091194e-10	255-24-215-202	255-212-231-53
706	2.1612237993273232e-24	4.337034974104451e-15	255-24-215-202	255-26-209-210
707	2.1782980954885072e-26	3.242353006151676e-18	255-24-215-202	255-70-122-242
708	3.986287004895168e-23	2.042330246834381e-18	255-24-215-202	255-212-231-53
709	1.1191024254959565e-12	1.6236675300301263e-09	255-24-215-202	255-212-231-53
710	4.029301054015031e-25	3.5684987587065823e-17	255-24-215-202	255-70-122-242
711	5.14577404520468e-19	1.9577771194264679e-16	255-24-215-202	255-122-4-2
712	5.964844901498562e-08	1.82768930563206e-06	255-70-122-242	255-254-152-44
713	7.978907882097171e-24	3.171607734617648e-19	255-24-215-202	255-122-4-2
714	1.2525454114527125e-15	7.474144201954449e-15	255-24-215-202	255-122-4-2
715	6.756305096642339e-30	1.3464957344760067e-20	255-24-215-202	255-122-4-2
716	1.5431514023788998e-18	1.0565404166648522e-16	255-24-215-202	255-122-4-2
717	5.086830130567576e-13	2.974106130804164e-12	255-24-215-202	255-26-209-210
718	1.7963175379903058e-05	1.065959322411626e-06	255-24-215-202	255-254-152-44
719	5.7351766332432335e-27	1.9913406042983632e-22	255-24-215-202	255-122-4-2
720	5.659918479139844e-18	0.0008001143310845	255-24-215-202	255-254-152-44
721	1.716568710685169e-28	2.2205255976658874e-14	255-24-215-202	255-122-4-2
722	2.0402247967248412e-23	1.5539342465556032e-11	255-24-215-202	255-122-4-2
723	9.190638528085652e-22	1.5468728580503185e-08	255-24-215-202	255-122-4-2
724	2.8823299275830535e-29	3.309794850933617e-13	255-24-215-202	255-122-4-2
725	5.185651381960694e-13	4.962526161115856e-06	255-24-215-202	255-254-152-44
726	1.1267562042257173e-15	3.197523608908328e-07	255-180-27-1	255-254-152-44
727	1.1304552391161709e-13	1.3927651130839162e-06	255-24-215-202	255-122-4-2
728	1.8847724212267103e-15	0.0059109805358859	255-24-215-202	255-254-152-44
729	1.0013755761219657e-12	2.754246427678329e-07	255-180-27-1	255-254-152-44
730	2.9678108247944125e-18	1.3715864780494886e-10	255-180-27-1	255-122-4-2
731	1.4222404498248052e-16	4.701604308136448e-09	255-180-27-1	255-254-152-44
732	5.752962560144095e-12	3.789223240633882e-07	255-180-27-1	255-212-231-53
733	4.611474110976586e-13	0.0003252331751574	255-24-215-202	255-254-152-44
734	7.433891088566165e-24	1.3062023188862169e-18	255-180-27-1	255-212-231-53
735	5.320335885841469e-16	0.0019856436276812	255-24-215-202	255-70-122-242
736	8.082418338951916e-24	3.335160854788059e-11	255-24-215-202	255-70-122-242
737	3.0868209067073265e-26	1.5232644998518502e-17	255-24-215-202	255-212-231-53
738	2.6013528448640046e-16	3.58596089311431e-08	255-180-27-1	255-212-231-53
739	9.727674602511466e-17	4.334393035694134e-07	255-180-27-1	255-70-122-242
740	7.653286074138821e-21	2.439997774940601e-09	255-24-215-202	255-212-231-53
741	2.085729528009002e-24	1.347143197990054e-14	255-180-27-1	255-70-122-242
742	3.676152559781423e-29	1.9144999539627704e-17	255-24-215-202	255-70-122-242
743	2.1100343220347948e-22	3.6182554134376324e-13	255-180-27-1	255-70-122-242
744	3.661067854215136e-27	1.5357987826922366e-15	255-70-122-242	255-122-4-2
745	3.971224167926552e-28	1.0923534510778267e-20	255-24-215-202	255-122-4-2
746	1.8164430002389438e-28	1.8780280252108533e-21	255-70-122-242	255-122-4-2
747	1.0358797110158299e-13	1.0599437672599183e-10	255-70-122-242	255-254-152-44
748	3.974108087959348e-12	1.0852600243015674e-10	255-128-254-83	255-70-122-242
749	5.781262431753842e-17	6.644338145800982e-14	255-70-122-242	255-70-122-242
750	3.193243853325584e-13	5.562173428238802e-11	255-24-215-202	255-122-4-2
751	4.0026253366266737e-10	1.3321199889191604e-09	255-24-215-202	255-70-122-242
752	1.0740809546177333e-15	1.3721049788667814e-14	255-24-215-202	255-212-231-53
753	9.584886483460944e-05	0.000840359259423	255-128-254-83	255-254-152-44
754	5.2456793292208313e-11	5.870934991965344e-10	255-24-215-202	255-122-4-2
755	2.23204800817792e-05	0.0171898082338487	255-70-122-242	255-254-152-44
756	9.938604593215099e-08	1.5155228785833496e-05	255-70-122-242	255-254-152-44
757	1.2477744053862215e-10	0.0294070047758466	255-70-122-242	255-254-152-44
758	1.463460021162667e-15	0.9910361472482836	255-24-215-202	255-254-152-44
759	1.0949836538500661e-16	7.117808445915946e-07	255-24-215-202	255-254-152-44
760	9.579748558211557e-16	1.561003157485874e-05	255-24-215-202	255-70-122-242
761	1.8263921804917717e-18	0.0003370128309386	255-222-62-8	255-122-4-2
762	4.10299843270171e-10	0.0009605887362884	255-232-213-56	255-122-4-2
763	4.958291552339214e-13	0.0043405396201161	255-24-215-202	255-254-152-44
764	1.130603839747822e-11	0.0002324077212362	255-222-62-8	255-254-152-44
765	4.5400481680352665e-17	1.5491038224065115e-11	255-70-122-242	255-212-231-53
766	9.297523854385943e-10	1.0957143664998141e-08	255-24-215-202	255-70-122-242
767	3.913143856179982e-20	1.2036506308378114e-12	255-24-215-202	255-70-122-242
768	1.7546566515424017e-23	2.646448405340915e-16	255-24-215-202	255-70-122-242
769	1.6559544112696067e-14	1.6333364841646124e-08	255-24-215-202	255-70-122-242
770	1.3961201139772e-09	3.457172361111121e-06	255-51-172-246	255-212-231-53
771	5.061148067863159e-20	2.8768430754095386e-15	255-24-215-202	255-122-4-2
773	1.4763108563016917e-11	0.2602900072128374	255-51-172-246	255-212-231-53
774	1.7394289384684335e-25	9.933109912236814e-18	255-24-215-202	255-122-4-2
775	1.0026967669855516e-15	0.0009207862516629	255-247-113-27	255-212-231-53
776	3.350019695048714e-25	1.640276017091919e-16	255-24-215-202	255-212-231-53
777	4.667009888288494e-22	6.833511560343424e-09	255-24-215-202	255-212-231-53
778	4.13242571623024e-24	5.472427239932746e-18	255-24-215-202	255-70-122-242
779	1.8348529231940435e-25	7.227348835831844e-16	255-24-215-202	255-70-122-242
780	1.8113849976167009e-25	2.4452026884936395e-11	255-247-113-27	255-122-4-2
781	1.32905421532234e-26	2.843091129061891e-15	255-24-215-202	255-122-4-2
782	4.2201587901637766e-26	3.2235975274128063e-18	255-180-27-1	255-70-122-242
783	5.975170405593646e-16	3.348174716415762e-08	255-180-27-1	255-254-152-44
784	1.3086951923201414e-27	5.51783779878377e-14	255-24-215-202	255-122-4-2
785	5.627947104138252e-25	2.0464613290927834e-13	255-70-122-242	255-122-4-2
786	3.0088832278213174e-27	1.0359030702071384e-20	255-180-27-1	255-26-209-210
787	1.0746298612308187e-24	2.305868726124925e-12	255-70-122-242	255-122-4-2
788	8.247529926475836e-23	1.5291840476205496e-18	255-180-27-1	255-70-122-242
789	4.3839429870865074e-14	2.5569354801941945e-08	255-24-215-202	255-122-4-2
790	5.376497743724778e-19	2.8393159829100217e-11	255-180-27-1	255-122-4-2
791	2.203706062117378e-07	0.0043060541893939	255-24-215-202	255-254-152-44
792	1.3411581684902068e-15	2.439420731258601e-09	255-24-215-202	255-122-4-2
793	8.926514771886842e-14	2.27238800985495e-07	255-24-215-202	255-122-4-2
794	1.074477516190326e-12	0.0083588218581209	255-24-215-202	255-122-4-2
795	2.8665210342084863e-16	6.48829068732266e-08	255-24-215-202	255-122-4-2
796	3.531088982306585e-15	0.0007505648295193	255-24-215-202	255-254-152-44
797	1.2622061371919065e-21	2.2638161205352485e-07	255-24-215-202	255-254-152-44
798	6.779950560363132e-11	0.5687960268036318	255-232-213-56	255-254-152-44
799	1.999335495131895e-11	0.9943205528085206	255-232-213-56	255-212-231-53
800	7.547268725709436e-10	0.0070660887322588	255-70-122-242	255-212-231-53
801	9.081118321587945e-14	0.9860745648966498	255-70-122-242	255-212-231-53
802	5.266386904206259e-13	0.4070849462561707	255-222-62-8	255-212-231-53
803	1.0157306296893762e-11	0.5895449641769647	255-24-215-202	255-254-152-44
804	1.4110498967964347e-16	8.859723538395694e-07	255-24-215-202	255-254-152-44
805	9.189680063070442e-18	8.839498933277594e-14	255-24-215-202	255-212-231-53
806	8.036695807679297e-10	2.4543729479411845e-05	255-70-122-242	255-212-231-53
807	0.0001697639586737	0.9488847032647242	255-70-122-242	255-254-152-44
808	4.319372915305577e-15	2.3872200980715397e-13	255-70-122-242	255-212-231-53
809	3.7371824111871486e-18	5.881671776262695e-14	255-70-122-242	255-254-152-44
810	3.651553445708187e-26	1.5981306548815985e-21	255-70-122-242	255-122-4-2
811	5.708160014947158e-20	1.0570226696370881e-13	255-24-215-202	255-212-231-53
812	1.133467223196606e-26	6.366947764825829e-21	255-24-215-202	255-26-209-210
813	2.4067496669415773e-17	9.579372838281094e-13	255-24-215-202	255-212-231-53
814	2.986905282201605e-22	9.042572354675533e-18	255-24-215-202	255-122-4-2
815	2.0743673559160152e-19	2.4012602796743202e-15	255-70-122-242	255-26-209-210
816	9.190522138747837e-19	1.0108871078823436e-14	255-24-215-202	255-122-4-2
817	1.3644409438652254e-20	1.0970093196201138e-17	255-70-122-242	255-212-231-53
818	1.540620231690842e-23	1.0638316727770232e-21	255-24-215-202	255-26-209-210
819	6.173459698257819e-22	3.497172886409709e-17	255-24-215-202	255-122-4-2
820	1.6578769083589378e-19	1.137008015776317e-18	255-24-215-202	255-122-4-2
821	2.60966281945156e-26	2.5944952326562093e-19	255-180-27-1	255-122-4-2
822	1.3126661610586045e-21	6.35829748910246e-20	255-24-215-202	255-212-231-53
823	1.2023292417685672e-19	9.804582699813308e-18	255-24-215-202	255-26-209-210
824	6.2131075537637945e-22	3.949211587834585e-19	255-70-122-242	255-26-209-210
825	9.334423614760863e-25	4.034606890958204e-20	255-24-215-202	255-26-209-210
826	1.0933233598947336e-24	2.0515636010491608e-19	255-180-27-1	255-212-231-53
827	8.896538482729082e-27	4.7968108078103e-20	255-24-215-202	255-122-4-2
828	1.1946817169654892e-30	2.64601327759029e-20	255-24-215-202	255-26-209-210
829	5.093429038545818e-25	1.9450592991140432e-20	255-180-27-1	255-122-4-2
830	3.4005443582435114e-24	6.258359021175157e-19	255-24-215-202	255-212-231-53
831	4.580796435331175e-23	4.9309833792082864e-20	255-180-27-1	255-212-231-53
832	2.2438643358185765e-31	9.988859863993956e-20	255-24-215-202	255-70-122-242
833	3.685508735268136e-24	1.4828703773096553e-18	255-70-122-242	255-122-4-2
834	7.41035665080638e-23	3.4444431635924976e-12	255-180-27-1	255-212-231-53
835	2.486190598208744e-19	5.533897308361722e-14	255-180-27-1	255-212-231-53
836	8.579424963939894e-29	3.1192077579526865e-20	255-24-215-202	255-70-122-242
837	3.802264816826533e-31	3.671860859524538e-22	255-24-215-202	255-70-122-242
838	7.356854035993748e-18	2.502623149163805e-12	255-180-27-1	255-212-231-53
839	1.0263017565224515e-28	1.931786378623768e-17	255-24-215-202	255-122-4-2
840	3.4269427630183717e-31	8.648834356590897e-25	255-70-122-242	255-122-4-2
841	2.8079942157588607e-27	5.4937157919918794e-18	255-24-215-202	255-122-4-2
842	2.1880381760590423e-16	1.7378717127478742e-08	255-24-215-202	255-254-152-44
843	6.092792747033945e-28	4.616073788230179e-16	255-24-215-202	255-122-4-2
844	2.2958067942125803e-15	6.283731294544548e-07	255-24-215-202	255-122-4-2
845	2.6515493494116124e-29	9.990908802879856e-21	255-70-122-242	255-70-122-242
846	4.894496744454e-20	3.4238557794841243e-09	255-24-215-202	255-122-4-2
847	2.1087010683604062e-20	1.4682117518828297e-12	255-24-215-202	255-70-122-242
848	2.0638835724679538e-17	5.683603998342084e-07	255-24-215-202	255-254-152-44
849	1.8870486780149264e-22	1.0124048503300186e-11	255-24-215-202	255-70-122-242
850	2.3852403255729297e-14	0.0604642443201362	255-70-122-242	255-254-152-44
851	7.049202981932953e-15	0.469124283686067	255-247-113-27	255-254-152-44
852	3.370505612767492e-26	8.137927080652391e-15	255-247-113-27	255-122-4-2
853	1.5278550960379688e-13	0.0004444866795299	255-24-215-202	255-254-152-44
854	3.471081127652301e-09	0.0091479231842645	255-232-213-56	255-254-152-44
855	2.6057023559827992e-23	1.1233201996726184e-14	255-24-215-202	255-122-4-2
856	6.8063561520002e-14	2.332737504348665e-10	255-51-172-246	255-70-122-242
857	5.782318942946194e-28	2.4623515003169722e-20	255-24-215-202	255-70-122-242
858	1.9809065070887067e-24	4.48862216237235e-16	255-24-215-202	255-122-4-2
859	2.821847793367836e-24	2.4744098774757e-14	255-24-215-202	255-70-122-242
860	1.0161246368598204e-22	2.152481223750849e-14	255-24-215-202	255-70-122-242
861	6.0160611354537636e-24	5.004386453601497e-17	255-24-215-202	255-70-122-242
862	1.3070213683244906e-24	2.9934959308231647e-15	255-24-215-202	255-26-209-210
863	2.666006895948978e-25	1.9330741883207141e-16	255-24-215-202	255-26-209-210
864	7.615588221776279e-18	1.1268331160070344e-08	255-24-215-202	255-254-152-44
865	2.1462865976118337e-27	1.184729056114838e-18	255-24-215-202	255-26-209-210
866	4.552872818228219e-25	7.796052325719175e-18	255-24-215-202	255-26-209-210
867	1.7006437449511706e-28	7.290479435941924e-21	255-24-215-202	255-122-4-2
868	3.6859929894910425e-25	4.741006065253462e-19	255-24-215-202	255-217-56-6
869	7.574065344908178e-24	2.1864069014265778e-17	255-70-122-242	255-217-56-6
870	2.1845215435774328e-26	1.455441127285919e-19	255-24-215-202	255-217-56-6
871	1.0182297728189764e-09	9.121249643930405e-08	255-70-122-242	255-212-231-53
872	2.694997206676259e-21	1.8194427737275023e-16	255-24-215-202	255-217-56-6
873	1.5478158300369629e-18	7.275545157865681e-17	255-70-122-242	255-212-231-53
874	2.835188510900255e-22	2.8262819656591746e-18	255-24-215-202	255-212-231-53
875	4.0168768344045835e-22	2.777736843719249e-18	255-70-122-242	255-26-209-210
876	5.0545972429430274e-23	1.2211738872880627e-20	255-24-215-202	255-26-209-210
877	2.701947156077938e-24	2.7841293333002923e-20	255-24-215-202	255-122-4-2
878	6.430834217827648e-21	2.842703873371219e-13	255-180-27-1	255-26-209-210
879	3.9397942634075396e-20	1.1288709887380674e-16	255-24-215-202	255-101-252-104
880	6.781880247136122e-21	1.1910866691532596e-14	255-24-215-202	255-212-231-53
881	3.426482319581031e-21	4.078474041118794e-17	255-24-215-202	255-212-231-53
882	9.950699406415961e-25	1.0802797400619277e-21	255-24-215-202	255-26-209-210
883	3.8286579106810303e-23	2.776563267305779e-17	255-24-215-202	255-26-209-210
884	5.0955466076695265e-18	8.589088652989298e-12	255-24-215-202	255-26-209-210
885	2.4118453117202652e-14	9.084367850345161e-11	255-24-215-202	255-26-209-210
886	7.983502615550383e-22	2.232433446956026e-14	255-24-215-202	255-212-231-53
887	4.844624464356507e-20	4.419109646165565e-16	255-24-215-202	255-26-209-210
888	8.379556129056937e-19	2.9290947216084806e-17	255-180-27-1	255-26-209-210
889	4.1885197079038694e-20	3.4515188571732344e-15	255-24-215-202	255-212-231-53
890	9.026807314334213e-18	1.750869334434784e-15	255-180-27-1	255-26-209-210
891	2.6381821512712645e-18	1.2223355002698696e-14	255-24-215-202	255-26-209-210
892	3.661909970868121e-18	9.147564025995495e-15	255-24-215-202	255-212-231-53
893	9.383883178464656e-15	1.5918045651501176e-12	255-70-122-242	255-26-209-210
894	3.9823757770633493e-13	1.6863648158923107e-10	255-24-215-202	255-26-209-210
895	8.950492029175714e-17	2.721830730899806e-14	255-24-215-202	255-26-209-210
896	4.1463432499206763e-19	4.97344215695716e-16	255-70-122-242	255-26-209-210
897	6.060205829309391e-15	4.749984688791414e-13	255-70-122-242	255-26-209-210
898	2.3575919196981378e-17	1.440638631059597e-15	255-70-122-242	255-26-209-210
899	2.9190554772706744e-17	1.9931458618207057e-12	255-70-122-242	255-212-231-53
900	3.4109774031948135e-13	9.363098184507447e-14	255-24-215-202	255-26-209-210
901	7.61852633506939e-13	4.39111532615759e-13	255-70-122-242	255-212-231-53
902	4.0872046351250655e-18	2.3654028554478e-15	255-24-215-202	255-212-231-53
903	4.429134342615552e-17	8.038989919324421e-16	255-70-122-242	255-26-209-210
904	4.293476120843873e-18	4.2436482135985934e-14	255-24-215-202	255-212-231-53
905	2.998702736611097e-19	4.995802429695246e-15	255-24-215-202	255-26-209-210
906	9.378305128274771e-15	1.9547409751252726e-13	255-24-215-202	255-212-231-53
907	1.2109464329177671e-14	1.2334142296562494e-14	255-70-122-242	255-122-4-2
908	8.349030503717468e-21	2.991221533051863e-16	255-24-215-202	255-212-231-53
909	4.1633494767436084e-14	2.313139657904704e-13	255-24-215-202	255-212-231-53
910	9.45073182926391e-20	4.3866527579739065e-18	255-24-215-202	255-212-231-53
911	2.9409544118372592e-15	2.1717787238974227e-12	255-24-215-202	255-212-231-53
912	5.6711922705068e-18	7.006198271948255e-15	255-70-122-242	255-212-231-53
913	2.459715827359776e-30	6.897365272792699e-22	255-24-215-202	255-70-122-242
914	7.182590181168646e-26	1.4484975876351615e-20	255-24-215-202	255-70-122-242
915	1.068398854208344e-11	0.002265195610609	255-70-122-242	255-254-152-44
916	2.9097966145052514e-20	4.0859441379705816e-16	255-24-215-202	255-212-231-53
917	1.3415667718052216e-09	7.305394656801657e-07	255-70-122-242	255-212-231-53
918	8.787122406940459e-21	5.779250895465194e-18	255-24-215-202	255-122-4-2
919	2.41094761709503e-09	3.026985847071112e-09	255-70-122-242	255-70-122-242
920	1.5742845689251515e-27	5.5684566663635684e-21	255-70-122-242	255-122-4-2
921	2.3984029621938973e-21	5.18900864852358e-17	255-24-215-202	255-26-209-210
922	1.7960399551614913e-33	8.26584919536644e-28	255-70-122-242	255-122-4-2
923	1.786816294631661e-20	1.7500705624980786e-16	255-70-122-242	255-122-4-2
924	1.4384311641903771e-19	4.2526653107402185e-11	255-222-62-8	255-70-122-242
925	2.53239526006704e-27	1.3186597329622838e-14	255-247-113-27	255-122-4-2
926	5.076506971189661e-32	3.709614357303215e-15	255-24-215-202	255-70-122-242
927	2.025443908355913e-33	1.3135082259345517e-19	255-24-215-202	255-122-4-2
928	1.9175771678677444e-27	4.297758016174203e-16	255-24-215-202	255-70-122-242
929	1.3431368853495608e-29	5.044178580021198e-19	255-70-122-242	255-212-231-53
930	4.6166588967399735e-32	2.1901931467286323e-22	255-24-215-202	255-70-122-242
931	2.4785552130941256e-32	2.914079458306783e-17	255-24-215-202	255-122-4-2
932	5.262193287594222e-25	1.2813284739937544e-15	255-24-215-202	255-122-4-2
933	1.0561383019191537e-31	3.351638388421579e-21	255-70-122-242	255-70-122-242
934	6.245235269306644e-32	7.615988346714003e-23	255-24-215-202	255-26-209-210
935	4.7609080886683835e-16	1.477364149725296e-09	255-24-215-202	255-122-4-2
936	3.942625283063154e-20	5.615027498690815e-12	255-24-215-202	255-122-4-2
937	5.298476401183016e-28	2.3566072861586427e-18	255-70-122-242	255-122-4-2
938	6.930272000362587e-30	3.0086332708061984e-20	255-70-122-242	255-70-122-242
939	1.1986420620464327e-24	6.413762836048558e-19	255-180-27-1	255-212-231-53
940	2.6924350278676205e-23	2.9050225293141004e-19	255-24-215-202	255-212-231-53
941	1.0105738629680876e-19	1.1736269081038398e-14	255-24-215-202	255-122-4-2
942	1.6792826187477356e-26	7.99609473298685e-22	255-180-27-1	255-212-231-53
943	2.2405011775528785e-23	8.955029508759648e-18	255-180-27-1	255-70-122-242
944	2.876965531519994e-27	4.056764504499258e-21	255-180-27-1	255-212-231-53
945	6.429044582104022e-26	1.1569967882060386e-21	255-180-27-1	255-122-4-2
946	2.4281199650398178e-21	6.500942206562256e-07	255-180-27-1	255-26-209-210
947	7.772346484371856e-25	9.188858538487684e-18	255-24-215-202	255-70-122-242
948	8.889288020424335e-30	3.670759444004838e-21	255-24-215-202	255-122-4-2
949	3.2308872237992394e-26	2.6540632100436577e-17	255-70-122-242	255-122-4-2
950	1.7478174007709373e-25	4.090980879599268e-16	255-24-215-202	255-70-122-242
951	1.7742875470085364e-31	2.3768059010586238e-23	255-24-215-202	255-122-4-2
952	3.6463991874600556e-29	3.906156210514619e-20	255-70-122-242	255-70-122-242
953	3.0149913793489058e-21	1.3048112727226164e-13	255-51-172-246	255-70-122-242
954	8.009172684840276e-29	3.885963948503589e-15	255-24-215-202	255-70-122-242
955	1.5939704370100898e-29	8.560888435333622e-15	255-180-27-1	255-26-209-210
956	2.7621086370232555e-27	2.077543268835568e-21	255-24-215-202	255-122-4-2
957	2.2455140774652795e-32	6.310429560581421e-23	255-70-122-242	255-70-122-242
958	1.1007980308778914e-25	1.3441687964840944e-13	255-24-215-202	255-70-122-242
959	5.775695627054355e-29	8.820331091656695e-21	255-70-122-242	255-26-209-210
960	8.149224827322786e-20	1.827632786709272e-17	255-24-215-202	255-122-4-2
961	1.8292624994772783e-25	4.587863518342587e-18	255-24-215-202	255-26-209-210
962	2.992487817879736e-29	7.421060355514647e-26	255-70-122-242	255-212-231-53
963	4.974606899952681e-20	2.6848548998618008e-15	255-24-215-202	255-212-231-53
964	1.3475697762560723e-22	1.4309943700881385e-19	255-24-215-202	255-122-4-2
965	6.530615867621468e-29	3.110058858363773e-21	255-70-122-242	255-122-4-2
966	8.364750759424818e-27	1.381594206800302e-18	255-70-122-242	255-122-4-2
967	1.2099666161764781e-23	4.871480563714112e-19	255-70-122-242	255-122-4-2
968	3.609813653459204e-20	4.690355814824934e-18	255-24-215-202	255-122-4-2
969	2.2306372933947065e-19	4.151120819175275e-15	255-24-215-202	255-212-231-53
970	8.488989039831889e-17	1.4707012935339397e-14	255-24-215-202	255-26-209-210
971	2.2518120006838862e-20	1.069293382617794e-16	255-24-215-202	255-26-209-210
972	3.848242244843725e-17	4.217819550927477e-16	255-24-215-202	255-101-252-104
973	4.2684627059271576e-14	1.9196069520549158e-11	255-70-122-242	255-212-231-53
974	1.4782914351422893e-22	4.737894859487419e-19	255-24-215-202	255-122-4-2
975	6.018291173063513e-11	6.6634747020492066e-09	255-24-215-202	255-212-231-53
976	1.1587116015323305e-17	5.597903263541887e-15	255-70-122-242	255-212-231-53
977	1.5358968893530473e-19	7.839208611263826e-17	255-70-122-242	255-212-231-53
978	4.2532084789639435e-14	1.6669179618169294e-13	255-247-113-27	255-122-4-2
979	8.065064519097176e-13	2.0020966667532678e-11	255-70-122-242	255-212-231-53
980	4.8919116780172726e-08	0.0009822116556275	255-70-122-242	255-254-152-44
981	3.728216962389738e-18	2.4809929793188653e-09	255-222-62-8	255-70-122-242
982	2.4673958862590014e-17	1.92306451853508e-08	255-24-215-202	255-70-122-242
983	7.397550688635648e-18	2.835367824316849e-09	255-24-215-202	255-26-209-210
984	9.66930327784875e-18	0.0002320554712885	255-24-215-202	255-254-152-44
985	3.621318039590113e-17	9.23650950563002e-09	255-24-215-202	255-70-122-242
986	3.1840797559716606e-21	2.0621720458993767e-10	255-70-122-242	255-26-209-210
987	4.907778111646066e-11	0.0001605766595324	255-24-215-202	255-26-209-210
988	1.4831650160832857e-13	9.16056301721759e-06	255-24-215-202	255-254-152-44
989	1.896322707562614e-08	2.3160696882092925e-08	255-70-122-242	255-254-152-44
990	2.2054479238972732e-14	2.495916005579043e-06	255-24-215-202	255-217-56-6
991	3.275382626487516e-13	0.200024833255466	255-222-62-8	255-70-122-242
992	9.231543694440316e-19	4.688714910299838e-07	255-24-215-202	255-122-4-2
993	4.130660831168088e-18	4.898084863861349e-06	255-247-113-27	255-122-4-2
994	1.7979870030565582e-24	1.6918235443277202e-15	255-180-27-1	255-122-4-2
995	1.986595926505097e-27	8.132493561752707e-14	255-24-215-202	255-122-4-2
996	2.448933951151165e-22	7.450830804161377e-10	255-70-122-242	255-122-4-2
997	9.379766300079634e-13	0.0696888598573692	255-232-213-56	255-217-56-6
998	1.4072594889925503e-14	0.0005942686956344	255-24-215-202	255-217-56-6
999	9.741727431698376e-18	1.347436814865095e-12	255-24-215-202	255-254-152-44
1000	5.01494591474333e-14	1.5710002616876375e-10	255-24-215-202	255-122-4-2
1001	1.088255768825682e-19	6.683140733453073e-13	255-24-215-202	255-122-4-2
1002	1.0250111948671836e-21	3.401419054629172e-15	255-24-215-202	255-70-122-242
1003	3.5444130535323635e-14	1.8799142183155625e-07	255-24-215-202	255-70-122-242
1004	5.204576319338543e-25	5.1641762887471146e-18	255-24-215-202	255-122-4-2
1005	3.150455764036899e-22	4.750519033785304e-15	255-24-215-202	255-70-122-242
1006	5.84888493956783e-14	5.424075491043308e-09	255-51-172-246	255-26-209-210
1007	1.0944452213164667e-24	3.938798337285013e-18	255-24-215-202	255-70-122-242
1008	1.2554520402477148e-21	4.012577853655984e-12	255-24-215-202	255-70-122-242
1009	3.2400244778384444e-20	3.9554488547848e-14	255-24-215-202	255-212-231-53
1010	3.747826461829487e-23	4.1143881776710076e-16	255-24-215-202	255-122-4-2
1011	7.637469914982227e-20	4.4758833503545184e-12	255-24-215-202	255-70-122-242
1012	8.932081093178662e-26	2.8836484766012423e-18	255-24-215-202	255-70-122-242
1013	2.803757261190934e-23	1.9218674896856743e-18	255-70-122-242	255-122-4-2
1014	4.269667605590017e-24	2.6937732914143777e-18	255-24-215-202	255-70-122-242
1015	1.2591194446587916e-20	1.6387680788471989e-15	255-24-215-202	255-122-4-2
1016	1.2448110439404927e-24	5.628188680106404e-18	255-24-215-202	255-26-209-210
1017	6.0299550499847784e-30	1.1425294878572337e-19	255-24-215-202	255-70-122-242
1018	2.883106916735641e-29	5.810265336630627e-20	255-24-215-202	255-26-209-210
1019	3.116211466294848e-27	5.0150922610267456e-20	255-24-215-202	255-122-4-2
1020	1.0543883923558022e-31	2.266894533729765e-26	255-70-122-242	255-70-122-242
1021	1.0345278277336246e-35	3.903872144835159e-25	255-70-122-242	255-26-209-210
1022	1.089342508591362e-30	1.5397317087705816e-23	255-70-122-242	255-122-4-2
1023	1.1464933910660605e-32	1.9715346787266068e-15	255-24-215-202	255-122-4-2
1024	2.48718450687858e-32	1.376974641367338e-21	255-70-122-242	255-70-122-242
1025	1.1704001851515152e-30	3.3847575166681407e-17	255-70-122-242	255-122-4-2
1026	2.059688722832526e-25	1.5737962834693815e-16	255-70-122-242	255-122-4-2
1027	2.5462082135648546e-18	5.9420328718188e-14	255-24-215-202	255-122-4-2
1028	2.872117354642597e-23	4.4569412557259614e-13	255-70-122-242	255-122-4-2
1029	1.1485809097562463e-20	2.468294577066992e-15	255-24-215-202	255-122-4-2
1030	7.124212239563495e-23	3.934654394307186e-15	255-24-215-202	255-122-4-2
1031	3.8424338732111296e-16	3.0782059615992124e-08	255-24-215-202	255-122-4-2
1032	1.910713428821199e-13	0.0439474638753581	255-24-215-202	255-70-122-242
1033	1.9950479953429652e-14	0.0003663812265925	255-24-215-202	255-122-4-2
1034	5.1390217943008295e-15	0.0002799846221902	255-24-215-202	255-254-152-44
1035	1.4709464865785053e-18	8.543268698394593e-07	255-24-215-202	255-254-152-44
1036	4.2132584548560694e-11	0.0020094876624283	255-70-122-242	255-254-152-44
1037	1.7759966579600402e-14	0.9602669944051908	255-24-215-202	255-212-231-53
1038	8.899498323463642e-07	0.663695346953164	255-70-122-242	255-254-152-44
1039	3.1371451878443174e-14	0.0119904110134365	255-70-122-242	255-212-231-53
1040	2.9408629046796117e-24	6.030130503812581e-17	255-24-215-202	255-212-231-53
1041	4.435595364434873e-20	2.3686163912734907e-14	255-24-215-202	255-212-231-53
1042	8.615067349238128e-22	1.7267857706885223e-16	255-24-215-202	255-212-231-53
1043	1.1619281079676872e-21	1.5933188202432734e-17	255-24-215-202	255-212-231-53
1044	1.5570706472877383e-09	0.0418003870225283	255-222-62-8	255-254-152-44
1045	2.3791107873705835e-23	8.2653701700687e-19	255-24-215-202	255-212-231-53
1046	2.481372758906829e-13	1.8601651970381084e-12	255-70-122-242	255-26-209-210
1047	3.492696681082203e-16	1.5826954030258082e-14	255-70-122-242	255-26-209-210
1048	4.921092183854477e-20	9.324574564081752e-15	255-24-215-202	255-122-4-2
1049	3.4118519161885504e-15	1.3078060418132905e-12	255-24-215-202	255-122-4-2
1050	1.830575692010112e-22	5.437823592988872e-19	255-70-122-242	255-26-209-210
1051	7.009873960832278e-20	5.6393450101955566e-18	255-24-215-202	255-212-231-53
1052	5.068531744770531e-19	3.573290813046972e-15	255-70-122-242	255-122-4-2
1053	1.5085491243819762e-20	8.528269912150881e-16	255-24-215-202	255-122-4-2
1054	1.1716565673418885e-22	1.136029078819603e-21	255-24-215-202	255-26-209-210
1055	8.247575053681785e-23	1.567025827426804e-19	255-24-215-202	255-26-209-210
1056	5.072423150153602e-22	3.301625021122068e-18	255-70-122-242	255-26-209-210
1057	7.722480828736537e-17	5.20886247757093e-13	255-70-122-242	255-122-4-2
1058	1.2573378504946247e-20	2.5470113164731667e-16	255-24-215-202	255-122-4-2
1059	6.224785926209566e-22	3.3855668058290244e-18	255-70-122-242	255-254-152-44
1060	5.4484988985293846e-18	8.27923718898938e-16	255-24-215-202	255-122-4-2
1061	9.792983096143801e-22	4.9153597383691705e-17	255-70-122-242	255-254-152-44
1062	4.849806356629796e-23	1.7420409452348226e-16	255-24-215-202	255-122-4-2
1063	4.538254369872773e-19	2.107001857993886e-15	255-24-215-202	255-122-4-2
1064	3.8988519668472685e-21	4.140619215850301e-18	255-24-215-202	255-122-4-2
1065	2.81143013020824e-26	2.855421425264605e-20	255-24-215-202	255-70-122-242
1066	6.644833464425078e-18	1.1057727458554752e-15	255-24-215-202	255-26-209-210
1067	1.484992738743979e-20	2.761356577208037e-17	255-24-215-202	255-122-4-2
1068	2.1475910329152e-22	1.8272823558406397e-19	255-24-215-202	255-70-122-242
1069	3.3627667916143657e-26	8.152665698876465e-20	255-24-215-202	255-212-231-53
1070	4.053261999514577e-28	4.7818052819414544e-21	255-70-122-242	255-122-4-2
1071	3.009662073039429e-27	1.4426794410504242e-20	255-24-215-202	255-70-122-242
1072	5.5181068637136315e-25	2.023683672257592e-19	255-24-215-202	255-122-4-2
1073	7.705777218934077e-27	3.747767108521984e-22	255-180-27-1	255-122-4-2
1074	1.349247361624017e-23	4.3486797645021097e-20	255-24-215-202	255-122-4-2
1075	5.589238965928534e-26	3.763011557892625e-22	255-24-215-202	255-122-4-2
1076	1.650262227906914e-31	3.639002483046678e-20	255-24-215-202	255-26-209-210
1077	3.810319547553765e-26	5.088985899440344e-19	255-70-122-242	255-122-4-2
1078	5.052879397770552e-25	1.1037564270759424e-19	255-70-122-242	255-122-4-2
1079	1.0282113766773644e-25	3.263167543690176e-21	255-24-215-202	255-122-4-2
1080	6.262521604589476e-24	2.389096476630819e-19	255-24-215-202	255-122-4-2
1081	3.3150141395965685e-26	1.455482843212049e-19	255-24-215-202	255-26-209-210
1082	2.476915367019033e-17	1.0839168208522359e-10	255-24-215-202	255-122-4-2
1083	1.5388252889817014e-33	9.1423874355044e-26	255-70-122-242	255-26-209-210
1084	8.258596037673933e-21	3.398789976494069e-18	255-24-215-202	255-122-4-2
1085	1.2729250996900284e-22	1.2120984191502235e-16	255-24-215-202	255-122-4-2
1086	4.933571002978685e-16	0.0014279455032045	255-24-215-202	255-254-152-44
1087	1.7504745219773554e-16	5.898561562400828e-09	255-24-215-202	255-26-209-210
1088	2.0683877824208653e-25	1.2434141155735572e-18	255-70-122-242	255-70-122-242
1089	9.89203618863918e-21	8.394395037288897e-14	255-180-27-1	255-70-122-242
1090	1.031081810454386e-18	2.354046491408932e-12	255-180-27-1	255-26-209-210
1091	3.731294664986871e-12	6.211816837235608e-09	255-222-62-8	255-254-152-44
1092	1.0582594061288599e-13	0.0018881451214947	255-232-213-56	255-254-152-44
1093	1.3133302739425548e-24	1.061474155930715e-11	255-70-122-242	255-26-209-210
1094	1.2619609675598439e-21	9.01346797535126e-12	255-247-113-27	255-70-122-242
1095	7.129261059404413e-13	7.233565425532005e-06	255-247-113-27	255-217-56-6
1096	2.376313515580817e-22	1.0255747723197082e-18	255-247-113-27	255-122-4-2
1097	8.867435128512202e-25	6.337451296750386e-20	255-70-122-242	255-26-209-210
1098	8.919190914913974e-16	1.070321796002027e-10	255-51-172-246	255-70-122-242
1099	7.351886787485732e-26	1.0767073590150554e-17	255-24-215-202	255-70-122-242
1100	5.344726081866669e-17	1.9923851670956532e-13	255-247-113-27	255-70-122-242
1101	8.54260195516221e-20	1.959431779405406e-17	255-70-122-242	255-26-209-210
1102	6.536369645683902e-25	8.591291665904059e-19	255-70-122-242	255-122-4-2
1103	2.099876690696753e-20	8.347824552607345e-17	255-24-215-202	255-122-4-2
1104	1.322842913451902e-24	2.4653171053184403e-20	255-70-122-242	255-26-209-210
1105	3.789827252451752e-25	4.482642134833664e-21	255-24-215-202	255-70-122-242
1106	3.124832259925303e-26	2.123607922497742e-18	255-70-122-242	255-70-122-242
1107	2.1669502788046136e-20	3.1629120349876277e-10	255-70-122-242	255-254-152-44
1108	1.4437355683102876e-23	2.0517337637778352e-18	255-24-215-202	255-122-4-2
1109	4.0157616321305144e-23	4.4502860663668826e-17	255-24-215-202	255-122-4-2
1110	1.0047880049728503e-11	1.3435123432060069e-10	255-24-215-202	255-26-209-210
1111	1.3353686564916091e-24	8.414557457435162e-19	255-24-215-202	255-122-4-2
1112	1.3092950935016931e-24	1.30553689882278e-18	255-24-215-202	255-122-4-2
1113	1.0945185974206497e-25	6.3546328097198515e-19	255-24-215-202	255-122-4-2
1114	1.527778501704713e-08	5.765481348550528e-09	255-24-215-202	255-101-252-104
1115	6.977082373829169e-22	5.6091489920551124e-14	255-24-215-202	255-122-4-2
1116	2.205182970792379e-17	1.5504038490965898e-13	255-24-215-202	255-122-4-2
1117	2.424367842255995e-17	2.5078347397383812e-05	255-24-215-202	255-212-231-53
1118	2.975992428891136e-18	2.2160943765479413e-14	255-70-122-242	255-212-231-53
1119	1.7675889117655025e-13	3.641588692884732e-11	255-70-122-242	255-101-252-104
1120	4.159861332092717e-15	9.967801834706165e-14	255-24-215-202	255-101-252-104
1121	1.8532095480809496e-17	2.231137725912457e-13	255-70-122-242	255-26-209-210
1122	2.0286885206465504e-14	4.6339406500105463e-08	255-24-215-202	255-26-209-210
1123	1.0198987060218039e-13	3.1021584497441428e-12	255-70-122-242	255-101-252-104
1124	1.2243843712058054e-16	1.0023320569183136e-14	255-70-122-242	255-101-252-104
1125	4.0357253588925985e-21	1.4102587499004308e-19	255-24-215-202	255-26-209-210
1126	6.4021532461833875e-18	1.7012703184507192e-14	255-70-122-242	255-122-4-2
1127	6.776549563577457e-19	6.290059821649591e-17	255-70-122-242	255-26-209-210
1128	4.496104372305011e-21	6.190121223522543e-19	255-70-122-242	255-101-252-104
1129	1.4130696549582977e-12	5.485173154626261e-10	255-24-215-202	255-26-209-210
1130	2.2346103309787165e-22	1.8542800074872957e-20	255-24-215-202	255-254-152-44
1131	5.479335610876922e-22	4.176550610178873e-19	255-24-215-202	255-254-152-44
1132	3.689367225997097e-18	2.732585790735513e-15	255-70-122-242	255-101-252-104
1133	5.12648200238987e-19	1.064594528956326e-15	255-24-215-202	255-212-231-53
1134	3.1832329317017156e-17	1.944035754831672e-14	255-70-122-242	255-26-209-210
1135	1.4472040171998981e-19	3.436871296286247e-15	255-24-215-202	255-26-209-210
1136	1.501159670411854e-15	1.711505335698471e-13	255-70-122-242	255-26-209-210
1137	1.1992148786554577e-19	2.1304758658308506e-15	255-24-215-202	255-26-209-210
1138	4.14986306796473e-17	1.6647377590856732e-14	255-24-215-202	255-212-231-53
1139	1.9512378680005397e-14	4.418301349855657e-12	255-24-215-202	255-26-209-210
1140	1.0494215597787213e-15	2.521736290939057e-13	255-24-215-202	255-26-209-210
1141	5.354726904607572e-19	2.2404926125690825e-16	255-24-215-202	255-26-209-210
1142	1.4937175619776954e-17	9.889367235858031e-17	255-24-215-202	255-26-209-210
1143	4.409824021530785e-19	2.926997491070227e-16	255-70-122-242	255-101-252-104
1144	2.715404256795973e-16	1.881915772625073e-14	255-24-215-202	255-26-209-210
1145	3.718892194382362e-17	2.760535201144633e-17	255-24-215-202	255-101-252-104
1146	1.0851071556416728e-17	3.01273394579128e-17	255-24-215-202	255-26-209-210
1147	3.648994463268476e-19	1.445692303227539e-19	255-24-215-202	255-26-209-210
1148	2.2538607200968645e-14	2.929316666775872e-14	255-24-215-202	255-26-209-210
1149	3.8667447388743024e-20	1.2029769917350552e-16	255-70-122-242	255-254-152-44
1150	2.450851678880717e-19	4.9831826934782276e-20	255-24-215-202	255-101-252-104
1151	9.474395305903624e-15	1.1693744701254071e-14	255-24-215-202	255-254-152-44
1152	1.2842619681943673e-17	5.834655068984286e-17	255-24-215-202	255-101-252-104
1153	1.2108572815296404e-15	8.002502214516483e-16	255-24-215-202	255-254-152-44
1154	3.2020755278111314e-20	3.2164374022208776e-20	255-24-215-202	255-26-209-210
1155	1.4891502003901625e-19	1.4763540131435757e-17	255-24-215-202	255-122-4-2
1156	1.876406224355144e-15	8.033218611487851e-14	255-24-215-202	255-26-209-210
1157	2.906200951202449e-18	1.512015095321236e-16	255-24-215-202	255-212-231-53
1158	6.213490272864249e-22	2.7468224760155802e-18	255-24-215-202	255-212-231-53
1159	1.0821281852935008e-22	9.384033141137102e-18	255-70-122-242	255-26-209-210
1160	1.1353493016779466e-19	4.532012370903563e-18	255-24-215-202	255-122-4-2
1161	1.663866698894252e-21	1.0467231645359125e-17	255-70-122-242	255-26-209-210
1162	1.176584377808192e-22	2.2275047217057012e-17	255-24-215-202	255-26-209-210
1163	1.1562277836833568e-17	3.3064272877060314e-14	255-70-122-242	255-212-231-53
1164	5.827542882570501e-29	2.2805379386152555e-20	255-70-122-242	255-122-4-2
1165	1.994110557957653e-21	4.935129086422136e-17	255-24-215-202	255-122-4-2
1166	1.6949314611653164e-21	3.0396663999677997e-17	255-70-122-242	255-122-4-2
1167	1.9152864309213127e-22	3.40418378399776e-17	255-70-122-242	255-122-4-2
1168	9.537523432815684e-20	7.981309642148233e-17	255-70-122-242	255-122-4-2
1169	1.2705866751824368e-10	1.0686098066782678e-10	255-70-122-242	255-254-152-44
1170	3.1586790331326777e-29	1.329590662101256e-23	255-70-122-242	255-122-4-2
1171	1.2484200202621806e-25	2.9063805165051084e-18	255-70-122-242	255-212-231-53
1172	1.060912891524879e-23	3.1706947767729404e-19	255-70-122-242	255-122-4-2
1173	1.1258462195636097e-07	9.36732263602527e-05	255-70-122-242	255-254-152-44
1174	2.3346246767392718e-11	5.836639535334365e-09	255-24-215-202	255-254-152-44
1175	2.3939577380182482e-18	3.525308487119095e-17	255-70-122-242	255-70-122-242
1176	1.294199813866438e-15	1.7749858536255965e-15	255-70-122-242	255-254-152-44
1177	6.08179543095312e-32	1.3489272565942405e-17	255-24-215-202	255-70-122-242
1178	1.0976974963849814e-28	1.7205970567537238e-26	255-70-122-242	255-101-252-104
1179	5.388411739935574e-29	8.327248271050894e-20	255-70-122-242	255-122-4-2
1180	9.567789391042866e-30	1.7887287895086555e-20	255-70-122-242	255-70-122-242
1181	2.3133059638625726e-32	4.010816307301848e-24	255-24-215-202	255-70-122-242
1182	1.4104186413550686e-29	4.1502237418997797e-22	255-180-27-1	255-122-4-2
1183	3.3040821259963586e-32	3.040468883480176e-22	255-70-122-242	255-70-122-242
1184	4.430394896140291e-36	1.2193645709861316e-25	255-24-215-202	255-70-122-242
1185	8.462143217412393e-36	4.271692501768403e-26	255-24-215-202	255-26-209-210
1186	2.076803675899538e-31	3.590317318377719e-21	255-70-122-242	255-122-4-2
1187	4.7750767645841766e-30	1.2279274106720481e-20	255-70-122-242	255-26-209-210
1188	7.831121597664523e-31	9.742341098737307e-21	255-24-215-202	255-26-209-210
1189	1.1215875291433834e-30	5.3840440925249805e-20	255-70-122-242	255-122-4-2
1190	3.004483304557453e-32	9.529127439667846e-22	255-24-215-202	255-70-122-242
1191	6.0270923707431496e-30	1.15548305556901e-20	255-70-122-242	255-122-4-2
1192	1.722185999160842e-28	2.260406303034332e-19	255-24-215-202	255-122-4-2
1193	4.163193663521368e-21	1.4750283219612204e-16	255-24-215-202	255-122-4-2
1194	7.887316122087056e-19	9.370191030622702e-14	255-70-122-242	255-122-4-2
1195	7.954092737941769e-26	2.0546338542868385e-19	255-24-215-202	255-26-209-210
1196	8.678189508788067e-26	6.936379333083925e-18	255-24-215-202	255-122-4-2
1197	4.551117678130333e-19	2.9947865497507347e-15	255-24-215-202	255-122-4-2
1198	2.9892913355672643e-16	6.108514698854396e-14	255-70-122-242	255-122-4-2
1199	1.8095697161425134e-18	8.772774142466823e-14	255-24-215-202	255-122-4-2
1200	1.6715813860540886e-29	1.629191963308629e-23	255-70-122-242	255-122-4-2
1201	1.237081783980686e-24	2.6009067529056373e-16	255-24-215-202	255-122-4-2
1202	9.62609939054535e-22	1.4331866712191678e-17	255-70-122-242	255-122-4-2
1203	1.587825210461966e-23	5.9743321470740435e-18	255-70-122-242	255-122-4-2
1204	6.897029820161965e-23	1.1594982072083026e-17	255-24-215-202	255-26-209-210
1205	3.4409168033141616e-25	1.2469179720309206e-17	255-70-122-242	255-26-209-210
1206	2.916832229382968e-29	1.511696366672063e-20	255-70-122-242	255-26-209-210
1207	2.0529896583663144e-23	1.4623418253259168e-17	255-24-215-202	255-122-4-2
1208	1.0527489717518244e-22	3.036922371080312e-15	255-24-215-202	255-26-209-210
1209	1.8860840538973205e-18	6.891275092942423e-15	255-24-215-202	255-212-231-53
1210	1.1841542997095073e-21	7.369834531185666e-19	255-24-215-202	255-122-4-2
1211	4.399781955430528e-26	8.276528509502564e-21	255-24-215-202	255-122-4-2
1212	1.1223774467310803e-26	3.5159879364698944e-18	255-70-122-242	255-26-209-210
1213	2.2628732896024005e-17	9.28620760038742e-16	255-24-215-202	255-122-4-2
1214	5.013874696919769e-26	5.438759214863681e-19	255-24-215-202	255-26-209-210
1215	5.362529575873924e-30	5.321064444672954e-21	255-70-122-242	255-26-209-210
1216	5.921837743372434e-18	1.9370856105237559e-16	255-24-215-202	255-122-4-2
1217	1.6900039474435428e-25	1.6358407784580488e-19	255-70-122-242	255-122-4-2
1218	4.7828580691209954e-23	1.2818168062145446e-20	255-24-215-202	255-122-4-2
1219	1.5190363270163555e-14	1.735886308552782e-12	255-24-215-202	255-254-152-44
1220	1.283439341903871e-22	1.413025234657299e-16	255-70-122-242	255-122-4-2
1221	3.531953865610093e-18	4.998784926444043e-17	255-24-215-202	255-122-4-2
1222	2.6722992798735643e-15	1.964298321952303e-13	255-24-215-202	255-254-152-44
1223	1.845591208262786e-22	3.4104047036162576e-17	255-70-122-242	255-122-4-2
1224	3.001832172425022e-26	7.062859859337675e-20	255-24-215-202	255-122-4-2
1225	2.8683750583329163e-18	4.747957086746699e-16	255-24-215-202	255-122-4-2
1226	1.6352081253788568e-22	3.952026995224375e-19	255-24-215-202	255-26-209-210
1227	2.2050682590534047e-16	1.2571888556814142e-14	255-24-215-202	255-212-231-53
1228	1.314067034511838e-19	1.3960678680099802e-15	255-24-215-202	255-122-4-2
1229	1.2511594265128528e-20	3.467910282528653e-16	255-24-215-202	255-212-231-53
1230	1.3656161618909037e-23	1.1219799311196208e-17	255-24-215-202	255-26-209-210
1231	1.4516454489108336e-23	4.769879271743654e-19	255-24-215-202	255-122-4-2
1232	5.861505980549976e-22	3.69369169080054e-18	255-70-122-242	255-26-209-210
1233	4.3215994379571595e-18	1.0031645092507471e-14	255-24-215-202	255-212-231-53
1234	1.2421602479792402e-19	5.470797174597436e-14	255-24-215-202	255-212-231-53
1235	9.357122924718692e-23	7.215223258266846e-18	255-24-215-202	255-26-209-210
1236	3.206732337357484e-24	2.6198366077806527e-19	255-24-215-202	255-26-209-210
1237	1.1534622655584089e-21	6.886569080894481e-17	255-70-122-242	255-122-4-2
1238	8.396381653974647e-24	1.0206457230469495e-20	255-24-215-202	255-26-209-210
1239	1.7901683969717282e-21	1.814780002473427e-17	255-70-122-242	255-26-209-210
1240	2.4313715826473183e-11	8.717707736057622e-07	255-24-215-202	255-212-231-53
1241	9.497017348786641e-24	2.4157318836932474e-20	255-24-215-202	255-122-4-2
1242	1.3247538466499344e-13	7.695908683506725e-10	255-70-122-242	255-254-152-44
1243	1.1597107443438242e-22	2.268807895231072e-19	255-70-122-242	255-70-122-242
1244	2.1787912371834307e-29	7.878719285971994e-19	255-70-122-242	255-122-4-2
1245	3.1131975169696915e-19	2.1480647267670877e-09	255-24-215-202	255-122-4-2
1246	3.1470776844441004e-18	1.9075991771255008e-14	255-24-215-202	255-122-4-2
1247	1.0044133928044064e-18	6.824064991993012e-13	255-24-215-202	255-70-122-242
1248	8.16896872206302e-23	1.152173156070979e-18	255-24-215-202	255-122-4-2
1249	1.84248653393232e-17	1.490297482443059e-07	255-222-62-8	255-70-122-242
1250	1.9099831476095374e-15	0.0006247924386849	255-24-215-202	255-70-122-242
1251	5.331235565368519e-27	3.82279620274008e-23	255-70-122-242	255-70-122-242
1252	2.6625340835088816e-29	9.08796599416537e-22	255-70-122-242	255-70-122-242
1253	2.723277683773489e-11	6.3592384352449805e-09	255-70-122-242	255-254-152-44
1254	3.4347651738619654e-08	2.3538180033693e-06	255-222-62-8	255-254-152-44
1255	4.756989661071421e-07	1.1535066402441489e-05	255-232-213-56	255-254-152-44
1256	5.417888109901977e-13	0.033643193244292	255-24-215-202	255-217-56-6
1257	4.675754698303392e-16	1.349452299501344e-08	255-24-215-202	255-70-122-242
1258	2.209021970301163e-12	2.7627861582723465e-06	255-247-113-27	255-212-231-53
1259	2.0104196848375916e-19	4.417665422542326e-14	255-51-172-246	255-70-122-242
1260	7.00302624210997e-24	1.8127891395079424e-21	255-70-122-242	255-101-252-104
1261	3.0618950307583053e-18	5.330412329627918e-07	255-222-62-8	255-122-4-2
1262	4.597267486578273e-23	6.384218423917418e-21	255-247-113-27	255-70-122-242
1263	3.4257328536958e-20	8.925965050933134e-10	255-70-122-242	255-254-152-44
1264	2.7640662775444955e-31	1.0265953156842236e-19	255-70-122-242	255-122-4-2
1265	1.0883507814595197e-31	4.776806059493241e-22	255-70-122-242	255-122-4-2
1266	1.6609086166983897e-11	0.3109505165806348	255-222-62-8	255-254-152-44
1267	9.344578619644e-10	0.7930677788600092	255-247-113-27	255-212-231-53
1268	1.997580482612202e-09	0.7290833747175186	255-70-122-242	255-212-231-53
1269	8.520974911201835e-14	0.0017148412038315	255-24-215-202	255-254-152-44
1270	1.0725517564424266e-17	6.1442907784134e-13	255-24-215-202	255-122-4-2
1271	2.68399482335616e-07	1.5608305524341313e-06	255-24-215-202	255-122-4-2
1272	1.0024377332497806e-12	7.253279277513145e-11	255-24-215-202	255-26-209-210
1273	1.0462040109009902e-17	3.709041377207165e-13	255-24-215-202	255-122-4-2
1274	5.2231150096134834e-18	1.6546808498370004e-12	255-24-215-202	255-122-4-2
1275	8.402046664008492e-16	7.073473235852526e-07	255-24-215-202	255-122-4-2
1276	6.416013728582179e-18	2.9025544454427257e-17	255-247-113-27	255-122-4-2
1277	9.52790430095616e-15	5.1554307240039796e-14	255-70-122-242	255-26-209-210
1278	5.33221735928907e-21	3.182924250023653e-18	255-24-215-202	255-122-4-2
1279	4.3334711669394403e-23	2.4056421029918644e-18	255-24-215-202	255-122-4-2
1280	5.980137325147545e-16	1.503298614204411e-14	255-24-215-202	255-122-4-2
1281	1.4025412602950435e-26	2.7098487697133277e-24	255-70-122-242	255-26-209-210
1282	1.6911953740372647e-19	5.901475767063401e-17	255-24-215-202	255-122-4-2
1283	1.22674036733514e-22	3.7382546907173615e-18	255-24-215-202	255-26-209-210
1284	1.4948285768320468e-23	1.1643181039380637e-21	255-70-122-242	255-70-122-242
1285	6.359119827061701e-22	2.921219482405572e-16	255-247-113-27	255-70-122-242
1286	3.9300999832481947e-19	1.112632691487631e-16	255-24-215-202	255-26-209-210
1287	9.373907209207006e-19	3.669060371367331e-16	255-24-215-202	255-70-122-242
1288	2.477983204188296e-26	4.220788306726319e-21	255-70-122-242	255-26-209-210
1289	5.9709180269109174e-27	2.819275960337296e-23	255-24-215-202	255-122-4-2
1290	6.587089789891442e-18	4.489515410528543e-16	255-24-215-202	255-122-4-2
1291	2.8100410854782936e-26	1.9747304293987103e-22	255-70-122-242	255-70-122-242
1292	1.6081911474547892e-27	4.662434936553399e-19	255-24-215-202	255-122-4-2
1293	5.945201947803588e-30	2.6630434697768248e-21	255-24-215-202	255-70-122-242
1294	1.2486704528293761e-29	3.662987435480427e-23	255-70-122-242	255-26-209-210
1295	4.144126883922318e-31	6.3109092636338e-22	255-70-122-242	255-26-209-210
1296	1.5963672175744796e-35	7.106868840410271e-26	255-70-122-242	255-26-209-210
1297	1.547892651955147e-30	1.4088654486426515e-24	255-70-122-242	255-70-122-242
1298	2.031877996829877e-32	2.164909470063233e-24	255-70-122-242	255-26-209-210
1299	2.240139998987747e-26	3.533682295996995e-19	255-24-215-202	255-122-4-2
1300	2.2586632963722946e-33	2.0439429544084992e-22	255-24-215-202	255-122-4-2
1301	4.863731308700198e-28	2.3892147573752262e-20	255-24-215-202	255-26-209-210
1302	9.15278525084174e-36	2.087058499828527e-25	255-24-215-202	255-26-209-210
1303	8.528296757862276e-32	6.874213243679277e-23	255-24-215-202	255-122-4-2
1304	3.799995821256628e-35	9.850815390855939e-27	255-70-122-242	255-122-4-2
1305	4.912776631923481e-26	4.291466701439475e-17	255-70-122-242	255-122-4-2
1306	4.337289280664661e-31	1.6921829523050214e-19	255-70-122-242	255-26-209-210
1307	7.60829311144504e-33	1.3533752635444906e-21	255-70-122-242	255-122-4-2
1308	2.8468085221502347e-32	9.644173050715705e-16	255-222-62-8	255-122-4-2
1309	5.838891019081553e-31	1.240234844644417e-17	255-222-62-8	255-122-4-2
1310	2.2041594800910484e-30	3.1636682668204904e-19	255-24-215-202	255-122-4-2
1311	3.137762075494289e-31	5.37743936423355e-22	255-70-122-242	255-122-4-2
1312	6.379673590741449e-28	1.8088822389326662e-20	255-24-215-202	255-122-4-2
1313	9.956414792957007e-29	3.683645190034767e-20	255-24-215-202	255-70-122-242
1314	1.558552881667203e-29	1.2892756303372909e-19	255-24-215-202	255-122-4-2
1315	1.795770834905372e-32	4.233033310527982e-20	255-70-122-242	255-122-4-2
1316	2.5651276927548144e-31	9.953481789517068e-18	255-24-215-202	255-122-4-2
1317	1.1996496279942338e-14	6.899069898482607e-08	255-24-215-202	255-122-4-2
1318	1.636531504477817e-22	3.488383605828264e-13	255-24-215-202	255-122-4-2
1319	3.0499370800608264e-13	0.1327129578242036	255-222-62-8	255-26-209-210
1320	6.218322868420948e-13	0.7414232747505793	255-70-122-242	255-254-152-44
1321	9.29444251356544e-11	0.7844101919830582	255-232-213-56	255-212-231-53
1322	1.680978879665449e-16	0.9990309142486672	255-70-122-242	255-212-231-53
1323	3.239263829275829e-13	0.969019571219	255-24-215-202	255-212-231-53
1324	7.415287700102883e-10	0.3329950275673148	255-232-213-56	255-254-152-44
1325	8.860957746366733e-06	0.0022471842982895	255-70-122-242	255-212-231-53
1326	5.29618672183708e-13	3.0410304797422e-07	255-70-122-242	255-212-231-53
1327	1.81345551812737e-16	7.8943232691395e-14	255-24-215-202	255-212-231-53
1328	5.005805123034893e-16	0.0026500051152923	255-70-122-242	255-212-231-53
1329	9.95121438074877e-19	1.3190959113206404e-13	255-24-215-202	255-212-231-53
1330	1.7837826441398563e-15	4.1856562019414683e-13	255-24-215-202	255-212-231-53
1331	1.2391954653855691e-13	0.0001127398405389	255-70-122-242	255-26-209-210
1332	7.325586882181999e-14	1.4475408727035326e-11	255-24-215-202	255-26-209-210
1333	5.338725750275288e-13	6.396310165658516e-11	255-24-215-202	255-26-209-210
1334	3.9183161420594817e-11	7.304669003033932e-10	255-70-122-242	255-101-252-104
1335	6.689663465060422e-16	3.106769871040113e-14	255-70-122-242	255-26-209-210
1336	5.031240790429424e-13	3.567660882989869e-10	255-24-215-202	255-101-252-104
1337	4.3663177570672565e-14	2.6570531447116103e-11	255-24-215-202	255-26-209-210
1338	1.9575816134768867e-11	2.402536861647052e-09	255-24-215-202	255-101-252-104
1339	1.35836796520335e-13	8.967240184874377e-13	255-24-215-202	255-70-122-242
1340	1.824826334983317e-14	7.034929180127428e-10	255-24-215-202	255-122-4-2
1341	1.6889263779078082e-19	5.3586037746655215e-15	255-70-122-242	255-26-209-210
1342	3.6827423131276645e-16	2.1946898306051275e-15	255-24-215-202	255-26-209-210
1343	1.5443853454055682e-22	4.493031656783633e-19	255-70-122-242	255-26-209-210
1344	1.8303614216705321e-19	8.874873061631334e-18	255-70-122-242	255-101-252-104
1345	2.269304254255586e-16	3.10166844875567e-13	255-24-215-202	255-122-4-2
1346	6.816038291901482e-15	1.0886003733553489e-12	255-24-215-202	255-122-4-2
1347	2.5236418818436125e-16	3.5624694093722733e-13	255-70-122-242	255-101-252-104
1348	3.441601907817658e-16	1.9674134338150494e-13	255-70-122-242	255-26-209-210
1349	4.501805830387319e-18	1.0103520495707157e-16	255-24-215-202	255-26-209-210
1350	3.86456217387834e-16	6.242583466206128e-13	255-24-215-202	255-254-152-44
1351	2.342471469052088e-19	1.139731723328692e-16	255-24-215-202	255-101-252-104
1352	1.7958619497334122e-20	6.044538024521944e-17	255-24-215-202	255-122-4-2
1353	1.8325242553369013e-15	1.157124637018271e-11	255-24-215-202	255-122-4-2
1354	1.3077140527571376e-17	2.683658903353325e-13	255-24-215-202	255-212-231-53
1355	5.022835644751405e-15	1.3464486380383468e-11	255-70-122-242	255-122-4-2
1356	1.3872497369539848e-14	8.153122680886038e-13	255-70-122-242	255-122-4-2
1357	3.2385266231868294e-18	6.129581275533466e-17	255-24-215-202	255-122-4-2
1358	6.894951820779837e-18	1.9063304267616491e-16	255-24-215-202	255-122-4-2
1359	6.941470492762895e-18	1.325363775178904e-15	255-24-215-202	255-26-209-210
1360	3.480940663298657e-16	5.1967170294389656e-15	255-24-215-202	255-122-4-2
1361	1.5127948305781427e-20	1.1786969683877211e-14	255-24-215-202	255-122-4-2
1362	1.9872817422745148e-21	3.369720779410025e-16	255-24-215-202	255-122-4-2
1363	4.5600935741749127e-20	5.08156163172408e-14	255-24-215-202	255-122-4-2
1364	2.430670647893083e-20	7.555588376638428e-18	255-24-215-202	255-122-4-2
1365	3.835402244566414e-23	2.759746512480237e-20	255-24-215-202	255-122-4-2
1366	2.88073686607442e-22	2.0495774193296146e-17	255-24-215-202	255-122-4-2
1367	2.8854168731504884e-18	1.2089817049688636e-12	255-70-122-242	255-122-4-2
1368	6.792027086311972e-23	2.8209550166604943e-15	255-24-215-202	255-122-4-2
1369	5.413880191384109e-28	4.2183903026069474e-22	255-24-215-202	255-122-4-2
1370	3.209820628331581e-28	2.8607156906964594e-20	255-24-215-202	255-122-4-2
1371	6.394368762717998e-24	4.534022767301371e-17	255-70-122-242	255-122-4-2
1372	3.764273905207609e-25	7.158705506139409e-19	255-24-215-202	255-122-4-2
1373	9.333858109142856e-26	6.060283880198306e-18	255-24-215-202	255-70-122-242
1374	3.4341320355483257e-22	8.251264663136939e-18	255-70-122-242	255-122-4-2
1375	1.7533889514309937e-18	8.443007419470089e-14	255-70-122-242	255-70-122-242
1376	9.413778136756792e-22	1.5638730362343957e-15	255-247-113-27	255-70-122-242
1377	6.077964726999084e-15	7.826909130703554e-15	255-24-215-202	255-26-209-210
1378	6.555396826826377e-17	2.482614757739375e-12	255-24-215-202	255-212-231-53
1379	3.953058674860048e-17	2.3283040061197477e-10	255-24-215-202	255-70-122-242
1380	2.514407572744732e-11	0.0214237409534427	255-222-62-8	255-254-152-44
1381	1.511071600007062e-12	0.5829154541270453	255-232-213-56	255-70-122-242
1382	6.647097231165632e-16	2.9604601789832837e-06	255-70-122-242	255-254-152-44
1383	3.659526756587271e-15	0.403525591830784	255-247-113-27	255-254-152-44
1384	2.3774709555059945e-14	0.6815015602069229	255-24-215-202	255-254-152-44
1385	9.466252762138398e-16	6.030320200890687e-14	255-70-122-242	255-70-122-242
1386	1.849602361994306e-16	7.893116416521063e-16	255-70-122-242	255-70-122-242
1387	9.473418918705648e-13	2.2635549078045828e-12	255-70-122-242	255-101-252-104
1388	2.567090503183265e-19	1.1022132598827779e-17	255-70-122-242	255-212-231-53
1389	4.345117881437831e-13	7.860819486647615e-14	255-70-122-242	255-101-252-104
1390	8.659476229247734e-19	1.5306130373259746e-16	255-70-122-242	255-26-209-210
1391	1.4114501153389422e-13	2.1150937850359733e-14	255-70-122-242	255-101-252-104
1392	1.3604961294784106e-11	2.242979418787728e-12	255-70-122-242	255-122-4-2
1393	8.145762297454262e-20	3.0580328113283066e-17	255-70-122-242	255-26-209-210
1394	7.555346777873275e-19	1.675099547944271e-16	255-70-122-242	255-122-4-2
1395	1.9551306498732396e-14	8.153205717316034e-14	255-24-215-202	255-122-4-2
1396	2.3344193472259233e-22	3.387780928065836e-18	255-70-122-242	255-122-4-2
1397	8.103677863375806e-22	5.1542946250405494e-18	255-24-215-202	255-26-209-210
1398	1.227062617330555e-06	1.538263413550314e-05	255-70-122-242	255-122-4-2
1399	3.338693312214149e-18	8.587612202434764e-17	255-24-215-202	255-122-4-2
1400	1.7288660996516147e-24	6.689589942476034e-19	255-24-215-202	255-26-209-210
1401	8.599718904786104e-09	7.198430286995036e-06	255-24-215-202	255-122-4-2
1402	1.35478944208304e-24	3.2273612455190508e-18	255-24-215-202	255-70-122-242
1403	6.460308140912445e-22	2.6751271865047086e-17	255-24-215-202	255-26-209-210
1404	2.1074701828732047e-21	3.648361473387159e-17	255-24-215-202	255-70-122-242
1405	6.8152073483905035e-18	2.16577994866957e-14	255-24-215-202	255-122-4-2
1406	3.692308736308412e-27	9.075591765915944e-22	255-24-215-202	255-122-4-2
1407	9.853516252793103e-20	9.547249430423836e-17	255-70-122-242	255-70-122-242
1408	3.860159344010965e-09	2.7599660038472213e-05	255-70-122-242	255-122-4-2
1409	8.992012928228221e-17	8.954007688001412e-13	255-24-215-202	255-70-122-242
1410	3.8329214156624486e-21	1.6234764702017852e-18	255-24-215-202	255-122-4-2
1411	1.2716548349827485e-06	1.3303462144760246e-06	255-222-62-8	255-26-209-210
1412	8.858556226587026e-16	1.567305661337002e-14	255-24-215-202	255-122-4-2
1413	2.337889827575105e-17	1.7087084274917042e-14	255-24-215-202	255-122-4-2
1414	8.801686968268631e-10	1.5730699751898862e-09	255-24-215-202	255-26-209-210
1415	1.2785684658618365e-19	1.7956596516690927e-16	255-24-215-202	255-122-4-2
1416	1.0665617410931862e-12	5.003198140256808e-11	255-70-122-242	255-101-252-104
1417	2.3647112536572805e-15	1.3662965236714382e-12	255-70-122-242	255-212-231-53
1418	9.173887459208986e-12	8.454745795137896e-11	255-70-122-242	255-101-252-104
1419	2.347988456574129e-13	2.183920441373672e-11	255-70-122-242	255-101-252-104
1420	4.9150161487333074e-14	1.0169007112105675e-10	255-70-122-242	255-26-209-210
1421	1.6825775496618442e-16	1.0427176557224145e-13	255-24-215-202	255-26-209-210
1422	3.657627746583603e-13	2.07263004665588e-12	255-24-215-202	255-101-252-104
1423	2.2198258738434622e-20	1.6288266178547822e-19	255-24-215-202	255-26-209-210
1424	2.5385815499876577e-13	2.2733388296210934e-11	255-24-215-202	255-26-209-210
1425	1.8290413283969968e-15	3.5467188329237835e-16	255-24-215-202	255-26-209-210
1426	1.8063006878651232e-19	7.278563909037335e-19	255-24-215-202	255-26-209-210
1427	9.82513628420506e-15	2.9805713036176255e-14	255-24-215-202	255-122-4-2
1428	1.9641453619356503e-14	2.838120444660765e-13	255-24-215-202	255-26-209-210
1429	4.48958189697178e-12	7.971559222755028e-14	255-51-172-246	255-101-252-104
1430	9.582026013041063e-15	6.1876469382475395e-12	255-24-215-202	255-26-209-210
1431	6.331041669693271e-15	8.809915664614044e-14	255-51-172-246	255-212-231-53
1432	1.4235785284145352e-12	6.370415428578225e-14	255-51-172-246	255-101-252-104
1433	6.645046428101903e-15	1.500785508799084e-12	255-24-215-202	255-26-209-210
1434	4.67995438002671e-14	3.77800856164519e-15	255-51-172-246	255-101-252-104
1435	7.401836906935568e-15	2.074979486412897e-16	255-24-215-202	255-101-252-104
1436	6.145295708032376e-14	1.559842730308675e-13	255-24-215-202	255-26-209-210
1437	1.2252492324363775e-16	1.4309715662383917e-15	255-24-215-202	255-26-209-210
1438	3.3881403258052163e-14	4.0470084073414716e-14	255-24-215-202	255-26-209-210
1439	2.4745491116822425e-17	1.2550777597816024e-17	255-24-215-202	255-101-252-104
1440	3.979528167773893e-17	1.1593848869509229e-15	255-24-215-202	255-101-252-104
1441	2.2192830490149564e-11	1.3827580920276677e-13	255-51-172-246	255-101-252-104
1442	8.486477604616384e-15	2.180934007576261e-14	255-24-215-202	255-101-252-104
1443	5.1984589955484325e-15	1.3947465501205025e-13	255-24-215-202	255-254-152-44
1444	2.3478315506974764e-16	1.377035460468525e-15	255-24-215-202	255-101-252-104
1445	1.107249815798886e-14	4.4281072315773404e-16	255-51-172-246	255-101-252-104
1446	2.858237743107055e-16	1.967416366026271e-16	255-24-215-202	255-101-252-104
1447	7.337471753450169e-19	3.6940693359382347e-17	255-24-215-202	255-101-252-104
1448	7.940281044778203e-15	7.588525129883048e-15	255-24-215-202	255-254-152-44
1449	6.283949357914865e-20	1.7265715838132556e-17	255-24-215-202	255-26-209-210
1450	2.4302690408721335e-17	3.1414446223639527e-16	255-24-215-202	255-254-152-44
1451	1.3116789370190908e-18	4.6385232987509207e-17	255-24-215-202	255-254-152-44
1452	7.395202449846377e-19	7.113384566659976e-17	255-24-215-202	255-212-231-53
1453	2.4677166330827262e-20	4.441531346056594e-16	255-24-215-202	255-26-209-210
1454	4.087895572538901e-17	2.4429883616941907e-14	255-24-215-202	255-212-231-53
1455	6.944104152759717e-22	3.9732284138869095e-18	255-24-215-202	255-122-4-2
1456	6.282686405774698e-19	1.2963268627439886e-15	255-24-215-202	255-122-4-2
1457	3.087857928852153e-22	3.213872571550677e-18	255-24-215-202	255-122-4-2
1458	4.6944025257142135e-21	3.298647835397585e-17	255-70-122-242	255-26-209-210
1459	1.573046735137387e-21	8.354196708241159e-17	255-24-215-202	255-212-231-53
1460	4.132890401668888e-20	2.3185120162106932e-14	255-24-215-202	255-122-4-2
1461	2.214116372220052e-22	3.0266271473107345e-17	255-24-215-202	255-212-231-53
1462	1.0170471337432624e-22	2.5049566895216044e-18	255-24-215-202	255-122-4-2
1463	2.9106210960529147e-17	2.657827858530998e-15	255-70-122-242	255-122-4-2
1464	8.45809374679063e-23	9.295975796783337e-16	255-70-122-242	255-122-4-2
1465	5.116133116402594e-22	1.7424509892080633e-19	255-24-215-202	255-212-231-53
1466	5.117553291762159e-25	1.3647876648321117e-18	255-24-215-202	255-212-231-53
1467	5.616578872121206e-22	1.0732602258190819e-16	255-70-122-242	255-26-209-210
1468	3.3085619646673545e-22	3.2347836370625052e-18	255-70-122-242	255-122-4-2
1469	3.731052388750137e-22	2.891246614942933e-18	255-24-215-202	255-122-4-2
1470	4.5558430589287653e-23	1.1360019094734831e-16	255-24-215-202	255-212-231-53
1471	2.401921752944055e-12	1.6573178253556607e-09	255-70-122-242	255-254-152-44
1472	8.461211808308982e-23	5.26405284864556e-21	255-24-215-202	255-122-4-2
1473	9.217649428557748e-25	1.9787119100545364e-18	255-24-215-202	255-122-4-2
1474	7.764257881959799e-19	4.4404529573007935e-14	255-24-215-202	255-26-209-210
1475	3.3436152435072944e-19	3.778330087301516e-15	255-24-215-202	255-212-231-53
1476	2.6252802321375743e-28	1.9245805104295425e-23	255-70-122-242	255-122-4-2
1477	1.1382539038400655e-20	1.6329264149377805e-17	255-70-122-242	255-101-252-104
1478	2.3949048309941462e-20	7.85880508139172e-06	255-24-215-202	255-122-4-2
1479	2.8313287264373895e-29	2.2319701549972684e-24	255-247-113-27	255-70-122-242
1480	1.146999530050073e-25	4.379684793088411e-12	255-70-122-242	255-122-4-2
1481	3.173888410873194e-28	9.23855850023014e-25	255-247-113-27	255-122-4-2
1482	7.116208886953139e-26	7.024023770597905e-24	255-70-122-242	255-101-252-104
1483	3.3612566732824744e-30	4.662995751088924e-21	255-70-122-242	255-122-4-2
1484	4.2827897543533083e-29	9.61121133465895e-17	255-70-122-242	255-70-122-242
1485	2.8541811180426445e-31	1.3226361272049832e-24	255-70-122-242	255-70-122-242
1486	8.65855231715937e-29	4.6792431844123436e-21	255-180-27-1	255-122-4-2
1487	2.1300974769388844e-26	3.59915836456904e-21	255-24-215-202	255-122-4-2
1488	5.468232944815066e-24	1.359951555437213e-20	255-70-122-242	255-122-4-2
1489	6.342280360787335e-32	3.761673670706008e-26	255-24-215-202	255-70-122-242
1490	9.96740765199064e-28	4.606074456060822e-21	255-24-215-202	255-122-4-2
1491	1.2374308569662901e-29	1.293601377500742e-16	255-70-122-242	255-122-4-2
1492	1.393291911645451e-26	5.159816155014607e-19	255-70-122-242	255-26-209-210
1493	4.634346631815396e-31	8.345997047951346e-23	255-24-215-202	255-70-122-242
1494	6.637074434648672e-27	1.3742564366807269e-21	255-24-215-202	255-26-209-210
1495	1.5960539768287527e-26	7.775480046036635e-18	255-70-122-242	255-122-4-2
1496	4.249940768900716e-30	8.429356861919235e-20	255-24-215-202	255-122-4-2
1497	8.498701146938311e-24	1.8584291232285823e-18	255-24-215-202	255-122-4-2
1498	5.382267397880194e-28	3.8534580919341404e-17	255-24-215-202	255-122-4-2
1499	2.463754871837557e-19	4.1390144913897766e-16	255-24-215-202	255-122-4-2
1500	1.6776597602681627e-20	3.250479950866465e-18	255-24-215-202	255-122-4-2
1501	1.0899384179297504e-27	8.54071493592265e-16	255-70-122-242	255-122-4-2
1502	1.3900532920201482e-21	2.2397808810469071e-13	255-70-122-242	255-122-4-2
1503	4.418593756410185e-23	3.9473474995935537e-20	255-24-215-202	255-26-209-210
1504	1.4105806471705234e-19	4.216449404658815e-15	255-24-215-202	255-122-4-2
1505	5.8626189154332765e-18	1.259383676582644e-16	255-24-215-202	255-122-4-2
1506	5.896505161050472e-25	3.0908053252343294e-15	255-24-215-202	255-122-4-2
1507	2.2090543441133498e-18	6.160878827958691e-13	255-24-215-202	255-122-4-2
1508	3.038947788476513e-16	4.242930047274163e-15	255-70-122-242	255-122-4-2
1509	8.01726057931138e-22	8.346103857366027e-17	255-70-122-242	255-122-4-2
1510	1.7763965660494248e-19	1.1666943993258478e-11	255-70-122-242	255-122-4-2
1511	3.1311605639806923e-18	3.4608454534252777e-15	255-70-122-242	255-122-4-2
1512	2.617803068455741e-16	4.851560235478968e-15	255-24-215-202	255-101-252-104
1513	2.0475018526417545e-19	2.4044011541269686e-17	255-24-215-202	255-26-209-210
1514	1.5681382867162576e-20	5.891996458886416e-14	255-24-215-202	255-26-209-210
1515	1.3589626790151074e-20	8.296428770453461e-19	255-24-215-202	255-122-4-2
1516	2.326588211837364e-18	2.404529435566645e-16	255-24-215-202	255-122-4-2
1517	1.5233278061611445e-22	1.564863745381043e-17	255-24-215-202	255-122-4-2
1518	3.637159640378737e-21	1.0562907234132632e-17	255-24-215-202	255-26-209-210
1519	4.3172321251896075e-21	1.7448584550666649e-15	255-70-122-242	255-122-4-2
1520	1.3911779511151e-19	2.0105576526739867e-18	255-24-215-202	255-254-152-44
1521	1.2360641343198139e-21	2.171024489132715e-18	255-24-215-202	255-212-231-53
1522	1.7558344087777446e-16	8.821627713824604e-15	255-24-215-202	255-254-152-44
1523	2.3359700370454915e-22	4.1601445549289484e-19	255-70-122-242	255-212-231-53
1524	4.928023808275793e-19	7.028957608349692e-17	255-24-215-202	255-254-152-44
1525	2.2741643204267817e-19	3.434361087451384e-18	255-24-215-202	255-254-152-44
1526	7.343292053870789e-22	4.5923425039056256e-18	255-70-122-242	255-122-4-2
1527	3.2057190403759613e-24	3.120889041163505e-17	255-70-122-242	255-122-4-2
1528	2.2890676908455127e-22	3.26463322368948e-18	255-70-122-242	255-122-4-2
1529	6.584971299032226e-21	2.594422049672941e-18	255-24-215-202	255-122-4-2
1530	4.3578528551555216e-18	2.432146777019235e-16	255-24-215-202	255-122-4-2
1531	1.4031870924460456e-22	5.3739690802836914e-18	255-70-122-242	255-26-209-210
1532	1.047374288732846e-22	6.902204758572641e-19	255-24-215-202	255-26-209-210
1533	7.420958420286502e-21	1.887106988303087e-17	255-24-215-202	255-26-209-210
1534	1.2670644183171268e-21	4.153604272060972e-18	255-24-215-202	255-212-231-53
1535	5.221085620652564e-24	5.8649271056156526e-18	255-70-122-242	255-122-4-2
1536	1.7065978179953994e-18	2.16304197015117e-16	255-24-215-202	255-212-231-53
1537	1.8623590947247132e-19	5.774370856035802e-16	255-70-122-242	255-26-209-210
1538	6.777682680925536e-25	1.6742700956284772e-19	255-70-122-242	255-122-4-2
1539	7.047534771190099e-19	1.0566612765664036e-16	255-24-215-202	255-122-4-2
1540	1.1582290836615865e-21	7.474682731040694e-18	255-24-215-202	255-122-4-2
1541	3.0938791524228442e-24	8.0802104948597375e-19	255-24-215-202	255-26-209-210
1542	1.7678770893966862e-22	6.454957792949941e-17	255-24-215-202	255-26-209-210
1543	4.2067434694175085e-25	5.447292566305721e-17	255-24-215-202	255-26-209-210
1544	1.4413267796947461e-22	5.9918685726886e-18	255-24-215-202	255-26-209-210
1545	8.227055421416066e-21	2.1464173125180857e-14	255-70-122-242	255-26-209-210
1546	2.2342695838634514e-25	1.7247340615670613e-19	255-70-122-242	255-26-209-210
1547	0.0001088576497317	0.0011518694097234	255-222-62-8	255-122-4-2
1548	5.63262960069206e-24	1.133560402420398e-14	255-70-122-242	255-26-209-210
1549	4.5276297517464777e-17	2.80992893002668e-13	255-70-122-242	255-122-4-2
1550	6.4936770862780114e-15	1.9922496184485637e-13	255-70-122-242	255-122-4-2
1551	1.5078088843011073e-21	2.499894295141572e-17	255-70-122-242	255-26-209-210
1552	1.9976761598850674e-11	1.8731618517091086e-10	255-70-122-242	255-122-4-2
1553	1.0710305663277337e-06	7.123292286535035e-07	255-70-122-242	255-122-4-2
1554	3.7626489476730965e-07	0.0016679422872346	255-70-122-242	255-70-122-242
1555	7.514952416225253e-11	8.636696782105577e-06	255-70-122-242	255-254-152-44
1556	1.2351173386638226e-13	8.787745177655995e-14	255-70-122-242	255-122-4-2
1557	1.1379873783563444e-08	7.534510690189317e-09	255-70-122-242	255-254-152-44
1558	1.4947663447110674e-29	2.411955350472168e-18	255-70-122-242	255-70-122-242
1559	8.478509326846232e-30	6.178380283857021e-23	255-222-62-8	255-26-209-210
1560	2.3757637152698477e-33	2.3429506405263848e-18	255-70-122-242	255-122-4-2
1561	3.4810076068677664e-23	6.304590224787836e-14	255-70-122-242	255-70-122-242
1562	6.233265575656484e-29	8.730496581321547e-12	255-70-122-242	255-122-4-2
1563	9.572076887483527e-26	1.8979925124854905e-17	255-24-215-202	255-122-4-2
1564	3.886091970971738e-27	4.185008010728454e-18	255-70-122-242	255-122-4-2
1565	2.3311102041822742e-32	5.22765540801744e-25	255-24-215-202	255-212-231-53
1566	5.529379019300041e-25	1.0967349424736004e-20	255-24-215-202	255-212-231-53
1567	4.794396948066148e-23	9.756597391759036e-18	255-70-122-242	255-26-209-210
1568	1.0472418763622675e-25	5.60936238809016e-16	255-24-215-202	255-26-209-210
1569	1.0330771548333009e-10	1.2100961230713525e-07	255-24-215-202	255-212-231-53
1570	1.1396731590465108e-25	1.6285577229967046e-19	255-70-122-242	255-26-209-210
1571	3.347026473110873e-26	1.373598117806714e-19	255-24-215-202	255-26-209-210
1572	4.6624971252044074e-20	2.2112239162101823e-14	255-24-215-202	255-26-209-210
1573	1.7716983836995577e-21	8.290418848751021e-16	255-24-215-202	255-26-209-210
1574	1.4652699393488362e-24	8.403897660423204e-18	255-70-122-242	255-26-209-210
1575	2.8200397651745027e-11	4.163812597662938e-09	255-24-215-202	255-70-122-242
1576	1.4505097812351724e-24	1.2924451134617714e-16	255-24-215-202	255-26-209-210
1577	1.927987946012904e-22	1.2503657261832569e-15	255-70-122-242	255-122-4-2
1578	3.909637420151451e-23	2.2030218833966054e-17	255-24-215-202	255-122-4-2
1579	3.8560650110139074e-11	0.0001692778503635	255-24-215-202	255-254-152-44
1580	1.0128844659965111e-16	1.9936329652495023e-11	255-24-215-202	255-26-209-210
1581	8.555621172634076e-24	1.3789119162573036e-18	255-24-215-202	255-70-122-242
1582	1.3426942270183414e-06	1.3864758987835644e-06	255-24-215-202	255-70-122-242
1583	1.2741135978476047e-26	1.9107495450473546e-17	255-70-122-242	255-26-209-210
1584	1.937007405434209e-11	4.855956620769208e-07	255-51-172-246	255-212-231-53
1585	1.1923683747730525e-21	1.6787932499785897e-14	255-24-215-202	255-26-209-210
1586	2.1052586444539338e-11	0.4532827142066969	255-24-215-202	255-122-4-2
1587	2.5015343435275023e-09	0.6395301259749632	255-232-213-56	255-26-209-210
1588	5.682416100874696e-10	0.7703499145008627	255-232-213-56	255-254-152-44
1589	6.435536235282268e-07	0.0019449609617396	255-128-254-83	255-70-122-242
1590	2.6616368450390768e-15	0.0083165940296625	255-24-215-202	255-212-231-53
1591	5.766379240491764e-13	0.8307537912310207	255-24-215-202	255-254-152-44
1592	8.376867651409553e-16	0.9974070251452593	255-70-122-242	255-254-152-44
1593	5.660021318279031e-13	1.751799666496464e-13	255-70-122-242	255-101-252-104
1594	2.6450400649190902e-14	0.0123349392989913	255-232-213-56	255-254-152-44
1595	1.8304534010593572e-19	8.563285543450826e-19	255-70-122-242	255-122-4-2
1596	5.3780574131271526e-18	0.0004703509005479	255-247-113-27	255-254-152-44
1597	3.753444541522643e-20	1.3204704216630125e-18	255-70-122-242	255-122-4-2
1598	6.382954182686552e-24	1.8045209055572177e-21	255-70-122-242	255-122-4-2
1599	1.4639965962780533e-19	1.1146199907836737e-10	255-247-113-27	255-122-4-2
1600	1.5440530140643317e-29	9.270598600487388e-26	255-70-122-242	255-122-4-2
1601	4.6835596286748406e-20	1.6398577730625992e-09	255-70-122-242	255-122-4-2
1602	1.1217117798549986e-28	3.45836009978722e-15	255-70-122-242	255-122-4-2
1603	1.5742238087433168e-29	5.699571599810207e-19	255-70-122-242	255-122-4-2
1604	3.612457227840157e-26	7.406013790876234e-19	255-70-122-242	255-122-4-2
1605	4.753031465036148e-12	0.0417028154716591	255-232-213-56	255-26-209-210
1606	1.6584049192072154e-13	0.8916605409494869	255-232-213-56	255-212-231-53
1607	1.9647324090570825e-12	0.8822088490226834	255-232-213-56	255-26-209-210
1608	4.509826483226886e-12	0.0127561395762138	255-247-113-27	255-254-152-44
1609	8.067393945142344e-10	0.0137403167581043	255-70-122-242	255-122-4-2
1610	3.281306074513094e-08	0.0022562433656932	255-24-215-202	255-122-4-2
1611	2.1894537992036604e-06	0.0001356100927682	255-222-62-8	255-254-152-44
1612	8.712447752949639e-05	1.5144632142877263e-05	255-128-254-83	255-122-4-2
1613	2.8230959127922913e-13	5.471662888235041e-13	255-70-122-242	255-122-4-2
1614	4.4857068674226047e-10	1.21724807285279e-06	255-222-62-8	255-122-4-2
1615	5.325101865537419e-16	1.5837066939978929e-15	255-70-122-242	255-212-231-53
1616	4.018084662558702e-09	6.211285762037941e-09	255-24-215-202	255-254-152-44
1617	3.161683707650876e-09	4.464904563472049e-09	255-128-254-83	255-122-4-2
1618	1.674435268068855e-12	1.805695886004048e-08	255-24-215-202	255-122-4-2
1619	3.5541048483769846e-14	1.7626014738964997e-11	255-24-215-202	255-122-4-2
1620	7.546126672728977e-16	7.972482257748425e-14	255-24-215-202	255-122-4-2
1621	2.4104562929449656e-14	4.242936759876036e-14	255-70-122-242	255-122-4-2
1622	4.5617703654451476e-20	4.82466300019814e-17	255-24-215-202	255-122-4-2
1623	4.722689199751208e-18	6.33763567670378e-16	255-70-122-242	255-122-4-2
1624	1.5295225013933482e-16	1.6957762760386677e-15	255-70-122-242	255-122-4-2
1625	3.698900441296867e-22	2.842407579907668e-16	255-24-215-202	255-122-4-2
1626	1.400791721128551e-17	4.634863499160502e-15	255-70-122-242	255-122-4-2
1627	4.223817500570836e-16	8.10314324233882e-13	255-24-215-202	255-70-122-242
1628	2.7741419399625773e-22	4.1437105675315673e-17	255-70-122-242	255-26-209-210
1629	3.2448421107267068e-21	5.654901358632759e-17	255-24-215-202	255-26-209-210
1630	7.440628555583755e-21	3.5815989625038527e-19	255-70-122-242	255-122-4-2
1631	8.313620220896196e-20	7.717877826348625e-17	255-24-215-202	255-70-122-242
1632	6.099759896528726e-22	5.0786334468899605e-15	255-24-215-202	255-26-209-210
1633	3.526344552188405e-26	2.4839053334382465e-23	255-70-122-242	255-26-209-210
1634	9.710300140934416e-24	4.807072619441043e-18	255-24-215-202	255-26-209-210
1635	6.843006391364287e-28	6.244085334737081e-22	255-70-122-242	255-26-209-210
1636	1.715982485158988e-20	1.2488772253057361e-17	255-70-122-242	255-122-4-2
1637	3.034275643123233e-29	1.387217210957167e-25	255-70-122-242	255-70-122-242
1638	9.624361145944804e-23	5.692923295808077e-19	255-24-215-202	255-122-4-2
1639	5.735723419594288e-31	1.342332918337195e-26	255-70-122-242	255-26-209-210
1640	2.0421296885724477e-28	1.4356704182052619e-21	255-70-122-242	255-26-209-210
1641	1.215660733675868e-33	5.6202198804401566e-27	255-70-122-242	255-122-4-2
1642	6.795385867934799e-27	1.1839292417838397e-18	255-70-122-242	255-26-209-210
1643	3.696919501101533e-19	3.451861697868487e-16	255-70-122-242	255-26-209-210
1644	3.874336784308919e-28	7.297904982509665e-22	255-24-215-202	255-26-209-210
1645	3.4896259755025546e-27	6.852445785172348e-22	255-70-122-242	255-26-209-210
1646	2.732768937664547e-24	1.4165303324408241e-18	255-24-215-202	255-122-4-2
1647	4.302958685296104e-28	5.9112289462869826e-21	255-70-122-242	255-122-4-2
1648	3.4927419149246106e-27	4.7098998433898444e-20	255-70-122-242	255-122-4-2
1649	5.56262281534572e-30	2.871616130943069e-21	255-24-215-202	255-122-4-2
1650	8.382166240162706e-32	2.0131467288817428e-19	255-24-215-202	255-122-4-2
1651	3.1912947845721517e-27	3.9740110929180066e-21	255-70-122-242	255-122-4-2
1652	4.5504650130241056e-27	3.2413915106751104e-19	255-70-122-242	255-122-4-2
1653	5.620050205606939e-31	7.788859537127413e-15	255-24-215-202	255-122-4-2
1654	1.8115151638755075e-32	1.8938185285368712e-17	255-70-122-242	255-122-4-2
1655	3.514086917602966e-28	6.876399866698598e-15	255-70-122-242	255-122-4-2
1656	6.638624305821705e-29	3.255955100691656e-19	255-70-122-242	255-122-4-2
1657	1.953088446665778e-32	4.951612941691692e-16	255-24-215-202	255-122-4-2
1658	5.029947730447998e-19	2.293424619651263e-09	255-70-122-242	255-70-122-242
1659	3.1359703713117637e-10	0.0043444675358829	255-24-215-202	255-26-209-210
1660	1.581059888388694e-10	0.313639985903789	255-232-213-56	255-254-152-44
1661	9.249647827278238e-05	0.0942372064263504	255-70-122-242	255-26-209-210
1662	9.37716915581107e-12	0.2756191419687236	255-232-213-56	255-254-152-44
1663	4.431112130164085e-12	0.424858608722669	255-232-213-56	255-212-231-53
1664	0.0003103277818725	0.006483139550394	255-70-122-242	255-122-4-2
1665	2.106383667130927e-06	8.46224367234361e-08	255-128-254-83	255-122-4-2
1666	1.0182267642249103e-13	0.9795133624196803	255-232-213-56	255-212-231-53
1667	0.0039197754646132	0.0003016234457314	255-70-122-242	255-26-209-210
1668	4.17423525991968e-06	0.0475478820079501	255-70-122-242	255-26-209-210
1669	5.098377692650633e-07	0.0588487640770956	255-70-122-242	255-212-231-53
1670	2.873188927333733e-12	1.1921429972248397e-11	255-70-122-242	255-254-152-44
1671	9.321789136423547e-15	2.0833624981676325e-12	255-24-215-202	255-26-209-210
1672	1.3306124324481255e-06	7.522153862086207e-07	255-70-122-242	255-212-231-53
1673	2.280165859813092e-09	1.4139575039147552e-06	255-70-122-242	255-26-209-210
1674	1.220133306413571e-15	2.275812089529188e-13	255-24-215-202	255-26-209-210
1675	3.439948608813996e-15	1.9193978929535253e-11	255-24-215-202	255-26-209-210
1676	6.096127263282778e-13	1.963848075331653e-12	255-70-122-242	255-26-209-210
1677	1.7607184289726434e-12	3.555404285426527e-11	255-24-215-202	255-26-209-210
1678	2.5520614396896775e-18	6.491376927822204e-17	255-70-122-242	255-26-209-210
1679	5.035378424504191e-15	1.6587982981978175e-14	255-24-215-202	255-101-252-104
1680	1.1224942685249616e-11	2.578548458670828e-13	255-24-215-202	255-26-209-210
1681	5.051604078127848e-13	4.218687748614743e-12	255-70-122-242	255-26-209-210
1682	4.698572350970441e-07	2.572217348082725e-07	255-70-122-242	255-122-4-2
1683	6.867118085920445e-13	8.734388553460596e-14	255-51-172-246	255-26-209-210
1684	1.949668926017671e-16	3.2621296593727595e-16	255-24-215-202	255-101-252-104
1685	1.787877438497499e-13	4.677422054834358e-12	255-70-122-242	255-101-252-104
1686	1.20868437717494e-13	1.868841974074916e-14	255-24-215-202	255-101-252-104
1687	1.4166029690323002e-16	7.564584751470273e-17	255-70-122-242	255-101-252-104
1688	5.00662869912832e-20	7.819362187080898e-18	255-70-122-242	255-101-252-104
1689	7.348168784868701e-15	1.5954358485880925e-13	255-24-215-202	255-122-4-2
1690	2.45064679351207e-19	6.138882572157281e-17	255-24-215-202	255-212-231-53
1691	1.456776728550072e-16	8.243152486230559e-16	255-70-122-242	255-101-252-104
1692	4.678129157804418e-16	2.1462355457132926e-16	255-24-215-202	255-212-231-53
1693	4.391000765027028e-17	3.590650234909844e-15	255-24-215-202	255-122-4-2
1694	1.0287690449429801e-21	7.017839794235623e-22	255-24-215-202	255-212-231-53
1695	4.540069820649577e-17	2.8407890973662225e-15	255-70-122-242	255-122-4-2
1696	1.7397071795375363e-14	4.795506705366806e-15	255-51-172-246	255-254-152-44
1697	7.020261258746885e-20	2.8284333871797554e-20	255-24-215-202	255-26-209-210
1698	1.19238125830507e-15	6.820189356328225e-14	255-70-122-242	255-122-4-2
1699	6.2995887112066114e-18	1.0655677525170838e-18	255-24-215-202	255-26-209-210
1700	2.863677476195028e-19	8.372282841006929e-18	255-70-122-242	255-122-4-2
1701	8.885501824224805e-17	2.964510781178277e-15	255-24-215-202	255-122-4-2
1702	2.6812436176344726e-17	9.862582515361734e-16	255-24-215-202	255-254-152-44
1703	9.69817073332409e-16	1.9948129554373925e-14	255-24-215-202	255-122-4-2
1704	6.779558519225522e-17	2.883762717078e-15	255-24-215-202	255-254-152-44
1705	8.083948720003738e-20	1.1153888283007962e-17	255-24-215-202	255-122-4-2
1706	4.9321949915071735e-18	2.692490942956315e-16	255-24-215-202	255-254-152-44
1707	3.1398302139303304e-17	8.369967923860236e-13	255-24-215-202	255-122-4-2
1708	2.229547302567032e-21	2.053515070815496e-18	255-24-215-202	255-122-4-2
1709	3.648781521915173e-17	7.065123331143033e-16	255-24-215-202	255-122-4-2
1710	1.621761217949165e-20	1.0716727729827726e-17	255-24-215-202	255-122-4-2
1711	1.216001732600124e-21	1.634987974389984e-16	255-24-215-202	255-122-4-2
1712	2.5432729811802122e-23	2.4357311534344723e-19	255-24-215-202	255-122-4-2
1713	1.04471105046707e-22	5.741785206867956e-16	255-24-215-202	255-122-4-2
1714	7.910120584849185e-27	5.871415709793246e-15	255-24-215-202	255-122-4-2
1715	1.332670594757409e-21	9.356519699259077e-18	255-24-215-202	255-212-231-53
1716	2.0840705218973864e-21	1.1840452758701532e-17	255-24-215-202	255-122-4-2
1717	9.797166719876846e-25	1.9494452010550146e-18	255-70-122-242	255-122-4-2
1718	1.0272099799032512e-23	7.873892095625605e-17	255-24-215-202	255-26-209-210
1719	2.3177352247121016e-24	4.657611324889909e-19	255-24-215-202	255-122-4-2
1720	2.6977423497249198e-30	5.707767942866734e-16	255-24-215-202	255-122-4-2
1721	2.6085492569721822e-20	1.80237765594934e-17	255-24-215-202	255-122-4-2
1722	1.2595863128121357e-21	1.4920672346633164e-15	255-24-215-202	255-26-209-210
1723	9.144417839747527e-24	4.251669552569835e-18	255-70-122-242	255-26-209-210
1724	2.1316773654009507e-21	8.527724352487672e-19	255-24-215-202	255-26-209-210
1725	4.63464604525133e-34	1.0763782361024617e-19	255-24-215-202	255-26-209-210
1726	5.5913473929629695e-28	4.3657788534444806e-15	255-70-122-242	255-122-4-2
1727	2.8917122043447333e-19	6.869841559885689e-16	255-24-215-202	255-122-4-2
1728	5.876441814636557e-19	9.164157222351324e-18	255-24-215-202	255-26-209-210
1729	1.3624700027250218e-23	8.497768664542569e-16	255-24-215-202	255-70-122-242
1730	1.7824238119354802e-25	5.954010902576082e-18	255-24-215-202	255-70-122-242
1731	2.238483885001828e-17	6.156226344853642e-18	255-24-215-202	255-122-4-2
1732	2.0482742944002143e-20	2.8135177182463825e-17	255-24-215-202	255-26-209-210
1733	2.643010942757292e-11	2.4630781720966157e-05	255-24-215-202	255-122-4-2
1734	1.758354462705457e-14	9.296918573725112e-16	255-24-215-202	255-122-4-2
1735	1.4339701931744883e-11	1.295904651272829e-09	255-24-215-202	255-122-4-2
1736	2.6565974772236427e-11	0.0483938685110065	255-70-122-242	255-254-152-44
1737	5.857930007888744e-12	4.958591347017685e-05	255-70-122-242	255-254-152-44
1738	7.085338734965558e-11	6.172731217497841e-05	255-70-122-242	255-254-152-44
1739	8.21694792762916e-10	9.906963825267887e-08	255-70-122-242	255-122-4-2
1740	9.641862694956642e-09	0.7472550328507069	255-232-213-56	255-70-122-242
1741	1.2320025678777877e-17	1.5432045990098028e-16	255-70-122-242	255-122-4-2
1742	7.652649104499577e-11	4.8892170319348486e-11	255-70-122-242	255-101-252-104
1743	1.907419569340844e-09	4.730124906267332e-10	255-70-122-242	255-212-231-53
1744	9.133416873074457e-19	3.465141675471621e-15	255-24-215-202	255-26-209-210
1745	6.5703965565242704e-15	2.43197077811046e-15	255-70-122-242	255-70-122-242
1746	4.5988829695977025e-14	6.682918583797674e-14	255-70-122-242	255-101-252-104
1747	1.0970940704207745e-21	1.7850010037476445e-19	255-70-122-242	255-26-209-210
1748	2.3867890465195426e-21	5.0991889382522e-17	255-24-215-202	255-26-209-210
1749	2.3919894871850957e-21	4.189620384609857e-18	255-24-215-202	255-26-209-210
1750	6.918459724618213e-13	2.6905889361358773e-13	255-70-122-242	255-122-4-2
1751	2.1925109315956164e-15	7.571796454137928e-13	255-24-215-202	255-122-4-2
1752	3.206430963736826e-19	1.9169831749113285e-14	255-24-215-202	255-26-209-210
1753	6.183044595759133e-18	4.658246492027475e-16	255-24-215-202	255-122-4-2
1754	3.9460346575343186e-24	6.40017934282546e-18	255-24-215-202	255-70-122-242
1755	2.8674425665679507e-06	4.009742825488066e-07	255-222-62-8	255-122-4-2
1756	2.013583234079446e-21	5.4543727652471065e-18	255-24-215-202	255-122-4-2
1757	5.174603878588122e-12	6.822817906403162e-09	255-24-215-202	255-122-4-2
1758	3.1761390439439467e-12	2.296466635331386e-08	255-70-122-242	255-122-4-2
1759	1.451437794637002e-14	2.483520353688567e-12	255-24-215-202	255-122-4-2
1760	3.4911388961176932e-09	1.7699133653305903e-09	255-222-62-8	255-26-209-210
1761	2.1821327634767738e-11	3.360518282075249e-10	255-24-215-202	255-122-4-2
1762	1.8745522664572838e-10	2.289726472495536e-10	255-70-122-242	255-70-122-242
1763	2.712961465670802e-09	2.058661694344178e-09	255-70-122-242	255-101-252-104
1764	1.0115849402476955e-09	5.6364168262327945e-08	255-70-122-242	255-101-252-104
1765	4.9647212808559695e-11	2.392745412294275e-09	255-70-122-242	255-101-252-104
1766	7.049165347037821e-16	9.83030620402915e-15	255-70-122-242	255-101-252-104
1767	3.793388967580533e-13	1.313434229070687e-12	255-70-122-242	255-101-252-104
1768	9.243549750130477e-13	1.4181626319010685e-12	255-24-215-202	255-101-252-104
1769	2.1649148403849066e-12	3.1855144993209105e-08	255-70-122-242	255-26-209-210
1770	2.9070515991215647e-16	8.747797501422022e-17	255-24-215-202	255-122-4-2
1771	7.907755318517687e-20	1.4166809453743188e-18	255-70-122-242	255-101-252-104
1772	1.5748786771827045e-17	7.095913690574322e-17	255-24-215-202	255-26-209-210
1773	1.2041857529134446e-10	8.752749237644957e-09	255-70-122-242	255-101-252-104
1774	5.504633368955064e-14	3.346454645996136e-12	255-70-122-242	255-101-252-104
1775	4.746811279270788e-22	7.864544943959326e-23	255-24-215-202	255-122-4-2
1776	1.1841231544233303e-10	3.859093296225877e-11	255-24-215-202	255-26-209-210
1777	1.7258437859096992e-14	7.403296514718485e-16	255-24-215-202	255-101-252-104
1778	8.439103992951879e-18	3.070597470702468e-19	255-24-215-202	255-122-4-2
1779	1.187555489080576e-14	3.720942147228172e-15	255-24-215-202	255-101-252-104
1780	5.4298659386866665e-17	1.3179745246100177e-17	255-51-172-246	255-212-231-53
1781	9.479711045522445e-18	1.70708256626458e-18	255-51-172-246	255-212-231-53
1782	1.524929512151104e-13	1.5920002874806925e-14	255-51-172-246	255-122-4-2
1783	3.7138578880662815e-12	1.2444323121962554e-13	255-51-172-246	255-26-209-210
1784	2.347403350557736e-14	4.529160767534777e-16	255-51-172-246	255-26-209-210
1785	2.8545027600657657e-11	1.6437386678555654e-12	255-51-172-246	255-101-252-104
1786	1.7911684447902865e-14	1.5503829672918065e-13	255-24-215-202	255-101-252-104
1787	1.814642404929063e-13	1.5344533362063254e-12	255-24-215-202	255-122-4-2
1788	3.792648088311512e-14	1.5416250285697306e-13	255-24-215-202	255-101-252-104
1789	1.1780447332450122e-16	4.512101451499337e-17	255-51-172-246	255-101-252-104
1790	9.03385896364536e-12	2.9004959421833388e-12	255-24-215-202	255-254-152-44
1791	2.5028781502367308e-11	2.196222909448355e-11	255-24-215-202	255-101-252-104
1792	5.828148133176556e-18	5.388073585420143e-18	255-24-215-202	255-26-209-210
1793	5.057861129554184e-17	4.767187491407481e-15	255-24-215-202	255-254-152-44
1794	2.311296054498063e-17	7.709685306142769e-16	255-24-215-202	255-26-209-210
1795	2.2148803295620806e-16	8.04461211234672e-16	255-24-215-202	255-122-4-2
1796	2.9496359977310088e-21	4.717442002869626e-19	255-24-215-202	255-122-4-2
1797	1.9227198308963643e-16	3.3504301159173007e-16	255-24-215-202	255-26-209-210
1798	5.284279507856951e-15	3.682210868710257e-13	255-24-215-202	255-122-4-2
1799	1.849005284821094e-17	1.0855137115454173e-15	255-24-215-202	255-122-4-2
1800	4.338338574975387e-18	1.2981890639538368e-15	255-24-215-202	255-122-4-2
1801	1.468715358195498e-24	5.363734529241363e-21	255-24-215-202	255-122-4-2
1802	7.807411473650026e-21	3.086246160125167e-17	255-70-122-242	255-122-4-2
1804	2.1291299878528204e-19	2.3300033525140763e-16	255-24-215-202	255-122-4-2
1805	1.0512392402220566e-19	4.813407984061272e-17	255-24-215-202	255-122-4-2
1806	7.226362861162899e-19	3.7503926750323892e-16	255-24-215-202	255-26-209-210
1807	5.939726282549559e-20	2.1002993740934228e-16	255-24-215-202	255-26-209-210
1808	3.0840239562913333e-20	5.929119582702805e-17	255-70-122-242	255-122-4-2
1809	2.8059497657370575e-22	1.3432844055860764e-18	255-24-215-202	255-26-209-210
1810	3.717151017165973e-21	2.6433737748331817e-18	255-70-122-242	255-212-231-53
1811	8.681113823705493e-22	1.6660801719271474e-18	255-24-215-202	255-26-209-210
1812	7.302680251107278e-25	2.3718107287541086e-17	255-70-122-242	255-212-231-53
1813	5.100399495285855e-24	1.0010470836110006e-16	255-70-122-242	255-122-4-2
1814	2.5427520516526844e-25	5.0255324189850176e-18	255-70-122-242	255-26-209-210
1815	1.6909450302210045e-21	2.8020428656977498e-18	255-24-215-202	255-26-209-210
1816	8.403594317348594e-21	1.0342998021881168e-16	255-24-215-202	255-26-209-210
1817	9.455418467010701e-19	4.1455203228716443e-17	255-24-215-202	255-212-231-53
1818	9.563775954221314e-21	1.869430455194472e-16	255-24-215-202	255-26-209-210
1819	8.668378117885513e-18	1.2527748268541703e-14	255-24-215-202	255-212-231-53
1820	1.465895695480881e-20	2.9995789703108714e-14	255-24-215-202	255-26-209-210
1821	1.0731748840234916e-21	4.0256314036786966e-17	255-24-215-202	255-26-209-210
1822	2.108393543311241e-07	1.3232013044007372e-06	255-24-215-202	255-70-122-242
1823	3.163417059615083e-08	1.3674920198847083e-06	255-70-122-242	255-70-122-242
1824	3.016841844726292e-21	2.4998007759090827e-10	255-24-215-202	255-70-122-242
1825	3.5559460969455804e-25	2.0451335625655424e-15	255-70-122-242	255-70-122-242
1826	4.3274824211058893e-29	1.2347757557417928e-25	255-70-122-242	255-26-209-210
1827	2.1793891861041027e-25	1.1390228543953373e-19	255-70-122-242	255-26-209-210
1828	4.704000495563378e-23	6.5757345913994435e-21	255-24-215-202	255-122-4-2
1829	2.3240534918705788e-26	7.045181807423755e-15	255-70-122-242	255-70-122-242
1830	4.4958433209650025e-24	1.0749732136623406e-18	255-24-215-202	255-70-122-242
1831	3.625363770840764e-25	8.001813252858483e-16	255-70-122-242	255-26-209-210
1832	5.1037182335261046e-20	3.675935656275326e-17	255-70-122-242	255-26-209-210
1833	3.4004117802555005e-23	2.409458079301535e-15	255-24-215-202	255-122-4-2
1834	8.282959226600511e-21	8.272615571047372e-18	255-24-215-202	255-122-4-2
1835	3.4464812940524465e-23	4.526586521338052e-19	255-24-215-202	255-122-4-2
1836	1.3993900933416618e-25	2.924667682815961e-18	255-70-122-242	255-26-209-210
1837	1.1849577136987645e-17	1.475832853427999e-16	255-24-215-202	255-70-122-242
1838	1.2157449149075053e-24	1.4574992377090645e-14	255-70-122-242	255-122-4-2
1839	6.529160662612594e-26	3.003038174638281e-22	255-24-215-202	255-26-209-210
1840	3.245136779642463e-23	1.6394467855996933e-17	255-70-122-242	255-122-4-2
1841	4.861128893452433e-21	5.751400814874453e-19	255-24-215-202	255-26-209-210
1842	1.2264744841954893e-17	4.908599558971859e-15	255-24-215-202	255-122-4-2
1843	3.9168795367553185e-24	2.486533476523999e-18	255-24-215-202	255-26-209-210
1844	1.6035187264955455e-27	1.2002050668792414e-18	255-70-122-242	255-122-4-2
1845	1.5493285643963991e-25	2.1885511838031295e-16	255-24-215-202	255-122-4-2
1846	2.137194170089823e-17	6.870758440017457e-15	255-24-215-202	255-26-209-210
1847	3.4767136633031947e-25	1.4650974349467165e-18	255-70-122-242	255-122-4-2
1848	1.0961472285646312e-27	8.88864471477161e-17	255-24-215-202	255-122-4-2
1849	1.87794401876896e-26	1.7689487518494278e-13	255-70-122-242	255-122-4-2
1850	7.841687277056785e-18	1.4974475099980332e-16	255-24-215-202	255-122-4-2
1851	7.990999690733126e-17	1.0617074061639784e-14	255-70-122-242	255-122-4-2
1852	1.8461188673721602e-24	6.338470995965772e-12	255-24-215-202	255-122-4-2
1853	3.275878367435127e-19	4.859323076299366e-18	255-24-215-202	255-122-4-2
1854	1.2547698528418349e-21	1.561092529868857e-17	255-24-215-202	255-122-4-2
1855	1.862598822725504e-19	4.1681474754629653e-19	255-24-215-202	255-122-4-2
1856	3.80799078365385e-22	1.2562366681595984e-14	255-24-215-202	255-122-4-2
1857	3.080647916548812e-19	3.143129149903373e-15	255-70-122-242	255-122-4-2
1858	2.897562048657405e-20	8.085100657082956e-21	255-24-215-202	255-212-231-53
1859	2.168637247949128e-19	6.421666468613429e-18	255-24-215-202	255-212-231-53
1860	2.66329608593745e-23	3.171509548602829e-21	255-24-215-202	255-26-209-210
1861	6.6588302307627e-22	2.2821903407326545e-16	255-24-215-202	255-122-4-2
1862	1.3089992027896794e-19	1.6752553969908756e-19	255-24-215-202	255-26-209-210
1863	6.2262015130466825e-22	6.347149274840065e-16	255-24-215-202	255-26-209-210
1864	2.1862936689557188e-20	2.266103126446091e-18	255-24-215-202	255-122-4-2
1865	4.308544940689874e-19	5.903697694931697e-19	255-24-215-202	255-122-4-2
1866	1.6874438950811915e-16	4.338023818650645e-15	255-24-215-202	255-101-252-104
1867	1.853434479223148e-18	1.2875966741316915e-16	255-24-215-202	255-254-152-44
1868	2.574135891468368e-23	1.075536721353197e-21	255-24-215-202	255-26-209-210
1869	6.638116552542369e-20	8.027288387626319e-19	255-24-215-202	255-122-4-2
1870	1.5747372194803198e-19	1.8844721212672595e-16	255-70-122-242	255-212-231-53
1871	8.623267047646861e-20	4.047711989379109e-19	255-24-215-202	255-26-209-210
1872	5.297587563885916e-20	2.2423963391738505e-18	255-24-215-202	255-26-209-210
1873	4.93347149151002e-16	5.689416365211665e-15	255-24-215-202	255-122-4-2
1874	4.58021459598946e-19	9.56728149760306e-18	255-24-215-202	255-122-4-2
1875	8.170972140891942e-18	1.5860502585379511e-16	255-24-215-202	255-101-252-104
1876	1.2072403257998596e-20	8.126565643783251e-19	255-24-215-202	255-122-4-2
1877	3.307486245425672e-21	2.8789058664376835e-19	255-24-215-202	255-122-4-2
1878	5.3704306741991024e-18	4.626740869621182e-16	255-24-215-202	255-122-4-2
1879	1.333725826293735e-17	2.636937546637086e-15	255-24-215-202	255-122-4-2
1880	1.3240014574286865e-22	3.2508874889639285e-18	255-24-215-202	255-26-209-210
1881	2.177172756762881e-15	2.658634338760732e-14	255-51-172-246	255-122-4-2
1882	1.1921505047703379e-17	3.29172061631361e-16	255-24-215-202	255-122-4-2
1883	1.1759776247757434e-21	1.7426834153028538e-17	255-24-215-202	255-26-209-210
1884	2.2135425584656435e-18	8.293560075324034e-17	255-24-215-202	255-122-4-2
1885	4.733617325625644e-28	1.6332441170289878e-20	255-24-215-202	255-26-209-210
1886	5.1191552215121423e-20	5.32032155947316e-16	255-70-122-242	255-26-209-210
1887	6.919405636339869e-16	4.508868252218813e-13	255-70-122-242	255-122-4-2
1888	2.26754780917104e-19	1.7680329316864154e-17	255-24-215-202	255-122-4-2
1889	2.259666111918348e-28	1.0285380315407112e-17	255-70-122-242	255-26-209-210
1890	1.3306306051108396e-23	7.934310082579925e-17	255-24-215-202	255-26-209-210
1891	2.244607806969556e-22	1.9393781407716424e-17	255-70-122-242	255-122-4-2
1892	3.452002514890963e-20	9.55958706536602e-15	255-24-215-202	255-26-209-210
1893	4.078498596846421e-18	3.023255090971908e-16	255-24-215-202	255-122-4-2
1894	3.5976727067699974e-21	5.795755425889142e-18	255-24-215-202	255-122-4-2
1895	2.5834940401613823e-19	4.9044223838385655e-16	255-24-215-202	255-122-4-2
1896	3.643376488458929e-21	2.408129131388865e-17	255-70-122-242	255-122-4-2
1897	4.184032886713381e-22	1.2349253657793405e-15	255-70-122-242	255-122-4-2
1898	4.687978155105615e-19	6.304857563792252e-12	255-24-215-202	255-26-209-210
1899	1.257760784322012e-18	3.607816217512739e-15	255-24-215-202	255-122-4-2
1900	9.336087225176917e-18	4.260269338994607e-14	255-70-122-242	255-122-4-2
1901	2.1032344032245157e-18	4.850497301708969e-11	255-24-215-202	255-122-4-2
1902	3.06501191891388e-12	7.231329674893691e-06	255-24-215-202	255-122-4-2
1903	2.316243614803211e-18	2.82881655622286e-15	255-70-122-242	255-122-4-2
1904	5.8114931105324765e-16	3.104207377796396e-12	255-24-215-202	255-122-4-2
1905	3.21996661685686e-09	1.4391687139493962e-08	255-70-122-242	255-122-4-2
1906	2.7521182357215928e-11	1.3154337463425892e-10	255-24-215-202	255-212-231-53
1907	3.115688594347156e-15	5.0444872355139495e-12	255-70-122-242	255-122-4-2
1908	2.235561283236841e-19	1.9782652697547094e-17	255-70-122-242	255-122-4-2
1909	1.5047160367014734e-14	1.7916011090231785e-12	255-24-215-202	255-122-4-2
1910	2.6962293527575034e-26	3.054113484813333e-19	255-70-122-242	255-26-209-210
1911	2.2813835308152367e-24	6.952079743189042e-18	255-70-122-242	255-70-122-242
1912	3.184878915031391e-23	6.505098376017183e-17	255-70-122-242	255-26-209-210
1913	1.133789589805553e-31	6.883516528018617e-25	255-70-122-242	255-122-4-2
1914	9.037103620122299e-29	4.817178245762348e-18	255-222-62-8	255-122-4-2
1915	3.31019389452813e-29	4.8930899869506477e-20	255-70-122-242	255-122-4-2
1916	1.3820696558504585e-25	1.873863175766005e-17	255-70-122-242	255-122-4-2
1917	3.909720954734424e-32	3.5874531290456985e-21	255-70-122-242	255-122-4-2
1918	2.0062393052388956e-25	1.9733970496691284e-14	255-70-122-242	255-122-4-2
1919	8.014375653036922e-30	1.1029424862740676e-15	255-70-122-242	255-122-4-2
1920	7.953186102522333e-34	9.408525184296084e-18	255-70-122-242	255-122-4-2
1921	6.616673769824911e-30	2.4482048870429e-14	255-70-122-242	255-122-4-2
1922	2.2970982267586518e-29	3.0218620521954345e-18	255-24-215-202	255-26-209-210
1923	5.365174820827969e-28	2.175418746985568e-15	255-24-215-202	255-122-4-2
1924	6.856795542936485e-26	2.7079365002165042e-14	255-70-122-242	255-122-4-2
1925	2.0299176454548638e-30	5.156451714837406e-22	255-24-215-202	255-26-209-210
1926	1.1760886682990316e-32	5.089592507083579e-19	255-24-215-202	255-212-231-53
1927	2.3557058500818408e-32	3.356372869464355e-18	255-24-215-202	255-26-209-210
1928	1.355903405579574e-24	6.641015171092106e-19	255-70-122-242	255-26-209-210
1929	1.5264360840882472e-23	5.294608025914617e-16	255-70-122-242	255-26-209-210
1930	7.009312441419337e-27	9.686603377252661e-17	255-70-122-242	255-26-209-210
1931	1.2851543728722239e-09	6.655809517270088e-07	255-70-122-242	255-70-122-242
1932	1.183950277706522e-23	1.342350798535427e-18	255-70-122-242	255-26-209-210
1933	1.7217143941896417e-21	4.1268371794418125e-16	255-70-122-242	255-26-209-210
1934	3.852763563612488e-20	7.995776930617412e-12	255-24-215-202	255-26-209-210
1935	2.4365644533312213e-18	2.9454186374393002e-15	255-24-215-202	255-212-231-53
1936	1.242727504790864e-21	1.4469141180360418e-17	255-24-215-202	255-122-4-2
1937	1.049273724677021e-23	4.334445230168423e-15	255-70-122-242	255-212-231-53
1938	4.0588925538081786e-21	2.8078722179678387e-15	255-24-215-202	255-26-209-210
1939	2.6435629766732277e-18	1.368235005186671e-13	255-24-215-202	255-26-209-210
1940	2.452303523323973e-14	1.5318523778583878e-07	255-24-215-202	255-26-209-210
1941	2.1961170655675748e-11	9.087429716080526e-08	255-70-122-242	255-70-122-242
1942	5.3176716073825554e-08	0.0008016134097095	255-51-172-246	255-70-122-242
1943	1.505265243098945e-26	1.8101780680243276e-14	255-70-122-242	255-26-209-210
1944	2.437544221969845e-15	2.669124220360109e-11	255-70-122-242	255-70-122-242
1945	6.705306770263559e-14	4.972010490993961e-09	255-24-215-202	255-212-231-53
1946	1.093868143821974e-09	0.0445845147363938	255-24-215-202	255-70-122-242
1947	4.731651410144959e-15	5.0399816786254817e-11	255-122-4-2	255-122-4-2
1948	3.642662759972873e-12	9.420144805814378e-06	255-70-122-242	255-70-122-242
1949	2.617564427209653e-13	0.0038243377682944	255-222-62-8	255-122-4-2
1950	0.0018326543650731	0.2513015299050618	255-70-122-242	255-101-252-104
1951	7.415971036844577e-11	2.1731082346014332e-09	255-51-172-246	255-101-252-104
1952	6.24981543667031e-05	7.199927488740491e-05	255-24-215-202	255-122-4-2
1953	2.1602347001670279e-10	2.3159841025155067e-07	255-24-215-202	255-122-4-2
1954	6.893944184724254e-15	0.0338476443306727	255-70-122-242	255-254-152-44
1955	8.383359738690374e-13	1.412943204375864e-12	255-70-122-242	255-212-231-53
1956	8.199923990957925e-16	5.565357862560592e-14	255-24-215-202	255-212-231-53
1957	4.495032177514757e-17	0.001771499994191	255-24-215-202	255-217-56-6
1958	7.406795659925038e-23	1.0920835627762097e-17	255-70-122-242	255-122-4-2
1959	3.8959143996345945e-18	9.035472844136632e-05	255-222-62-8	255-122-4-2
1960	7.929220384606701e-30	1.804371262226835e-25	255-70-122-242	255-122-4-2
1961	5.802094337415776e-27	4.239988559855701e-23	255-70-122-242	255-122-4-2
1962	1.8070809954563742e-28	1.1950937024676345e-12	255-24-215-202	255-122-4-2
1963	6.141116023815197e-25	9.057511848811676e-20	255-70-122-242	255-122-4-2
1964	3.72106692209748e-12	0.1899072208582633	255-232-213-56	255-212-231-53
1965	2.5853320911570728e-12	0.7899415184054167	255-232-213-56	255-122-4-2
1966	6.180413386474532e-15	2.0878337975789723e-10	255-24-215-202	255-70-122-242
1967	4.5511613636599906e-10	0.342726312995772	255-70-122-242	255-122-4-2
1968	0.0006919788039607	0.1797771692356268	255-70-122-242	255-212-231-53
1969	0.0063305445351023	0.0116103858714207	255-128-254-83	255-254-152-44
1970	0.2860167644735513	0.0016026660908882	255-51-172-246	255-101-252-104
1971	3.5654379303557104e-10	0.0041119153492004	255-222-62-8	255-212-231-53
1972	2.486145604326711e-06	3.8484127213006095e-08	255-128-254-83	255-70-122-242
1973	4.497209162088589e-10	2.2579098547156954e-10	255-128-254-83	255-101-252-104
1974	0.0812795998021885	0.210149288073537	255-70-122-242	255-101-252-104
1975	3.6529049064520245e-07	5.178741198649708e-07	255-222-62-8	255-122-4-2
1976	4.389623423182331e-11	8.047650148892339e-12	255-222-62-8	255-101-252-104
1977	1.6948525706626702e-09	2.913035092616906e-09	255-70-122-242	255-122-4-2
1978	2.3972424873756428e-14	5.04843813568664e-13	255-24-215-202	255-122-4-2
1979	1.6387525599840222e-15	5.701769159282528e-14	255-70-122-242	255-122-4-2
1980	3.3292502003329417e-15	1.802512230503725e-14	255-70-122-242	255-122-4-2
1981	3.5709399866125737e-20	5.076156300698925e-15	255-24-215-202	255-122-4-2
1982	1.87681793581574e-14	6.379731961386623e-13	255-70-122-242	255-122-4-2
1983	1.3111299365490474e-13	1.1900610274197156e-12	255-70-122-242	255-122-4-2
1984	1.1560457524953354e-18	4.296361946339009e-12	255-24-215-202	255-26-209-210
1985	5.328278729766163e-22	1.0748151676885038e-17	255-70-122-242	255-122-4-2
1986	1.8725506120842123e-18	5.4838078247734303e-17	255-70-122-242	255-122-4-2
1987	2.1509838331875603e-13	3.506052310245658e-12	255-24-215-202	255-26-209-210
1988	2.1803991237670595e-16	1.5956585460876605e-12	255-24-215-202	255-70-122-242
1989	1.1959925721865848e-20	1.2117174407641188e-17	255-70-122-242	255-26-209-210
1990	4.437195354705501e-19	4.589004164497706e-14	255-70-122-242	255-122-4-2
1991	3.552908943796645e-28	1.577016882535681e-23	255-24-215-202	255-26-209-210
1992	4.5135729943082036e-26	3.202658229954636e-20	255-24-215-202	255-26-209-210
1993	7.473151652226835e-19	4.276381823893661e-15	255-24-215-202	255-122-4-2
1994	9.833735161105776e-22	3.647505737661994e-18	255-24-215-202	255-70-122-242
1995	3.02215797213074e-25	5.35770083998169e-20	255-70-122-242	255-122-4-2
1996	2.650738988212053e-19	5.3321502246556873e-17	255-24-215-202	255-122-4-2
1997	4.550152025083003e-20	2.0267515061563545e-19	255-70-122-242	255-122-4-2
1998	1.693859783392345e-20	2.9052486722426426e-17	255-70-122-242	255-122-4-2
1999	7.231414787835735e-25	4.0741230578114615e-22	255-70-122-242	255-26-209-210
2000	3.311931346389364e-21	2.1231211953792416e-18	255-24-215-202	255-122-4-2
2001	1.1677477527391093e-21	2.194510954831484e-19	255-70-122-242	255-122-4-2
2002	3.463761940709472e-23	5.450953005056649e-20	255-24-215-202	255-122-4-2
2003	1.373058907130279e-20	4.948970228701015e-17	255-70-122-242	255-122-4-2
2004	2.632934498424193e-27	2.047656614940821e-18	255-24-215-202	255-122-4-2
2005	4.7235065848612395e-24	1.413984563921998e-17	255-70-122-242	255-26-209-210
2006	2.2902906392373067e-27	7.571118496424884e-19	255-24-215-202	255-122-4-2
2007	6.867297753756377e-28	7.167984242099399e-16	255-24-215-202	255-122-4-2
2008	4.339605156294572e-26	7.072287055328882e-21	255-70-122-242	255-26-209-210
2009	9.096411462986662e-27	1.1237581341789183e-20	255-70-122-242	255-26-209-210
2010	8.584682803663363e-28	1.5661190210889818e-14	255-24-215-202	255-26-209-210
2011	1.8592151683599664e-25	7.736698442835858e-18	255-70-122-242	255-26-209-210
2012	3.587477186470501e-28	8.977671302366481e-20	255-70-122-242	255-122-4-2
2013	4.502000260557827e-27	3.2549284094152346e-18	255-70-122-242	255-122-4-2
2014	7.37339427344124e-28	1.4080627022289812e-13	255-70-122-242	255-122-4-2
2015	4.997941077801309e-32	1.0145796309915812e-21	255-70-122-242	255-122-4-2
2016	1.3360016120262515e-25	8.087261492013051e-20	255-70-122-242	255-70-122-242
2017	4.7074663208588865e-27	4.8930402446190775e-15	255-70-122-242	255-122-4-2
2018	3.2330391687837987e-32	5.7766094028958e-25	255-222-62-8	255-122-4-2
2019	2.845782173414701e-29	1.3683970788524954e-15	255-24-215-202	255-122-4-2
2020	4.9202370711685616e-29	1.0571989929676237e-19	255-70-122-242	255-122-4-2
2021	1.319713816318941e-23	1.0886831547007911e-14	255-24-215-202	255-70-122-242
2022	9.053298577602316e-30	1.0889389106756888e-22	255-24-215-202	255-70-122-242
2023	1.4331417340997436e-27	2.9421350624276748e-21	255-70-122-242	255-26-209-210
2024	2.283746804862333e-06	0.0007521462032823	255-128-254-83	255-70-122-242
2025	3.6310464730820735e-17	4.7038421311225287e-14	255-24-215-202	255-122-4-2
2026	1.3509549368358061e-09	3.009340500837666e-08	255-70-122-242	255-101-252-104
2027	0.0014895682501761	5.738686065273708e-06	255-51-172-246	255-26-209-210
2028	0.1241806797769341	0.0011920232252036	255-128-254-83	255-101-252-104
2029	1.8886834110494374e-12	6.674742616100045e-12	255-70-122-242	255-212-231-53
2030	1.6672715232689107e-05	0.2847868172773649	255-70-122-242	255-212-231-53
2031	7.288817532070767e-08	1.437932759862031e-07	255-70-122-242	255-26-209-210
2032	4.993034955278151e-06	0.0080015558453314	255-247-113-27	255-212-231-53
2033	3.656222558604668e-08	0.0002155303730887	255-180-27-1	255-254-152-44
2034	7.672775473625241e-08	1.1127969176457743e-07	255-70-122-242	255-26-209-210
2035	1.7955349303690847e-11	5.119625871891642e-10	255-70-122-242	255-26-209-210
2036	2.6765010445391263e-10	8.727065401144918e-09	255-70-122-242	255-26-209-210
2037	2.7882603338850976e-08	2.6658844797916452e-08	255-70-122-242	255-101-252-104
2038	1.033002125175778e-08	1.903964120944564e-09	255-70-122-242	255-101-252-104
2039	1.075976599265584e-12	1.2801415707227878e-11	255-70-122-242	255-101-252-104
2040	1.144668477866327e-12	1.6351053300805225e-12	255-70-122-242	255-26-209-210
2041	3.574436656494287e-15	8.190560390405597e-15	255-24-215-202	255-101-252-104
2042	3.025795342122092e-11	1.0369435151120711e-10	255-70-122-242	255-101-252-104
2043	3.939546681371885e-17	1.518182086146797e-16	255-70-122-242	255-101-252-104
2044	3.682395535583885e-15	1.1123030747417884e-14	255-70-122-242	255-101-252-104
2045	4.694256749997736e-18	3.957908893690004e-17	255-70-122-242	255-26-209-210
2046	6.09741035081684e-14	3.819168275951584e-15	255-51-172-246	255-101-252-104
2047	1.1731808508265256e-12	6.719564091233433e-15	255-24-215-202	255-101-252-104
2048	2.327653349134936e-18	1.1550389846474117e-18	255-24-215-202	255-122-4-2
2049	1.196225969334527e-16	5.862041993134898e-17	255-24-215-202	255-122-4-2
2050	2.0976684842263068e-17	7.623641019595025e-17	255-24-215-202	255-122-4-2
2051	4.1873154163438095e-18	8.644952831938259e-19	255-24-215-202	255-212-231-53
2052	5.544230834187937e-18	3.1228378216710294e-18	255-24-215-202	255-122-4-2
2053	1.4411887020747015e-17	2.5641591453596574e-17	255-70-122-242	255-122-4-2
2054	4.087553497965361e-20	6.439473086488556e-21	255-24-215-202	255-122-4-2
2055	4.313279200192111e-17	7.139131412809571e-15	255-24-215-202	255-122-4-2
2056	1.8458125977939127e-20	8.191512373504452e-21	255-24-215-202	255-122-4-2
2057	1.9948425864234928e-17	7.038780777543194e-18	255-51-172-246	255-212-231-53
2058	2.447790947419326e-20	3.626529283433071e-18	255-24-215-202	255-122-4-2
2059	3.224974310734624e-23	3.0729685602370746e-23	255-24-215-202	255-122-4-2
2060	1.7486452144333972e-21	1.359175197068073e-17	255-24-215-202	255-212-231-53
2061	3.1629544287806178e-18	1.945707990557925e-18	255-24-215-202	255-122-4-2
2062	1.3668170208398309e-21	3.6709871639196855e-20	255-24-215-202	255-212-231-53
2063	1.353701719466287e-22	1.26306663002326e-22	255-24-215-202	255-212-231-53
2064	4.724478515283991e-22	5.1694913457542045e-20	255-24-215-202	255-122-4-2
2065	1.834281070864717e-15	8.125974541975481e-15	255-24-215-202	255-101-252-104
2066	1.4717696652691705e-21	3.7964063336022594e-20	255-24-215-202	255-122-4-2
2067	2.249579636001582e-16	2.073374023769024e-15	255-24-215-202	255-212-231-53
2068	1.8819930566619482e-23	9.192647357185069e-22	255-24-215-202	255-122-4-2
2069	8.731567887171754e-20	8.862351298531737e-19	255-24-215-202	255-254-152-44
2070	4.700089128372744e-23	3.041978126104469e-18	255-24-215-202	255-122-4-2
2071	3.1466044677930096e-20	1.071072943967985e-17	255-70-122-242	255-212-231-53
2072	6.6049836527547e-22	2.9759551439872483e-19	255-24-215-202	255-254-152-44
2073	3.451804359701245e-22	1.3103682056027786e-14	255-24-215-202	255-122-4-2
2074	9.886431600720033e-22	2.6884166610908927e-19	255-24-215-202	255-212-231-53
2075	3.0112241704234187e-25	5.368937470316767e-15	255-24-215-202	255-26-209-210
2076	1.948277196184543e-27	1.1476828848765132e-13	255-24-215-202	255-122-4-2
2077	2.0062895059847142e-22	9.958402048780714e-17	255-24-215-202	255-26-209-210
2078	1.140770061544885e-30	3.960377874219405e-19	255-70-122-242	255-212-231-53
2079	3.0738766949236303e-20	9.632038427072457e-19	255-24-215-202	255-122-4-2
2080	2.956928392442658e-28	4.112722170456699e-18	255-24-215-202	255-212-231-53
2081	7.791428085485139e-18	1.94323082269461e-15	255-24-215-202	255-26-209-210
2082	1.1939825040519235e-30	1.0805336030818242e-19	255-24-215-202	255-26-209-210
2083	6.665908161527087e-29	2.327875978642203e-18	255-70-122-242	255-122-4-2
2084	6.580785941273621e-25	1.0455565250469509e-19	255-24-215-202	255-26-209-210
2085	1.8928738675096312e-21	1.4711470185331893e-15	255-24-215-202	255-26-209-210
2086	9.58005863188473e-14	6.731348269887131e-13	255-24-215-202	255-212-231-53
2087	2.829128678065285e-06	0.0001512720141592	255-70-122-242	255-254-152-44
2088	1.4262003049234905e-08	0.0406956253390786	255-247-113-27	255-122-4-2
2089	1.534450286105188e-07	0.0002969986907778	255-247-113-27	255-70-122-242
2090	1.7651625082248683e-14	0.0221854935579589	255-70-122-242	255-122-4-2
2091	2.270442290667844e-08	0.2807432841784874	255-70-122-242	255-26-209-210
2092	5.137158518625728e-07	1.3782283258213558e-05	255-180-27-1	255-101-252-104
2093	1.661221882167451e-08	1.9389610959677106e-07	255-24-215-202	255-70-122-242
2094	4.282883608670008e-10	2.6869223720074784e-08	255-24-215-202	255-101-252-104
2095	2.1834470280428174e-08	2.3154326409592086e-06	255-70-122-242	255-101-252-104
2096	1.2573640782714389e-05	0.0034167194253327	255-70-122-242	255-101-252-104
2097	0.0374264853198806	0.111774068270146	255-51-172-246	255-101-252-104
2098	0.0001057284370876	0.0125981884786441	255-70-122-242	255-101-252-104
2099	0.0100558645789846	0.004005444469215	255-51-172-246	255-101-252-104
2100	1.650844212064761e-13	1.0745210995363374e-12	255-24-215-202	255-26-209-210
2101	0.0307928071757417	0.1825689898840731	255-180-27-1	255-101-252-104
2102	1.1369678259354932e-11	3.55091778426222e-09	255-70-122-242	255-26-209-210
2103	2.231881616977757e-20	5.147516828547315e-15	255-24-215-202	255-122-4-2
2104	1.1947410966751056e-06	1.093212998558119e-06	255-128-254-83	255-101-252-104
2105	2.0680215252528053e-08	3.6026025643070664e-09	255-128-254-83	255-101-252-104
2106	1.1311262164870633e-18	1.8339736409004867e-14	255-24-215-202	255-26-209-210
2107	1.5857066163433407e-07	1.5121224784445848e-07	255-128-254-83	255-122-4-2
2108	1.2653991541762442e-17	8.931741417191996e-15	255-24-215-202	255-122-4-2
2109	3.181344282496389e-10	1.300242078767589e-08	255-222-62-8	255-122-4-2
2110	2.056229981585558e-11	3.3339328612023192e-09	255-128-254-83	255-122-4-2
2111	1.8186424867912825e-15	1.91935311048524e-13	255-24-215-202	255-122-4-2
2112	5.538158171719456e-11	4.3826640693937855e-10	255-70-122-242	255-101-252-104
2113	2.820779600302233e-11	6.837661416552084e-10	255-51-172-246	255-122-4-2
2114	1.0633829164583808e-11	1.0378876439007506e-10	255-128-254-83	255-26-209-210
2115	1.9989098641686575e-16	5.3607110473853014e-14	255-24-215-202	255-70-122-242
2116	5.799190414814329e-12	4.5739987217748496e-10	255-24-215-202	255-70-122-242
2117	4.733390544273692e-10	9.593532243599448e-10	255-51-172-246	255-101-252-104
2118	2.162114402993558e-11	1.0897644441014168e-10	255-70-122-242	255-26-209-210
2119	8.115392836828737e-10	2.5937571598491447e-10	255-51-172-246	255-101-252-104
2120	1.2860651534823289e-11	5.4042537817713116e-11	255-70-122-242	255-26-209-210
2121	3.558809246778862e-14	1.1054507554151084e-14	255-24-215-202	255-101-252-104
2122	1.7681127419491392e-18	2.2731222419414817e-17	255-70-122-242	255-26-209-210
2123	4.7135206756256375e-14	6.45264438212184e-13	255-24-215-202	255-101-252-104
2124	5.5878786458468366e-11	1.068301163945543e-09	255-70-122-242	255-26-209-210
2125	1.7913947884340634e-15	4.273395283744845e-15	255-24-215-202	255-101-252-104
2126	7.256155149390866e-17	2.516090761430742e-16	255-70-122-242	255-101-252-104
2127	1.239994014699154e-13	6.347470138969018e-13	255-70-122-242	255-101-252-104
2128	2.4408068563426017e-22	9.715938960141532e-23	255-24-215-202	255-212-231-53
2129	2.4600093462614638e-17	4.844548334134905e-18	255-51-172-246	255-101-252-104
2130	1.5912463022819816e-18	4.361962340305864e-19	255-24-215-202	255-26-209-210
2131	5.096386816571072e-15	4.061161714183311e-15	255-24-215-202	255-122-4-2
2132	5.357321377764253e-13	3.303090952697129e-13	255-24-215-202	255-26-209-210
2133	2.6450789824649184e-18	2.0888980981198123e-16	255-24-215-202	255-122-4-2
2134	8.264042307474006e-13	1.6544483645516413e-12	255-24-215-202	255-26-209-210
2135	4.8279319849791543e-14	6.266296504184827e-13	255-24-215-202	255-122-4-2
2136	4.998467984965069e-14	6.19423032207232e-14	255-24-215-202	255-122-4-2
2137	4.978334942743542e-16	1.6082002845511836e-14	255-24-215-202	255-122-4-2
2138	2.462526443442717e-16	2.8482163382068344e-14	255-24-215-202	255-122-4-2
2139	3.355937416664053e-16	8.026772370558985e-14	255-70-122-242	255-212-231-53
2140	4.7960987003675405e-19	1.4828151657463864e-16	255-24-215-202	255-122-4-2
2141	1.8121825471828977e-18	3.94837955426033e-17	255-24-215-202	255-26-209-210
2142	1.9314559905864675e-20	2.2882399322054526e-17	255-24-215-202	255-212-231-53
2143	6.521099058306336e-18	1.9106195653469064e-16	255-70-122-242	255-26-209-210
2144	1.3651795744782483e-16	5.061745712034958e-15	255-24-215-202	255-122-4-2
2145	1.0474231329522013e-20	8.614905250639823e-18	255-24-215-202	255-212-231-53
2146	4.249256096651095e-18	1.7107333111565017e-15	255-70-122-242	255-122-4-2
2147	7.828915577225463e-20	7.536969680609905e-17	255-24-215-202	255-26-209-210
2148	2.5778505836395936e-18	2.039619562398004e-16	255-24-215-202	255-122-4-2
2149	1.2209522258953536e-21	4.160962329163837e-17	255-70-122-242	255-122-4-2
2150	1.8848082024406827e-18	8.489852983052335e-16	255-24-215-202	255-26-209-210
2151	4.745247250314472e-23	1.810664849404026e-15	255-24-215-202	255-26-209-210
2152	2.7446089196104435e-22	7.258278291944874e-17	255-70-122-242	255-26-209-210
2153	1.0138371202444734e-24	1.852015982172279e-18	255-24-215-202	255-26-209-210
2154	7.505469335919031e-17	9.774997731501141e-15	255-70-122-242	255-26-209-210
2155	4.369753974667155e-21	3.4584028066017445e-17	255-24-215-202	255-101-252-104
2156	9.58801580406781e-26	9.55745967838906e-17	255-24-215-202	255-26-209-210
2157	7.156786217755798e-20	3.5805754240795795e-15	255-70-122-242	255-26-209-210
2158	1.7431071225083718e-23	2.968184847255144e-15	255-24-215-202	255-26-209-210
2159	1.3365520084643442e-19	2.9426100557000286e-17	255-24-215-202	255-212-231-53
2160	1.031531407576676e-21	7.340379084954702e-17	255-24-215-202	255-70-122-242
2161	2.990758313173108e-20	2.541599276760123e-15	255-24-215-202	255-26-209-210
2162	6.76087429629831e-15	3.5592723347179284e-08	255-24-215-202	255-212-231-53
2163	1.0324568801381442e-06	0.0001825327124459	255-53-243-148	255-70-122-242
2164	0.0014946784142656	0.0007237349931913	255-122-4-2	255-70-122-242
2165	0.0125013414336908	7.38137686895611e-05	255-128-254-83	255-101-252-104
2166	1.3602437246648274e-22	1.5953892077610475e-11	255-24-215-202	255-70-122-242
2167	1.2732524687465348e-23	2.0786443886070552e-19	255-24-215-202	255-122-4-2
2168	1.1261035442718868e-25	1.6631120829844193e-15	255-70-122-242	255-122-4-2
2169	1.6342849982565634e-17	5.63665846662295e-13	255-24-215-202	255-122-4-2
2170	4.1139737455006826e-25	2.538268485469846e-22	255-70-122-242	255-122-4-2
2171	2.2197537293227e-25	1.9781069376265587e-16	255-70-122-242	255-122-4-2
2172	9.004007948520894e-27	9.46638504129538e-14	255-24-215-202	255-122-4-2
2173	2.0035370763159901e-19	7.232793283009175e-16	255-70-122-242	255-122-4-2
2174	6.911759929956352e-21	1.1059599048976117e-15	255-24-215-202	255-122-4-2
2175	3.0714427092754036e-20	1.31306015510262e-18	255-24-215-202	255-122-4-2
2176	8.999766814173111e-29	3.333805365215465e-19	255-24-215-202	255-122-4-2
2177	1.2876726847697412e-15	5.655743406238484e-13	255-24-215-202	255-122-4-2
2178	4.096437515194102e-18	5.580274185566246e-13	255-24-215-202	255-122-4-2
2179	1.6146276142929818e-13	9.525917232015281e-14	255-24-215-202	255-122-4-2
2180	6.727708753309871e-16	2.5693611852036665e-13	255-24-215-202	255-122-4-2
2181	9.363161819383728e-24	6.977365958574862e-17	255-70-122-242	255-122-4-2
2182	1.9708499677252922e-23	5.130806122197882e-16	255-70-122-242	255-122-4-2
2183	3.0150214263174297e-21	2.463593999843701e-19	255-70-122-242	255-122-4-2
2184	6.011820600742787e-19	2.301715649304152e-14	255-24-215-202	255-212-231-53
2185	1.0884094529363343e-26	5.04882616321046e-19	255-70-122-242	255-122-4-2
2186	2.36449531740182e-17	2.2715733616988392e-14	255-24-215-202	255-122-4-2
2187	5.816056542586798e-17	1.7642513305824963e-16	255-24-215-202	255-212-231-53
2188	5.819895380716153e-20	4.808633855082058e-19	255-24-215-202	255-122-4-2
2189	5.2701461884182666e-15	9.758300517495817e-14	255-70-122-242	255-122-4-2
2190	7.754932494389099e-21	1.2553031410861703e-10	255-24-215-202	255-122-4-2
2191	1.754505470044593e-20	2.9164298718392023e-19	255-24-215-202	255-122-4-2
2192	6.601770862329139e-19	3.0661016913129045e-20	255-24-215-202	255-122-4-2
2193	7.822336067112625e-20	1.806385183362772e-19	255-24-215-202	255-122-4-2
2194	2.476330713548897e-21	7.776602060065701e-16	255-24-215-202	255-122-4-2
2195	1.6129081276985894e-20	3.374376338951171e-20	255-24-215-202	255-212-231-53
2196	6.442348925357348e-21	5.594221436357303e-19	255-70-122-242	255-122-4-2
2197	1.9988068337885312e-18	9.614962735669533e-19	255-24-215-202	255-122-4-2
2198	3.8012846717780962e-22	8.119764534568432e-20	255-70-122-242	255-212-231-53
2199	4.553248866326142e-19	1.6032977035156168e-20	255-24-215-202	255-26-209-210
2200	1.112721891755255e-20	1.5958577577811254e-15	255-24-215-202	255-122-4-2
2201	1.240765563978872e-21	2.1390408672153865e-21	255-24-215-202	255-26-209-210
2202	1.2043847935656813e-18	6.712833581670575e-19	255-24-215-202	255-122-4-2
2203	3.9536034329432036e-20	1.6546964747069386e-17	255-70-122-242	255-26-209-210
2204	4.222566667810736e-20	5.783042450276741e-21	255-24-215-202	255-254-152-44
2205	1.0478069756428973e-21	1.5765586871170065e-18	255-70-122-242	255-212-231-53
2206	7.970041305513623e-20	5.146968628881707e-15	255-24-215-202	255-26-209-210
2207	2.982061134187337e-20	7.887264653686493e-19	255-24-215-202	255-26-209-210
2208	6.798981539188103e-16	2.2105713739903903e-14	255-24-215-202	255-122-4-2
2209	1.0576664630255832e-21	7.755772645465941e-20	255-24-215-202	255-122-4-2
2210	6.78329307591085e-20	2.186774788999798e-18	255-24-215-202	255-122-4-2
2211	1.297970541936561e-19	7.969087585517054e-17	255-24-215-202	255-122-4-2
2212	4.6692090163811115e-17	1.0442621587636688e-14	255-24-215-202	255-26-209-210
2213	3.88391446186708e-19	2.101931969271048e-17	255-24-215-202	255-122-4-2
2214	2.692932211754763e-15	1.1662474256868642e-14	255-70-122-242	255-122-4-2
2215	5.495074011655808e-19	2.503858538791464e-16	255-24-215-202	255-122-4-2
2216	4.0458641045620696e-19	1.722822782260082e-16	255-24-215-202	255-122-4-2
2217	1.017874489037518e-18	1.410463870829873e-17	255-24-215-202	255-122-4-2
2218	1.7259559603001704e-19	6.761876360086363e-15	255-24-215-202	255-122-4-2
2219	5.2301237357030514e-20	1.2061727573673897e-14	255-24-215-202	255-122-4-2
2220	1.6705599696089012e-15	2.882946669493703e-15	255-24-215-202	255-122-4-2
2221	5.9764867271327524e-18	1.0667285842881457e-15	255-24-215-202	255-122-4-2
2222	1.206361521593182e-18	2.970651281309229e-14	255-24-215-202	255-122-4-2
2223	1.7335066393107836e-21	1.6068691814183958e-16	255-24-215-202	255-122-4-2
2224	2.160124244569814e-16	6.196575735450648e-16	255-24-215-202	255-122-4-2
2225	4.282746464542001e-19	2.148030123525588e-16	255-70-122-242	255-122-4-2
2226	5.8148309205802955e-24	1.1669233275223525e-17	255-24-215-202	255-122-4-2
2227	2.0638814152030682e-19	2.8696712676894834e-14	255-24-215-202	255-122-4-2
2228	3.0303653717579304e-17	9.850541446616448e-14	255-70-122-242	255-122-4-2
2229	1.127717980220834e-21	8.948521674470276e-19	255-70-122-242	255-122-4-2
2230	4.3248141975281e-15	1.3050166365977569e-12	255-70-122-242	255-122-4-2
2231	7.283206342257773e-18	7.56802458844103e-13	255-24-215-202	255-122-4-2
2232	1.3497538447029043e-14	6.7098289473891095e-12	255-70-122-242	255-26-209-210
2233	1.7160811862462714e-10	2.7497698129120504e-09	255-70-122-242	255-26-209-210
2234	6.658781445542036e-11	1.0662544471769536e-09	255-70-122-242	255-122-4-2
2235	2.287922773578855e-15	8.787248794380656e-14	255-70-122-242	255-101-252-104
2236	2.402285504380819e-12	1.713218753877686e-09	255-70-122-242	255-212-231-53
2237	1.956853894828067e-06	9.920060708720318e-06	255-70-122-242	255-254-152-44
2238	3.259362071923757e-17	1.9246911944980862e-14	255-24-215-202	255-26-209-210
2239	8.68114241396731e-20	8.140455443542457e-16	255-70-122-242	255-26-209-210
2240	1.3869841468605658e-12	2.684003088733807e-10	255-24-215-202	255-212-231-53
2241	1.1992519763597564e-14	9.913416015635551e-07	255-24-215-202	255-212-231-53
2242	1.5659716571022878e-17	2.6821949944933844e-09	255-222-62-8	255-70-122-242
2243	5.130675619679149e-27	1.466722252653207e-21	255-24-215-202	255-26-209-210
2244	3.4552736200342606e-32	5.2625809052861435e-24	255-70-122-242	255-26-209-210
2245	1.1704246237262067e-27	1.640272804324296e-17	255-24-215-202	255-70-122-242
2246	4.795476504929421e-30	1.274325806127722e-22	255-70-122-242	255-26-209-210
2247	3.0789797831688208e-25	5.606918678804306e-13	255-70-122-242	255-70-122-242
2248	1.0871908399875796e-24	4.965514859113684e-19	255-70-122-242	255-101-252-104
2249	3.49233066199684e-29	6.688927438205672e-21	255-70-122-242	255-26-209-210
2250	2.9958108911735207e-27	4.673630026175125e-16	255-70-122-242	255-122-4-2
2251	5.537074378756893e-30	9.17876536175142e-18	255-70-122-242	255-122-4-2
2252	2.856263224637513e-29	5.1834275760109145e-18	255-70-122-242	255-26-209-210
2253	2.4039294132705196e-26	1.5346788083083812e-14	255-70-122-242	255-122-4-2
2254	1.005092490953022e-27	7.283106711221703e-15	255-70-122-242	255-122-4-2
2255	1.2466468665191366e-30	7.274485615792792e-20	255-70-122-242	255-122-4-2
2256	3.828238396638083e-18	2.533961531410821e-16	255-70-122-242	255-70-122-242
2257	5.092850035940367e-23	4.635106866651269e-19	255-70-122-242	255-26-209-210
2258	2.23755710956978e-25	2.1334685414763017e-15	255-24-215-202	255-26-209-210
2259	1.2070108040759783e-27	1.3898783530283122e-17	255-70-122-242	255-212-231-53
2260	7.094605923740951e-23	3.995949640461565e-15	255-24-215-202	255-26-209-210
2261	1.2402658409776448e-20	1.4914214237660342e-15	255-70-122-242	255-26-209-210
2262	2.4386780462391867e-21	1.1643274650704692e-16	255-24-215-202	255-212-231-53
2263	9.470976490325076e-25	2.594354890746786e-19	255-24-215-202	255-122-4-2
2264	2.134439598974137e-18	1.6459034021943366e-13	255-24-215-202	255-122-4-2
2265	3.1463040241835988e-21	4.69709950793471e-17	255-24-215-202	255-26-209-210
2266	1.592576146957213e-22	2.067570776829747e-16	255-24-215-202	255-26-209-210
2267	6.139983016668772e-12	5.428069792583348e-09	255-70-122-242	255-254-152-44
2268	1.630017603579904e-17	3.276838560767199e-13	255-70-122-242	255-26-209-210
2269	4.097863715960096e-17	1.2957488613818277e-13	255-24-215-202	255-26-209-210
2270	8.770567807960861e-19	1.0060636948342625e-12	255-24-215-202	255-26-209-210
2271	1.3580202392784376e-24	5.637179852211069e-16	255-24-215-202	255-26-209-210
2272	2.2032686502565405e-05	9.763905886290678e-05	255-53-243-148	255-254-152-44
2273	8.373834428611513e-20	1.3926393312841868e-14	255-24-215-202	255-26-209-210
2274	1.4074258685275052e-09	0.001075498935302	255-51-172-246	255-26-209-210
2275	1.3549491490211797e-22	6.124078605474152e-16	255-70-122-242	255-26-209-210
2276	1.535692824371257e-20	7.602193831992975e-14	255-24-215-202	255-26-209-210
2277	5.1144069814296775e-14	3.3118452504868785e-11	255-122-4-2	255-26-209-210
2278	2.5758162077339412e-20	1.583873800429604e-14	255-24-215-202	255-122-4-2
2279	2.248400539430939e-07	3.6431161654033866e-05	255-222-62-8	255-70-122-242
2280	2.9993287596242677e-05	0.0002453563171931	255-128-254-83	255-70-122-242
2281	7.795636168915357e-18	1.771373809711145e-12	255-24-215-202	255-122-4-2
2282	1.1793765790956637e-07	4.7668742829981445e-08	255-128-254-83	255-101-252-104
2283	2.674008708705937e-15	7.111859073781383e-10	255-24-215-202	255-122-4-2
2284	0.0028208264757878	0.0001410434754123	255-122-4-2	255-70-122-242
2285	0.017490321647443	0.0017742674415246	255-128-254-83	255-254-152-44
2286	0.0004961807257774	0.0001727222224374	255-128-254-83	255-70-122-242
2287	0.0002282944479961	3.2668775302101747e-06	255-122-4-2	255-70-122-242
2288	1.0413044808648446e-11	1.0345365525927682e-11	255-24-215-202	255-101-252-104
2289	7.22115981081872e-08	4.427024030219352e-06	255-70-122-242	255-101-252-104
2290	3.996227952569208e-07	0.0010942267468208	255-53-243-148	255-70-122-242
2291	0.0001974230625804	0.0116527934177277	255-70-122-242	255-101-252-104
2292	4.8653979178265206e-14	2.074952456217695e-05	255-70-122-242	255-70-122-242
2293	6.818091576759128e-08	8.20322287340126e-05	255-51-172-246	255-70-122-242
2294	1.83702324429355e-11	1.8087060483874355e-08	255-70-122-242	255-212-231-53
2295	1.0431693248445825e-10	0.690891338952058	255-232-213-56	255-70-122-242
2296	2.489055448045037e-17	3.5676094770491024e-11	255-24-215-202	255-122-4-2
2297	9.77439294520832e-15	1.0764386558885856e-11	255-24-215-202	255-122-4-2
2298	1.8673111428098622e-16	7.079723170020738e-08	255-24-215-202	255-122-4-2
2299	1.3995702521957388e-15	0.0009414173043633	255-24-215-202	255-70-122-242
2300	2.0334054614921944e-19	6.895754615145559e-11	255-70-122-242	255-70-122-242
2301	1.5412086780882926e-25	5.645770446529872e-20	255-70-122-242	255-122-4-2
2302	1.461532473232636e-20	5.3507120906235656e-08	255-70-122-242	255-70-122-242
2303	3.265986094147929e-25	1.2589877416923968e-19	255-70-122-242	255-26-209-210
2304	8.732353443573079e-26	1.1823477312804168e-19	255-24-215-202	255-70-122-242
2305	1.816220801388108e-31	1.0564349967656551e-20	255-70-122-242	255-26-209-210
2306	2.672827738635987e-26	1.0973330468085691e-16	255-70-122-242	255-70-122-242
2307	4.906217817720878e-05	0.0001220132763015	255-122-4-2	255-70-122-242
2308	7.1890987105104645e-09	0.1609442098604553	255-232-213-56	255-70-122-242
2309	3.899959632432476e-05	0.0001385818397398	255-70-122-242	255-70-122-242
2310	2.2371064273159986e-12	0.0410336574329496	255-24-215-202	255-26-209-210
2311	5.512043376468171e-15	3.342485939507841e-14	255-24-215-202	255-122-4-2
2312	1.2718409111398408e-10	0.944529303103087	255-70-122-242	255-212-231-53
2313	0.2838592101675093	0.0575145649556619	255-51-172-246	255-101-252-104
2314	0.12984708601736	0.0356742486279453	255-128-254-83	255-101-252-104
2315	1.1251332231664563e-06	2.450283153607085e-06	255-70-122-242	255-254-152-44
2316	5.133906738817895e-08	2.3432246582805562e-07	255-70-122-242	255-26-209-210
2317	0.0046590240879192	0.2865747046207625	255-180-27-1	255-101-252-104
2318	0.0129371182110237	0.0039429107030119	255-24-215-202	255-212-231-53
2319	0.0035362000204543	0.5475538645246324	255-70-122-242	255-101-252-104
2320	2.102007748714348e-05	8.293721268931226e-07	255-128-254-83	255-70-122-242
2321	4.383013977794886e-12	2.758329539380505e-10	255-70-122-242	255-212-231-53
2322	4.44957113771486e-07	3.5935544307023456e-06	255-70-122-242	255-101-252-104
2323	2.302567697721649e-05	0.0005392356550173	255-70-122-242	255-101-252-104
2324	4.0004445263964813e-07	8.993479288634819e-07	255-51-172-246	255-101-252-104
2325	9.251220432558835e-13	5.842975723484716e-11	255-24-215-202	255-122-4-2
2326	6.70908928490086e-09	1.8205160323286007e-08	255-51-172-246	255-101-252-104
2327	9.015530750785406e-16	2.288620181408938e-13	255-24-215-202	255-122-4-2
2328	2.35996109497438e-13	1.0047392399634371e-10	255-24-215-202	255-122-4-2
2329	1.837133437399799e-11	2.767121196438704e-12	255-70-122-242	255-101-252-104
2330	4.2448932900365727e-14	2.178901594738986e-11	255-51-172-246	255-101-252-104
2331	2.8166810937966196e-11	6.457884877528291e-10	255-51-172-246	255-26-209-210
2332	8.009540881081479e-11	2.477059055567359e-10	255-70-122-242	255-26-209-210
2333	5.669013101602531e-12	1.7794814775099778e-11	255-70-122-242	255-122-4-2
2334	7.240173159884015e-11	1.4175781587009806e-11	255-70-122-242	255-212-231-53
2335	2.818778610926212e-15	6.158891105963417e-11	255-70-122-242	255-26-209-210
2336	2.3111803974281187e-19	1.3196364062924002e-15	255-24-215-202	255-122-4-2
2337	4.983826162061643e-15	6.708423189226095e-12	255-24-215-202	255-122-4-2
2338	1.3311461803841835e-22	1.0510452881079144e-17	255-24-215-202	255-122-4-2
2339	4.240047895825076e-15	8.088204947435189e-13	255-24-215-202	255-26-209-210
2340	2.9947191285552336e-21	2.2628420286599683e-17	255-24-215-202	255-122-4-2
2341	1.408847056644542e-20	1.5646915438143152e-17	255-24-215-202	255-122-4-2
2342	2.3540701326148774e-17	3.3238188059924e-15	255-24-215-202	255-122-4-2
2343	1.2385074821221453e-18	4.899655316187312e-15	255-24-215-202	255-122-4-2
2344	3.37391270598455e-20	3.736610835798667e-17	255-24-215-202	255-122-4-2
2345	6.180740052412451e-25	9.15486949727801e-21	255-24-215-202	255-122-4-2
2346	9.455065447275556e-21	4.901782380551564e-18	255-24-215-202	255-26-209-210
2347	1.5138948758894817e-23	6.622729614466286e-17	255-24-215-202	255-26-209-210
2348	1.096078279721891e-25	8.621869423957729e-18	255-70-122-242	255-122-4-2
2349	1.7005901264006597e-22	1.1804529172048252e-15	255-24-215-202	255-122-4-2
2350	5.4933800589218294e-24	1.860975029080151e-20	255-24-215-202	255-26-209-210
2351	1.0605967091182883e-20	2.231570509884889e-14	255-24-215-202	255-26-209-210
2352	4.086580963376583e-19	3.858541824264142e-16	255-24-215-202	255-122-4-2
2353	7.1315598291443395e-28	7.927316456257941e-20	255-70-122-242	255-26-209-210
2354	4.450981454754711e-23	3.731150410835857e-18	255-70-122-242	255-26-209-210
2355	8.466854373985068e-28	1.5039485281410853e-18	255-24-215-202	255-26-209-210
2356	3.565856754508413e-28	4.8867406553898466e-21	255-70-122-242	255-101-252-104
2357	7.281823808016438e-33	8.911440459267854e-22	255-70-122-242	255-26-209-210
2358	5.07549152759675e-21	1.10354026851995e-18	255-24-215-202	255-26-209-210
2359	1.6902557937067676e-30	3.874758321123628e-21	255-70-122-242	255-70-122-242
2360	3.5077103197578957e-28	4.308720856548109e-18	255-70-122-242	255-122-4-2
2361	8.607444561234969e-31	1.794815452023143e-19	255-24-215-202	255-70-122-242
2362	3.032070926214597e-28	1.221410588740975e-20	255-24-215-202	255-26-209-210
2363	5.95947821318892e-29	3.931690213963674e-20	255-70-122-242	255-212-231-53
2364	1.700645959667798e-28	2.296546612735953e-21	255-70-122-242	255-122-4-2
2365	3.8273810511767765e-29	2.0869344253969207e-21	255-24-215-202	255-26-209-210
2366	8.477884041758762e-19	2.0543930562324814e-12	255-24-215-202	255-70-122-242
2367	4.856001070053102e-11	5.556170871140898e-05	255-70-122-242	255-212-231-53
2368	3.5316688496226323e-06	0.0242140791968885	255-232-213-56	255-70-122-242
2369	2.66857709160734e-06	7.375138718991658e-07	255-128-254-83	255-70-122-242
2370	0.0007525046528217	0.0002126312519938	255-128-254-83	255-70-122-242
2371	2.677562763605977e-09	2.2832243579730085e-06	255-24-215-202	255-212-231-53
2372	1.1214788383442953e-13	2.096675365529894e-09	255-24-215-202	255-70-122-242
2373	1.2012077191822878e-08	0.0773525578696159	255-247-113-27	255-26-209-210
2374	1.8815520371947548e-11	0.8097913720472993	255-24-215-202	255-212-231-53
2375	2.5574895075746867e-10	0.3695758500057752	255-247-113-27	255-212-231-53
2376	4.49585639203784e-08	0.543924933508477	255-70-122-242	255-212-231-53
2377	0.00010980458554	0.0001393798155939	255-70-122-242	255-101-252-104
2378	2.976211933236833e-07	9.926696039894709e-07	255-70-122-242	255-101-252-104
2379	3.940670398237004e-05	0.1983768544796492	255-232-213-56	255-122-4-2
2380	4.172880067645685e-05	0.0451581439226341	255-128-254-83	255-217-56-6
2381	9.808511362057229e-09	0.0003599712490198	255-70-122-242	255-212-231-53
2382	3.949411855299265e-05	0.0593887318240874	255-232-213-56	255-212-231-53
2383	1.899106296937763e-09	0.0029642021788061	255-247-113-27	255-70-122-242
2384	4.5568161947240756e-11	2.3194606132084447e-10	255-70-122-242	255-101-252-104
2385	4.315196918668803e-09	3.6905279468163977e-07	255-70-122-242	255-101-252-104
2386	4.4298413074688454e-14	1.924634910069741e-14	255-70-122-242	255-212-231-53
2387	1.2989466949281522e-11	1.3252653288576084e-11	255-70-122-242	255-101-252-104
2388	6.744019226685903e-13	1.5862161261049985e-12	255-70-122-242	255-101-252-104
2389	1.3067690938333861e-13	1.663541494407293e-14	255-70-122-242	255-212-231-53
2390	3.8886700725536583e-19	6.422221712136472e-19	255-24-215-202	255-122-4-2
2391	6.888004599163639e-15	1.2287765060686914e-15	255-24-215-202	255-101-252-104
2392	1.9871363437608325e-18	8.720265409271629e-19	255-70-122-242	255-212-231-53
2393	8.166538959180485e-20	1.9831838458961015e-20	255-24-215-202	255-122-4-2
2394	5.272315157954067e-16	1.0431436665267858e-14	255-24-215-202	255-122-4-2
2395	1.951102190523187e-21	2.104355369419457e-21	255-24-215-202	255-122-4-2
2396	7.9937908006184e-15	5.2622170792570736e-14	255-24-215-202	255-26-209-210
2397	2.9472999993306345e-22	1.86468524752688e-22	255-24-215-202	255-122-4-2
2398	2.1632364307446092e-19	5.104558190057083e-16	255-24-215-202	255-212-231-53
2399	1.3090239532247802e-20	2.1739376388596174e-16	255-24-215-202	255-122-4-2
2400	5.274248109071105e-19	6.678261852335172e-16	255-70-122-242	255-212-231-53
2401	3.168857944319925e-23	2.6621185997334136e-19	255-70-122-242	255-122-4-2
2402	4.8002344623645255e-24	7.856040705539304e-21	255-24-215-202	255-212-231-53
2403	1.7898024993851567e-21	3.293290481454193e-15	255-24-215-202	255-122-4-2
2404	6.47328912146453e-17	3.28885937558992e-16	255-24-215-202	255-101-252-104
2405	4.736615703986576e-22	1.6132243454231472e-16	255-24-215-202	255-26-209-210
2406	1.0298360604894379e-24	7.212599343468154e-21	255-24-215-202	255-212-231-53
2407	2.25387397502236e-18	1.773564829982423e-16	255-24-215-202	255-122-4-2
2408	1.2513063017912326e-21	1.8066478266507603e-15	255-24-215-202	255-122-4-2
2409	2.2280333646611657e-19	2.7467790440432143e-14	255-70-122-242	255-212-231-53
2410	8.8404900462752e-24	1.0757744528227762e-15	255-24-215-202	255-122-4-2
2411	2.2085800807839938e-29	1.1405584433696225e-19	255-70-122-242	255-212-231-53
2412	1.1193093884568984e-17	2.682302304032148e-16	255-24-215-202	255-26-209-210
2413	1.7952116782093746e-23	3.0931727739547864e-17	255-24-215-202	255-122-4-2
2414	6.4407757967239095e-21	1.2274990025345838e-18	255-24-215-202	255-122-4-2
2415	1.7391016391793441e-28	1.8943771558317544e-19	255-24-215-202	255-212-231-53
2416	2.126100478490995e-29	1.2108094818814502e-21	255-70-122-242	255-26-209-210
2417	3.072514895377368e-27	4.081396947581962e-20	255-70-122-242	255-212-231-53
2418	5.615704343456684e-20	2.333003989397941e-18	255-24-215-202	255-122-4-2
2419	5.198938995270796e-31	2.0920024753408364e-22	255-70-122-242	255-212-231-53
2420	2.067461576430536e-29	9.17691347728774e-17	255-70-122-242	255-26-209-210
2421	6.1186292806404335e-22	6.8693953223354244e-18	255-24-215-202	255-70-122-242
2422	3.064530024710423e-27	2.166209952798758e-19	255-24-215-202	255-26-209-210
2423	1.4831006327139488e-25	7.01854179165993e-17	255-24-215-202	255-26-209-210
2424	7.036459771459615e-16	3.5541123088708557e-10	255-70-122-242	255-70-122-242
2425	1.0774242504166049e-21	2.7491809287330304e-14	255-70-122-242	255-26-209-210
2426	7.177862437398141e-24	1.3629449992394382e-18	255-70-122-242	255-26-209-210
2427	6.385046415464428e-07	2.805541761736119e-06	255-53-243-148	255-70-122-242
2428	2.3841145979859497e-22	3.9945957906932795e-14	255-24-215-202	255-70-122-242
2429	3.151524223682525e-16	5.992302254586438e-11	255-222-62-8	255-70-122-242
2430	9.772560220006044e-08	2.307860213296066e-06	255-53-243-148	255-212-231-53
2431	3.197827752197538e-06	1.150636213591681e-06	255-53-243-148	255-101-252-104
2432	1.0097937244333031e-10	0.0005675450643208	255-70-122-242	255-254-152-44
2433	1.5067198694973528e-11	0.0039484090514298	255-222-62-8	255-254-152-44
2434	1.0128738099205445e-07	3.034839050837084e-05	255-70-122-242	255-212-231-53
2435	0.0015563135528702	0.0024607160967233	255-70-122-242	255-212-231-53
2436	9.915044801974196e-09	6.84022668376288e-07	255-70-122-242	255-101-252-104
2437	4.2501681080840486e-13	1.9500332149283152e-10	255-24-215-202	255-101-252-104
2438	2.406684969014742e-07	1.775263808662845e-05	255-70-122-242	255-212-231-53
2439	5.007494946893251e-18	6.948198706934053e-11	255-70-122-242	255-212-231-53
2440	1.7149194889588786e-05	0.0009186255856417	255-70-122-242	255-101-252-104
2441	4.421455418049131e-06	5.867521986862943e-05	255-70-122-242	255-101-252-104
2442	7.317773155922227e-10	5.353499049311807e-09	255-24-215-202	255-26-209-210
2443	1.5433788572044523e-10	2.4694785790854206e-09	255-70-122-242	255-101-252-104
2444	8.301089249945074e-13	2.4117501861486783e-11	255-24-215-202	255-26-209-210
2445	1.7769930043359453e-05	4.115901562558486e-05	255-70-122-242	255-101-252-104
2446	1.390633725538416e-10	1.0208488235119632e-08	255-24-215-202	255-122-4-2
2447	1.3807874342202169e-13	1.2048332834781334e-11	255-24-215-202	255-26-209-210
2448	4.7840502888484256e-08	9.900748248092193e-07	255-53-243-148	255-101-252-104
2449	2.2426593853486032e-18	1.1798050451545517e-15	255-70-122-242	255-26-209-210
2450	3.60588146086403e-07	8.636064883038421e-07	255-222-62-8	255-254-152-44
2451	1.640919140818888e-12	5.4368446262059145e-11	255-70-122-242	255-26-209-210
2452	3.2191168540217603e-10	3.529766298323443e-10	255-51-172-246	255-122-4-2
2453	1.4647846028179617e-11	4.230157981929973e-10	255-51-172-246	255-122-4-2
2454	4.4993595821021074e-10	3.577379620370523e-11	255-51-172-246	255-101-252-104
2455	4.3943541790222015e-15	5.5107946646083394e-14	255-247-113-27	255-26-209-210
2456	7.331154085596332e-16	1.4573531548531342e-13	255-24-215-202	255-101-252-104
2457	2.0357985100124124e-09	1.0857823783466775e-09	255-51-172-246	255-101-252-104
2458	9.857123546668397e-13	9.44585523707042e-12	255-70-122-242	255-101-252-104
2459	2.5369977576784896e-10	1.609552415180384e-09	255-24-215-202	255-101-252-104
2460	0.0001369066494226	0.0002682000232188	255-70-122-242	255-101-252-104
2461	2.5987772465952614e-14	8.180060558087027e-16	255-24-215-202	255-122-4-2
2462	0.0001520240765219	4.192961691724132e-05	255-70-122-242	255-212-231-53
2463	3.613484779418909e-11	3.2711013621399046e-11	255-70-122-242	255-101-252-104
2464	3.5436988101828514e-11	2.11152357673403e-11	255-24-215-202	255-101-252-104
2465	1.0810178332965725e-16	6.55781744051268e-17	255-24-215-202	255-122-4-2
2466	3.657612959569343e-15	1.7386571073259093e-14	255-24-215-202	255-122-4-2
2467	4.6511061682192086e-11	1.518510145185066e-11	255-24-215-202	255-70-122-242
2468	2.1017969623425522e-14	7.237872233396288e-14	255-24-215-202	255-122-4-2
2469	1.6858786520371072e-14	4.8084420076581854e-14	255-24-215-202	255-122-4-2
2470	1.1881019884848055e-11	1.905114762059466e-11	255-24-215-202	255-101-252-104
2471	1.984298948885891e-12	5.914271342828861e-12	255-24-215-202	255-101-252-104
2472	5.911973108398427e-17	8.182889284759703e-15	255-24-215-202	255-122-4-2
2473	2.5809168549995697e-17	1.609363025686301e-15	255-24-215-202	255-122-4-2
2474	4.577514984025315e-14	2.227713746429138e-11	255-70-122-242	255-26-209-210
2475	4.3196979131180394e-20	2.171192554296913e-18	255-24-215-202	255-122-4-2
2476	3.9593903288505485e-16	5.340313082774769e-13	255-70-122-242	255-26-209-210
2477	2.4972868214860286e-17	3.164379952166845e-16	255-70-122-242	255-26-209-210
2478	1.3931879521228048e-18	3.908779176486281e-17	255-24-215-202	255-122-4-2
2479	4.6983519941587774e-20	4.36266661115481e-14	255-70-122-242	255-122-4-2
2480	5.0684358454613317e-17	1.680324670659493e-11	255-70-122-242	255-122-4-2
2481	1.3321641544821026e-19	7.252686147825889e-17	255-70-122-242	255-122-4-2
2482	4.029100807331146e-20	3.192184448465652e-15	255-70-122-242	255-26-209-210
2483	1.6983028833340866e-17	9.4964859589583e-16	255-24-215-202	255-122-4-2
2484	1.3761508386217033e-17	1.3551587562728947e-14	255-70-122-242	255-122-4-2
2485	1.0619816602141952e-17	3.453336423746293e-15	255-24-215-202	255-212-231-53
2486	4.2982719934975443e-23	2.7520619220381827e-17	255-24-215-202	255-122-4-2
2487	7.951336499030419e-22	5.4808168851376817e-14	255-24-215-202	255-26-209-210
2488	9.438501204846273e-27	3.547691533194542e-18	255-24-215-202	255-26-209-210
2489	2.87818960738402e-15	1.613985234466009e-13	255-24-215-202	255-122-4-2
2490	7.787687659472836e-24	4.400111153180587e-16	255-24-215-202	255-122-4-2
2491	6.523135579065005e-23	2.5015162367640126e-20	255-24-215-202	255-122-4-2
2492	1.6271924152644024e-22	9.350921863600277e-14	255-24-215-202	255-26-209-210
2493	4.168421283739828e-18	1.6531272358436136e-15	255-24-215-202	255-26-209-210
2494	6.954868896981038e-18	4.447011012615653e-15	255-24-215-202	255-26-209-210
2495	5.2282298276994645e-25	1.9146322000526562e-16	255-24-215-202	255-26-209-210
2496	8.092809826414913e-21	3.3580789864580357e-16	255-24-215-202	255-212-231-53
2497	4.484773223159543e-15	1.1200394892144942e-09	255-24-215-202	255-122-4-2
2498	6.629653106306384e-15	2.401439890594857e-12	255-24-215-202	255-122-4-2
2499	8.465277913076646e-13	4.0847341179175006e-10	255-24-215-202	255-122-4-2
2500	6.565312415811325e-21	2.6204835943459597e-10	255-70-122-242	255-70-122-242
2501	3.2394024874091442e-15	2.4913514352989917e-06	255-70-122-242	255-70-122-242
2502	5.882072543408729e-18	6.648818843951911e-07	255-24-215-202	255-26-209-210
2503	1.3266899143329424e-21	4.632742019272831e-18	255-70-122-242	255-122-4-2
2504	1.4181250476787742e-23	8.432791222310089e-18	255-70-122-242	255-122-4-2
2505	3.3258172612031693e-19	9.85031054829358e-16	255-24-215-202	255-122-4-2
2506	3.022510266911044e-27	5.048820515138042e-19	255-70-122-242	255-70-122-242
2507	1.7335848970111877e-17	2.4997948981004784e-13	255-24-215-202	255-26-209-210
2508	1.48640835440665e-20	1.6633222108123109e-18	255-24-215-202	255-101-252-104
2509	8.933106126685865e-16	8.260391372012613e-15	255-24-215-202	255-122-4-2
2510	2.0668536582293126e-22	4.4721307489976676e-14	255-70-122-242	255-26-209-210
2511	8.207853143467478e-25	3.068622230310014e-16	255-24-215-202	255-26-209-210
2512	3.6018175277622784e-19	4.0258650631479414e-13	255-70-122-242	255-122-4-2
2513	2.0629745654915183e-27	2.5787805985136817e-17	255-24-215-202	255-26-209-210
2514	1.099512111064299e-13	3.278062887200174e-10	255-24-215-202	255-122-4-2
2515	3.3278051205221644e-21	1.3257788777054992e-14	255-24-215-202	255-122-4-2
2516	1.0316547831030514e-16	1.1498324547341213e-15	255-24-215-202	255-26-209-210
2517	7.294330174388254e-15	2.9454654560396284e-14	255-24-215-202	255-122-4-2
2518	7.286988387964439e-21	3.696052324206814e-15	255-24-215-202	255-122-4-2
2519	2.3867035335087198e-20	5.539827074431695e-13	255-24-215-202	255-122-4-2
2520	1.9195662414032416e-20	3.393000820280897e-16	255-24-215-202	255-122-4-2
2521	1.1986903974688555e-19	3.0762561945909777e-17	255-24-215-202	255-122-4-2
2522	5.770382252831747e-20	1.7575919370584066e-17	255-24-215-202	255-26-209-210
2523	1.145669147219375e-21	4.2622688475675134e-15	255-24-215-202	255-122-4-2
2524	8.135065744364139e-19	1.273353132203429e-17	255-24-215-202	255-122-4-2
2525	1.4445906281680598e-20	3.5161387421904945e-21	255-24-215-202	255-212-231-53
2526	1.2556891979787871e-20	2.731835446180006e-18	255-24-215-202	255-122-4-2
2527	6.09125575640024e-14	6.425764165694494e-15	255-24-215-202	255-26-209-210
2528	5.706690107214257e-19	1.1561419255524078e-16	255-70-122-242	255-122-4-2
2529	3.628371947457057e-14	2.5111661389816093e-14	255-24-215-202	255-26-209-210
2530	1.830826435721405e-21	3.560274932123335e-21	255-24-215-202	255-122-4-2
2531	2.2897348801768697e-22	9.342449448554325e-22	255-24-215-202	255-122-4-2
2532	3.0901597578248645e-22	9.68036129780014e-17	255-70-122-242	255-212-231-53
2533	9.319570775850192e-21	8.139592908479169e-20	255-24-215-202	255-26-209-210
2534	7.235746730383206e-25	3.25978629689266e-16	255-24-215-202	255-212-231-53
2535	1.3180449526954161e-21	7.319637635174252e-19	255-24-215-202	255-26-209-210
2536	1.0914577662789425e-15	5.477677883913892e-14	255-24-215-202	255-101-252-104
2537	1.0431899879626748e-18	3.919266922250322e-16	255-24-215-202	255-254-152-44
2538	4.232613205667479e-13	6.44017653896787e-13	255-24-215-202	255-101-252-104
2539	1.3062676013692473e-19	2.3660245380064883e-18	255-24-215-202	255-26-209-210
2540	2.0804781691069138e-17	1.922206599947829e-15	255-70-122-242	255-26-209-210
2541	5.458873563598608e-17	3.82319248834669e-14	255-70-122-242	255-254-152-44
2542	3.149223332404518e-20	2.0779405987666093e-18	255-24-215-202	255-122-4-2
2543	7.389156464073393e-19	7.924439590760853e-18	255-24-215-202	255-26-209-210
2544	2.233947433057896e-18	1.7734930474930542e-16	255-24-215-202	255-122-4-2
2545	8.398476264278957e-13	1.1842964857191204e-12	255-24-215-202	255-26-209-210
2546	9.459109435484112e-19	4.262050198232317e-17	255-70-122-242	255-26-209-210
2547	3.530264672794249e-16	4.8813050936521086e-15	255-24-215-202	255-26-209-210
2548	4.5333614133460193e-17	1.0436345516126222e-12	255-24-215-202	255-122-4-2
2549	5.134554076507043e-21	3.4537054210551335e-18	255-24-215-202	255-212-231-53
2550	2.882083978657945e-21	2.5688526887771013e-15	255-24-215-202	255-122-4-2
2551	2.711272369547012e-23	9.193207153008995e-17	255-24-215-202	255-122-4-2
2552	3.935584872273785e-18	1.0633688264964734e-12	255-24-215-202	255-122-4-2
2553	4.000743406324208e-14	4.81881327146529e-13	255-70-122-242	255-122-4-2
2554	7.423700798184816e-18	3.3850646345388286e-16	255-70-122-242	255-122-4-2
2555	5.705248737378431e-17	5.523035922498868e-13	255-24-215-202	255-122-4-2
2556	4.722250074741932e-17	5.958375368285434e-11	255-24-215-202	255-122-4-2
2557	1.8174317110691766e-16	3.872198829923355e-14	255-70-122-242	255-122-4-2
2558	4.361262443917466e-16	7.235411324203339e-14	255-70-122-242	255-122-4-2
2559	2.956231729260171e-21	3.078204662726873e-18	255-24-215-202	255-122-4-2
2560	2.287059330243209e-13	1.0341556432686864e-11	255-70-122-242	255-122-4-2
2561	2.4351600892165956e-17	2.779349442327048e-13	255-24-215-202	255-26-209-210
2562	6.025418094023241e-15	2.097816178480199e-12	255-24-215-202	255-122-4-2
2563	3.760569292417929e-14	1.760162698824667e-11	255-70-122-242	255-26-209-210
2564	8.349859543366375e-11	1.0269106233708303e-10	255-70-122-242	255-101-252-104
2565	4.210805648419199e-16	8.954484052760516e-15	255-24-215-202	255-212-231-53
2566	1.5896786675753777e-12	4.3211361500792976e-10	255-70-122-242	255-122-4-2
2567	6.791419187963274e-09	1.1349454248394466e-07	255-24-215-202	255-212-231-53
2568	1.9092345646864345e-20	1.419871577271575e-16	255-24-215-202	255-26-209-210
2569	1.7514943979906245e-08	0.0007631431814336	255-70-122-242	255-254-152-44
2570	6.073409125217272e-12	1.1833937184531586e-10	255-70-122-242	255-122-4-2
2571	1.3967764451597195e-11	4.6296304556501795e-08	255-24-215-202	255-254-152-44
2572	6.20179802804812e-21	3.82099294952041e-17	255-24-215-202	255-26-209-210
2573	1.3355320170253973e-13	6.251235154232243e-10	255-70-122-242	255-254-152-44
2574	5.1669679053656415e-28	1.912097522453353e-18	255-24-215-202	255-70-122-242
2575	1.4764181648537756e-32	2.3450569675466832e-24	255-24-215-202	255-212-231-53
2576	1.5049632455815296e-32	2.2032782383467197e-23	255-24-215-202	255-70-122-242
2577	7.872039129356949e-31	2.1023664554653016e-20	255-24-215-202	255-26-209-210
2578	3.023869561126901e-26	1.6933594855565969e-21	255-70-122-242	255-26-209-210
2579	1.1859035356955931e-16	8.964055473923605e-10	255-24-215-202	255-70-122-242
2580	5.7454555620838665e-27	8.175018524707607e-21	255-70-122-242	255-26-209-210
2581	6.878864587034184e-21	3.857047987007543e-17	255-70-122-242	255-26-209-210
2582	9.236740212421948e-31	3.1533141907441723e-22	255-70-122-242	255-212-231-53
2583	3.175717782007844e-17	2.009522674285646e-07	255-70-122-242	255-122-4-2
2584	3.402931162198734e-25	2.1230131268599674e-16	255-70-122-242	255-212-231-53
2585	2.0112477539136778e-29	2.239417092546172e-20	255-70-122-242	255-212-231-53
2586	4.7484739000220905e-27	6.401037140273514e-19	255-24-215-202	255-122-4-2
2587	1.031495005018211e-12	0.1483485074080791	255-232-213-56	255-122-4-2
2588	1.2503618406315079e-27	6.762662588020764e-19	255-70-122-242	255-212-231-53
2589	7.864953846630897e-18	2.301662676858229e-09	255-70-122-242	255-122-4-2
2590	4.3903438458102155e-32	6.663044117595551e-23	255-70-122-242	255-26-209-210
2591	3.1417045074909787e-10	2.571537748740636e-05	255-222-62-8	255-122-4-2
2592	2.3262727488187124e-25	6.299002336084164e-20	255-24-215-202	255-26-209-210
2593	2.3092225740897827e-27	1.7968442352089565e-18	255-24-215-202	255-26-209-210
2594	1.114521395271714e-24	1.367673240911556e-19	255-24-215-202	255-26-209-210
2595	6.660487416402679e-27	1.1468130881121997e-15	255-24-215-202	255-26-209-210
2596	8.209480595235141e-28	8.98590719440463e-20	255-24-215-202	255-26-209-210
2597	1.9978972729416636e-08	0.0195576945617118	255-24-215-202	255-122-4-2
2598	2.090616733334841e-17	4.966791421774263e-15	255-24-215-202	255-212-231-53
2599	6.016845869582831e-19	7.191606355065243e-11	255-51-172-246	255-26-209-210
2600	0.0035893775550537	0.004664304361455	255-53-243-148	255-70-122-242
2601	1.802306513691217e-23	2.055634282394221e-15	255-24-215-202	255-26-209-210
2602	1.0241988714544001e-13	1.0840064646524826e-10	255-53-243-148	255-26-209-210
2603	3.9543485519327345e-21	1.9169257724060324e-18	255-24-215-202	255-122-4-2
2604	1.247085741115382e-17	1.285353149149812e-12	255-24-215-202	255-122-4-2
2605	9.756903900130686e-15	7.32166151311386e-13	255-24-215-202	255-212-231-53
2606	2.7401742319695856e-12	7.350176361272093e-11	255-24-215-202	255-26-209-210
2607	2.608769654923502e-15	1.627632814990716e-12	255-70-122-242	255-122-4-2
2608	1.0942767729194156e-16	1.234920795284256e-10	255-24-215-202	255-122-4-2
2609	1.9761609756895025e-13	4.687727628744572e-13	255-70-122-242	255-101-252-104
2610	3.414120377366766e-09	5.47780660092782e-09	255-70-122-242	255-101-252-104
2611	0.0263284290946618	0.0025697419940268	255-122-4-2	255-122-4-2
2612	2.8580948230735253e-13	3.1961713348343197e-12	255-24-215-202	255-26-209-210
2613	9.461559784132561e-09	0.0007524913321501	255-70-122-242	255-70-122-242
2614	7.034249542566954e-07	8.870206525246313e-05	255-70-122-242	255-101-252-104
2615	1.6477317391820896e-05	0.0035971117376535	255-70-122-242	255-26-209-210
2616	8.050549325391924e-10	2.78449919499596e-07	255-70-122-242	255-101-252-104
2617	4.355880349649613e-11	2.034189924326062e-08	255-24-215-202	255-70-122-242
2618	4.471605588865688e-15	1.373244709424973e-10	255-24-215-202	255-26-209-210
2619	6.488084158317354e-09	7.412438511695561e-06	255-232-213-56	255-70-122-242
2620	0.0034321963256603	0.0542803873673081	255-232-213-56	255-70-122-242
2621	1.2643968726204824e-14	3.656114934496149e-12	255-24-215-202	255-212-231-53
2622	4.386132947624284e-26	2.689158776270607e-21	255-70-122-242	255-122-4-2
2623	1.6013923824992071e-22	6.112628475140834e-18	255-24-215-202	255-122-4-2
2624	1.6733146427973504e-26	6.760276589196301e-21	255-70-122-242	255-70-122-242
2625	2.6743835973809186e-29	2.404501683576158e-21	255-70-122-242	255-70-122-242
2626	2.7756335076521853e-24	7.234374025035752e-20	255-70-122-242	255-70-122-242
2627	2.258076707234432e-25	3.056364024609482e-20	255-70-122-242	255-70-122-242
2628	0.0018383268572448	1.4138201821502531e-05	255-128-254-83	255-101-252-104
2629	7.775228765811229e-05	0.001728932547939	255-128-254-83	255-70-122-242
2630	5.889983393420008e-06	3.483061494643608e-05	255-122-4-2	255-70-122-242
2631	2.3463800555615653e-15	5.811128247985404e-14	255-24-215-202	255-122-4-2
2632	1.405631950506501e-06	4.600379673631143e-06	255-122-4-2	255-70-122-242
2633	1.257327666628112e-11	5.838744991675512e-12	255-128-254-83	255-101-252-104
2634	4.1832262139542647e-14	0.0004743855472577	255-180-27-1	255-212-231-53
2635	2.43205516382328e-17	1.3430114814932865e-15	255-24-215-202	255-70-122-242
2636	4.6244272761688604e-11	3.519243773287082e-09	255-247-113-27	255-122-4-2
2637	5.035456044209962e-15	0.9310944004957185	255-24-215-202	255-212-231-53
2638	2.263237244607475e-13	6.633254796819246e-10	255-24-215-202	255-122-4-2
2639	7.330732953133262e-18	3.3010654621789776e-15	255-24-215-202	255-212-231-53
2640	8.618809106003936e-11	0.6488428804240467	255-24-215-202	255-212-231-53
2641	2.6758743335309444e-09	0.1446150363729055	255-24-215-202	255-26-209-210
2642	9.691343390988088e-12	0.0355124067130878	255-24-215-202	255-212-231-53
2643	8.340684432677174e-18	1.7912360572263654e-14	255-24-215-202	255-212-231-53
2644	6.216789897575775e-12	6.839173282866314e-11	255-70-122-242	255-101-252-104
2645	0.0020784604566864	0.0005722985320676	255-70-122-242	255-101-252-104
2646	2.6929764321869585e-05	3.004897409581725e-06	255-70-122-242	255-101-252-104
2647	9.5651974413912e-07	4.906002634014793e-07	255-70-122-242	255-212-231-53
2648	5.841644341346566e-07	8.751159777032752e-06	255-70-122-242	255-101-252-104
2649	5.455577620809132e-05	0.0001869499838203	255-70-122-242	255-101-252-104
2650	6.464270236601338e-06	2.3048430327097075e-06	255-70-122-242	255-212-231-53
2651	8.171271683649097e-10	1.0787471083132021e-08	255-70-122-242	255-101-252-104
2652	4.0633085701060606e-10	5.544199162871998e-10	255-24-215-202	255-101-252-104
2653	2.523806589389869e-11	3.438380580619684e-09	255-70-122-242	255-212-231-53
2654	2.224903083090506e-12	5.6699584590333246e-11	255-51-172-246	255-26-209-210
2655	1.5470170034262682e-12	1.314077667234956e-08	255-24-215-202	255-122-4-2
2656	1.5650134083027146e-09	1.6364366277716372e-08	255-51-172-246	255-101-252-104
2657	5.503880813026714e-08	6.806943349717736e-07	255-70-122-242	255-101-252-104
2658	2.7447181658372263e-14	1.655869126071382e-12	255-24-215-202	255-26-209-210
2659	7.071084773040813e-13	3.158890258077791e-12	255-24-215-202	255-122-4-2
2660	2.7223833803974424e-19	1.5635705497673237e-18	255-24-215-202	255-122-4-2
2661	3.8832750443494894e-14	2.490991737866871e-13	255-24-215-202	255-26-209-210
2662	1.0703203207786596e-17	5.962078646643901e-16	255-24-215-202	255-26-209-210
2663	2.108529696328336e-17	2.4758243012009493e-16	255-24-215-202	255-122-4-2
2664	1.622291635797413e-17	2.595023226835087e-12	255-24-215-202	255-26-209-210
2665	2.970283352180549e-18	5.563639319728009e-16	255-24-215-202	255-212-231-53
2666	5.5447854166443225e-24	5.234530975640283e-19	255-24-215-202	255-122-4-2
2667	8.209774788523758e-13	2.141519699165137e-09	255-24-215-202	255-122-4-2
2668	6.756476518169101e-17	1.5963640718952218e-12	255-24-215-202	255-26-209-210
2669	2.8604226846558627e-17	1.1327709247631805e-12	255-24-215-202	255-122-4-2
2670	3.4848988819988534e-21	3.4184899044035416e-15	255-24-215-202	255-26-209-210
2671	1.4351151317578708e-24	4.579630920925965e-20	255-24-215-202	255-122-4-2
2672	1.1258561599243931e-22	6.960772875171932e-15	255-24-215-202	255-26-209-210
2673	1.2622310269680643e-20	7.459193977524207e-14	255-24-215-202	255-26-209-210
2674	4.410031603068523e-22	7.479206654503022e-20	255-24-215-202	255-26-209-210
2675	2.4418853168596938e-23	1.3205185958975807e-20	255-24-215-202	255-122-4-2
2676	6.361100469985669e-21	3.0740882056086972e-18	255-24-215-202	255-26-209-210
2677	2.315002455772073e-22	1.0494137300713497e-19	255-24-215-202	255-122-4-2
2678	1.9314724664583447e-28	1.7627034352909088e-20	255-70-122-242	255-70-122-242
2679	1.7774279923709928e-21	1.4149646687554954e-16	255-70-122-242	255-101-252-104
2680	2.0208858203260725e-21	8.530239629971283e-15	255-70-122-242	255-212-231-53
2681	3.2669276696174076e-28	1.386780893444656e-21	255-70-122-242	255-26-209-210
2682	4.39743113394439e-27	3.807449084478192e-20	255-24-215-202	255-212-231-53
2683	2.519947238563781e-23	1.0034186859237358e-19	255-24-215-202	255-70-122-242
2684	1.2535599446004167e-26	2.595207615002351e-21	255-24-215-202	255-26-209-210
2685	1.0336716123143643e-32	3.1698447788462238e-24	255-70-122-242	255-26-209-210
2686	2.1652848377435477e-23	3.299014749567827e-18	255-24-215-202	255-212-231-53
2687	8.602587741746353e-22	5.219962890535989e-15	255-24-215-202	255-70-122-242
2688	1.3556407889090146e-16	3.259686667388976e-12	255-70-122-242	255-70-122-242
2689	2.66082647229305e-23	1.5929847116563158e-20	255-70-122-242	255-122-4-2
2690	2.200108390888174e-26	1.3159006302794028e-18	255-70-122-242	255-122-4-2
2691	8.558231856451171e-11	0.072500532230047	255-70-122-242	255-122-4-2
2692	6.066364078686217e-07	1.9992420759292195e-07	255-128-254-83	255-70-122-242
2693	0.0018907549017579	3.473290334712884e-05	255-53-243-148	255-70-122-242
2694	0.0141559916463111	0.000170510821003	255-128-254-83	255-101-252-104
2695	5.680444161111635e-05	1.5863024404277026e-06	255-128-254-83	255-70-122-242
2696	4.523488371978394e-13	1.7359470905782156e-09	255-24-215-202	255-212-231-53
2697	6.5336855628405776e-18	8.825997362764588e-15	255-24-215-202	255-26-209-210
2698	4.910695356144956e-08	4.287598626482396e-07	255-70-122-242	255-122-4-2
2699	1.0975515314562983e-14	8.630580109300525e-12	255-24-215-202	255-70-122-242
2700	6.926084149602004e-14	5.481796612375087e-07	255-24-215-202	255-122-4-2
2701	5.914994565057797e-08	0.6039673540964502	255-232-213-56	255-26-209-210
2702	6.222095623638466e-15	0.9261881142808874	255-24-215-202	255-212-231-53
2703	5.712356077562499e-08	0.5285648644482188	255-24-215-202	255-212-231-53
2704	3.5544358881873623e-10	0.9975477580902128	255-70-122-242	255-212-231-53
2705	9.850228873927657e-08	0.5230137501814571	255-70-122-242	255-212-231-53
2706	1.2523226608330496e-08	1.1579153075870428e-07	255-70-122-242	255-101-252-104
2707	8.481660712652115e-08	0.7040183602914996	255-232-213-56	255-122-4-2
2708	1.5865648027089263e-06	0.5261042152078647	255-232-213-56	255-122-4-2
2709	4.2265367518183805e-06	0.1489994432157714	255-232-213-56	255-26-209-210
2710	6.53527841176296e-06	9.097383570321206e-06	255-247-113-27	255-101-252-104
2711	0.0003769479693335	0.0036651392237986	255-70-122-242	255-101-252-104
2712	6.156223123436861e-15	3.959543823262559e-16	255-24-215-202	255-101-252-104
2713	2.9690580294910043e-16	2.3617100079032717e-16	255-24-215-202	255-254-152-44
2714	5.8221474195464345e-19	3.0828839318769597e-16	255-24-215-202	255-212-231-53
2715	5.489647211430681e-11	3.4703595107507447e-10	255-122-4-2	255-101-252-104
2716	2.16452778392489e-19	2.57496030408674e-15	255-70-122-242	255-212-231-53
2717	1.6722661059375917e-15	3.96734165207515e-13	255-24-215-202	255-122-4-2
2718	1.5355261353081852e-16	9.398929020776343e-15	255-70-122-242	255-212-231-53
2719	1.0457279835677743e-16	2.0102152570044544e-15	255-70-122-242	255-212-231-53
2720	2.798785804577543e-16	3.413241231276439e-13	255-70-122-242	255-122-4-2
2721	1.8010903735112322e-16	2.7956785679549235e-14	255-70-122-242	255-212-231-53
2722	4.963283633741462e-16	1.6967659387410986e-14	255-24-215-202	255-122-4-2
2723	5.156305141765664e-23	9.310480105413027e-17	255-70-122-242	255-212-231-53
2724	1.0064219340400119e-17	1.926140643774217e-16	255-24-215-202	255-122-4-2
2725	8.427335998952123e-21	7.193724640186123e-15	255-70-122-242	255-212-231-53
2726	3.8893999240056097e-22	4.697795832156056e-17	255-24-215-202	255-212-231-53
2727	5.069509581959191e-19	1.6374392045387637e-15	255-24-215-202	255-212-231-53
2728	7.379860290373923e-26	3.4277189307451553e-18	255-24-215-202	255-212-231-53
2729	1.2397058473086072e-24	4.94534028614486e-15	255-24-215-202	255-212-231-53
2730	1.3540459544029588e-25	4.587526151386735e-19	255-70-122-242	255-212-231-53
2731	3.9445215480708335e-18	5.99281381823468e-16	255-24-215-202	255-122-4-2
2732	1.2797416496452037e-23	2.184882654863042e-19	255-24-215-202	255-122-4-2
2733	3.9161489988300425e-30	4.985447796320068e-21	255-70-122-242	255-212-231-53
2734	8.880574686638795e-27	5.0616580922992933e-20	255-24-215-202	255-212-231-53
2735	4.197528756541844e-26	1.976715334178548e-20	255-24-215-202	255-212-231-53
2736	3.2696009418365187e-21	1.9768361004707185e-17	255-24-215-202	255-122-4-2
2737	8.13202799218067e-24	8.25102251306958e-21	255-24-215-202	255-122-4-2
2738	9.141918233882892e-34	4.125750059241422e-23	255-24-215-202	255-26-209-210
2739	2.994914552502854e-28	7.176541604825645e-18	255-70-122-242	255-26-209-210
2740	9.123632930792554e-24	1.3211503061476294e-20	255-24-215-202	255-70-122-242
2741	1.87808380637923e-30	1.6048139732092306e-17	255-70-122-242	255-26-209-210
2742	2.3957863432473305e-27	3.7706374363396814e-20	255-70-122-242	255-122-4-2
2743	9.517553266887957e-14	1.971092721858572e-11	255-187-244-52	255-70-122-242
2744	1.639602194002893e-25	2.077796962251192e-18	255-24-215-202	255-70-122-242
2745	9.558459237038129e-16	3.680187794313187e-08	255-24-215-202	255-70-122-242
2746	4.684866909024565e-06	0.0004390715360588	255-53-243-148	255-70-122-242
2747	3.09078355512692e-06	0.0014539293707338	255-70-122-242	255-212-231-53
2748	8.730904658413934e-05	0.0048045856702461	255-24-215-202	255-70-122-242
2749	3.54451046709212e-08	3.019691751054987e-06	255-70-122-242	255-101-252-104
2750	2.549197270889397e-07	5.189492363584824e-06	255-232-213-56	255-212-231-53
2751	2.8534448743173403e-10	3.926264222229102e-06	255-70-122-242	255-212-231-53
2752	0.0001300031676412	0.0019858741052552	255-51-172-246	255-26-209-210
2753	1.9450859990146344e-11	4.940222244180507e-09	255-51-172-246	255-212-231-53
2754	0.0010168155117535	0.0011963081293694	255-70-122-242	255-101-252-104
2755	0.001578435791145	0.0115755848604727	255-70-122-242	255-101-252-104
2756	1.0676304319225657e-16	8.577579554772678e-13	255-24-215-202	255-212-231-53
2757	1.7546013076047874e-17	6.643010198369398e-16	255-24-215-202	255-122-4-2
2758	2.8431899016938235e-10	1.8355449222703192e-08	255-24-215-202	255-70-122-242
2759	8.28255904018371e-05	0.0001232806540701	255-122-4-2	255-101-252-104
2760	0.0003386784952682	0.0071616602843602	255-70-122-242	255-101-252-104
2761	6.950830824109995e-06	9.617920583215132e-05	255-70-122-242	255-101-252-104
2762	1.2470376512927514e-08	1.3724369683545468e-08	255-51-172-246	255-101-252-104
2763	1.276330149125439e-05	0.0001016888123962	255-24-215-202	255-122-4-2
2764	0.0003054122722655	0.0002415230493482	255-247-113-27	255-70-122-242
2765	1.1754041151390581e-07	5.6131679009152326e-05	255-24-215-202	255-26-209-210
2766	3.1830611696058285e-14	8.093424406969305e-13	255-51-172-246	255-122-4-2
2767	8.364399682087342e-13	6.383807642496936e-12	255-24-215-202	255-26-209-210
2768	3.674043560472524e-19	1.8163860717849656e-17	255-24-215-202	255-122-4-2
2769	3.034514131726016e-18	1.0386133055355458e-14	255-70-122-242	255-212-231-53
2770	5.4207118215506386e-18	1.6059889715267395e-16	255-24-215-202	255-26-209-210
2771	5.263097369758149e-18	2.010223242714916e-16	255-70-122-242	255-212-231-53
2772	7.184532689974618e-15	4.103863130513957e-12	255-24-215-202	255-26-209-210
2773	2.7020577659164358e-18	1.429688810197435e-15	255-70-122-242	255-26-209-210
2774	3.389083036300814e-19	2.279035399600144e-16	255-70-122-242	255-122-4-2
2775	9.146895690318298e-17	5.161315656627997e-15	255-24-215-202	255-122-4-2
2776	9.344806969255389e-18	2.736053848088779e-15	255-70-122-242	255-122-4-2
2777	3.012657674987735e-23	1.1480857498504553e-18	255-24-215-202	255-26-209-210
2778	1.5479259494108437e-20	3.1040490042103854e-14	255-24-215-202	255-122-4-2
2779	4.283159688349835e-20	1.1466208062254979e-17	255-24-215-202	255-212-231-53
2780	2.614570597713284e-18	3.7965435084854236e-11	255-70-122-242	255-122-4-2
2781	1.7077581156100332e-19	2.8057421135579593e-16	255-24-215-202	255-122-4-2
2782	1.6330528618698646e-19	1.7392181890030832e-16	255-70-122-242	255-122-4-2
2783	1.3343070064746889e-21	2.155617320439909e-18	255-70-122-242	255-122-4-2
2784	1.1398788533302767e-19	2.5433792491927157e-17	255-24-215-202	255-122-4-2
2785	2.848554516564235e-22	8.016661449669227e-16	255-24-215-202	255-122-4-2
2786	5.569645024818424e-22	1.8460994060058144e-14	255-70-122-242	255-122-4-2
2787	2.146601082690764e-18	4.107984380270673e-15	255-24-215-202	255-122-4-2
2788	5.749497907238806e-18	3.0314581942619863e-17	255-24-215-202	255-122-4-2
2789	1.0833835896709264e-20	1.772408368440189e-15	255-70-122-242	255-122-4-2
2790	2.7969928913774564e-15	7.842876985996718e-13	255-24-215-202	255-26-209-210
2791	1.4094255824689684e-16	1.0007997346590829e-11	255-24-215-202	255-26-209-210
2792	3.7121631544629314e-19	2.7624418261771354e-16	255-70-122-242	255-26-209-210
2793	6.666872825188764e-18	4.943034570695986e-14	255-24-215-202	255-212-231-53
2794	2.1069762365963646e-20	7.247996412096584e-14	255-24-215-202	255-122-4-2
2795	7.905133763986456e-14	6.790163080173622e-11	255-70-122-242	255-212-231-53
2796	1.7465911025442063e-10	3.895086892027768e-05	255-53-243-148	255-254-152-44
2797	2.3906411359532637e-10	1.03876901696462e-08	255-70-122-242	255-70-122-242
2798	7.455411381609954e-10	2.725436589567307e-08	255-70-122-242	255-122-4-2
2799	5.5148889729819424e-08	0.0316712514656611	255-247-113-27	255-122-4-2
2800	1.2217125895239217e-07	0.3567793319411499	255-232-213-56	255-70-122-242
2801	1.942012569435393e-11	5.852797982148247e-08	255-24-215-202	255-212-231-53
2802	2.240536630051885e-15	2.7167275268884226e-08	255-70-122-242	255-70-122-242
2803	1.1962289236153432e-10	9.184168380702456e-08	255-24-215-202	255-70-122-242
2804	2.3588784990766197e-18	1.533018928475888e-16	255-24-215-202	255-122-4-2
2805	4.957319075806307e-25	3.5896824010706974e-17	255-70-122-242	255-70-122-242
2806	1.026466086194214e-23	7.140001730052529e-19	255-24-215-202	255-122-4-2
2807	2.276474911301713e-22	1.4795173201787664e-16	255-70-122-242	255-70-122-242
2808	1.0947543332191391e-18	2.637665101993374e-16	255-24-215-202	255-122-4-2
2809	3.064172291067623e-22	3.281807453350272e-19	255-70-122-242	255-122-4-2
2810	2.5090564112348948e-17	3.0207145608384896e-16	255-24-215-202	255-70-122-242
2811	2.1126854084168122e-15	5.073663558663632e-13	255-24-215-202	255-122-4-2
2812	2.9896894371411486e-16	1.2233545805823312e-14	255-24-215-202	255-122-4-2
2813	1.4997376938731984e-15	9.664951428504873e-13	255-24-215-202	255-26-209-210
2814	1.1648913616071002e-24	2.682718053946927e-16	255-70-122-242	255-26-209-210
2815	6.949854945610778e-16	1.4536718373420898e-14	255-24-215-202	255-70-122-242
2816	8.994039682198886e-23	1.712962755037885e-16	255-70-122-242	255-122-4-2
2817	6.571093563554129e-14	8.611953127100637e-13	255-24-215-202	255-122-4-2
2818	3.251810147951119e-20	7.336767235375585e-15	255-70-122-242	255-26-209-210
2819	8.065905594944244e-17	1.6223627791541765e-13	255-51-172-246	255-122-4-2
2820	3.419865426304581e-18	1.504096970185476e-13	255-24-215-202	255-122-4-2
2821	7.305339390150455e-17	1.0704996181151106e-11	255-24-215-202	255-122-4-2
2822	1.5505217317577884e-17	6.551697884449231e-15	255-24-215-202	255-122-4-2
2823	8.551726264385809e-19	8.991000578759115e-16	255-24-215-202	255-122-4-2
2824	2.686123212201637e-21	6.679697418480842e-16	255-70-122-242	255-212-231-53
2825	4.2135664261156185e-20	4.348129182760471e-16	255-24-215-202	255-122-4-2
2826	4.507159606932921e-21	1.1351392552507108e-17	255-24-215-202	255-212-231-53
2827	9.309062602841293e-13	1.3276430230444075e-10	255-70-122-242	255-212-231-53
2828	8.475481388651064e-22	5.402588532105137e-16	255-70-122-242	255-212-231-53
2829	2.236963377735465e-20	7.572206151228368e-17	255-24-215-202	255-122-4-2
2830	1.8915293403356044e-21	6.697222197822734e-16	255-70-122-242	255-212-231-53
2831	2.929927157024488e-17	4.482255056721983e-16	255-24-215-202	255-122-4-2
2832	3.4915873784833825e-22	5.048832094769764e-19	255-70-122-242	255-122-4-2
2833	8.334113365639849e-16	1.9297990430318686e-13	255-70-122-242	255-212-231-53
2834	9.491586234416196e-13	4.873880363085632e-11	255-24-215-202	255-101-252-104
2835	4.274712639754812e-21	3.975707218450504e-15	255-70-122-242	255-212-231-53
2836	3.75441935468697e-10	1.8012515915569235e-09	255-122-4-2	255-101-252-104
2837	3.8399539869603605e-13	3.006917681614816e-12	255-70-122-242	255-101-252-104
2838	5.317250513317521e-11	9.013340282693215e-10	255-122-4-2	255-101-252-104
2839	1.1830791931178688e-19	1.028604786379336e-17	255-24-215-202	255-122-4-2
2840	2.1686156420076082e-20	5.8769258575338016e-18	255-24-215-202	255-122-4-2
2841	1.2228200872903656e-18	4.0238713799140105e-17	255-24-215-202	255-26-209-210
2842	1.5260536025212592e-14	1.7423943462756214e-12	255-70-122-242	255-212-231-53
2843	1.0324799256434353e-21	2.314149586131242e-15	255-24-215-202	255-122-4-2
2844	3.405934559204758e-20	3.3000100117890497e-13	255-24-215-202	255-122-4-2
2845	3.0936030045750007e-15	5.73379564910572e-13	255-70-122-242	255-212-231-53
2846	1.9767074787545502e-16	4.409762242629166e-11	255-24-215-202	255-122-4-2
2847	3.5135324438385643e-16	7.679770848184159e-11	255-24-215-202	255-122-4-2
2848	3.4992140698867614e-15	5.311279827372819e-10	255-24-215-202	255-122-4-2
2849	6.023945443870394e-17	6.361693207326503e-14	255-70-122-242	255-26-209-210
2850	3.3427801584989774e-15	5.574492178642392e-13	255-24-215-202	255-122-4-2
2851	6.5664574021706856e-18	7.757219874582087e-16	255-24-215-202	255-122-4-2
2852	1.850650138265656e-18	1.5711734861882446e-15	255-70-122-242	255-101-252-104
2853	8.282005375083131e-24	3.6878742052514494e-19	255-24-215-202	255-212-231-53
2854	1.223738340567726e-12	4.3152424601000874e-10	255-70-122-242	255-70-122-242
2855	8.183891853754827e-14	5.968986091534029e-12	255-24-215-202	255-26-209-210
2856	1.4826671005927676e-14	5.258242765653328e-12	255-24-215-202	255-254-152-44
2857	2.894692246257129e-19	2.735740468464116e-15	255-24-215-202	255-122-4-2
2858	7.077942567999585e-16	3.4769337095303884e-11	255-70-122-242	255-26-209-210
2859	5.112973616605977e-12	1.2323438649735536e-08	255-70-122-242	255-254-152-44
2860	2.518350539418871e-11	8.727389567447349e-10	255-24-215-202	255-70-122-242
2861	6.782749122526561e-09	1.8022824190435682e-07	255-70-122-242	255-254-152-44
2862	3.144216889396665e-12	9.058487096507422e-07	255-70-122-242	255-254-152-44
2863	1.796093304917765e-12	5.27720511323381e-06	255-70-122-242	255-254-152-44
2864	2.2592711675047485e-13	8.693423196834395e-08	255-70-122-242	255-254-152-44
2865	2.3803579249150773e-21	1.516474598579571e-15	255-24-215-202	255-122-4-2
2866	9.850245553743545e-12	4.242073434790639e-06	255-70-122-242	255-254-152-44
2867	1.5092720949868947e-24	4.4260888130994516e-16	255-70-122-242	255-70-122-242
2868	4.869712232862522e-27	2.1949992871947264e-18	255-70-122-242	255-26-209-210
2869	3.935219814910615e-28	3.164164936098869e-21	255-70-122-242	255-26-209-210
2870	3.4063939313560573e-26	8.919834401827859e-20	255-70-122-242	255-122-4-2
2871	1.4811994052010324e-25	3.648101409475496e-21	255-24-215-202	255-26-209-210
2873	2.5201557350344712e-20	4.215365196942062e-12	255-24-215-202	255-212-231-53
2874	9.940198562727272e-23	2.6099161059749667e-12	255-24-215-202	255-212-231-53
2875	2.817805964867252e-22	1.5987385511103213e-18	255-24-215-202	255-212-231-53
2876	4.29193235100369e-18	3.360698319899329e-15	255-24-215-202	255-212-231-53
2877	2.471814853055131e-28	1.0364108141174968e-19	255-24-215-202	255-212-231-53
2878	1.754351554020174e-26	8.568769946455574e-18	255-70-122-242	255-26-209-210
2879	2.2011853609671426e-23	1.0696322941727612e-14	255-70-122-242	255-212-231-53
2880	1.6756669182002299e-22	8.61376294940438e-13	255-24-215-202	255-26-209-210
2881	1.6540056714695122e-26	5.0139045424883575e-22	255-24-215-202	255-122-4-2
2882	3.3759958341801587e-22	7.355537952886976e-18	255-24-215-202	255-212-231-53
2883	1.454088007267988e-25	2.264383194973501e-20	255-24-215-202	255-212-231-53
2884	1.8919745398250325e-21	6.871359747301857e-16	255-24-215-202	255-26-209-210
2885	2.5838555895878945e-23	2.8025062697187964e-19	255-24-215-202	255-212-231-53
2886	9.690536173837521e-19	6.067137248543244e-12	255-24-215-202	255-26-209-210
2887	2.935452781237674e-20	2.4466153361874143e-15	255-24-215-202	255-26-209-210
2888	7.123047152888027e-10	2.5201985422465747e-06	255-51-172-246	255-70-122-242
2889	2.4461055721292934e-19	4.9883191401114954e-17	255-70-122-242	255-212-231-53
2890	4.7139484926295714e-07	0.0003877124326629	255-53-243-148	255-254-152-44
2891	2.891113771005802e-17	5.759703630679097e-11	255-24-215-202	255-26-209-210
2892	1.9380806209252576e-17	4.032755269262204e-12	255-24-215-202	255-26-209-210
2893	7.9524862077867075e-22	5.486993419296697e-20	255-24-215-202	255-122-4-2
2894	1.7263915521215663e-16	8.52451368437401e-15	255-53-243-148	255-122-4-2
2895	5.309875479598565e-19	3.2446428083751486e-16	255-24-215-202	255-122-4-2
2896	7.067578255978426e-15	7.517112849518265e-13	255-24-215-202	255-122-4-2
2897	5.371314915225816e-12	1.845738060681274e-05	255-128-254-83	255-70-122-242
2898	5.3103007302995005e-11	1.2270839622865887e-09	255-53-243-148	255-70-122-242
2899	1.7690034370647622e-10	2.1332466883549204e-09	255-70-122-242	255-70-122-242
2900	1.560256106794458e-13	7.628474294914433e-13	255-70-122-242	255-101-252-104
2901	4.306050040064981e-12	3.359375963731945e-12	255-24-215-202	255-122-4-2
2902	2.9911015385087856e-08	0.2001622424144653	255-24-215-202	255-122-4-2
2903	3.302333185347957e-14	6.426046090625049e-13	255-24-215-202	255-122-4-2
2904	2.785791296084875e-06	0.0022929777767135	255-232-213-56	255-254-152-44
2905	1.0650215073110931e-06	3.306386224866375e-05	255-24-215-202	255-70-122-242
2906	1.8748041475259407e-08	0.0017657180848541	255-232-213-56	255-70-122-242
2907	1.3775341797373556e-09	0.1083176699487709	255-232-213-56	255-70-122-242
2908	4.5696213893884596e-09	5.025405641442386e-07	255-232-213-56	255-70-122-242
2909	8.85894642551338e-14	2.6895541176009946e-12	255-24-215-202	255-212-231-53
2910	2.1428573323982743e-08	0.0044758014414825	255-232-213-56	255-70-122-242
2911	9.111635665072842e-11	0.0011515785451941	255-232-213-56	255-70-122-242
2912	0.000117051048951	0.0140347227868934	255-232-213-56	255-70-122-242
2913	2.857974062747788e-13	3.179052081314574e-06	255-24-215-202	255-122-4-2
2914	2.631183713239713e-06	0.5854153306859593	255-70-122-242	255-70-122-242
2915	2.1582677998816519e-10	7.442870360925268e-07	255-24-215-202	255-70-122-242
2916	1.1106742088014233e-08	0.0021112483011113	255-232-213-56	255-70-122-242
2917	1.6407819046274447e-19	7.558908489370632e-17	255-24-215-202	255-122-4-2
2918	1.1499165030082348e-23	2.6871994985745244e-20	255-24-215-202	255-122-4-2
2919	1.7036761005753527e-11	6.979515021701708e-05	255-70-122-242	255-26-209-210
2920	6.863025743303082e-20	1.757500191245283e-17	255-24-215-202	255-101-252-104
2921	2.5566488986931897e-23	1.734465055169986e-15	255-70-122-242	255-70-122-242
2922	1.0474822391448403e-19	2.091220242867534e-16	255-70-122-242	255-70-122-242
2923	0.0004555650168507	0.1081722908432854	255-128-254-83	255-122-4-2
2924	0.0443861206513579	0.0026345801513496	255-128-254-83	255-122-4-2
2925	0.0436455229390585	0.0001809845114194	255-128-254-83	255-101-252-104
2926	1.0632250673008344e-11	0.9917807443423512	255-232-213-56	255-212-231-53
2927	3.9086536425275197e-13	0.0073302499301177	255-24-215-202	255-212-231-53
2928	3.1792086505066616e-10	0.547588524716795	255-247-113-27	255-122-4-2
2929	1.1022688395096785e-18	3.607303439385473e-15	255-24-215-202	255-212-231-53
2930	1.4091544286075644e-09	0.0020491097871479	255-24-215-202	255-212-231-53
2931	2.422765692545103e-11	4.0680158834605043e-08	255-70-122-242	255-212-231-53
2932	1.6897305674724128e-10	0.0202037954452856	255-70-122-242	255-26-209-210
2933	9.001188375536622e-13	4.070268391958922e-10	255-24-215-202	255-212-231-53
2934	2.5166319827585614e-11	3.434313993046711e-07	255-24-215-202	255-212-231-53
2935	4.346994885712757e-07	9.378520600166254e-07	255-70-122-242	255-101-252-104
2936	0.0167447829717246	0.0004446087492023	255-122-4-2	255-101-252-104
2937	2.49839397990908e-05	7.139232368084272e-06	255-247-113-27	255-101-252-104
2938	4.157329960476681e-08	1.7219346302345586e-08	255-24-215-202	255-26-209-210
2939	1.0145448525767735e-15	1.320088031087723e-13	255-24-215-202	255-26-209-210
2940	2.933805938483709e-13	4.979622235426525e-12	255-24-215-202	255-122-4-2
2941	9.259318391945584e-18	4.684224559180495e-16	255-24-215-202	255-212-231-53
2942	1.5143308941809258e-17	4.616851190079098e-16	255-24-215-202	255-122-4-2
2943	2.1563371928960288e-19	3.511197808928486e-17	255-24-215-202	255-212-231-53
2944	2.5860350896935864e-21	2.4215964263078057e-19	255-24-215-202	255-122-4-2
2945	5.842744074286781e-20	2.5370697478255344e-16	255-70-122-242	255-212-231-53
2946	1.1262140433533302e-15	6.758697551392888e-12	255-24-215-202	255-122-4-2
2947	1.7879710612870053e-22	7.298382219602115e-18	255-70-122-242	255-212-231-53
2948	3.889497569982816e-20	1.1313743949989049e-17	255-24-215-202	255-122-4-2
2949	1.23400794740217e-13	5.53010058248741e-13	255-24-215-202	255-101-252-104
2950	2.3186411758049167e-25	3.019281979879228e-22	255-24-215-202	255-26-209-210
2951	5.489112093014652e-15	3.3721980379003063e-13	255-70-122-242	255-212-231-53
2952	6.514109709094496e-14	1.716466322599253e-10	255-24-215-202	255-26-209-210
2953	1.0005413370305236e-22	2.5101504375009492e-20	255-70-122-242	255-26-209-210
2954	1.8008373312763541e-19	6.739361816949358e-16	255-24-215-202	255-101-252-104
2955	1.3259826942823149e-21	3.3716896639231237e-18	255-70-122-242	255-101-252-104
2956	4.306615933258455e-25	1.1353414353127339e-20	255-24-215-202	255-26-209-210
2957	5.580871407908184e-17	7.376109813277706e-13	255-24-215-202	255-122-4-2
2958	1.5719134684113578e-18	1.1940689064163426e-16	255-24-215-202	255-26-209-210
2959	9.368462647262155e-21	4.0610231125419657e-17	255-70-122-242	255-101-252-104
2960	7.218129286841755e-23	3.617507196356644e-18	255-24-215-202	255-26-209-210
2961	5.176044095724478e-19	8.804073100231374e-16	255-24-215-202	255-212-231-53
2962	1.125002273436136e-24	9.822901601477816e-21	255-70-122-242	255-122-4-2
2963	1.0870520686231433e-18	3.806556120929357e-16	255-70-122-242	255-212-231-53
2964	7.826618374004388e-24	5.70810911419671e-20	255-24-215-202	255-70-122-242
2965	4.3339514091618186e-21	2.460921309258348e-17	255-24-215-202	255-26-209-210
2966	1.8631284283279737e-19	3.556142986176689e-16	255-24-215-202	255-212-231-53
2967	1.4105183593570854e-20	3.974224054032652e-17	255-70-122-242	255-122-4-2
2968	4.401454653543304e-10	0.0085770571549854	255-232-213-56	255-70-122-242
2969	6.234608995613889e-07	0.174438329743087	255-128-254-83	255-70-122-242
2970	0.0048080627748776	4.184510859320852e-05	255-128-254-83	255-70-122-242
2971	0.0004650850489519	0.0001189933409024	255-232-213-56	255-70-122-242
2972	3.6765224935020176e-14	7.643588826012352e-10	255-24-215-202	255-212-231-53
2973	7.405950062211244e-12	1.988608895040787e-09	255-70-122-242	255-212-231-53
2974	5.349676581097678e-16	1.1106200747519499e-11	255-24-215-202	255-212-231-53
2975	3.407373902402414e-09	1.4259406947386002e-06	255-24-215-202	255-70-122-242
2976	1.6068962226664645e-12	0.0002080166161421	255-24-215-202	255-212-231-53
2977	5.114647447035383e-13	0.0213594727394284	255-24-215-202	255-212-231-53
2978	1.1068325710898468e-11	3.036577580982202e-06	255-24-215-202	255-122-4-2
2979	3.2632097176446105e-07	0.1580704937962752	255-70-122-242	255-26-209-210
2980	6.785050093376097e-09	5.249177681657719e-07	255-24-215-202	255-212-231-53
2981	1.041933538826253e-08	0.8413042601128679	255-232-213-56	255-122-4-2
2982	2.344687591000157e-07	0.7523438013753878	255-232-213-56	255-26-209-210
2983	0.0001986430420579	0.0285979206545229	255-128-254-83	255-122-4-2
2984	8.062740077433004e-13	2.1013086800047277e-11	255-70-122-242	255-101-252-104
2985	1.3393739506427048e-17	7.161909114714738e-16	255-24-215-202	255-122-4-2
2986	2.218969792771127e-16	2.360916138669232e-15	255-24-215-202	255-101-252-104
2987	1.9743740035801212e-20	1.3506078479134134e-17	255-24-215-202	255-212-231-53
2988	8.794524515417207e-19	1.2881593118113975e-16	255-70-122-242	255-122-4-2
2989	5.269967428755383e-15	1.4707872493599353e-13	255-70-122-242	255-212-231-53
2990	2.367753048667069e-23	6.45364258751651e-17	255-24-215-202	255-212-231-53
2991	2.2605664073994475e-19	5.483191524595596e-16	255-24-215-202	255-212-231-53
2992	2.198845868260129e-21	1.4116188878886872e-19	255-24-215-202	255-122-4-2
2993	3.2019579120289536e-22	1.831333833890549e-18	255-24-215-202	255-212-231-53
2994	2.882967794692343e-28	3.7922521285410026e-21	255-24-215-202	255-212-231-53
2995	3.3067137410492177e-21	1.727897109459033e-19	255-24-215-202	255-122-4-2
2996	3.416853341443692e-23	3.5707204525858212e-16	255-24-215-202	255-212-231-53
2997	4.650086350717018e-22	1.4061657766163405e-18	255-24-215-202	255-212-231-53
2998	1.454810573489759e-23	4.166655383959206e-19	255-70-122-242	255-212-231-53
2999	9.434185612432894e-22	1.067725764770744e-17	255-24-215-202	255-212-231-53
3000	1.6066668162359287e-20	7.714513410526005e-19	255-24-215-202	255-26-209-210
3001	1.3932180210201555e-24	4.737494849324071e-20	255-24-215-202	255-122-4-2
3002	4.1229128668972558e-25	5.073383811477615e-21	255-24-215-202	255-212-231-53
3003	3.2399211209239217e-22	1.7097717167308677e-19	255-24-215-202	255-122-4-2
3004	1.4662095277751742e-24	4.616731015098205e-18	255-70-122-242	255-26-209-210
3005	1.7693443428625581e-22	1.470396939264738e-18	255-24-215-202	255-212-231-53
3006	8.925893408263292e-25	5.793411248711303e-21	255-24-215-202	255-212-231-53
3007	8.877270566992203e-21	4.591141455216128e-17	255-70-122-242	255-26-209-210
3008	6.181513426945668e-27	2.677327137928589e-21	255-24-215-202	255-70-122-242
3009	6.529806909461594e-19	1.0793987414121868e-15	255-24-215-202	255-70-122-242
3010	2.2696911826320533e-13	6.88822488955047e-11	255-24-215-202	255-70-122-242
3011	1.7743457890878939e-15	5.434635259505346e-09	255-247-113-27	255-70-122-242
3012	5.687950559546464e-12	2.901443511377951e-07	255-232-213-56	255-254-152-44
3013	2.1901110169825037e-06	0.3838155304989049	255-70-122-242	255-70-122-242
3014	8.105868253724674e-07	0.7869127324313776	255-51-172-246	255-70-122-242
3015	5.452114638960042e-08	0.1116094137326629	255-232-213-56	255-122-4-2
3016	3.43940790049332e-09	0.0015737125387204	255-232-213-56	255-217-56-6
3017	0.0006472370434269	0.3160765255552844	255-232-213-56	255-70-122-242
3018	5.090481857374945e-06	0.0004214396395311	255-232-213-56	255-70-122-242
3019	1.863537083529472e-07	0.0147954532340273	255-232-213-56	255-70-122-242
3020	1.0216941994326128e-08	1.0808097987722694e-06	255-232-213-56	255-70-122-242
3021	1.0041863515596251e-06	0.0101889494631219	255-24-215-202	255-122-4-2
3022	1.217946161560077e-05	3.368872159496574e-06	255-70-122-242	255-212-231-53
3023	0.092793839181481	0.0009633969217784	255-122-4-2	255-101-252-104
3024	3.177612872758305e-05	1.2844452292230798e-05	255-24-215-202	255-70-122-242
3025	0.0056603770733967	0.0002675443545307	255-128-254-83	255-101-252-104
3026	7.918469181927683e-09	0.7898236186962949	255-232-213-56	255-26-209-210
3027	0.1995510017296335	0.0366062678804284	255-128-254-83	255-122-4-2
3028	1.4552948897321594e-05	0.8064682900766201	255-247-113-27	255-26-209-210
3029	3.2550008736671554e-05	0.2916961222868152	255-232-213-56	255-122-4-2
3030	1.1446540119359067e-05	0.8424281683199949	255-247-113-27	255-26-209-210
3031	4.892199906735879e-05	0.0013827697279144	255-24-215-202	255-26-209-210
3032	1.0015310873152691e-06	0.0002200653141042	255-247-113-27	255-26-209-210
3033	0.0002681051831219	0.0004849377578901	255-247-113-27	255-26-209-210
3034	1.7704035861000889e-15	1.7066570046876898e-13	255-24-215-202	255-122-4-2
3035	5.694464738576402e-14	9.425571048007385e-13	255-70-122-242	255-212-231-53
3036	1.7134510976932832e-15	6.773278659009823e-12	255-24-215-202	255-212-231-53
3037	1.6492393683483462e-19	2.1110500779825862e-16	255-24-215-202	255-122-4-2
3038	1.155969715285187e-18	1.4587098698169066e-15	255-24-215-202	255-122-4-2
3039	1.731252305282427e-16	3.6274078207246897e-14	255-24-215-202	255-122-4-2
3040	2.0329644489219868e-16	3.323924076894363e-13	255-24-215-202	255-212-231-53
3041	4.472775067648062e-22	5.071150499267733e-20	255-24-215-202	255-26-209-210
3042	8.351920766654156e-20	8.74542490604734e-15	255-70-122-242	255-26-209-210
3043	1.3050609282161708e-16	3.2813225201810718e-15	255-24-215-202	255-122-4-2
3044	1.7435123796100287e-18	5.806573822765946e-16	255-70-122-242	255-212-231-53
3045	8.247359633199956e-20	1.049781205697459e-17	255-24-215-202	255-122-4-2
3046	5.853820941530209e-21	3.734919647883653e-18	255-70-122-242	255-122-4-2
3047	1.2118269412863405e-18	2.1506594604612164e-16	255-70-122-242	255-122-4-2
3048	5.1623262651174554e-17	3.5874073483374824e-14	255-70-122-242	255-122-4-2
3049	1.6832014731905932e-21	4.142567472381682e-19	255-24-215-202	255-122-4-2
3050	1.1182774265512637e-18	2.847796550651013e-16	255-24-215-202	255-122-4-2
3051	7.357272121414624e-27	3.488257303381786e-23	255-24-215-202	255-26-209-210
3052	6.105710490678889e-11	1.009361673426252e-08	255-70-122-242	255-212-231-53
3053	4.904248202224543e-18	1.976633643992917e-15	255-24-215-202	255-26-209-210
3054	2.749567031498564e-13	4.541988233693333e-12	255-24-215-202	255-26-209-210
3055	8.638585954871823e-19	3.643440921149243e-13	255-24-215-202	255-122-4-2
3056	2.1305700207661747e-27	4.829517592498138e-20	255-24-215-202	255-212-231-53
3057	2.732184332699166e-16	4.006179004547633e-11	255-70-122-242	255-70-122-242
3058	1.0407909116022317e-07	3.7038608429024185e-08	255-70-122-242	255-101-252-104
3059	3.713457162394976e-08	0.0684093441760666	255-232-213-56	255-70-122-242
3060	8.152953933014062e-06	0.0004802642241662	255-53-243-148	255-122-4-2
3061	1.1437180830088128e-06	0.4814316933005677	255-232-213-56	255-70-122-242
3062	5.088744659781031e-09	3.683264628431907e-05	255-70-122-242	255-70-122-242
3063	6.351194064128069e-12	0.0004725039074399	255-70-122-242	255-70-122-242
3064	8.78484636391632e-17	3.6230484592386894e-09	255-232-213-56	255-70-122-242
3065	1.1126934258039447e-20	6.4643819752016195e-12	255-70-122-242	255-122-4-2
3066	3.91411608395461e-16	2.3089130114963012e-11	255-70-122-242	255-212-231-53
3067	1.060056723342616e-05	0.0003571176993556	255-232-213-56	255-70-122-242
3068	0.0002269583405092	0.0215776419662192	255-232-213-56	255-70-122-242
3069	4.9476290377201255e-20	1.7208739981119008e-13	255-70-122-242	255-70-122-242
3070	7.707464164825776e-16	7.116482217622395e-15	255-24-215-202	255-122-4-2
3071	3.562812662879193e-16	4.3858515292390085e-15	255-24-215-202	255-122-4-2
3072	7.597332710621875e-16	1.102451541281286e-13	255-70-122-242	255-70-122-242
3073	7.013740731360191e-19	4.970209390854166e-17	255-70-122-242	255-122-4-2
3074	2.79076830163118e-19	2.4612782842455288e-17	255-24-215-202	255-122-4-2
3075	8.762561495010404e-20	4.803759105448674e-17	255-70-122-242	255-122-4-2
3076	3.1985973637057223e-13	5.388001886980561e-13	255-24-215-202	255-122-4-2
3077	1.1002618548888142e-25	1.0178840617167109e-21	255-24-215-202	255-212-231-53
3078	9.272129138370842e-20	3.2785456643753176e-17	255-24-215-202	255-101-252-104
3079	3.9503835384037776e-22	6.810024902463177e-19	255-70-122-242	255-122-4-2
3080	3.643238639355493e-18	7.643925546778441e-16	255-70-122-242	255-101-252-104
3081	1.2978334114499806e-23	1.7162829898087964e-20	255-70-122-242	255-26-209-210
3082	2.3974192932106155e-12	1.1609427670339864e-11	255-24-215-202	255-122-4-2
3083	1.6191428817783653e-18	2.3993893951428044e-13	255-70-122-242	255-26-209-210
3084	0.0019696396994556	0.0008455914339632	255-24-215-202	255-101-252-104
3085	5.92736051451664e-18	1.6359479145985342e-13	255-24-215-202	255-122-4-2
3086	6.785462822866327e-22	2.0893595818780224e-15	255-24-215-202	255-212-231-53
3087	4.058495623957606e-18	2.634646243022866e-16	255-24-215-202	255-122-4-2
3088	1.874575679159426e-20	2.329502818598251e-18	255-70-122-242	255-101-252-104
3089	2.7089097814326776e-23	9.217324285322852e-21	255-24-215-202	255-122-4-2
3090	1.6297664799501425e-13	1.5182577194361125e-12	255-122-4-2	255-101-252-104
3091	1.9691098558137323e-14	8.101078497292777e-13	255-70-122-242	255-212-231-53
3092	1.1660797648871696e-16	2.870054699307927e-15	255-24-215-202	255-101-252-104
3093	8.232650287012405e-14	1.5902940055547821e-12	255-24-215-202	255-101-252-104
3094	2.744754210849501e-19	2.396207488479422e-16	255-70-122-242	255-26-209-210
3095	7.546161312884868e-21	1.173081362288938e-19	255-24-215-202	255-122-4-2
3096	1.955261333156363e-21	4.145958938704516e-18	255-24-215-202	255-122-4-2
3097	3.96363255568872e-24	1.1112330202318636e-18	255-24-215-202	255-70-122-242
3098	2.3018676706189128e-15	8.008548846014271e-13	255-70-122-242	255-212-231-53
3099	9.284791638705076e-18	7.936087493498266e-16	255-24-215-202	255-212-231-53
3100	3.2448090498353744e-17	1.926047993814803e-15	255-70-122-242	255-122-4-2
3101	6.333646372339081e-16	1.3635731030509824e-12	255-24-215-202	255-212-231-53
3102	2.196805759867652e-11	3.2661840688768853e-09	255-24-215-202	255-70-122-242
3103	1.231804547663283e-19	8.131750325486718e-17	255-24-215-202	255-212-231-53
3104	3.405418239047469e-20	7.759602699979653e-15	255-24-215-202	255-122-4-2
3105	3.39641349416596e-18	2.5565435828156367e-16	255-24-215-202	255-122-4-2
3106	8.914935763585493e-19	1.0468542875548378e-14	255-24-215-202	255-70-122-242
3107	2.6351168067967714e-16	3.178161387264357e-11	255-24-215-202	255-26-209-210
3108	2.7829726113810158e-18	9.594416581281849e-14	255-24-215-202	255-26-209-210
3109	7.229783564827893e-16	3.088009256389668e-12	255-70-122-242	255-254-152-44
3110	1.2137455454198351e-11	3.3018978048479638e-09	255-70-122-242	255-254-152-44
3111	1.2386520018228012e-19	6.95296347721313e-16	255-70-122-242	255-26-209-210
3112	7.830392038995491e-17	9.281757002547757e-14	255-24-215-202	255-212-231-53
3113	1.4106933754459184e-17	1.9419425468370622e-14	255-70-122-242	255-70-122-242
3114	3.4031676111514213e-16	4.8581021419671116e-14	255-70-122-242	255-254-152-44
3115	1.0124279626766162e-15	3.7223723092252797e-11	255-24-215-202	255-122-4-2
3116	9.484050970578111e-10	6.274098612701688e-09	255-24-215-202	255-101-252-104
3117	3.0531189405197376e-08	0.0539516789358672	255-70-122-242	255-26-209-210
3118	3.816160189838933e-19	7.689608413210004e-13	255-24-215-202	255-122-4-2
3119	1.1855433124578865e-21	2.2041393519004716e-17	255-24-215-202	255-122-4-2
3120	1.0381050669082536e-11	6.363703050453036e-08	255-232-213-56	255-70-122-242
3121	1.0963538095445737e-18	2.8194070156339064e-14	255-24-215-202	255-212-231-53
3122	7.932521340307066e-21	7.929176759664677e-17	255-24-215-202	255-212-231-53
3123	1.554749031208966e-21	2.67450740454394e-11	255-24-215-202	255-212-231-53
3124	3.3706083089840998e-22	1.4210254976065526e-15	255-24-215-202	255-212-231-53
3125	1.6189599835178752e-25	4.592523480680038e-17	255-24-215-202	255-212-231-53
3126	6.569308475265228e-24	6.411505265177893e-17	255-24-215-202	255-212-231-53
3127	2.270715221652608e-22	3.1476629490690362e-18	255-24-215-202	255-26-209-210
3128	1.0448537071960774e-12	0.0057666432010059	255-24-215-202	255-70-122-242
3129	5.16721984021434e-20	4.883349274759317e-18	255-24-215-202	255-26-209-210
3130	5.249626154978209e-20	6.357770869538972e-17	255-70-122-242	255-101-252-104
3131	1.4200636880354813e-19	8.053194496013866e-18	255-24-215-202	255-26-209-210
3132	5.014481478308351e-19	6.245908470653042e-18	255-24-215-202	255-26-209-210
3133	1.2080840456616019e-11	2.301111602739722e-09	255-51-172-246	255-70-122-242
3134	7.83073871727869e-19	6.015930097672116e-17	255-24-215-202	255-122-4-2
3135	0.0001433790795887	0.0586251207839827	255-128-254-83	255-70-122-242
3136	1.502016608282232e-18	1.3547559531732253e-13	255-24-215-202	255-122-4-2
3137	2.3829438688651348e-12	4.285037263995064e-11	255-24-215-202	255-26-209-210
3138	7.27782307552432e-13	5.070779215888737e-13	255-24-215-202	255-26-209-210
3139	3.083489072785417e-17	2.0147960941120627e-15	255-24-215-202	255-212-231-53
3140	1.0188866159905273e-06	0.0093392704187014	255-53-243-148	255-70-122-242
3141	4.2640466595170826e-07	0.4678255713585058	255-70-122-242	255-70-122-242
3142	1.1987235510008055e-16	1.7268215161227332e-13	255-70-122-242	255-122-4-2
3143	2.5428729718582444e-11	6.573279398619404e-10	255-70-122-242	255-70-122-242
3144	1.850714475842276e-17	2.1613437836924742e-11	255-70-122-242	255-70-122-242
3145	2.533180799891756e-20	9.04934615099172e-17	255-70-122-242	255-70-122-242
3146	9.644000459498825e-18	2.1271970151345674e-13	255-70-122-242	255-122-4-2
3147	9.104618147756252e-20	3.053012556099987e-17	255-70-122-242	255-122-4-2
3148	2.63526529621526e-16	2.9766282358210785e-13	255-70-122-242	255-70-122-242
3149	2.4633490567261062e-20	2.275340869581099e-15	255-70-122-242	255-122-4-2
3150	1.2169439024812865e-19	8.976036310133759e-17	255-24-215-202	255-26-209-210
3151	3.234360364283621e-10	1.0635002237822307e-09	255-70-122-242	255-70-122-242
3152	2.678652681797739e-07	0.0001590298022239	255-70-122-242	255-122-4-2
3153	8.863610549137736e-05	0.0250976272754486	255-128-254-83	255-122-4-2
3154	0.0677042703480837	3.6795881503170645e-05	255-128-254-83	255-101-252-104
3155	0.0007135676927737	0.0629169292678226	255-232-213-56	255-254-152-44
3156	0.0023815423265954	0.0197448122645888	255-232-213-56	255-254-152-44
3157	0.4988838861748032	0.0001698957945121	255-128-254-83	255-101-252-104
3158	0.0001420870528205	0.0102208226119605	255-232-213-56	255-122-4-2
3159	0.0054317212111652	7.906587959178286e-05	255-187-244-52	255-101-252-104
3160	4.698094909955668e-08	0.0009652494024669	255-232-213-56	255-122-4-2
3161	4.4133043602032004e-12	5.337314815974891e-13	255-24-215-202	255-212-231-53
3162	8.360869185209882e-13	2.5199229335416858e-11	255-24-215-202	255-122-4-2
3163	1.5082392760932834e-13	2.4129666264523657e-13	255-24-215-202	255-122-4-2
3164	1.7511286361537788e-12	2.5432788689249977e-11	255-24-215-202	255-122-4-2
3165	3.4844665720247416e-08	0.028997304600381	255-232-213-56	255-122-4-2
3166	2.4287408569700586e-12	1.0667201804950084e-11	255-24-215-202	255-122-4-2
3167	2.9299624102502337e-10	1.0654581036103255e-09	255-24-215-202	255-122-4-2
3168	6.113165934258902e-10	3.8376503330534746e-08	255-24-215-202	255-122-4-2
3169	2.298882407098917e-06	0.1941618840212891	255-70-122-242	255-70-122-242
3170	1.1096164592872616e-14	6.467949177868567e-12	255-70-122-242	255-254-152-44
3171	6.229663412412926e-07	9.614289351736183e-07	255-70-122-242	255-70-122-242
3172	1.1262091712036327e-10	0.0009951483698582	255-232-213-56	255-122-4-2
3173	7.120885745525013e-14	5.6613018952303075e-14	255-53-243-148	255-70-122-242
3174	6.81569394276956e-12	3.6907063275721448e-06	255-232-213-56	255-70-122-242
3175	3.5871459860273636e-20	2.4494448188415188e-18	255-24-215-202	255-26-209-210
3176	7.205213282605404e-14	1.8844069034037396e-10	255-53-243-148	255-70-122-242
3177	2.194519432772597e-18	3.173785875538219e-11	255-24-215-202	255-26-209-210
3178	6.909477980988654e-18	5.867315178409954e-15	255-70-122-242	255-122-4-2
3179	4.52435517169617e-06	0.0944082637845966	255-53-243-148	255-254-152-44
3180	2.986341503646675e-17	8.213898900992004e-16	255-70-122-242	255-122-4-2
3181	1.6502900100206843e-08	0.0129602973141179	255-232-213-56	255-70-122-242
3182	0.0429794146702849	2.1023729124590485e-05	255-128-254-83	255-101-252-104
3183	0.0008087567099256	0.0044846040505135	255-232-213-56	255-254-152-44
3184	0.0502209256511744	4.29042068203395e-05	255-128-254-83	255-101-252-104
3185	0.0075790248151877	2.220165748224161e-06	255-128-254-83	255-70-122-242
3186	0.0438645801559026	0.0005368403705355	255-128-254-83	255-101-252-104
3187	3.4638902431452176e-10	0.6500876129860605	255-232-213-56	255-122-4-2
3188	4.8897844120334846e-11	0.7678861586370533	255-247-113-27	255-212-231-53
3189	6.227754395371314e-15	1.0313239387231883e-09	255-24-215-202	255-26-209-210
3190	1.3198536954285262e-10	0.1013539532587701	255-24-215-202	255-26-209-210
3191	7.87366752742372e-12	0.7761049947663519	255-232-213-56	255-122-4-2
3192	3.13928041754126e-07	0.0001068459729454	255-24-215-202	255-70-122-242
3193	0.0566983136548054	0.0715335084126245	255-232-213-56	255-122-4-2
3194	1.0008703913810294e-06	2.7236265951395756e-08	255-122-4-2	255-70-122-242
3195	0.0079674638314862	0.0001952056530429	255-128-254-83	255-101-252-104
3196	0.0079674638314862	0.0001952056530429	255-128-254-83	255-101-252-104
3197	2.564427246466607e-05	0.0006090391993395	255-24-215-202	255-122-4-2
3198	0.1039584237418688	0.0005866352705953	255-128-254-83	255-101-252-104
3199	1.2721972551805758e-17	3.0226122906725824e-16	255-24-215-202	255-122-4-2
3200	0.0297069302998981	0.0018217349686109	255-128-254-83	255-101-252-104
3201	0.0107543417644975	0.0005802827241321	255-128-254-83	255-101-252-104
3202	3.0562620267910637e-21	1.7098102435572586e-19	255-24-215-202	255-122-4-2
3203	2.599243249539509e-25	8.799177933774966e-20	255-24-215-202	255-26-209-210
3204	5.733534046208999e-23	9.416507738677061e-21	255-24-215-202	255-122-4-2
3205	9.224768683874828e-21	4.3752895407571877e-16	255-24-215-202	255-26-209-210
3206	3.0086242597862668e-21	4.1842184202619443e-19	255-24-215-202	255-122-4-2
3207	8.473330080613601e-24	3.228581965663576e-17	255-70-122-242	255-212-231-53
3208	1.5969432856676917e-29	1.1030013867418833e-18	255-70-122-242	255-212-231-53
3209	3.003768746152646e-19	7.879884698664237e-17	255-24-215-202	255-122-4-2
3210	7.184768454090219e-23	3.759596364169612e-15	255-70-122-242	255-212-231-53
3211	1.7292886415073314e-22	3.708787138324161e-15	255-70-122-242	255-212-231-53
3212	1.3345147389154602e-21	1.0856827450891023e-16	255-70-122-242	255-101-252-104
3213	7.150256740274818e-22	4.741900963497925e-18	255-70-122-242	255-101-252-104
3214	1.0758263154445548e-19	2.0443349017836772e-14	255-70-122-242	255-212-231-53
3215	9.144665684658808e-24	8.395664821280745e-21	255-70-122-242	255-122-4-2
3216	2.5538685002732813e-18	8.476855949832617e-17	255-24-215-202	255-122-4-2
3217	7.313944478941959e-22	3.950119171264048e-20	255-70-122-242	255-101-252-104
3218	6.59618311231731e-25	1.2775326429655234e-20	255-24-215-202	255-26-209-210
3219	4.0642585617021117e-26	2.829607443261893e-21	255-24-215-202	255-26-209-210
3220	1.5055254204668633e-21	2.1444668209529186e-17	255-24-215-202	255-70-122-242
3221	3.4514914554033885e-24	6.551830642984455e-20	255-24-215-202	255-101-252-104
3222	8.125362942413182e-27	2.1831437395609523e-21	255-24-215-202	255-26-209-210
3223	2.529644676995175e-12	1.0269789809613308e-09	255-70-122-242	255-70-122-242
3224	2.720422546746914e-28	1.4709614727197957e-22	255-24-215-202	255-26-209-210
3225	1.60634117460401e-16	1.946845730435343e-11	255-247-113-27	255-70-122-242
3226	3.9684942167753e-28	6.966609409614273e-23	255-70-122-242	255-26-209-210
3227	3.8603809209659924e-13	6.285697516304285e-09	255-24-215-202	255-70-122-242
3228	2.166990139125533e-28	9.320908831349731e-25	255-24-215-202	255-26-209-210
3229	5.06221336453866e-21	7.073170998279492e-18	255-24-215-202	255-26-209-210
3230	4.805296711137229e-08	1.2327670484734476e-05	255-222-62-8	255-122-4-2
3231	5.3588570679955654e-12	3.183658641422405e-07	255-70-122-242	255-70-122-242
3232	2.3788902343492444e-15	8.769144976901712e-08	255-24-215-202	255-70-122-242
3233	3.5308514992220643e-22	2.3929634595354073e-16	255-70-122-242	255-70-122-242
3234	4.497421008291387e-21	1.1727675557162251e-14	255-24-215-202	255-70-122-242
3235	5.2068655958829245e-09	1.7682301661230786e-05	255-222-62-8	255-217-56-6
3236	1.6225482635633005e-13	1.4913765238015274e-08	255-247-113-27	255-70-122-242
3237	3.9556805115863086e-12	3.740947825974054e-09	255-24-215-202	255-122-4-2
3238	3.527260257567597e-18	1.8772761832258294e-12	255-24-215-202	255-212-231-53
3239	0.0002000753805422	0.0049139632515107	255-128-254-83	255-254-152-44
3240	3.542912341061227e-13	1.180338901699513e-13	255-24-215-202	255-212-231-53
3241	3.7151879360042566e-17	7.057244381866908e-17	255-24-215-202	255-122-4-2
3242	2.5774207981060493e-11	8.227971081218062e-09	255-70-122-242	255-212-231-53
3243	4.9177451877016925e-09	2.252878256988281e-07	255-122-4-2	255-122-4-2
3244	0.0038292948020005	6.732873112282004e-05	255-128-254-83	255-101-252-104
3246	5.843990845015865e-11	0.0029648034492914	255-24-215-202	255-26-209-210
3247	1.3383249866490714e-10	0.5410989135067537	255-232-213-56	255-122-4-2
3248	2.8633702598697604e-07	0.9606217353614802	255-232-213-56	255-217-56-6
3249	2.1636741749742886e-10	0.99582074876559	255-232-213-56	255-26-209-210
3250	2.466206820895663e-06	0.9681879918907178	255-232-213-56	255-217-56-6
3251	3.966637615801123e-08	0.7679753067469548	255-247-113-27	255-26-209-210
3252	1.0521536723059229e-08	0.630331563148037	255-232-213-56	255-26-209-210
3253	4.283561107205287e-05	0.7983163361475734	255-232-213-56	255-26-209-210
3254	1.500260467483031e-09	0.9987781566671856	255-232-213-56	255-26-209-210
3255	1.6008530796866872e-08	0.9314214566600668	255-232-213-56	255-26-209-210
3256	3.48531857232269e-11	0.980213525998343	255-232-213-56	255-26-209-210
3257	0.2718796309753416	0.1026945194146957	255-187-244-52	255-122-4-2
3258	1.2084871486550946e-07	0.9805937204025424	255-232-213-56	255-26-209-210
3259	0.0314709585535752	0.1208419333887938	255-232-213-56	255-122-4-2
3260	0.1203153686048649	0.363480623964587	255-232-213-56	255-122-4-2
3261	0.0077733951016399	0.5251826439672727	255-187-244-52	255-26-209-210
3262	0.000841498384029	0.000122627143972	255-247-113-27	255-70-122-242
3263	3.046164941750778e-20	6.3644090191374725e-16	255-70-122-242	255-212-231-53
3264	4.095788050923043e-26	2.4502424975130494e-15	255-70-122-242	255-212-231-53
3265	2.3070624029874847e-22	4.515218406793311e-15	255-70-122-242	255-212-231-53
3266	4.146699692575711e-19	1.643211190506963e-17	255-24-215-202	255-122-4-2
3267	5.606898846402318e-19	1.927093092889133e-15	255-70-122-242	255-212-231-53
3268	2.1832772195783647e-16	2.8222933204318715e-15	255-24-215-202	255-101-252-104
3269	3.193898786137084e-17	2.915589303381525e-15	255-70-122-242	255-26-209-210
3270	2.603607579032672e-24	6.0675247049593974e-18	255-24-215-202	255-212-231-53
3271	7.407723679460064e-22	2.9007739117324243e-19	255-24-215-202	255-122-4-2
3272	2.6511550987079725e-25	9.278622614546296e-16	255-70-122-242	255-212-231-53
3273	1.1139621855586045e-20	9.430870841945849e-18	255-24-215-202	255-122-4-2
3274	2.0051922571038176e-27	4.104419102104969e-22	255-24-215-202	255-212-231-53
3275	2.5513505985658105e-23	1.753907924305205e-18	255-70-122-242	255-122-4-2
3276	4.713280797114959e-23	5.734423674223454e-19	255-24-215-202	255-122-4-2
3277	8.770644676358556e-17	1.2818016230743853e-12	255-70-122-242	255-70-122-242
3278	4.570372560386657e-16	4.6958289963370223e-14	255-24-215-202	255-122-4-2
3279	1.5253021107629333e-14	7.468666828947445e-13	255-24-215-202	255-26-209-210
3280	1.0884793865996401e-26	1.9642814476271158e-17	255-70-122-242	255-70-122-242
3281	1.3795929875929564e-19	8.974596040591345e-16	255-24-215-202	255-122-4-2
3282	6.773111909144559e-19	1.2925033342075786e-15	255-24-215-202	255-70-122-242
3283	7.507366872755523e-10	0.0088007904191641	255-232-213-56	255-70-122-242
3284	1.546842028479027e-05	0.0005684739867254	255-53-243-148	255-70-122-242
3285	2.973723455919194e-11	0.9382129329894372	255-247-113-27	255-122-4-2
3286	2.16784139516326e-13	1.996577309944524e-11	255-24-215-202	255-122-4-2
3287	5.692003960342183e-14	4.486462178833056e-12	255-24-215-202	255-122-4-2
3288	4.2268119109516315e-10	8.00897773605253e-12	255-24-215-202	255-122-4-2
3289	2.3583463704755743e-14	2.8577728828940322e-15	255-24-215-202	255-122-4-2
3290	1.2307086199923795e-10	3.664557964585031e-09	255-70-122-242	255-101-252-104
3291	0.0002306535743815	3.769149078220324e-05	255-24-215-202	255-26-209-210
3292	9.79145751328577e-13	2.0723766952237647e-10	255-70-122-242	255-212-231-53
3293	0.0125692548926665	0.0008977723722085	255-128-254-83	255-26-209-210
3294	3.161687424480669e-18	4.4363718030383783e-16	255-70-122-242	255-70-122-242
3295	5.043576382074684e-06	6.0766584840480265e-05	255-232-213-56	255-212-231-53
3296	4.6050943209750206e-07	1.382255124992414e-07	255-232-213-56	255-212-231-53
3297	5.161812896875875e-10	3.094468961681753e-09	255-70-122-242	255-26-209-210
3298	0.322793119825195	0.2527268343866246	255-187-244-52	255-26-209-210
3299	0.0043735133584381	0.0427269955167573	255-247-113-27	255-122-4-2
3300	2.70011419950113e-06	6.283363132919036e-06	255-232-213-56	255-26-209-210
3301	0.0820494107758542	0.0311939583783213	255-247-113-27	255-122-4-2
3302	2.130939155655087e-09	2.750381885811991e-10	255-24-215-202	255-70-122-242
3303	0.0646397645370612	0.0015058214237529	255-122-4-2	255-70-122-242
3304	0.2072507260091777	0.0001714433130093	255-128-254-83	255-101-252-104
3305	0.011012449141898	0.3887111116170146	255-232-213-56	255-26-209-210
3306	0.2596136489685848	0.0022329817198438	255-128-254-83	255-101-252-104
3307	0.2063756962678629	0.0131667639984288	255-232-213-56	255-26-209-210
3308	0.2140066455987889	0.0424414641315172	255-128-254-83	255-26-209-210
3309	0.0001805908363085	0.000626732293681	255-122-4-2	255-70-122-242
3310	5.347164944546058e-08	3.074132729640098e-07	255-247-113-27	255-26-209-210
3311	0.0018860464555779	0.8129061513528992	255-232-213-56	255-26-209-210
3312	4.570076169803351e-08	0.0003157387108547	255-247-113-27	255-122-4-2
3313	4.005826284931381e-15	7.877557690895183e-12	255-24-215-202	255-212-231-53
3314	3.261100508082391e-14	2.452707752134406e-12	255-24-215-202	255-212-231-53
3315	1.03370137389791e-17	2.3489977568426912e-14	255-24-215-202	255-212-231-53
3316	1.2376692353572066e-18	1.9587975363968903e-15	255-24-215-202	255-122-4-2
3317	2.4842770765593043e-20	1.54395136226647e-17	255-24-215-202	255-26-209-210
3318	1.0299664413804022e-18	4.869875978839509e-16	255-70-122-242	255-212-231-53
3319	2.40466736156647e-22	9.447882311693992e-20	255-24-215-202	255-122-4-2
3320	1.7883554884489573e-17	1.801820776007177e-15	255-70-122-242	255-122-4-2
3321	7.354351768182939e-21	8.387630193272605e-18	255-70-122-242	255-212-231-53
3322	9.372188818268177e-24	4.063735769472175e-18	255-70-122-242	255-70-122-242
3323	1.407873743762163e-19	2.1853146090743948e-15	255-70-122-242	255-70-122-242
3324	1.391318909231298e-18	1.6201242852381597e-15	255-70-122-242	255-26-209-210
3325	7.128727756814186e-17	2.1680329887485828e-12	255-24-215-202	255-122-4-2
3326	6.257927262784806e-22	2.162814013640492e-17	255-70-122-242	255-70-122-242
3327	1.5902908057589524e-20	2.0067828523685132e-18	255-70-122-242	255-122-4-2
3328	3.5443889038159214e-16	3.2443323828330973e-10	255-70-122-242	255-122-4-2
3329	3.4095776340401004e-09	1.622221480820625e-07	255-70-122-242	255-212-231-53
3330	5.075921783469205e-07	6.425298809081814e-07	255-70-122-242	255-70-122-242
3331	8.345682360308988e-17	3.701237715468564e-12	255-70-122-242	255-122-4-2
3332	1.5797978202807172e-20	1.939799269744676e-14	255-70-122-242	255-122-4-2
3333	2.1206268852998703e-14	1.891738884058354e-11	255-70-122-242	255-70-122-242
3334	1.7176117400989907e-16	1.0465221540409762e-06	255-24-215-202	255-122-4-2
3335	1.2226770168662671e-09	3.945986278700309e-06	255-232-213-56	255-212-231-53
3336	3.462864928253963e-22	6.85171954031898e-14	255-70-122-242	255-122-4-2
3337	2.258442212416241e-25	1.5104727101710804e-22	255-70-122-242	255-70-122-242
3338	1.1905088108780248e-24	9.724550589685337e-19	255-70-122-242	255-122-4-2
3339	6.30417035950984e-12	2.6258537418763085e-05	255-232-213-56	255-254-152-44
3340	2.9830563631096185e-18	2.7336862450075257e-15	255-70-122-242	255-70-122-242
3341	2.19850394857556e-08	5.3011465595519775e-09	255-128-254-83	255-70-122-242
3342	1.401474954597227e-21	2.1025385891152128e-17	255-24-215-202	255-70-122-242
3343	7.312317494116478e-14	1.0710658829695839e-07	255-24-215-202	255-70-122-242
3344	1.0601295278583654e-09	0.0001539476607321	255-232-213-56	255-122-4-2
3345	3.771908980363099e-18	1.5039179588196642e-16	255-70-122-242	255-122-4-2
3346	9.471959344136193e-18	7.200829710367522e-15	255-70-122-242	255-212-231-53
3347	1.3246961969574164e-21	6.237837102809095e-17	255-24-215-202	255-212-231-53
3348	4.1800873761163575e-24	1.0150422430983469e-21	255-24-215-202	255-122-4-2
3349	1.232726323019579e-21	2.0050978682015842e-20	255-24-215-202	255-122-4-2
3350	1.6276070501615782e-20	1.0233704585363464e-17	255-70-122-242	255-122-4-2
3351	1.3198684817811529e-22	8.840825268653919e-17	255-70-122-242	255-212-231-53
3352	6.4799229898829305e-31	1.0294505923815813e-21	255-70-122-242	255-212-231-53
3353	1.039954984472158e-28	1.045085034712413e-18	255-24-215-202	255-212-231-53
3354	1.602505296094617e-23	1.3367794477308444e-18	255-24-215-202	255-122-4-2
3355	1.393428316383938e-32	1.5255324743741392e-22	255-70-122-242	255-212-231-53
3356	7.206283427779121e-20	6.23468155047899e-15	255-24-215-202	255-212-231-53
3357	2.2002447581167263e-25	2.8906809425544875e-17	255-70-122-242	255-212-231-53
3358	4.581192167244633e-27	1.382355529326042e-18	255-70-122-242	255-212-231-53
3359	7.592950893648892e-25	1.0953062692527416e-19	255-70-122-242	255-212-231-53
3360	5.392307950813053e-27	2.056990005545886e-21	255-24-215-202	255-212-231-53
3361	2.100769324691818e-21	7.562611374910405e-15	255-70-122-242	255-212-231-53
3362	1.9210065317060432e-23	3.890178766398047e-21	255-24-215-202	255-26-209-210
3363	3.09973909154979e-23	1.3054239496720324e-17	255-70-122-242	255-212-231-53
3364	3.0269833948689617e-19	1.8519135599998716e-16	255-70-122-242	255-212-231-53
3365	2.185817679903363e-15	2.309202948327835e-13	255-70-122-242	255-212-231-53
3366	7.041918401652256e-07	2.0375569663777523e-06	255-122-4-2	255-101-252-104
3367	1.3768925273862059e-12	4.929610190957418e-12	255-24-215-202	255-122-4-2
3368	3.0227945105534976e-19	1.1181431860623086e-16	255-24-215-202	255-26-209-210
3369	5.67549272452406e-17	3.972603409406546e-13	255-24-215-202	255-212-231-53
3370	4.037112007982892e-16	6.515894101757828e-13	255-70-122-242	255-212-231-53
3371	1.7148356738010062e-20	6.565908008180609e-18	255-70-122-242	255-212-231-53
3372	2.020679352039897e-23	2.3236017850842826e-18	255-24-215-202	255-212-231-53
3373	3.252357014082214e-23	1.0390012977307438e-17	255-24-215-202	255-212-231-53
3374	3.241996112778577e-21	4.241131656461054e-16	255-70-122-242	255-70-122-242
3375	1.239387106573479e-10	1.2628080658985183e-10	255-24-215-202	255-26-209-210
3376	3.5259496657645877e-15	2.0123376009725248e-11	255-24-215-202	255-122-4-2
3377	2.671088152533688e-17	6.35947640041843e-14	255-70-122-242	255-212-231-53
3378	1.9276015842346031e-23	2.9995742199940737e-15	255-24-215-202	255-122-4-2
3379	5.084224274876962e-18	2.4398151570710385e-11	255-70-122-242	255-122-4-2
3380	5.669741607766812e-13	2.431685244061312e-13	255-24-215-202	255-26-209-210
3381	1.2444330600088509e-14	8.043065996598153e-11	255-24-215-202	255-122-4-2
3382	9.366720529982702e-19	2.946792969270022e-15	255-70-122-242	255-26-209-210
3383	2.5288367998877e-14	6.230307069465605e-11	255-24-215-202	255-212-231-53
3384	1.1464382369146288e-17	5.4965795320141564e-14	255-24-215-202	255-122-4-2
3385	2.8147744301786014e-14	2.1248751072531985e-11	255-24-215-202	255-70-122-242
3386	1.3337663598180488e-11	1.0386051979520176e-06	255-70-122-242	255-70-122-242
3387	3.2587815227503516e-11	2.035199666970463e-09	255-53-243-148	255-254-152-44
3388	1.5517252641296733e-20	5.628403774265836e-18	255-24-215-202	255-26-209-210
3389	7.071433933644447e-12	7.821152150408695e-07	255-70-122-242	255-70-122-242
3390	6.661530070492819e-16	8.7698516283146e-09	255-24-215-202	255-70-122-242
3391	3.800458113099809e-12	1.905191864874673e-08	255-24-215-202	255-122-4-2
3392	3.562952437647096e-13	5.554162316774845e-10	255-70-122-242	255-212-231-53
3393	2.534234834589693e-11	4.2101089163283445e-07	255-24-215-202	255-122-4-2
3394	6.441408562705239e-07	0.0006104892779793	255-232-213-56	255-217-56-6
3395	9.226497135228465e-09	0.0002596391196036	255-70-122-242	255-70-122-242
3396	2.0551742401395587e-23	5.334563762536109e-19	255-24-215-202	255-212-231-53
3397	5.3201242196356356e-24	2.515180635133602e-20	255-70-122-242	255-70-122-242
3398	2.898828338876189e-06	0.0388569171071068	255-232-213-56	255-70-122-242
3399	5.585461081622938e-14	2.4297848493588794e-06	255-232-213-56	255-70-122-242
3400	6.495120449016238e-24	1.5521380074836911e-19	255-24-215-202	255-212-231-53
3401	7.124532560703379e-26	1.1360719105999635e-20	255-24-215-202	255-26-209-210
3402	7.671283109075322e-19	1.1356287804899785e-12	255-70-122-242	255-70-122-242
3403	6.697822143727738e-20	3.3881134696850644e-14	255-24-215-202	255-70-122-242
3404	1.277150797577007e-25	2.408370889439573e-21	255-24-215-202	255-70-122-242
3405	8.082988509491442e-25	3.1694575327162013e-19	255-24-215-202	255-26-209-210
3406	5.723740340754421e-13	6.798630881576202e-11	255-24-215-202	255-70-122-242
3407	4.654968302355544e-24	6.509379553672361e-20	255-24-215-202	255-70-122-242
3408	1.2244679102042654e-12	3.122399382945812e-07	255-187-244-52	255-70-122-242
3409	1.2460331590646288e-29	4.6452136917071705e-24	255-70-122-242	255-26-209-210
3410	3.872523235812952e-31	1.60428629153783e-22	255-24-215-202	255-26-209-210
3411	2.4406118900868343e-32	1.5080250726001664e-25	255-24-215-202	255-26-209-210
3412	4.515779902272411e-21	5.540459186651704e-13	255-24-215-202	255-70-122-242
3413	8.670656137675917e-24	9.989292595878303e-20	255-24-215-202	255-122-4-2
3414	1.1159131712782529e-23	1.7568058790565306e-15	255-24-215-202	255-26-209-210
3415	3.4287299164032944e-19	1.5762308979495844e-11	255-24-215-202	255-70-122-242
3416	1.0275928663815863e-28	8.375047383634048e-20	255-24-215-202	255-26-209-210
3417	8.729050150895417e-07	0.067485321098139	255-128-254-83	255-254-152-44
3418	5.508513100133606e-20	1.521950970702432e-14	255-70-122-242	255-212-231-53
3419	3.3424191140045446e-24	1.0742095315397528e-19	255-24-215-202	255-122-4-2
3420	1.6452916378674392e-14	1.1256110264948524e-06	255-232-213-56	255-70-122-242
3421	2.279199619711821e-18	6.069000695637419e-16	255-24-215-202	255-212-231-53
3422	1.4048520406795234e-20	8.60986581300874e-13	255-70-122-242	255-212-231-53
3423	7.177105794321865e-12	1.9839279744711013e-07	255-128-254-83	255-70-122-242
3424	1.456585909288158e-13	8.484676081157858e-11	255-24-215-202	255-70-122-242
3425	6.749716019435473e-20	4.162969202867258e-17	255-24-215-202	255-122-4-2
3426	9.17574356183679e-13	1.05258429109922e-09	255-70-122-242	255-70-122-242
3427	1.369800484793287e-13	1.1613515643441677e-07	255-24-215-202	255-70-122-242
3428	3.428226331837558e-07	0.0001299567985117	255-53-243-148	255-70-122-242
3429	2.513206821235898e-09	1.46093895578963e-06	255-53-243-148	255-70-122-242
3430	2.800205108169321e-06	0.0034873716377457	255-128-254-83	255-70-122-242
3431	1.4843063915407478e-15	2.2802713432803385e-14	255-24-215-202	255-212-231-53
3432	3.5977921523711148e-06	0.0138104379010819	255-232-213-56	255-70-122-242
3433	1.4603872882649998e-10	1.005731406974852e-09	255-70-122-242	255-212-231-53
3434	8.573317856260045e-20	7.412314887655252e-16	255-70-122-242	255-212-231-53
3435	3.921105986263111e-24	6.621166616042524e-17	255-24-215-202	255-212-231-53
3436	1.6827948666615438e-14	1.682903934160043e-08	255-70-122-242	255-70-122-242
3437	2.973384699756364e-23	7.137285639285789e-16	255-24-215-202	255-70-122-242
3438	2.0885104561335432e-11	8.251088947212363e-09	255-70-122-242	255-122-4-2
3439	6.185782037015437e-19	1.3351047415977897e-15	255-180-27-1	255-122-4-2
3440	6.502584604946788e-13	7.134117757759657e-07	255-70-122-242	255-122-4-2
3441	7.449469984115541e-18	1.80498719407287e-09	255-24-215-202	255-122-4-2
3442	0.002426985122755	0.0860064686076566	255-232-213-56	255-254-152-44
3443	0.0453192032279439	1.9705289846724884e-05	255-53-243-148	255-70-122-242
3444	0.0338615444344784	5.345795728606704e-06	255-128-254-83	255-101-252-104
3445	1.7901125510939765e-11	3.0730100826631414e-12	255-70-122-242	255-101-252-104
3446	6.080849485195129e-06	0.001574596118363	255-24-215-202	255-26-209-210
3447	3.111597088518141e-13	2.4462168488094812e-09	255-24-215-202	255-122-4-2
3448	7.467590303510123e-13	1.8509856045357224e-12	255-24-215-202	255-122-4-2
3449	1.0749850158548417e-17	2.673773209478873e-16	255-24-215-202	255-122-4-2
3450	1.063086270400542e-09	1.4349137275699572e-08	255-24-215-202	255-212-231-53
3451	1.4692207447730832e-14	6.388033265276734e-13	255-24-215-202	255-122-4-2
3452	0.012578724843764	0.001229659582006	255-128-254-83	255-70-122-242
3453	7.868512532430534e-12	6.607047986853647e-11	255-247-113-27	255-101-252-104
3454	0.0217108867164358	0.0001296792424089	255-128-254-83	255-70-122-242
3455	0.0003562010110122	2.8017262060516025e-05	255-232-213-56	255-70-122-242
3456	1.5186476876627017e-05	5.222224863355066e-07	255-128-254-83	255-70-122-242
3457	1.091946576159378e-08	0.0004662060303833	255-232-213-56	255-217-56-6
3458	0.0141047453764931	0.0045040498055422	255-128-254-83	255-70-122-242
3459	7.725403438795662e-11	3.611975881589504e-10	255-247-113-27	255-101-252-104
3460	3.567774746160844e-11	8.458273760473673e-10	255-128-254-83	255-122-4-2
3461	6.341524415571499e-14	5.439025851368631e-11	255-247-113-27	255-70-122-242
3462	5.029780103180775e-13	3.201773843308199e-12	255-128-254-83	255-70-122-242
3463	3.61837795699029e-12	6.065914764916662e-11	255-247-113-27	255-70-122-242
3464	2.2419619563505104e-16	7.613792348971653e-15	255-24-215-202	255-122-4-2
3465	2.946476379868853e-19	8.090123772844566e-18	255-70-122-242	255-70-122-242
3466	1.3093555759060792e-22	1.3472489281618197e-18	255-70-122-242	255-122-4-2
3467	9.867208983615856e-20	3.446322191282973e-15	255-70-122-242	255-70-122-242
3468	2.249201607976666e-18	9.344997257450209e-16	255-70-122-242	255-212-231-53
3469	2.084505123726201e-16	3.850414491133201e-09	255-232-213-56	255-212-231-53
3470	7.696386305743425e-19	6.16563247731501e-18	255-24-215-202	255-212-231-53
3471	9.672060411579432e-22	2.247041134305692e-17	255-70-122-242	255-70-122-242
3472	1.1132926635415144e-15	9.578905594089369e-11	255-70-122-242	255-70-122-242
3473	4.783370821867644e-20	9.307636776276531e-10	255-70-122-242	255-122-4-2
3474	9.131139929007016e-07	0.0119420164802631	255-232-213-56	255-122-4-2
3475	1.6447874580854332e-06	0.0026864476358787	255-232-213-56	255-217-56-6
3476	6.815372076888071e-10	0.0113292496135272	255-232-213-56	255-70-122-242
3477	3.9507618809156756e-14	0.1388695782814463	255-232-213-56	255-70-122-242
3478	2.6535737857155283e-17	0.2494941028945348	255-70-122-242	255-26-209-210
3479	0.0001323964731598	0.0147920279410891	255-232-213-56	255-217-56-6
3480	9.77248089838612e-05	0.0909885019437362	255-232-213-56	255-254-152-44
3481	0.0012750914738838	2.8742841637837755e-05	255-53-243-148	255-212-231-53
3482	0.0094252885622269	0.0035975329348506	255-53-243-148	255-254-152-44
3483	0.0758306872107922	0.0007053898691678	255-128-254-83	255-70-122-242
3484	0.3239212100841117	0.0007908486148141	255-128-254-83	255-101-252-104
3485	0.011885323997366	1.1613487522277191e-06	255-128-254-83	255-70-122-242
3486	0.0983565923798529	0.0002899111058899	255-187-244-52	255-101-252-104
3487	1.3198375654382744e-14	0.702660486882358	255-232-213-56	255-122-4-2
3488	4.3039112700471645e-08	0.9058488791901756	255-232-213-56	255-26-209-210
3489	6.98761732695621e-13	3.3080106990646236e-09	255-247-113-27	255-122-4-2
3490	1.0189611404519823e-05	0.3030594488486947	255-247-113-27	255-122-4-2
3491	0.0003076323405187	0.0191801458742352	255-187-244-52	255-26-209-210
3492	0.0005997861657707	0.0036920627933531	255-187-244-52	255-26-209-210
3493	2.69545360521949e-05	6.347089664754827e-05	255-70-122-242	255-212-231-53
3494	2.5519639092380183e-08	2.683330487640943e-08	255-70-122-242	255-212-231-53
3495	8.114284478528695e-05	0.0005492152122601	255-187-244-52	255-122-4-2
3496	0.0539382832104037	0.0042472467351972	255-122-4-2	255-101-252-104
3497	1.2851573349964713e-13	1.3495132187169716e-10	255-70-122-242	255-212-231-53
3498	1.646721513020514e-09	3.834218312251702e-09	255-70-122-242	255-254-152-44
3499	1.3041038824121439e-15	4.516496199432017e-16	255-70-122-242	255-254-152-44
3500	1.3905843193524686e-13	3.3408949291202597e-12	255-24-215-202	255-122-4-2
3501	3.235147598142868e-11	4.99980196142579e-10	255-24-215-202	255-212-231-53
3502	1.9198484456681988e-10	6.581126643605335e-11	255-128-254-83	255-70-122-242
3503	1.25834074781263e-10	1.91552409980902e-10	255-70-122-242	255-122-4-2
3504	2.0944177854675344e-15	2.1005908537132006e-14	255-53-243-148	255-122-4-2
3505	5.541935093142168e-28	3.77920791955167e-20	255-70-122-242	255-212-231-53
3506	4.913884547775828e-27	8.561528714591191e-20	255-70-122-242	255-212-231-53
3507	3.334120312765542e-31	3.765407739570328e-20	255-70-122-242	255-212-231-53
3508	3.602980383989572e-22	6.668276095932655e-19	255-24-215-202	255-26-209-210
3509	7.137531544694372e-18	9.886618449749906e-16	255-24-215-202	255-122-4-2
3510	5.65532552103119e-26	3.866994832223794e-16	255-70-122-242	255-212-231-53
3511	1.0397452253122747e-16	2.741976548598468e-14	255-24-215-202	255-122-4-2
3512	1.3514844375832186e-26	8.468583324908877e-17	255-70-122-242	255-212-231-53
3513	3.238693442703293e-25	3.7501281360236e-15	255-70-122-242	255-212-231-53
3514	5.7597130748930555e-22	1.203251947013541e-16	255-70-122-242	255-26-209-210
3515	2.1655335498254062e-27	4.559288523743225e-22	255-24-215-202	255-26-209-210
3516	1.081253660019374e-26	1.3166459735095985e-21	255-70-122-242	255-122-4-2
3517	2.6288102082970433e-26	3.506776680828914e-23	255-24-215-202	255-122-4-2
3518	4.114884363940364e-24	2.8719446884884553e-20	255-70-122-242	255-122-4-2
3519	1.1337880416868959e-21	1.8461359723678155e-18	255-24-215-202	255-70-122-242
3520	7.621318923586331e-23	3.415438641967009e-17	255-70-122-242	255-212-231-53
3521	2.060984406960076e-30	4.470479549595655e-25	255-24-215-202	255-70-122-242
3522	4.8144251207133716e-30	1.0579011555399144e-24	255-24-215-202	255-122-4-2
3523	6.174851533874058e-26	2.790745993913503e-22	255-70-122-242	255-70-122-242
3524	1.1203474282077867e-27	5.606223571902064e-21	255-70-122-242	255-26-209-210
3525	2.491243832496049e-20	4.5492721469508975e-17	255-70-122-242	255-70-122-242
3526	1.0274080339641541e-18	1.2627186983493297e-13	255-70-122-242	255-70-122-242
3527	1.7305180657195124e-16	5.390219935146584e-09	255-70-122-242	255-70-122-242
3528	3.4632745013269815e-11	0.0122962219332606	255-232-213-56	255-70-122-242
3529	7.084685006007459e-14	1.845907527444769e-13	255-24-215-202	255-122-4-2
3530	4.158173158437856e-15	2.1441635922758707e-15	255-24-215-202	255-101-252-104
3531	1.7605339950016088e-15	1.1946334213159154e-14	255-24-215-202	255-122-4-2
3532	0.0255148629045522	0.0003545213910561	255-187-244-52	255-254-152-44
3533	1.0201411188218717e-08	0.5540596340633899	255-232-213-56	255-217-56-6
3534	4.302864397470871e-09	0.9512629459700888	255-232-213-56	255-26-209-210
3535	4.724933723300582e-07	0.9243212898332616	255-247-113-27	255-26-209-210
3536	1.406219024713558e-09	0.99826588289197	255-232-213-56	255-26-209-210
3537	1.7641062766609302e-08	0.997524892571126	255-232-213-56	255-26-209-210
3538	2.15086096463624e-09	0.9996304319900952	255-232-213-56	255-26-209-210
3539	0.1157585810049611	0.12232450363374	255-187-244-52	255-26-209-210
3540	0.8275424895052955	0.0036174333235928	255-187-244-52	255-122-4-2
3541	0.0049603396982351	0.9059124102690642	255-232-213-56	255-26-209-210
3542	0.0010076747763715	0.3949719620885376	255-247-113-27	255-26-209-210
3543	0.087394160602679	0.020245392732628	255-232-213-56	255-122-4-2
3544	0.7144814825915784	1.4276734024347455e-05	255-187-244-52	255-101-252-104
3545	0.1058882581167691	0.0007429601874907	255-53-243-148	255-101-252-104
3546	0.0153599107565439	0.0107169007771524	255-247-113-27	255-26-209-210
3547	0.0146161123467895	5.517433011096792e-05	255-128-254-83	255-101-252-104
3548	0.013721181218174	0.002324769404004	255-232-213-56	255-26-209-210
3549	5.12542050287447e-09	3.369806270039355e-06	255-70-122-242	255-212-231-53
3550	0.0019649450035905	0.000240054881578	255-70-122-242	255-101-252-104
3551	3.34774695734635e-14	1.9392623165978287e-11	255-70-122-242	255-26-209-210
3552	0.0004778615678398	0.000249588863832	255-51-172-246	255-101-252-104
3553	0.0034412850376376	0.0268126841855845	255-122-4-2	255-26-209-210
3554	0.1407754252448445	0.1411561747837239	255-128-254-83	255-101-252-104
3555	2.897885725637797e-08	2.7230662402821324e-06	255-70-122-242	255-101-252-104
3556	1.7596928841641668e-05	0.0013178551557745	255-24-215-202	255-26-209-210
3557	2.3636047304414954e-26	1.4457252268484097e-19	255-24-215-202	255-212-231-53
3558	1.190661936986342e-05	5.412538737794236e-05	255-70-122-242	255-101-252-104
3559	0.0005298151348381	1.1429160469035058e-05	255-187-244-52	255-70-122-242
3560	4.817499648637248e-23	1.0227803873577262e-17	255-70-122-242	255-212-231-53
3561	1.2460046727795615e-06	9.292302135053154e-06	255-122-4-2	255-101-252-104
3562	1.5338756549785632e-06	3.8705433525118456e-05	255-70-122-242	255-254-152-44
3563	2.9430864784783627e-24	9.180419958788723e-17	255-24-215-202	255-212-231-53
3564	6.474195885074061e-23	1.263754176326641e-17	255-70-122-242	255-212-231-53
3565	2.3560447775110104e-06	7.2256548257789265e-06	255-70-122-242	255-101-252-104
3566	1.3503194875862856e-12	1.1896521901449377e-11	255-24-215-202	255-26-209-210
3567	1.682923819468662e-12	1.1585617934541382e-10	255-70-122-242	255-101-252-104
3568	1.7154362796093947e-19	2.188072980990404e-15	255-70-122-242	255-212-231-53
3569	5.170550682457761e-09	5.076363798241631e-07	255-70-122-242	255-101-252-104
3570	3.198492711738584e-21	1.3989478930490222e-14	255-70-122-242	255-212-231-53
3571	1.2321137070371262e-20	4.909521342480572e-14	255-24-215-202	255-212-231-53
3572	5.1114329144048216e-14	1.801778990817421e-13	255-24-215-202	255-101-252-104
3573	3.566863131610947e-19	1.1092461928034696e-15	255-70-122-242	255-212-231-53
3574	4.3080944050806917e-11	1.069222320960726e-09	255-70-122-242	255-212-231-53
3575	1.9793689891296e-17	5.372515511934834e-15	255-70-122-242	255-70-122-242
3576	4.044525761844533e-28	2.9181202569669503e-21	255-70-122-242	255-122-4-2
3577	3.600905122153028e-15	6.188375942671415e-11	255-70-122-242	255-122-4-2
3578	3.4148528845808514e-14	1.5181764894416418e-07	255-24-215-202	255-70-122-242
3579	5.154352264706069e-13	8.175995990510426e-12	255-24-215-202	255-101-252-104
3580	6.210945099087919e-13	2.9834098361428005e-08	255-24-215-202	255-70-122-242
3581	2.157957064855939e-13	1.2384818502289556e-13	255-24-215-202	255-122-4-2
3582	8.040052862130118e-08	7.344571859293571e-07	255-53-243-148	255-122-4-2
3583	0.0001506624429514	1.1436854274172135e-05	255-53-243-148	255-70-122-242
3584	1.2298853474589471e-11	3.774647638657337e-05	255-70-122-242	255-70-122-242
3585	1.986029910182297e-09	0.1086857734972272	255-232-213-56	255-70-122-242
3586	2.048246213493877e-05	0.0286185854126996	255-128-254-83	255-70-122-242
3587	8.944086288602062e-15	3.2060928995298108e-15	255-24-215-202	255-122-4-2
3588	6.584424009410145e-13	9.247553417402835e-10	255-24-215-202	255-122-4-2
3589	9.031009575503128e-06	0.0001914548455699	255-24-215-202	255-122-4-2
3590	8.108223823381228e-07	0.0034762229943359	255-232-213-56	255-122-4-2
3591	3.1837912057671633e-11	2.1345223846063342e-10	255-24-215-202	255-122-4-2
3592	1.0592083861498151e-11	1.3276672870579918e-11	255-24-215-202	255-101-252-104
3593	5.590497917416122e-09	8.298729942162645e-10	255-24-215-202	255-101-252-104
3594	1.678130482369296e-05	1.197700595477204e-05	255-24-215-202	255-26-209-210
3595	0.0550560810993778	0.0005021146969632	255-187-244-52	255-70-122-242
3596	2.65408370171197e-13	1.1710013964423705e-12	255-53-243-148	255-122-4-2
3597	1.1071227118683092e-16	5.259966561858525e-15	255-247-113-27	255-70-122-242
3598	5.30098249951645e-08	1.4167935543554843e-09	255-128-254-83	255-101-252-104
3599	0.0013562344822448	5.224441536243506e-05	255-128-254-83	255-70-122-242
3600	2.2817724332182004e-08	2.755212621069043e-07	255-70-122-242	255-122-4-2
3601	6.247438980880747e-14	6.545779048958289e-11	255-70-122-242	255-26-209-210
3602	3.2455373845753766e-11	2.732642494818334e-10	255-70-122-242	255-122-4-2
3603	2.8552625539429718e-09	1.1630442431436509e-08	255-70-122-242	255-122-4-2
3604	4.892958116242556e-05	6.489136938283258e-05	255-70-122-242	255-122-4-2
3605	0.0037232953299691	0.0003324112354053	255-70-122-242	255-212-231-53
3606	8.739445824334065e-11	1.453450377216938e-09	255-70-122-242	255-101-252-104
3607	0.0008684202850142	0.0002230962864758	255-70-122-242	255-212-231-53
3608	3.386808845920829e-10	5.5174156847799355e-09	255-70-122-242	255-212-231-53
3609	1.5424249117531616e-05	0.0948680307266465	255-247-113-27	255-122-4-2
3610	0.8353020995844981	0.040692099957243	255-187-244-52	255-122-4-2
3611	2.2386236461111926e-10	4.6559612980773565e-11	255-70-122-242	255-101-252-104
3612	8.381389958496041e-06	1.6454896726999488e-06	255-70-122-242	255-212-231-53
3613	5.011693089931528e-09	3.555229509673685e-08	255-70-122-242	255-212-231-53
3614	0.972858016830888	0.0017204846382101	255-187-244-52	255-122-4-2
3615	0.0263118997863543	0.0075625505679451	255-128-254-83	255-101-252-104
3616	0.004758785713522	6.823869908904583e-05	255-232-213-56	255-70-122-242
3617	0.983889291461673	0.0005166801755941	255-187-244-52	255-122-4-2
3618	1.4343811606038765e-08	1.1758545948610015e-09	255-24-215-202	255-101-252-104
3619	0.004120996567889	0.0251986873949395	255-122-4-2	255-26-209-210
3620	0.1947029838660946	0.0130154870589592	255-187-244-52	255-26-209-210
3621	0.1480373813276007	0.0007041297648061	255-128-254-83	255-101-252-104
3622	0.003465474249894	0.049386290877446	255-232-213-56	255-26-209-210
3623	0.0012780791487456	0.7526871897376958	255-187-244-52	255-26-209-210
3624	0.1212378973717576	0.0009362017293451	255-128-254-83	255-101-252-104
3625	0.1317831295523045	0.0186804067442812	255-232-213-56	255-122-4-2
3626	0.2710193696972109	0.081975834993533	255-232-213-56	255-122-4-2
3627	0.3384044917719188	0.0004675997734719	255-128-254-83	255-101-252-104
3628	5.351626624382317e-07	0.9977525037554524	255-232-213-56	255-26-209-210
3629	0.0384038791484923	0.0071286142293686	255-70-122-242	255-101-252-104
3630	2.836596951877617e-09	3.329472777426156e-06	255-232-213-56	255-212-231-53
3631	0.0902688816861898	0.0861258637781475	255-128-254-83	255-26-209-210
3632	0.0062327635009528	0.4105574348647869	255-232-213-56	255-26-209-210
3633	0.0514226874321149	0.0957481399852702	255-122-4-2	255-101-252-104
3634	2.2679192125876068e-05	0.0170600088693792	255-247-113-27	255-26-209-210
3635	9.967520185390431e-10	1.6911713688020016e-06	255-70-122-242	255-212-231-53
3636	9.746976957325631e-05	0.0002635301628665	255-70-122-242	255-122-4-2
3637	1.8528468911677383e-05	0.0001212737310144	255-24-215-202	255-122-4-2
3638	1.4300002208461292e-19	4.455460658166934e-16	255-70-122-242	255-212-231-53
3639	5.345677908729452e-17	2.664217772073502e-13	255-70-122-242	255-212-231-53
3640	4.9909478319753255e-21	5.818421456456388e-13	255-70-122-242	255-212-231-53
3641	9.735921890406209e-11	3.0850296424777797e-10	255-70-122-242	255-101-252-104
3642	3.661649654021027e-18	1.1562197296081356e-15	255-70-122-242	255-212-231-53
3643	6.0256805907459115e-24	4.388188252773462e-15	255-24-215-202	255-212-231-53
3644	2.175068891209575e-18	2.9015916220336355e-17	255-70-122-242	255-212-231-53
3645	2.8006776958643934e-22	2.286498383550306e-16	255-70-122-242	255-212-231-53
3646	8.94867502296658e-22	8.49815852195788e-18	255-70-122-242	255-26-209-210
3647	2.243868696095515e-21	1.8414819399480665e-14	255-70-122-242	255-122-4-2
3648	2.046534437471792e-09	6.856586674880987e-07	255-70-122-242	255-70-122-242
3649	9.075932574989736e-23	3.552501037285505e-18	255-70-122-242	255-212-231-53
3650	2.1592687454957814e-08	5.86598054276291e-06	255-24-215-202	255-70-122-242
3651	1.1707700052293766e-22	3.475048841844163e-18	255-24-215-202	255-122-4-2
3652	7.299978314113189e-11	6.978179204063546e-07	255-24-215-202	255-122-4-2
3653	8.738586779996767e-20	2.884345730874373e-16	255-24-215-202	255-122-4-2
3654	5.472605325972212e-08	1.8074617348127016e-06	255-24-215-202	255-70-122-242
3655	2.6695474716907593e-14	1.9111992416672305e-08	255-70-122-242	255-70-122-242
3656	8.612608799323876e-15	8.657733669353061e-11	255-222-62-8	255-70-122-242
3657	4.330924998020054e-24	2.849354325810007e-16	255-222-62-8	255-122-4-2
3658	1.0643466274475188e-25	1.26995981254142e-21	255-180-27-1	255-212-231-53
3659	1.7327020970522184e-15	2.5448707091560826e-12	255-24-215-202	255-122-4-2
3660	7.024571990824285e-29	4.902180175680867e-26	255-70-122-242	255-101-252-104
3661	3.378059307153086e-26	1.3243480675311253e-22	255-247-113-27	255-70-122-242
3662	9.056335134187814e-28	3.842494404955712e-16	255-70-122-242	255-122-4-2
3663	6.829205635456106e-28	4.313082802443527e-21	255-24-215-202	255-70-122-242
3664	1.947430171297735e-21	2.1993743540394382e-10	255-70-122-242	255-212-231-53
3665	1.671051132496445e-27	7.769169123661819e-22	255-24-215-202	255-70-122-242
3666	2.9661529403304228e-21	5.35933898759642e-16	255-70-122-242	255-70-122-242
3667	1.679432679215221e-16	1.7639465334375686e-14	255-24-215-202	255-122-4-2
3668	1.6102565763345392e-19	2.443980254258889e-15	255-24-215-202	255-70-122-242
3669	2.655174466980351e-23	3.3515613699773455e-17	255-24-215-202	255-70-122-242
3670	1.7181083414024945e-05	0.0118489127207017	255-232-213-56	255-217-56-6
3671	1.6198407682359848e-17	6.466381615730988e-17	255-128-254-83	255-101-252-104
3672	2.884526941822695e-16	1.7837879157656862e-14	255-70-122-242	255-122-4-2
3673	8.824991301912459e-14	5.243673822514594e-09	255-70-122-242	255-70-122-242
3674	2.597016175576784e-09	5.124254932706251e-10	255-128-254-83	255-70-122-242
3675	7.331878076994143e-12	8.73497667867573e-13	255-128-254-83	255-70-122-242
3676	3.5396623210380704e-14	5.887214159615302e-14	255-53-243-148	255-212-231-53
3677	1.2828657154582598e-05	7.877133423859947e-06	255-232-213-56	255-26-209-210
3678	3.1005283750145494e-12	1.2693040505294103e-09	255-24-215-202	255-122-4-2
3679	1.3637061033809891e-09	8.065580622881161e-10	255-24-215-202	255-212-231-53
3680	1.9552142549719522e-14	3.081241308399906e-13	255-70-122-242	255-212-231-53
3681	1.6976726190031472e-20	6.312877435518147e-19	255-24-215-202	255-122-4-2
3682	2.8136121935988092e-30	2.80038013027524e-20	255-70-122-242	255-212-231-53
3683	2.1082846413196364e-21	6.370584476143995e-16	255-70-122-242	255-212-231-53
3684	2.3501348839373098e-23	9.038519279350391e-17	255-70-122-242	255-212-231-53
3685	6.70314097309543e-27	3.9821531998104557e-20	255-70-122-242	255-212-231-53
3686	5.242078411877361e-29	7.384237755906356e-19	255-70-122-242	255-212-231-53
3687	2.6902275247477006e-24	8.314435370823721e-17	255-70-122-242	255-212-231-53
3688	1.5897736998982355e-25	2.766642699914e-18	255-70-122-242	255-212-231-53
3689	1.9222799758228874e-24	1.0778241230029057e-21	255-70-122-242	255-26-209-210
3690	1.1610285846395013e-25	3.948051670172449e-21	255-70-122-242	255-212-231-53
3691	1.4092549870605722e-20	4.2926269534212573e-16	255-70-122-242	255-212-231-53
3692	3.5528907250285114e-20	8.289690764442021e-13	255-70-122-242	255-212-231-53
3693	2.1723052348486902e-11	2.5456429621577046e-09	255-70-122-242	255-212-231-53
3694	6.979497987396263e-22	8.535042197090204e-19	255-70-122-242	255-212-231-53
3695	2.203958137773241e-05	0.0009546911385974	255-122-4-2	255-101-252-104
3696	2.0008676346496098e-18	3.8254933503892215e-16	255-24-215-202	255-212-231-53
3697	2.64098336356649e-05	0.0019324328023208	255-122-4-2	255-70-122-242
3698	9.663282339336176e-05	0.0003282573920038	255-70-122-242	255-70-122-242
3699	3.221646727152135e-05	8.177859693212098e-05	255-70-122-242	255-70-122-242
3700	7.72196727078676e-05	0.0010940484260447	255-70-122-242	255-101-252-104
3701	2.14249866876664e-07	2.9182595915165767e-06	255-122-4-2	255-70-122-242
3702	0.0015885980374523	0.0101321246773589	255-122-4-2	255-101-252-104
3703	1.6411235777672504e-06	0.0005973656039811	255-70-122-242	255-26-209-210
3704	5.58884326421759e-08	1.3458772756219872e-08	255-24-215-202	255-101-252-104
3705	4.7651579728665146e-08	1.1196675134880151e-06	255-24-215-202	255-70-122-242
3706	5.016088432666382e-10	2.204072135628967e-09	255-70-122-242	255-101-252-104
3707	6.098330001208517e-16	2.146920340687173e-12	255-70-122-242	255-212-231-53
3708	5.920347131180013e-20	2.277099842694608e-17	255-70-122-242	255-101-252-104
3709	2.7772744458885893e-23	1.6172537874295005e-17	255-24-215-202	255-212-231-53
3710	9.067633567151538e-16	4.897948628456643e-13	255-24-215-202	255-212-231-53
3711	3.847557690389621e-25	5.772183303775573e-16	255-24-215-202	255-212-231-53
3712	7.158956883267641e-26	8.598491749992825e-17	255-24-215-202	255-212-231-53
3713	8.866895517490243e-24	1.4790813410366008e-19	255-70-122-242	255-26-209-210
3714	9.892081673892452e-10	1.0095200531496113e-08	255-24-215-202	255-26-209-210
3715	1.854345299320905e-18	1.427036529382119e-13	255-24-215-202	255-122-4-2
3716	9.357548962348118e-22	3.0193587270952977e-14	255-24-215-202	255-122-4-2
3717	2.7200960360590166e-09	1.155786039201568e-07	255-70-122-242	255-101-252-104
3718	1.1130466821702603e-16	3.5710498257027965e-14	255-24-215-202	255-122-4-2
3719	1.1223701618093562e-19	9.287842755352854e-16	255-24-215-202	255-26-209-210
3720	9.004214559236709e-13	7.058894084884204e-12	255-24-215-202	255-101-252-104
3721	1.5073830221201126e-16	3.480058695681997e-14	255-70-122-242	255-212-231-53
3722	2.3622466898383785e-07	9.716989317216177e-08	255-24-215-202	255-122-4-2
3723	1.8360648050841144e-18	2.7655725133091303e-15	255-24-215-202	255-212-231-53
3724	5.215833707653511e-15	3.479851736152737e-13	255-70-122-242	255-212-231-53
3725	9.650614855006888e-20	3.0904394434568475e-14	255-70-122-242	255-122-4-2
3726	2.7689380579970047e-18	1.3384492856158893e-13	255-24-215-202	255-122-4-2
3727	1.282271850835682e-17	1.307319777006637e-16	255-70-122-242	255-101-252-104
3728	1.7405051005002837e-19	1.110205731947885e-15	255-70-122-242	255-101-252-104
3729	3.0207416605586294e-19	4.234245345853086e-13	255-24-215-202	255-122-4-2
3730	1.038409757882455e-06	3.739931461908744e-06	255-24-215-202	255-70-122-242
3731	7.245144753846914e-15	0.3623312124506772	255-232-213-56	255-70-122-242
3732	4.871770797379147e-12	0.00037915474695	255-232-213-56	255-26-209-210
3733	1.5461680744162193e-14	0.0051079832695676	255-232-213-56	255-212-231-53
3734	7.332330578344995e-09	0.0060279587982944	255-70-122-242	255-26-209-210
3735	1.0806067873248929e-08	4.476759100278154e-05	255-128-254-83	255-70-122-242
3736	1.2999253652446283e-09	1.8484411046014448e-06	255-53-243-148	255-217-56-6
3737	4.942642937785724e-13	3.526674151558022e-07	255-70-122-242	255-70-122-242
3738	2.8912624405823013e-18	7.722879617370994e-14	255-70-122-242	255-70-122-242
3739	2.933163329783177e-23	1.093316576596306e-19	255-24-215-202	255-101-252-104
3740	1.3062625393557982e-19	5.962110843647175e-15	255-70-122-242	255-70-122-242
3741	3.4931563374474494e-13	1.6811453861599554e-08	255-70-122-242	255-70-122-242
3742	2.627555804120332e-25	3.973130878719106e-19	255-24-215-202	255-26-209-210
3743	7.144034686229652e-22	6.091971304424924e-19	255-24-215-202	255-101-252-104
3744	6.846901361278752e-13	1.1188756421500142e-08	255-70-122-242	255-70-122-242
3745	6.950564094751796e-27	2.0934374529846426e-23	255-70-122-242	255-70-122-242
3746	1.3589473675590469e-27	1.482914041367614e-19	255-24-215-202	255-26-209-210
3747	2.959403914567609e-31	8.902710629634467e-23	255-70-122-242	255-26-209-210
3748	9.781730084239984e-28	2.9277126132105487e-22	255-70-122-242	255-26-209-210
3749	2.550646977451132e-27	2.765758888242757e-20	255-24-215-202	255-26-209-210
3750	4.4595847005448367e-32	1.6668302860880016e-23	255-70-122-242	255-26-209-210
3751	1.3692481295871564e-15	9.415880954856744e-09	255-70-122-242	255-70-122-242
3752	2.7029124060789557e-21	1.243616038037706e-13	255-70-122-242	255-212-231-53
3753	6.1317171352547135e-22	3.072311518579892e-15	255-24-215-202	255-70-122-242
3754	1.9391489857918446e-16	3.246407086064462e-13	255-70-122-242	255-212-231-53
3755	1.438107032487164e-20	2.7193886206431687e-14	255-24-215-202	255-26-209-210
3756	8.183468520609681e-16	1.6768041734449974e-09	255-24-215-202	255-70-122-242
3757	1.4214459567330231e-16	5.875343976445741e-15	255-24-215-202	255-122-4-2
3758	5.605008503505968e-17	3.57469101374205e-13	255-24-215-202	255-70-122-242
3759	2.147730803624e-15	9.987299011644904e-13	255-24-215-202	255-70-122-242
3760	1.056985523527719e-12	1.3759897716404234e-09	255-24-215-202	255-70-122-242
3761	4.0205882458910513e-14	1.2231094637890549e-12	255-24-215-202	255-26-209-210
3762	1.898738133164381e-12	5.361755305499365e-12	255-24-215-202	255-70-122-242
3763	1.67892319254801e-10	5.920318069848478e-06	255-24-215-202	255-70-122-242
3764	8.386047312018263e-09	0.0062419304124955	255-128-254-83	255-70-122-242
3765	8.20224405369275e-14	1.1396143118778484e-13	255-24-215-202	255-212-231-53
3766	1.8417938235325026e-12	2.251378980885679e-07	255-187-244-52	255-254-152-44
3767	3.139550942116489e-12	3.343430199975537e-11	255-70-122-242	255-212-231-53
3768	1.5519170476532837e-15	5.673670270908478e-07	255-24-215-202	255-70-122-242
3769	4.3934198633833206e-14	1.1253404781497023e-08	255-70-122-242	255-212-231-53
3770	2.1983917334117648e-23	6.902935409529959e-15	255-24-215-202	255-212-231-53
3771	1.5449410285718337e-23	8.694472763973067e-18	255-70-122-242	255-26-209-210
3772	4.051776126847544e-30	1.6271000695450328e-20	255-24-215-202	255-26-209-210
3773	2.3088538443151258e-33	8.448813990500472e-25	255-24-215-202	255-212-231-53
3774	4.845527193923304e-23	1.2930960932089568e-16	255-70-122-242	255-212-231-53
3775	9.322056117566286e-12	2.843833841443695e-09	255-24-215-202	255-122-4-2
3776	4.0358363867011865e-27	4.062571206279445e-21	255-24-215-202	255-212-231-53
3777	5.95667102449036e-23	8.868308818537616e-21	255-180-27-1	255-122-4-2
3778	1.1282925691295817e-13	1.0433484859248939e-11	255-180-27-1	255-122-4-2
3779	6.249698587122431e-10	1.8085741394537166e-09	255-70-122-242	255-101-252-104
3780	2.040851246261538e-12	1.6026106586008951e-10	255-70-122-242	255-70-122-242
3781	2.7583097973853888e-06	0.1255577422356273	255-232-213-56	255-254-152-44
3782	0.0009847042124483	8.513737562982816e-06	255-128-254-83	255-101-252-104
3783	0.0003782223203876	4.777242880224124e-06	255-53-243-148	255-101-252-104
3784	2.802674391257657e-05	0.1216499797572342	255-232-213-56	255-254-152-44
3785	0.0010253189687074	4.596496768712589e-05	255-122-4-2	255-70-122-242
3786	0.0964076102116313	5.4209984198945766e-05	255-128-254-83	255-70-122-242
3787	6.539896214517745e-05	0.030345741329996	255-128-254-83	255-254-152-44
3788	0.0547790495915818	0.0008551175696739	255-53-243-148	255-101-252-104
3789	0.0021384227180364	0.0002165657857485	255-187-244-52	255-101-252-104
3790	0.0002204878431938	0.6441082453497097	255-232-213-56	255-254-152-44
3791	2.681886674003313e-10	1.1369312000650859e-11	255-51-172-246	255-122-4-2
3792	2.157464599988825e-11	5.362067932628442e-10	255-24-215-202	255-101-252-104
3793	0.1225302827739	0.0006096091376178	255-128-254-83	255-70-122-242
3794	0.0282257914057363	0.0017136067187622	255-128-254-83	255-70-122-242
3795	0.0004574773520779	0.159234610298668	255-232-213-56	255-70-122-242
3796	7.55932803261247e-11	5.101436473402885e-09	255-24-215-202	255-101-252-104
3797	5.1533432206780166e-08	1.252695465043394e-08	255-53-243-148	255-101-252-104
3798	7.608333781565239e-12	5.6708411540216405e-11	255-24-215-202	255-70-122-242
3799	2.2529113845036604e-10	0.4290032886154463	255-222-62-8	255-212-231-53
3800	9.86802457947792e-10	1.2144482553468436e-08	255-53-243-148	255-122-4-2
3801	2.046722532393869e-13	2.868525708830036e-13	255-24-215-202	255-101-252-104
3802	3.096637632455466e-16	2.7153102986499832e-14	255-24-215-202	255-122-4-2
3803	1.1215772074719889e-11	1.4235612378917096e-12	255-53-243-148	255-101-252-104
3804	4.567257462310535e-19	1.2127460559194113e-17	255-70-122-242	255-70-122-242
3805	6.811974127624028e-15	9.255194483968495e-11	255-53-243-148	255-70-122-242
3806	1.05736189495914e-20	2.279098826352067e-18	255-24-215-202	255-122-4-2
3807	2.0306221503431904e-14	9.752432259653461e-08	255-70-122-242	255-212-231-53
3808	6.536031031043704e-27	4.146047545588025e-23	255-70-122-242	255-122-4-2
3809	1.4319499598390058e-26	2.2672043666291928e-21	255-70-122-242	255-122-4-2
3810	1.6994083282276588e-25	1.0976210862203062e-19	255-70-122-242	255-70-122-242
3811	2.717996786902678e-26	1.7817084434921428e-17	255-70-122-242	255-122-4-2
3812	2.8411473930362265e-23	5.294505159378087e-18	255-70-122-242	255-70-122-242
3813	2.6262226104807632e-23	7.906412772164622e-15	255-70-122-242	255-70-122-242
3814	2.7316327060849598e-11	6.862456411592444e-11	255-128-254-83	255-122-4-2
3815	9.8210418798543e-18	1.4589680649604e-14	255-128-254-83	255-70-122-242
3816	5.373069394011965e-15	1.1798181806687292e-10	255-70-122-242	255-212-231-53
3817	1.5948071867102758e-15	0.0099549724065494	255-232-213-56	255-70-122-242
3818	1.3222709022154361e-15	0.0003099630804939	255-70-122-242	255-70-122-242
3819	1.572333988758815e-13	6.047510943441895e-08	255-70-122-242	255-70-122-242
3820	1.1084123700147084e-17	0.6998732815140651	255-232-213-56	255-70-122-242
3821	1.1693222673801179e-07	0.0063113358960499	255-232-213-56	255-70-122-242
3822	0.0054733927260838	0.0409600809843663	255-232-213-56	255-254-152-44
3823	9.703210835941072e-05	8.104056173804424e-06	255-53-243-148	255-101-252-104
3824	0.002291575893052	2.4429937240273905e-05	255-53-243-148	255-70-122-242
3825	0.011632395678781	0.0035181905204302	255-232-213-56	255-254-152-44
3826	5.624024008251562e-05	1.9607109956810117e-05	255-128-254-83	255-254-152-44
3827	0.2668600139943318	0.0002207537015184	255-128-254-83	255-101-252-104
3828	2.6350544796151257e-11	0.7859688327434652	255-70-122-242	255-212-231-53
3829	0.032169066470244	8.969944337338422e-06	255-128-254-83	255-101-252-104
3830	0.104843306844566	0.0197971478455886	255-128-254-83	255-26-209-210
3831	1.3183774906122096e-05	0.981659025952848	255-232-213-56	255-122-4-2
3832	1.8910758522625386e-07	0.7025404480765867	255-232-213-56	255-26-209-210
3833	0.0083649084580325	0.0014011817078998	255-53-243-148	255-26-209-210
3834	0.0098350769461941	0.0087195234528114	255-187-244-52	255-70-122-242
3835	3.41844615142892e-06	0.3422616726771967	255-247-113-27	255-26-209-210
3836	8.137731804828675e-07	0.9986503000884438	255-232-213-56	255-26-209-210
3837	0.0001074802167656	0.4252738482281666	255-187-244-52	255-122-4-2
3838	0.3408360673968616	0.484134458455017	255-187-244-52	255-26-209-210
3839	3.220909601862238e-06	0.0031370305536007	255-24-215-202	255-122-4-2
3840	0.1740723706412525	0.051128712374615	255-187-244-52	255-26-209-210
3841	3.270061671238683e-06	0.0001376594835385	255-122-4-2	255-26-209-210
3842	0.0429940308873342	0.1545122395504325	255-70-122-242	255-101-252-104
3843	0.4529811391638758	0.1958427840165421	255-187-244-52	255-26-209-210
3844	0.0299350294348081	0.0001378963006056	255-187-244-52	255-26-209-210
3845	0.0036785606869357	0.0034963477546434	255-232-213-56	255-26-209-210
3846	0.0457246742824272	0.0063914934276073	255-232-213-56	255-122-4-2
3847	0.0011794242738	0.0001053685927085	255-128-254-83	255-101-252-104
3848	1.4415056575070182e-06	0.00027578984164	255-247-113-27	255-26-209-210
3849	1.4647334987619068e-08	1.7125803894781678e-07	255-70-122-242	255-122-4-2
3850	2.0353737539639587e-12	1.517075979036128e-09	255-70-122-242	255-212-231-53
3851	0.1450269279881208	0.0004163011395038	255-128-254-83	255-101-252-104
3852	0.0024315717825367	0.0087401140439982	255-128-254-83	255-122-4-2
3853	8.680311087141226e-06	1.533118002432588e-05	255-70-122-242	255-122-4-2
3854	3.825380650188193e-14	3.0957834871718644e-13	255-24-215-202	255-122-4-2
3855	0.0011980870901141	0.0001132254385759	255-128-254-83	255-101-252-104
3856	3.3971664805008305e-11	4.922715585675199e-09	255-70-122-242	255-212-231-53
3857	2.4754411738231572e-14	2.033797580072293e-13	255-24-215-202	255-212-231-53
3858	9.19815006215586e-14	1.5091172154512921e-12	255-24-215-202	255-122-4-2
3859	3.8045153434018463e-16	1.9194032791414143e-14	255-24-215-202	255-122-4-2
3860	8.06973331281769e-10	4.094416197597628e-10	255-128-254-83	255-101-252-104
3861	4.637833115587268e-16	1.9553007869636045e-15	255-24-215-202	255-122-4-2
3862	3.0261940683437657e-23	1.2796897889435409e-17	255-70-122-242	255-122-4-2
3863	1.0700918441163608e-12	2.64905588764745e-11	255-128-254-83	255-70-122-242
3864	1.7938273316212073e-08	3.257568596484732e-09	255-128-254-83	255-122-4-2
3865	4.683873413250339e-05	1.2243370580662727e-06	255-128-254-83	255-101-252-104
3866	1.6766658177214437e-14	3.088107023240468e-13	255-24-215-202	255-122-4-2
3867	4.068425244795246e-27	1.842737390994555e-20	255-24-215-202	255-212-231-53
3868	3.2006759009047264e-06	7.407694170389224e-09	255-128-254-83	255-70-122-242
3869	6.583032369567471e-20	2.285427981441382e-16	255-70-122-242	255-212-231-53
3870	1.1226868316036125e-13	1.7074052788943063e-09	255-24-215-202	255-26-209-210
3871	4.908880226954613e-19	1.9556530051741908e-14	255-70-122-242	255-212-231-53
3872	2.7728636704875555e-25	4.661940063053365e-18	255-70-122-242	255-212-231-53
3873	4.346017019804279e-26	3.066510213359596e-15	255-70-122-242	255-212-231-53
3874	4.962501101624885e-23	2.3575323734161304e-19	255-70-122-242	255-212-231-53
3875	2.2363012606687164e-14	1.3128422945726948e-13	255-128-254-83	255-70-122-242
3876	2.7717662971513166e-10	8.12499697306915e-05	255-128-254-83	255-70-122-242
3877	7.711362915337582e-19	2.391114365334084e-15	255-70-122-242	255-212-231-53
3878	1.851506454513211e-21	2.314122167013964e-14	255-70-122-242	255-212-231-53
3879	1.469637832966252e-13	3.116584100134226e-05	255-24-215-202	255-26-209-210
3880	2.4136706702882598e-29	1.5779585864048025e-17	255-24-215-202	255-212-231-53
3881	1.3326831724773443e-22	2.058689068304657e-19	255-24-215-202	255-101-252-104
3882	1.740629608427624e-18	1.6424097036299092e-14	255-70-122-242	255-212-231-53
3883	1.6262170039880986e-23	2.5274576727842217e-17	255-70-122-242	255-212-231-53
3884	1.5963290548527056e-14	1.8608171753124852e-10	255-70-122-242	255-70-122-242
3885	9.896053186362933e-30	7.060273108453461e-25	255-24-215-202	255-70-122-242
3886	1.987132591945561e-18	4.148681362032922e-12	255-70-122-242	255-212-231-53
3887	1.2457693569016745e-11	0.0001563450912244	255-232-213-56	255-70-122-242
3888	5.028613882426463e-25	1.1013319467346e-18	255-70-122-242	255-122-4-2
3889	5.688509074493612e-22	2.540747194325232e-15	255-70-122-242	255-212-231-53
3890	4.95395227927861e-23	1.0707391619977946e-18	255-70-122-242	255-70-122-242
3891	5.5846616919360185e-18	3.934362065335687e-12	255-70-122-242	255-70-122-242
3892	2.0845370029809814e-12	1.333070191350699e-09	255-70-122-242	255-70-122-242
3893	1.5067298082183095e-10	6.108465627933685e-05	255-232-213-56	255-70-122-242
3894	2.50169243368506e-07	0.0074826594489274	255-128-254-83	255-217-56-6
3895	0.0004552591616203	0.0628660365995578	255-128-254-83	255-217-56-6
3896	0.0003400390788441	0.037303388761355	255-232-213-56	255-254-152-44
3897	0.3100393794763695	2.2775484536706427e-05	255-128-254-83	255-101-252-104
3898	7.72450632229331e-05	2.882927392935112e-07	255-128-254-83	255-70-122-242
3899	0.1088453086783424	0.004124829690924	255-128-254-83	255-254-152-44
3900	0.0052026865673317	0.0026023685154585	255-128-254-83	255-26-209-210
3902	0.0010465347417652	0.2772402502975165	255-187-244-52	255-122-4-2
3903	0.9245641645712342	0.0098355195881443	255-187-244-52	255-122-4-2
3904	1.2642043782631794e-10	0.8463538540163078	255-232-213-56	255-122-4-2
3905	8.018997365897689e-07	0.5234178920223777	255-247-113-27	255-26-209-210
3906	7.936285897479836e-10	0.9191315700597128	255-247-113-27	255-122-4-2
3907	0.000563514321282	0.4257102092493416	255-187-244-52	255-26-209-210
3908	4.8832641311656074e-09	0.9997677664907528	255-232-213-56	255-26-209-210
3909	1.1881269517995669e-08	0.9986096730895584	255-232-213-56	255-26-209-210
3910	8.16497959386396e-12	0.99997920665465	255-232-213-56	255-26-209-210
3911	5.090135499317984e-07	0.9939041581909626	255-232-213-56	255-26-209-210
3912	0.0008829111445623	0.8007648575027665	255-187-244-52	255-26-209-210
3913	2.774348688248415e-09	0.9991698821698568	255-232-213-56	255-26-209-210
3914	0.0247020006998676	0.0359465982567115	255-232-213-56	255-26-209-210
3915	7.514961135356849e-10	0.9421840424172612	255-70-122-242	255-26-209-210
3916	0.0926544322375877	0.7814057479766536	255-232-213-56	255-26-209-210
3917	0.0028691052254734	0.1849141098074093	255-128-254-83	255-26-209-210
3918	0.0212156838191558	0.0052116676618458	255-187-244-52	255-26-209-210
3919	0.0200962906906954	0.008886901056405	255-128-254-83	255-26-209-210
3920	0.2056652973777779	0.0002705466045195	255-128-254-83	255-101-252-104
3921	0.0274848398392561	4.212123141352447e-05	255-53-243-148	255-101-252-104
3922	0.3252049228175039	0.0237275858675239	255-128-254-83	255-101-252-104
3923	0.1606223985239722	0.0001544876770085	255-128-254-83	255-101-252-104
3924	8.090026244627724e-18	1.360607062150385e-16	255-24-215-202	255-212-231-53
3925	2.457159587664284e-20	2.480804963410369e-19	255-24-215-202	255-122-4-2
3926	2.869905488475649e-20	1.913860477006123e-18	255-24-215-202	255-212-231-53
3927	4.393379057666743e-14	8.267646389054989e-14	255-24-215-202	255-70-122-242
3928	5.471411154847338e-13	1.8097571721174058e-12	255-70-122-242	255-70-122-242
3929	3.0427152062993437e-12	9.154402107401187e-12	255-24-215-202	255-212-231-53
3930	1.6511182239923959e-16	1.556109002746813e-16	255-24-215-202	255-122-4-2
3931	1.1973198447271078e-05	1.3089733400048403e-06	255-122-4-2	255-26-209-210
3932	2.8129016657097464e-08	1.941981747922155e-08	255-187-244-52	255-26-209-210
3933	8.707890689506302e-07	8.064709324655791e-07	255-70-122-242	255-26-209-210
3934	3.0830741717189884e-08	1.2113131565712034e-05	255-70-122-242	255-212-231-53
3935	1.49989440215892e-17	4.206227996894666e-15	255-70-122-242	255-212-231-53
3936	1.9944145819975418e-10	5.460461615435617e-08	255-70-122-242	255-101-252-104
3937	1.734751153119332e-21	8.358128487680163e-17	255-70-122-242	255-212-231-53
3938	3.756981073884841e-09	2.128551848299318e-07	255-70-122-242	255-101-252-104
3939	1.4132705272226847e-11	2.3512070362936798e-09	255-70-122-242	255-101-252-104
3940	1.8969216669811025e-21	5.745983914140598e-17	255-24-215-202	255-212-231-53
3941	3.2385262785613533e-15	1.581526870250953e-12	255-70-122-242	255-212-231-53
3942	1.461969529757545e-20	2.4245295572869182e-14	255-24-215-202	255-212-231-53
3943	5.988667794404887e-16	2.5808951036986078e-15	255-24-215-202	255-122-4-2
3944	1.496072825694682e-11	2.0157643071765592e-09	255-70-122-242	255-101-252-104
3945	4.671489393210928e-16	3.256343861466544e-13	255-24-215-202	255-122-4-2
3946	1.1505479679294828e-18	1.265138502028161e-14	255-70-122-242	255-122-4-2
3947	6.738677884359484e-12	4.721218120631507e-09	255-24-215-202	255-70-122-242
3948	8.22535171528091e-16	3.565391935744648e-14	255-70-122-242	255-70-122-242
3949	8.95437997167079e-22	7.580562188575862e-11	255-70-122-242	255-70-122-242
3950	1.3539771795934459e-17	3.4221272908861085e-14	255-70-122-242	255-70-122-242
3951	2.075501472834672e-17	6.646165182436309e-09	255-24-215-202	255-70-122-242
3952	1.0186288985434148e-15	2.8216219194704463e-11	255-24-215-202	255-70-122-242
3953	4.081398956391646e-15	1.8888176563907629e-06	255-24-215-202	255-70-122-242
3954	1.3859679267822845e-08	5.507056641794142e-07	255-128-254-83	255-212-231-53
3955	4.847472322501249e-12	0.6515695801504636	255-232-213-56	255-70-122-242
3956	5.610093067311797e-07	0.0008776774736765	255-128-254-83	255-70-122-242
3957	2.06172032565274e-09	2.3740448993757943e-08	255-128-254-83	255-122-4-2
3958	3.165739177325079e-06	0.5806446657019556	255-128-254-83	255-254-152-44
3959	3.938884131514165e-09	3.41014882071105e-08	255-24-215-202	255-122-4-2
3960	4.698538129800493e-08	0.0229881617329839	255-222-62-8	255-26-209-210
3961	1.0227869164491556e-05	8.584820951515157e-06	255-253-171-51	255-101-252-104
3962	2.5019097563524232e-14	7.584250486964609e-12	255-70-122-242	255-101-252-104
3963	1.3695150600174588e-08	3.0127925656239055e-07	255-53-243-148	255-101-252-104
3964	3.260421754524856e-05	8.097073608220987e-05	255-128-254-83	255-70-122-242
3965	0.0767161472292049	0.0001752696947474	255-128-254-83	255-70-122-242
3966	0.0442000122053839	0.0002031099994281	255-128-254-83	255-70-122-242
3967	0.0006714981970833	1.7701668355740207e-05	255-70-122-242	255-101-252-104
3968	2.439481237368641e-06	0.0008460694411414	255-128-254-83	255-70-122-242
3969	4.6651126032621745e-12	1.6798674436076688e-11	255-128-254-83	255-122-4-2
3970	1.1665786438254223e-09	4.624799340078437e-11	255-53-243-148	255-70-122-242
3971	0.0045780197999138	0.0004100559809948	255-51-172-246	255-70-122-242
3972	5.252066120324775e-10	2.0569567658414343e-08	255-70-122-242	255-26-209-210
3973	3.1591539857544275e-10	2.2249895654266168e-10	255-53-243-148	255-122-4-2
3974	0.0085185106587219	0.5730558819084927	255-70-122-242	255-101-252-104
3975	0.0044989205014358	0.0005004995237551	255-128-254-83	255-101-252-104
3976	1.0069513352192815e-13	1.5784544605381004e-12	255-24-215-202	255-122-4-2
3977	0.015010716130884	0.0548921825904845	255-187-244-52	255-101-252-104
3978	0.0001406832758794	1.3990669772122509e-05	255-70-122-242	255-212-231-53
3979	5.011779223218924e-09	2.237077158916528e-08	255-70-122-242	255-212-231-53
3980	0.0005789299704271	9.357614424025124e-05	255-70-122-242	255-212-231-53
3981	1.1243605597442498e-07	1.4378382122904532e-05	255-187-244-52	255-26-209-210
3982	0.8275424895052955	0.0036174333235928	255-187-244-52	255-122-4-2
3983	0.0161753522248603	0.0001192948180147	255-128-254-83	255-70-122-242
3984	0.0168707941481706	0.0012183678999438	255-70-122-242	255-101-252-104
3985	0.0089552963444369	0.0088683024148017	255-128-254-83	255-122-4-2
3986	0.0059697904270104	0.0441114209256398	255-232-213-56	255-26-209-210
3987	1.8007168730589782e-17	4.067211612986357e-16	255-24-215-202	255-212-231-53
3988	0.0571864453075917	0.18501619491311	255-232-213-56	255-26-209-210
3989	0.0093913370234094	0.00035649891463	255-187-244-52	255-26-209-210
3990	0.1158120453955146	0.000316766163415	255-128-254-83	255-101-252-104
3991	0.1183537166218391	0.0020994980787163	255-128-254-83	255-101-252-104
3992	3.2486732311231117e-21	1.7852081219299738e-20	255-24-215-202	255-122-4-2
3993	0.2156285847579958	0.0006582795855429	255-187-244-52	255-70-122-242
3994	0.6567692516358441	0.0006632832925531	255-128-254-83	255-101-252-104
3995	0.0275899048947858	0.0002779617773	255-128-254-83	255-101-252-104
3996	2.751423934404827e-10	0.9962273454746268	255-232-213-56	255-26-209-210
3997	1.0538684057920173e-12	1.3805581098762816e-13	255-70-122-242	255-212-231-53
3998	0.0339721502531618	1.0171875377910332e-05	255-128-254-83	255-101-252-104
3999	2.3759880187469816e-14	6.860695888959607e-11	255-70-122-242	255-212-231-53
4000	0.0342346096577657	4.824362099858018e-06	255-128-254-83	255-101-252-104
4001	7.110380157627816e-06	0.8907468440437157	255-232-213-56	255-70-122-242
4002	4.4522273758356184e-20	5.894707569404979e-19	255-24-215-202	255-212-231-53
4003	0.1048398005034942	0.6573947825098707	255-232-213-56	255-70-122-242
4004	0.0617450049998912	0.0014787224959768	255-122-4-2	255-101-252-104
4005	2.4175955032191474e-19	4.090157739395501e-18	255-24-215-202	255-212-231-53
4006	2.2392853150707695e-18	2.566711313474892e-18	255-24-215-202	255-212-231-53
4007	6.499389894132867e-17	5.805735199981574e-16	255-24-215-202	255-212-231-53
4008	1.9589265528036472e-11	1.3978071954349113e-05	255-70-122-242	255-212-231-53
4009	9.088674542455672e-20	6.5096640081900864e-18	255-24-215-202	255-212-231-53
4010	1.6980375073843782e-17	2.425314617492821e-17	255-24-215-202	255-212-231-53
4011	1.522336251889976e-12	9.495141102726456e-11	255-24-215-202	255-212-231-53
4012	2.343113109601776e-15	3.2115160788766513e-14	255-24-215-202	255-26-209-210
4013	1.9008813229792304e-16	1.7359369493353264e-14	255-24-215-202	255-212-231-53
4014	1.0521128833100142e-14	1.6403305547200694e-08	255-70-122-242	255-212-231-53
4015	1.0763058505405134e-23	9.711639657118672e-16	255-24-215-202	255-212-231-53
4016	6.1454584371845515e-25	1.7618045891517276e-18	255-24-215-202	255-212-231-53
4017	1.073734980371002e-12	3.542224053288786e-10	255-70-122-242	255-101-252-104
4018	1.936501815641705e-17	1.00888021387495e-13	255-70-122-242	255-212-231-53
4019	2.9639841260005505e-29	1.4960964394431432e-20	255-24-215-202	255-212-231-53
4020	2.942459071629517e-24	6.512912598851164e-18	255-24-215-202	255-212-231-53
4021	1.1187736993776608e-20	1.4968358805569026e-13	255-24-215-202	255-212-231-53
4022	4.5225983361898175e-22	2.202274346022317e-17	255-24-215-202	255-26-209-210
4023	3.776272792097537e-13	1.7788316000627796e-12	255-70-122-242	255-212-231-53
4024	4.664816243195435e-22	3.613561456257829e-18	255-24-215-202	255-212-231-53
4025	6.748452245552183e-15	2.947899923116351e-10	255-70-122-242	255-70-122-242
4026	7.676389816589816e-23	6.3634829052370856e-21	255-180-27-1	255-26-209-210
4027	2.973552670326381e-25	1.8135713781430005e-17	255-24-215-202	255-26-209-210
4028	4.484389872326326e-25	6.455134712495685e-17	255-24-215-202	255-212-231-53
4029	9.635854820460646e-14	6.459390441008903e-11	255-24-215-202	255-212-231-53
4030	2.527269723599397e-25	6.554457417281919e-21	255-24-215-202	255-212-231-53
4031	4.927548320168509e-15	6.193637163758088e-11	255-70-122-242	255-26-209-210
4032	3.947669332220832e-09	3.177148776355672e-07	255-222-62-8	255-70-122-242
4033	6.239547008698794e-16	1.232175843961856e-10	255-24-215-202	255-26-209-210
4034	9.368944846880082e-25	1.4855022256049978e-19	255-24-215-202	255-70-122-242
4035	4.0690982554303722e-16	8.429678270978485e-11	255-24-215-202	255-70-122-242
4036	0.0002091352932156	0.0013666603017932	255-70-122-242	255-122-4-2
4037	3.2111083690724962e-18	8.700125584218917e-12	255-222-62-8	255-254-152-44
4038	4.737014368075378e-16	7.580349631366382e-09	255-222-62-8	255-122-4-2
4039	8.45814988369746e-07	2.482721498902316e-07	255-128-254-83	255-212-231-53
4040	0.000171460503181	1.807585414155668e-05	255-128-254-83	255-70-122-242
4041	6.617759080225127e-26	4.008345602141201e-19	255-180-27-1	255-212-231-53
4042	3.78838470427909e-30	6.303264071535929e-21	255-24-215-202	255-70-122-242
4043	4.343647288099787e-22	7.9217138421463e-20	255-70-122-242	255-122-4-2
4044	3.734172899095925e-19	3.638911369289883e-09	255-232-213-56	255-212-231-53
4045	1.4119871615388403e-26	1.9564008887430525e-19	255-24-215-202	255-70-122-242
4046	8.853228060849025e-24	9.853869674842763e-20	255-24-215-202	255-122-4-2
4047	7.714118251606808e-23	2.6860639517633398e-18	255-70-122-242	255-122-4-2
4048	1.3849179235962192e-24	2.760567710820024e-17	255-24-215-202	255-70-122-242
4049	5.130472653250945e-20	2.511896529441673e-15	255-24-215-202	255-70-122-242
4050	1.105030709953694e-18	3.265712480181377e-14	255-24-215-202	255-122-4-2
4051	1.1077863779104211e-19	5.832700708078447e-13	255-70-122-242	255-70-122-242
4052	4.884593506783032e-15	3.9879970730564716e-13	255-128-254-83	255-70-122-242
4053	1.3655624269127187e-20	4.3180157542244832e-16	255-24-215-202	255-122-4-2
4054	4.878577426098711e-15	2.8619226610146945e-15	255-128-254-83	255-70-122-242
4055	2.587109231384116e-13	1.238472700312148e-08	255-24-215-202	255-70-122-242
4056	5.373536779201755e-16	3.604356605919736e-14	255-70-122-242	255-101-252-104
4057	4.986159351680588e-15	2.7954123997727853e-15	255-128-254-83	255-122-4-2
4058	8.629991819866361e-18	3.738834801667828e-15	255-70-122-242	255-101-252-104
4059	7.614040572462696e-06	3.73925409218309e-07	255-70-122-242	255-101-252-104
4060	2.387824904948136e-07	7.469429527684154e-09	255-24-215-202	255-212-231-53
4061	2.9546904542644883e-06	0.0001024141241006	255-70-122-242	255-101-252-104
4062	5.049646843433837e-13	4.9779626272879155e-09	255-70-122-242	255-212-231-53
4063	3.181083641141867e-25	4.578717303768507e-18	255-70-122-242	255-212-231-53
4064	1.0211595393541716e-17	7.078639277225832e-16	255-24-215-202	255-212-231-53
4065	6.728915088876721e-25	4.503121650190967e-16	255-70-122-242	255-212-231-53
4066	1.6759807193705382e-16	3.0771327938383896e-15	255-24-215-202	255-122-4-2
4067	7.298404673615447e-21	3.653650052604093e-15	255-70-122-242	255-212-231-53
4068	1.8847075634070882e-16	1.4789091997012365e-13	255-70-122-242	255-212-231-53
4069	1.5142111265659231e-19	6.730668258284401e-17	255-70-122-242	255-212-231-53
4070	7.658249765980519e-18	3.010779320046639e-16	255-24-215-202	255-212-231-53
4071	4.2930339890217036e-20	7.597526112921944e-17	255-70-122-242	255-212-231-53
4072	1.445489571633844e-19	4.914373171978321e-13	255-70-122-242	255-212-231-53
4073	1.806899153777911e-15	2.494852783252261e-13	255-70-122-242	255-212-231-53
4074	3.3765070380553205e-05	0.0004880799823847	255-70-122-242	255-101-252-104
4075	0.0005883071571331	0.0001700154392645	255-70-122-242	255-212-231-53
4076	8.324308922667743e-15	2.0721726761223653e-12	255-70-122-242	255-212-231-53
4077	2.0574762142448743e-14	7.758142785949408e-13	255-70-122-242	255-212-231-53
4078	1.0384192665305025e-13	4.564073623275547e-11	255-70-122-242	255-212-231-53
4079	3.064325481456643e-12	2.6824671084442413e-10	255-70-122-242	255-101-252-104
4080	5.5152319132969867e-14	3.4066871295779708e-12	255-24-215-202	255-122-4-2
4081	1.172822689100165e-06	1.1461140538628657e-05	255-122-4-2	255-101-252-104
4082	4.400622222906362e-13	4.589296100865352e-11	255-70-122-242	255-70-122-242
4083	5.285945873125296e-12	2.578254549182472e-11	255-70-122-242	255-212-231-53
4084	2.2425781659974348e-08	7.985438993778194e-08	255-24-215-202	255-122-4-2
4085	3.360877082052649e-06	1.0336649009580577e-06	255-122-4-2	255-26-209-210
4086	1.1407792238173462e-11	4.8382158612878645e-12	255-122-4-2	255-122-4-2
4087	5.273028259272831e-09	5.254831564174661e-07	255-24-215-202	255-212-231-53
4088	6.47395116815113e-26	1.3968757263403144e-19	255-24-215-202	255-212-231-53
4089	1.2440407720989385e-18	8.821819970220152e-16	255-24-215-202	255-212-231-53
4090	5.820137546277511e-23	1.1605789146357932e-19	255-24-215-202	255-26-209-210
4091	7.872610543720119e-15	8.446258477674751e-14	255-24-215-202	255-26-209-210
4092	1.6851696553947963e-20	7.911631680566756e-13	255-24-215-202	255-122-4-2
4093	5.154255681666525e-18	2.6878750863666547e-17	255-24-215-202	255-101-252-104
4094	1.539044464501637e-25	3.556024220586308e-16	255-24-215-202	255-26-209-210
4095	3.5860192346534427e-19	1.2317613083688312e-14	255-24-215-202	255-122-4-2
4096	8.860057404724478e-18	1.953052522910207e-15	255-51-172-246	255-101-252-104
4097	3.667756089775051e-22	7.932242165293413e-18	255-24-215-202	255-122-4-2
4098	6.859378752032592e-23	1.3271900998859067e-17	255-70-122-242	255-122-4-2
4099	6.25381720092655e-22	1.0521108370514098e-19	255-70-122-242	255-70-122-242
4100	7.851040218909903e-21	6.958814238651567e-17	255-70-122-242	255-26-209-210
4101	3.4751279076395415e-21	4.1381967422493883e-17	255-24-215-202	255-26-209-210
4102	9.520298559598433e-19	3.985801015024814e-15	255-24-215-202	255-70-122-242
4103	1.7059493815664395e-17	2.549866906617088e-15	255-70-122-242	255-101-252-104
4104	2.317033285467296e-20	7.4074387857146e-15	255-24-215-202	255-26-209-210
4105	2.9685506110761545e-13	1.2384648050857316e-10	255-24-215-202	255-70-122-242
4106	2.3473034264111955e-15	0.000216783696801	255-70-122-242	255-70-122-242
4107	9.617539874565252e-17	0.6134123295829826	255-232-213-56	255-70-122-242
4108	3.6531939985912446e-11	0.5503997418822812	255-232-213-56	255-70-122-242
4109	1.2869493256803812e-15	0.0466717229716146	255-232-213-56	255-70-122-242
4110	2.4600156945038512e-14	0.8107689240066599	255-232-213-56	255-70-122-242
4111	9.852406557890788e-12	0.4428339117374504	255-232-213-56	255-70-122-242
4112	8.020962935822555e-10	0.7308134525168972	255-232-213-56	255-70-122-242
4113	1.9023838225470787e-10	0.0454283585919535	255-232-213-56	255-70-122-242
4114	2.152262870540384e-12	0.0296733977150512	255-70-122-242	255-26-209-210
4115	1.6009355084862946e-13	0.0174158929527027	255-222-62-8	255-26-209-210
4116	2.108814801422664e-08	0.0066706046418172	255-222-62-8	255-122-4-2
4117	2.141084725542833e-19	5.187130592196775e-08	255-70-122-242	255-212-231-53
4118	3.359066489968307e-12	0.0043023120877551	255-232-213-56	255-212-231-53
4119	5.766579779951741e-13	0.0002439861624234	255-222-62-8	255-70-122-242
4120	9.305690623854415e-10	0.0004284266132665	255-232-213-56	255-217-56-6
4121	4.64427195611365e-13	2.350919120536597e-11	255-70-122-242	255-212-231-53
4122	1.0778476436947913e-18	1.795476184236486e-13	255-70-122-242	255-212-231-53
4123	7.022533658852485e-22	4.6139258983419343e-14	255-70-122-242	255-70-122-242
4124	7.391464550357331e-17	8.57328763890193e-12	255-70-122-242	255-212-231-53
4125	2.949151786625657e-23	2.1871679130294854e-18	255-24-215-202	255-70-122-242
4126	6.845683662573518e-14	1.592295319214317e-05	255-232-213-56	255-70-122-242
4127	4.092975589131392e-22	4.100552582524512e-15	255-24-215-202	255-70-122-242
4128	1.6943924352963722e-20	1.7999644017370017e-14	255-70-122-242	255-212-231-53
4129	4.870969107673158e-24	3.70349345978157e-18	255-70-122-242	255-70-122-242
4130	5.364330277625002e-10	0.000853556185608	255-232-213-56	255-70-122-242
4131	2.5667180476264888e-20	1.297401897056618e-13	255-24-215-202	255-212-231-53
4132	5.715661191034146e-21	4.3645973792674544e-14	255-24-215-202	255-212-231-53
4133	5.160435917353811e-16	3.080105254497101e-09	255-232-213-56	255-70-122-242
4134	3.102167456621154e-11	0.1538496580291129	255-70-122-242	255-70-122-242
4135	3.1820603072740597e-21	9.2957333472318e-17	255-24-215-202	255-212-231-53
4136	5.737142969947131e-12	0.0009385581418134	255-232-213-56	255-70-122-242
4137	1.182098933266383e-14	4.505181164137787e-11	255-24-215-202	255-101-252-104
4138	3.1532169401184364e-14	1.723041198178043e-13	255-24-215-202	255-122-4-2
4139	3.4564802509292867e-14	0.0005546657893147	255-24-215-202	255-70-122-242
4140	2.3192903416363089e-07	0.0077290293176433	255-222-62-8	255-70-122-242
4141	3.4616677981527023e-19	2.9317874881115613e-12	255-24-215-202	255-70-122-242
4142	4.995644472333385e-18	9.598646623714264e-15	255-24-215-202	255-70-122-242
4143	5.059068423748044e-17	2.16386957488266e-14	255-70-122-242	255-212-231-53
4144	3.776486400561016e-20	1.922086090489028e-13	255-24-215-202	255-70-122-242
4145	8.346548420772974e-25	3.308946853797011e-17	255-70-122-242	255-254-152-44
4146	2.6917064711675514e-30	4.573151460793039e-25	255-24-215-202	255-26-209-210
4147	4.5031611758349e-14	8.426683585308898e-11	255-24-215-202	255-70-122-242
4148	1.032672240562888e-28	1.4793204924821394e-20	255-24-215-202	255-26-209-210
4149	2.513708920369554e-27	8.981644847712876e-22	255-24-215-202	255-70-122-242
4150	1.5536681636879744e-24	2.53484143328632e-18	255-24-215-202	255-26-209-210
4151	1.5322274886099262e-20	2.380593736972635e-15	255-24-215-202	255-26-209-210
4152	1.5714302847162677e-17	4.482746503123037e-06	255-70-122-242	255-70-122-242
4153	0.0016768172761563	2.8898419167605966e-05	255-53-243-148	255-101-252-104
4154	4.819809710898012e-05	2.132008221318319e-05	255-128-254-83	255-254-152-44
4155	1.488398924001835e-12	2.2889061732017053e-12	255-70-122-242	255-26-209-210
4156	0.0120142366597631	0.0003453001812628	255-128-254-83	255-70-122-242
4157	0.0551131414303772	0.0001140229099155	255-128-254-83	255-212-231-53
4158	1.6573467733051004e-06	0.0253205018813429	255-128-254-83	255-122-4-2
4159	0.032241246950532	0.0002053588646476	255-128-254-83	255-101-252-104
4160	0.06382838263848	0.0031989774800244	255-128-254-83	255-254-152-44
4161	1.1992964099718664e-07	7.072998254488855e-08	255-128-254-83	255-122-4-2
4162	5.8061702344470835e-28	1.7118357591359975e-24	255-70-122-242	255-212-231-53
4163	7.576626516293426e-24	4.5586335802633e-21	255-70-122-242	255-101-252-104
4164	7.887483383878721e-23	1.6722451619990088e-20	255-24-215-202	255-122-4-2
4165	7.446600619780391e-19	1.3757198021461126e-11	255-24-215-202	255-70-122-242
4166	9.716307776951235e-32	1.2044238943826807e-24	255-24-215-202	255-70-122-242
4167	1.2512856310522211e-24	1.7384236735161164e-18	255-70-122-242	255-122-4-2
4168	1.8589343427309049e-29	1.4795671496815817e-21	255-70-122-242	255-70-122-242
4169	2.3318716149737333e-24	4.1643504230338766e-20	255-24-215-202	255-122-4-2
4170	2.4643057435255888e-25	7.500328042227971e-18	255-24-215-202	255-122-4-2
4171	1.385700125956032e-25	7.096309859260035e-19	255-70-122-242	255-122-4-2
4172	2.067257460597425e-21	9.755422782567483e-17	255-24-215-202	255-70-122-242
4173	1.485024300169903e-12	0.0155206356152847	255-232-213-56	255-26-209-210
4174	7.175356069375781e-15	8.632145017368053e-06	255-232-213-56	255-70-122-242
4175	3.807020185076984e-18	1.3069843995432786e-16	255-70-122-242	255-101-252-104
4176	1.0625130185504256e-11	0.0081373466383536	255-232-213-56	255-70-122-242
4177	3.731512853371046e-12	0.0298824756553455	255-232-213-56	255-70-122-242
4178	2.1567744757476492e-09	6.864811976279099e-05	255-232-213-56	255-122-4-2
4179	2.3910363313023923e-13	0.9617421843119964	255-232-213-56	255-70-122-242
4180	2.9020136481252046e-09	7.1209635272377155e-09	255-70-122-242	255-101-252-104
4181	1.7533703783181439e-15	3.8769193293198176e-17	255-24-215-202	255-212-231-53
4182	5.980113547818245e-12	5.0807147513380494e-12	255-53-243-148	255-101-252-104
4183	3.073325377920236e-12	3.93384606151142e-15	255-24-215-202	255-70-122-242
4184	0.006518014313803	0.0011432854319389	255-128-254-83	255-122-4-2
4185	0.3224509330281863	0.0024030982382021	255-128-254-83	255-101-252-104
4186	0.0418096614258126	0.0071137601158646	255-128-254-83	255-101-252-104
4187	1.4259772229346095e-06	7.482242424569546e-06	255-24-215-202	255-101-252-104
4188	0.0003218354879606	4.343063859021321e-05	255-187-244-52	255-26-209-210
4189	1.755433821460325e-08	0.0002568444715043	255-232-213-56	255-26-209-210
4190	7.552154113873897e-06	0.0004719841181997	255-24-215-202	255-122-4-2
4191	6.288551437759397e-12	1.6882404235042427e-06	255-70-122-242	255-122-4-2
4192	0.0926983404379867	0.0135687902455164	255-128-254-83	255-70-122-242
4193	7.316845661957612e-05	0.465504509136528	255-232-213-56	255-26-209-210
4194	0.0061327073261442	0.0004954550121265	255-128-254-83	255-26-209-210
4195	0.1433543272267158	0.0006939614724068	255-128-254-83	255-101-252-104
4196	0.1648981530552116	0.000951345258203	255-187-244-52	255-26-209-210
4197	0.0311219288569793	0.0002420097759831	255-187-244-52	255-70-122-242
4198	0.016296404038485	0.0003439349136497	255-122-4-2	255-101-252-104
4199	0.0005545487950882	0.0086920023014784	255-232-213-56	255-122-4-2
4200	0.1221778315099093	0.0001968993305313	255-128-254-83	255-101-252-104
4201	5.593010969563697e-09	4.904363008191747e-09	255-70-122-242	255-122-4-2
4202	2.1313282280845184e-05	0.0004174958904715	255-232-213-56	255-122-4-2
4203	0.0002980975387515	9.69685492652528e-06	255-70-122-242	255-254-152-44
4204	0.0262001028864854	0.0178662579078674	255-70-122-242	255-101-252-104
4205	7.246055111531501e-10	1.2725466401080026e-08	255-70-122-242	255-212-231-53
4206	0.0044716486587246	0.0002012404552352	255-70-122-242	255-254-152-44
4207	5.1116244943216336e-11	4.6321818412706245e-10	255-24-215-202	255-70-122-242
4208	0.0002460687299173	9.517159846521243e-06	255-70-122-242	255-101-252-104
4209	3.508493075456422e-05	4.895572485235335e-06	255-24-215-202	255-101-252-104
4210	3.1022104148919275e-05	2.3158101539747646e-05	255-24-215-202	255-212-231-53
4211	3.2399148385557694e-13	2.550031504209577e-12	255-24-215-202	255-70-122-242
4212	7.876235831345201e-16	7.210548855504787e-15	255-24-215-202	255-212-231-53
4213	6.587143929458395e-05	3.437398019143905e-05	255-24-215-202	255-101-252-104
4214	1.0575205464856041e-19	2.1295318376469132e-18	255-24-215-202	255-122-4-2
4215	1.4740138463170338e-12	3.731868282862223e-13	255-51-172-246	255-101-252-104
4216	4.27156289428974e-21	6.664686290630793e-19	255-24-215-202	255-212-231-53
4217	5.6610137624038345e-14	8.458962603672112e-14	255-128-254-83	255-70-122-242
4218	6.617744162475665e-08	8.522015609308682e-09	255-128-254-83	255-101-252-104
4219	4.723809417910624e-22	1.6567843513123574e-20	255-24-215-202	255-122-4-2
4220	2.775164347038256e-17	8.476147964595113e-17	255-24-215-202	255-70-122-242
4221	7.069449819407531e-16	9.349759534868973e-15	255-24-215-202	255-122-4-2
4222	4.4030120685393183e-14	2.154362516022275e-13	255-70-122-242	255-122-4-2
4223	1.501754568257179e-17	1.8320501550831253e-17	255-128-254-83	255-122-4-2
4224	7.304741795807741e-12	2.9879321098351025e-12	255-128-254-83	255-212-231-53
4225	1.6799400013172674e-16	1.6786729188942377e-13	255-24-215-202	255-212-231-53
4226	5.561589684449616e-15	2.4350267605915943e-14	255-128-254-83	255-70-122-242
4227	4.230287791458156e-19	6.212776079634792e-11	255-222-62-8	255-212-231-53
4228	1.1814397224822576e-09	3.6362727844738414e-09	255-24-215-202	255-122-4-2
4229	8.839540943007911e-17	1.6717278043202404e-15	255-24-215-202	255-70-122-242
4230	9.7129270240862e-08	2.460382659482639e-07	255-24-215-202	255-101-252-104
4231	1.4091613254096698e-11	6.1807165166781125e-09	255-24-215-202	255-101-252-104
4232	1.5557117845537536e-16	3.4244411560382497e-15	255-70-122-242	255-101-252-104
4233	4.449589714236077e-15	2.2120808392146235e-11	255-70-122-242	255-212-231-53
4234	1.4704247866471997e-14	6.263810604642626e-12	255-70-122-242	255-212-231-53
4235	2.347050591870952e-19	4.328495617686916e-12	255-70-122-242	255-212-231-53
4236	1.4235888441107562e-11	2.006969884007024e-09	255-70-122-242	255-212-231-53
4237	7.83103413105852e-19	1.4743283581072789e-15	255-70-122-242	255-212-231-53
4238	5.405486036914228e-09	2.1243939717952e-05	255-232-213-56	255-254-152-44
4239	1.4218570936602744e-12	1.329830367411809e-10	255-70-122-242	255-212-231-53
4240	1.6013950989741924e-19	2.594985878953709e-14	255-24-215-202	255-212-231-53
4241	1.3719583617535245e-21	4.342603301875074e-17	255-70-122-242	255-212-231-53
4242	5.321103592956728e-22	1.691521443032196e-17	255-70-122-242	255-212-231-53
4243	3.6231529675748008e-12	2.9608046851735784e-08	255-70-122-242	255-70-122-242
4244	2.4203655488478595e-22	9.527735296316772e-19	255-70-122-242	255-70-122-242
4245	1.3847636692500917e-17	1.589940180747738e-11	255-70-122-242	255-70-122-242
4246	7.331934264972375e-24	1.0655246195952564e-18	255-24-215-202	255-70-122-242
4247	4.455213538204744e-23	1.5584042990616573e-15	255-24-215-202	255-70-122-242
4248	4.584082898242826e-12	0.0001429567409158	255-24-215-202	255-70-122-242
4249	3.0465709764274863e-09	0.0019680096396786	255-232-213-56	255-70-122-242
4250	3.306405478428725e-11	0.0547339583312116	255-24-215-202	255-70-122-242
4251	0.0015222694094057	0.0119339771485951	255-232-213-56	255-26-209-210
4252	0.0027893494225329	0.0021094686102951	255-128-254-83	255-70-122-242
4253	0.00023084209834	6.726893397700161e-05	255-24-215-202	255-101-252-104
4254	0.001102992273305	0.0009702951447147	255-128-254-83	255-101-252-104
4255	0.0884588874244456	0.0032897927314304	255-128-254-83	255-26-209-210
4256	2.83172214195336e-06	9.720457019676854e-07	255-128-254-83	255-70-122-242
4257	0.1865288779013963	0.001310124891353	255-187-244-52	255-26-209-210
4258	0.0288022445052747	0.0018385697015281	255-128-254-83	255-101-252-104
4259	0.0370576057265165	0.0157513681134598	255-70-122-242	255-101-252-104
4260	0.0311219288569793	0.0002420097759831	255-187-244-52	255-70-122-242
4261	0.0087840094204259	0.0018326965836998	255-53-243-148	255-26-209-210
4262	0.6925135811580884	0.0299028799031504	255-187-244-52	255-26-209-210
4263	0.000513425286056	0.0003940627611412	255-128-254-83	255-26-209-210
4264	0.0018461751034267	0.0007046804705795	255-187-244-52	255-26-209-210
4265	1.0051234212188151e-09	0.9962014836492984	255-232-213-56	255-26-209-210
4266	1.4529903345466944e-07	0.9765287254631774	255-232-213-56	255-26-209-210
4267	0.2558302152886127	0.003089404073924	255-122-4-2	255-70-122-242
4268	0.0016610103262167	0.7732805104730572	255-232-213-56	255-70-122-242
4269	1.731515429840602e-10	0.9959593294228366	255-232-213-56	255-26-209-210
4270	1.1090798550702562e-08	0.9810291659999464	255-232-213-56	255-26-209-210
4271	6.532947346741719e-07	0.9694341040070316	255-232-213-56	255-26-209-210
4272	3.02486162741482e-07	0.974550879784846	255-232-213-56	255-26-209-210
4273	2.8583678435415797e-10	0.7396429463145872	255-247-113-27	255-26-209-210
4274	4.3565973415976156e-09	0.990871294210214	255-247-113-27	255-26-209-210
4275	6.0084709661085e-09	0.9344871924652544	255-187-244-52	255-26-209-210
4276	0.0002972159511581	0.0183738193099597	255-232-213-56	255-26-209-210
4277	0.0001556809730228	0.2441841483902486	255-232-213-56	255-26-209-210
4278	2.983430063062791e-06	4.0107746939961536e-05	255-232-213-56	255-70-122-242
4279	1.7233551374901302e-08	0.9877793380036868	255-232-213-56	255-26-209-210
4280	0.00875811959907	0.3945782675193544	255-232-213-56	255-26-209-210
4281	0.0004067750677115	0.0010602330870979	255-232-213-56	255-26-209-210
4282	0.006392936193322	0.0281157318571011	255-232-213-56	255-122-4-2
4283	1.85552443504793e-05	0.0039697766850137	255-24-215-202	255-70-122-242
4284	0.0262305978985759	8.541212296347056e-05	255-53-243-148	255-101-252-104
4285	0.1362599039734574	0.2713342200609536	255-232-213-56	255-26-209-210
4286	0.1822857661537335	0.0003264559051465	255-53-243-148	255-101-252-104
4287	8.079130066094584e-07	1.2870175463793451e-08	255-24-215-202	255-70-122-242
4288	1.2925872091042016e-14	8.559348777705428e-15	255-24-215-202	255-122-4-2
4289	0.0332025242966788	9.115341767732972e-06	255-128-254-83	255-101-252-104
4290	2.088350460521174e-15	8.761232562335093e-14	255-24-215-202	255-212-231-53
4291	1.8577913712315988e-19	6.3253998459793135e-18	255-24-215-202	255-212-231-53
4292	1.5995688238909396e-22	5.8984857330042164e-21	255-24-215-202	255-26-209-210
4293	7.431993680355396e-21	1.873053637069867e-18	255-24-215-202	255-212-231-53
4294	3.6803030179160406e-05	4.3001996940425975e-05	255-70-122-242	255-212-231-53
4295	1.2501722074736268e-11	1.7929641531631528e-10	255-24-215-202	255-212-231-53
4296	1.1524332900424862e-10	2.3684962341825603e-08	255-24-215-202	255-26-209-210
4297	8.102255663457979e-14	7.851709745809007e-10	255-24-215-202	255-26-209-210
4298	1.8180784941881671e-09	6.151310484526754e-09	255-24-215-202	255-101-252-104
4299	5.0464475979092064e-14	1.442221080909208e-11	255-24-215-202	255-26-209-210
4300	2.0441949081613503e-14	4.4127615274473564e-13	255-70-122-242	255-212-231-53
4301	1.989365114111631e-09	7.693776025635542e-09	255-70-122-242	255-212-231-53
4302	7.388749625269907e-13	3.415834023580874e-13	255-24-215-202	255-122-4-2
4303	1.2120341114587599e-16	1.7010161514916779e-13	255-70-122-242	255-212-231-53
4304	7.828896150809943e-18	7.707034319222158e-16	255-24-215-202	255-212-231-53
4305	6.735682189581224e-14	3.333342398274844e-10	255-70-122-242	255-212-231-53
4306	8.71974924838011e-12	3.3912444833188565e-11	255-24-215-202	255-101-252-104
4307	1.208035326977731e-18	6.216379195623285e-16	255-70-122-242	255-212-231-53
4308	1.3803884796090705e-15	1.9555174566050722e-13	255-70-122-242	255-212-231-53
4309	4.3784170942472703e-11	7.084055118665915e-11	255-70-122-242	255-254-152-44
4310	5.92337762418756e-16	1.8108369938526522e-13	255-70-122-242	255-212-231-53
4311	1.4937658352894641e-13	4.926867572151284e-12	255-24-215-202	255-254-152-44
4312	1.0178852906911716e-19	3.044774506107346e-17	255-24-215-202	255-212-231-53
4313	1.0806164451333656e-16	1.1950690840345844e-13	255-24-215-202	255-26-209-210
4314	1.516221355167497e-22	4.344402562582343e-18	255-70-122-242	255-70-122-242
4315	4.023700479735195e-20	1.182767859143614e-13	255-24-215-202	255-70-122-242
4316	3.3656416575583226e-22	1.6662998750358526e-16	255-24-215-202	255-70-122-242
4317	1.246911109928838e-14	3.946733690124143e-13	255-24-215-202	255-122-4-2
4318	2.2949386742496615e-14	1.4111827841856973e-07	255-24-215-202	255-70-122-242
4319	2.809631346640335e-09	0.0002297477837148	255-232-213-56	255-70-122-242
4320	0.0007050653424547	0.2589649098964662	255-24-215-202	255-70-122-242
4322	0.0087344646558273	0.0013984581310535	255-128-254-83	255-212-231-53
4323	0.0036549721490243	0.0004794008386828	255-128-254-83	255-26-209-210
4324	0.1247776961621907	0.0025751646798681	255-128-254-83	255-101-252-104
4325	0.0880469201725901	3.499841383064759e-05	255-128-254-83	255-70-122-242
4326	2.006205936946408e-08	1.3294757825407442e-10	255-53-243-148	255-70-122-242
4327	6.004913669713227e-12	1.1965900858311278e-10	255-24-215-202	255-212-231-53
4328	6.681165248215659e-06	4.395214093677299e-06	255-128-254-83	255-122-4-2
4329	0.0009144115307297	5.9992186012752846e-05	255-70-122-242	255-101-252-104
4330	3.110144710569065e-06	4.544883272865717e-06	255-24-215-202	255-122-4-2
4331	0.0001280867621277	2.011041795372488e-05	255-24-215-202	255-101-252-104
4332	1.5397559478946155e-05	0.0003932689019515	255-70-122-242	255-212-231-53
4333	0.0017259788474685	0.0003423808585315	255-128-254-83	255-101-252-104
4334	3.4801782685401524e-08	3.712035202950754e-07	255-70-122-242	255-212-231-53
4335	1.3365114874004792e-20	3.954514074478909e-19	255-24-215-202	255-122-4-2
4336	1.8993728957710272e-20	2.346155040460264e-19	255-24-215-202	255-122-4-2
4337	2.825839847915657e-12	1.361281501523947e-08	255-24-215-202	255-122-4-2
4338	7.401536859515804e-07	0.0011548874246428	255-24-215-202	255-122-4-2
4339	0.0016130713176772	0.0046782012187004	255-232-213-56	255-26-209-210
4340	0.1342866321856929	0.0095028165778741	255-232-213-56	255-26-209-210
4341	0.0912217478551973	0.0283896809724938	255-232-213-56	255-26-209-210
4342	2.1785719305298998e-17	1.627951400594643e-17	255-24-215-202	255-122-4-2
4343	0.0509696697405433	0.0001764063934337	255-128-254-83	255-70-122-242
4344	0.0014851768211973	2.968181090071707e-05	255-70-122-242	255-101-252-104
4345	2.6538214936127972e-17	3.9246827654301125e-16	255-24-215-202	255-212-231-53
4346	0.0130788268847247	0.1284460079837081	255-232-213-56	255-26-209-210
4347	0.0505435197294757	0.0012489079321827	255-232-213-56	255-26-209-210
4348	0.2250671732017821	0.0001923097529022	255-128-254-83	255-101-252-104
4349	3.6449054748176325e-20	2.392942777604313e-19	255-24-215-202	255-122-4-2
4350	0.0517845505297796	0.00086048029087	255-128-254-83	255-26-209-210
4351	0.0263694436132804	0.0012324933980127	255-53-243-148	255-70-122-242
4352	7.540930601670701e-06	0.0516140767837293	255-247-113-27	255-70-122-242
4353	0.1775564843487787	0.0002861464511828	255-128-254-83	255-101-252-104
4354	0.1170820548076981	0.0839915930491164	255-232-213-56	255-70-122-242
4355	0.0096336733425492	0.377625566884428	255-232-213-56	255-70-122-242
4356	0.0023851446982498	0.959760788420954	255-232-213-56	255-70-122-242
4357	0.0006354422939105	0.3992364250025778	255-70-122-242	255-254-152-44
4358	0.1775564843487787	0.0002861464511828	255-128-254-83	255-101-252-104
4359	6.027170488158243e-15	3.1293831644136714e-14	255-24-215-202	255-254-152-44
4360	6.219916888300426e-14	8.76510809708223e-12	255-24-215-202	255-212-231-53
4361	3.7004107317002823e-16	5.696147937343659e-14	255-24-215-202	255-122-4-2
4362	6.150540441078926e-13	2.935226488421525e-11	255-70-122-242	255-212-231-53
4363	4.93744708375731e-13	2.2053113142025384e-12	255-70-122-242	255-122-4-2
4364	3.973249642592701e-10	3.930136529611498e-11	255-24-215-202	255-70-122-242
4365	2.373997398738576e-11	8.277950014001832e-12	255-53-243-148	255-101-252-104
4366	1.596074660569842e-09	1.866437813328736e-10	255-24-215-202	255-122-4-2
4367	1.4549618961445793e-15	2.3386722241391557e-15	255-24-215-202	255-26-209-210
4368	1.562278469251017e-10	2.8705457424423866e-08	255-24-215-202	255-212-231-53
4369	3.198949550862792e-18	2.9718734694174137e-16	255-70-122-242	255-212-231-53
4370	3.5447909511991074e-10	2.8782292718438565e-08	255-24-215-202	255-70-122-242
4371	3.039683328481913e-28	1.3319956337538821e-17	255-24-215-202	255-212-231-53
4372	4.0693056965396055e-28	5.3289609725740985e-21	255-24-215-202	255-212-231-53
4373	3.68518677416909e-23	7.242248381262627e-17	255-24-215-202	255-212-231-53
4374	1.6517384576267197e-23	1.8081017273535375e-18	255-70-122-242	255-212-231-53
4375	2.418660789170358e-19	1.8199453408574948e-16	255-24-215-202	255-212-231-53
4376	9.325658164103512e-22	5.319852406559117e-15	255-70-122-242	255-212-231-53
4377	3.5490793338679954e-25	3.2180028899642573e-19	255-24-215-202	255-70-122-242
4378	4.071376718165397e-21	6.194598949128813e-14	255-24-215-202	255-70-122-242
4379	1.9919831998945277e-22	1.2813698423047422e-16	255-24-215-202	255-70-122-242
4380	1.8177444234422432e-22	1.9441519694926012e-17	255-70-122-242	255-70-122-242
4381	7.938321298017028e-14	1.530575835173473e-09	255-24-215-202	255-70-122-242
4382	7.340906432246604e-09	1.99450746198388e-05	255-222-62-8	255-70-122-242
4383	9.6646937580574e-09	0.1688051882256738	255-232-213-56	255-254-152-44
4384	0.0263881349758161	0.0059421783436413	255-128-254-83	255-254-152-44
4385	4.59074358436766e-27	2.212950820946022e-19	255-180-27-1	255-70-122-242
4386	1.2864520245537348e-29	8.2653043839753315e-25	255-24-215-202	255-70-122-242
4387	0.0022530978309684	8.771697292188704e-05	255-128-254-83	255-101-252-104
4388	1.5510556374608908e-16	3.8531065287390754e-14	255-24-215-202	255-70-122-242
4389	8.619976801033403e-18	1.571236354130972e-14	255-24-215-202	255-70-122-242
4390	3.263562457428075e-22	1.1256141825994797e-13	255-24-215-202	255-70-122-242
4391	2.86283776865135e-15	5.372680118444723e-13	255-24-215-202	255-70-122-242
4392	1.021353229477502e-11	7.70168134875065e-12	255-24-215-202	255-70-122-242
4393	1.1955479409802174e-20	6.036911360688137e-19	255-24-215-202	255-212-231-53
4394	7.367940814655205e-09	1.823343699603765e-08	255-53-243-148	255-70-122-242
4395	2.1635560813852115e-10	4.299409040232472e-12	255-128-254-83	255-212-231-53
4396	3.787947282826925e-17	7.613916275479508e-16	255-70-122-242	255-101-252-104
4397	2.6453182780622165e-11	1.5953371764578197e-08	255-70-122-242	255-212-231-53
4398	7.329366977498553e-06	1.6683695732267736e-06	255-128-254-83	255-101-252-104
4399	4.8885233908907476e-18	1.0747831493904811e-16	255-70-122-242	255-101-252-104
4400	1.5094992997910405e-15	1.412394166548477e-13	255-70-122-242	255-101-252-104
4401	3.3596515086943495e-07	1.0840021421109931e-06	255-24-215-202	255-101-252-104
4402	2.833060495311672e-11	9.803027885245424e-11	255-24-215-202	255-101-252-104
4403	1.1045408162505945e-06	9.08378897984137e-07	255-70-122-242	255-101-252-104
4404	1.3976134719561581e-08	0.0035438178057393	255-70-122-242	255-212-231-53
4405	5.3352759640678304e-17	3.550784218189333e-12	255-70-122-242	255-212-231-53
4406	1.9516191472487828e-18	7.20049313808812e-14	255-70-122-242	255-212-231-53
4407	2.0070915965656334e-18	2.3670800167367345e-17	255-24-215-202	255-212-231-53
4408	4.5679347716733784e-23	8.654777346457793e-21	255-24-215-202	255-212-231-53
4409	1.6341180283585806e-15	2.867488911046526e-13	255-70-122-242	255-212-231-53
4410	1.8210400231689517e-19	1.614945700520845e-14	255-24-215-202	255-70-122-242
4411	2.1366781229857002e-13	1.5999913160012113e-11	255-70-122-242	255-212-231-53
4412	9.428774668125484e-20	3.5194736220109864e-16	255-70-122-242	255-212-231-53
4413	4.175592806593156e-21	7.841377263123245e-18	255-70-122-242	255-212-231-53
4414	3.493652439341055e-15	2.3374603235141936e-16	255-24-215-202	255-122-4-2
4415	1.0209502070510398e-17	3.1837808747134197e-16	255-24-215-202	255-212-231-53
4416	1.1635094035338926e-05	4.892045184551658e-06	255-232-213-56	255-212-231-53
4417	2.2093440041380565e-05	1.8144285276304144e-05	255-70-122-242	255-212-231-53
4418	7.497076519642358e-15	2.0249026382891352e-13	255-70-122-242	255-212-231-53
4419	9.162245077668537e-14	1.1797007378890726e-13	255-70-122-242	255-70-122-242
4420	4.4097374323019716e-18	6.065138008341597e-16	255-24-215-202	255-70-122-242
4421	2.506640419823343e-16	6.148935815037158e-14	255-70-122-242	255-212-231-53
4422	8.176455145778404e-14	2.671449390736332e-11	255-24-215-202	255-26-209-210
4423	9.097479270645622e-12	9.460065544656078e-11	255-70-122-242	255-212-231-53
4424	1.248270575685738e-12	6.742736172375127e-11	255-70-122-242	255-26-209-210
4425	6.47499656321848e-14	7.463286625064337e-13	255-24-215-202	255-122-4-2
4426	1.1133844862624187e-13	3.3895262698491878e-12	255-24-215-202	255-101-252-104
4427	1.6929301522678316e-15	1.7704733583798254e-14	255-24-215-202	255-101-252-104
4428	2.3083322838277765e-15	6.130467871027582e-13	255-24-215-202	255-122-4-2
4429	8.366134543011252e-14	9.478347027832472e-13	255-24-215-202	255-122-4-2
4430	6.264382792221413e-17	8.518629487642771e-17	255-24-215-202	255-122-4-2
4431	1.7005651492520664e-21	3.9282073029112324e-18	255-70-122-242	255-26-209-210
4432	3.4430584978122015e-08	8.407797746106245e-07	255-24-215-202	255-70-122-242
4433	7.5420427394230765e-22	2.256686524793727e-18	255-24-215-202	255-70-122-242
4434	1.0154670982499355e-09	2.5978865012887943e-09	255-24-215-202	255-101-252-104
4435	2.9847964498402495e-12	6.639462234027588e-11	255-24-215-202	255-122-4-2
4436	3.98578247687708e-14	9.015145971859909e-14	255-24-215-202	255-122-4-2
4437	1.9726466971394638e-13	1.9025197087956187e-13	255-128-254-83	255-101-252-104
4438	3.610128562022797e-35	8.826021268852836e-27	255-24-215-202	255-212-231-53
4439	6.261724959689994e-17	1.7418624525658577e-15	255-24-215-202	255-122-4-2
4440	6.83282187119235e-18	6.597081236599521e-16	255-24-215-202	255-122-4-2
4441	8.807091406117655e-26	1.1851779571217688e-18	255-24-215-202	255-26-209-210
4442	1.1518377806278115e-19	2.4241855997481562e-17	255-24-215-202	255-26-209-210
4443	1.1002941770720702e-16	3.999969590973002e-15	255-24-215-202	255-26-209-210
4444	7.317514168766863e-18	5.837477978534259e-13	255-24-215-202	255-70-122-242
4445	4.077897535275369e-17	3.357370018903796e-14	255-24-215-202	255-70-122-242
4446	4.379692379033975e-21	1.2642815795642989e-19	255-24-215-202	255-101-252-104
4447	1.5200843959434415e-20	8.530953052978524e-13	255-24-215-202	255-122-4-2
4448	6.341639177692207e-25	7.315876557712912e-19	255-24-215-202	255-70-122-242
4449	3.4345090968650725e-18	7.280690894651957e-14	255-24-215-202	255-70-122-242
4450	5.242234028405186e-20	2.683965437351346e-15	255-24-215-202	255-70-122-242
4451	1.7628312518503865e-21	1.4356640245825658e-19	255-70-122-242	255-101-252-104
4452	4.587741854947036e-24	1.805058797881593e-20	255-24-215-202	255-26-209-210
4453	3.537959117497445e-17	1.1504265865505798e-14	255-70-122-242	255-70-122-242
4454	6.732658604256577e-17	3.998058790036157e-13	255-24-215-202	255-122-4-2
4455	2.310137430280931e-16	1.8574368845671085e-15	255-70-122-242	255-212-231-53
4456	6.01974140379277e-16	1.257261791420761e-12	255-70-122-242	255-26-209-210
4457	3.1308489295105675e-25	1.614735205682318e-23	255-70-122-242	255-122-4-2
4458	2.1083146039111468e-12	2.498968147757101e-09	255-70-122-242	255-101-252-104
4459	7.02247877413382e-17	4.29221166191534e-14	255-70-122-242	255-26-209-210
4460	1.3639767179236002e-16	2.17919708365859e-10	255-70-122-242	255-122-4-2
4461	9.099012223860889e-14	5.106521965249493e-12	255-70-122-242	255-26-209-210
4462	5.568465672864986e-11	0.4586192618789145	255-232-213-56	255-70-122-242
4463	1.0185909030959995e-10	0.000555930307986	255-232-213-56	255-26-209-210
4464	9.93680374897859e-06	2.5231787252955723e-05	255-70-122-242	255-101-252-104
4465	8.155606576729445e-06	0.0002722466423235	255-128-254-83	255-70-122-242
4466	1.060566426606498e-06	0.0064413125227147	255-128-254-83	255-70-122-242
4467	1.8753285714350377e-05	0.023373688690692	255-232-213-56	255-70-122-242
4468	3.6667910505956194e-13	7.383007467714827e-07	255-70-122-242	255-212-231-53
4469	2.9183649647535496e-17	1.2033216968893398e-07	255-232-213-56	255-212-231-53
4470	3.1724726654632523e-22	1.1154323761762551e-14	255-70-122-242	255-212-231-53
4471	4.399830098897308e-11	0.0022432018818218	255-24-215-202	255-70-122-242
4472	1.2384991989009824e-23	2.532302642052676e-17	255-70-122-242	255-70-122-242
4473	1.6880233032237048e-20	9.52985430346268e-13	255-24-215-202	255-70-122-242
4474	3.448288375105212e-24	1.7494271919006943e-16	255-70-122-242	255-70-122-242
4475	8.440646559442615e-17	3.810859495416703e-09	255-70-122-242	255-70-122-242
4476	6.714274638397634e-13	0.8412873088082871	255-70-122-242	255-70-122-242
4477	5.109767449189197e-15	0.0007584651495744	255-24-215-202	255-70-122-242
4478	3.18094550749798e-20	1.6164823077248385e-13	255-24-215-202	255-70-122-242
4479	9.661638870408478e-19	5.005170133439717e-16	255-24-215-202	255-122-4-2
4480	3.166672854643028e-12	5.383812078776519e-07	255-222-62-8	255-70-122-242
4481	5.424238198971975e-12	7.289436891427084e-06	255-222-62-8	255-70-122-242
4482	3.1972303979693293e-21	3.093016949346025e-16	255-70-122-242	255-212-231-53
4483	3.0457705570520163e-20	1.3734762872813391e-14	255-222-62-8	255-122-4-2
4484	1.4036251770152982e-26	5.86665759848936e-20	255-24-215-202	255-70-122-242
4485	5.953414031382509e-26	4.2065412076454825e-22	255-24-215-202	255-70-122-242
4486	3.712055307273911e-18	1.2652744530687577e-12	255-222-62-8	255-70-122-242
4487	6.831427142257733e-24	1.4595878814461377e-18	255-24-215-202	255-70-122-242
4488	1.543147567907425e-22	2.8179706103909935e-18	255-24-215-202	255-26-209-210
4489	3.161936880099471e-23	8.938624790643675e-17	255-24-215-202	255-70-122-242
4490	7.914013252766433e-17	0.0001897697450731	255-70-122-242	255-70-122-242
4491	3.160307286047541e-24	5.192168282152833e-16	255-24-215-202	255-212-231-53
4492	4.2288695170418863e-23	1.0879523438935687e-11	255-24-215-202	255-212-231-53
4493	9.575868274972623e-25	3.0046183992429784e-20	255-70-122-242	255-212-231-53
4494	8.894842125669131e-23	5.2529165613932705e-21	255-70-122-242	255-101-252-104
4495	6.404125491950713e-20	3.187501213387387e-17	255-70-122-242	255-101-252-104
4496	6.400828966097506e-21	9.54666872831589e-16	255-70-122-242	255-212-231-53
4497	8.670868976941905e-16	1.7516330850057833e-14	255-70-122-242	255-101-252-104
4498	3.433100321016819e-15	2.075183679201305e-14	255-70-122-242	255-101-252-104
4499	3.3913371935716992e-15	7.214293229815723e-13	255-70-122-242	255-212-231-53
4500	4.048125863320009e-06	0.4657066065364021	255-232-213-56	255-212-231-53
4501	1.451529832189334e-07	1.1567669827439552e-08	255-128-254-83	255-101-252-104
4502	8.5500635284417e-06	3.497533822523227e-07	255-128-254-83	255-101-252-104
4503	0.0004760286133101	0.0452814793072656	255-128-254-83	255-254-152-44
4504	5.244155547877504e-07	5.123289706172474e-07	255-24-215-202	255-26-209-210
4505	0.0348705630207225	0.0004647037130799	255-232-213-56	255-70-122-242
4506	7.029532201254322e-10	4.1610104272703154e-11	255-24-215-202	255-101-252-104
4507	0.0348705630207225	0.0004647037130799	255-232-213-56	255-70-122-242
4508	0.0192045209721238	0.1490879654041342	255-128-254-83	255-26-209-210
4509	1.9845519206177302e-14	1.1993356445968559e-14	255-24-215-202	255-70-122-242
4510	2.3376701523330417e-07	1.7141484158962236e-08	255-128-254-83	255-101-252-104
4511	1.1821545130691703e-06	3.147270299765763e-08	255-128-254-83	255-70-122-242
4512	4.958133110516371e-05	0.1183966458535571	255-128-254-83	255-254-152-44
4513	4.8103482096321414e-20	1.0570426615108758e-17	255-24-215-202	255-70-122-242
4514	1.191944088975335e-13	2.0558078212792972e-09	255-128-254-83	255-70-122-242
4515	3.882045071087151e-22	6.765220679780871e-19	255-24-215-202	255-70-122-242
4516	1.901342391961876e-17	3.797449312348588e-14	255-24-215-202	255-70-122-242
4517	8.780011677367315e-09	4.594228227938769e-09	255-128-254-83	255-70-122-242
4518	5.437678719540156e-20	2.8839229985712944e-18	255-24-215-202	255-122-4-2
4519	8.962440887071848e-07	0.000431432076013	255-128-254-83	255-70-122-242
4520	3.366501125878309e-31	1.9826905716422462e-26	255-24-215-202	255-212-231-53
4521	6.959974562518807e-30	9.495788981954516e-23	255-70-122-242	255-212-231-53
4522	3.12645766828437e-24	2.9797179589303828e-21	255-70-122-242	255-212-231-53
4523	4.285911353860468e-17	9.04488840226282e-11	255-24-215-202	255-212-231-53
4524	7.334143099738037e-19	2.887591643844612e-18	255-70-122-242	255-212-231-53
4525	8.382998191611531e-22	1.3019360996772208e-17	255-24-215-202	255-212-231-53
4526	5.2759466294221096e-11	2.461217262811192e-05	255-70-122-242	255-212-231-53
4527	3.7756480728585305e-18	4.806809007114815e-16	255-70-122-242	255-101-252-104
4528	3.673352458711342e-15	8.172953729658062e-16	255-24-215-202	255-101-252-104
4529	3.700796927976855e-15	6.491899828064427e-16	255-24-215-202	255-122-4-2
4530	7.34920330585116e-23	5.286418503305967e-16	255-24-215-202	255-212-231-53
4531	6.961193850619432e-05	3.777834629679774e-05	255-122-4-2	255-122-4-2
4532	4.1513647146593045e-06	1.1696069675523095e-05	255-70-122-242	255-212-231-53
4533	4.527325695961313e-07	0.9949580075849044	255-70-122-242	255-70-122-242
4534	5.645895135948209e-06	1.58111578979231e-05	255-128-254-83	255-26-209-210
4535	0.004834037925695	0.0112381151159367	255-128-254-83	255-122-4-2
4536	3.104387610533833e-05	1.3431221214119411e-06	255-70-122-242	255-212-231-53
4537	1.5334282322524143e-05	1.0157290867319177e-06	255-70-122-242	255-212-231-53
4538	0.2668600139943318	0.0002207537015184	255-128-254-83	255-101-252-104
4539	0.0014108835498116	1.9976424249797405e-05	255-70-122-242	255-212-231-53
4540	4.295747604810207e-10	9.92295911204607e-10	255-70-122-242	255-212-231-53
4541	4.251621054508903e-13	2.1426039535915358e-13	255-247-113-27	255-101-252-104
4542	0.1108780688746913	0.00202368295017	255-122-4-2	255-70-122-242
4543	3.817231883213232e-05	1.082309970351302e-05	255-70-122-242	255-101-252-104
4544	1.2975459001686292e-14	1.3745705873302307e-14	255-24-215-202	255-122-4-2
4545	1.0906508149541844e-06	8.500072118123517e-06	255-128-254-83	255-26-209-210
4546	2.053784578567057e-09	1.7590070705107407e-09	255-247-113-27	255-70-122-242
4547	6.959587467202459e-16	7.840817852020461e-15	255-24-215-202	255-70-122-242
4548	5.097653837522659e-07	3.843504413980765e-05	255-24-215-202	255-26-209-210
4549	1.1280881145351194e-15	3.447972527831344e-15	255-24-215-202	255-122-4-2
4550	1.12749533470054e-17	2.9955359658983364e-17	255-24-215-202	255-122-4-2
4551	2.151369991530467e-09	9.640295123731662e-10	255-24-215-202	255-101-252-104
4552	9.352745034012471e-20	3.115730718588871e-16	255-24-215-202	255-122-4-2
4553	5.014814319839399e-20	1.6869434471769877e-13	255-247-113-27	255-26-209-210
4554	1.898493878383935e-21	2.0977445607219542e-20	255-24-215-202	255-26-209-210
4555	0.1192257543731713	0.0001417264070369	255-128-254-83	255-70-122-242
4556	1.2582229181187902e-05	5.78104582713104e-05	255-128-254-83	255-212-231-53
4557	2.450875188389594e-11	2.581674457168519e-09	255-24-215-202	255-122-4-2
4558	4.883182509628341e-18	1.4526517481929259e-12	255-24-215-202	255-26-209-210
4559	9.837226640289447e-10	9.794046410871822e-11	255-128-254-83	255-70-122-242
4560	0.0003559743290308	0.0007382107324457	255-24-215-202	255-101-252-104
4561	2.9705474438768585e-07	2.2644959485708732e-08	255-128-254-83	255-70-122-242
4562	1.0583486086540525e-13	2.0330546525268404e-12	255-24-215-202	255-122-4-2
4563	2.8573569166071167e-10	6.755712211206022e-10	255-24-215-202	255-122-4-2
4564	3.1361914496507805e-14	1.3021510628433648e-13	255-70-122-242	255-101-252-104
4565	4.4388343472254443e-13	4.705320372970542e-12	255-70-122-242	255-101-252-104
4566	6.857627648185723e-17	1.0874970016732605e-15	255-24-215-202	255-212-231-53
4567	1.1075227181971177e-22	3.6827547606546094e-20	255-24-215-202	255-122-4-2
4568	3.8184802293564065e-17	1.4852541035387001e-15	255-70-122-242	255-101-252-104
4569	2.4716419862411217e-12	1.958880121137734e-12	255-70-122-242	255-101-252-104
4570	2.589087075075452e-07	6.943913323019306e-05	255-70-122-242	255-101-252-104
4571	1.1892371629121153e-06	0.0359005773861336	255-70-122-242	255-212-231-53
4572	6.025133853013233e-05	0.0002578700787329	255-128-254-83	255-101-252-104
4573	1.1945058975957395e-06	0.47298601817713	255-24-215-202	255-26-209-210
4574	7.484234736945718e-07	2.7933095899937293e-06	255-24-215-202	255-122-4-2
4575	7.058081737927585e-05	0.0040022415340944	255-70-122-242	255-212-231-53
4576	0.0028650621093933	0.2509811930304369	255-232-213-56	255-26-209-210
4577	0.0001105132034489	0.5075342328186802	255-232-213-56	255-212-231-53
4578	3.684873255278854e-06	0.0192356666864655	255-128-254-83	255-254-152-44
4579	3.6575230376291607e-14	8.356791041390016e-12	255-70-122-242	255-212-231-53
4580	8.340168319294218e-07	9.614550803971922e-08	255-24-215-202	255-101-252-104
4581	0.0003833979196105	1.0795114972345472e-05	255-128-254-83	255-70-122-242
4582	2.8352827609041253e-13	2.469603713004644e-12	255-70-122-242	255-101-252-104
4583	1.140458240072716e-16	2.487323339088492e-15	255-70-122-242	255-101-252-104
4584	8.083141092347665e-12	1.4637870184523957e-11	255-247-113-27	255-26-209-210
4585	2.3355831083091262e-06	1.5290320744013678e-07	255-70-122-242	255-212-231-53
4586	2.0877899223952267e-09	1.1730691972937964e-08	255-70-122-242	255-101-252-104
4587	0.0013305074268791	0.0006766273500443	255-70-122-242	255-122-4-2
4588	1.8643384449992743e-05	4.582624077086222e-06	255-128-254-83	255-26-209-210
4589	7.878416246570662e-08	6.063987911268185e-07	255-70-122-242	255-122-4-2
4590	8.59015391930154e-06	0.9491199942519262	255-70-122-242	255-70-122-242
4591	0.0022555753036342	0.0039616060727381	255-122-4-2	255-70-122-242
4592	0.2948274554874183	6.627487711505651e-05	255-128-254-83	255-101-252-104
4593	0.0218965871620339	0.0239670631382029	255-232-213-56	255-26-209-210
4594	0.0004580614831827	0.3269697842537022	255-232-213-56	255-26-209-210
4595	0.0002499597440818	0.6960453443112918	255-128-254-83	255-70-122-242
4596	0.01072312902042	0.4420392637092099	255-232-213-56	255-26-209-210
4597	2.2902882640459253e-09	0.9658566454946552	255-187-244-52	255-26-209-210
4598	3.084271366357584e-05	0.0591206602564336	255-128-254-83	255-70-122-242
4599	1.1975875176801709e-05	0.0278596295251796	255-232-213-56	255-26-209-210
4600	2.2121843905212438e-11	0.0272077161956724	255-187-244-52	255-26-209-210
4601	0.0003092142876339	0.004253524976239	255-232-213-56	255-122-4-2
4602	2.662649138238213e-10	0.9989719266429145	255-187-244-52	255-26-209-210
4603	2.1761782261627687e-12	0.0033085302139132	255-247-113-27	255-26-209-210
4604	0.0038545028116869	0.0063832302134022	255-232-213-56	255-26-209-210
4605	3.928187718763821e-06	0.0227882095025858	255-232-213-56	255-26-209-210
4606	0.0002983186083438	0.8022397399193352	255-232-213-56	255-26-209-210
4607	0.0496490097664475	0.3932170676276066	255-232-213-56	255-26-209-210
4608	1.1922907796711187e-05	0.7720618656503602	255-232-213-56	255-26-209-210
4609	0.4614948705120977	0.0027671037752476	255-51-172-246	255-70-122-242
4610	0.0467895838415065	0.7180025096793929	255-232-213-56	255-70-122-242
4611	2.6437175843960413e-05	0.5576374915170482	255-247-113-27	255-26-209-210
4612	1.5330317519738266e-12	1.839528285459373e-10	255-24-215-202	255-122-4-2
4613	0.3518247239354788	0.1854028194217071	255-187-244-52	255-26-209-210
4614	0.0797338381368552	0.0219768096050194	255-232-213-56	255-70-122-242
4615	0.0104002657578171	0.1796085037402044	255-128-254-83	255-70-122-242
4616	0.3239212100841117	0.0007908486148141	255-128-254-83	255-101-252-104
4617	0.0021793414419516	8.551749140122176e-05	255-253-171-51	255-70-122-242
4618	2.122031426516685e-05	1.270191977115802e-06	255-24-215-202	255-101-252-104
4619	4.09819852834536e-16	5.261057637056578e-16	255-24-215-202	255-122-4-2
4620	0.0107816060355296	0.0001193813413083	255-128-254-83	255-70-122-242
4621	1.7585136320184422e-17	7.751887215180348e-18	255-24-215-202	255-254-152-44
4622	2.0362239123186944e-15	1.5232128722852544e-16	255-24-215-202	255-122-4-2
4623	3.062294056042409e-18	3.156788534699493e-16	255-24-215-202	255-212-231-53
4624	2.012749857382424e-06	2.350854448928865e-08	255-24-215-202	255-122-4-2
4625	3.944783958820636e-06	1.5237410661072124e-05	255-122-4-2	255-70-122-242
4626	7.466991699070421e-05	6.713444308781952e-06	255-128-254-83	255-26-209-210
4627	2.0133334253796504e-16	1.21749005939697e-15	255-24-215-202	255-122-4-2
4628	1.6821251188034653e-11	4.877286513520994e-12	255-24-215-202	255-101-252-104
4629	2.4039612567596757e-14	9.915322306027348e-14	255-24-215-202	255-101-252-104
4630	2.70883875651265e-10	6.421331024553845e-11	255-122-4-2	255-101-252-104
4631	1.5318768192992546e-10	3.0977249438983364e-09	255-70-122-242	255-70-122-242
4632	2.194959273232972e-15	7.476597295818823e-12	255-70-122-242	255-70-122-242
4633	6.251335647087171e-20	1.267545505364695e-16	255-70-122-242	255-122-4-2
4634	4.656152806226933e-12	7.724380041128323e-12	255-70-122-242	255-101-252-104
4635	1.5209894978367482e-19	2.7549288159909046e-14	255-24-215-202	255-70-122-242
4636	9.255529611559025e-19	7.340246150493112e-16	255-24-215-202	255-26-209-210
4637	7.339981216787377e-14	1.8141345045642538e-13	255-70-122-242	255-122-4-2
4638	6.964169905893914e-11	6.146423780530163e-11	255-70-122-242	255-101-252-104
4639	2.945986126078115e-16	3.384574331695893e-11	255-24-215-202	255-70-122-242
4640	5.359722944555515e-24	1.1178410702190365e-18	255-24-215-202	255-70-122-242
4641	3.208410649630801e-25	2.1152071211454702e-17	255-24-215-202	255-70-122-242
4642	7.885508437858516e-27	5.942677656338174e-22	255-24-215-202	255-26-209-210
4643	7.964362404081703e-25	2.3798060093776113e-16	255-70-122-242	255-70-122-242
4644	2.898390942019618e-20	5.675057941986868e-13	255-24-215-202	255-70-122-242
4645	1.96114057556018e-24	8.887499539292067e-18	255-24-215-202	255-70-122-242
4646	5.686653429594838e-15	0.0001780655799358	255-24-215-202	255-70-122-242
4647	1.345177150347819e-13	2.868640168079392e-07	255-222-62-8	255-70-122-242
4648	1.1038732486070443e-10	1.703926268610434e-07	255-222-62-8	255-70-122-242
4649	0.0002858325879052	0.0003543188942894	255-222-62-8	255-70-122-242
4650	2.654137615531861e-08	0.3925721987068412	255-232-213-56	255-70-122-242
4651	0.0036549721490243	0.0004794008386828	255-128-254-83	255-26-209-210
4652	0.1594218576350388	0.0947735717031752	255-128-254-83	255-212-231-53
4653	1.6068371529430064e-10	1.7047101216649628e-10	255-24-215-202	255-212-231-53
4654	3.4821868426242154e-14	1.0996845387478953e-12	255-24-215-202	255-70-122-242
4655	1.886158214594101e-12	5.3839892709688814e-12	255-24-215-202	255-122-4-2
4656	1.8003332171709868e-07	7.945429287537965e-08	255-24-215-202	255-70-122-242
4657	8.837599555766202e-24	3.0303633488241046e-20	255-24-215-202	255-70-122-242
4658	0.1557443596886301	0.0005094323215546	255-128-254-83	255-101-252-104
4659	8.433514621870696e-21	8.309862213996129e-21	255-24-215-202	255-122-4-2
4660	4.774142671626237e-18	5.884071737996182e-16	255-24-215-202	255-212-231-53
4661	4.559138505051044e-13	2.626942263073791e-13	255-24-215-202	255-212-231-53
4662	3.364213238655441e-19	9.976754162903945e-19	255-24-215-202	255-122-4-2
4663	1.0925507533299637e-19	3.6396736267140814e-16	255-24-215-202	255-122-4-2
4664	4.2247430764234894e-14	6.482462408846615e-12	255-24-215-202	255-212-231-53
4665	8.71330204961584e-17	3.373775371057454e-13	255-24-215-202	255-122-4-2
4666	3.581450848775161e-16	1.2730963043371842e-12	255-24-215-202	255-212-231-53
4667	2.56469962516679e-05	0.947198919943316	255-232-213-56	255-26-209-210
4668	4.4155776730084637e-13	4.9042909269490444e-09	255-24-215-202	255-26-209-210
4669	0.0001855150362614	0.1356881576661737	255-24-215-202	255-122-4-2
4670	0.0007736423593898	0.8432095021329619	255-232-213-56	255-26-209-210
4671	4.446200349689856e-17	8.204648048433776e-17	255-24-215-202	255-26-209-210
4672	0.0212771988899364	3.0206632084758447e-05	255-53-243-148	255-101-252-104
4673	0.5444268387397516	0.000162159377651	255-187-244-52	255-122-4-2
4674	0.0362825027832376	0.0019796267884253	255-128-254-83	255-70-122-242
4675	0.0032368295075318	7.404360749753315e-06	255-53-243-148	255-101-252-104
4676	0.345187075477695	0.0241630790294309	255-51-172-246	255-70-122-242
4677	0.0274848398392561	4.212123141352447e-05	255-53-243-148	255-101-252-104
4678	0.0369615898379028	0.0003440674513376	255-53-243-148	255-70-122-242
4679	2.0972998120774872e-16	3.565885711457234e-16	255-24-215-202	255-254-152-44
4680	0.0499821637690223	0.0007358777779051	255-128-254-83	255-70-122-242
4681	0.0299212422650748	0.0083947834161549	255-128-254-83	255-70-122-242
4682	0.7057068345176892	0.0001251623414437	255-128-254-83	255-101-252-104
4683	0.0009003831596767	0.9939403603700564	255-232-213-56	255-70-122-242
4684	2.558480605059677e-06	0.9994432518087084	255-232-213-56	255-70-122-242
4685	3.4377419961683916e-16	1.3809729073634221e-13	255-24-215-202	255-70-122-242
4686	0.0216988355400978	0.2137229254139779	255-232-213-56	255-70-122-242
4687	2.6720306441472968e-05	0.0376909232569036	255-24-215-202	255-70-122-242
4688	9.910722443796592e-22	1.0509169366172593e-18	255-24-215-202	255-212-231-53
4689	1.829516883670868e-20	6.805263007725457e-19	255-24-215-202	255-26-209-210
4690	1.237710419409686e-12	3.7236028279340677e-11	255-70-122-242	255-26-209-210
4691	6.935344978776233e-12	5.990183372780066e-12	255-24-215-202	255-70-122-242
4692	2.034447660481873e-12	2.7646896873254587e-12	255-24-215-202	255-122-4-2
4693	5.877139262566444e-13	1.8190153481656395e-12	255-24-215-202	255-122-4-2
4694	4.5003771586730964e-18	5.695939704578017e-17	255-24-215-202	255-122-4-2
4695	2.0196663331156812e-14	2.280971316069384e-15	255-128-254-83	255-26-209-210
4696	1.8301918525296376e-17	8.946744017843412e-17	255-24-215-202	255-122-4-2
4697	3.256828890090773e-14	2.404391272752464e-12	255-24-215-202	255-122-4-2
4698	1.6986722583702522e-16	1.3026724505145523e-16	255-24-215-202	255-26-209-210
4699	1.0447806041546683e-10	6.847187576758684e-10	255-24-215-202	255-101-252-104
4700	2.2038369853423435e-23	2.1256927718176145e-19	255-24-215-202	255-212-231-53
4701	7.353491709923355e-18	8.881066397713375e-17	255-24-215-202	255-101-252-104
4702	8.549604235205154e-14	5.175947201019008e-14	255-24-215-202	255-122-4-2
4703	1.1879372167226677e-18	1.198624824053111e-15	255-24-215-202	255-70-122-242
4704	4.097209067928944e-24	1.4674751318489916e-21	255-24-215-202	255-101-252-104
4705	4.186635688811549e-23	4.497107536885219e-17	255-24-215-202	255-70-122-242
4706	4.283824350457002e-33	2.730118508862328e-26	255-70-122-242	255-26-209-210
4707	7.44243278571361e-31	1.4585796216045981e-22	255-24-215-202	255-70-122-242
4708	1.0447435260573424e-30	1.3306173049712691e-22	255-70-122-242	255-26-209-210
4709	8.074058936545752e-27	2.303295276321761e-23	255-24-215-202	255-101-252-104
4710	2.028235935770222e-26	4.52013091748206e-21	255-24-215-202	255-254-152-44
4711	1.613399396719419e-25	7.014969427614543e-19	255-24-215-202	255-70-122-242
4712	5.343736930864062e-29	7.751279320290487e-24	255-24-215-202	255-70-122-242
4713	2.642796279357656e-26	7.719141811119233e-19	255-24-215-202	255-70-122-242
4714	2.661721420168325e-23	9.697718726857927e-17	255-70-122-242	255-26-209-210
4715	9.652980519183318e-26	1.7062457817591094e-19	255-70-122-242	255-70-122-242
4716	2.187335556503616e-17	2.3414060122204616e-13	255-222-62-8	255-70-122-242
4717	2.2836206059925176e-20	7.766820251148129e-16	255-222-62-8	255-70-122-242
4718	5.088789591005469e-06	0.002893639649418	255-128-254-83	255-254-152-44
4719	1.0207449611984938e-08	8.022754395633513e-09	255-128-254-83	255-70-122-242
4720	5.350370299136391e-09	3.13527768110795e-09	255-128-254-83	255-70-122-242
4721	3.58635890506435e-05	5.590531512248865e-07	255-128-254-83	255-101-252-104
4722	7.212996575904729e-05	0.000111896933254	255-24-215-202	255-101-252-104
4723	3.306691514640439e-09	8.871916539852546e-10	255-24-215-202	255-101-252-104
4724	1.9079075210294505e-06	7.35452417222265e-07	255-70-122-242	255-101-252-104
4725	1.7235234109184225e-07	8.740126838101592e-05	255-70-122-242	255-101-252-104
4726	9.695975525072948e-07	4.8777408066547496e-05	255-70-122-242	255-212-231-53
4727	0.0001581725330178	0.0037003029557174	255-232-213-56	255-212-231-53
4728	7.964892947046529e-06	3.82281366010825e-05	255-128-254-83	255-70-122-242
4729	0.004606493907612	0.0249492009023321	255-128-254-83	255-70-122-242
4730	2.369879124004191e-05	0.0149999927758177	255-70-122-242	255-212-231-53
4731	8.5393842245032e-17	2.600149099201936e-14	255-24-215-202	255-212-231-53
4732	3.102957992850381e-22	6.502294616664926e-20	255-24-215-202	255-212-231-53
4733	2.5748561569919742e-24	2.157781720226413e-22	255-24-215-202	255-122-4-2
4734	1.571924073786208e-07	0.6330828751156753	255-24-215-202	255-70-122-242
4735	2.116323220721332e-17	6.640661050372687e-17	255-24-215-202	255-122-4-2
4736	0.045951369513955	0.0075739354812802	255-70-122-242	255-101-252-104
4737	2.841848876120052e-15	3.365685799152635e-12	255-180-27-1	255-70-122-242
4738	1.5268639051632155e-09	3.17543258085291e-09	255-24-215-202	255-101-252-104
4739	7.190919431820185e-08	1.1338529246376798e-07	255-70-122-242	255-101-252-104
4740	9.014765043867e-05	1.1898481096835998e-06	255-24-215-202	255-101-252-104
4741	2.7655672319235047e-19	1.1387595119665442e-12	255-70-122-242	255-70-122-242
4742	9.831064884146212e-20	1.4410697730498283e-16	255-70-122-242	255-122-4-2
4743	1.1333610649665198e-11	1.2804573897894198e-11	255-24-215-202	255-101-252-104
4744	9.602822749842804e-11	2.764875985721012e-10	255-24-215-202	255-101-252-104
4745	4.320845116635781e-07	1.2005589700393756e-07	255-24-215-202	255-122-4-2
4746	2.848267102054965e-21	3.595624260373541e-16	255-24-215-202	255-26-209-210
4747	2.75764775102914e-16	2.279941348211157e-16	255-24-215-202	255-122-4-2
4748	8.230947400832298e-17	4.1723909897002295e-15	255-24-215-202	255-101-252-104
4749	1.0431261304345042e-14	8.841476377633131e-14	255-24-215-202	255-122-4-2
4750	1.2988749251128422e-19	2.7777564439649406e-17	255-24-215-202	255-122-4-2
4751	3.198560643640469e-17	3.358311833851587e-17	255-24-215-202	255-122-4-2
4752	3.171403573411563e-18	2.0410503827763982e-18	255-24-215-202	255-101-252-104
4753	5.065275040320274e-18	2.7404905166434166e-16	255-24-215-202	255-101-252-104
4754	2.539290277353484e-19	1.2057512530461129e-17	255-24-215-202	255-101-252-104
4755	2.7237349402393604e-19	1.01487835393478e-17	255-24-215-202	255-70-122-242
4756	5.15714836556277e-10	3.4817146070336236e-10	255-24-215-202	255-122-4-2
4757	4.36718381383439e-17	7.197504727033897e-16	255-24-215-202	255-122-4-2
4758	9.15909768510081e-16	2.0357744361669997e-15	255-24-215-202	255-122-4-2
4759	2.910497762399822e-17	2.368022442731368e-16	255-24-215-202	255-122-4-2
4760	1.1657088106873317e-17	1.1414601857825492e-16	255-24-215-202	255-122-4-2
4761	3.5760625971118465e-20	3.047610504230073e-18	255-24-215-202	255-101-252-104
4762	9.570546025261114e-28	4.187100849787548e-22	255-24-215-202	255-70-122-242
4763	6.810068835071192e-12	1.4215090081015132e-11	255-70-122-242	255-212-231-53
4764	1.5468719194120974e-07	8.144214752567342e-09	255-53-243-148	255-101-252-104
4765	1.13071577010764e-17	1.109254703957862e-15	255-70-122-242	255-122-4-2
4766	1.0419866078466385e-15	2.8981986918840948e-15	255-24-215-202	255-122-4-2
4767	8.806740456709489e-28	2.5495317557414046e-23	255-24-215-202	255-101-252-104
4768	6.086918150762139e-25	4.843683877473787e-19	255-24-215-202	255-70-122-242
4769	8.423365122177317e-21	3.6058687603998064e-18	255-24-215-202	255-122-4-2
4770	5.521121398163382e-16	8.045595989457171e-15	255-70-122-242	255-101-252-104
4771	2.608629644810281e-31	2.6547645249891277e-24	255-24-215-202	255-70-122-242
4772	5.34582338341989e-31	6.746286268612052e-25	255-24-215-202	255-70-122-242
4773	3.1663068007655557e-29	1.4984896457902233e-21	255-24-215-202	255-70-122-242
4774	6.844128538525723e-28	1.718468757694e-22	255-24-215-202	255-70-122-242
4775	3.6854805034549504e-20	1.1389707061158702e-17	255-70-122-242	255-26-209-210
4776	4.3307271172772725e-18	2.210445494139796e-17	255-24-215-202	255-101-252-104
4777	5.115155185866763e-13	7.916568438216909e-12	255-70-122-242	255-70-122-242
4778	4.408585396137776e-25	2.861872451695939e-21	255-24-215-202	255-122-4-2
4779	4.323703802646768e-12	1.940992773992885e-11	255-70-122-242	255-212-231-53
4780	3.790847126270973e-21	1.644937424886029e-16	255-70-122-242	255-122-4-2
4781	2.3146096654585787e-25	2.8262098329852536e-20	255-70-122-242	255-26-209-210
4782	4.8362931614205685e-25	1.2453062281641622e-22	255-24-215-202	255-122-4-2
4783	9.164460413032852e-16	3.4824086605345826e-14	255-70-122-242	255-122-4-2
4784	3.8352987479120017e-26	2.4429277062553544e-20	255-70-122-242	255-26-209-210
4785	2.3449118016968787e-06	0.2720190049929062	255-232-213-56	255-70-122-242
4786	2.4664944833233742e-09	1.9939770428141253e-05	255-232-213-56	255-70-122-242
4787	7.950915426829558e-19	2.235500169223733e-11	255-24-215-202	255-70-122-242
4788	2.6470582312775464e-13	7.232258115577033e-05	255-24-215-202	255-70-122-242
4789	4.211657137646211e-17	1.2427779031031022e-08	255-70-122-242	255-70-122-242
4790	4.746514249903326e-13	9.207734723836516e-06	255-232-213-56	255-70-122-242
4791	2.382914126243599e-24	2.3927078928223333e-18	255-70-122-242	255-70-122-242
4792	5.840727209608282e-23	9.21530654746476e-17	255-70-122-242	255-122-4-2
4793	1.2795397877511757e-22	1.1210439693909409e-17	255-24-215-202	255-26-209-210
4794	2.5526581056389823e-24	7.390698487077629e-20	255-70-122-242	255-122-4-2
4795	4.493825204192103e-25	2.6726587015648392e-20	255-24-215-202	255-101-252-104
4796	3.6956401295338827e-17	1.282273789635134e-13	255-222-62-8	255-70-122-242
4797	7.218486499085673e-27	2.2076885895502342e-22	255-24-215-202	255-70-122-242
4798	2.140907777129622e-25	3.425781386066401e-19	255-24-215-202	255-70-122-242
4799	4.608451842690224e-28	9.355633405093784e-21	255-24-215-202	255-70-122-242
4800	1.1796432943431932e-27	3.720171012457739e-19	255-24-215-202	255-70-122-242
4801	5.743131678956119e-16	5.323405579767441e-05	255-232-213-56	255-212-231-53
4802	2.454420697634404e-28	2.28826837365673e-17	255-24-215-202	255-212-231-53
4803	2.2139977821079453e-19	2.849609193495861e-15	255-24-215-202	255-212-231-53
4804	9.842599670569343e-29	1.016076341171494e-21	255-70-122-242	255-212-231-53
4805	1.6410053492972564e-25	2.498595676764639e-21	255-24-215-202	255-212-231-53
4806	2.496030311404717e-28	6.61236606275077e-26	255-24-215-202	255-212-231-53
4807	1.141015928697085e-28	6.292616135066456e-21	255-24-215-202	255-212-231-53
4808	1.2390364830473523e-26	1.5544079456176303e-24	255-70-122-242	255-101-252-104
4809	7.327231968975182e-21	2.2190595759238208e-12	255-24-215-202	255-212-231-53
4810	4.1194882451103153e-23	1.261404900014212e-16	255-70-122-242	255-212-231-53
4811	4.261146107746704e-19	9.82205310115757e-13	255-24-215-202	255-212-231-53
4812	1.9696519536713265e-08	0.8604450590124529	255-232-213-56	255-212-231-53
4813	6.568578267655685e-19	1.7708745313691482e-17	255-70-122-242	255-101-252-104
4814	2.255481707134797e-10	9.081597376159169e-11	255-70-122-242	255-101-252-104
4815	4.1925296035291964e-13	2.1422148550271123e-14	255-24-215-202	255-101-252-104
4816	2.481223089852981e-11	1.1734616820056408e-10	255-24-215-202	255-101-252-104
4817	6.110865468292131e-09	0.0260950838465532	255-232-213-56	255-254-152-44
4818	1.937591876615212e-08	1.6713522370977796e-07	255-24-215-202	255-101-252-104
4819	1.7906688463649675e-11	1.721162889815101e-11	255-70-122-242	255-212-231-53
4820	0.0007513937216996	0.1116220546264287	255-232-213-56	255-254-152-44
4821	0.0163917245974861	0.0036530904149371	255-232-213-56	255-254-152-44
4822	3.132672713520148e-06	1.4494271480561552e-07	255-24-215-202	255-122-4-2
4823	0.0009911616373662	8.935486482486354e-05	255-70-122-242	255-122-4-2
4824	0.0012039564170586	0.0007128871179674	255-128-254-83	255-254-152-44
4825	0.0285278750145644	0.0002466305535923	255-128-254-83	255-70-122-242
4826	0.1035584185105595	0.0044450092846162	255-128-254-83	255-70-122-242
4827	0.0200961198208176	0.0453213736589389	255-128-254-83	255-26-209-210
4828	5.278716484522435e-25	2.4626188367804954e-20	255-70-122-242	255-212-231-53
4829	1.2267166565332516e-24	1.0808334910703451e-16	255-24-215-202	255-212-231-53
4830	4.925363954336555e-25	3.072401133032576e-12	255-24-215-202	255-212-231-53
4831	1.028012991824164e-31	2.969798449355304e-25	255-24-215-202	255-212-231-53
4832	2.3499551472988776e-32	8.081426838680031e-24	255-24-215-202	255-212-231-53
4833	6.171608757241807e-17	2.03411363238942e-15	255-24-215-202	255-101-252-104
4834	3.1076126552267257e-26	1.4904736077841632e-20	255-24-215-202	255-212-231-53
4835	3.4773465055560324e-24	2.7947918005179104e-20	255-24-215-202	255-212-231-53
4836	2.6895499413750267e-24	4.068703165318553e-21	255-24-215-202	255-212-231-53
4837	3.143232233767399e-21	4.439226381883135e-18	255-24-215-202	255-212-231-53
4838	7.987020374912911e-15	2.6193535283607235e-14	255-70-122-242	255-101-252-104
4839	1.8316634484052728e-16	4.59171293592343e-13	255-70-122-242	255-212-231-53
4840	1.5864449454546376e-10	3.73143039678655e-12	255-24-215-202	255-101-252-104
4841	6.007426819607735e-15	1.8556581871643683e-15	255-24-215-202	255-122-4-2
4842	2.4514053610579956e-23	3.031547630976882e-18	255-70-122-242	255-212-231-53
4843	2.7906142713165912e-21	1.4326277724725205e-19	255-24-215-202	255-101-252-104
4844	3.307771673954297e-23	2.8647920435175534e-21	255-24-215-202	255-101-252-104
4845	1.9153784717251803e-15	1.7624078311169882e-14	255-24-215-202	255-101-252-104
4846	2.9574419233820887e-15	7.340465986883737e-15	255-24-215-202	255-101-252-104
4847	5.527546953296391e-07	1.069858541434223e-07	255-70-122-242	255-101-252-104
4848	6.127396040724432e-07	1.504641018559292e-07	255-70-122-242	255-212-231-53
4849	1.9982971306803723e-11	1.747864410894777e-12	255-70-122-242	255-212-231-53
4850	0.0002068537931147	0.85198438841768	255-232-213-56	255-70-122-242
4851	0.0434247638949345	0.1062705405037036	255-232-213-56	255-122-4-2
4852	1.835893636602471e-05	1.6382354258723884e-07	255-70-122-242	255-101-252-104
4853	5.14326516805775e-17	3.5145322024465597e-16	255-70-122-242	255-70-122-242
4854	2.8954788314785706e-07	2.8914324621865698e-06	255-70-122-242	255-212-231-53
4855	0.0016286377397497	0.0011204342070779	255-128-254-83	255-26-209-210
4856	1.2301726673293097e-07	3.8027508494566034e-05	255-24-215-202	255-122-4-2
4857	0.1469153184231751	0.0005030630104955	255-128-254-83	255-101-252-104
4858	0.0004809811387809	0.491102610823898	255-232-213-56	255-26-209-210
4859	0.0033414914211524	0.5122848041441751	255-232-213-56	255-26-209-210
4860	3.250973077224686e-05	0.3260153691158382	255-247-113-27	255-26-209-210
4861	0.0002926542514447	0.773066871867833	255-232-213-56	255-26-209-210
4862	0.0022474382997836	0.0571061019565452	255-187-244-52	255-26-209-210
4863	7.512646083319406e-06	1.0626124561560888e-06	255-24-215-202	255-101-252-104
4864	5.5246795178640775e-21	1.5893561219843167e-20	255-24-215-202	255-122-4-2
4865	1.1218553581643245e-18	5.315266019721224e-16	255-24-215-202	255-122-4-2
4866	1.963255046250221e-09	3.0274622016965823e-06	255-24-215-202	255-26-209-210
4867	2.4123448214334308e-21	2.6394350756409438e-20	255-24-215-202	255-26-209-210
4868	5.918381393659712e-19	8.428582616719339e-15	255-24-215-202	255-122-4-2
4869	0.1691459350164585	0.0022984468624506	255-128-254-83	255-70-122-242
4870	1.7818506430187785e-11	9.78797689716362e-12	255-24-215-202	255-122-4-2
4871	0.0004090653080416	0.6202320484713539	255-70-122-242	255-101-252-104
4872	2.7265698093049868e-17	5.51548150795852e-15	255-24-215-202	255-212-231-53
4873	1.2588463799729926e-07	5.773861091662216e-07	255-247-113-27	255-26-209-210
4874	0.0110323600455801	0.0020243442377655	255-128-254-83	255-70-122-242
4875	0.0535255229530917	0.007413301818088	255-128-254-83	255-70-122-242
4876	0.000162238131471	0.0943963317305643	255-232-213-56	255-26-209-210
4877	2.5938774301356403e-09	0.5581913090867835	255-232-213-56	255-254-152-44
4878	1.3216244254985729e-08	0.0250407494954354	255-232-213-56	255-254-152-44
4880	1.3221590709384337e-12	3.1832611100449366e-11	255-70-122-242	255-212-231-53
4881	4.574824664284163e-08	1.4436852361321892e-09	255-24-215-202	255-122-4-2
4882	1.049540712365264e-12	1.4357572665816109e-11	255-70-122-242	255-101-252-104
4883	2.702279384127611e-15	1.5805779930273778e-14	255-70-122-242	255-101-252-104
4884	2.44820058320656e-11	5.457193845027232e-12	255-24-215-202	255-122-4-2
4885	1.2510962019532772e-09	3.0440718416351638e-09	255-70-122-242	255-101-252-104
4886	3.34458329177381e-05	5.99055217059609e-06	255-70-122-242	255-101-252-104
4887	4.7849960898724865e-12	6.93969760433764e-12	255-24-215-202	255-70-122-242
4888	6.1222482482698495e-12	5.831263249387275e-12	255-70-122-242	255-212-231-53
4889	5.748204714581477e-15	2.4818078336374786e-15	255-70-122-242	255-212-231-53
4890	1.2119551543434794e-12	1.6302389323318296e-13	255-70-122-242	255-212-231-53
4891	5.1282392411187225e-11	4.9474137761487216e-11	255-70-122-242	255-212-231-53
4892	3.3253353962106623e-16	1.871831907225109e-15	255-24-215-202	255-254-152-44
4893	1.0420502829641872e-07	0.9935128253776784	255-232-213-56	255-70-122-242
4894	3.7543665893424465e-09	0.999538750552017	255-70-122-242	255-70-122-242
4895	0.0101898759845733	0.1643292265073883	255-128-254-83	255-122-4-2
4896	3.45084515310204e-08	0.999797040778454	255-70-122-242	255-70-122-242
4897	2.733356388530532e-06	0.0011011789090529	255-232-213-56	255-26-209-210
4898	0.0001483409066561	0.9564849031627788	255-53-243-148	255-70-122-242
4899	7.155949129237052e-06	0.7183746246576703	255-232-213-56	255-70-122-242
4900	0.0002514447061322	0.9674350205565414	255-232-213-56	255-70-122-242
4901	0.0146962401424205	0.63268758927116	255-128-254-83	255-70-122-242
4902	8.580985626453943e-08	0.628253120249712	255-232-213-56	255-122-4-2
4903	0.0930467212813566	0.0262824529971686	255-232-213-56	255-122-4-2
4904	1.924876034764305e-05	0.8920625881205287	255-232-213-56	255-26-209-210
4905	2.963608186522513e-05	0.4133881923305992	255-232-213-56	255-26-209-210
4906	6.546799144799302e-08	0.9027816467694798	255-247-113-27	255-122-4-2
4907	0.8303477334751495	0.0031308790651982	255-187-244-52	255-26-209-210
4908	7.292485936413935e-05	0.2888685212068904	255-232-213-56	255-70-122-242
4909	3.0381864046360625e-08	0.9943831472358088	255-232-213-56	255-26-209-210
4910	7.553600919718094e-07	0.1782403377630294	255-232-213-56	255-26-209-210
4911	0.0013632694082002	0.1528163418008543	255-128-254-83	255-70-122-242
4912	0.0293622617053857	0.0600676882427589	255-232-213-56	255-26-209-210
4913	0.258071478548769	0.0192413605416383	255-53-243-148	255-26-209-210
4914	0.1035530842850895	0.0160512293567175	255-247-113-27	255-70-122-242
4915	0.0265049277914019	0.4533614747253295	255-187-244-52	255-26-209-210
4916	0.4604540809425613	0.0003773497768049	255-53-243-148	255-101-252-104
4917	0.2649024547404658	0.0002191343564364	255-128-254-83	255-101-252-104
4918	0.1749257713143838	0.0002358363260916	255-128-254-83	255-70-122-242
4919	0.0325644596146485	0.1280287711395607	255-232-213-56	255-26-209-210
4920	0.0036791873550382	0.0826408417185731	255-128-254-83	255-26-209-210
4921	0.2530655299634137	0.0003521677548511	255-128-254-83	255-70-122-242
4922	9.237585072384088e-19	3.975429710655093e-20	255-24-215-202	255-122-4-2
4923	6.757946565433421e-23	2.2077094612597757e-21	255-24-215-202	255-26-209-210
4924	4.682709637116308e-24	5.947359789931395e-22	255-24-215-202	255-122-4-2
4925	6.287465197981332e-07	3.095918691003892e-07	255-24-215-202	255-122-4-2
4926	0.0005058843586552	2.0401038429528192e-05	255-24-215-202	255-70-122-242
4927	0.0014514633880565	0.0001752784372941	255-187-244-52	255-70-122-242
4928	3.4366389828698364e-05	4.139452528377853e-05	255-247-113-27	255-212-231-53
4929	1.2608023368216664e-09	2.0372495604250363e-10	255-128-254-83	255-101-252-104
4930	1.3519969237283108e-05	9.001242152801117e-08	255-128-254-83	255-70-122-242
4931	1.1539389229952196e-12	9.88662269878066e-13	255-24-215-202	255-101-252-104
4932	2.274576261468913e-15	1.9921863129621538e-15	255-24-215-202	255-101-252-104
4933	6.060966491675241e-10	1.2453054178011867e-10	255-53-243-148	255-101-252-104
4934	9.416309853989181e-14	6.920494411018212e-12	255-70-122-242	255-70-122-242
4935	3.4042395658271577e-15	5.7821678291637264e-15	255-24-215-202	255-122-4-2
4936	2.756013556460412e-12	3.9576213010293504e-10	255-70-122-242	255-26-209-210
4937	3.455133763758225e-12	6.33275012697855e-11	255-70-122-242	255-26-209-210
4938	3.6289937193032187e-19	3.1161024541839844e-15	255-24-215-202	255-70-122-242
4939	1.0034386817863812e-12	0.0001014900090496	255-70-122-242	255-70-122-242
4940	1.4586477700069829e-18	8.743942330437835e-13	255-24-215-202	255-70-122-242
4941	3.114858194807241e-16	1.5561990777288663e-10	255-24-215-202	255-70-122-242
4942	6.003760345837218e-20	1.244618457598407e-10	255-24-215-202	255-70-122-242
4943	4.509785614527232e-23	3.1347174320561697e-18	255-70-122-242	255-101-252-104
4944	9.717756376977739e-22	6.069228759705815e-15	255-70-122-242	255-70-122-242
4945	1.267964379880861e-26	2.747817362296928e-19	255-70-122-242	255-122-4-2
4946	2.3109401750806402e-20	1.880154516459756e-14	255-70-122-242	255-70-122-242
4947	3.5319142665556124e-10	0.000150268077949	255-222-62-8	255-70-122-242
4948	0.0007513937216996	0.1116220546264287	255-232-213-56	255-254-152-44
4949	2.7807704495049348e-12	3.905035802421103e-12	255-70-122-242	255-70-122-242
4950	0.0879036354970937	0.0028801486931749	255-24-215-202	255-101-252-104
4951	0.0950260122201294	0.0016818038822281	255-24-215-202	255-101-252-104
4952	0.00075142619193	0.0006383757291313	255-128-254-83	255-101-252-104
4953	7.528173003804299e-17	1.7469765180583798e-17	255-24-215-202	255-122-4-2
4954	3.306691514640439e-09	8.871916539852546e-10	255-24-215-202	255-101-252-104
4955	1.9250675395172945e-05	0.0004418895496918	255-24-215-202	255-122-4-2
4956	0.0161069646549676	0.5470788212249216	255-232-213-56	255-26-209-210
4957	0.0446892892601933	0.0009570178353097	255-128-254-83	255-26-209-210
4958	0.0007543152406678	0.1200447340855039	255-247-113-27	255-26-209-210
4959	2.0040465741107523e-05	0.0190175516452582	255-247-113-27	255-26-209-210
4960	0.0010204009987283	0.4988837188074523	255-232-213-56	255-26-209-210
4961	2.5521383183353536e-16	1.920527870132944e-12	255-24-215-202	255-26-209-210
4962	1.2924699289333792e-06	0.0949491006558012	255-247-113-27	255-26-209-210
4963	0.0020939479459729	0.0937062218544756	255-232-213-56	255-26-209-210
4964	2.56469962516679e-05	0.947198919943316	255-232-213-56	255-26-209-210
4965	1.3496003925338349e-05	0.7351829215260369	255-247-113-27	255-26-209-210
4966	0.000386044005519	0.9266854900823168	255-232-213-56	255-26-209-210
4967	0.0557244562188928	0.4007961186401297	255-187-244-52	255-26-209-210
4968	2.24104198297285e-08	0.9955659030713364	255-232-213-56	255-26-209-210
4969	0.0432052992038237	0.173226512908961	255-232-213-56	255-26-209-210
4970	0.0001851735253225	0.7526321516336761	255-232-213-56	255-26-209-210
4971	0.1812467919108523	0.1619868908499314	255-187-244-52	255-26-209-210
4972	0.0228215698959176	0.4299551864096358	255-232-213-56	255-26-209-210
4973	0.0483755589341871	4.374966261318182e-05	255-128-254-83	255-70-122-242
4974	3.856895217997091e-06	0.0224458664639295	255-247-113-27	255-26-209-210
4975	0.2530655299634137	0.0003521677548511	255-128-254-83	255-70-122-242
4976	0.0182573787881028	0.0205153794061022	255-53-243-148	255-70-122-242
4977	0.0043046164547119	0.5981470743214873	255-253-171-51	255-26-209-210
4978	0.0068865882012356	0.0005263919194313	255-53-243-148	255-70-122-242
4979	1.0378881613094611e-14	6.953150105639185e-14	255-24-215-202	255-122-4-2
4980	0.0012638154182097	0.8310770012093492	255-232-213-56	255-70-122-242
4981	6.220815355451417e-17	1.4816525616122406e-17	255-24-215-202	255-70-122-242
4982	0.0025007855256578	0.9704940029900624	255-232-213-56	255-70-122-242
4983	0.0731104472369523	0.6688689302631186	255-232-213-56	255-70-122-242
4984	6.6858089224491695e-18	4.540775115716575e-16	255-24-215-202	255-70-122-242
4985	3.9665044234384875e-21	1.3427450470313189e-19	255-24-215-202	255-70-122-242
4986	1.126266856891946e-22	4.359089895806117e-21	255-24-215-202	255-26-209-210
4987	4.877270239970473e-18	1.563522768525171e-17	255-24-215-202	255-212-231-53
4988	1.7358094622243632e-21	4.6110419137583686e-20	255-24-215-202	255-122-4-2
4989	1.0815693869379128e-10	1.0272861797744691e-08	255-24-215-202	255-122-4-2
4990	9.03936223028608e-09	3.432115701605722e-09	255-122-4-2	255-122-4-2
4991	4.6079429833172816e-11	2.250144858666549e-11	255-128-254-83	255-70-122-242
4992	2.1633351771773508e-17	1.9289508055083092e-16	255-70-122-242	255-122-4-2
4993	1.1944036603146328e-15	6.912283124621924e-15	255-24-215-202	255-122-4-2
4994	2.248312590917657e-15	1.6763058617824742e-14	255-24-215-202	255-122-4-2
4995	2.1123106306577637e-17	6.409815072647125e-16	255-70-122-242	255-101-252-104
4996	1.4573977258328038e-15	4.361366207406943e-13	255-70-122-242	255-101-252-104
4997	1.9780559902581208e-17	7.031608825656506e-16	255-24-215-202	255-101-252-104
4998	1.7849289721912946e-19	8.280770849555214e-17	255-70-122-242	255-101-252-104
4999	4.048435863674187e-12	5.076894529301117e-10	255-70-122-242	255-101-252-104
5000	1.5998459953572463e-27	1.27462832953981e-22	255-70-122-242	255-122-4-2
5001	1.3829202120380547e-27	2.965142270821273e-23	255-24-215-202	255-101-252-104
5002	5.985602705294955e-16	2.7015577241337777e-13	255-70-122-242	255-101-252-104
5003	1.507535440923013e-29	1.3198932046273118e-22	255-24-215-202	255-26-209-210
5004	1.1146985733326252e-20	6.174393931025054e-19	255-70-122-242	255-101-252-104
5005	6.815513447797033e-28	1.1682908528053782e-19	255-24-215-202	255-70-122-242
5006	3.10409076780954e-26	1.7728827693436796e-21	255-70-122-242	255-122-4-2
5007	3.440203636207301e-28	1.0500148428871154e-21	255-24-215-202	255-70-122-242
5008	9.282570722104619e-27	1.1443432056879633e-18	255-24-215-202	255-70-122-242
5009	8.461542579617003e-19	6.842518280672304e-12	255-222-62-8	255-70-122-242
5010	3.400260278411215e-24	1.5134629336746816e-17	255-24-215-202	255-70-122-242
5011	3.8840288226844336e-21	6.171650704375533e-14	255-24-215-202	255-70-122-242
5012	0.0940768450780012	0.0052147408016034	255-128-254-83	255-70-122-242
5013	0.2668600139943318	0.0002207537015184	255-128-254-83	255-101-252-104
5014	0.1566687072070883	0.0003075906849237	255-128-254-83	255-26-209-210
5015	2.7051762037534627e-19	6.665558967148538e-20	255-24-215-202	255-122-4-2
5016	2.020820596047575e-17	5.182646560444447e-18	255-24-215-202	255-26-209-210
5017	0.0078474320649664	0.2787582010000796	255-128-254-83	255-26-209-210
5018	9.384654563377816e-20	1.1170689661739142e-15	255-24-215-202	255-122-4-2
5019	3.2979411938341266e-15	5.6563052334467444e-14	255-24-215-202	255-212-231-53
5020	7.784543846559575e-16	1.9990804644698842e-13	255-24-215-202	255-212-231-53
5021	0.0002083242421193	0.3411395653658321	255-222-62-8	255-212-231-53
5022	4.337819541988241e-07	1.5867154588330435e-06	255-24-215-202	255-122-4-2
5023	0.0004164895703201	0.0026090223059642	255-222-62-8	255-212-231-53
5024	0.0114085548278194	0.0003227839118431	255-187-244-52	255-70-122-242
5025	0.002018105264405	1.97146389677863e-05	255-222-62-8	255-101-252-104
5026	1.251264271271582e-15	4.0627892070103115e-11	255-24-215-202	255-70-122-242
5027	6.092882494832093e-11	3.7013857804534695e-11	255-70-122-242	255-101-252-104
5028	3.187025320409348e-08	7.930474902587321e-08	255-24-215-202	255-122-4-2
5029	1.3208399145889406e-15	6.154689565518679e-11	255-24-215-202	255-70-122-242
5030	4.0412383912795245e-11	1.0121023138272197e-10	255-70-122-242	255-70-122-242
5031	3.662847574986407e-07	3.2905888474674664e-08	255-24-215-202	255-101-252-104
5032	1.2122980405037964e-12	4.112991805170283e-12	255-70-122-242	255-122-4-2
5033	3.1617073863036025e-08	1.562619503404815e-08	255-24-215-202	255-101-252-104
5034	1.6565358224143478e-08	6.584466670995151e-09	255-247-113-27	255-101-252-104
5035	3.79573744395445e-09	3.7189518329255165e-09	255-24-215-202	255-122-4-2
5036	1.4690757071343685e-15	4.279727399857004e-15	255-24-215-202	255-122-4-2
5037	6.656505476903663e-13	1.0667403446068256e-12	255-70-122-242	255-254-152-44
5038	4.7401138852346994e-17	4.2922679115803655e-15	255-70-122-242	255-122-4-2
5039	2.5885010158530063e-16	2.4540057062024562e-14	255-70-122-242	255-101-252-104
5040	5.529866556652396e-08	3.3024528112354965e-08	255-70-122-242	255-122-4-2
5041	3.050499134946144e-12	1.0461335858927483e-11	255-24-215-202	255-101-252-104
5042	1.5843152276673882e-19	3.7676371745495526e-16	255-70-122-242	255-101-252-104
5043	2.5716037597674703e-19	4.124425698076704e-17	255-70-122-242	255-101-252-104
5044	9.890146400997967e-11	1.4283977363707043e-10	255-70-122-242	255-101-252-104
5045	3.217891202772854e-10	8.528230907756224e-10	255-70-122-242	255-212-231-53
5046	5.449592572217541e-17	3.2113911153088003e-16	255-24-215-202	255-122-4-2
5047	7.597819336316651e-17	5.597529519965712e-15	255-24-215-202	255-101-252-104
5048	8.945366977093015e-28	6.478741520501403e-23	255-24-215-202	255-101-252-104
5049	1.4435587332114447e-28	3.9414105809454604e-23	255-24-215-202	255-70-122-242
5050	3.245931526434109e-10	2.728704904185369e-09	255-70-122-242	255-101-252-104
5051	5.093719328209454e-15	1.2638377559094587e-14	255-70-122-242	255-70-122-242
5052	4.28503024225017e-14	8.835220230554041e-14	255-24-215-202	255-101-252-104
5053	2.8858555949130226e-14	2.883219039075347e-12	255-24-215-202	255-101-252-104
5054	1.887971800962625e-31	4.786085843848268e-24	255-70-122-242	255-70-122-242
5055	5.945378651482457e-12	4.3601136045390797e-13	255-53-243-148	255-101-252-104
5056	3.073554993909169e-19	1.4269134783505624e-17	255-70-122-242	255-101-252-104
5057	3.542678213308245e-17	1.817681628978412e-15	255-24-215-202	255-122-4-2
5058	5.524767425403711e-20	8.13174522328169e-17	255-24-215-202	255-26-209-210
5059	6.171199256467787e-26	3.049279015930247e-16	255-24-215-202	255-70-122-242
5060	1.3486760000518471e-20	1.4623134779034828e-18	255-24-215-202	255-26-209-210
5061	2.324978595059852e-31	7.104077259309474e-24	255-24-215-202	255-70-122-242
5062	1.2741885375974967e-16	3.669792539237099e-15	255-24-215-202	255-26-209-210
5063	1.0500736098675664e-26	1.874736734532944e-22	255-24-215-202	255-70-122-242
5064	7.186466133276002e-21	1.2227422079285369e-15	255-24-215-202	255-26-209-210
5065	1.3450811773598062e-13	3.864624768298502e-13	255-70-122-242	255-101-252-104
5066	8.509243619284937e-22	6.6198597405018895e-19	255-70-122-242	255-101-252-104
5067	3.2176712127917967e-25	1.7627926500766177e-22	255-70-122-242	255-122-4-2
5068	3.5317482544137255e-24	1.1795225561243177e-21	255-24-215-202	255-122-4-2
5069	1.8534510248249872e-14	1.6089256115826056e-12	255-70-122-242	255-212-231-53
5070	9.184148357531664e-23	6.251535659346153e-18	255-70-122-242	255-26-209-210
5071	4.445233335645808e-16	2.0598830374712001e-13	255-70-122-242	255-101-252-104
5072	4.1698726533676017e-26	1.2255068390832636e-15	255-70-122-242	255-70-122-242
5073	0.0002607632292907	0.0692031509259654	255-222-62-8	255-212-231-53
5074	7.439570877161731e-19	6.91891791082968e-08	255-24-215-202	255-70-122-242
5075	4.89267316355117e-23	5.71140684787275e-17	255-70-122-242	255-70-122-242
5076	3.694878078375149e-12	4.760744037725801e-07	255-222-62-8	255-70-122-242
5077	1.3015850314410665e-21	7.924652332109527e-18	255-70-122-242	255-101-252-104
5078	2.423342198032217e-21	2.078099896110527e-14	255-70-122-242	255-70-122-242
5079	9.223067849562099e-26	1.315353818757448e-19	255-70-122-242	255-70-122-242
5080	1.914805759148829e-21	3.6462305862626444e-16	255-70-122-242	255-70-122-242
5081	1.4894382164773913e-21	2.8889000768426597e-18	255-222-62-8	255-101-252-104
5082	2.808840467829014e-28	1.643411424714341e-22	255-70-122-242	255-70-122-242
5083	4.916581988851474e-26	1.4371154608988974e-18	255-24-215-202	255-70-122-242
5084	5.774073624749852e-26	1.787684603876675e-16	255-24-215-202	255-70-122-242
5085	3.7774364062386883e-13	2.8035269661630446e-06	255-70-122-242	255-70-122-242
5086	1.2015916829489777e-11	1.2354529814294369e-06	255-232-213-56	255-217-56-6
5087	5.752101052270537e-05	0.002155372246729	255-232-213-56	255-254-152-44
5088	1.6043872646740325e-05	2.5380539127528486e-05	255-232-213-56	255-70-122-242
5089	3.8816785340624893e-08	3.495087676525536e-06	255-232-213-56	255-70-122-242
5090	6.534528884746717e-09	0.0052140679484849	255-70-122-242	255-70-122-242
5091	2.3345494262872897e-08	0.0028684570175491	255-232-213-56	255-70-122-242
5092	0.0001971386108428	4.135021746520924e-05	255-232-213-56	255-70-122-242
5093	0.0128120038221069	0.047263461123334	255-232-213-56	255-217-56-6
5094	0.0343620788806431	0.0161915092092179	255-128-254-83	255-217-56-6
5095	0.025527375328982	0.0016284676248215	255-128-254-83	255-217-56-6
5096	0.0014751759845433	0.0010241137742905	255-128-254-83	255-70-122-242
5097	8.166998023413745e-18	3.6340857657325248e-12	255-24-215-202	255-212-231-53
5098	1.702005438681562e-21	1.3803470737908262e-17	255-24-215-202	255-212-231-53
5099	8.470264868475901e-21	8.453132073916843e-18	255-24-215-202	255-122-4-2
5100	1.7378875625623034e-22	1.082650629943465e-21	255-24-215-202	255-212-231-53
5101	1.3511958746540443e-28	1.804198930327805e-24	255-24-215-202	255-212-231-53
5102	1.873101627343812e-22	1.0934042903174582e-21	255-24-215-202	255-212-231-53
5103	9.860939511410862e-28	3.5080340442912717e-26	255-24-215-202	255-212-231-53
5104	9.660414660262889e-24	3.1472798432623457e-19	255-24-215-202	255-212-231-53
5105	6.697277314031033e-21	4.9380586546867805e-20	255-24-215-202	255-212-231-53
5106	2.4988072493166695e-20	7.918809528356592e-17	255-24-215-202	255-122-4-2
5107	2.284536462931603e-25	7.390059378092559e-22	255-24-215-202	255-212-231-53
5108	1.916313418952779e-26	1.7093615543041835e-21	255-70-122-242	255-212-231-53
5109	2.2446289750415948e-23	7.58272395388053e-20	255-70-122-242	255-212-231-53
5110	1.7127666917134314e-24	1.013636009350766e-20	255-24-215-202	255-26-209-210
5111	3.112565462835796e-21	2.79640527523936e-18	255-24-215-202	255-122-4-2
5112	1.4837322834438271e-24	7.074041181269104e-17	255-70-122-242	255-212-231-53
5113	7.701049789074004e-13	3.53400435023264e-08	255-247-113-27	255-122-4-2
5114	5.842460640971881e-17	2.0663401761534447e-15	255-24-215-202	255-101-252-104
5115	1.7101855311523957e-19	2.268460033711366e-12	255-70-122-242	255-212-231-53
5116	3.7594625269262004e-15	2.579987798761254e-13	255-70-122-242	255-101-252-104
5117	9.815214691834895e-17	8.609553441565607e-15	255-70-122-242	255-101-252-104
5118	4.6288452300743426e-15	2.9313676502410706e-13	255-70-122-242	255-101-252-104
5119	8.962841041285457e-10	2.7218080854009086e-09	255-24-215-202	255-101-252-104
5120	4.7672836956053945e-15	3.117675679994723e-12	255-24-215-202	255-26-209-210
5121	5.015176794280941e-08	1.0916297428043834e-08	255-24-215-202	255-70-122-242
5122	6.018273991652424e-08	6.555795703145684e-09	255-122-4-2	255-70-122-242
5123	0.033854211383726	0.0251411769845101	255-232-213-56	255-254-152-44
5124	0.1822353875335895	0.0097404735643298	255-24-215-202	255-101-252-104
5125	0.0190361910600041	0.0007930322164081	255-232-213-56	255-70-122-242
5126	0.1061050950693968	0.0111120664588984	255-232-213-56	255-26-209-210
5127	0.0546903540109572	0.0005200081454814	255-232-213-56	255-70-122-242
5128	0.0445027854357896	0.0001693751806745	255-232-213-56	255-70-122-242
5129	0.0700149071491854	4.441186510913739e-05	255-128-254-83	255-70-122-242
5130	4.63763294619253e-16	1.994410502044596e-10	255-24-215-202	255-212-231-53
5131	1.1607936139111845e-13	1.4401800612924824e-11	255-24-215-202	255-122-4-2
5132	1.0881153262426473e-21	6.241130525784906e-19	255-24-215-202	255-212-231-53
5133	9.573567601385522e-20	1.0245739081437764e-19	255-24-215-202	255-212-231-53
5134	3.641423031623488e-25	8.608784107615086e-25	255-24-215-202	255-212-231-53
5135	2.04771156216955e-24	4.557019292921891e-24	255-24-215-202	255-212-231-53
5136	1.1465596148664553e-25	3.699058692006943e-20	255-24-215-202	255-212-231-53
5137	1.0893793283968891e-16	7.085134491795444e-14	255-24-215-202	255-254-152-44
5138	9.236467843947368e-25	5.020062242188725e-20	255-24-215-202	255-212-231-53
5139	2.7538081296073307e-21	2.8134251126750787e-21	255-70-122-242	255-212-231-53
5140	2.0215703685992544e-21	2.6664697106390132e-17	255-24-215-202	255-26-209-210
5141	1.916980095356262e-20	2.0845622956623024e-19	255-24-215-202	255-212-231-53
5142	1.4482627356509333e-21	6.819952571763193e-21	255-24-215-202	255-101-252-104
5143	3.702543182977552e-21	1.4364874628519498e-18	255-70-122-242	255-212-231-53
5144	4.1016404692434886e-14	8.27513480821162e-14	255-70-122-242	255-101-252-104
5145	2.938820960102284e-17	8.063688076254761e-17	255-24-215-202	255-101-252-104
5146	1.9160320762393498e-21	2.7672486177522377e-22	255-24-215-202	255-122-4-2
5147	2.076903803800614e-18	3.7338573398209585e-17	255-24-215-202	255-101-252-104
5148	4.475701024925927e-11	1.0355297071145996e-11	255-24-215-202	255-101-252-104
5149	9.109700931981213e-17	1.9196689933583568e-16	255-24-215-202	255-101-252-104
5150	1.540810347763676e-13	5.047410773951807e-12	255-70-122-242	255-101-252-104
5151	2.0141547503451146e-23	3.2155116151967064e-22	255-24-215-202	255-122-4-2
5152	4.483990354218786e-06	3.781610939294141e-07	255-70-122-242	255-212-231-53
5153	1.6006859249396153e-08	6.059964288131385e-08	255-24-215-202	255-212-231-53
5154	3.149526427449717e-14	1.6955040319331888e-15	255-70-122-242	255-212-231-53
5155	8.763289926155941e-17	1.79990286676701e-16	255-70-122-242	255-101-252-104
5156	1.076504789821728e-06	5.835315526140629e-07	255-70-122-242	255-212-231-53
5157	2.3455008859645453e-12	2.3779372923467654e-12	255-70-122-242	255-212-231-53
5158	4.243549831582831e-17	2.2511738346746788e-17	255-70-122-242	255-212-231-53
5159	0.0053654701467839	4.387193647660718e-05	255-70-122-242	255-101-252-104
5160	3.411619336586362e-11	4.9114653198743154e-11	255-70-122-242	255-212-231-53
5161	0.06694106568518	0.047930207795257	255-232-213-56	255-122-4-2
5162	7.39475599707222e-19	4.118312349454175e-16	255-24-215-202	255-70-122-242
5163	0.0040112139759383	0.0066427509576585	255-232-213-56	255-26-209-210
5164	0.1281465437141994	0.001318059233932	255-128-254-83	255-101-252-104
5165	0.3555962838613518	0.0003967678980312	255-128-254-83	255-101-252-104
5166	4.654499999639644e-12	3.96986774508736e-10	255-24-215-202	255-122-4-2
5167	0.0556968064020367	0.001581570030905	255-70-122-242	255-101-252-104
5168	0.156599400065111	0.0624856536454609	255-232-213-56	255-26-209-210
5169	0.0027009284195686	0.7708123234288908	255-128-254-83	255-26-209-210
5170	2.3109259872427023e-14	5.519902806536686e-13	255-24-215-202	255-122-4-2
5171	5.168744040499813e-19	3.343898977992049e-14	255-24-215-202	255-122-4-2
5172	0.0080534758345803	0.0303732768697898	255-128-254-83	255-70-122-242
5173	2.8196129669289866e-18	7.711541283372546e-16	255-24-215-202	255-212-231-53
5174	8.969725017091859e-24	5.038634958674529e-18	255-24-215-202	255-212-231-53
5175	1.873920655028434e-07	0.1102411760928657	255-232-213-56	255-70-122-242
5176	1.5591275614881527e-10	3.592954244414073e-06	255-24-215-202	255-217-56-6
5177	8.023453888313776e-10	5.703383312240608e-06	255-232-213-56	255-122-4-2
5178	8.584133397635207e-15	2.807040657978732e-12	255-24-215-202	255-212-231-53
5179	4.6188453659557215e-16	1.5210798188083042e-14	255-24-215-202	255-212-231-53
5180	1.0715873708282907e-07	1.5418123859279742e-08	255-53-243-148	255-101-252-104
5181	4.2714397479501275e-17	1.5335615110411643e-14	255-70-122-242	255-101-252-104
5182	1.699522215708078e-16	3.3993832155228075e-17	255-24-215-202	255-212-231-53
5183	9.038988597962506e-10	6.179048431868605e-09	255-70-122-242	255-212-231-53
5184	9.265184705229238e-15	3.002842144567068e-13	255-70-122-242	255-101-252-104
5185	2.750150532539892e-11	1.489311081424663e-10	255-70-122-242	255-101-252-104
5186	2.382464329276965e-05	3.628209204719335e-05	255-70-122-242	255-212-231-53
5187	1.08827077435065e-13	7.032585942169324e-14	255-70-122-242	255-101-252-104
5188	4.619233339436331e-09	2.0374973970378117e-09	255-24-215-202	255-101-252-104
5189	0.0775290068276774	0.0082263261229409	255-24-215-202	255-101-252-104
5190	0.0006219931828787	9.976121082193988e-06	255-70-122-242	255-212-231-53
5191	1.900103283447412e-20	7.516725324216071e-20	255-70-122-242	255-26-209-210
5192	4.4686919432552535e-17	2.163685215020433e-14	255-24-215-202	255-70-122-242
5193	0.0742239543865361	0.1134879627773788	255-232-213-56	255-122-4-2
5194	1.3283210772140668e-07	0.0172646162256566	255-70-122-242	255-70-122-242
5195	0.0001217110867482	0.0002801224282455	255-232-213-56	255-26-209-210
5196	0.0617982940302881	0.1598684482461203	255-232-213-56	255-26-209-210
5197	1.2479425234384772e-05	0.9146995469698366	255-232-213-56	255-26-209-210
5198	2.5010488876401895e-05	0.9955626685871056	255-232-213-56	255-70-122-242
5199	0.0920707586563178	0.3508976719251769	255-187-244-52	255-122-4-2
5200	6.195469440684024e-06	0.7377890046400742	255-232-213-56	255-70-122-242
5201	4.35816001590662e-06	0.6811302258102359	255-232-213-56	255-26-209-210
5202	1.3031306378853606e-07	0.229555595584275	255-232-213-56	255-26-209-210
5203	9.319188791022208e-11	0.7932645103074798	255-70-122-242	255-26-209-210
5204	2.67078317361524e-05	0.2882270721320916	255-232-213-56	255-26-209-210
5205	3.695732853919333e-08	0.0035059148959025	255-247-113-27	255-217-56-6
5206	0.0077548515305745	0.6813771270483923	255-232-213-56	255-26-209-210
5207	6.854303582291867e-20	9.215746126165763e-15	255-24-215-202	255-26-209-210
5208	6.956780779968038e-20	4.140508121321138e-16	255-24-215-202	255-122-4-2
5209	9.729825824052914e-17	4.2143347810300564e-17	255-24-215-202	255-26-209-210
5210	1.379698663015628e-16	1.2987484883959446e-17	255-24-215-202	255-122-4-2
5211	3.3678861924760737e-17	1.9494060524688867e-16	255-24-215-202	255-70-122-242
5212	7.169603172174725e-09	6.596293514474057e-09	255-24-215-202	255-212-231-53
5213	4.254218203529511e-09	2.6070355166472638e-08	255-70-122-242	255-26-209-210
5214	0.0076681182017787	0.0004656132338518	255-232-213-56	255-26-209-210
5215	7.0364582585008795e-09	5.706803732580645e-07	255-70-122-242	255-70-122-242
5216	2.2579740710534048e-11	9.802842492124806e-12	255-70-122-242	255-70-122-242
5217	9.524258596757456e-07	1.233017319216383e-05	255-128-254-83	255-70-122-242
5218	1.6321713220963036e-14	4.737021724235975e-10	255-70-122-242	255-70-122-242
5219	3.1043766295903294e-14	5.59062509000058e-12	255-24-215-202	255-70-122-242
5220	5.435067896043653e-13	3.620612888501623e-10	255-70-122-242	255-26-209-210
5221	0.0134291117863628	0.002651740401872	255-222-62-8	255-70-122-242
5222	8.465024644922652e-19	5.398914371055397e-13	255-24-215-202	255-70-122-242
5223	2.959381115786905e-17	3.784431063888955e-11	255-24-215-202	255-70-122-242
5224	1.6648040222041142e-16	7.83227885502123e-12	255-70-122-242	255-26-209-210
5225	4.52922289217811e-21	9.385082269004464e-17	255-24-215-202	255-70-122-242
5226	2.245421147732601e-16	3.515456122552386e-09	255-24-215-202	255-70-122-242
5227	1.64527209892088e-20	2.281050843652421e-13	255-24-215-202	255-70-122-242
5228	8.579595134860373e-14	9.774057840995126e-06	255-24-215-202	255-70-122-242
5229	0.0015717492364921	0.0141884359054882	255-128-254-83	255-254-152-44
5230	0.0103483252537727	0.0048715556703719	255-232-213-56	255-254-152-44
5231	0.0005804874120236	0.0008370132991354	255-24-215-202	255-101-252-104
5232	0.0316864611682158	0.0108334745714001	255-24-215-202	255-70-122-242
5233	0.0001640923817223	1.7062237948859634e-06	255-122-4-2	255-101-252-104
5234	0.1837226298980883	0.003610116609945	255-70-122-242	255-101-252-104
5235	3.689495866368575e-19	6.110348664502065e-20	255-24-215-202	255-122-4-2
5236	4.7773918402974975e-11	7.2954631199695e-08	255-24-215-202	255-26-209-210
5237	0.0372311330699275	0.6623633133576813	255-232-213-56	255-26-209-210
5238	0.2668600139943318	0.0002207537015184	255-128-254-83	255-101-252-104
5239	0.0006735235897983	0.443330797637547	255-232-213-56	255-26-209-210
5240	0.0003735098535967	0.1646771061036772	255-232-213-56	255-26-209-210
5241	0.156599400065111	0.0624856536454609	255-232-213-56	255-26-209-210
5242	9.230345133446249e-12	0.9536819184172464	255-247-113-27	255-26-209-210
5243	0.1684532671853304	0.0382902192523787	255-232-213-56	255-26-209-210
5244	1.9826634925954708e-11	0.9937743587507982	255-247-113-27	255-26-209-210
5245	0.0037262307444544	0.4843956481172519	255-232-213-56	255-122-4-2
5246	4.1411110582997e-06	0.8508863268018824	255-247-113-27	255-26-209-210
5247	8.859577616995218e-12	8.465625378823979e-13	255-24-215-202	255-101-252-104
5248	1.5715103316830294e-06	0.9994395778701723	255-232-213-56	255-70-122-242
5249	1.2529104971231943e-06	0.9994943685034224	255-232-213-56	255-70-122-242
5250	7.429103406770678e-18	3.4534434143925233e-16	255-24-215-202	255-70-122-242
5251	4.9490239562298444e-23	1.5875654228996965e-21	255-24-215-202	255-26-209-210
5252	1.0299433556715478e-19	1.6737267437543186e-19	255-24-215-202	255-122-4-2
5253	6.917592693040501e-21	1.6921641208005906e-19	255-24-215-202	255-26-209-210
5255	4.1361105541343825e-08	1.417380194149901e-07	255-70-122-242	255-122-4-2
5256	6.62412355236139e-10	6.535568759749736e-10	255-70-122-242	255-101-252-104
5257	2.4457014495396475e-09	1.771103955690035e-09	255-24-215-202	255-101-252-104
5258	0.0149751792589583	6.316886307117166e-05	255-128-254-83	255-70-122-242
5259	1.780685466475412e-09	1.9475799348674862e-10	255-53-243-148	255-101-252-104
5260	3.872348236442639e-16	1.5944064470189868e-14	255-53-243-148	255-122-4-2
5261	7.05395664512404e-14	1.773625703575989e-12	255-70-122-242	255-101-252-104
5262	1.0368652144867408e-08	3.064222050280865e-07	255-24-215-202	255-70-122-242
5263	1.9944412214862044e-06	3.509589227818181e-06	255-70-122-242	255-26-209-210
5264	2.148883752968572e-15	4.7308261226430015e-14	255-70-122-242	255-101-252-104
5265	4.872692331242148e-13	4.747889187306414e-12	255-70-122-242	255-101-252-104
5266	4.955661308018319e-18	5.426556079811142e-16	255-53-243-148	255-122-4-2
5267	1.8104745288383582e-16	9.398116718517754e-12	255-24-215-202	255-26-209-210
5268	6.742150211004618e-22	9.505335032286448e-20	255-24-215-202	255-101-252-104
5269	9.881888801620198e-17	1.032037768931714e-15	255-70-122-242	255-101-252-104
5270	2.9530655006137653e-24	3.2613762782877585e-18	255-24-215-202	255-26-209-210
5271	1.7351829663637213e-19	8.559117580437657e-16	255-70-122-242	255-212-231-53
5272	1.743153523631015e-13	1.6464054823212086e-10	255-70-122-242	255-26-209-210
5273	2.0173011126015444e-24	8.049779616898577e-19	255-70-122-242	255-70-122-242
5274	3.538089312136925e-11	2.5680948898856953e-10	255-70-122-242	255-70-122-242
5275	2.9305361077572715e-30	6.989024014003999e-26	255-24-215-202	255-122-4-2
5276	4.449849642795655e-19	2.3104994287010664e-15	255-70-122-242	255-70-122-242
5277	5.978094294505568e-20	3.1364941434870875e-14	255-70-122-242	255-70-122-242
5278	8.708503489915928e-24	1.4982188755605802e-19	255-70-122-242	255-122-4-2
5279	3.025688157372468e-19	8.086768490653068e-14	255-222-62-8	255-70-122-242
5280	5.253058906923393e-07	0.000240962572975	255-53-243-148	255-70-122-242
5281	7.94549510989038e-05	0.0060122957321866	255-70-122-242	255-70-122-242
5282	0.0408712292555274	0.1752520906310426	255-232-213-56	255-70-122-242
5283	0.0006511910299084	0.0035331457374611	255-232-213-56	255-217-56-6
5284	6.99348219835061e-19	5.4058215330997535e-18	255-24-215-202	255-70-122-242
5285	9.834016642577866e-20	5.887369635105785e-15	255-24-215-202	255-26-209-210
5286	8.235980972325729e-09	0.7507866474552701	255-70-122-242	255-26-209-210
5287	1.0638848545443216e-18	1.0658912236940199e-13	255-247-113-27	255-26-209-210
5288	4.963677207461098e-05	2.662020143418343e-05	255-24-215-202	255-101-252-104
5289	1.1842221889746912e-14	4.5213272931812704e-11	255-24-215-202	255-70-122-242
5290	2.967753995429776e-18	3.823583934185923e-17	255-24-215-202	255-122-4-2
5291	2.254487662173578e-06	7.251234890287042e-07	255-24-215-202	255-70-122-242
5292	1.9467549014604886e-16	8.813210163771257e-08	255-70-122-242	255-70-122-242
5293	7.018176722142886e-12	2.791054968615748e-11	255-70-122-242	255-26-209-210
5294	2.1222636730165005e-18	1.8817915085158248e-11	255-24-215-202	255-70-122-242
5295	1.2537972302741698e-12	7.993307091833069e-12	255-70-122-242	255-26-209-210
5296	4.99988901800487e-10	8.699439625852791e-10	255-70-122-242	255-101-252-104
5297	3.227255366139736e-22	1.2725531155102029e-15	255-70-122-242	255-122-4-2
5298	5.581172846389366e-13	3.400453594889247e-12	255-70-122-242	255-101-252-104
5299	2.4624668549119057e-10	5.86838923161235e-08	255-70-122-242	255-101-252-104
5300	8.906416315749934e-14	3.442796376006724e-13	255-70-122-242	255-101-252-104
5301	4.2531153004839314e-12	1.6523859822159348e-11	255-70-122-242	255-101-252-104
5302	4.4718300141305513e-07	1.914368229710879e-06	255-70-122-242	255-70-122-242
5303	0.0017088519382503	0.0003199429504755	255-122-4-2	255-101-252-104
5304	4.0019614927385406e-09	9.868520820983756e-10	255-70-122-242	255-122-4-2
5305	3.555854308681788e-23	4.346648930660658e-19	255-70-122-242	255-70-122-242
5306	1.813961690001572e-15	5.6726858240563846e-14	255-70-122-242	255-101-252-104
5307	4.5871790000074645e-19	6.877102055863775e-15	255-70-122-242	255-70-122-242
5308	7.092545869390822e-05	0.0001800592513551	255-70-122-242	255-101-252-104
5309	5.623882266571583e-16	4.09179992506791e-16	255-70-122-242	255-101-252-104
5310	8.599972499552437e-14	5.144405475596783e-13	255-24-215-202	255-101-252-104
5311	4.743788590384233e-09	2.056826700826442e-09	255-24-215-202	255-122-4-2
5312	9.00517155910447e-09	6.033837640367611e-09	255-24-215-202	255-122-4-2
5313	8.04161270045978e-10	7.396285287520058e-11	255-53-243-148	255-70-122-242
5314	1.1703783855803666e-26	7.343313374198008e-19	255-24-215-202	255-70-122-242
5315	1.615482190767835e-22	1.978333483625044e-18	255-70-122-242	255-101-252-104
5316	5.914327465748005e-22	6.443308422279822e-17	255-70-122-242	255-70-122-242
5317	1.4525058493997816e-13	1.4465340683670378e-12	255-24-215-202	255-101-252-104
5318	1.863066862183869e-20	7.96888662003574e-15	255-70-122-242	255-101-252-104
5319	1.1087966627810068e-15	1.3863979585649868e-14	255-70-122-242	255-122-4-2
5320	8.747729106862518e-22	2.334983205765796e-18	255-24-215-202	255-70-122-242
5321	3.9061650440370625e-18	7.29573455818198e-16	255-24-215-202	255-122-4-2
5322	2.1993029284243693e-13	2.932164071715566e-07	255-70-122-242	255-212-231-53
5323	2.5626508501775507e-21	1.85641914206922e-14	255-70-122-242	255-26-209-210
5324	3.333149168193744e-10	2.3169027590719764e-06	255-70-122-242	255-70-122-242
5325	3.330758259789505e-20	9.707422709172359e-17	255-70-122-242	255-26-209-210
5326	4.532815973738711e-23	3.1656393690276004e-15	255-70-122-242	255-70-122-242
5327	2.2821206257830132e-11	4.263220433791503e-08	255-70-122-242	255-101-252-104
5328	8.468714861886946e-19	1.6140796722265403e-06	255-24-215-202	255-70-122-242
5329	2.190202290314777e-18	9.29674601358805e-09	255-24-215-202	255-70-122-242
5330	5.518309511696552e-24	6.373863720327202e-16	255-70-122-242	255-70-122-242
5331	2.086684359550651e-24	5.184976734189634e-20	255-70-122-242	255-70-122-242
5332	1.4247233512343096e-19	1.2291942550184365e-12	255-24-215-202	255-70-122-242
5333	1.3601273266856906e-23	7.64837973316277e-19	255-70-122-242	255-70-122-242
5334	3.279486418439531e-24	1.5869487556165306e-14	255-24-215-202	255-70-122-242
5335	4.392398749813221e-25	2.26676575070207e-18	255-24-215-202	255-70-122-242
5336	3.582163130564017e-17	8.258353493676911e-14	255-222-62-8	255-122-4-2
5337	1.4367681237105907e-14	8.841551411415373e-15	255-53-243-148	255-70-122-242
5338	0.0015232750764077	0.0091686582912015	255-128-254-83	255-101-252-104
5339	0.2668600139943318	0.0002207537015184	255-128-254-83	255-101-252-104
5340	0.0081779672500617	0.0533670077060458	255-232-213-56	255-254-152-44
5341	0.031609448397914	0.0010928520384537	255-53-243-148	255-101-252-104
5342	0.0633271869245295	0.0005387472259669	255-122-4-2	255-101-252-104
5343	4.448250893545631e-05	0.0001438029008642	255-128-254-83	255-122-4-2
5344	7.406257074375121e-05	7.351099626078855e-05	255-128-254-83	255-122-4-2
5345	0.0156958121835587	0.0020577752784478	255-122-4-2	255-70-122-242
5346	0.0504762469420277	0.0039290997872759	255-232-213-56	255-70-122-242
5347	0.147831633304766	0.0382825330304794	255-232-213-56	255-70-122-242
5348	0.0062244993396533	0.0015680595788241	255-232-213-56	255-70-122-242
5349	3.9242832820914025e-06	0.1999157422053171	255-232-213-56	255-70-122-242
5350	0.0009651071497861	0.0004400859036535	255-232-213-56	255-70-122-242
5351	0.0011617067390854	0.0099950295115851	255-232-213-56	255-70-122-242
5352	4.493391043597917e-09	2.2706832646747587e-07	255-232-213-56	255-70-122-242
5353	6.136804653313057e-06	2.649695451570178e-05	255-232-213-56	255-70-122-242
5354	5.798015395883529e-10	0.0002647924259814	255-232-213-56	255-70-122-242
5355	0.6376255890023967	0.0063190820252163	255-232-213-56	255-70-122-242
5356	0.0346531621160176	0.0491817017237454	255-232-213-56	255-217-56-6
5357	0.0270416204422683	4.683163721949003e-05	255-128-254-83	255-70-122-242
5358	5.060899645969412e-05	4.648787594239336e-05	255-128-254-83	255-70-122-242
5359	0.0005369057941969	0.0017716992722577	255-187-244-52	255-70-122-242
5360	1.4587088766193156e-05	0.0097467395403909	255-70-122-242	255-70-122-242
5361	4.738196031308322e-09	0.000387854045476	255-232-213-56	255-217-56-6
5362	1.3360504053602993e-13	5.336012616861137e-12	255-24-215-202	255-217-56-6
5363	4.963335180681784e-15	2.8937802033702567e-14	255-51-172-246	255-26-209-210
5364	8.706461590705866e-20	3.97463228063243e-18	255-24-215-202	255-212-231-53
5365	6.259294856718205e-17	8.578362188946318e-19	255-24-215-202	255-122-4-2
5366	6.028623792799565e-22	2.1490595816494283e-22	255-24-215-202	255-212-231-53
5367	4.668606615937723e-18	4.784495363986017e-13	255-24-215-202	255-122-4-2
5368	1.6043592575995821e-22	7.614393065042785e-18	255-24-215-202	255-212-231-53
5369	1.592205622399168e-20	2.9665268474194226e-21	255-24-215-202	255-212-231-53
5370	3.121517600654691e-15	1.841535207205853e-08	255-70-122-242	255-122-4-2
5371	1.376826388948598e-20	1.0793202994040104e-18	255-24-215-202	255-26-209-210
5372	4.449393092012598e-23	5.18600060907025e-23	255-24-215-202	255-212-231-53
5373	2.1016225543587905e-18	7.792287439274247e-16	255-24-215-202	255-122-4-2
5374	9.797484458688148e-15	4.3160903320897046e-15	255-24-215-202	255-26-209-210
5375	4.091431168509947e-13	1.529078455308055e-12	255-70-122-242	255-212-231-53
5376	1.1796283683057575e-16	7.53374483971087e-18	255-24-215-202	255-26-209-210
5377	7.605729518531914e-10	3.957209531841896e-10	255-53-243-148	255-101-252-104
5378	7.242280919787093e-07	3.762381635337494e-07	255-24-215-202	255-101-252-104
5379	1.697902370008222e-07	3.479756007493586e-07	255-24-215-202	255-212-231-53
5380	3.338079355704195e-11	1.9278321252157966e-10	255-128-254-83	255-122-4-2
5381	0.1912816221187518	0.0003250191135942	255-128-254-83	255-101-252-104
5382	0.0006852122134049	0.0003247695969447	255-70-122-242	255-122-4-2
5383	0.0767166124452492	7.575396143395269e-05	255-128-254-83	255-70-122-242
5384	0.130952538351552	0.001260887232606	255-53-243-148	255-101-252-104
5385	0.075816530773669	6.477077183538652e-05	255-128-254-83	255-101-252-104
5386	0.2668600139943318	0.0002207537015184	255-128-254-83	255-101-252-104
5387	0.2208725992576494	0.000182711688875	255-128-254-83	255-101-252-104
5388	0.0290075322027468	0.001030671964458	255-247-113-27	255-70-122-242
5389	9.838417810133211e-07	7.587440144002977e-08	255-24-215-202	255-70-122-242
5390	0.1235741993260831	0.0004142348718631	255-232-213-56	255-70-122-242
5391	0.0158614445125989	0.0026826358601576	255-232-213-56	255-70-122-242
5392	0.034144640620515	4.811683608185056e-06	255-128-254-83	255-101-252-104
5393	0.0283959870909432	2.3489915798056524e-05	255-128-254-83	255-101-252-104
5394	0.00062553008381	0.0003444314643523	255-232-213-56	255-70-122-242
5395	0.2219056296497402	0.0062637227642499	255-128-254-83	255-70-122-242
5396	1.3660964857563813e-08	6.686233684183267e-06	255-70-122-242	255-70-122-242
5397	3.4307478438361614e-07	0.0004781205836843	255-232-213-56	255-70-122-242
5398	0.039256089906469	0.0048664115752627	255-128-254-83	255-26-209-210
5399	3.552286007386489e-05	0.00295140374719	255-232-213-56	255-70-122-242
5400	1.0881929212270682e-09	8.544701467535903e-06	255-24-215-202	255-70-122-242
5401	9.63269400567204e-07	0.0003703624751859	255-128-254-83	255-70-122-242
5402	1.6280531911409513e-21	2.0931988507147182e-16	255-24-215-202	255-212-231-53
5403	3.495684810726907e-11	6.860061229995466e-10	255-24-215-202	255-122-4-2
5404	4.26232036923107e-18	1.1862544577704003e-19	255-24-215-202	255-101-252-104
5405	6.22838574770313e-13	1.5285165548956556e-12	255-51-172-246	255-212-231-53
5406	3.802053986795727e-15	4.302434663019396e-16	255-24-215-202	255-212-231-53
5407	5.298624222907671e-19	5.836385139869017e-20	255-24-215-202	255-212-231-53
5408	2.3586117439740696e-12	9.674763388239723e-11	255-24-215-202	255-122-4-2
5409	1.2496267568115645e-17	2.4885470125244507e-20	255-24-215-202	255-26-209-210
5410	1.3956734801040832e-19	7.548446070793057e-21	255-24-215-202	255-212-231-53
5411	2.878636347157612e-13	8.55570595389842e-14	255-51-172-246	255-122-4-2
5412	4.09379880774946e-23	8.06001404638151e-24	255-24-215-202	255-101-252-104
5413	2.636728806928549e-21	2.045407636460483e-21	255-24-215-202	255-122-4-2
5414	5.2544717784968595e-18	2.3037189856823246e-20	255-24-215-202	255-26-209-210
5415	4.001484276097951e-15	2.9237094683437923e-18	255-24-215-202	255-122-4-2
5416	4.242014815021024e-15	5.197662825091447e-15	255-70-122-242	255-101-252-104
5417	3.801575774346206e-18	7.978237880637184e-20	255-24-215-202	255-26-209-210
5418	1.26290184439715e-14	5.0169643665254316e-15	255-24-215-202	255-212-231-53
5419	1.24111227300149e-07	1.2922670862116053e-06	255-70-122-242	255-101-252-104
5420	7.697829187077664e-14	1.57207834369992e-15	255-24-215-202	255-101-252-104
5421	2.7250260246658025e-10	2.1247058772813204e-09	255-70-122-242	255-101-252-104
5422	1.3272030946984818e-13	3.615648472955145e-16	255-24-215-202	255-101-252-104
5423	1.4491939748286805e-14	1.5869195582330202e-16	255-24-215-202	255-122-4-2
5424	0.0365230937640944	0.0139270331071526	255-70-122-242	255-101-252-104
5425	4.608964110813151e-21	8.636023117189513e-20	255-24-215-202	255-122-4-2
5426	1.10574608215424e-06	3.339090570163852e-07	255-70-122-242	255-212-231-53
5427	2.6760714741983823e-24	8.110058060046151e-22	255-24-215-202	255-70-122-242
5428	5.7160097119494576e-08	2.59417191449409e-07	255-24-215-202	255-122-4-2
5429	0.0001010087212775	0.8893706231277357	255-70-122-242	255-70-122-242
5430	2.177634358428111e-19	2.0233683797219733e-15	255-24-215-202	255-122-4-2
5431	0.0768999690558745	0.0020991075418939	255-70-122-242	255-101-252-104
5432	1.0207293274881567e-14	3.7980688178442503e-14	255-24-215-202	255-70-122-242
5433	0.0748162300054029	0.0013532264244208	255-128-254-83	255-101-252-104
5434	0.2347855232293171	0.0001942208296403	255-128-254-83	255-101-252-104
5435	4.483305989635742e-13	3.865739724120232e-11	255-24-215-202	255-122-4-2
5436	1.4398328867272138e-14	4.871131854995239e-12	255-24-215-202	255-122-4-2
5437	0.0169807960286291	1.8660067283223789e-06	255-128-254-83	255-101-252-104
5438	0.0170685982893518	0.0004706480868594	255-232-213-56	255-70-122-242
5439	3.069799674508773e-16	3.394197656267894e-13	255-24-215-202	255-122-4-2
5440	8.819522210354718e-09	6.686989658143636e-05	255-247-113-27	255-122-4-2
5441	9.711733410882805e-13	3.55841648117078e-10	255-24-215-202	255-122-4-2
5442	0.0030664308501082	0.0115554945053432	255-128-254-83	255-70-122-242
5443	1.6913994733184425e-18	7.092554109523267e-13	255-24-215-202	255-122-4-2
5444	3.086509263113915e-09	8.248124442614448e-09	255-128-254-83	255-254-152-44
5445	4.097864274854026e-19	5.604813531469667e-19	255-247-113-27	255-101-252-104
5446	0.007747362330292	0.0013780459977134	255-51-172-246	255-101-252-104
5447	1.2869747294915603e-14	2.6498863162537848e-15	255-24-215-202	255-26-209-210
5448	1.2788427805170003e-10	6.389873482472367e-11	255-24-215-202	255-101-252-104
5449	0.1686544197504256	0.0006900017722674	255-128-254-83	255-101-252-104
5450	9.815924216360057e-12	3.1037809813289425e-14	255-24-215-202	255-212-231-53
5451	2.851537430827495e-10	2.508714364530884e-10	255-53-243-148	255-101-252-104
5452	1.528882089942501e-17	1.5254170556362449e-15	255-24-215-202	255-26-209-210
5453	1.4342906730830874e-08	2.8460556573242365e-08	255-70-122-242	255-212-231-53
5454	3.4898899672119764e-12	1.899036970741616e-12	255-24-215-202	255-101-252-104
5455	8.161748643800013e-16	4.063345379283793e-15	255-70-122-242	255-101-252-104
5456	1.027366778846207e-07	5.505458479758803e-08	255-70-122-242	255-101-252-104
5457	4.682141387125391e-10	1.9298676595853142e-10	255-24-215-202	255-70-122-242
5458	5.5382961874373365e-09	6.991756673803861e-10	255-122-4-2	255-101-252-104
5459	0.0027500584736465	0.0001386830953963	255-53-243-148	255-70-122-242
5460	5.271852130706984e-10	1.0820484949827084e-09	255-24-215-202	255-122-4-2
5461	9.799099649079009e-09	2.2445189807830917e-08	255-122-4-2	255-70-122-242
5462	0.0001031683281938	8.673534502186684e-06	255-70-122-242	255-101-252-104
5463	7.642104650870227e-25	3.3235568739522786e-22	255-24-215-202	255-212-231-53
5464	1.5278576923674373e-20	1.67136682342101e-18	255-24-215-202	255-70-122-242
5465	0.0002514447061322	0.9674350205565414	255-232-213-56	255-70-122-242
5466	0.0719361671745247	0.529638057572326	255-232-213-56	255-70-122-242
5467	8.910399170142439e-08	0.4606495233907259	255-232-213-56	255-26-209-210
5468	1.7201683845375028e-05	0.9994522864513462	255-232-213-56	255-70-122-242
5469	2.1133240309114806e-07	0.5637118149462346	255-232-213-56	255-26-209-210
5470	0.019500555184879	0.8550709026620185	255-128-254-83	255-70-122-242
5471	0.0013620243141266	0.9877426829558702	255-232-213-56	255-70-122-242
5472	4.402249061756867e-07	0.7531847677674427	255-232-213-56	255-26-209-210
5473	2.1720355496283616e-12	0.8372095566886337	255-247-113-27	255-26-209-210
5474	0.0014069890106594	0.1245286960784663	255-232-213-56	255-26-209-210
5475	1.3032033680334788e-06	0.0171654243757409	255-232-213-56	255-217-56-6
5476	0.0062665148580907	0.1053607527186173	255-53-243-148	255-70-122-242
5477	1.209699423616514e-17	5.820560256610734e-15	255-24-215-202	255-70-122-242
5478	3.4545374906543812e-18	1.80933234513128e-16	255-24-215-202	255-70-122-242
5479	1.0763929733919043e-19	1.714106905028744e-17	255-24-215-202	255-122-4-2
5480	2.02724248996692e-08	3.456331297553623e-08	255-122-4-2	255-70-122-242
5481	2.0528913481120284e-06	0.0028655613667825	255-24-215-202	255-70-122-242
5482	3.138964235128604e-11	2.9411322138099665e-07	255-24-215-202	255-70-122-242
5483	1.094911439483996e-07	0.0001188095236942	255-70-122-242	255-26-209-210
5484	9.310727364595702e-14	5.90333937133836e-10	255-128-254-83	255-70-122-242
5485	6.068543451785387e-12	5.558415877487619e-09	255-70-122-242	255-70-122-242
5486	0.0100915832504384	0.1383225490849351	255-232-213-56	255-122-4-2
5487	0.1147118290223283	0.0001022190230773	255-128-254-83	255-101-252-104
5488	1.3063985000833971e-05	0.0490997080549056	255-128-254-83	255-254-152-44
5489	0.0018100674246845	9.980139905911866e-05	255-70-122-242	255-254-152-44
5490	3.376292126583987e-05	0.0001120302959504	255-53-243-148	255-217-56-6
5491	0.1968023053230074	0.0059761802980727	255-128-254-83	255-254-152-44
5492	0.2918550832265525	0.0006476792390102	255-128-254-83	255-70-122-242
5493	0.1775223975791476	0.0008902629349526	255-128-254-83	255-101-252-104
5494	0.1263459350556176	0.0020038380613493	255-128-254-83	255-70-122-242
5495	0.0028328125268236	0.1877652675184558	255-70-122-242	255-70-122-242
5496	0.0001724079044162	0.0024926828347722	255-70-122-242	255-70-122-242
5497	0.0157660420070537	0.0009107301822701	255-24-215-202	255-101-252-104
5498	0.0064903282030348	0.0001290382713142	255-232-213-56	255-70-122-242
5499	0.0065241086916055	0.0017151426712449	255-70-122-242	255-101-252-104
5500	0.0342346096577657	4.824362099858018e-06	255-128-254-83	255-101-252-104
5501	0.0342225374684382	4.822660879565576e-06	255-128-254-83	255-101-252-104
5502	0.0342346096577657	4.824362099858018e-06	255-128-254-83	255-101-252-104
5503	9.68947520849319e-14	2.340614242893483e-13	255-24-215-202	255-70-122-242
5504	1.2704270101731534e-15	3.303759696549829e-13	255-24-215-202	255-122-4-2
5505	6.674329004879186e-15	4.9880004659615976e-11	255-24-215-202	255-26-209-210
5506	7.414970781952768e-16	1.0975637617999366e-12	255-24-215-202	255-122-4-2
5507	4.028062558080908e-13	2.0526583158449183e-06	255-24-215-202	255-70-122-242
5508	1.4046487867125488e-07	0.1470220963001667	255-247-113-27	255-26-209-210
5509	7.079392305825345e-06	0.2488300502471105	255-232-213-56	255-70-122-242
5510	5.474777688704265e-05	0.2701581016514489	255-232-213-56	255-26-209-210
5511	5.705259245864609e-17	6.485682957630307e-17	255-24-215-202	255-122-4-2
5512	2.6583042970457044e-07	0.993353162553042	255-70-122-242	255-70-122-242
5513	2.470383021244203e-15	8.499445548670633e-16	255-24-215-202	255-122-4-2
5514	4.3369638830859066e-15	7.872282524934801e-16	255-24-215-202	255-122-4-2
5515	4.3369638830859066e-15	7.872282524934801e-16	255-24-215-202	255-122-4-2
5516	1.0171735017560973e-20	5.878220001847548e-20	255-24-215-202	255-122-4-2
5517	1.917147058205285e-08	0.00602072951974	255-70-122-242	255-212-231-53
5518	3.8536707824655136e-08	3.208938772627881e-08	255-70-122-242	255-212-231-53
5519	0.0001093726176012	0.0007082584127663	255-232-213-56	255-70-122-242
5520	0.0173604948426526	0.0050530899976735	255-128-254-83	255-101-252-104
5521	0.036520255478215	0.0004683357078261	255-122-4-2	255-70-122-242
5522	4.730278034600328e-12	2.9916439480531385e-10	255-70-122-242	255-212-231-53
5523	2.373968950790137e-10	2.3520496221035368e-09	255-70-122-242	255-101-252-104
5524	8.43069915076363e-10	1.0417901091156507e-09	255-70-122-242	255-101-252-104
5525	4.856819722432535e-28	2.6302179079995048e-21	255-24-215-202	255-70-122-242
5526	7.699812086062413e-07	0.0111767091278081	255-222-62-8	255-212-231-53
5527	2.8610575404416785e-13	1.6894575263106956e-08	255-70-122-242	255-70-122-242
5528	4.170724309395302e-11	8.534084505934281e-05	255-232-213-56	255-70-122-242
5529	5.55115020808339e-10	8.977288516173882e-06	255-232-213-56	255-70-122-242
5530	4.922119257767174e-08	1.6204683071877058e-06	255-24-215-202	255-70-122-242
5531	4.65648196968654e-07	3.104441554521948e-06	255-24-215-202	255-70-122-242
5532	3.805328403216815e-07	6.104783650575568e-05	255-24-215-202	255-70-122-242
5533	0.0011920729877545	0.0030288593539853	255-232-213-56	255-70-122-242
5534	0.0189755382947422	0.0031381398632926	255-128-254-83	255-217-56-6
5535	0.0306810790119756	0.0607802952173648	255-53-243-148	255-217-56-6
5536	0.000579320471844	0.0026399326094677	255-232-213-56	255-70-122-242
5537	0.2100929200681345	0.0183417827559382	255-232-213-56	255-26-209-210
5538	0.2841831872028161	0.0001434535827078	255-232-213-56	255-101-252-104
5539	0.0112481944500312	6.560715645874755e-05	255-128-254-83	255-70-122-242
5540	3.882666520611677e-05	0.001867472776265	255-232-213-56	255-70-122-242
5541	0.0153282454495576	0.002679060991199	255-128-254-83	255-70-122-242
5542	1.1404830376759878e-08	1.482019589860174e-06	255-24-215-202	255-122-4-2
5543	2.9831772675139657e-19	8.495478779444351e-17	255-24-215-202	255-122-4-2
5544	5.700896959328174e-07	0.0327317215997422	255-232-213-56	255-254-152-44
5545	3.932499579777996e-18	8.517884074622898e-13	255-24-215-202	255-122-4-2
5546	8.415775529537565e-17	3.1078749538545383e-16	255-24-215-202	255-122-4-2
5547	8.297568363640527e-06	0.0009334725072344	255-53-243-148	255-70-122-242
5548	4.751666088221068e-11	1.3269396127571022e-10	255-24-215-202	255-26-209-210
5549	1.5229934574248482e-10	6.065673648211754e-06	255-232-213-56	255-70-122-242
5550	3.3300890720446948e-12	8.489375536898234e-08	255-24-215-202	255-70-122-242
5551	1.2588747128856494e-07	2.421256015963869e-06	255-24-215-202	255-26-209-210
5552	5.1162672539757285e-17	3.113866213840085e-16	255-24-215-202	255-70-122-242
5553	2.5615981396424044e-17	1.298167023040166e-11	255-24-215-202	255-26-209-210
5554	6.847784385350168e-11	2.441504497944865e-10	255-70-122-242	255-70-122-242
5555	1.4937190555093514e-06	7.370675396932038e-06	255-70-122-242	255-26-209-210
5556	2.5175794065205225e-11	2.4696411184143236e-10	255-70-122-242	255-101-252-104
5557	1.2049600994379264e-16	4.562144010213389e-11	255-70-122-242	255-70-122-242
5558	4.740479234231027e-13	4.4836670229531357e-11	255-70-122-242	255-101-252-104
5559	1.7737215397159067e-09	5.539653860599397e-08	255-70-122-242	255-101-252-104
5560	2.872297801960366e-13	5.812001304534973e-11	255-70-122-242	255-101-252-104
5561	2.4422333285310286e-20	2.353391256151028e-16	255-70-122-242	255-70-122-242
5562	3.429561196750238e-07	2.9410027421270935e-08	255-53-243-148	255-70-122-242
5563	5.012646014140331e-15	2.2710002268285688e-10	255-70-122-242	255-70-122-242
5564	5.705603063983661e-12	1.5451876078951876e-07	255-70-122-242	255-212-231-53
5565	4.2421444227627594e-11	1.1122514945971438e-05	255-70-122-242	255-212-231-53
5566	1.856171570784112e-13	4.374995423584519e-11	255-70-122-242	255-101-252-104
5567	1.764849146458766e-14	2.151643039851081e-10	255-70-122-242	255-122-4-2
5568	5.459187174122536e-06	0.0042889428825538	255-70-122-242	255-212-231-53
5569	7.06376114783971e-11	9.087118183576038e-09	255-70-122-242	255-212-231-53
5570	0.0666224116759682	0.0004097933131987	255-128-254-83	255-70-122-242
5571	1.5420719554066946e-05	0.0011355506360337	255-232-213-56	255-70-122-242
5572	1.6412494076390354e-14	1.407027289623295e-09	255-128-254-83	255-70-122-242
5573	8.153535146912717e-10	0.0032969433579477	255-70-122-242	255-70-122-242
5574	4.280909377615293e-15	7.846134428652705e-11	255-222-62-8	255-70-122-242
5575	1.6122163917516146e-05	0.17240169944737	255-128-254-83	255-122-4-2
5576	3.529099282124121e-07	2.837638717250157e-05	255-128-254-83	255-122-4-2
5577	6.978331788437364e-05	0.0307316035697701	255-53-243-148	255-70-122-242
5578	8.744253928029508e-10	2.6186187315556345e-08	255-24-215-202	255-70-122-242
5579	4.540773286550451e-13	0.0003454778541661	255-24-215-202	255-217-56-6
5580	9.04008976796221e-05	8.642232656094515e-06	255-128-254-83	255-70-122-242
5581	0.0592542655083919	0.0012305669367767	255-53-243-148	255-70-122-242
5582	0.0064750829435501	0.00058611268813	255-53-243-148	255-101-252-104
5583	0.0778278541132036	0.0001500835876288	255-128-254-83	255-101-252-104
5584	2.869885550016779e-07	0.230276773518817	255-232-213-56	255-254-152-44
5585	0.1892581545916306	0.0005224217716997	255-53-243-148	255-101-252-104
5586	0.0236242756891716	0.0040716340328903	255-128-254-83	255-254-152-44
5587	0.0059007033587612	0.0069211200478885	255-232-213-56	255-70-122-242
5588	6.282270066616148e-07	6.497403548912485e-05	255-24-215-202	255-70-122-242
5589	3.031710266557912e-05	0.0132995875300465	255-232-213-56	255-212-231-53
5590	6.616508522575068e-05	0.0004495574294869	255-24-215-202	255-70-122-242
5591	7.537377640899308e-09	3.0320514108370555e-08	255-24-215-202	255-70-122-242
5592	4.321645860738646e-08	3.686434731609172e-06	255-232-213-56	255-70-122-242
5593	4.352712806622002e-07	9.25051062285581e-07	255-128-254-83	255-70-122-242
5594	5.2010307892870094e-14	5.1904908177516397e-11	255-24-215-202	255-212-231-53
5595	2.100190815115982e-13	2.1351738693067867e-10	255-51-172-246	255-212-231-53
5596	3.647229931280651e-17	3.966068275265337e-17	255-51-172-246	255-212-231-53
5597	4.13658222290329e-12	1.9979251906375423e-06	255-24-215-202	255-122-4-2
5598	2.4362904718361067e-16	1.7368333626262044e-18	255-51-172-246	255-101-252-104
5599	8.277623946208281e-21	1.2222210527674656e-21	255-24-215-202	255-122-4-2
5600	4.449672664368635e-19	5.550115089188941e-21	255-24-215-202	255-101-252-104
5601	1.3515608296261422e-11	9.933611933377949e-08	255-24-215-202	255-212-231-53
5602	4.173027314555698e-14	8.486267810656737e-16	255-51-172-246	255-101-252-104
5603	1.913838925727033e-14	2.400759127647705e-16	255-24-215-202	255-101-252-104
5604	7.433128552667189e-22	6.620046910325836e-18	255-24-215-202	255-212-231-53
5605	1.4516566942815634e-20	8.299482134857714e-23	255-24-215-202	255-122-4-2
5606	1.2015890969073949e-17	2.4933196519478063e-11	255-24-215-202	255-26-209-210
5607	7.309258151969706e-17	8.795799945020828e-17	255-24-215-202	255-122-4-2
5608	6.073807279431285e-19	1.7945907951323653e-19	255-24-215-202	255-212-231-53
5609	4.9501970984130276e-17	1.8571490948077607e-14	255-24-215-202	255-26-209-210
5610	2.486355790468247e-17	6.73838544951576e-17	255-24-215-202	255-26-209-210
5611	4.7309524114389814e-20	6.377297757880112e-17	255-24-215-202	255-212-231-53
5612	3.894874897912043e-12	1.5624217806306945e-12	255-24-215-202	255-26-209-210
5613	1.943987538821978e-12	1.4166541320451998e-13	255-51-172-246	255-26-209-210
5614	4.557558699514322e-09	7.651685558812997e-09	255-24-215-202	255-26-209-210
5615	1.3241130814855889e-11	6.943435993448409e-11	255-24-215-202	255-122-4-2
5616	3.5140845567744946e-08	3.760805589395521e-09	255-24-215-202	255-101-252-104
5617	1.4721305370551172e-08	1.1723951227603451e-09	255-24-215-202	255-122-4-2
5618	1.425272012173397e-15	2.547815776487358e-15	255-24-215-202	255-122-4-2
5619	6.364375807080295e-09	8.185423127972835e-10	255-24-215-202	255-101-252-104
5620	4.3348928615760075e-07	4.5664592674107494e-07	255-70-122-242	255-212-231-53
5621	0.2229359998966416	0.0004760786582284	255-128-254-83	255-101-252-104
5622	4.804184852557166e-06	7.247196480429111e-08	255-53-243-148	255-70-122-242
5623	0.0338473274171141	4.769786049994289e-06	255-128-254-83	255-101-252-104
5624	0.0333710457264234	1.1554053943421514e-05	255-128-254-83	255-101-252-104
5625	0.1908969937161894	0.0006167498998162	255-232-213-56	255-70-122-242
5626	0.0056873240834591	0.0024701686900667	255-232-213-56	255-70-122-242
5627	2.9349232905497376e-15	1.5104166806058035e-11	255-24-215-202	255-212-231-53
5628	0.0541356251811081	0.0673855337556013	255-232-213-56	255-70-122-242
5629	0.0167079431790673	0.0065587651777489	255-232-213-56	255-70-122-242
5630	0.0319815150294771	0.0001084453089395	255-232-213-56	255-70-122-242
5631	0.0128880276162525	0.0062175534076708	255-53-243-148	255-70-122-242
5632	0.1357400716293114	0.0001057626007008	255-128-254-83	255-70-122-242
5633	4.101995441304945e-05	0.0003580814696202	255-70-122-242	255-70-122-242
5634	0.1281947634182804	0.0020824321686126	255-128-254-83	255-70-122-242
5635	0.2114167653784628	0.0003613061467831	255-128-254-83	255-101-252-104
5636	1.07800121780316e-06	0.0015631594310865	255-128-254-83	255-70-122-242
5637	1.7619184878824145e-08	2.919443532410297e-05	255-24-215-202	255-70-122-242
5638	6.661595694369105e-05	0.0092423605191877	255-232-213-56	255-122-4-2
5639	5.892579623328716e-22	2.6687927791668055e-20	255-24-215-202	255-212-231-53
5640	4.883852952158734e-25	1.041865738580786e-18	255-24-215-202	255-212-231-53
5641	3.573456268439892e-15	2.6208766452007415e-11	255-24-215-202	255-122-4-2
5642	1.1096404813619148e-13	3.960683492512895e-15	255-51-172-246	255-70-122-242
5643	9.426765753576129e-22	1.0720246714337856e-20	255-24-215-202	255-26-209-210
5644	2.7317883397947177e-19	9.06375679337449e-16	255-24-215-202	255-212-231-53
5645	1.8255674474058868e-17	4.948678165034457e-17	255-24-215-202	255-212-231-53
5646	1.4893134040357e-18	4.891606103936432e-18	255-24-215-202	255-212-231-53
5647	2.442094436892262e-14	1.0290251829262131e-16	255-24-215-202	255-26-209-210
5648	1.7739778028476046e-14	5.46930193486125e-16	255-24-215-202	255-26-209-210
5649	2.0981392685672112e-16	1.3779837584878602e-15	255-24-215-202	255-212-231-53
5650	1.4882930718051425e-18	1.3738555574464772e-20	255-24-215-202	255-101-252-104
5651	5.0545471294513725e-17	1.8038611061738853e-19	255-24-215-202	255-101-252-104
5652	5.593685273652205e-17	5.774269961152844e-19	255-24-215-202	255-26-209-210
5653	2.2383468618711853e-19	1.660831226091755e-20	255-24-215-202	255-122-4-2
5654	3.7392417278121606e-05	5.145670792625325e-06	255-53-243-148	255-101-252-104
5655	4.234790502009964e-09	3.153629762876707e-08	255-122-4-2	255-122-4-2
5656	1.1891552709742586e-05	1.2685592278494435e-05	255-53-243-148	255-101-252-104
5657	3.489752179748787e-07	2.526425088834764e-07	255-24-215-202	255-212-231-53
5658	7.707958270146256e-09	6.506436366728788e-08	255-70-122-242	255-122-4-2
5659	3.6840093859512966e-25	2.911625446114204e-22	255-24-215-202	255-70-122-242
5660	4.5653554282589554e-20	2.0791371020074072e-18	255-24-215-202	255-70-122-242
5661	4.918277398621534e-10	5.979347695502512e-09	255-70-122-242	255-122-4-2
5662	8.865848532275314e-08	3.5427126982831485e-07	255-24-215-202	255-122-4-2
5663	7.636230686581153e-06	1.0522213662316228e-05	255-24-215-202	255-122-4-2
5664	5.453379456795652e-15	1.9331456977180817e-14	255-24-215-202	255-70-122-242
5665	8.401864905835172e-13	2.345057219264608e-12	255-24-215-202	255-70-122-242
5666	1.2914598638555741e-19	3.9396256020516307e-17	255-24-215-202	255-70-122-242
5667	0.2668600139943318	0.0002207537015184	255-128-254-83	255-101-252-104
5668	0.1164010767962968	0.000264971038657	255-128-254-83	255-101-252-104
5669	4.843495615151627e-19	6.275604782505945e-17	255-24-215-202	255-70-122-242
5670	3.5376549861588075e-08	0.0001066977679442	255-24-215-202	255-122-4-2
5671	0.0001006572325651	0.0002917687611938	255-128-254-83	255-217-56-6
5672	1.978488035694741e-20	1.861513656886266e-20	255-247-113-27	255-101-252-104
5673	5.288794329564051e-14	2.6823511134803153e-13	255-24-215-202	255-26-209-210
5674	8.402555287472519e-12	3.5212894223758835e-11	255-128-254-83	255-26-209-210
5675	3.75835343032337e-12	1.7880598512586634e-12	255-53-243-148	255-101-252-104
5676	5.59737177959995e-17	3.619006428640977e-17	255-24-215-202	255-26-209-210
5677	1.7377494504319024e-06	2.1372993213175665e-07	255-51-172-246	255-70-122-242
5678	1.3764449021694734e-10	1.1069136034631672e-09	255-24-215-202	255-26-209-210
5679	9.566916575756715e-11	5.959774189516369e-11	255-24-215-202	255-26-209-210
5680	3.5185796678601834e-10	1.2842229335934758e-10	255-24-215-202	255-101-252-104
5681	2.984456432281267e-07	1.4067334701691596e-08	255-128-254-83	255-101-252-104
5682	2.321946432909013e-11	9.956203862098447e-11	255-24-215-202	255-122-4-2
5683	9.263106451598488e-09	2.0629591115327354e-10	255-24-215-202	255-70-122-242
5684	1.234318991172958e-05	1.39633721048648e-07	255-128-254-83	255-101-252-104
5685	2.7683159695451047e-12	4.7339230328326477e-11	255-24-215-202	255-122-4-2
5686	4.0516848885465486e-11	3.6771189169590746e-10	255-24-215-202	255-122-4-2
5687	2.018860191376457e-11	1.7549359079828947e-10	255-70-122-242	255-122-4-2
5688	1.0579985566745826e-24	3.334337877766286e-20	255-24-215-202	255-70-122-242
5689	2.412692147888582e-23	1.799439493066867e-19	255-24-215-202	255-70-122-242
5690	5.04204463053131e-08	0.7069289634994181	255-232-213-56	255-26-209-210
5691	1.7466187353020655e-06	0.5353440659017519	255-232-213-56	255-26-209-210
5692	9.150319411360621e-13	1.0255889549614813e-07	255-24-215-202	255-122-4-2
5693	1.2554513650871636e-07	0.0769681348157469	255-232-213-56	255-26-209-210
5694	7.954870953850604e-06	0.5222460439632036	255-232-213-56	255-26-209-210
5695	0.0072374471069944	0.6861929830445468	255-247-113-27	255-122-4-2
5696	8.94298327317987e-07	0.6888546978373038	255-232-213-56	255-122-4-2
5697	4.294645014962012e-05	0.0044262682893568	255-247-113-27	255-26-209-210
5698	0.0316435602013457	0.0371670033189115	255-232-213-56	255-26-209-210
5699	0.0002915237376444	0.356538024857592	255-232-213-56	255-122-4-2
5700	9.354005811975272e-07	5.1080246916244645e-05	255-247-113-27	255-122-4-2
5701	4.620280156702473e-08	9.66812041833658e-05	255-232-213-56	255-26-209-210
5702	0.0690393261923439	0.0004733855645323	255-128-254-83	255-70-122-242
5703	0.0015616858669615	0.0027949047845414	255-247-113-27	255-70-122-242
5704	2.4714315086839223e-05	0.0003967278511118	255-70-122-242	255-70-122-242
5705	0.0008779031986882	0.0084264937209323	255-128-254-83	255-70-122-242
5706	4.755252291672799e-08	0.005253891616848	255-247-113-27	255-26-209-210
5707	1.8250381933353535e-05	0.0012853127789509	255-247-113-27	255-122-4-2
5708	1.0661504175010443e-10	1.5137589865350942e-08	255-247-113-27	255-70-122-242
5709	2.0536091395540923e-18	3.6458156690539715e-17	255-24-215-202	255-122-4-2
5710	3.0355169898632307e-21	1.1503165043900017e-18	255-24-215-202	255-70-122-242
5711	2.6754115876551726e-20	3.19958732863273e-19	255-24-215-202	255-122-4-2
5712	1.190332302259935e-18	2.365262982315706e-16	255-24-215-202	255-122-4-2
5713	3.1363855376787033e-23	1.4056925172148707e-19	255-24-215-202	255-26-209-210
5714	1.5537906606285227e-05	9.240165811890364e-06	255-53-243-148	255-70-122-242
5715	1.1465651605130113e-08	0.0003686422390421	255-232-213-56	255-70-122-242
5716	1.3935108794736364e-05	0.1178724060506737	255-232-213-56	255-70-122-242
5717	1.142494331771408e-05	8.205718512512017e-05	255-128-254-83	255-101-252-104
5718	0.0001351045365076	9.238267593216617e-06	255-128-254-83	255-122-4-2
5719	0.0002650501831712	0.0001604709263896	255-128-254-83	255-70-122-242
5720	0.000440420569844	0.0029028178973924	255-232-213-56	255-122-4-2
5721	0.0884199861178209	0.014717177871743	255-53-243-148	255-70-122-242
5722	0.0034762421675831	0.0002570813886931	255-53-243-148	255-101-252-104
5723	0.0018449410475544	0.0001525411196921	255-122-4-2	255-70-122-242
5724	0.0047654784885742	0.0022637601273124	255-53-243-148	255-101-252-104
5725	0.162775963654715	0.001098466005121	255-232-213-56	255-101-252-104
5726	0.0182739337271275	0.0018960336860657	255-53-243-148	255-101-252-104
5727	8.9512636831157e-06	0.0001610791881679	255-70-122-242	255-70-122-242
5728	0.3009251405914623	0.0007347040675036	255-128-254-83	255-101-252-104
5729	0.0273196605681278	0.0001228978594033	255-128-254-83	255-254-152-44
5730	0.177683542605731	2.908002626692853e-05	255-128-254-83	255-101-252-104
5731	0.015472865642394	0.0057166670667234	255-232-213-56	255-254-152-44
5732	1.1713616581186627e-07	6.128646137018626e-08	255-24-215-202	255-101-252-104
5733	0.0169994685607783	1.8680586386431e-06	255-128-254-83	255-101-252-104
5734	0.0751719223857074	0.065702343212121	255-70-122-242	255-101-252-104
5735	0.001479969285026	0.0003075593722951	255-70-122-242	255-101-252-104
5736	0.1463027671077387	0.0006050122846304	255-232-213-56	255-101-252-104
5737	8.634816161144809e-13	5.148966543482653e-13	255-24-215-202	255-70-122-242
5738	1.6870800737489382e-20	4.265970863707276e-18	255-24-215-202	255-26-209-210
5739	1.446937117776491e-14	1.3613344574321508e-10	255-24-215-202	255-122-4-2
5740	0.4308119349455127	0.0959252092201868	255-232-213-56	255-122-4-2
5741	0.2563512373335558	0.0249727611909698	255-187-244-52	255-122-4-2
5742	8.863798519154111e-05	0.1998280404512779	255-24-215-202	255-122-4-2
5743	4.9190566649009184e-05	0.0001776144671317	255-232-213-56	255-26-209-210
5744	2.3221401871439477e-06	0.1819839592731628	255-232-213-56	255-122-4-2
5745	0.0007163609545135	0.5281995691898601	255-232-213-56	255-122-4-2
5746	0.0062919750028827	0.0028777077979761	255-232-213-56	255-26-209-210
5747	1.3074546813368975e-05	0.2112003166033095	255-232-213-56	255-26-209-210
5748	0.0063316626402827	0.0009892684573737	255-232-213-56	255-26-209-210
5749	2.702508168921665e-05	0.0007556425507794	255-247-113-27	255-122-4-2
5750	0.0001127939314325	0.000295714470526	255-247-113-27	255-122-4-2
5751	0.0134730560636962	0.0019528432593962	255-187-244-52	255-26-209-210
5752	0.1322122116144647	0.0019063076031951	255-128-254-83	255-70-122-242
5753	3.814267771720267e-05	0.9973274460113654	255-232-213-56	255-70-122-242
5754	4.526687045770091e-06	0.999117639722878	255-70-122-242	255-70-122-242
5755	0.0591967272649643	0.0011379752952391	255-128-254-83	255-70-122-242
5756	3.632667951485346e-07	0.9996218544521996	255-232-213-56	255-70-122-242
5757	0.0012444282526716	0.0129646417872786	255-247-113-27	255-70-122-242
5758	0.0003923163240693	0.9718631735580938	255-128-254-83	255-70-122-242
5759	6.008736833734335e-16	2.612645772254501e-15	255-24-215-202	255-254-152-44
5760	5.492419834928595e-07	0.0290923833187501	255-24-215-202	255-212-231-53
5761	1.964501353809873e-18	2.4184242571510668e-14	255-24-215-202	255-70-122-242
5762	0.0009208580521443	0.0001838835075681	255-53-243-148	255-254-152-44
5763	6.2809498232180986e-06	1.0137802032101827e-05	255-128-254-83	255-254-152-44
5764	6.391067432987912e-07	0.0274517728776958	255-222-62-8	255-212-231-53
5765	6.796977603635562e-05	0.0037161832338674	255-70-122-242	255-70-122-242
5766	0.0002834083383897	0.0016984292291074	255-53-243-148	255-70-122-242
5767	0.0157131497872764	0.0002740199811305	255-128-254-83	255-254-152-44
5768	0.0001146722135592	0.0008130537017969	255-232-213-56	255-70-122-242
5769	0.0076708168805382	0.0021954019829915	255-24-215-202	255-70-122-242
5770	0.1160146235504593	0.0102341234620909	255-232-213-56	255-212-231-53
5771	0.0806004948665972	3.352290968532176e-05	255-128-254-83	255-101-252-104
5772	0.0279883730615874	9.414511017587072e-05	255-128-254-83	255-217-56-6
5773	0.0201816551401749	0.023739580033596	255-232-213-56	255-70-122-242
5774	0.000458383992937	0.0629321393847889	255-232-213-56	255-70-122-242
5775	0.0012139012488709	0.0121290924327912	255-232-213-56	255-70-122-242
5776	5.267948700569834e-06	0.001238208806108	255-232-213-56	255-70-122-242
5777	3.3237387188069307e-06	0.0391586358816616	255-232-213-56	255-70-122-242
5778	0.0118242891471129	0.0026528483742085	255-232-213-56	255-70-122-242
5779	0.0031630196764086	8.725196865943088e-06	255-128-254-83	255-70-122-242
5780	0.0201400690632471	0.0199398671296787	255-128-254-83	255-101-252-104
5781	0.00025826779162	0.0140603901156147	255-128-254-83	255-26-209-210
5782	3.6010654730055636e-17	2.8745953071180054e-15	255-24-215-202	255-122-4-2
5783	2.469801305830944e-20	3.427272837693427e-16	255-24-215-202	255-70-122-242
5784	2.06849266086798e-18	6.301268713308225e-15	255-24-215-202	255-122-4-2
5785	7.98634972730075e-20	8.471725858019927e-16	255-24-215-202	255-212-231-53
5786	2.864875107061708e-08	0.0012594717907317	255-247-113-27	255-70-122-242
5787	1.6736348974819218e-21	1.7062547974109448e-19	255-24-215-202	255-122-4-2
5788	1.5236538061747372e-06	5.1065342799127774e-05	255-128-254-83	255-122-4-2
5789	3.187228922431396e-18	1.5327384953745418e-17	255-24-215-202	255-70-122-242
5790	1.5727624559136462e-13	4.8950188849371375e-11	255-24-215-202	255-26-209-210
5791	3.5235444790895657e-19	6.226541146810565e-18	255-24-215-202	255-122-4-2
5792	1.286574911667306e-05	5.5881429105423695e-05	255-24-215-202	255-26-209-210
5793	3.867805142263474e-17	7.551006352286809e-16	255-24-215-202	255-70-122-242
5794	5.922930264415393e-06	0.0201599481274722	255-232-213-56	255-70-122-242
5795	0.0038505127106659	0.0402043849628346	255-128-254-83	255-101-252-104
5796	1.5132647421819856e-05	1.1156768982257049e-06	255-53-243-148	255-70-122-242
5797	9.027081613100262e-16	8.986581225537551e-15	255-24-215-202	255-101-252-104
5798	4.105007534050165e-09	2.100084455836644e-07	255-128-254-83	255-70-122-242
5799	0.0018853771579239	0.0336920301263996	255-70-122-242	255-101-252-104
5800	2.364445819557629e-07	1.0037998403495827e-05	255-128-254-83	255-70-122-242
5801	2.150125407196203e-06	0.0039033901764169	255-70-122-242	255-212-231-53
5802	4.843044759071322e-06	0.1078704810866717	255-128-254-83	255-212-231-53
5803	3.878737805110396e-06	0.0079089112133324	255-232-213-56	255-70-122-242
5804	2.860093146086469e-07	9.807105627584988e-05	255-53-243-148	255-70-122-242
5805	2.389855753789336e-07	0.0026679816880104	255-70-122-242	255-70-122-242
5806	8.29185124492796e-08	0.0079456457170827	255-70-122-242	255-70-122-242
5807	2.518900500285923e-05	0.9008917913682742	255-232-213-56	255-70-122-242
5808	3.5973728441729483e-06	0.085614894548058	255-70-122-242	255-70-122-242
5809	0.0011990595461839	0.0123897736916461	255-128-254-83	255-122-4-2
5810	2.181624508821079e-15	1.8338648283824572e-14	255-24-215-202	255-26-209-210
5811	0.0001973450188156	0.0099006160326489	255-53-243-148	255-70-122-242
5812	0.0002674415047412	2.937673994896415e-05	255-128-254-83	255-101-252-104
5813	3.3022478075292973e-08	1.4708917571411836e-07	255-53-243-148	255-101-252-104
5814	0.0059887516173435	5.878801743130599e-05	255-128-254-83	255-70-122-242
5815	2.457242049550779e-07	2.343659124778384e-08	255-53-243-148	255-70-122-242
5816	0.0031491932806331	0.0001122734470785	255-24-215-202	255-70-122-242
5817	8.75583660049181e-16	6.265782022979979e-05	255-232-213-56	255-254-152-44
5818	4.0554032149331205e-06	0.0001746084645698	255-24-215-202	255-70-122-242
5819	4.426504460249635e-06	0.0001220950479012	255-128-254-83	255-122-4-2
5820	9.540992500436225e-14	6.711302170163404e-13	255-24-215-202	255-70-122-242
5821	5.02076145543903e-08	0.0001519978416524	255-232-213-56	255-254-152-44
5822	0.0006417840700553	0.0065917762444884	255-247-113-27	255-122-4-2
5823	4.30889016705634e-08	6.243397856758907e-07	255-24-215-202	255-70-122-242
5824	0.001803173170456	0.0269677097491009	255-128-254-83	255-122-4-2
5825	0.0447723644163431	0.007680012269345	255-232-213-56	255-101-252-104
5826	0.1023770480396161	0.0031869711558718	255-128-254-83	255-122-4-2
5827	6.377928488829318e-15	3.46606978744274e-14	255-24-215-202	255-212-231-53
5828	0.0216362457979531	0.00093798024261	255-128-254-83	255-26-209-210
5829	0.1411828490447878	0.0138370564784232	255-128-254-83	255-70-122-242
5830	0.0050509937458597	2.628442359287567e-05	255-128-254-83	255-122-4-2
5831	1.2837317902386378e-08	4.167412415752966e-06	255-128-254-83	255-70-122-242
5832	4.158816518796253e-06	0.0017040777332577	255-128-254-83	255-70-122-242
5833	6.4946628042547576e-15	5.090914504060471e-09	255-247-113-27	255-122-4-2
5834	3.950003618728749e-12	1.9093747411745604e-06	255-232-213-56	255-212-231-53
5835	2.0735672210818068e-17	1.5717033049974944e-17	255-24-215-202	255-26-209-210
5836	1.3223111876624617e-15	2.6108936087947442e-15	255-24-215-202	255-70-122-242
5837	4.668399951893733e-19	3.2177027375253563e-19	255-24-215-202	255-212-231-53
5838	3.771170618633497e-16	1.2844591876985331e-08	255-70-122-242	255-122-4-2
5839	6.344197469887562e-19	1.949741780239483e-12	255-24-215-202	255-212-231-53
5840	6.058534445596274e-20	2.0725152426836085e-14	255-24-215-202	255-212-231-53
5841	6.653621531119969e-20	1.2089643365984755e-16	255-24-215-202	255-212-231-53
5842	9.918421824409253e-16	1.1840724646808682e-16	255-24-215-202	255-212-231-53
5843	9.709074467672144e-22	4.851457714368678e-22	255-24-215-202	255-122-4-2
5844	9.47882625205731e-21	6.022731048247733e-19	255-24-215-202	255-122-4-2
5845	7.569200641961446e-14	1.9442877591599615e-16	255-51-172-246	255-26-209-210
5846	1.5937374949352174e-20	8.287494745235907e-14	255-24-215-202	255-212-231-53
5847	2.8176447982365925e-17	1.299732312144309e-18	255-24-215-202	255-26-209-210
5848	3.31499672512431e-16	3.8635130345622186e-17	255-24-215-202	255-212-231-53
5849	5.200226428895767e-22	1.1080919504788438e-17	255-24-215-202	255-212-231-53
5850	1.75761792644023e-23	1.6521947653095925e-18	255-24-215-202	255-212-231-53
5851	1.7596579941374738e-20	3.599551936308842e-18	255-24-215-202	255-212-231-53
5852	9.134421857767326e-19	3.376280629117789e-19	255-51-172-246	255-26-209-210
5853	1.2689855569488377e-17	6.36400625511908e-17	255-24-215-202	255-26-209-210
5854	2.4272091344619678e-17	1.169962654207635e-16	255-24-215-202	255-26-209-210
5855	3.4093177424089456e-20	2.662227021502149e-20	255-24-215-202	255-26-209-210
5856	8.53244835384429e-12	2.781173812657853e-11	255-24-215-202	255-122-4-2
5857	3.675694175410802e-08	4.623227819392921e-09	255-128-254-83	255-101-252-104
5858	1.0322081691747324e-08	2.996286810717327e-08	255-70-122-242	255-122-4-2
5859	3.036888826919784e-09	4.5631323005881214e-10	255-24-215-202	255-101-252-104
5860	8.674571371367239e-13	3.148507778769576e-11	255-24-215-202	255-122-4-2
5861	1.1479562462924936e-10	2.1924325756439647e-09	255-70-122-242	255-101-252-104
5862	3.601872761944317e-11	7.034112130907785e-11	255-70-122-242	255-212-231-53
5863	3.766627395927549e-07	8.135338869017974e-09	255-53-243-148	255-101-252-104
5864	1.1445488478049604e-08	4.6686167499747236e-09	255-24-215-202	255-101-252-104
5865	8.17203739566439e-12	1.856413267161672e-12	255-70-122-242	255-122-4-2
5866	0.1305598100210488	4.749611035254363e-05	255-128-254-83	255-101-252-104
5867	0.0338473274171141	4.769786049994289e-06	255-128-254-83	255-101-252-104
5868	0.0706925341212581	6.074198568745921e-05	255-128-254-83	255-101-252-104
5869	0.2259919420364839	0.0002144026457696	255-232-213-56	255-70-122-242
5870	0.0806004948665972	3.352290968532176e-05	255-128-254-83	255-101-252-104
5871	0.1598430955611539	0.0002959320318986	255-128-254-83	255-101-252-104
5872	0.0837069366333884	5.250855426742549e-05	255-128-254-83	255-101-252-104
5873	3.153048632649397e-12	1.0022597592161624e-11	255-24-215-202	255-212-231-53
5874	0.0837069366333884	5.250855426742549e-05	255-128-254-83	255-101-252-104
5875	0.1895039264862214	0.0008687624749322	255-232-213-56	255-101-252-104
5876	5.191634906439202e-06	9.022080227830862e-07	255-24-215-202	255-212-231-53
5877	1.4543778658649034e-12	6.024500244238234e-12	255-24-215-202	255-212-231-53
5878	0.1668115371286848	0.0001026613066835	255-128-254-83	255-70-122-242
5879	1.5610706085661793e-05	1.249747893780562e-05	255-24-215-202	255-101-252-104
5880	0.1603251999840181	0.0001142629622136	255-128-254-83	255-101-252-104
5881	1.0501240525491924e-15	3.5001925766319913e-13	255-24-215-202	255-26-209-210
5882	0.0036907963019626	5.819405669057691e-05	255-53-243-148	255-70-122-242
5883	0.0694890750337811	0.0001681299606972	255-128-254-83	255-70-122-242
5884	0.1140782934295391	2.309553193412908e-05	255-128-254-83	255-101-252-104
5885	0.041362349644241	0.0002143290652299	255-128-254-83	255-101-252-104
5886	5.448529880484072e-08	2.527453197568963e-07	255-24-215-202	255-122-4-2
5887	3.707013067670377e-21	8.756016188060971e-20	255-128-254-83	255-212-231-53
5888	4.336727690820092e-21	6.6341661979639625e-18	255-70-122-242	255-212-231-53
5889	2.130386524148757e-25	7.565744238996181e-18	255-70-122-242	255-212-231-53
5890	1.05934958679522e-21	4.0600221430882995e-18	255-24-215-202	255-212-231-53
5891	1.0556320124942337e-19	5.797316935755394e-15	255-24-215-202	255-212-231-53
5892	1.3487274387021546e-24	2.106756188530805e-17	255-24-215-202	255-212-231-53
5893	1.6181072089525234e-20	7.822401157014268e-19	255-24-215-202	255-212-231-53
5894	1.6139551205776057e-23	2.0720714696517122e-17	255-24-215-202	255-212-231-53
5895	3.114022213168502e-20	9.354536747190705e-18	255-24-215-202	255-212-231-53
5896	1.867062579883482e-23	1.9808157392956239e-16	255-24-215-202	255-212-231-53
5897	3.743551673548951e-13	3.7717325920874895e-14	255-24-215-202	255-26-209-210
5898	3.7528172326350913e-20	2.447922369195017e-17	255-24-215-202	255-212-231-53
5899	4.098874467433784e-22	1.0398678133711512e-16	255-24-215-202	255-212-231-53
5900	6.648209405637567e-14	9.02636477233758e-16	255-70-122-242	255-101-252-104
5901	2.5409266694144866e-10	9.6975281994169e-12	255-24-215-202	255-101-252-104
5902	2.162805161975879e-13	1.5134500585522626e-13	255-70-122-242	255-101-252-104
5903	8.47457681587839e-08	5.03056612211701e-07	255-24-215-202	255-212-231-53
5904	4.461432721581759e-11	3.710907600097087e-10	255-24-215-202	255-122-4-2
5905	1.2617102936245276e-09	4.316852995151899e-09	255-70-122-242	255-101-252-104
5906	1.0501932680862459e-09	1.3774170893449776e-08	255-24-215-202	255-122-4-2
5907	7.201670905202631e-25	1.180683741457659e-22	255-24-215-202	255-212-231-53
5908	7.12094279588064e-09	4.4813809500352105e-08	255-24-215-202	255-122-4-2
5909	1.818124245419169e-10	2.037348923419608e-09	255-24-215-202	255-122-4-2
5910	5.266633892420288e-16	1.5933252646238917e-15	255-24-215-202	255-70-122-242
5911	5.07371152107791e-07	1.4482833424887438e-06	255-24-215-202	255-122-4-2
5912	0.0003001352045418	0.0003770043662375	255-70-122-242	255-101-252-104
5913	5.968318495517093e-13	2.0097755063209525e-12	255-24-215-202	255-70-122-242
5914	0.2668600139943318	0.0002207537015184	255-128-254-83	255-101-252-104
5915	0.3230960394752212	0.0003616557870081	255-128-254-83	255-101-252-104
5916	4.9389419131129876e-08	1.5834373604646016e-09	255-128-254-83	255-70-122-242
5917	8.39509908805882e-24	3.467571835592892e-20	255-24-215-202	255-26-209-210
5918	0.2484378347050989	0.0002055143848172	255-128-254-83	255-101-252-104
5919	4.376670604918473e-06	0.0292799924020526	255-247-113-27	255-26-209-210
5920	7.456721283471134e-16	2.9114866943632e-13	255-24-215-202	255-70-122-242
5921	2.6224333669234914e-06	0.0001375402588567	255-247-113-27	255-70-122-242
5922	1.3977684176947637e-17	4.462739685687174e-16	255-24-215-202	255-122-4-2
5923	6.007777287945315e-12	8.152099065406643e-09	255-70-122-242	255-101-252-104
5924	1.216043111258166e-19	6.48323819478483e-17	255-24-215-202	255-122-4-2
5925	2.30649994028074e-06	4.1133106430812735e-06	255-24-215-202	255-101-252-104
5926	1.9040287308684776e-19	3.1868318402860417e-17	255-24-215-202	255-122-4-2
5927	9.14161080895149e-25	1.1443176085337391e-20	255-24-215-202	255-26-209-210
5928	8.39391081198768e-13	4.133238587914604e-11	255-24-215-202	255-122-4-2
5929	2.9960379579257844e-05	0.005871670042546	255-128-254-83	255-122-4-2
5930	6.476675913869465e-06	5.606699021613836e-05	255-128-254-83	255-122-4-2
5931	9.601885391530683e-07	0.0001227001499568	255-24-215-202	255-101-252-104
5932	2.8269140069289603e-06	5.228283912004976e-07	255-53-243-148	255-26-209-210
5933	0.0003821790620739	8.717509641800776e-05	255-128-254-83	255-101-252-104
5934	1.1573127375551478e-16	1.0216702072295996e-14	255-53-243-148	255-26-209-210
5935	1.3595360132744563e-10	5.163905171611237e-10	255-24-215-202	255-122-4-2
5936	8.657245302927534e-09	4.757853182319874e-09	255-70-122-242	255-101-252-104
5937	3.759136636703183e-09	1.452952915396518e-07	255-70-122-242	255-101-252-104
5938	6.90139750166325e-10	8.081153499424218e-11	255-24-215-202	255-122-4-2
5939	1.7059669586395928e-12	1.9504848343042237e-10	255-24-215-202	255-122-4-2
5940	2.8090134985777825e-07	1.1999955182574566e-08	255-53-243-148	255-122-4-2
5941	1.5878082405204339e-09	6.209424220465714e-09	255-24-215-202	255-122-4-2
5942	6.894347841772713e-10	2.619239286973673e-09	255-24-215-202	255-122-4-2
5943	1.2613485754307696e-08	1.8195237962103595e-10	255-247-113-27	255-122-4-2
5944	3.819450422269709e-08	2.1167618603473466e-07	255-24-215-202	255-122-4-2
5945	1.789086407303049e-09	1.0522123555115232e-08	255-24-215-202	255-122-4-2
5946	4.095673626889861e-05	6.276982375449111e-05	255-70-122-242	255-122-4-2
5947	9.004090968538428e-24	3.3544835876826275e-22	255-24-215-202	255-70-122-242
5948	8.507569344005059e-06	0.991974707172568	255-232-213-56	255-70-122-242
5949	9.337919720266652e-05	0.9947112703852036	255-232-213-56	255-70-122-242
5950	2.757069020980954e-09	0.9982809430129688	255-232-213-56	255-70-122-242
5951	2.575070242137486e-08	0.9942663654784052	255-24-215-202	255-70-122-242
5952	0.0005925095897912	0.981462719682176	255-232-213-56	255-70-122-242
5953	0.0010732460148325	0.969753437922386	255-232-213-56	255-70-122-242
5954	0.0001113149220528	0.579540479778667	255-232-213-56	255-70-122-242
5955	1.7835169005549877e-06	0.5796001861049546	255-232-213-56	255-26-209-210
5956	5.532096916145852e-05	0.2840119129310957	255-232-213-56	255-26-209-210
5957	2.7303720238403782e-06	6.224243551063185e-05	255-24-215-202	255-122-4-2
5958	0.0001427516586724	0.0555764321890652	255-232-213-56	255-26-209-210
5959	0.0004163247040035	0.7474833784894813	255-232-213-56	255-70-122-242
5960	5.52103671186532e-10	3.2892013268983646e-05	255-247-113-27	255-26-209-210
5961	1.3292475271669803e-06	0.0002627308645401	255-247-113-27	255-70-122-242
5962	8.680781848686823e-08	1.6151944474578107e-05	255-247-113-27	255-122-4-2
5963	7.83979946661851e-08	0.129583699738307	255-24-215-202	255-70-122-242
5964	9.105271914524988e-06	7.498306585303171e-05	255-247-113-27	255-26-209-210
5965	7.345145412338155e-07	0.0027150146372071	255-247-113-27	255-26-209-210
5966	1.0929293082515126e-20	3.061365660086942e-18	255-24-215-202	255-70-122-242
5967	3.692319028404031e-21	1.0273853655991765e-19	255-24-215-202	255-26-209-210
5968	0.0003161887945276	0.0044179687560297	255-128-254-83	255-26-209-210
5969	1.985087385968853e-08	0.0051113242744295	255-232-213-56	255-217-56-6
5970	0.0021247211319994	0.0019798629344379	255-128-254-83	255-70-122-242
5971	3.040706325947992e-07	4.277310087717805e-06	255-232-213-56	255-70-122-242
5972	0.0670927045324195	0.001025343556178	255-53-243-148	255-70-122-242
5973	0.0046610854453141	0.0001445383425455	255-24-215-202	255-70-122-242
5974	0.0921450837967614	0.0010539214072785	255-53-243-148	255-70-122-242
5975	0.0025063904666062	0.0001596306949744	255-24-215-202	255-70-122-242
5976	0.0530909834908717	1.929537324342649e-05	255-128-254-83	255-70-122-242
5977	0.0833719833762226	5.229844131874634e-05	255-128-254-83	255-101-252-104
5978	1.5312733966676583e-09	1.1543121665838943e-09	255-53-243-148	255-101-252-104
5979	0.1578476891498377	4.197781173535508e-05	255-53-243-148	255-101-252-104
5980	0.0992370951745111	5.0610408557775866e-05	255-53-243-148	255-101-252-104
5981	0.0833719833762226	5.229844131874634e-05	255-128-254-83	255-101-252-104
5982	0.2967239419894875	0.0001799114194019	255-232-213-56	255-70-122-242
5983	0.2259919420364839	0.0002144026457696	255-232-213-56	255-70-122-242
5984	0.0246951755378991	0.0140599437149286	255-232-213-56	255-101-252-104
5985	0.0034545330497036	0.0001040345825169	255-70-122-242	255-70-122-242
5986	0.063183712871088	0.0008464233605584	255-128-254-83	255-70-122-242
5987	1.6179690733691743e-16	9.136594357258617e-16	255-24-215-202	255-122-4-2
5988	4.4405148183860884e-13	9.691848275063855e-14	255-24-215-202	255-70-122-242
5989	4.583372604288875e-20	1.017785081646332e-17	255-24-215-202	255-26-209-210
5990	2.120670565255688e-10	5.606463461352333e-10	255-24-215-202	255-70-122-242
5991	0.0001712237703773	0.3267640308803293	255-247-113-27	255-122-4-2
5992	7.542272508202909e-06	0.0015319496076009	255-232-213-56	255-26-209-210
5993	3.968077106165993e-13	3.4137960785925987e-10	255-24-215-202	255-122-4-2
5994	4.804738409894493e-06	0.0004651621673621	255-187-244-52	255-26-209-210
5995	3.0541360844161013e-06	1.6010006827643276e-05	255-24-215-202	255-254-152-44
5996	2.0060004887593736e-08	2.130033552734949e-05	255-247-113-27	255-26-209-210
5997	0.0025328115520537	0.0008836414301529	255-247-113-27	255-70-122-242
5998	3.899614153447061e-12	0.9996381844962624	255-232-213-56	255-26-209-210
5999	0.0007322247036869	0.004420611699477	255-247-113-27	255-70-122-242
6000	1.2553786358805178e-07	0.9219198760428564	255-232-213-56	255-26-209-210
6001	3.110540796720151e-07	0.1201628842007605	255-232-213-56	255-26-209-210
6002	0.0004555060418704	0.3670874578172803	255-232-213-56	255-70-122-242
6003	6.57414589637472e-07	0.2297619173578876	255-232-213-56	255-70-122-242
6004	3.2950061242442678e-06	0.9661954661383456	255-232-213-56	255-70-122-242
6005	1.0557856475430934e-06	0.0044846121629875	255-232-213-56	255-70-122-242
6006	0.0021056986493305	0.5036226854929461	255-128-254-83	255-70-122-242
6007	0.0604022015685984	0.0006313438256894	255-128-254-83	255-70-122-242
6008	0.0701302384848081	0.0001645044710115	255-128-254-83	255-101-252-104
6009	0.0478402865511412	0.3239533172201865	255-128-254-83	255-70-122-242
6010	0.0015710502563033	0.3110728419448985	255-247-113-27	255-70-122-242
6011	0.0085780131665546	0.0026894778830097	255-128-254-83	255-70-122-242
6012	0.0007515321665272	0.9655120345143332	255-232-213-56	255-70-122-242
6013	1.882601110177641e-05	2.3890353426988782e-05	255-232-213-56	255-70-122-242
6014	3.9759932369041285e-17	3.3936741493147382e-16	255-24-215-202	255-122-4-2
6015	0.0289397493089264	0.0002003533632321	255-128-254-83	255-101-252-104
6016	2.9781537052133156e-11	1.512042581681685e-10	255-70-122-242	255-70-122-242
6017	1.135453211699209e-07	4.758642370418759e-06	255-70-122-242	255-26-209-210
6018	9.69972544992982e-16	4.010045568585392e-14	255-70-122-242	255-26-209-210
6019	3.3295443374874982e-06	0.0076145830478331	255-70-122-242	255-212-231-53
6020	9.57173215911508e-08	2.290104718160508e-07	255-70-122-242	255-212-231-53
6021	4.637128208102041e-12	6.242685676214388e-11	255-70-122-242	255-101-252-104
6022	0.007085797597437	0.0934972883153181	255-232-213-56	255-70-122-242
6023	0.0022087245633567	0.1285900626201329	255-232-213-56	255-70-122-242
6024	0.0023004372538742	0.0001132671995392	255-128-254-83	255-70-122-242
6025	0.0546876673618825	0.0003183499144702	255-53-243-148	255-101-252-104
6026	0.0011085420849582	0.001358278792377	255-232-213-56	255-101-252-104
6027	0.0011865580340347	6.480306043509391e-05	255-232-213-56	255-70-122-242
6028	0.00540034105542	0.0004597086419636	255-232-213-56	255-101-252-104
6029	5.5910379233543e-06	8.123475268698772e-07	255-24-215-202	255-101-252-104
6030	0.0003081348047929	0.0078399576989756	255-232-213-56	255-122-4-2
6031	0.0074668042905811	0.0025213765844264	255-232-213-56	255-70-122-242
6032	0.0007697072745413	8.534165874995359e-05	255-70-122-242	255-70-122-242
6033	1.4387539231154642e-11	5.253791374521088e-12	255-24-215-202	255-212-231-53
6034	1.156409565175108e-08	3.992129386214447e-08	255-24-215-202	255-70-122-242
6035	0.0770973540657006	0.0021728076699836	255-128-254-83	255-70-122-242
6036	0.4729527840750709	0.0017216029102957	255-128-254-83	255-70-122-242
6037	0.0104348623245936	0.0003385967789069	255-122-4-2	255-101-252-104
6038	0.0001884394128434	6.409177131395385e-05	255-232-213-56	255-26-209-210
6039	1.118741157412422e-16	4.6518788462782616e-14	255-24-215-202	255-122-4-2
6040	2.434954458881389e-08	8.619581579500454e-05	255-232-213-56	255-26-209-210
6041	6.789958653401207e-20	3.769942769153494e-18	255-24-215-202	255-122-4-2
6042	0.0019156054638493	0.0012064130912532	255-232-213-56	255-26-209-210
6043	6.357873814342282e-06	7.63081928883531e-05	255-247-113-27	255-70-122-242
6044	1.0596121715624573e-18	1.512001084370889e-17	255-24-215-202	255-122-4-2
6045	0.005432866792325	0.0027010644431534	255-247-113-27	255-70-122-242
6046	5.796804861100092e-07	0.0002270308678948	255-187-244-52	255-26-209-210
6047	4.736237563688186e-23	1.2677106602658905e-21	255-24-215-202	255-26-209-210
6048	8.654526465929861e-21	3.028980071012539e-18	255-24-215-202	255-70-122-242
6049	1.4828059144101542e-18	1.1908119846077615e-15	255-24-215-202	255-70-122-242
6050	3.3538566935090576e-11	2.538532989728484e-09	255-70-122-242	255-70-122-242
6051	2.0346611100023924e-06	0.0018055040805274	255-70-122-242	255-70-122-242
6052	0.0004923378884124	0.0014561076019371	255-70-122-242	255-101-252-104
6053	1.6847830001456962e-10	0.0431248815309216	255-232-213-56	255-212-231-53
6054	3.5889612669601627e-12	6.951315930160813e-08	255-70-122-242	255-212-231-53
6055	8.273233773688205e-12	2.1934629896457609e-07	255-232-213-56	255-70-122-242
6056	0.0006099234369971	0.0009044190331371	255-53-243-148	255-70-122-242
6057	4.112766243760676e-09	2.075592723507405e-06	255-24-215-202	255-254-152-44
6058	7.093869272787836e-06	0.0001532453245068	255-53-243-148	255-122-4-2
6059	0.0002938390122236	0.0537169590663697	255-128-254-83	255-254-152-44
6060	0.0086615331174718	0.0001640764734665	255-128-254-83	255-70-122-242
6061	4.11961518562227e-05	2.326179280623483e-06	255-53-243-148	255-101-252-104
6062	2.641627814951127e-07	5.657468124333706e-07	255-24-215-202	255-70-122-242
6063	1.444210638917839e-05	0.0003369303309747	255-128-254-83	255-254-152-44
6064	3.73365416330684e-16	1.5901146403313625e-15	255-24-215-202	255-212-231-53
6065	0.0004196146162781	0.0328502020749618	255-232-213-56	255-254-152-44
6066	0.0001841835330397	0.0014320847513453	255-232-213-56	255-26-209-210
6067	0.0004194634865052	0.0016780284864698	255-128-254-83	255-26-209-210
6068	2.3229767041240152e-10	5.438576991334867e-09	255-128-254-83	255-26-209-210
6069	3.2892104872741367e-09	2.1693746291349396e-10	255-128-254-83	255-122-4-2
6070	9.025124376830907e-22	1.294873880828333e-19	255-180-27-1	255-122-4-2
6071	7.717374098290401e-15	7.65693935325721e-12	255-24-215-202	255-122-4-2
6072	1.4678710304091355e-11	8.404590604439e-05	255-24-215-202	255-122-4-2
6073	1.4721296070327628e-17	2.216023995775745e-15	255-24-215-202	255-122-4-2
6074	7.581935086749658e-14	3.650779357205729e-13	255-70-122-242	255-212-231-53
6075	1.9592622001841056e-18	1.1485346608650632e-11	255-24-215-202	255-122-4-2
6076	1.2773706720798207e-16	4.783652326485579e-14	255-70-122-242	255-212-231-53
6077	5.4722965206203527e-17	4.895711969298248e-16	255-24-215-202	255-101-252-104
6078	3.359590296656132e-24	1.977858824324493e-15	255-24-215-202	255-212-231-53
6079	2.2242949355256033e-16	2.901617890101266e-13	255-70-122-242	255-212-231-53
6080	3.574672565117242e-20	3.0359609899437632e-15	255-24-215-202	255-212-231-53
6081	9.46167783471567e-13	1.0617070925350564e-11	255-70-122-242	255-212-231-53
6082	5.837973781097558e-16	9.535083523360856e-15	255-24-215-202	255-212-231-53
6083	9.803062224176046e-24	3.8416341872333456e-18	255-24-215-202	255-212-231-53
6084	1.2624334862820845e-21	7.569006391682097e-18	255-24-215-202	255-212-231-53
6085	9.822934342333913e-24	8.250031003023431e-15	255-24-215-202	255-212-231-53
6086	1.679851518899752e-24	1.235936656827283e-16	255-24-215-202	255-212-231-53
6087	3.813772296289312e-17	3.674159938136824e-16	255-24-215-202	255-212-231-53
6088	1.5954913036552417e-18	5.150306259809546e-17	255-128-254-83	255-26-209-210
6089	1.1942388465232941e-19	2.1335285732579603e-16	255-24-215-202	255-212-231-53
6090	4.518602927358948e-13	1.9084831129596704e-11	255-24-215-202	255-26-209-210
6091	3.72398745939041e-10	1.0407491083702175e-11	255-51-172-246	255-26-209-210
6092	2.7642072561585852e-08	8.636376704010127e-08	255-24-215-202	255-101-252-104
6093	1.8879601230505942e-14	9.736652766987944e-15	255-53-243-148	255-122-4-2
6094	1.2352361125334544e-14	1.2584839330521956e-14	255-24-215-202	255-122-4-2
6095	2.0696967552609235e-09	2.5577609400354212e-09	255-24-215-202	255-101-252-104
6096	5.263512927581176e-11	2.129312583843091e-09	255-24-215-202	255-122-4-2
6097	1.5220617809714178e-10	1.7069577095238054e-10	255-24-215-202	255-122-4-2
6098	5.932291413916829e-14	3.101805632823966e-13	255-24-215-202	255-122-4-2
6099	2.0591166213204845e-17	3.9204110871037434e-16	255-24-215-202	255-122-4-2
6100	9.049737451310681e-13	2.453673708131814e-11	255-70-122-242	255-101-252-104
6101	2.8431331087601204e-11	2.856333469337949e-12	255-24-215-202	255-122-4-2
6102	0.0004253543355333	9.605781894542237e-07	255-128-254-83	255-122-4-2
6103	1.3446328043516266e-07	1.0345190680165351e-08	255-53-243-148	255-122-4-2
6104	1.6158334882273322e-08	1.1410392159097439e-07	255-70-122-242	255-101-252-104
6105	0.012094682275214	0.0001393033793395	255-53-243-148	255-70-122-242
6106	0.0255061180218029	0.0005045842970055	255-232-213-56	255-101-252-104
6107	2.8459643716281948e-06	1.1366593028970088e-05	255-70-122-242	255-101-252-104
6108	6.871607308270848e-15	2.351184916231396e-13	255-24-215-202	255-101-252-104
6109	1.258897483620083e-13	8.448385556853362e-12	255-24-215-202	255-101-252-104
6110	1.3650844640866897e-15	4.2733954081915365e-13	255-24-215-202	255-101-252-104
6111	3.929456578101567e-07	1.1600431350991519e-07	255-122-4-2	255-101-252-104
6112	5.2514013564944265e-11	4.975033911041698e-09	255-70-122-242	255-101-252-104
6113	0.0044105423347966	0.0117810812340931	255-70-122-242	255-101-252-104
6114	6.342771364314754e-07	1.765124060479587e-07	255-128-254-83	255-70-122-242
6115	0.0101539419730855	0.0001314194875293	255-232-213-56	255-70-122-242
6116	1.53226718557698e-05	4.239470977847602e-05	255-70-122-242	255-70-122-242
6117	0.056966822347068	7.218340628561985e-05	255-128-254-83	255-70-122-242
6118	0.0004762893994004	9.05991392307218e-05	255-128-254-83	255-70-122-242
6119	0.0006189607128588	0.0009006528735458	255-24-215-202	255-70-122-242
6120	7.493174608111029e-11	4.519057007715248e-05	255-53-243-148	255-122-4-2
6121	0.0005121001355423	0.5203398944521953	255-232-213-56	255-122-4-2
6122	0.0069819489224828	0.0002344919811806	255-128-254-83	255-122-4-2
6123	0.0006447991220061	0.1724838071679221	255-128-254-83	255-122-4-2
6124	8.827135225607361e-10	1.33329954434955e-10	255-24-215-202	255-70-122-242
6125	4.266615497616642e-09	4.185324459788646e-09	255-53-243-148	255-26-209-210
6126	7.10005971834991e-23	3.984466685025569e-21	255-24-215-202	255-212-231-53
6127	5.1332274363682474e-14	3.8985789097260485e-14	255-24-215-202	255-26-209-210
6128	3.1035929217599343e-22	2.859729233214558e-16	255-70-122-242	255-212-231-53
6129	7.873028978489133e-21	1.3417285056191982e-16	255-24-215-202	255-212-231-53
6130	1.5000570304301857e-23	7.032471043869739e-17	255-70-122-242	255-212-231-53
6131	5.675912458374621e-22	1.031797019563642e-15	255-70-122-242	255-212-231-53
6132	1.634779165908909e-26	2.733226339617675e-18	255-24-215-202	255-212-231-53
6133	1.1300669107635331e-10	9.48782360988813e-09	255-70-122-242	255-26-209-210
6134	5.181339505451347e-19	5.949540330788984e-13	255-24-215-202	255-212-231-53
6135	6.1906882360182805e-15	6.194249383125127e-16	255-24-215-202	255-212-231-53
6136	5.504614193586499e-16	9.431349462895065e-14	255-70-122-242	255-101-252-104
6137	0.0008497788502703	0.0004513929402642	255-187-244-52	255-212-231-53
6138	6.145021431092206e-13	8.073268508772839e-11	255-24-215-202	255-122-4-2
6139	6.053720529818402e-11	2.434547967428734e-11	255-128-254-83	255-101-252-104
6140	4.208736570506494e-09	4.780323699831996e-10	255-128-254-83	255-101-252-104
6141	4.607904223857791e-10	7.541671688533407e-10	255-24-215-202	255-101-252-104
6142	0.0003552471009881	5.791787027147671e-05	255-122-4-2	255-101-252-104
6143	6.456181469493044e-11	9.235755245852585e-10	255-70-122-242	255-122-4-2
6144	2.3187288395628444e-13	8.742330838797444e-11	255-24-215-202	255-122-4-2
6145	3.0652074093535683e-16	7.362359889627176e-15	255-247-113-27	255-70-122-242
6146	2.3066000917128823e-10	7.707840275019022e-09	255-24-215-202	255-122-4-2
6147	2.744539235860497e-13	2.8743149685532077e-10	255-70-122-242	255-122-4-2
6148	1.1438026553282491e-13	1.6934143543035171e-10	255-24-215-202	255-122-4-2
6149	2.318607231864624e-13	1.828293497973437e-10	255-24-215-202	255-122-4-2
6150	2.4671067099092816e-10	1.60879382193858e-08	255-70-122-242	255-122-4-2
6151	1.194101810534452e-08	5.80008223990028e-08	255-24-215-202	255-122-4-2
6152	2.8949314708638954e-10	9.38890894221306e-10	255-70-122-242	255-122-4-2
6153	0.037050430283266	0.2257530101464312	255-128-254-83	255-70-122-242
6154	0.001751735119738	0.0002257500227609	255-70-122-242	255-70-122-242
6155	4.453255268678852e-06	8.44812565041488e-08	255-53-243-148	255-122-4-2
6156	0.037050430283266	0.2257530101464312	255-128-254-83	255-70-122-242
6157	0.2208725992576494	0.000182711688875	255-128-254-83	255-101-252-104
6158	0.0014737394393698	7.287441548641756e-05	255-128-254-83	255-70-122-242
6159	0.0051595758539815	0.0005673064523347	255-122-4-2	255-70-122-242
6160	0.1159924294784067	0.0021043187008251	255-122-4-2	255-70-122-242
6161	5.515599542714602e-07	8.470047562580545e-09	255-24-215-202	255-101-252-104
6162	1.942733262132285e-15	2.754643362264244e-15	255-24-215-202	255-122-4-2
6163	4.700894483182861e-11	2.8304299125177008e-11	255-24-215-202	255-122-4-2
6164	1.1861443619301956e-21	5.4926868079941325e-18	255-24-215-202	255-122-4-2
6165	0.0069948565572919	6.99537837271586e-05	255-128-254-83	255-70-122-242
6166	2.674448695116473e-12	1.1807996843752607e-10	255-24-215-202	255-70-122-242
6167	1.4543685660028223e-20	2.9729876168631305e-17	255-24-215-202	255-122-4-2
6168	1.2090747429112704e-22	5.848622995089973e-22	255-24-215-202	255-122-4-2
6169	1.2975148729194249e-12	2.4244332007097424e-13	255-24-215-202	255-122-4-2
6170	1.1873400626477972e-11	5.207602847375512e-10	255-24-215-202	255-70-122-242
6171	1.88364961182494e-17	2.013348159097005e-13	255-24-215-202	255-212-231-53
6172	1.6688472545136902e-06	0.0001346352682238	255-70-122-242	255-101-252-104
6173	1.1673114163596704e-05	0.0022986062923811	255-128-254-83	255-122-4-2
6174	0.0001575114801676	0.0043732913991748	255-232-213-56	255-254-152-44
6175	5.820985784430333e-07	2.902804307387371e-07	255-53-243-148	255-26-209-210
6176	3.8399626888189456e-09	6.722440326826865e-10	255-24-215-202	255-122-4-2
6177	2.268725102977749e-16	5.589571615226211e-15	255-24-215-202	255-122-4-2
6178	2.2300838520212465e-06	1.4236510789737588e-07	255-24-215-202	255-101-252-104
6179	5.5576212733283094e-14	9.207515583115464e-15	255-53-243-148	255-122-4-2
6180	4.871940596352965e-18	9.770907587116849e-18	255-24-215-202	255-122-4-2
6181	3.235484044533563e-17	3.2024204498136827e-16	255-24-215-202	255-26-209-210
6182	9.456799312828698e-11	2.2107415603751348e-10	255-24-215-202	255-122-4-2
6183	1.0109882832466333e-08	1.7686723218919152e-08	255-24-215-202	255-101-252-104
6184	6.604563147021887e-15	7.63410321736294e-14	255-24-215-202	255-122-4-2
6185	7.382673450355535e-07	8.954575830492628e-08	255-53-243-148	255-101-252-104
6186	1.095883686239459e-13	3.0998293615733905e-14	255-24-215-202	255-101-252-104
6187	1.9815158540275493e-15	3.96233617106249e-13	255-24-215-202	255-122-4-2
6188	5.5126307201455704e-14	4.961804028608377e-13	255-24-215-202	255-122-4-2
6189	6.116974549846821e-11	1.1988262114281016e-09	255-70-122-242	255-122-4-2
6190	0.0035142884188865	0.0005871887146086	255-232-213-56	255-70-122-242
6191	2.4671067099092816e-10	1.60879382193858e-08	255-70-122-242	255-122-4-2
6192	9.86908633717578e-10	1.1491747392413093e-08	255-24-215-202	255-122-4-2
6193	7.512416807773495e-17	3.978129680423552e-16	255-24-215-202	255-122-4-2
6194	7.642840752090015e-22	5.153118617851603e-21	255-24-215-202	255-122-4-2
6195	0.037050430283266	0.2257530101464312	255-128-254-83	255-70-122-242
6196	3.261596789192093e-05	0.0008699338257067	255-247-113-27	255-70-122-242
6197	0.0131844699296775	0.0250477291429182	255-122-4-2	255-70-122-242
6198	0.0021981519725403	0.9233897728468484	255-232-213-56	255-70-122-242
6199	0.0005909362985402	0.8467160032528501	255-232-213-56	255-70-122-242
6200	0.0148391544654632	0.0549324516193358	255-128-254-83	255-70-122-242
6201	0.0018040622728566	0.9442390399514564	255-232-213-56	255-70-122-242
6202	0.0003718003203818	0.5858985710234217	255-232-213-56	255-70-122-242
6203	0.0012844155252676	0.8395733211723715	255-232-213-56	255-70-122-242
6204	0.0001729042075833	0.0295256973373514	255-70-122-242	255-70-122-242
6205	0.0632312792430118	0.0015400251763929	255-128-254-83	255-101-252-104
6206	0.1518457359421103	0.0002472415682335	255-53-243-148	255-101-252-104
6207	8.531833784735413e-06	0.7167429241178516	255-232-213-56	255-70-122-242
6208	0.0084115900126523	0.0002568036148778	255-122-4-2	255-101-252-104
6209	0.0031500328598685	0.9294871469294363	255-232-213-56	255-70-122-242
6210	0.0182038422296089	9.838100059990342e-05	255-128-254-83	255-70-122-242
6211	0.0274848398392561	4.212123141352447e-05	255-53-243-148	255-101-252-104
6212	0.0001501368670855	3.265669145445951e-05	255-247-113-27	255-254-152-44
6213	0.0047938393865152	0.0029731340882437	255-247-113-27	255-254-152-44
6214	0.0018267282746414	0.001988531709619	255-70-122-242	255-70-122-242
6215	0.0028745473222593	0.0001747336124012	255-53-243-148	255-70-122-242
6216	1.050074534803803e-05	3.086478395693589e-05	255-180-27-1	255-70-122-242
6217	0.0039613115377436	0.0002589752177101	255-122-4-2	255-101-252-104
6218	3.057379689991712e-08	2.739164710378426e-07	255-24-215-202	255-70-122-242
6219	6.7790164118142145e-15	2.5695981740909107e-14	255-24-215-202	255-122-4-2
6220	1.7752530025378023e-16	6.31292628259968e-14	255-24-215-202	255-70-122-242
6221	9.06755750316438e-18	8.676778531334132e-16	255-70-122-242	255-70-122-242
6222	5.109209865478024e-16	1.0747758757944616e-14	255-24-215-202	255-122-4-2
6223	1.0604002458264555e-10	1.2877411344697552e-09	255-24-215-202	255-70-122-242
6224	0.0445162202866074	0.0003203300224521	255-128-254-83	255-70-122-242
6225	0.0001193272241755	0.0024923350949658	255-128-254-83	255-254-152-44
6226	1.843624770666982e-06	0.0165364100527896	255-232-213-56	255-70-122-242
6227	0.0010958689554292	0.0002450799605981	255-232-213-56	255-70-122-242
6228	0.0001784693205812	0.0019232942335822	255-70-122-242	255-101-252-104
6229	1.572457253772705e-08	5.085511555519851e-10	255-247-113-27	255-122-4-2
6230	5.0091484482206633e-11	7.631357793600031e-10	255-24-215-202	255-212-231-53
6231	1.7844709644286725e-12	1.837963597734739e-12	255-53-243-148	255-122-4-2
6232	2.507751527136147e-16	9.453056503639218e-15	255-24-215-202	255-101-252-104
6233	9.864333909237509e-06	7.063131741351945e-06	255-24-215-202	255-254-152-44
6234	3.215423548602592e-15	2.3070590317148024e-15	255-70-122-242	255-122-4-2
6235	1.2748980770149551e-09	3.057378878483357e-09	255-24-215-202	255-212-231-53
6236	0.0341906732404692	4.818170553100871e-06	255-128-254-83	255-101-252-104
6237	0.4112166321115724	0.0003700120126765	255-232-213-56	255-101-252-104
6238	0.1846981747415184	0.0002372019261685	255-232-213-56	255-70-122-242
6239	0.009627416997255	0.0003878466182714	255-128-254-83	255-101-252-104
6240	0.0339914669343635	4.790098278790291e-06	255-128-254-83	255-101-252-104
6241	5.159787790398346e-07	9.164488650420648e-07	255-70-122-242	255-101-252-104
6242	4.17100517437168e-07	4.1694750267744417e-07	255-24-215-202	255-26-209-210
6243	6.947371658523199e-13	3.988167748546524e-11	255-24-215-202	255-70-122-242
6244	2.3227264006577964e-14	1.2299103803429033e-12	255-24-215-202	255-122-4-2
6245	2.5521072755133833e-13	6.8134490993563785e-12	255-24-215-202	255-70-122-242
6246	8.085231258788334e-05	3.391350133249421e-06	255-24-215-202	255-70-122-242
6247	1.4363327750396423e-16	1.824485865923452e-16	255-24-215-202	255-122-4-2
6248	4.613797741900695e-13	2.3854381337010944e-12	255-24-215-202	255-70-122-242
6249	2.6701875463941928e-05	3.0357393384121103e-05	255-70-122-242	255-70-122-242
6250	0.0653000952561419	0.0003045789096865	255-128-254-83	255-101-252-104
6251	2.6277528209595183e-05	0.0368566560554328	255-70-122-242	255-254-152-44
6252	0.0005099239168876	0.5135550628593943	255-232-213-56	255-70-122-242
6253	0.0011106661759924	0.0006132334674905	255-247-113-27	255-70-122-242
6254	0.0018389818106646	0.0003338035094288	255-24-215-202	255-70-122-242
6255	0.0422376026339186	0.0002002768069101	255-128-254-83	255-101-252-104
6256	0.0002245728517168	0.3589008998826228	255-232-213-56	255-70-122-242
6257	0.0104726257816652	9.64688074699853e-05	255-232-213-56	255-101-252-104
6258	7.083270232320508e-06	2.0430825950681956e-05	255-24-215-202	255-122-4-2
6259	3.335670508617652e-06	0.1132082383928151	255-232-213-56	255-70-122-242
6260	0.0740952888063208	0.0638590520717081	255-128-254-83	255-70-122-242
6261	0.005237682706687	0.0077134630807632	255-128-254-83	255-70-122-242
6262	0.0012101709016067	0.3536331590226632	255-232-213-56	255-70-122-242
6263	0.0097347610792209	0.1778627263029801	255-232-213-56	255-70-122-242
6264	0.0028437693464623	0.9280872731030092	255-232-213-56	255-70-122-242
6265	0.0003884134459443	0.0009917838413922	255-128-254-83	255-70-122-242
6266	6.231869018140851e-05	3.821400624213962e-05	255-128-254-83	255-26-209-210
6267	0.0046000794085507	0.2564842834948108	255-128-254-83	255-70-122-242
6268	0.0001417206146212	5.305901702482882e-05	255-128-254-83	255-70-122-242
6269	2.838637629480467e-07	5.9936223937334745e-06	255-24-215-202	255-26-209-210
6270	0.0006940167836937	0.0001754595835051	255-128-254-83	255-70-122-242
6271	9.617061751079693e-06	1.3168254779624212e-05	255-122-4-2	255-70-122-242
6272	2.491135262224802e-09	1.2649139084373148e-07	255-180-27-1	255-212-231-53
6273	6.002372770521279e-07	0.1189768521798349	255-70-122-242	255-212-231-53
6274	1.5777517789639112e-08	8.862126296055408e-08	255-70-122-242	255-70-122-242
6275	0.0030763131279407	0.1457020499014208	255-70-122-242	255-70-122-242
6276	5.647199442937917e-11	1.0404906066758676e-10	255-24-215-202	255-212-231-53
6277	0.9173572671787036	5.425245340354948e-05	255-128-254-83	255-101-252-104
6278	0.0001320825032822	3.6767047352455455e-05	255-24-215-202	255-122-4-2
6279	0.5273891987172733	0.003655068025619	255-128-254-83	255-70-122-242
6280	1.686402021422209e-07	3.767191612104658e-09	255-128-254-83	255-122-4-2
6281	6.022760982922117e-06	2.965492550883339e-08	255-128-254-83	255-122-4-2
6282	0.0523928980915101	3.944911247451533e-05	255-128-254-83	255-70-122-242
6283	2.1726769647594568e-06	1.3061543144041852e-06	255-24-215-202	255-26-209-210
6284	0.001570154354278	0.0018022503133948	255-24-215-202	255-70-122-242
6285	0.0032148681750088	0.0003439947050774	255-24-215-202	255-70-122-242
6286	0.0938131397114088	0.000413370677092	255-232-213-56	255-70-122-242
6287	6.399315304916135e-05	2.907711934038645e-06	255-128-254-83	255-101-252-104
6288	2.4446624522991403e-10	9.521003900723836e-10	255-24-215-202	255-70-122-242
6289	8.140214853286571e-15	1.1611533784099702e-12	255-24-215-202	255-122-4-2
6290	5.720820955664518e-19	9.331701625741602e-18	255-24-215-202	255-122-4-2
6291	2.6451998208164382e-14	1.863108345069297e-13	255-24-215-202	255-70-122-242
6292	1.0502527916965542e-06	4.507318621405055e-05	255-232-213-56	255-26-209-210
6293	6.853764818487996e-17	2.759966266086662e-15	255-24-215-202	255-122-4-2
6294	6.401727165499494e-16	5.007823673864431e-14	255-24-215-202	255-122-4-2
6295	1.2025821925388529e-12	1.7047867214502965e-12	255-24-215-202	255-70-122-242
6296	2.655909512755001e-21	2.4624804429986013e-18	255-24-215-202	255-26-209-210
6297	0.0003584623932	0.005240652518737	255-128-254-83	255-122-4-2
6298	3.726577187839281e-17	2.7544328736015184e-15	255-24-215-202	255-70-122-242
6299	7.149779953638327e-09	2.265717652751955e-06	255-70-122-242	255-101-252-104
6300	1.2756943458393544e-06	0.0050150869954833	255-232-213-56	255-122-4-2
6301	8.655601785479579e-16	4.3596342695197734e-14	255-24-215-202	255-70-122-242
6302	0.000608617083229	1.2269567258169046e-05	255-128-254-83	255-101-252-104
6303	1.6213815917776276e-09	8.036807688912775e-09	255-70-122-242	255-101-252-104
6304	3.859028907379665e-09	0.0018245926912247	255-70-122-242	255-122-4-2
6305	2.0472750371144175e-10	1.2270280722609952e-08	255-70-122-242	255-212-231-53
6306	0.0002983315858898	0.0024253272438969	255-232-213-56	255-70-122-242
6307	5.2294405479923216e-11	2.5361048640464217e-06	255-24-215-202	255-70-122-242
6308	4.277386342297823e-08	0.0070991397981191	255-232-213-56	255-70-122-242
6309	0.030398879878926	0.0917173280644934	255-128-254-83	255-70-122-242
6310	0.0021837253709861	0.0967067858187561	255-128-254-83	255-70-122-242
6311	0.3750108508565485	0.0002773717435873	255-128-254-83	255-101-252-104
6312	1.2850125921194393e-05	0.0003493054453893	255-232-213-56	255-26-209-210
6313	2.6773545375483336e-05	1.005662986962195e-05	255-128-254-83	255-26-209-210
6314	3.7356647536741314e-07	0.2851801879577608	255-232-213-56	255-70-122-242
6315	7.295092017212242e-05	3.99678460563486e-06	255-187-244-52	255-122-4-2
6316	5.316695227518072e-06	0.0006476401383396	255-232-213-56	255-122-4-2
6317	8.390055581950033e-18	1.1725479292500516e-16	255-24-215-202	255-122-4-2
6318	4.9232652299217255e-14	7.230667766389362e-14	255-70-122-242	255-122-4-2
6319	1.4502266861664348e-09	1.8702610450145123e-05	255-232-213-56	255-122-4-2
6320	5.511275096045204e-05	1.1085772122570953e-05	255-53-243-148	255-122-4-2
6321	0.1746874193537253	0.0007308281899474	255-128-254-83	255-101-252-104
6322	0.0270679933098874	0.0010587412493149	255-232-213-56	255-70-122-242
6323	0.0323962626168651	0.0001371689942439	255-128-254-83	255-70-122-242
6324	4.6623769251186054e-07	3.1602504439564965e-08	255-53-243-148	255-122-4-2
6325	0.0039026414832887	0.0086536421357767	255-232-213-56	255-254-152-44
6326	0.0008964373537624	0.0002320102891679	255-51-172-246	255-70-122-242
6327	2.309118363588542e-08	0.0416265052925754	255-232-213-56	255-217-56-6
6328	3.1075178399461344e-05	0.0033774225512767	255-232-213-56	255-70-122-242
6329	7.400658442127212e-07	2.780243901469025e-05	255-51-172-246	255-122-4-2
6330	0.0011774184678088	0.0002357811345834	255-128-254-83	255-254-152-44
6331	3.322764329708012e-07	3.8318965029321933e-07	255-24-215-202	255-70-122-242
6332	1.084123988028266e-07	2.0305745136055666e-07	255-128-254-83	255-26-209-210
6333	3.970685100175005e-17	4.415728033611581e-11	255-24-215-202	255-122-4-2
6334	3.725405013429618e-23	2.7779203133950436e-20	255-24-215-202	255-212-231-53
6335	3.737013862325619e-17	6.330959979317456e-15	255-70-122-242	255-212-231-53
6336	1.1121056373857177e-13	8.040080560956554e-09	255-24-215-202	255-122-4-2
6337	2.4765976166275783e-18	1.5154075243500468e-14	255-70-122-242	255-212-231-53
6338	4.337394806172326e-13	1.9200323863404572e-11	255-24-215-202	255-70-122-242
6339	2.3970967188567137e-22	4.211713279940937e-19	255-24-215-202	255-122-4-2
6340	8.914349502091985e-19	2.1441782120865256e-12	255-70-122-242	255-212-231-53
6341	1.3378296839844352e-18	4.9774644927961156e-17	255-24-215-202	255-122-4-2
6342	2.2130444903786506e-15	1.7380533288910519e-12	255-70-122-242	255-212-231-53
6343	1.6932066392004618e-23	2.1578938292993648e-19	255-24-215-202	255-122-4-2
6344	1.2801189612183911e-14	4.250305022858958e-12	255-24-215-202	255-122-4-2
6345	2.487220436186793e-11	1.0241485668006862e-10	255-24-215-202	255-122-4-2
6346	1.4611529025121897e-12	7.749502869933595e-15	255-180-27-1	255-122-4-2
6347	1.2844046931011794e-18	5.052027928823198e-18	255-24-215-202	255-26-209-210
6348	8.745122776708015e-14	1.49148464861421e-13	255-24-215-202	255-212-231-53
6349	2.791185164215479e-07	6.133750153426093e-07	255-24-215-202	255-26-209-210
6350	0.0001302785664888	6.112186305123183e-05	255-53-243-148	255-101-252-104
6351	1.1180545912305485e-05	1.483590307076681e-06	255-24-215-202	255-101-252-104
6352	6.128361838116397e-14	8.042731001058703e-13	255-53-243-148	255-122-4-2
6353	4.3573878874712395e-11	1.6458118945580544e-12	255-53-243-148	255-122-4-2
6354	2.9476203618687425e-10	2.727405231330116e-10	255-128-254-83	255-101-252-104
6355	5.735252275561382e-12	4.299361054663904e-13	255-128-254-83	255-122-4-2
6356	1.3444717054817651e-14	6.39634725625883e-14	255-53-243-148	255-122-4-2
6357	0.0007850414218998	3.331767880208586e-05	255-24-215-202	255-122-4-2
6358	1.0084914754249076e-05	5.822463274394445e-05	255-70-122-242	255-101-252-104
6359	1.1329262168903955e-06	2.8896900578811356e-05	255-70-122-242	255-101-252-104
6360	3.853922401454536e-07	1.357705993564226e-07	255-24-215-202	255-122-4-2
6361	3.119407165494903e-06	0.0001342775096554	255-70-122-242	255-101-252-104
6362	3.4993240417039106e-10	1.869627469575212e-07	255-70-122-242	255-101-252-104
6363	3.7539846098923693e-07	1.5539507047315272e-05	255-70-122-242	255-101-252-104
6364	0.3869139559878685	0.4822507712019542	255-70-122-242	255-101-252-104
6365	1.4587269331074642e-05	9.60615613513056e-08	255-128-254-83	255-70-122-242
6366	0.003081410239048	0.0010084886005702	255-70-122-242	255-70-122-242
6367	0.4437998482277669	0.0002786638839373	255-128-254-83	255-101-252-104
6368	0.0853274231485937	0.0013799966393636	255-247-113-27	255-101-252-104
6369	0.0064833269096293	9.01310696798057e-06	255-128-254-83	255-70-122-242
6370	0.0001416245866167	0.0001810671939685	255-24-215-202	255-70-122-242
6371	0.0059829384484554	0.0001440868352103	255-247-113-27	255-101-252-104
6372	5.906100017684628e-07	0.0236053554408545	255-24-215-202	255-70-122-242
6373	5.342971388948704e-05	0.0007590837699814	255-232-213-56	255-254-152-44
6374	7.010398889779005e-10	1.0927680301693512e-09	255-53-243-148	255-122-4-2
6375	6.809999940133528e-15	3.238213667987733e-15	255-24-215-202	255-212-231-53
6376	5.558621855504457e-07	0.0033399480758054	255-232-213-56	255-254-152-44
6377	5.966570458052154e-14	1.3789271798100856e-14	255-24-215-202	255-212-231-53
6378	1.2292986901920613e-15	5.004088187539296e-14	255-53-243-148	255-122-4-2
6379	1.092440307781783e-22	3.2430870659298693e-18	255-128-254-83	255-212-231-53
6380	2.2953684203824942e-14	6.717295025680606e-14	255-70-122-242	255-212-231-53
6381	7.224363948552498e-14	7.672748690596736e-15	255-24-215-202	255-26-209-210
6382	8.188528355317176e-16	1.2989790634893288e-14	255-24-215-202	255-122-4-2
6383	5.2262323625258656e-17	8.227909384801002e-17	255-53-243-148	255-122-4-2
6384	3.734889049430418e-26	1.7805086356055147e-18	255-24-215-202	255-212-231-53
6385	6.006596595128229e-25	2.7546175566970348e-17	255-24-215-202	255-212-231-53
6386	1.0470397977573208e-19	7.651595076716255e-11	255-24-215-202	255-212-231-53
6387	5.093118536769622e-20	1.9152671176162075e-16	255-70-122-242	255-212-231-53
6388	1.314109030045343e-13	3.266576229717684e-12	255-24-215-202	255-26-209-210
6389	1.060315535122828e-10	3.892947782190846e-12	255-128-254-83	255-101-252-104
6390	5.056917169745042e-12	1.4860489978682166e-12	255-53-243-148	255-101-252-104
6391	1.3455296762913373e-13	8.015300828523132e-11	255-24-215-202	255-122-4-2
6392	1.148072700697408e-12	1.5823986395577501e-09	255-24-215-202	255-122-4-2
6393	9.567363563714741e-11	2.645449133169312e-11	255-53-243-148	255-101-252-104
6394	1.077705550706271e-09	1.0800354248525222e-08	255-53-243-148	255-122-4-2
6395	3.3857821396735013e-14	1.363708858117224e-13	255-24-215-202	255-122-4-2
6396	5.30717959840159e-10	8.015559455264399e-08	255-70-122-242	255-101-252-104
6397	1.6780022995147892e-13	1.8484607677712608e-11	255-70-122-242	255-101-252-104
6398	1.26225631240009e-11	3.9844226642784136e-10	255-24-215-202	255-70-122-242
6399	1.422308898928833e-12	8.989849776464981e-12	255-24-215-202	255-122-4-2
6400	3.366600943400668e-10	7.405148444501892e-09	255-24-215-202	255-122-4-2
6401	7.974876297799305e-12	2.8058425231089814e-12	255-24-215-202	255-122-4-2
6402	1.8428548949286126e-10	1.3845330025340798e-11	255-24-215-202	255-122-4-2
6403	0.0083969993154599	0.0012874283197089	255-53-243-148	255-70-122-242
6404	0.0287475520631368	0.0033619033662397	255-122-4-2	255-70-122-242
6405	0.3239212100841117	0.0007908486148141	255-128-254-83	255-101-252-104
6406	0.0046792256781182	0.0002258431363851	255-128-254-83	255-101-252-104
6407	0.0335769044742614	0.0002506973742191	255-24-215-202	255-101-252-104
6408	0.502466446761736	0.00063804467277	255-51-172-246	255-101-252-104
6409	9.896099391350796e-06	2.3965725041915253e-08	255-51-172-246	255-101-252-104
6410	0.613855062442232	0.0006534718488204	255-187-244-52	255-122-4-2
6411	1.2236620394646505e-07	1.1886947265299646e-10	255-24-215-202	255-101-252-104
6412	0.4435374692698779	0.0044723077473176	255-187-244-52	255-122-4-2
6413	5.925909440480595e-12	1.607263943867312e-09	255-24-215-202	255-26-209-210
6414	0.0052808198394858	0.0151788512655785	255-24-215-202	255-122-4-2
6415	8.969347213936032e-17	2.43681778339857e-13	255-24-215-202	255-70-122-242
6416	7.164373676379677e-20	5.566044461739141e-19	255-24-215-202	255-122-4-2
6417	6.538654986600789e-13	3.0185292649545984e-14	255-24-215-202	255-122-4-2
6418	4.47570077177196e-14	7.820996501059145e-10	255-24-215-202	255-122-4-2
6419	1.8586707399815498e-05	2.139238222417967e-06	255-51-172-246	255-101-252-104
6420	3.468542017635786e-12	6.82894858369161e-10	255-70-122-242	255-122-4-2
6421	1.3982788346295897e-05	0.0011194711040507	255-232-213-56	255-122-4-2
6422	6.635286251451697e-05	0.0117283686273079	255-232-213-56	255-254-152-44
6423	0.1775223975791476	0.0008902629349526	255-128-254-83	255-101-252-104
6424	0.0118314275390818	0.0001506907867146	255-128-254-83	255-101-252-104
6425	0.0061164466305525	0.000266781760509	255-128-254-83	255-70-122-242
6426	9.68750658909012e-08	3.2751535334230454e-08	255-24-215-202	255-101-252-104
6427	3.8266638074173605e-09	1.4652010788946866e-09	255-53-243-148	255-122-4-2
6428	8.508502299469175e-08	9.046040868170156e-09	255-24-215-202	255-101-252-104
6429	9.59649396441536e-09	2.7587467741575507e-10	255-53-243-148	255-122-4-2
6430	1.0807684361982745e-08	5.35889798190302e-10	255-53-243-148	255-122-4-2
6431	5.050462853863404e-08	2.778674941213153e-08	255-53-243-148	255-101-252-104
6432	2.5203965373443083e-10	2.3772915626456023e-11	255-128-254-83	255-101-252-104
6433	1.6604213188984492e-09	2.0974676949580348e-08	255-70-122-242	255-101-252-104
6434	7.546231520760597e-14	1.4473084511953262e-12	255-53-243-148	255-101-252-104
6435	2.1070314466815746e-08	1.9969797519267733e-08	255-24-215-202	255-101-252-104
6436	1.1418008385583e-08	1.8280937472030199e-09	255-53-243-148	255-122-4-2
6437	1.4385963064855754e-18	1.825137938850869e-17	255-24-215-202	255-26-209-210
6438	9.435142272966873e-13	1.2845127905581598e-10	255-24-215-202	255-26-209-210
6439	2.055535348104413e-12	2.8230774063400983e-11	255-24-215-202	255-122-4-2
6440	4.2429131690604055e-08	2.126665533886672e-08	255-53-243-148	255-101-252-104
6441	7.914843580190898e-11	2.506386882764583e-09	255-70-122-242	255-122-4-2
6442	8.65968021378789e-12	5.895300255043793e-10	255-24-215-202	255-122-4-2
6443	9.690582436161763e-14	6.345101192665343e-13	255-24-215-202	255-70-122-242
6444	1.334200604692731e-09	2.197291355743874e-09	255-247-113-27	255-70-122-242
6445	0.0166665244681985	0.003023753608883	255-128-254-83	255-70-122-242
6446	0.0635810364235772	0.0016683645621982	255-128-254-83	255-70-122-242
6447	3.884506738595423e-17	1.908657148259865e-16	255-24-215-202	255-122-4-2
6448	0.0039404563644735	0.0003819714800826	255-122-4-2	255-70-122-242
6449	0.0138137416457489	0.02943670871818	255-128-254-83	255-70-122-242
6450	0.0304663417266819	0.0052303635854972	255-128-254-83	255-70-122-242
6451	4.518332787385127e-06	0.9953380835969794	255-247-113-27	255-70-122-242
6452	0.0092126233365403	0.17881740446359	255-232-213-56	255-70-122-242
6453	0.0236511367686458	0.0135124265699015	255-128-254-83	255-70-122-242
6454	0.0008210063393143	0.0970918161792719	255-232-213-56	255-70-122-242
6455	0.0003609086883828	0.025181833859522	255-232-213-56	255-70-122-242
6456	0.1183105821838556	0.0004729647621273	255-53-243-148	255-70-122-242
6457	0.0073885542035206	0.022388747233665	255-232-213-56	255-70-122-242
6458	8.61122713871109e-06	0.0256039020026446	255-232-213-56	255-70-122-242
6459	4.71882486956353e-05	0.0184866104743351	255-232-213-56	255-70-122-242
6460	0.0390515676584072	4.436481600030755e-05	255-128-254-83	255-101-252-104
6461	4.184947470700525e-05	0.0024468044369623	255-232-213-56	255-70-122-242
6462	1.5585836300641017e-05	0.0323790697059982	255-232-213-56	255-70-122-242
6463	9.240880296725436e-07	0.0006404041342383	255-70-122-242	255-70-122-242
6464	2.438992028612169e-06	0.0565360431379743	255-70-122-242	255-70-122-242
6465	3.510440695132297e-05	0.0001021587572048	255-53-243-148	255-122-4-2
6466	0.0004256875290346	3.512864272828423e-05	255-187-244-52	255-122-4-2
6467	0.0004602171572586	0.0004790260874723	255-247-113-27	255-122-4-2
6468	0.0219947991500545	0.0021213765455964	255-53-243-148	255-70-122-242
6469	1.0831942106805153e-05	0.5821577219188664	255-70-122-242	255-70-122-242
6470	0.0001099318034717	0.0043568143613083	255-247-113-27	255-122-4-2
6471	2.598157333960946e-06	0.0064593817648385	255-232-213-56	255-70-122-242
6472	0.0039033564660553	0.000694682505743	255-53-243-148	255-70-122-242
6473	3.731848010816057e-05	0.0025505379733912	255-232-213-56	255-122-4-2
6474	6.387466256530485e-05	0.0076845683948883	255-232-213-56	255-122-4-2
6475	0.0118995010728139	0.0001623753354705	255-122-4-2	255-101-252-104
6476	0.0005631106283448	0.0002890734157199	255-122-4-2	255-70-122-242
6477	0.0377553462774573	0.0007264130371181	255-122-4-2	255-70-122-242
6478	0.0008094132848925	0.0001760632439897	255-24-215-202	255-101-252-104
6479	0.0001383989845721	2.5140242147864717e-05	255-24-215-202	255-122-4-2
6480	0.0093906511660581	0.000243142889977	255-122-4-2	255-70-122-242
6481	0.0097733099719991	0.0007987907477762	255-24-215-202	255-70-122-242
6482	4.2442215369607084e-18	1.3071992375945287e-16	255-24-215-202	255-122-4-2
6483	1.1401637376736427e-16	3.2915604632020387e-16	255-180-27-1	255-26-209-210
6484	3.410565420539984e-15	4.270375680016588e-15	255-24-215-202	255-122-4-2
6485	3.9005350307948496e-14	2.619383499532779e-12	255-24-215-202	255-70-122-242
6486	5.225286888756686e-15	1.4993731416772145e-15	255-180-27-1	255-101-252-104
6487	9.110291808330099e-08	1.887683023830144e-05	255-70-122-242	255-101-252-104
6488	0.0056435552928822	0.0001757857468071	255-128-254-83	255-70-122-242
6489	1.594932703445741e-05	0.0795428924268457	255-232-213-56	255-122-4-2
6490	1.9396017985106933e-05	0.0042795814107891	255-128-254-83	255-26-209-210
6491	0.0553926700239224	0.005257956393685	255-128-254-83	255-70-122-242
6492	0.0384540643933474	0.0009203228706828	255-53-243-148	255-70-122-242
6493	9.2639757778951e-08	7.148806706642837e-07	255-51-172-246	255-122-4-2
6494	9.095730928877937e-08	1.0655820831331885e-08	255-53-243-148	255-101-252-104
6495	4.682200174501368e-05	3.671759436501005e-06	255-180-27-1	255-101-252-104
6496	9.281885144416084e-05	6.105638553857841e-06	255-180-27-1	255-101-252-104
6497	0.0046275938619379	0.00269988440976	255-24-215-202	255-70-122-242
6498	3.9498975720058616e-10	1.2932160014687313e-07	255-70-122-242	255-70-122-242
6499	0.0001947213242767	3.575453598794565e-05	255-122-4-2	255-70-122-242
6500	1.3574576282148252e-05	1.1012837575810203e-07	255-53-243-148	255-101-252-104
6501	7.134516457176064e-10	4.3786089726128897e-11	255-24-215-202	255-122-4-2
6502	0.0007135514656705	6.41233235252263e-05	255-24-215-202	255-70-122-242
6503	9.433813424852541e-15	7.236849046045224e-10	255-24-215-202	255-122-4-2
6504	0.0692473159515136	0.0060584246801309	255-122-4-2	255-101-252-104
6505	0.0462445583128682	0.0012820910369723	255-122-4-2	255-101-252-104
6506	0.0097127635032308	0.0012202871334936	255-122-4-2	255-70-122-242
6507	0.0021799037524762	0.0128477145252441	255-187-244-52	255-26-209-210
6508	1.3866938708234256e-05	4.1006245637540304e-05	255-70-122-242	255-70-122-242
6509	0.0011513619334998	0.0042139469002794	255-232-213-56	255-122-4-2
6510	0.000692580920447	3.0310002386346765e-05	255-222-62-8	255-70-122-242
6511	0.0006756046250686	8.171082554208747e-06	255-53-243-148	255-101-252-104
6512	1.718963293824376e-05	0.0083227465106053	255-24-215-202	255-254-152-44
6513	2.889342607731169e-06	0.0093601627214949	255-232-213-56	255-122-4-2
6514	0.0156838031158235	6.171082753838437e-05	255-122-4-2	255-101-252-104
6515	0.0059038178143832	0.0004596962202514	255-24-215-202	255-70-122-242
6516	0.0010132220009758	0.0001232462394885	255-53-243-148	255-70-122-242
6517	5.511404796119397e-05	1.0247965629204798e-05	255-122-4-2	255-101-252-104
6518	1.3904755715344764e-06	0.0819045240702248	255-70-122-242	255-70-122-242
6519	0.0007934769318754	0.0007534417081533	255-53-243-148	255-70-122-242
6520	0.0003191600665996	0.0016303394408534	255-122-4-2	255-70-122-242
6521	0.000274367210576	9.421162230206977e-06	255-187-244-52	255-70-122-242
6522	5.279553839198448e-06	0.9318166172193476	255-232-213-56	255-70-122-242
6523	0.0546006122584024	0.0003360688437562	255-187-244-52	255-70-122-242
6524	0.0008260703428672	0.0602774118545715	255-128-254-83	255-70-122-242
6525	0.0006275432003489	4.62457689115054e-06	255-128-254-83	255-70-122-242
6526	1.0390972746870122e-05	0.966405294385353	255-232-213-56	255-70-122-242
6527	0.0005945155873368	0.9578112523216936	255-232-213-56	255-70-122-242
6528	0.000135888493618	0.9528707913953084	255-247-113-27	255-70-122-242
6529	4.050341804238155e-15	1.2528288195063023e-14	255-24-215-202	255-70-122-242
6530	3.081595719614642e-05	1.556227657972419e-06	255-222-62-8	255-70-122-242
6531	5.900753000974864e-17	6.154739633225067e-16	255-180-27-1	255-101-252-104
6532	2.0136270123226702e-14	2.4266277567660772e-14	255-24-215-202	255-70-122-242
6533	0.0005051714634019	4.028230041700814e-05	255-232-213-56	255-70-122-242
6534	2.8384686472187047e-12	4.63178207398187e-11	255-70-122-242	255-70-122-242
6535	1.1423073953128395e-11	3.27108263214206e-11	255-70-122-242	255-101-252-104
6536	1.2292456336122195e-10	1.3194986009986048e-07	255-70-122-242	255-70-122-242
6537	0.0476469449472304	0.0079488991827887	255-232-213-56	255-26-209-210
6538	9.01409622166853e-10	1.0144422995510952e-07	255-128-254-83	255-122-4-2
6539	6.738737961260315e-08	4.5550907953807765e-08	255-128-254-83	255-26-209-210
6540	1.0839268475797162e-08	2.477846188296311e-07	255-24-215-202	255-101-252-104
6541	0.0039854319303987	0.0002391007564403	255-180-27-1	255-101-252-104
6542	0.0026864645230641	4.099660579796479e-06	255-128-254-83	255-101-252-104
6543	4.242514057074471e-12	2.510403913290436e-12	255-53-243-148	255-70-122-242
6544	7.109501636967545e-10	1.6982861111019741e-09	255-128-254-83	255-70-122-242
6545	0.1998022532461974	0.0021761375470249	255-180-27-1	255-101-252-104
6546	0.0255784810542889	0.0004296122803146	255-180-27-1	255-101-252-104
6547	0.1576110101136466	0.0017628225520781	255-232-213-56	255-70-122-242
6548	0.0048430733160148	0.0005541511971179	255-128-254-83	255-70-122-242
6549	0.0053135139216584	9.157239014174717e-05	255-247-113-27	255-101-252-104
6550	2.8949706586556663e-05	7.503132735706599e-07	255-24-215-202	255-101-252-104
6551	1.7935007740194875e-05	0.0001155926321857	255-247-113-27	255-122-4-2
6552	3.7373021853051304e-19	1.1820370361607892e-18	255-24-215-202	255-122-4-2
6553	0.174106751014905	0.0009673876157181	255-128-254-83	255-101-252-104
6554	0.0034718040239211	0.0005909259430059	255-232-213-56	255-70-122-242
6555	5.0816003550781887e-20	1.1830491855714437e-15	255-24-215-202	255-122-4-2
6556	1.6617703157672449e-13	8.503259689598885e-13	255-24-215-202	255-122-4-2
6557	1.0279075044530604e-21	1.8088616854971906e-21	255-24-215-202	255-122-4-2
6558	3.4861783725865183e-06	1.030472649416397e-06	255-24-215-202	255-70-122-242
6559	0.0284772432468494	0.001603862142291	255-24-215-202	255-70-122-242
6560	8.477864385010755e-15	1.3520870893034298e-14	255-24-215-202	255-122-4-2
6561	2.1445753410329148e-18	8.216823840578728e-18	255-24-215-202	255-101-252-104
6562	5.6932471025102965e-05	0.0008762235967696	255-232-213-56	255-122-4-2
6563	3.588841514287005e-20	4.535342364355236e-19	255-180-27-1	255-26-209-210
6564	1.503797645861723e-17	3.2876409450895193e-16	255-180-27-1	255-70-122-242
6565	3.0800964947839927e-06	0.0069414240558006	255-222-62-8	255-122-4-2
6566	0.0021114859211771	0.0001364188185397	255-122-4-2	255-70-122-242
6567	9.023115777239147e-09	2.306083281759303e-07	255-70-122-242	255-70-122-242
6568	1.7013691718592738e-07	0.2209775973575135	255-70-122-242	255-212-231-53
6569	3.4526834458590464e-06	0.0004338899238588	255-53-243-148	255-122-4-2
6570	2.439764354093075e-15	2.2247793415194515e-13	255-24-215-202	255-212-231-53
6571	1.0899523175783661e-15	1.2718601274300354e-12	255-24-215-202	255-212-231-53
6572	1.2645501854491022e-09	0.0025913139297037	255-70-122-242	255-122-4-2
6573	2.0379724106772098e-13	4.8438359779980425e-14	255-24-215-202	255-122-4-2
6574	2.0607367914110458e-12	9.369973936108828e-11	255-24-215-202	255-122-4-2
6575	2.471323357366671e-08	8.312003216636504e-09	255-53-243-148	255-122-4-2
6576	0.0072251436422684	9.842512938357604e-05	255-128-254-83	255-101-252-104
6577	0.0865890227611553	0.000333082992442	255-232-213-56	255-70-122-242
6578	9.520880337297628e-05	9.932845569028993e-06	255-24-215-202	255-70-122-242
6580	0.0063923509443404	0.0013133726219027	255-24-215-202	255-122-4-2
6581	0.0041750108020937	0.0055469230252221	255-232-213-56	255-70-122-242
6582	0.1035185649385877	0.0236414935714134	255-128-254-83	255-26-209-210
6583	0.1329403637046605	0.0250464053039895	255-128-254-83	255-70-122-242
6584	0.0215085634847109	0.0036568136169488	255-128-254-83	255-26-209-210
6585	2.291001108942703e-12	2.213798208773913e-06	255-24-215-202	255-122-4-2
6586	1.8596138207747935e-10	6.504354367108711e-08	255-53-243-148	255-122-4-2
6587	1.416249480796954e-11	0.1368951245108602	255-24-215-202	255-212-231-53
6588	1.7964887842870173e-14	1.048788636426972e-06	255-24-215-202	255-122-4-2
6589	1.4754576228948248e-16	1.6981880660837258e-10	255-24-215-202	255-122-4-2
6590	3.052090131831806e-20	1.750234261579908e-16	255-70-122-242	255-212-231-53
6591	1.6774968848045532e-18	6.114757078463941e-15	255-24-215-202	255-122-4-2
6592	1.366096314741058e-21	2.8619090071640583e-19	255-24-215-202	255-26-209-210
6593	3.2053744836986595e-08	2.48382293641307e-06	255-232-213-56	255-217-56-6
6594	1.4938463493300232e-16	2.554880998818715e-13	255-70-122-242	255-212-231-53
6595	2.694163903904018e-16	9.043441197817756e-15	255-24-215-202	255-122-4-2
6596	8.125954919057211e-19	2.673234956555999e-17	255-24-215-202	255-122-4-2
6597	1.1285741828938256e-17	1.4270254620986553e-14	255-70-122-242	255-212-231-53
6598	7.915440650344807e-16	1.6701252799042423e-14	255-24-215-202	255-122-4-2
6599	1.6432715739145165e-21	1.5529078057704999e-19	255-24-215-202	255-122-4-2
6600	9.560234086484285e-16	4.166125398143103e-12	255-70-122-242	255-212-231-53
6601	1.1490836425460908e-17	1.4066054755460778e-13	255-24-215-202	255-212-231-53
6602	7.137136156799421e-17	9.8854474938601e-16	255-24-215-202	255-122-4-2
6603	1.0931384916592293e-11	5.230753156146408e-11	255-24-215-202	255-122-4-2
6604	1.1063995680736688e-16	1.2957427124950287e-16	255-24-215-202	255-122-4-2
6605	7.267747726242063e-14	2.5963442485449928e-12	255-24-215-202	255-122-4-2
6606	9.948776384080224e-09	6.411621146511372e-08	255-24-215-202	255-122-4-2
6607	2.001229723071321e-06	3.040260403096011e-07	255-53-243-148	255-101-252-104
6608	0.0187032134431578	0.0012723918341949	255-24-215-202	255-70-122-242
6609	6.46853255217865e-05	1.5345850017997212e-05	255-24-215-202	255-101-252-104
6610	9.839761483435337e-13	1.4456206599545648e-12	255-128-254-83	255-122-4-2
6611	4.3765042755071465e-06	8.324724943570764e-07	255-128-254-83	255-101-252-104
6612	2.370821502505168e-12	7.427412170771632e-12	255-128-254-83	255-101-252-104
6613	0.0242613258219585	0.0006041231556308	255-24-215-202	255-70-122-242
6614	3.0373526515970136e-10	7.650512769650855e-10	255-24-215-202	255-122-4-2
6615	9.498945920091814e-13	1.570354024141559e-11	255-24-215-202	255-122-4-2
6616	3.7604314725474996e-12	7.646955673996929e-12	255-128-254-83	255-122-4-2
6617	1.7692460274153167e-10	4.5069164043806e-11	255-53-243-148	255-122-4-2
6618	0.0011023587321598	1.3357820393186923e-05	255-128-254-83	255-70-122-242
6619	8.772545457438768e-16	8.486614714588219e-14	255-24-215-202	255-122-4-2
6620	0.0001113784228392	2.6368232029391173e-05	255-24-215-202	255-122-4-2
6621	1.7282662861389148e-17	1.4880820773815337e-15	255-70-122-242	255-101-252-104
6622	5.515170822602536e-12	1.3446151878059368e-11	255-24-215-202	255-101-252-104
6623	2.6476811355418076e-14	3.9137815717837885e-10	255-70-122-242	255-122-4-2
6624	0.0013498422964985	0.0006124392478824	255-70-122-242	255-101-252-104
6625	2.6861518050126552e-05	6.780447397984478e-05	255-70-122-242	255-101-252-104
6626	0.0002117158641948	0.0011122141354307	255-70-122-242	255-101-252-104
6627	0.0003024065827555	0.0003078937621124	255-70-122-242	255-101-252-104
6628	0.000364626671214	0.0639415886612065	255-232-213-56	255-26-209-210
6629	0.0012561642799983	0.0042002069661905	255-232-213-56	255-70-122-242
6630	3.701432444533754e-07	0.037242363813507	255-232-213-56	255-70-122-242
6631	6.112872391474273e-11	0.0001758378183617	255-70-122-242	255-254-152-44
6632	4.236989533970957e-09	6.627326670081377e-09	255-187-244-52	255-70-122-242
6633	1.4128782148398974e-17	1.088757243159356e-16	255-24-215-202	255-212-231-53
6634	1.0802002232040131e-14	8.973527824490643e-14	255-24-215-202	255-212-231-53
6635	1.431464818457654e-05	6.10218167074411e-06	255-53-243-148	255-101-252-104
6636	3.9601880801688477e-14	6.37038666801591e-13	255-24-215-202	255-122-4-2
6637	1.2752531883359686e-17	6.316646376279247e-17	255-24-215-202	255-212-231-53
6638	4.712633405598737e-15	1.3728693569605565e-15	255-24-215-202	255-122-4-2
6639	1.5135539140161608e-13	9.47139006925635e-13	255-24-215-202	255-101-252-104
6640	4.771303774625006e-17	3.760331132039856e-14	255-70-122-242	255-101-252-104
6641	2.649440086300098e-15	1.652712546710356e-15	255-24-215-202	255-122-4-2
6642	2.5782088411129964e-12	2.7626648612337612e-11	255-128-254-83	255-101-252-104
6643	1.0823682481769711e-14	1.8642037619537613e-14	255-24-215-202	255-122-4-2
6644	2.5409459366768777e-17	5.344633618907336e-17	255-24-215-202	255-122-4-2
6645	2.3741999929974926e-20	1.3254356244405016e-18	255-24-215-202	255-122-4-2
6646	2.1627364500962003e-18	9.57973509135685e-16	255-24-215-202	255-122-4-2
6647	3.5090261477175094e-17	3.9860155531938094e-14	255-24-215-202	255-212-231-53
6648	4.185255596040167e-11	5.186630681841512e-10	255-24-215-202	255-26-209-210
6649	2.470879775507051e-07	1.0876956008677932e-08	255-53-243-148	255-101-252-104
6650	2.842857474022416e-13	1.9408810968340574e-12	255-128-254-83	255-26-209-210
6651	9.934085915527228e-12	2.737100759070476e-12	255-128-254-83	255-101-252-104
6652	1.856063500142776e-11	5.0788872975154495e-11	255-70-122-242	255-101-252-104
6653	2.3098407619164425e-08	1.404538679671098e-09	255-53-243-148	255-101-252-104
6654	3.66109206839576e-12	7.3193208368319e-10	255-70-122-242	255-101-252-104
6655	2.8917572426435584e-11	1.993090482010732e-09	255-70-122-242	255-101-252-104
6656	8.013676407453425e-13	5.443036773138459e-12	255-24-215-202	255-122-4-2
6657	9.12896192215192e-12	3.686262127258199e-11	255-128-254-83	255-122-4-2
6658	1.331011282856504e-06	9.00209120257839e-07	255-24-215-202	255-70-122-242
6659	6.286211210247255e-05	4.156910190966849e-05	255-70-122-242	255-70-122-242
6660	1.848183705993036e-09	1.4472347776791505e-08	255-24-215-202	255-101-252-104
6661	2.2202123604314274e-13	1.6387762781596612e-13	255-24-215-202	255-101-252-104
6662	1.8370756337666736e-06	1.531277644589312e-07	255-128-254-83	255-101-252-104
6663	7.096034099449966e-06	2.07229993403658e-07	255-128-254-83	255-101-252-104
6664	0.0274899044176157	0.0002314302693651	255-128-254-83	255-101-252-104
6665	0.1346037257641417	0.0364308503991584	255-187-244-52	255-122-4-2
6666	0.107690380874705	0.0008027368730172	255-122-4-2	255-101-252-104
6667	0.1238400846466845	0.0002924578436426	255-187-244-52	255-122-4-2
6668	0.1413668283892321	0.002270224205909	255-122-4-2	255-101-252-104
6669	1.2312057441941112e-05	1.8889510250685016e-06	255-51-172-246	255-122-4-2
6670	6.50939060509884e-10	1.0886088681192165e-12	255-24-215-202	255-122-4-2
6671	1.655704056843734e-07	1.3420882505323105e-07	255-70-122-242	255-122-4-2
6672	1.717136717917163e-06	1.8603750010382963e-06	255-70-122-242	255-101-252-104
6673	1.0388820596974114e-15	1.1940668095647152e-17	255-24-215-202	255-122-4-2
6674	1.3603757120499382e-09	2.4451354446724207e-09	255-24-215-202	255-122-4-2
6677	1.3282167308429192e-13	6.511006129692198e-10	255-24-215-202	255-70-122-242
6678	0.0594161469325872	0.0017954211157468	255-232-213-56	255-70-122-242
6679	0.0038319275644	0.0005693356401081	255-128-254-83	255-70-122-242
6680	0.0415490483906095	0.0007343212662342	255-128-254-83	255-101-252-104
6681	6.650088590127618e-08	3.6427488016893254e-08	255-24-215-202	255-101-252-104
6682	6.10328327899481e-10	9.583115741060695e-10	255-24-215-202	255-101-252-104
6683	0.0238144570380372	0.0005205337015472	255-24-215-202	255-70-122-242
6684	0.2003444310152483	0.0002189039672943	255-128-254-83	255-70-122-242
6685	4.768505340678124e-12	1.0055200007326755e-09	255-70-122-242	255-101-252-104
6686	6.2780763737450595e-09	7.612011269131538e-09	255-53-243-148	255-101-252-104
6687	9.26660323788236e-13	1.4073598954947288e-11	255-24-215-202	255-122-4-2
6688	9.54035500369669e-13	1.688473004902467e-11	255-24-215-202	255-26-209-210
6689	3.926088822640898e-12	4.008345756258549e-11	255-53-243-148	255-101-252-104
6690	1.5718919075708482e-16	5.192136076552156e-15	255-24-215-202	255-26-209-210
6691	6.285350281580601e-14	2.2734227776690014e-12	255-70-122-242	255-122-4-2
6692	1.2008127501409757e-15	2.0387547426393783e-14	255-24-215-202	255-122-4-2
6693	2.691522713055969e-15	1.863255824364313e-12	255-24-215-202	255-122-4-2
6694	3.1809718539539344e-06	1.222623237069279e-07	255-53-243-148	255-101-252-104
6695	1.8824475547762376e-06	1.2436079307999874e-07	255-53-243-148	255-101-252-104
6696	3.5145519503423554e-09	5.589749822331455e-08	255-24-215-202	255-122-4-2
6697	0.0001145563181984	3.0219030438326454e-05	255-53-243-148	255-101-252-104
6698	0.0001446774132246	0.0001041841629315	255-70-122-242	255-70-122-242
6699	0.0088254063517175	0.0038274358418355	255-232-213-56	255-70-122-242
6700	0.1386727676356602	6.795118854136676e-05	255-187-244-52	255-122-4-2
6701	0.0025338269969755	0.1069070349868341	255-232-213-56	255-70-122-242
6702	4.472646686770165e-05	0.2359902877663244	255-232-213-56	255-70-122-242
6703	0.1623427116377318	2.634560061312782e-07	255-187-244-52	255-26-209-210
6704	8.149453470813195e-08	0.0001370005225745	255-232-213-56	255-122-4-2
6705	0.0002084485101299	0.0357755266169684	255-70-122-242	255-70-122-242
6706	0.0009785235625784	0.6744483294236401	255-232-213-56	255-70-122-242
6707	5.487146899846568e-06	0.984381083586151	255-232-213-56	255-70-122-242
6708	0.0227004206282008	0.1081857445252321	255-247-113-27	255-70-122-242
6709	1.4162423636111406e-05	0.1564970171747211	255-70-122-242	255-70-122-242
6710	7.117331023024713e-07	1.1082536733024772e-06	255-232-213-56	255-26-209-210
6711	6.480478960241165e-05	7.680767268613886e-05	255-247-113-27	255-26-209-210
6712	3.59042156061142e-06	0.3658010840633094	255-232-213-56	255-26-209-210
6714	0.0007568587751373	7.514740608773192e-07	255-187-244-52	255-122-4-2
6715	9.61219674344965e-05	1.4016312002485113e-05	255-24-215-202	255-26-209-210
6716	6.996946491991775e-08	5.2395588146939946e-05	255-247-113-27	255-26-209-210
6717	1.6984446470649649e-06	2.405828624995175e-07	255-24-215-202	255-26-209-210
6718	9.75445869801709e-08	1.6878892597717167e-08	255-70-122-242	255-26-209-210
6719	1.511061971170652e-05	4.1212670502292685e-06	255-53-243-148	255-70-122-242
6720	1.1478956120614145e-07	2.322440019763341e-06	255-187-244-52	255-26-209-210
6721	5.535781540379347e-06	0.0003025734472503	255-24-215-202	255-122-4-2
6722	2.5183760272327803e-05	1.849768602768059e-05	255-24-215-202	255-70-122-242
6723	0.0002739779447133	1.22106790078797e-05	255-53-243-148	255-70-122-242
6724	4.510941119529199e-06	2.755470340834551e-06	255-24-215-202	255-122-4-2
6725	7.603773428588115e-17	2.1191361670540626e-16	255-24-215-202	255-122-4-2
6726	3.928168865439353e-17	9.395354326359656e-14	255-24-215-202	255-70-122-242
6727	4.8224581899457805e-17	3.615776546148408e-16	255-24-215-202	255-122-4-2
6728	0.0002180306442359	0.0267871983335917	255-128-254-83	255-122-4-2
6729	4.6395308567307053e-07	0.5547464813296971	255-128-254-83	255-70-122-242
6730	0.0209481567063365	0.0116389174795817	255-232-213-56	255-254-152-44
6731	0.0574999869696318	0.0249633227695395	255-232-213-56	255-26-209-210
6732	0.001349114310811	0.000111780856707	255-24-215-202	255-122-4-2
6733	0.0019916119747281	0.0068156472781031	255-70-122-242	255-101-252-104
6734	2.445240256309651e-05	6.316381582955002e-06	255-180-27-1	255-101-252-104
6735	0.0002120162314304	0.0025715472619798	255-180-27-1	255-26-209-210
6736	0.0001330317352377	0.000178848769014	255-180-27-1	255-101-252-104
6737	3.8999643304543083e-07	4.182714067938061e-06	255-70-122-242	255-101-252-104
6738	0.0019399048440299	0.0006475796978997	255-180-27-1	255-101-252-104
6739	6.240658217173199e-06	3.8354504978323443e-07	255-24-215-202	255-122-4-2
6740	3.903744009749461e-08	1.395292124152357e-07	255-24-215-202	255-254-152-44
6741	5.1211758323386077e-11	1.3458249080463127e-10	255-24-215-202	255-122-4-2
6742	1.837669879157476e-05	1.33219969362286e-05	255-128-254-83	255-101-252-104
6743	0.1757310117939467	0.0012132532008307	255-187-244-52	255-122-4-2
6744	2.203905700424059e-05	5.603224855073567e-05	255-70-122-242	255-122-4-2
6745	0.0002176161011886	1.0014129646938688e-05	255-187-244-52	255-122-4-2
6746	0.0148376252405352	0.0002923411793715	255-187-244-52	255-122-4-2
6747	0.0005912116088441	0.0016325874761788	255-24-215-202	255-254-152-44
6748	4.632062593790398e-05	7.868352227696079e-07	255-187-244-52	255-122-4-2
6749	0.0143899250432012	0.0005563099820803	255-187-244-52	255-26-209-210
6750	0.0002639711559412	0.0013373835099678	255-51-172-246	255-122-4-2
6751	1.22965863199645e-09	9.220407342586616e-09	255-70-122-242	255-122-4-2
6752	2.300210966497648e-06	5.322626898493448e-06	255-187-244-52	255-26-209-210
6753	7.961672196640552e-06	0.0012827489037507	255-247-113-27	255-122-4-2
6754	4.197453568751902e-12	5.652773738418703e-10	255-187-244-52	255-26-209-210
6755	1.3909792398747516e-08	2.7058207465718034e-08	255-187-244-52	255-26-209-210
6756	2.921632270751997e-09	1.3232791453199336e-07	255-247-113-27	255-26-209-210
6757	0.004025462549478	9.693494880193664e-05	255-128-254-83	255-70-122-242
6758	1.3923019533200497e-07	6.171224649906959e-05	255-247-113-27	255-26-209-210
6759	3.980255022308989e-11	3.48960364692614e-09	255-24-215-202	255-26-209-210
6760	2.1527311379070527e-05	6.554207117301281e-07	255-187-244-52	255-26-209-210
6761	4.307219277302598e-07	7.623785767805052e-06	255-247-113-27	255-70-122-242
6762	0.000120558768596	6.661248071253202e-06	255-122-4-2	255-70-122-242
6763	1.7487231679455812e-05	2.246490709511266e-06	255-24-215-202	255-70-122-242
6764	3.426143088049438e-05	1.826902460341861e-05	255-247-113-27	255-70-122-242
6765	3.35735033615569e-05	1.7418126786554544e-05	255-53-243-148	255-26-209-210
6766	3.684402875175026e-05	0.0457088821001775	255-70-122-242	255-70-122-242
6767	2.442917615278984e-05	0.0027846408831813	255-53-243-148	255-70-122-242
6768	7.427267793569899e-07	1.2363534759027626e-08	255-187-244-52	255-26-209-210
6769	5.652288778278364e-05	1.3451768384249335e-05	255-122-4-2	255-70-122-242
6770	2.23856722788014e-07	0.4541748643763676	255-53-243-148	255-70-122-242
6771	0.0006531931405027	2.440942145626048e-06	255-187-244-52	255-26-209-210
6772	4.317764911838696e-06	0.013850732053468	255-232-213-56	255-26-209-210
6773	0.0050379675119594	0.0073338939404122	255-187-244-52	255-70-122-242
6774	0.0003946143575596	0.000320131733394	255-24-215-202	255-70-122-242
6775	0.0013655965910209	0.8891191663677971	255-187-244-52	255-70-122-242
6776	0.0465074328947398	0.1604781242813509	255-128-254-83	255-70-122-242
6777	2.509455999294045e-16	1.0313023142081136e-16	255-24-215-202	255-122-4-2
6778	2.5003284657158037e-15	5.403791250975391e-13	255-24-215-202	255-70-122-242
6779	1.941570063777014e-06	2.243420507807995e-06	255-232-213-56	255-70-122-242
6780	1.6139472224015694e-16	2.3049145617660183e-16	255-180-27-1	255-70-122-242
6781	1.2419093514840917e-06	0.0172914963084577	255-70-122-242	255-254-152-44
6782	0.0015033965540946	0.0028693497791522	255-70-122-242	255-101-252-104
6783	0.0380241230315517	0.0015443685291753	255-232-213-56	255-70-122-242
6784	0.0012240614039726	0.0007229384018188	255-70-122-242	255-101-252-104
6785	0.0116552790097101	0.0163648212643679	255-232-213-56	255-26-209-210
6786	0.0004571170677805	0.0052843516857014	255-70-122-242	255-101-252-104
6787	3.656826934141572e-06	0.0179980076298302	255-53-243-148	255-122-4-2
6788	5.207979338536057e-13	1.5029409998037734e-12	255-24-215-202	255-122-4-2
6789	9.831296119948315e-12	5.6692481178739026e-11	255-24-215-202	255-122-4-2
6790	4.096034980903415e-16	8.904477209516614e-12	255-247-113-27	255-122-4-2
6791	0.0022595245969489	5.630369110145693e-05	255-128-254-83	255-101-252-104
6792	1.6430723779061118e-14	9.487763941523279e-11	255-24-215-202	255-122-4-2
6793	2.978903200511344e-09	2.368496786420543e-06	255-53-243-148	255-122-4-2
6795	2.1445166017017482e-11	3.0300695165132207e-11	255-24-215-202	255-122-4-2
6796	0.0006972586475029	9.990053314385428e-05	255-122-4-2	255-70-122-242
6797	2.9094485671665345e-15	1.83621303053756e-14	255-24-215-202	255-70-122-242
6798	4.234929331715771e-06	0.0007026623496805	255-53-243-148	255-122-4-2
6799	1.6419965962777297e-15	1.9915571233088462e-14	255-24-215-202	255-101-252-104
6800	8.44824785552926e-12	8.312549963004315e-08	255-70-122-242	255-26-209-210
6801	8.593872366173794e-08	0.0013003405931795	255-53-243-148	255-122-4-2
6802	1.5142169287488526e-16	4.266458100492323e-09	255-24-215-202	255-122-4-2
6803	1.1415832579068708e-13	1.3331905213886246e-07	255-24-215-202	255-122-4-2
6804	7.218449383598972e-16	9.428120059513641e-14	255-70-122-242	255-212-231-53
6805	5.875440865164472e-18	1.9143533582161355e-14	255-24-215-202	255-212-231-53
6806	2.9581161265384477e-09	6.238575416386724e-09	255-24-215-202	255-101-252-104
6807	1.4721841359070614e-14	2.8224021682443125e-14	255-24-215-202	255-101-252-104
6808	6.679334843636263e-10	7.516122007532576e-10	255-24-215-202	255-101-252-104
6809	2.0784013336633208e-10	2.0014040772576869e-10	255-24-215-202	255-122-4-2
6810	8.751593804112785e-07	6.308335615763918e-07	255-24-215-202	255-101-252-104
6811	0.0014684705133492	0.0001185051113443	255-128-254-83	255-70-122-242
6812	9.078597159801937e-08	7.0100317207447e-08	255-24-215-202	255-101-252-104
6813	0.0002719325635232	0.0197880002065045	255-128-254-83	255-26-209-210
6814	6.577432132419255e-05	2.9998990903876062e-05	255-24-215-202	255-101-252-104
6815	0.0590915160420334	0.0097236169446572	255-53-243-148	255-254-152-44
6816	2.06412922749746e-11	5.427898867446539e-07	255-70-122-242	255-122-4-2
6817	1.7823333056313548e-12	1.8666330828958265e-06	255-24-215-202	255-122-4-2
6818	6.295305884388473e-20	1.04773379936192e-12	255-70-122-242	255-212-231-53
6819	6.312182523929431e-17	1.1951538968512978e-14	255-70-122-242	255-101-252-104
6820	5.59613360305262e-16	2.5996842863477853e-13	255-24-215-202	255-212-231-53
6821	5.1128129221823744e-14	1.6189829861715632e-11	255-70-122-242	255-122-4-2
6822	1.5700913922959214e-11	1.432918471476842e-09	255-70-122-242	255-212-231-53
6823	6.016811180262397e-16	7.756948848377432e-14	255-70-122-242	255-122-4-2
6824	4.692853813681587e-21	3.6735076286479035e-17	255-70-122-242	255-212-231-53
6825	6.2040473187081924e-18	5.5499941352097257e-17	255-70-122-242	255-212-231-53
6826	5.137489457794756e-16	3.4733211753219755e-15	255-24-215-202	255-101-252-104
6827	3.8302039949988434e-15	1.871455721654312e-14	255-24-215-202	255-122-4-2
6828	1.3974403686571546e-18	2.9441746816593244e-16	255-70-122-242	255-212-231-53
6829	2.358643789066632e-18	2.1439124978655823e-14	255-24-215-202	255-212-231-53
6830	1.332570476847046e-13	1.7415583140098124e-12	255-24-215-202	255-122-4-2
6831	1.5592380670103873e-21	1.0264528156806717e-17	255-70-122-242	255-212-231-53
6832	1.3782661594056661e-12	5.080002889533863e-12	255-24-215-202	255-122-4-2
6833	1.6752208577611693e-19	1.4262313726054388e-15	255-24-215-202	255-212-231-53
6834	1.6058583355755506e-16	2.7549778592716424e-15	255-24-215-202	255-122-4-2
6835	1.3504481199115642e-10	7.146156264635637e-10	255-128-254-83	255-101-252-104
6836	1.358819415438919e-16	8.904698731260194e-15	255-70-122-242	255-122-4-2
6837	2.2755729211512183e-14	1.0928920459766565e-12	255-24-215-202	255-122-4-2
6838	3.2014581926480862e-06	9.576967575273093e-07	255-53-243-148	255-101-252-104
6839	0.0025388925876145	0.000104299424957	255-122-4-2	255-101-252-104
6840	5.739142424035502e-10	5.083799630303991e-10	255-128-254-83	255-101-252-104
6841	2.749251018778355e-09	4.756479663432816e-10	255-128-254-83	255-101-252-104
6842	1.8957506273921596e-14	4.211354971122449e-13	255-128-254-83	255-122-4-2
6843	0.0024524620857842	7.660159989932242e-05	255-24-215-202	255-70-122-242
6844	1.4829133088755906e-13	1.9274639357130376e-12	255-128-254-83	255-122-4-2
6845	4.70204686578847e-14	1.345091164348205e-12	255-24-215-202	255-122-4-2
6846	9.12896192215192e-12	3.686262127258199e-11	255-128-254-83	255-122-4-2
6847	7.128845126248608e-14	1.5134790887425705e-12	255-24-215-202	255-122-4-2
6849	2.3317760674126573e-12	1.1269454491489115e-10	255-70-122-242	255-101-252-104
6850	6.948835737720873e-06	1.0777930776187877e-06	255-24-215-202	255-101-252-104
6851	3.000571072996093e-13	9.99633041635012e-13	255-53-243-148	255-122-4-2
6852	4.6748874289161146e-14	1.5192515928487002e-12	255-70-122-242	255-101-252-104
6853	2.0943459541278512e-14	3.779571144571644e-12	255-70-122-242	255-122-4-2
6854	1.2143487011336968e-16	3.313745761045824e-13	255-70-122-242	255-101-252-104
6855	2.2361503791304115e-07	7.134533358905147e-05	255-24-215-202	255-26-209-210
6856	2.922699237320377e-06	0.0023432285327429	255-70-122-242	255-70-122-242
6857	3.884377812680493e-05	0.1170923907399644	255-232-213-56	255-26-209-210
6858	0.0019939328232988	0.2490767474943868	255-232-213-56	255-70-122-242
6859	6.646224636657496e-05	0.4724886685986382	255-128-254-83	255-70-122-242
6860	1.3212224637080522e-19	3.425196043736904e-16	255-24-215-202	255-212-231-53
6861	4.200863748188851e-17	8.824864051284008e-17	255-53-243-148	255-122-4-2
6862	8.96784774953366e-10	5.1576652244636836e-09	255-53-243-148	255-101-252-104
6863	6.33175950447035e-16	7.881984732263804e-16	255-24-215-202	255-122-4-2
6864	5.518360201865767e-20	1.151254068907432e-17	255-24-215-202	255-122-4-2
6865	1.668890012868501e-14	9.08749584811016e-15	255-53-243-148	255-122-4-2
6866	6.878592309138288e-14	1.897623725959344e-12	255-24-215-202	255-122-4-2
6867	1.4511066078043216e-11	1.1819816614540888e-12	255-53-243-148	255-122-4-2
6868	1.609264593921128e-15	5.6338300661191934e-14	255-24-215-202	255-101-252-104
6869	3.8077354666030804e-14	2.5980907472758397e-12	255-24-215-202	255-122-4-2
6870	1.8614871501545968e-10	1.3515317256473095e-10	255-53-243-148	255-101-252-104
6871	2.029728524394626e-09	2.00059644696507e-09	255-53-243-148	255-101-252-104
6872	7.339704285608897e-11	8.373956121283901e-11	255-128-254-83	255-101-252-104
6873	0.0017161550836407	0.0029128069191385	255-70-122-242	255-101-252-104
6874	2.479241851447044e-10	4.079465798622639e-11	255-128-254-83	255-101-252-104
6875	1.9938578878041594e-06	3.14972040741296e-06	255-70-122-242	255-212-231-53
6876	4.0383425131843374e-12	3.0029732478257276e-11	255-24-215-202	255-122-4-2
6877	1.6475630548857907e-09	1.0159056777775833e-08	255-53-243-148	255-101-252-104
6878	2.061131562225293e-12	2.7906526790887978e-11	255-24-215-202	255-101-252-104
6879	0.0561994429985258	0.0016330397016073	255-232-213-56	255-70-122-242
6880	5.643238081913993e-09	3.0600741264152853e-08	255-24-215-202	255-101-252-104
6881	2.8692974145079805e-13	3.3552777344706826e-12	255-24-215-202	255-122-4-2
6882	1.5053022071722349e-05	1.628666743541703e-05	255-122-4-2	255-70-122-242
6883	4.671040876873625e-07	1.3392721601146032e-07	255-128-254-83	255-101-252-104
6884	5.29655969336934e-06	3.875272806250661e-07	255-24-215-202	255-70-122-242
6885	0.0024588952885653	8.32557267401832e-05	255-128-254-83	255-101-252-104
6886	0.0086912794874198	0.0001024774685395	255-232-213-56	255-70-122-242
6887	0.0296931236724581	0.0363953461022592	255-128-254-83	255-122-4-2
6888	0.0002753206543365	0.0027737526589164	255-24-215-202	255-122-4-2
6889	0.0994185146571519	0.0003483265904129	255-122-4-2	255-70-122-242
6890	0.0211545497514299	0.001549648940516	255-53-243-148	255-101-252-104
6891	5.543666807646843e-05	0.0005045748883286	255-70-122-242	255-101-252-104
6892	0.001665388671417	0.0001402249756831	255-24-215-202	255-254-152-44
6893	9.451009573441566e-05	1.524687440625147e-05	255-24-215-202	255-122-4-2
6894	0.0021911485826166	3.757476606715247e-07	255-51-172-246	255-70-122-242
6895	7.642236231138667e-06	1.3644698358279588e-06	255-122-4-2	255-70-122-242
6896	5.211928689522146e-08	1.2030351509375171e-08	255-24-215-202	255-122-4-2
6897	7.590738943383657e-09	1.1127650116886034e-09	255-24-215-202	255-101-252-104
6898	9.496548020248743e-08	0.0001296882828532	255-24-215-202	255-122-4-2
6899	0.004185565056321	0.0076450319446346	255-128-254-83	255-254-152-44
6900	0.0023781983345429	0.0018069944203648	255-24-215-202	255-254-152-44
6901	2.280811865990677e-06	2.25578010845128e-06	255-24-215-202	255-101-252-104
6902	2.360661482766333e-05	6.209205551284268e-06	255-24-215-202	255-122-4-2
6903	0.0159394336043602	0.0023991178496023	255-122-4-2	255-101-252-104
6904	2.7618140129051544e-10	8.135176613652953e-11	255-24-215-202	255-101-252-104
6905	2.44097361000778e-07	2.462275783772689e-08	255-24-215-202	255-70-122-242
6906	1.7444962252092044e-05	8.549916667205895e-07	255-53-243-148	255-101-252-104
6907	0.0004532205125032	8.417818415554076e-06	255-53-243-148	255-101-252-104
6908	0.0013878039089935	5.064724668087577e-05	255-24-215-202	255-70-122-242
6909	1.1564338370105442e-06	5.07231102218763e-07	255-53-243-148	255-101-252-104
6910	1.1955430512117802e-07	7.695771557560913e-08	255-122-4-2	255-122-4-2
6911	3.6198372200796406e-11	1.3327439385950028e-10	255-187-244-52	255-122-4-2
6912	2.5879390826188388e-14	1.3575329601652293e-12	255-70-122-242	255-101-252-104
6913	2.0110483384830118e-11	1.2921782712704896e-10	255-70-122-242	255-101-252-104
6914	1.1485845827792565e-07	4.937235014727069e-08	255-53-243-148	255-101-252-104
6915	9.999844668714322e-12	1.2116363111161123e-10	255-70-122-242	255-122-4-2
6916	9.12896192215192e-12	3.686262127258199e-11	255-128-254-83	255-122-4-2
6917	1.2046749180398828e-10	5.147982664712609e-09	255-70-122-242	255-101-252-104
6918	6.273056327442352e-11	6.109621974837284e-11	255-128-254-83	255-26-209-210
6919	1.5202624525234166e-13	3.699886334626486e-13	255-128-254-83	255-122-4-2
6920	8.98318587986931e-11	8.220574248121619e-11	255-128-254-83	255-122-4-2
6921	6.160917328348872e-16	1.9094358505613372e-14	255-24-215-202	255-26-209-210
6922	1.793580421087162e-05	6.518669481804187e-06	255-128-254-83	255-101-252-104
6923	1.1385096104831462e-10	8.612927584032634e-11	255-53-243-148	255-101-252-104
6924	1.1385096104831462e-10	8.612927584032634e-11	255-53-243-148	255-101-252-104
6925	1.3428033957396005e-13	2.2468964927768917e-12	255-128-254-83	255-26-209-210
6926	0.0001657720390377	4.899284862464082e-05	255-53-243-148	255-101-252-104
6927	6.750265610727972e-06	2.301905631309504e-06	255-128-254-83	255-101-252-104
6928	3.1204247068607403e-09	3.0814652640384175e-08	255-70-122-242	255-70-122-242
6929	0.0070703059656095	0.033797827078474	255-128-254-83	255-122-4-2
6930	0.0246730198298228	0.002611542032401	255-128-254-83	255-101-252-104
6931	9.956448139164118e-07	3.945550825047359e-07	255-187-244-52	255-122-4-2
6932	0.0007190342866484	0.0109866448432774	255-53-243-148	255-122-4-2
6933	0.003771170972536	0.0332863293222887	255-232-213-56	255-70-122-242
6934	0.0159266091538009	0.2256575888794997	255-232-213-56	255-122-4-2
6935	0.1083074957749355	0.3040392822462485	255-232-213-56	255-70-122-242
6936	0.059046508565835	0.0133661266983769	255-128-254-83	255-70-122-242
6937	4.4100138321433276e-08	8.149094202049137e-06	255-247-113-27	255-122-4-2
6938	0.0020337209305801	0.6934031885107932	255-232-213-56	255-70-122-242
6939	1.517203135389742e-05	0.0210093131114508	255-247-113-27	255-26-209-210
6940	5.904981736466821e-09	1.4111509641659998e-06	255-24-215-202	255-122-4-2
6941	0.0002934070874818	0.0037704155210668	255-247-113-27	255-70-122-242
6942	3.551636987621132e-09	6.32372952397052e-08	255-24-215-202	255-122-4-2
6943	7.855628571840217e-07	0.0013065420965504	255-187-244-52	255-26-209-210
6944	2.0897105132540522e-09	2.5682918373246927e-06	255-24-215-202	255-122-4-2
6945	6.350502106148855e-09	2.6100467187132384e-06	255-247-113-27	255-26-209-210
6946	3.7148262383538583e-06	2.7472668880953917e-06	255-232-213-56	255-26-209-210
6947	9.679747744734708e-10	1.1626500399328566e-10	255-51-172-246	255-26-209-210
6948	8.5831101335398e-09	4.0729607460645757e-10	255-51-172-246	255-26-209-210
6949	1.984756722974505e-05	0.0001466089362269	255-247-113-27	255-26-209-210
6950	5.337573779604329e-13	3.3730838675699765e-11	255-24-215-202	255-26-209-210
6951	8.314638079557674e-13	5.34537967314361e-10	255-24-215-202	255-26-209-210
6952	1.192429256382507e-05	2.7514145124608106e-08	255-247-113-27	255-26-209-210
6953	2.673510906746619e-14	2.5769726635554013e-12	255-24-215-202	255-26-209-210
6954	0.0002782853623273	5.752995680506272e-07	255-53-243-148	255-70-122-242
6955	1.795452163997358e-08	9.84924764126556e-08	255-24-215-202	255-70-122-242
6956	3.411044431253182e-09	1.7313491134888232e-08	255-247-113-27	255-26-209-210
6957	1.7579709622018781e-12	7.021890893504191e-13	255-24-215-202	255-26-209-210
6958	4.349304603940602e-05	1.173679952250519e-05	255-51-172-246	255-70-122-242
6959	1.0135007694366004e-06	1.967408134729343e-06	255-24-215-202	255-26-209-210
6960	2.8900689951996727e-06	4.445678684287892e-07	255-70-122-242	255-70-122-242
6961	5.622137763192706e-13	3.376565549930716e-13	255-24-215-202	255-70-122-242
6962	2.4958641394324616e-16	2.5955274429494753e-16	255-24-215-202	255-122-4-2
6963	1.6551704274778193e-13	3.271905818706957e-14	255-180-27-1	255-101-252-104
6964	2.5603403604354965e-11	2.4359015340007486e-10	255-24-215-202	255-70-122-242
6965	4.503917025860612e-11	1.240094937873416e-09	255-70-122-242	255-101-252-104
6966	0.0048772225710159	0.0020807227089698	255-128-254-83	255-254-152-44
6967	0.0051238446941783	0.049015425832313	255-232-213-56	255-70-122-242
6968	0.0008112137944306	0.0469213127955266	255-232-213-56	255-26-209-210
6969	1.2710524398995707e-06	1.4765910921141948e-05	255-24-215-202	255-122-4-2
6970	0.0007754869966043	0.0112987080011788	255-180-27-1	255-101-252-104
6971	7.456505806932253e-05	0.0052178468184751	255-70-122-242	255-101-252-104
6972	0.0160419241807274	0.0008114777142269	255-122-4-2	255-101-252-104
6973	4.0769082724300237e-07	1.6662203060594688e-08	255-122-4-2	255-101-252-104
6974	1.0578968869917577e-08	5.8218255452940927e-08	255-24-215-202	255-122-4-2
6975	0.0031293474138247	0.0002058544350846	255-70-122-242	255-70-122-242
6976	0.0004708742705084	0.0019655022157178	255-128-254-83	255-122-4-2
6977	1.576576074114205e-12	5.329140947728416e-13	255-24-215-202	255-101-252-104
6978	1.4811898270826874e-09	3.888406538183339e-09	255-24-215-202	255-26-209-210
6979	8.792429055439062e-07	3.926153230355805e-08	255-187-244-52	255-26-209-210
6980	5.040042782836644e-10	3.4910417595603224e-10	255-24-215-202	255-122-4-2
6981	4.379100710369231e-18	1.311964410142478e-15	255-24-215-202	255-26-209-210
6982	0.0001199642053901	2.622578459251108e-07	255-187-244-52	255-26-209-210
6983	0.0001729214036402	0.004915856604824	255-24-215-202	255-122-4-2
6984	1.3782195246281578e-06	6.763964703931468e-08	255-187-244-52	255-26-209-210
6985	2.1067374518513816e-10	3.533764769678342e-10	255-51-172-246	255-26-209-210
6986	0.0015701667277091	0.0003196841420652	255-24-215-202	255-70-122-242
6987	1.56370831372051e-06	0.0001217943578316	255-247-113-27	255-26-209-210
6988	2.386639999113975e-05	2.1033784069611133e-06	255-24-215-202	255-70-122-242
6989	0.0061292131100786	0.0004132761277057	255-53-243-148	255-70-122-242
6990	5.7411370801797294e-08	4.101615343787758e-06	255-247-113-27	255-70-122-242
6991	2.996329044790457e-07	7.987626591843625e-08	255-24-215-202	255-70-122-242
6992	1.77352968102988e-05	1.0296771786938701e-07	255-53-243-148	255-101-252-104
6993	4.081671469482928e-08	4.461515037971531e-09	255-24-215-202	255-70-122-242
6994	2.55829707439625e-07	0.0026721866848747	255-232-213-56	255-70-122-242
6995	2.1127893999803794e-07	9.96360788111282e-09	255-24-215-202	255-70-122-242
6996	1.7785548210229463e-05	0.0007244877653778	255-53-243-148	255-70-122-242
6997	0.000950296691987	0.0583610977274433	255-24-215-202	255-70-122-242
6998	0.0001333461716393	2.1016808416837623e-05	255-24-215-202	255-70-122-242
6999	0.0019907248448542	0.0563846326464257	255-128-254-83	255-70-122-242
7000	8.415300379453708e-15	1.8263922061312747e-13	255-24-215-202	255-70-122-242
7001	4.2936815043541824e-11	7.703561536641615e-05	255-24-215-202	255-70-122-242
7002	1.2559325428155343e-16	5.126894017884928e-15	255-24-215-202	255-70-122-242
7003	0.000234699577312	1.7965008587206885e-06	255-187-244-52	255-26-209-210
7004	7.135296760279833e-09	3.3566060397116584e-08	255-24-215-202	255-70-122-242
7005	6.975728507841466e-16	5.4136349398686235e-14	255-180-27-1	255-70-122-242
7006	1.0366217024413329e-08	2.112680255324764e-08	255-180-27-1	255-70-122-242
7007	2.6701948720660684e-08	2.305330088366198e-08	255-24-215-202	255-70-122-242
7008	2.312333946587238e-09	2.0874679931871078e-07	255-24-215-202	255-254-152-44
7009	2.1039979650042208e-11	6.720622226307338e-10	255-180-27-1	255-70-122-242
7010	4.1057926098030336e-19	2.145555969197567e-17	255-24-215-202	255-70-122-242
7011	1.756586846526514e-08	0.0190458099038977	255-70-122-242	255-254-152-44
7012	2.427778891750693e-05	0.1053269395632698	255-232-213-56	255-26-209-210
7013	0.0001805597094449	0.0011873543152049	255-70-122-242	255-101-252-104
7014	0.0001318011432494	0.0696985811300285	255-128-254-83	255-26-209-210
7015	2.6892050344855257e-05	0.690735741107817	255-128-254-83	255-70-122-242
7016	0.0004323633978895	0.0124718141813601	255-128-254-83	255-70-122-242
7017	2.2566665653981763e-06	0.0015081053395582	255-53-243-148	255-254-152-44
7018	3.039208650972744e-05	1.9051098892776693e-05	255-53-243-148	255-122-4-2
7019	0.0068073391125498	0.003422834499644	255-128-254-83	255-26-209-210
7020	4.837591077464535e-11	2.5115880711767064e-11	255-24-215-202	255-122-4-2
7021	2.6250737324655318e-17	9.789767935655468e-17	255-24-215-202	255-122-4-2
7022	2.6122919677422894e-08	0.7461101602832361	255-232-213-56	255-122-4-2
7023	4.6509058702651454e-20	7.106178336982788e-20	255-24-215-202	255-122-4-2
7024	1.7801526031920266e-17	1.2485411251649977e-17	255-24-215-202	255-70-122-242
7025	3.557470117982083e-16	6.4712199567995825e-16	255-24-215-202	255-70-122-242
7026	0.0002720759648424	0.0041807213045572	255-128-254-83	255-122-4-2
7027	6.1794507092116e-13	3.5123111176380016e-11	255-24-215-202	255-70-122-242
7028	2.0596397501183307e-07	0.082535544213015	255-232-213-56	255-254-152-44
7029	8.390032128841084e-13	1.88210244117824e-12	255-24-215-202	255-70-122-242
7030	2.9608992950846533e-12	0.0019461919203194	255-24-215-202	255-122-4-2
7031	2.5673339762882426e-17	1.2173821700821684e-17	255-24-215-202	255-212-231-53
7032	2.632395305532747e-10	0.0023546643984865	255-128-254-83	255-122-4-2
7033	2.7203174572126256e-12	1.6107085764327892e-12	255-24-215-202	255-101-252-104
7034	3.547922243192838e-09	1.5798132893638242e-09	255-24-215-202	255-212-231-53
7035	1.1877067129623698e-11	2.6307559524503892e-14	255-24-215-202	255-101-252-104
7036	8.351944575722092e-11	9.75426634163733e-10	255-24-215-202	255-101-252-104
7037	3.529240206807637e-09	1.811090623813733e-09	255-24-215-202	255-101-252-104
7038	2.273858704110231e-14	4.480528028071872e-14	255-24-215-202	255-101-252-104
7039	5.21345661376352e-11	1.4866015811475286e-11	255-24-215-202	255-122-4-2
7040	0.0104606477733734	5.319457268367312e-05	255-128-254-83	255-101-252-104
7041	9.39376717955919e-10	5.456351214523749e-10	255-24-215-202	255-101-252-104
7042	0.0001131910748511	4.396107709847072e-05	255-24-215-202	255-101-252-104
7043	0.000193679763403	7.343877136631923e-06	255-53-243-148	255-101-252-104
7044	3.5457831570171795e-05	0.023538850862891	255-232-213-56	255-26-209-210
7045	0.0015476267970447	4.751472284549742e-05	255-128-254-83	255-70-122-242
7046	9.413174614998512e-05	0.0001431240574476	255-232-213-56	255-26-209-210
7047	0.004655879493828	0.0007719584440808	255-24-215-202	255-254-152-44
7048	6.344319072304008e-20	8.808523302867076e-20	255-24-215-202	255-122-4-2
7049	3.0979370589046153e-19	2.394092068230114e-18	255-24-215-202	255-101-252-104
7050	4.461042138238916e-23	1.870566486830135e-12	255-24-215-202	255-212-231-53
7051	7.858763237277516e-19	2.095324314677783e-16	255-70-122-242	255-212-231-53
7052	8.530901978510335e-18	3.210887977582534e-16	255-70-122-242	255-101-252-104
7053	5.6590327111991394e-18	6.573361695166502e-17	255-24-215-202	255-101-252-104
7054	3.832418461517547e-15	1.5016183526014504e-12	255-70-122-242	255-101-252-104
7055	2.759960965225892e-17	1.6612920239644773e-15	255-24-215-202	255-212-231-53
7056	3.145809878567003e-18	4.9357417699877043e-14	255-70-122-242	255-212-231-53
7057	6.326830720772454e-13	7.377668290647921e-14	255-24-215-202	255-70-122-242
7058	8.814039248894476e-17	1.7617872621953303e-16	255-70-122-242	255-101-252-104
7059	1.6825261621092078e-18	1.2553345436358934e-17	255-24-215-202	255-101-252-104
7060	7.894362244699019e-24	8.30831575526208e-22	255-24-215-202	255-101-252-104
7061	1.4619574006212941e-22	8.892320661714339e-22	255-24-215-202	255-101-252-104
7062	3.5782048126718355e-17	2.623393671829862e-16	255-24-215-202	255-101-252-104
7063	1.4747406071412501e-19	9.158505643113896e-20	255-24-215-202	255-101-252-104
7064	1.5904743112302297e-17	2.1109547309379162e-17	255-24-215-202	255-122-4-2
7065	3.564374805812524e-25	6.09409170358015e-23	255-24-215-202	255-26-209-210
7066	1.0945154271681072e-20	1.9017866586172168e-19	255-24-215-202	255-101-252-104
7067	4.7565208785427866e-11	3.9017030288994846e-11	255-24-215-202	255-101-252-104
7068	1.4735694095426542e-16	1.0350135848527442e-14	255-24-215-202	255-122-4-2
7069	7.537685066993493e-24	6.901683293816722e-23	255-24-215-202	255-122-4-2
7070	3.446424499389379e-21	9.712928883735523e-16	255-24-215-202	255-212-231-53
7071	8.970324392971193e-14	2.75402952891547e-13	255-24-215-202	255-101-252-104
7072	3.2534553290512294e-15	2.756944869858524e-14	255-24-215-202	255-122-4-2
7073	1.4574246074042575e-08	2.0930182458252262e-09	255-24-215-202	255-101-252-104
7074	1.019208401612989e-06	6.090719811607815e-07	255-24-215-202	255-101-252-104
7075	2.44465505887836e-13	1.5149783266215586e-13	255-24-215-202	255-101-252-104
7076	0.0001058289597605	3.127706117236201e-05	255-53-243-148	255-101-252-104
7077	6.503831379929437e-13	1.7221972890129137e-12	255-70-122-242	255-101-252-104
7078	2.07563989803083e-12	1.882849253844613e-11	255-70-122-242	255-101-252-104
7079	2.778632382627216e-11	2.3447162440213347e-11	255-53-243-148	255-122-4-2
7080	2.435315313576804e-16	1.2325278933978037e-13	255-70-122-242	255-101-252-104
7081	4.343154131263541e-06	0.0002446844573315	255-70-122-242	255-101-252-104
7082	3.1747421037431217e-15	6.39014014681732e-14	255-70-122-242	255-101-252-104
7083	8.752055866339816e-17	3.256993447942673e-15	255-53-243-148	255-122-4-2
7084	1.6622316557882786e-16	1.0431207225733466e-14	255-24-215-202	255-122-4-2
7085	2.512920851851828e-05	1.5273984814456896e-05	255-70-122-242	255-212-231-53
7086	8.286248699861678e-09	1.3396703784150417e-06	255-70-122-242	255-101-252-104
7087	8.209121032389134e-16	1.1780915610729198e-13	255-70-122-242	255-122-4-2
7088	3.324651372289394e-18	7.38942360741781e-16	255-70-122-242	255-101-252-104
7089	2.044439715961886e-12	4.3199451426732775e-10	255-70-122-242	255-101-252-104
7090	2.628499999657843e-13	6.492557987140609e-11	255-70-122-242	255-101-252-104
7091	6.301196966638311e-18	1.8187090421086016e-15	255-70-122-242	255-101-252-104
7092	1.142630233066343e-19	5.0279987392629304e-17	255-70-122-242	255-101-252-104
7093	4.346880556591187e-06	0.6452812241744467	255-128-254-83	255-217-56-6
7094	1.3328945199126886e-10	3.863846214205033e-09	255-24-215-202	255-212-231-53
7095	3.760558295438117e-09	0.0096264690380002	255-24-215-202	255-122-4-2
7096	1.1455974550730201e-15	2.308598665127627e-13	255-70-122-242	255-212-231-53
7097	5.323374549675999e-17	2.5975056225069355e-15	255-70-122-242	255-122-4-2
7098	2.4722243844289924e-14	4.3739881607516886e-14	255-24-215-202	255-122-4-2
7099	7.162688922150748e-12	1.5120982771904163e-10	255-24-215-202	255-122-4-2
7100	2.211192585096762e-15	2.6886739076282213e-16	255-24-215-202	255-122-4-2
7101	1.1994883473112832e-12	2.2383108669538102e-14	255-24-215-202	255-122-4-2
7102	9.317038511377479e-16	6.336429908784758e-17	255-24-215-202	255-122-4-2
7103	7.415594466669778e-11	6.130005916824061e-11	255-53-243-148	255-101-252-104
7104	8.610662512254503e-15	1.529227122431643e-13	255-24-215-202	255-122-4-2
7105	4.627012481851744e-14	6.7570339851373e-13	255-24-215-202	255-122-4-2
7106	7.757127404739236e-22	1.6140456226818157e-20	255-24-215-202	255-101-252-104
7107	1.7264451619454774e-14	4.682628516885176e-13	255-24-215-202	255-101-252-104
7108	6.979261968574079e-07	1.5424340326947807e-06	255-24-215-202	255-101-252-104
7109	1.4039217464068229e-12	1.6785811573599982e-12	255-24-215-202	255-122-4-2
7110	2.6197669923404936e-08	3.101093561604197e-09	255-70-122-242	255-101-252-104
7111	0.0037608851998318	4.254543587555693e-05	255-128-254-83	255-101-252-104
7112	5.459773975156196e-05	0.000223506821542	255-70-122-242	255-212-231-53
7113	2.393651393651181e-09	3.367959468773131e-08	255-70-122-242	255-101-252-104
7114	3.996869361010053e-09	6.0744082262978275e-09	255-128-254-83	255-101-252-104
7115	0.0002526570189544	2.5248462162109655e-05	255-128-254-83	255-101-252-104
7116	9.37861082693429e-13	4.168234940749451e-12	255-24-215-202	255-122-4-2
7117	0.0004302516384085	0.0008756200724524	255-128-254-83	255-70-122-242
7118	0.0001381763887913	4.0837133565148784e-05	255-53-243-148	255-101-252-104
7119	3.218266076469394e-06	3.611443832598062e-07	255-53-243-148	255-101-252-104
7120	0.0013471228557845	8.598109719935767e-05	255-128-254-83	255-101-252-104
7121	0.267145284013451	0.0020582590045377	255-128-254-83	255-101-252-104
7122	1.6282763374858008e-07	1.1342259434525691e-08	255-24-215-202	255-122-4-2
7123	0.0264335352201606	7.3611273896293e-06	255-51-172-246	255-70-122-242
7124	0.1861793848761211	3.264484657131864e-05	255-51-172-246	255-70-122-242
7125	2.852213724720622e-09	7.964690487511275e-10	255-24-215-202	255-122-4-2
7126	1.910300056484956e-10	3.38612707693079e-13	255-24-215-202	255-122-4-2
7127	1.2191434169387554e-08	2.8988992524375545e-08	255-24-215-202	255-122-4-2
7128	0.0014179707604492	0.8111804646671084	255-232-213-56	255-70-122-242
7129	2.88920879601124e-06	0.0004132231930895	255-128-254-83	255-70-122-242
7130	1.0027967729372532e-05	0.0328845583302743	255-128-254-83	255-254-152-44
7131	0.0008273167247962	6.735652287975269e-05	255-128-254-83	255-101-252-104
7132	0.0003119502859475	5.4721880042523135e-05	255-128-254-83	255-101-252-104
7133	0.061081882080525	0.0020323413809684	255-247-113-27	255-101-252-104
7134	0.0010791577028006	8.919660989642487e-05	255-128-254-83	255-101-252-104
7135	0.0047800929671076	0.0028582206089	255-247-113-27	255-101-252-104
7136	0.2197744836201493	0.0013985888111946	255-128-254-83	255-254-152-44
7137	2.968448886192902e-05	5.4951765758851365e-05	255-128-254-83	255-101-252-104
7138	1.4093035311942893e-07	4.555315641758856e-08	255-24-215-202	255-101-252-104
7139	0.0006671111463182	8.959441688889082e-06	255-53-243-148	255-101-252-104
7140	0.0012718257109467	2.362205062575386e-05	255-53-243-148	255-101-252-104
7141	2.572489846691137e-10	2.4299535962820315e-11	255-53-243-148	255-70-122-242
7142	5.227162354245844e-11	2.9431418339264e-10	255-24-215-202	255-122-4-2
7143	4.55332737170973e-13	6.5791829211758656e-12	255-70-122-242	255-101-252-104
7144	6.13343564961166e-08	6.068013358227372e-09	255-53-243-148	255-101-252-104
7145	6.751171395401541e-15	2.3406896324013944e-12	255-70-122-242	255-101-252-104
7146	4.066812813639146e-15	5.945345428513791e-13	255-70-122-242	255-101-252-104
7147	2.8344668433403906e-12	3.9000870009838046e-11	255-70-122-242	255-122-4-2
7148	5.669787558460195e-12	2.087120942792668e-11	255-70-122-242	255-122-4-2
7149	1.107987679834971e-13	4.3164310396562744e-13	255-70-122-242	255-101-252-104
7150	4.5188806820058217e-10	1.4067086123784468e-07	255-70-122-242	255-101-252-104
7151	5.7230566125274077e-11	1.1368295080479354e-08	255-70-122-242	255-101-252-104
7152	2.587753212085808e-07	2.5265757017780303e-05	255-70-122-242	255-101-252-104
7153	2.5450682617606662e-09	4.1669849347051e-08	255-70-122-242	255-101-252-104
7154	4.5188806820058217e-10	1.4067086123784468e-07	255-70-122-242	255-101-252-104
7155	1.2988602088826436e-12	1.3490143121521044e-11	255-128-254-83	255-122-4-2
7156	5.188581522902552e-10	1.307543236567864e-09	255-128-254-83	255-101-252-104
7157	0.0002007642667901	1.2453086246120896e-05	255-128-254-83	255-101-252-104
7158	0.0379295550381286	0.0038567229222285	255-122-4-2	255-70-122-242
7159	1.2792308491925426e-05	4.9513865091376354e-05	255-70-122-242	255-212-231-53
7160	0.0002785697399098	0.000340502768925	255-128-254-83	255-101-252-104
7161	3.307113041822254e-05	7.263581849931823e-05	255-232-213-56	255-212-231-53
7162	0.0585971717158408	0.0005223844283878	255-128-254-83	255-70-122-242
7163	0.0287099538192028	0.0011065459581707	255-128-254-83	255-70-122-242
7164	0.0059588587542445	0.0390059782994675	255-232-213-56	255-70-122-242
7165	0.0005080551894947	0.4861998597671073	255-232-213-56	255-70-122-242
7166	0.0065897327443948	0.0147089878456119	255-128-254-83	255-122-4-2
7167	0.0001687600054419	0.2093190037566937	255-232-213-56	255-212-231-53
7168	2.915956368870404e-07	0.0004907822744783	255-232-213-56	255-70-122-242
7169	0.0297746270278661	0.5880171025937742	255-232-213-56	255-70-122-242
7170	9.586685203295908e-08	0.0003709338045559	255-232-213-56	255-212-231-53
7171	0.0374863487574296	0.0013975033329312	255-24-215-202	255-70-122-242
7172	1.14950012131047e-05	0.0085215296868026	255-232-213-56	255-122-4-2
7173	2.762142781435786e-09	1.867781142803885e-07	255-232-213-56	255-26-209-210
7174	1.3233665988529898e-06	6.866404668635378e-06	255-187-244-52	255-26-209-210
7175	0.0006434797769295	0.0031793107205781	255-232-213-56	255-254-152-44
7176	0.0008934084602037	3.484885820926157e-05	255-51-172-246	255-122-4-2
7177	4.057248769018313e-09	2.8105496977069134e-09	255-187-244-52	255-26-209-210
7178	8.697533630265903e-08	1.7040910288635312e-05	255-247-113-27	255-70-122-242
7179	3.632204549447242e-12	2.149434735626848e-11	255-70-122-242	255-70-122-242
7180	9.311715291435085e-08	3.643563427159415e-08	255-70-122-242	255-70-122-242
7181	1.5881868216671454e-11	8.329834740026118e-12	255-187-244-52	255-101-252-104
7182	0.0003359791271041	2.716023445515197e-08	255-51-172-246	255-70-122-242
7183	4.557710196503493e-08	1.1786511901417071e-08	255-24-215-202	255-70-122-242
7184	1.5477591457498325e-12	3.586600284151106e-11	255-70-122-242	255-70-122-242
7185	1.601478160456797e-08	1.3795490704624649e-08	255-70-122-242	255-101-252-104
7186	1.758417497202333e-11	1.0102345251525335e-09	255-24-215-202	255-70-122-242
7187	3.5946168550631486e-08	7.313952891502857e-08	255-24-215-202	255-26-209-210
7188	3.3981247140772644e-07	7.150946400380918e-08	255-24-215-202	255-101-252-104
7189	9.433115126273878e-13	3.7506864808870485e-13	255-24-215-202	255-70-122-242
7190	0.0745064391557516	0.0010943335288671	255-128-254-83	255-254-152-44
7191	2.0761926865431384e-15	3.1155403791503573e-13	255-70-122-242	255-101-252-104
7192	2.555039084403644e-06	8.356421450490383e-06	255-24-215-202	255-122-4-2
7194	4.9247271960592274e-17	5.627312420968376e-16	255-24-215-202	255-122-4-2
7195	0.0391474578263934	1.6419824360148296e-05	255-187-244-52	255-122-4-2
7196	5.276067005811909e-05	2.880864163213754e-06	255-51-172-246	255-122-4-2
7197	5.679889970964301e-10	9.862657824285328e-10	255-24-215-202	255-26-209-210
7198	3.6813283060236087e-06	1.9721159785724726e-06	255-70-122-242	255-101-252-104
7199	0.0092552711685414	4.547288532745608e-05	255-51-172-246	255-122-4-2
7200	4.100383131717314e-05	0.0002528569734312	255-187-244-52	255-26-209-210
7201	9.713902707728632e-10	6.510774627948886e-10	255-187-244-52	255-26-209-210
7202	1.9884973354852747e-09	5.288746242809074e-11	255-24-215-202	255-122-4-2
7203	3.7257002630314646e-08	3.004534902884254e-10	255-51-172-246	255-101-252-104
7204	6.811488594035895e-08	8.402977855893075e-07	255-24-215-202	255-70-122-242
7205	1.923991726121235e-06	5.125411063759485e-08	255-51-172-246	255-70-122-242
7206	3.0254683724766917e-11	6.039045373651508e-10	255-24-215-202	255-70-122-242
7207	1.2258855054676328e-08	4.783662907041465e-09	255-24-215-202	255-101-252-104
7208	1.4025109830465394e-07	3.652302279712667e-06	255-51-172-246	255-26-209-210
7209	0.0003557835699334	0.0007712663524538	255-232-213-56	255-212-231-53
7210	2.82108563939782e-08	1.5115009398102054e-08	255-70-122-242	255-212-231-53
7211	1.0531780196802013e-07	3.58090900822515e-08	255-24-215-202	255-101-252-104
7212	1.9959704205550362e-08	1.36275490725001e-08	255-180-27-1	255-70-122-242
7213	3.587742411198009e-06	1.6396376536192495e-06	255-128-254-83	255-70-122-242
7214	1.5196646567218446e-12	1.6538545399537195e-11	255-24-215-202	255-70-122-242
7215	1.9576621020781115e-10	5.803543524546614e-06	255-24-215-202	255-212-231-53
7216	1.472344887830562e-14	2.699738447660749e-09	255-24-215-202	255-70-122-242
7217	1.7638026015203705e-07	5.8170388354887904e-06	255-180-27-1	255-70-122-242
7218	1.6294212104431044e-16	1.504293631948055e-15	255-24-215-202	255-70-122-242
7219	5.4847324167785385e-06	0.0019253248289292	255-232-213-56	255-70-122-242
7220	4.680848664290177e-08	0.0001024030852042	255-24-215-202	255-70-122-242
7221	5.5644481090917794e-18	3.4364902620169764e-15	255-24-215-202	255-70-122-242
7222	2.608648927133531e-11	1.0877874024569947e-11	255-180-27-1	255-70-122-242
7223	1.8308237671562518e-09	1.805707763738376e-07	255-70-122-242	255-212-231-53
7224	6.558673246033613e-14	3.1758625411623393e-10	255-70-122-242	255-212-231-53
7225	3.664526318204472e-09	2.4703776351555263e-08	255-70-122-242	255-212-231-53
7226	1.0579575234077563e-10	1.7467495351023012e-06	255-232-213-56	255-70-122-242
7227	8.93808345764925e-08	0.0010533954932202	255-232-213-56	255-26-209-210
7228	5.712757806965088e-13	5.158103160035983e-12	255-24-215-202	255-70-122-242
7229	6.5214500337852725e-18	1.6877673804102068e-17	255-24-215-202	255-122-4-2
7231	2.711504505528047e-06	0.0065202363241204	255-232-213-56	255-254-152-44
7232	4.6166846937772986e-15	5.736212663610256e-15	255-24-215-202	255-122-4-2
7233	2.2792729621776243e-10	1.4701637716058194e-09	255-51-172-246	255-70-122-242
7234	1.876557726023679e-12	1.2852807778553974e-10	255-70-122-242	255-70-122-242
7235	9.160461013418518e-13	7.054231390128148e-12	255-70-122-242	255-26-209-210
7236	6.630245376537017e-20	3.657635529918487e-19	255-24-215-202	255-101-252-104
7237	6.876071455129047e-19	2.3261406576716084e-19	255-24-215-202	255-122-4-2
7238	9.260618349996143e-21	1.041286890302402e-18	255-24-215-202	255-101-252-104
7239	3.559553954817454e-17	1.810022478904568e-15	255-24-215-202	255-212-231-53
7240	1.6610861998289346e-16	3.881463629992053e-17	255-24-215-202	255-101-252-104
7241	1.198919762950169e-15	2.7375367791593514e-16	255-24-215-202	255-101-252-104
7242	2.3106775412163243e-11	5.0464834233550496e-11	255-128-254-83	255-101-252-104
7243	1.8647999792349203e-09	3.3619914993194364e-11	255-51-172-246	255-101-252-104
7244	5.809892794365412e-08	4.7984273127266e-08	255-53-243-148	255-101-252-104
7245	6.400280547206631e-11	7.106476510665786e-11	255-53-243-148	255-101-252-104
7246	0.0223110447463634	0.0001134563095059	255-128-254-83	255-101-252-104
7247	3.4828265609257584e-11	7.276898976157083e-11	255-24-215-202	255-101-252-104
7248	0.0282767645804553	0.0363829992129027	255-247-113-27	255-122-4-2
7249	3.132672713520148e-06	1.4494271480561552e-07	255-24-215-202	255-122-4-2
7250	5.3763049825627206e-06	0.2783192823894683	255-128-254-83	255-217-56-6
7251	4.473277617028017e-18	1.8420255111114161e-19	255-24-215-202	255-122-4-2
7252	1.0237174560986293e-18	2.260491450043549e-15	255-24-215-202	255-212-231-53
7253	2.0225590624098162e-19	1.5833036801270237e-18	255-24-215-202	255-101-252-104
7254	9.880907249837761e-19	5.726248513954245e-17	255-24-215-202	255-101-252-104
7255	1.4435652048754842e-17	4.837675754942423e-18	255-24-215-202	255-101-252-104
7256	1.4759823882756375e-19	8.999391969119464e-19	255-70-122-242	255-212-231-53
7257	1.1466470558243298e-18	9.661979360130481e-18	255-70-122-242	255-101-252-104
7258	1.5904739656658332e-22	1.023452319018698e-11	255-70-122-242	255-212-231-53
7259	2.642943851717783e-21	7.561630366826631e-20	255-70-122-242	255-101-252-104
7260	2.080192673980961e-23	1.3758926255953458e-22	255-24-215-202	255-101-252-104
7261	3.1330004473174793e-19	7.590719712150208e-19	255-24-215-202	255-101-252-104
7262	3.899418724743846e-25	5.912732179748625e-24	255-70-122-242	255-101-252-104
7263	1.254802410283791e-25	1.5668074007252356e-25	255-24-215-202	255-101-252-104
7264	1.667535820674038e-24	8.187821505155237e-24	255-24-215-202	255-122-4-2
7265	3.4634930639911105e-22	2.820407353529349e-21	255-24-215-202	255-101-252-104
7266	3.304025975528184e-21	1.7900900683140634e-20	255-24-215-202	255-101-252-104
7267	1.1629906160662472e-23	2.787122290258895e-23	255-24-215-202	255-101-252-104
7268	4.543511794276471e-19	2.4929053847706102e-17	255-70-122-242	255-101-252-104
7269	2.1294954619839e-18	1.6301449616499591e-16	255-24-215-202	255-101-252-104
7270	1.301662353752409e-19	1.0746114916648532e-19	255-24-215-202	255-101-252-104
7271	9.099581802224687e-21	2.5977088333748543e-20	255-24-215-202	255-122-4-2
7272	4.6969686999753e-22	1.6453041935793122e-20	255-24-215-202	255-212-231-53
7273	1.2316836655902792e-20	3.454777970036612e-18	255-24-215-202	255-101-252-104
7274	3.884959244685283e-22	1.6708983340267569e-22	255-24-215-202	255-122-4-2
7275	1.7993153913500598e-14	2.758123831884852e-15	255-24-215-202	255-101-252-104
7276	6.0114886460796294e-18	1.9339136436867802e-16	255-24-215-202	255-122-4-2
7277	1.182875676101763e-18	3.843744398547453e-17	255-24-215-202	255-122-4-2
7278	2.133031680324308e-13	2.2074678109156066e-13	255-24-215-202	255-101-252-104
7279	6.055027169511246e-13	2.125755107243395e-13	255-24-215-202	255-101-252-104
7280	3.300842121667591e-14	5.293053320160184e-14	255-24-215-202	255-101-252-104
7281	1.5757113491619074e-11	1.1278826401365659e-11	255-24-215-202	255-101-252-104
7282	3.5824243546139026e-11	8.774706393334593e-12	255-24-215-202	255-101-252-104
7284	4.010206998392839e-08	2.440131128354458e-09	255-128-254-83	255-101-252-104
7285	6.794571836356543e-13	5.540701209726863e-12	255-70-122-242	255-101-252-104
7286	1.6288106075986246e-10	1.4029639931996896e-07	255-70-122-242	255-101-252-104
7287	1.87802543658797e-09	0.001552468772546	255-24-215-202	255-212-231-53
7288	2.7862776086317443e-06	0.0006562253637363	255-24-215-202	255-217-56-6
7289	0.0001686430351475	0.1730017821351817	255-232-213-56	255-26-209-210
7290	0.1977709995601098	0.0004075349397338	255-128-254-83	255-70-122-242
7291	0.0021735611392552	0.0010083912062724	255-128-254-83	255-26-209-210
7292	3.773335116858423e-06	0.0559150353111786	255-128-254-83	255-26-209-210
7293	3.635752419373902e-16	2.1057353739640508e-17	255-24-215-202	255-101-252-104
7294	2.0494341854115236e-17	2.3686075800783078e-19	255-24-215-202	255-122-4-2
7295	3.0503713790667844e-17	1.2137804519039579e-15	255-24-215-202	255-122-4-2
7296	6.055027169511246e-13	2.125755107243395e-13	255-24-215-202	255-101-252-104
7297	8.685684624889847e-16	3.2312338985091574e-16	255-24-215-202	255-122-4-2
7298	3.6478459721927975e-14	5.618207191281742e-15	255-24-215-202	255-101-252-104
7299	3.5749885497671307e-11	4.2631862075504585e-12	255-24-215-202	255-122-4-2
7300	2.1502409071577397e-12	9.953469727138669e-14	255-51-172-246	255-101-252-104
7301	3.5749885497671307e-11	4.2631862075504585e-12	255-24-215-202	255-122-4-2
7302	6.376604511359032e-15	5.566499774992509e-14	255-24-215-202	255-101-252-104
7303	1.0770225717849889e-10	1.1814944940611878e-10	255-24-215-202	255-101-252-104
7304	3.467163901758899e-14	3.1608045852687403e-14	255-24-215-202	255-101-252-104
7305	3.798593382955772e-20	6.018939785617332e-20	255-24-215-202	255-122-4-2
7308	4.4784374665941084e-09	9.203010205187963e-07	255-70-122-242	255-101-252-104
7309	0.0103630028367902	0.0466493259846253	255-70-122-242	255-101-252-104
7310	0.0001025977098624	0.000559607834819	255-128-254-83	255-26-209-210
7311	9.504297331504331e-11	3.010561258710666e-11	255-24-215-202	255-122-4-2
7312	0.0342513530092995	0.0010736269344949	255-247-113-27	255-101-252-104
7313	5.65277981486599e-07	9.258556675996157e-08	255-24-215-202	255-122-4-2
7314	4.237788827440916e-09	6.628951972114003e-10	255-24-215-202	255-122-4-2
7315	2.6920233761143797e-11	3.490599873208296e-10	255-70-122-242	255-101-252-104
7316	7.732424265169204e-10	5.0726165565720895e-08	255-70-122-242	255-101-252-104
7317	4.763386496456672e-13	1.9543802180355387e-10	255-70-122-242	255-101-252-104
7318	2.8759900277859082e-08	4.818454675665501e-07	255-70-122-242	255-101-252-104
7319	1.3263752391884864e-05	0.0012435652334677	255-70-122-242	255-101-252-104
7320	0.0164400000349409	0.0005583747947308	255-128-254-83	255-101-252-104
7321	0.0238790501568687	0.0004743052990508	255-128-254-83	255-101-252-104
7322	3.674708382477791e-10	8.147913696900533e-07	255-24-215-202	255-217-56-6
7323	0.0120866635962038	0.0001912413935895	255-128-254-83	255-70-122-242
7324	4.573007767398932e-05	0.0475665438381768	255-70-122-242	255-212-231-53
7325	1.829069274143403e-07	0.99923173061653	255-24-215-202	255-70-122-242
7326	0.014461718181604	0.127857383224782	255-232-213-56	255-70-122-242
7327	0.0002023375248501	0.0023346921893858	255-232-213-56	255-70-122-242
7328	1.113884247983926e-05	0.1169328162404735	255-232-213-56	255-70-122-242
7329	3.418781355016123e-05	0.0032642116705578	255-232-213-56	255-70-122-242
7330	9.677220759239262e-05	0.0058258290278693	255-232-213-56	255-70-122-242
7331	6.888142939885344e-10	2.9652721198863283e-08	255-24-215-202	255-122-4-2
7332	5.418792562176157e-05	0.0097279025390396	255-70-122-242	255-254-152-44
7333	0.0002882859267885	0.0093146701063425	255-232-213-56	255-254-152-44
7334	2.828737120095425e-07	6.789816796272653e-08	255-70-122-242	255-70-122-242
7335	8.630249618690295e-15	3.585264568291979e-13	255-24-215-202	255-122-4-2
7336	4.35332422396826e-05	0.0001068531410898	255-70-122-242	255-212-231-53
7337	0.0002461590868734	6.817953140718009e-05	255-70-122-242	255-70-122-242
7338	3.0531822348034853e-20	2.0141520858198913e-18	255-24-215-202	255-122-4-2
7339	9.737816071367466e-12	2.1449294459528533e-08	255-24-215-202	255-212-231-53
7340	1.1348734527622564e-09	2.0126393255911732e-08	255-24-215-202	255-70-122-242
7341	6.649096896477156e-16	1.0942320193625117e-13	255-24-215-202	255-26-209-210
7343	2.563224762605144e-11	1.5006090053307476e-10	255-24-215-202	255-70-122-242
7344	3.132672713520148e-06	1.4494271480561552e-07	255-24-215-202	255-122-4-2
7345	0.0025005376625806	0.5851991761377681	255-128-254-83	255-217-56-6
7346	0.0003496867880144	0.0467237681207613	255-232-213-56	255-217-56-6
7347	5.219678343682709e-14	7.189335768199946e-14	255-24-215-202	255-122-4-2
7348	1.2046420858865402e-11	3.431862071797512e-12	255-24-215-202	255-122-4-2
7349	1.8944731449524608e-14	6.300894947812048e-12	255-24-215-202	255-70-122-242
7350	1.11225090135353e-15	2.6839205753360038e-14	255-24-215-202	255-122-4-2
7351	4.5311763724114714e-14	6.533958189262292e-12	255-24-215-202	255-212-231-53
7352	9.416420776619625e-16	7.846324462794494e-15	255-24-215-202	255-122-4-2
7353	1.5997062188879191e-09	9.35457508840311e-10	255-24-215-202	255-70-122-242
7354	0.0149878958110084	0.0009162318017557	255-70-122-242	255-212-231-53
7355	0.0042896566615137	0.1284380556086287	255-232-213-56	255-254-152-44
7356	9.392398665542029e-13	6.152357706725016e-12	255-24-215-202	255-70-122-242
7357	3.2378643985377486e-14	2.5168655875995415e-13	255-24-215-202	255-217-56-6
7358	2.1823761871258623e-11	2.0337097441445118e-11	255-24-215-202	255-217-56-6
7359	4.837821348143775e-13	1.0120441912280194e-12	255-24-215-202	255-217-56-6
7360	1.064566199133384e-05	0.0049693480993041	255-24-215-202	255-70-122-242
7361	8.175631875524823e-07	0.0001555577938494	255-70-122-242	255-70-122-242
7362	2.276208677846109e-15	6.91166678944049e-13	255-70-122-242	255-70-122-242
7363	1.3064889908575247e-11	3.769518197722465e-09	255-70-122-242	255-70-122-242
7364	1.302599865742825e-07	1.5921099166136882e-06	255-70-122-242	255-101-252-104
7365	1.2839998874004827e-06	4.022446386875919e-06	255-187-244-52	255-26-209-210
7366	0.0013543908354268	0.4904463994496148	255-128-254-83	255-217-56-6
7367	1.3752652866714615e-06	0.002669871458873	255-128-254-83	255-26-209-210
7368	0.0015152829467428	0.0041235659115607	255-128-254-83	255-70-122-242
7369	8.908458340005307e-05	0.1303049660853814	255-232-213-56	255-26-209-210
7371	4.05198961165073e-12	6.613744705878704e-12	255-24-215-202	255-70-122-242
7372	1.6408854130058783e-09	1.1565111457159764e-07	255-70-122-242	255-70-122-242
7373	1.202952802232341e-07	1.1488668500718592e-05	255-24-215-202	255-217-56-6
7374	1.111995018476168e-06	1.5956914369132286e-07	255-24-215-202	255-70-122-242
7375	6.412732572586672e-05	0.0003967819558424	255-128-254-83	255-254-152-44
7376	2.5905688916886627e-11	9.382083359936768e-07	255-247-113-27	255-122-4-2
7377	6.026583367279763e-08	0.0001948395417254	255-24-215-202	255-70-122-242
7378	1.427916731987799e-17	1.0108336477303538e-17	255-24-215-202	255-212-231-53
7379	3.761864141038248e-21	1.4866674440628541e-18	255-24-215-202	255-212-231-53
7380	2.4151342216899417e-24	9.479968372061592e-21	255-24-215-202	255-122-4-2
7381	9.037180107275834e-21	2.049546558333895e-19	255-24-215-202	255-212-231-53
7382	1.4772476525983818e-07	0.0002794971699157	255-232-213-56	255-217-56-6
7383	2.7697197030195094e-23	3.8434298714362653e-22	255-24-215-202	255-122-4-2
7384	3.189146000459785e-24	3.4618210979095035e-20	255-70-122-242	255-212-231-53
7385	4.79596016498893e-18	1.2148594242489996e-18	255-51-172-246	255-26-209-210
7386	5.579503966694954e-21	2.642751603785872e-21	255-24-215-202	255-26-209-210
7387	2.869002450709587e-11	5.256838672704692e-11	255-24-215-202	255-122-4-2
7388	3.0935940657009853e-16	1.0555738176530508e-14	255-128-254-83	255-122-4-2
7389	1.3179442107512785e-12	1.723147729011173e-11	255-24-215-202	255-122-4-2
7390	1.012888650561149e-13	6.447191179307206e-14	255-128-254-83	255-101-252-104
7391	3.965146176570699e-22	1.8052691440571525e-22	255-24-215-202	255-122-4-2
7392	3.895744574332243e-25	8.762060834902197e-25	255-24-215-202	255-122-4-2
7393	8.656916785743276e-16	6.829548205965382e-15	255-128-254-83	255-26-209-210
7394	4.391504970338274e-19	1.5705639910917538e-20	255-24-215-202	255-122-4-2
7395	1.9813743788255e-13	2.1552008930557857e-12	255-24-215-202	255-26-209-210
7396	5.1177501250928576e-20	2.7976346463039213e-18	255-24-215-202	255-122-4-2
7397	0.0007547407660497	9.809450351768912e-05	255-128-254-83	255-101-252-104
7398	1.9503578056029886e-18	1.0027318804678102e-17	255-24-215-202	255-101-252-104
7399	8.956272290997178e-10	1.6538386913830906e-09	255-53-243-148	255-101-252-104
7400	1.185302557531638e-11	3.326137060098492e-11	255-24-215-202	255-122-4-2
7401	4.939428310064175e-10	9.562187715248487e-10	255-53-243-148	255-101-252-104
7402	1.1941279115050635e-09	2.311699761400278e-09	255-53-243-148	255-101-252-104
7403	1.1941279115050635e-09	2.311699761400278e-09	255-53-243-148	255-101-252-104
7404	0.0223174563937452	0.0004557538656695	255-187-244-52	255-122-4-2
7405	1.1269143602177831e-10	1.3146644000272936e-10	255-70-122-242	255-70-122-242
7406	6.697488128795623e-10	1.5660167488900255e-09	255-24-215-202	255-70-122-242
7407	5.8022492474102525e-06	4.933608275876937e-07	255-128-254-83	255-70-122-242
7408	0.000728949553724	0.0001047247036335	255-232-213-56	255-70-122-242
7409	2.2032352461049394e-06	3.0888517747550227e-06	255-122-4-2	255-70-122-242
7410	0.0016468234903673	6.467192542265434e-06	255-128-254-83	255-70-122-242
7411	0.0007869420522341	0.0007342078573142	255-24-215-202	255-70-122-242
7412	0.0014053914234225	3.6834946285598864e-05	255-128-254-83	255-70-122-242
7413	1.8510582942232762e-08	5.366439190598562e-10	255-122-4-2	255-70-122-242
7414	1.7192953631891876e-06	4.372151040879389e-06	255-24-215-202	255-70-122-242
7415	3.72915313817244e-05	0.0004091632352651	255-232-213-56	255-70-122-242
7416	6.087037106198152e-06	0.0008409438858596	255-232-213-56	255-70-122-242
7417	5.9546107916061904e-27	5.040961169506282e-20	255-24-215-202	255-122-4-2
7418	1.714933989716019e-17	1.4318684964531876e-14	255-24-215-202	255-212-231-53
7419	2.170454062525134e-23	8.215193335268716e-20	255-24-215-202	255-122-4-2
7420	1.2251676129304298e-21	3.936160164773357e-13	255-24-215-202	255-212-231-53
7421	2.228817720300595e-19	1.0247592373243832e-17	255-70-122-242	255-212-231-53
7422	2.4503321630608706e-23	3.619801954297013e-21	255-24-215-202	255-122-4-2
7423	9.400264304812387e-15	2.360918329750403e-07	255-70-122-242	255-212-231-53
7424	6.750655001322332e-19	1.0925604611572277e-17	255-70-122-242	255-212-231-53
7425	6.391772411788709e-19	6.02996398217928e-18	255-24-215-202	255-101-252-104
7426	2.110758846729336e-20	4.71196465660887e-20	255-24-215-202	255-101-252-104
7427	3.1456262178966265e-19	1.9522390998635415e-18	255-70-122-242	255-101-252-104
7428	1.4975963285352563e-16	2.0685202483915134e-16	255-24-215-202	255-212-231-53
7429	6.676269007706268e-23	2.51121505287106e-21	255-24-215-202	255-101-252-104
7430	2.012764224594181e-21	1.0827291650906308e-21	255-24-215-202	255-101-252-104
7431	1.1735220770311524e-19	1.8206160319465317e-19	255-70-122-242	255-212-231-53
7432	1.4285599114804488e-14	3.767168710458384e-16	255-24-215-202	255-122-4-2
7433	2.000542144876152e-19	3.457873505899334e-20	255-24-215-202	255-122-4-2
7434	9.86416402457329e-18	5.2721735476413006e-17	255-70-122-242	255-101-252-104
7435	1.4683850156392028e-17	9.381683068474238e-18	255-24-215-202	255-101-252-104
7436	1.5932553259186927e-20	1.6860894617807336e-20	255-24-215-202	255-101-252-104
7437	4.025784937189964e-21	1.764745710720059e-21	255-24-215-202	255-122-4-2
7438	3.201923690952359e-14	1.3487796218412594e-14	255-128-254-83	255-101-252-104
7439	1.2930862799797048e-17	3.227339117736712e-18	255-51-172-246	255-122-4-2
7440	1.1815964920975247e-19	1.579701888306433e-18	255-24-215-202	255-122-4-2
7441	1.0221048561177496e-16	5.307684795977331e-15	255-53-243-148	255-122-4-2
7442	7.537796535504573e-21	9.041500943719871e-21	255-24-215-202	255-122-4-2
7443	1.1005255028241675e-20	2.4856034277177938e-19	255-24-215-202	255-122-4-2
7444	1.8045384404880162e-09	2.4384498557278688e-09	255-24-215-202	255-122-4-2
7445	2.0321072097863823e-10	3.9563719035315576e-11	255-24-215-202	255-101-252-104
7446	6.602953300782184e-15	8.995258757918216e-15	255-24-215-202	255-101-252-104
7447	1.3450792025022493e-13	7.30506862840647e-14	255-24-215-202	255-70-122-242
7448	8.94762599028294e-08	6.151048038738056e-08	255-53-243-148	255-70-122-242
7449	0.0323136380852996	8.871309068985547e-06	255-128-254-83	255-101-252-104
7450	1.8049200746001e-07	3.5809386478863496e-08	255-53-243-148	255-70-122-242
7451	0.0007946298708712	1.0058887343334948e-05	255-128-254-83	255-101-252-104
7452	4.465670665381298e-10	3.4335942973398703e-09	255-24-215-202	255-70-122-242
7453	3.146408633316497e-10	3.2467164517139525e-11	255-24-215-202	255-70-122-242
7454	0.1109152188069681	0.0003481606985598	255-232-213-56	255-70-122-242
7455	0.0152164189616497	0.1788456333210061	255-128-254-83	255-26-209-210
7456	1.3533689706622526e-15	6.956993759606233e-15	255-24-215-202	255-122-4-2
7457	1.4480154422529963e-09	4.5720596866067725e-09	255-24-215-202	255-122-4-2
7458	4.375558035757153e-16	8.858827286998087e-14	255-24-215-202	255-122-4-2
7459	9.624628477275053e-14	3.1613659675237205e-15	255-24-215-202	255-101-252-104
7460	7.943479196347897e-11	1.3976386459420248e-10	255-24-215-202	255-122-4-2
7461	5.665755821486978e-21	3.7457832779221575e-19	255-24-215-202	255-122-4-2
7462	2.1515921780420098e-17	4.800987496630204e-18	255-51-172-246	255-101-252-104
7463	2.918889528219109e-15	6.31164649550572e-14	255-24-215-202	255-122-4-2
7464	4.478633781118969e-19	3.710711121022399e-18	255-24-215-202	255-122-4-2
7465	4.4563972746314017e-23	1.0493615518375934e-22	255-24-215-202	255-122-4-2
7466	8.09432540313046e-16	4.478568909430594e-17	255-24-215-202	255-122-4-2
7467	2.7642094887189987e-20	3.068893345599168e-19	255-24-215-202	255-122-4-2
7468	8.56285135352092e-21	3.9827938662620875e-19	255-24-215-202	255-122-4-2
7469	6.17971872257332e-20	6.780971713366162e-20	255-24-215-202	255-101-252-104
7470	8.071624078808454e-13	6.298362208816936e-13	255-24-215-202	255-101-252-104
7471	6.3806452478989495e-18	8.83994285024434e-17	255-24-215-202	255-122-4-2
7472	2.722024377483892e-11	3.889547566983284e-12	255-24-215-202	255-101-252-104
7473	1.3628210774621898e-12	8.459792760550355e-12	255-24-215-202	255-122-4-2
7474	2.82514556801254e-18	2.678496635528908e-17	255-24-215-202	255-122-4-2
7475	2.110013980389683e-08	8.578509740354778e-08	255-122-4-2	255-101-252-104
7476	8.536955840526008e-08	6.626956300712314e-09	255-128-254-83	255-101-252-104
7477	1.8194941007773733e-06	1.7605186988730502e-06	255-222-62-8	255-101-252-104
7478	0.017547294947926	0.0001953331527236	255-122-4-2	255-101-252-104
7479	1.6175636292771463e-05	2.461112498210607e-07	255-122-4-2	255-217-56-6
7480	6.340572851553987e-06	5.2951112336473865e-05	255-24-215-202	255-217-56-6
7481	0.0010713570584497	0.0002905167803443	255-24-215-202	255-217-56-6
7482	0.0130537851146601	0.0667314758188065	255-70-122-242	255-70-122-242
7483	0.0005588748571207	0.0001137757091303	255-128-254-83	255-212-231-53
7484	0.0568983172756725	0.0058807629124383	255-232-213-56	255-254-152-44
7485	6.584042343110771e-06	0.0877980892356534	255-247-113-27	255-212-231-53
7486	1.3198716585519746e-05	0.000107044094852	255-70-122-242	255-217-56-6
7487	3.915766430621371e-07	0.0092540474642339	255-24-215-202	255-70-122-242
7488	6.401377077340797e-06	0.0108054823578444	255-232-213-56	255-26-209-210
7489	0.0001636523689811	0.0004054794644124	255-232-213-56	255-26-209-210
7490	0.0999207894829978	5.26232228957449e-05	255-128-254-83	255-101-252-104
7491	7.636981487998683e-06	3.0078641863259365e-06	255-24-215-202	255-70-122-242
7492	0.000758768660759	7.110961268867562e-05	255-128-254-83	255-70-122-242
7493	9.462110500127887e-15	6.158970915911661e-13	255-53-243-148	255-122-4-2
7494	0.0060390375679821	0.0015970888101488	255-128-254-83	255-70-122-242
7495	5.809892794365412e-08	4.7984273127266e-08	255-53-243-148	255-101-252-104
7496	5.809892794365412e-08	4.7984273127266e-08	255-53-243-148	255-101-252-104
7497	0.0015855101818384	0.0006425516185866	255-122-4-2	255-70-122-242
7498	1.053339447756539e-06	2.5607421160604482e-08	255-128-254-83	255-101-252-104
7499	1.5351888704946428e-08	2.5973653016732802e-08	255-128-254-83	255-101-252-104
7500	2.3246545350251963e-16	4.634772082727288e-16	255-24-215-202	255-101-252-104
7501	1.4263397792561222e-06	1.408614256002041e-07	255-122-4-2	255-70-122-242
7502	5.655569592239006e-11	6.823333071834347e-12	255-53-243-148	255-101-252-104
7503	7.055935768743538e-06	7.320765372526325e-08	255-247-113-27	255-70-122-242
7504	1.8370995959773502e-09	7.778781721252357e-11	255-24-215-202	255-70-122-242
7505	0.0232066782614616	0.003182329294836	255-247-113-27	255-122-4-2
7506	1.6163557268916688e-08	1.7322305003425854e-05	255-24-215-202	255-217-56-6
7507	8.117059844610579e-05	0.3114498839775135	255-70-122-242	255-212-231-53
7508	1.2201992664037642e-06	0.0271810358918466	255-253-171-51	255-254-152-44
7509	0.0018532071124992	0.1661993046066226	255-232-213-56	255-254-152-44
7510	1.824205578022417e-05	0.0023858843740471	255-70-122-242	255-212-231-53
7511	0.0002468806123924	0.2153756458868147	255-70-122-242	255-212-231-53
7512	0.0018945709964303	0.1392332537414219	255-232-213-56	255-70-122-242
7513	6.927808634698655e-06	0.5823629139038513	255-70-122-242	255-217-56-6
7514	0.0001734410780268	0.0390148421674956	255-232-213-56	255-217-56-6
7515	0.0003468831181722	0.3545164378422666	255-232-213-56	255-70-122-242
7516	3.079687757632801e-05	0.0458829480204663	255-51-172-246	255-254-152-44
7517	6.960293810377642e-05	0.0226210355431009	255-232-213-56	255-254-152-44
7518	8.601017980436189e-12	1.1348972572387152e-08	255-24-215-202	255-212-231-53
7519	0.0003077203558012	0.0087175032060441	255-70-122-242	255-254-152-44
7520	3.163876513633314e-08	0.0003601011597518	255-24-215-202	255-122-4-2
7521	4.807400537991644e-05	0.1956702717293112	255-70-122-242	255-70-122-242
7522	9.643860453767733e-13	4.929160383321215e-10	255-24-215-202	255-122-4-2
7524	6.1475831815735156e-09	1.0040935843645074e-06	255-70-122-242	255-70-122-242
7525	8.220433333496351e-14	2.0159420422013367e-12	255-24-215-202	255-101-252-104
7526	0.0105994913475926	0.0006757279760422	255-122-4-2	255-70-122-242
7527	1.6638488038280483e-08	0.010277727466905	255-232-213-56	255-70-122-242
7528	0.0223046623913202	0.0785825961367842	255-24-215-202	255-70-122-242
7529	2.499409761569058e-05	5.053188503776083e-07	255-24-215-202	255-122-4-2
7530	0.0226361223277965	0.0003849934208092	255-232-213-56	255-70-122-242
7531	7.381047370946116e-06	0.0015035290440937	255-24-215-202	255-254-152-44
7532	1.8318455868013023e-14	7.8430289075207e-12	255-24-215-202	255-212-231-53
7533	6.025096974066907e-11	1.7460256708478396e-06	255-24-215-202	255-212-231-53
7534	1.338646791761944e-13	6.936951831787644e-13	255-24-215-202	255-122-4-2
7535	7.789832936087696e-15	3.5467631567694546e-12	255-24-215-202	255-212-231-53
7536	7.21000911494492e-14	1.6862287921404098e-14	255-24-215-202	255-122-4-2
7537	3.5318928188447863e-10	2.884973440535835e-05	255-24-215-202	255-212-231-53
7538	1.3952623006727076e-12	1.2564822504518115e-09	255-24-215-202	255-217-56-6
7539	0.0014186215201894	0.1798402909988174	255-70-122-242	255-70-122-242
7540	2.930409066550055e-07	4.95291139339576e-07	255-70-122-242	255-70-122-242
7541	7.247161575624972e-08	0.0010453668520939	255-70-122-242	255-212-231-53
7542	2.140282581664586e-06	0.0037586108857521	255-70-122-242	255-70-122-242
7543	2.771055955786962e-12	1.668500553602181e-10	255-70-122-242	255-70-122-242
7546	0.0005447602443713	0.0552389065053787	255-70-122-242	255-70-122-242
7547	5.324432550405557e-05	0.002046294194314	255-232-213-56	255-26-209-210
7548	0.0175441313756754	0.0108734369927344	255-128-254-83	255-70-122-242
7549	0.2318148100970597	0.0100209397048131	255-128-254-83	255-122-4-2
7550	0.0008424747590653	0.0003206733142155	255-128-254-83	255-26-209-210
7551	0.0158648969251292	0.0006621373907391	255-128-254-83	255-70-122-242
7552	4.455164252389992e-05	0.105810099138351	255-232-213-56	255-70-122-242
7553	2.985435405924197e-15	3.8630327557708897e-08	255-24-215-202	255-70-122-242
7554	4.100250199440799e-06	0.0003101967630234	255-70-122-242	255-70-122-242
7555	0.0100044891798178	0.0025364846575184	255-128-254-83	255-212-231-53
7556	4.547539240775888e-11	4.5617357704768925e-11	255-24-215-202	255-122-4-2
7557	7.584378722913398e-09	3.558139471091012e-07	255-247-113-27	255-70-122-242
7558	1.2741837781804593e-11	6.154365771751989e-12	255-24-215-202	255-122-4-2
7559	1.7096547371611327e-09	1.321672789304171e-10	255-24-215-202	255-122-4-2
7560	3.564289901550036e-16	2.8612875755306347e-16	255-24-215-202	255-122-4-2
7561	6.9322495091856674e-15	1.2486502301357888e-14	255-24-215-202	255-122-4-2
7562	7.109851570476517e-13	1.4563176667106188e-12	255-24-215-202	255-122-4-2
7563	3.9848417571429675e-07	6.047582081204927e-08	255-24-215-202	255-70-122-242
7564	2.7062127506492403e-19	1.971250836824995e-16	255-24-215-202	255-122-4-2
7565	4.343382425447567e-12	2.8334764054887225e-11	255-24-215-202	255-122-4-2
7566	1.4122008161098284e-12	2.221086337208087e-12	255-24-215-202	255-122-4-2
7567	3.640777100075368e-14	7.868456304192647e-14	255-247-113-27	255-70-122-242
7568	4.280169154642256e-17	8.882217333881976e-14	255-24-215-202	255-70-122-242
7569	1.2978130330320229e-17	5.37280804732609e-10	255-247-113-27	255-122-4-2
7570	6.613355250972052e-17	2.0366479341392838e-16	255-24-215-202	255-122-4-2
7571	1.8905409567809037e-07	1.2602364678773218e-09	255-247-113-27	255-122-4-2
7572	1.7621354406615764e-13	1.6707061109019815e-14	255-24-215-202	255-212-231-53
7573	7.587204083597554e-17	8.575419568399058e-10	255-24-215-202	255-122-4-2
7574	1.403154668428878e-18	1.4703921345520905e-13	255-24-215-202	255-70-122-242
7575	1.722844989233228e-19	3.027632206784013e-12	255-232-213-56	255-122-4-2
7576	1.5826534333677176e-15	2.9611246897580334e-13	255-24-215-202	255-212-231-53
7577	6.936254951985991e-16	3.0063861657544147e-15	255-24-215-202	255-122-4-2
7578	9.357627851534948e-19	2.2638577939073149e-10	255-247-113-27	255-122-4-2
7579	1.8828794068313666e-12	1.2326148604610452e-11	255-24-215-202	255-212-231-53
7580	1.0092740315596951e-16	2.1236194543264706e-07	255-232-213-56	255-70-122-242
7581	6.8169365843863305e-12	7.564302040749276e-10	255-24-215-202	255-70-122-242
7582	7.020638999164679e-12	3.454442360395951e-05	255-232-213-56	255-70-122-242
7583	7.950832637707744e-10	8.506070458591575e-08	255-247-113-27	255-70-122-242
7584	8.265098751661238e-09	9.6000056618882e-08	255-247-113-27	255-70-122-242
7585	2.2390690082177117e-08	0.0375202071944291	255-70-122-242	255-70-122-242
7586	1.0076819242529347e-08	1.946991605728335e-05	255-24-215-202	255-70-122-242
7587	1.1315310548416071e-14	4.944562908728651e-10	255-24-215-202	255-212-231-53
7588	1.270872624893636e-16	2.642270676816664e-12	255-24-215-202	255-122-4-2
7589	3.4257055494029015e-23	3.1172362531659133e-18	255-247-113-27	255-122-4-2
7590	2.783402041544116e-25	2.221246281693216e-16	255-24-215-202	255-212-231-53
7591	2.526190936079461e-22	1.2328676109610957e-17	255-24-215-202	255-212-231-53
7592	1.5379054321749214e-20	1.428912485479183e-17	255-24-215-202	255-212-231-53
7593	4.435763330700837e-19	1.5634355785906379e-15	255-70-122-242	255-212-231-53
7594	1.150974143975595e-15	8.148924283063372e-10	255-24-215-202	255-122-4-2
7595	9.785571422940484e-19	7.592936261249229e-20	255-24-215-202	255-212-231-53
7596	3.3830653980364414e-14	2.381136913956821e-14	255-24-215-202	255-122-4-2
7597	9.618341176954506e-22	3.428305325818325e-18	255-24-215-202	255-212-231-53
7598	1.8517574933098704e-05	1.2303599225992732e-07	255-53-243-148	255-101-252-104
7599	1.7655525868560575e-14	5.688145780228857e-16	255-24-215-202	255-70-122-242
7600	2.950209413308197e-21	2.1065536119861537e-18	255-24-215-202	255-212-231-53
7601	6.825353355552307e-12	4.0428703155392434e-13	255-51-172-246	255-26-209-210
7602	2.1382663608187963e-22	7.432792095461285e-19	255-24-215-202	255-212-231-53
7603	2.280252171165991e-12	5.119004223480943e-11	255-24-215-202	255-26-209-210
7604	3.560105589016412e-17	1.0167076888029681e-14	255-24-215-202	255-26-209-210
7605	1.3157785963830757e-17	4.0805926600887407e-16	255-24-215-202	255-101-252-104
7606	2.4300233265084237e-18	7.109285676318475e-16	255-24-215-202	255-122-4-2
7607	7.861734289379594e-12	2.136447129048652e-09	255-70-122-242	255-101-252-104
7608	3.199559136740644e-15	1.2346574356597041e-12	255-70-122-242	255-101-252-104
7609	1.6393232696258112e-16	1.9195568757197706e-13	255-70-122-242	255-101-252-104
7610	7.080890975601248e-17	3.5329135368124488e-15	255-24-215-202	255-122-4-2
7611	4.731885802443506e-08	1.9636202108793828e-08	255-24-215-202	255-122-4-2
7612	2.7227401284441897e-15	2.3728880723214645e-11	255-70-122-242	255-101-252-104
7613	4.904317272075204e-10	2.6954440876882327e-10	255-53-243-148	255-70-122-242
7614	5.930799637904836e-17	1.1057724685935745e-13	255-70-122-242	255-101-252-104
7615	5.0174442230646076e-09	1.123206521826898e-09	255-24-215-202	255-122-4-2
7616	5.809892794365412e-08	4.7984273127266e-08	255-53-243-148	255-101-252-104
7617	8.748879243467773e-08	1.901330311406641e-07	255-24-215-202	255-70-122-242
7618	4.743770485049727e-06	3.431786349246491e-08	255-53-243-148	255-70-122-242
7619	1.2196496720882539e-09	3.283967239359414e-10	255-24-215-202	255-70-122-242
7620	0.0002590598652011	0.0004146522397529	255-24-215-202	255-70-122-242
7621	5.856697781583947e-11	2.430734101646973e-11	255-24-215-202	255-122-4-2
7622	1.1919534442401185e-13	7.569998269021836e-15	255-24-215-202	255-212-231-53
7623	3.3524383350193677e-10	3.522418054676241e-11	255-24-215-202	255-122-4-2
7624	6.890639981902299e-11	2.5790166937107198e-11	255-24-215-202	255-122-4-2
7625	3.419297354647224e-08	2.3122760556816408e-09	255-187-244-52	255-122-4-2
7626	9.92242151662041e-08	6.3091399618324e-10	255-53-243-148	255-70-122-242
7627	2.792884284722433e-10	1.157836879477444e-09	255-24-215-202	255-212-231-53
7628	7.897226088134614e-14	3.065140109183953e-13	255-24-215-202	255-212-231-53
7629	1.3177739826431043e-09	4.2966909893859e-09	255-53-243-148	255-212-231-53
7630	0.0016977710032758	0.0001995678675415	255-122-4-2	255-70-122-242
7631	0.0198321824081906	0.0003010861281502	255-128-254-83	255-101-252-104
7632	0.0001930496572604	5.456205483060561e-05	255-24-215-202	255-70-122-242
7633	1.354030485433162e-06	6.786994236257918e-05	255-247-113-27	255-122-4-2
7634	8.518368322678748e-07	9.777254583844384e-07	255-247-113-27	255-70-122-242
7635	0.0233231832383307	0.0102093785640871	255-232-213-56	255-70-122-242
7636	4.725549655928524e-05	2.019939971959256e-05	255-24-215-202	255-70-122-242
7637	0.1499499463196894	0.0150560764673748	255-128-254-83	255-70-122-242
7638	1.0859627167061045e-15	9.399522075616593e-09	255-222-62-8	255-70-122-242
7639	3.376110983980946e-09	3.775534745688941e-07	255-232-213-56	255-70-122-242
7640	1.1601321430365448e-19	1.638583863653533e-17	255-24-215-202	255-122-4-2
7641	1.167321391603571e-13	1.3615905512109105e-05	255-24-215-202	255-212-231-53
7642	1.0811314144994852e-23	9.863559967166151e-15	255-24-215-202	255-212-231-53
7643	4.4479833676281395e-18	8.579561432262e-16	255-24-215-202	255-212-231-53
7644	5.979123183491652e-28	3.130091141711378e-22	255-24-215-202	255-212-231-53
7645	1.7269007502018398e-12	0.000278982195563	255-70-122-242	255-212-231-53
7646	1.343779503568707e-19	9.660881702449209e-18	255-24-215-202	255-122-4-2
7647	1.349499897906465e-13	5.238149853425383e-13	255-70-122-242	255-101-252-104
7648	1.1689597445129576e-21	3.170740309332041e-20	255-24-215-202	255-122-4-2
7649	1.463701464943887e-17	4.8542446144606796e-18	255-24-215-202	255-122-4-2
7650	8.598427925568865e-21	1.7959272462303813e-20	255-24-215-202	255-122-4-2
7651	3.877168655026547e-18	1.7866051041725758e-17	255-24-215-202	255-122-4-2
7652	3.9110224109905245e-17	6.848365933936937e-13	255-24-215-202	255-212-231-53
7653	4.706111930963293e-16	8.655360518989317e-17	255-24-215-202	255-122-4-2
7654	1.2443606527313002e-16	1.7041598041276313e-17	255-24-215-202	255-122-4-2
7655	2.2883015537227805e-11	2.376429086579897e-10	255-24-215-202	255-122-4-2
7656	4.760891050488508e-17	7.413232162803597e-16	255-24-215-202	255-122-4-2
7657	2.3501375428230108e-12	7.423713414057386e-14	255-51-172-246	255-122-4-2
7658	6.319303907108761e-12	2.0921780799678464e-11	255-53-243-148	255-122-4-2
7659	2.176595996712279e-24	1.9419714155808464e-20	255-24-215-202	255-212-231-53
7660	3.296548493057449e-06	3.015172637076721e-05	255-222-62-8	255-217-56-6
7661	7.209668680762463e-14	1.704558637428913e-12	255-24-215-202	255-122-4-2
7662	3.5566382169457632e-12	9.75037103741976e-12	255-24-215-202	255-122-4-2
7663	0.0005297086337628	5.8734329742260646e-06	255-128-254-83	255-101-252-104
7664	1.6692477622171597e-18	1.1954133292417102e-16	255-24-215-202	255-122-4-2
7665	5.118654104985607e-10	9.967741745041436e-11	255-53-243-148	255-70-122-242
7666	0.0132851836514469	1.550461646473887e-05	255-128-254-83	255-101-252-104
7667	3.1396993229518294e-11	2.1982447166771317e-11	255-128-254-83	255-70-122-242
7668	0.0003951283462539	3.522504693907888e-06	255-128-254-83	255-70-122-242
7669	0.0282723250220603	0.000139055105674	255-24-215-202	255-101-252-104
7670	0.0665392286733885	0.0173892429544847	255-51-172-246	255-26-209-210
7671	0.0001187308972891	5.2169148493542943e-05	255-24-215-202	255-70-122-242
7672	2.303603940558044e-08	1.195887152917376e-06	255-24-215-202	255-70-122-242
7673	0.0837069366333884	5.250855426742549e-05	255-128-254-83	255-101-252-104
7674	0.0169994685607783	1.8680586386431e-06	255-128-254-83	255-101-252-104
7675	2.588157128109307e-05	5.649867669631569e-06	255-247-113-27	255-70-122-242
7676	0.0488439734169124	0.0001842586812273	255-53-243-148	255-101-252-104
7677	0.0001290608971404	1.768864797815264e-05	255-232-213-56	255-70-122-242
7678	6.699259442594765e-07	0.0011998526609072	255-232-213-56	255-122-4-2
7679	4.779620838860277e-11	0.0002036315804544	255-24-215-202	255-122-4-2
7680	1.2269416869770242e-22	1.409469781814822e-16	255-24-215-202	255-122-4-2
7681	2.885586514865408e-12	2.207223310253705e-13	255-24-215-202	255-26-209-210
7682	3.9637296668994904e-19	2.5996490605358695e-20	255-24-215-202	255-26-209-210
7683	1.4991393998197774e-22	5.776369724743504e-20	255-24-215-202	255-122-4-2
7684	1.2180422910222541e-16	3.024035752110459e-15	255-53-243-148	255-26-209-210
7685	3.6556123774099324e-10	2.44225281631552e-09	255-53-243-148	255-122-4-2
7686	6.39878836395474e-18	3.174134451807888e-15	255-128-254-83	255-26-209-210
7687	1.8584131572671543e-24	5.57514023703778e-16	255-24-215-202	255-212-231-53
7688	2.4070287465429632e-20	4.9023798255339895e-20	255-51-172-246	255-122-4-2
7689	1.7158374083645032e-15	1.9989444260759736e-15	255-24-215-202	255-26-209-210
7690	7.477462105261686e-22	7.415808426575124e-18	255-24-215-202	255-122-4-2
7691	4.538755458461524e-18	2.1090416503215686e-14	255-51-172-246	255-26-209-210
7692	1.8446168036935184e-21	1.7961389770560788e-16	255-24-215-202	255-26-209-210
7693	5.005836265881383e-25	5.875136658476981e-21	255-24-215-202	255-122-4-2
7694	2.54845350581008e-19	1.6237278237105458e-17	255-24-215-202	255-122-4-2
7695	1.8801885508344976e-17	1.5727468887487472e-15	255-24-215-202	255-101-252-104
7696	7.82493481202841e-19	2.8934783317091104e-17	255-24-215-202	255-122-4-2
7697	8.7740431991619e-14	1.304723175191135e-12	255-24-215-202	255-122-4-2
7698	1.2190960706355777e-12	2.799249319594797e-12	255-24-215-202	255-122-4-2
7699	1.0194705647717707e-09	1.1245236025156683e-09	255-24-215-202	255-101-252-104
7700	0.017547157203555	0.0004349699769699	255-122-4-2	255-101-252-104
7701	0.2104362932901016	0.0024793249218782	255-70-122-242	255-101-252-104
7702	6.956425435633785e-06	1.75532831051979e-05	255-70-122-242	255-70-122-242
7703	0.0004525873343924	0.0010129196265092	255-253-171-51	255-70-122-242
7704	9.010398783936493e-08	8.09096570954867e-06	255-24-215-202	255-212-231-53
7705	1.549663697226842e-07	6.681126336951675e-06	255-70-122-242	255-101-252-104
7706	0.0684246996165566	0.109771638603715	255-70-122-242	255-254-152-44
7707	0.0028796292814356	0.0773006666447557	255-70-122-242	255-254-152-44
7708	2.90254488230933e-06	0.0381620994227369	255-24-215-202	255-212-231-53
7709	0.0007486681998855	0.0082602128353226	255-70-122-242	255-101-252-104
7710	0.0177358249323953	0.0365714435949218	255-70-122-242	255-101-252-104
7711	0.0882457746450082	0.0018908612485847	255-53-243-148	255-101-252-104
7712	3.6809412766004447e-06	1.3789074048762606e-05	255-70-122-242	255-212-231-53
7713	0.0847087686138948	0.0532448315517673	255-53-243-148	255-101-252-104
7714	0.0022035822030151	0.0291051703799044	255-24-215-202	255-70-122-242
7715	0.0837069366333884	5.250855426742549e-05	255-128-254-83	255-101-252-104
7716	1.7414946798420147e-06	0.0374203090981092	255-24-215-202	255-70-122-242
7717	0.0008392613195245	0.664532918605391	255-232-213-56	255-70-122-242
7718	6.233612292376266e-08	4.530154705887524e-06	255-247-113-27	255-26-209-210
7719	4.73925889584365e-10	1.2841636376642542e-10	255-24-215-202	255-70-122-242
7720	5.948121523471146e-12	2.123982652657894e-12	255-24-215-202	255-122-4-2
7721	3.8415737744661216e-10	2.4533977815960828e-11	255-247-113-27	255-101-252-104
7722	5.334787191424233e-07	5.809819438988513e-08	255-24-215-202	255-101-252-104
7723	0.0002783529229331	0.0001129975715475	255-53-243-148	255-70-122-242
7724	3.0080539264939005e-11	1.9061532054507217e-11	255-24-215-202	255-122-4-2
7725	0.0048628687496656	3.8053354466834224e-05	255-187-244-52	255-101-252-104
7726	2.037243302791691e-09	3.591388332407921e-10	255-247-113-27	255-122-4-2
7727	1.7583103589957954e-12	2.238628338682488e-11	255-24-215-202	255-101-252-104
7728	4.924540817129757e-09	5.030367938962493e-09	255-70-122-242	255-101-252-104
7729	0.0001247653438155	0.0001504391300385	255-247-113-27	255-70-122-242
7730	0.0867942082621193	1.852118504543851e-05	255-187-244-52	255-70-122-242
7731	0.0001081731176297	1.702878983234389e-06	255-128-254-83	255-101-252-104
7732	6.921018866521279e-10	1.7327226148900208e-10	255-53-243-148	255-101-252-104
7733	0.0016977710032758	0.0001995678675415	255-122-4-2	255-70-122-242
7734	4.869692509062135e-05	4.701779246605455e-07	255-53-243-148	255-70-122-242
7735	6.7589817431836104e-15	2.301169695630176e-13	255-24-215-202	255-101-252-104
7736	8.721114533625888e-07	7.242527047982952e-07	255-122-4-2	255-70-122-242
7737	9.901425132510811e-07	4.153501258302031e-08	255-53-243-148	255-101-252-104
7738	2.303603940558044e-08	1.195887152917376e-06	255-24-215-202	255-70-122-242
7739	2.2216472975602784e-09	1.3270293113459463e-10	255-53-243-148	255-122-4-2
7740	1.062333376386108e-09	5.790248524576028e-11	255-53-243-148	255-101-252-104
7741	0.0001865659035141	4.981063734690987e-06	255-53-243-148	255-70-122-242
7742	0.0791757209435168	0.0018738385645244	255-232-213-56	255-217-56-6
7743	0.0777355616624287	0.0009389386784318	255-128-254-83	255-70-122-242
7744	0.0061052309836098	0.0001132519462735	255-128-254-83	255-254-152-44
7745	2.78181073038805e-05	0.0010614588752853	255-70-122-242	255-70-122-242
7746	1.802685881047928e-05	0.0431775167568307	255-24-215-202	255-254-152-44
7747	0.0002269951994037	0.1663124518889957	255-70-122-242	255-254-152-44
7748	8.100045943578827e-07	8.1696606985015e-06	255-70-122-242	255-101-252-104
7749	0.0002314364234313	0.0335658590964781	255-128-254-83	255-217-56-6
7750	0.0001005847077786	0.3125924119489487	255-247-113-27	255-101-252-104
7751	2.480159327732362e-05	0.5137393600510863	255-247-113-27	255-70-122-242
7752	9.546372676676664e-05	0.2137833816125066	255-70-122-242	255-101-252-104
7753	0.002482030582603	0.0734387018292118	255-70-122-242	255-212-231-53
7754	9.643763467799867e-06	0.0197666053726886	255-24-215-202	255-217-56-6
7755	1.203399674291232e-10	0.0002013830915692	255-247-113-27	255-122-4-2
7756	5.968814823475198e-11	1.5905161259759e-05	255-24-215-202	255-26-209-210
7757	3.403681470861269e-15	1.3614391235257401e-14	255-247-113-27	255-70-122-242
7758	0.0001678369975004	2.0837593253991848e-05	255-24-215-202	255-101-252-104
7759	3.6048328627601485e-14	2.4760703658460495e-11	255-24-215-202	255-122-4-2
7760	2.355556274132748e-06	3.8163291489018366e-07	255-24-215-202	255-70-122-242
7761	2.071749793181004e-05	7.732591195443123e-06	255-24-215-202	255-122-4-2
7762	7.409885522876372e-10	7.071614402515823e-08	255-24-215-202	255-70-122-242
7763	0.0008973440294992	8.397645630875688e-05	255-247-113-27	255-70-122-242
7764	0.4004018648257159	0.0019492375487454	255-128-254-83	255-70-122-242
7765	0.0342346096577657	4.824362099858018e-06	255-128-254-83	255-101-252-104
7766	0.0544132293928122	6.330685828837302e-05	255-128-254-83	255-70-122-242
7767	0.0342346096577657	4.824362099858018e-06	255-128-254-83	255-101-252-104
7768	0.0228466813102328	7.345725163663603e-05	255-128-254-83	255-70-122-242
7769	0.0228466813102328	7.345725163663603e-05	255-128-254-83	255-70-122-242
7770	0.2239700605924819	8.40063542890163e-05	255-128-254-83	255-101-252-104
7771	0.0012181077558569	0.3614533783536157	255-70-122-242	255-254-152-44
7772	3.09709770660941e-08	4.69722480251261e-07	255-24-215-202	255-122-4-2
7773	3.142262150704845e-05	0.0034041446752293	255-24-215-202	255-217-56-6
7774	0.0001747848004168	0.0047028934023597	255-70-122-242	255-101-252-104
7775	0.0122818682331333	0.1474140644336639	255-70-122-242	255-101-252-104
7776	1.6677117339401037e-06	0.0099742866003298	255-187-244-52	255-217-56-6
7777	1.2317135035333688e-05	0.0540655290685327	255-70-122-242	255-254-152-44
7778	2.3446655318174816e-10	3.428106343666905e-07	255-70-122-242	255-217-56-6
7779	1.1984439165569012e-08	1.1790474527740678e-05	255-70-122-242	255-212-231-53
7780	0.0025866498724882	0.0339277245997999	255-70-122-242	255-70-122-242
7781	7.350825761752318e-07	0.0002904687199602	255-70-122-242	255-101-252-104
7782	1.0794174530127772e-06	0.0014992005072988	255-70-122-242	255-70-122-242
7783	2.377245895721156e-07	0.013461398164799	255-70-122-242	255-254-152-44
7784	4.6616736342876325e-06	0.4239124346521943	255-232-213-56	255-70-122-242
7785	5.7042637617208825e-06	0.0788115965452234	255-232-213-56	255-70-122-242
7786	3.4015404784580666e-08	1.6214639120641594e-05	255-24-215-202	255-70-122-242
7787	0.0030362735716377	0.1101461118135762	255-232-213-56	255-70-122-242
7788	5.492515307836093e-05	0.0051661285407055	255-24-215-202	255-122-4-2
7789	0.0777732982324366	0.0009921836103442	255-128-254-83	255-26-209-210
7790	0.0002310869971191	0.3654688346790007	255-232-213-56	255-26-209-210
7791	2.7242141863873383e-13	0.000178299472943	255-24-215-202	255-122-4-2
7792	9.084114291889238e-17	1.5941938081085302e-09	255-24-215-202	255-122-4-2
7793	1.436026416604819e-14	0.0001176945850427	255-24-215-202	255-254-152-44
7794	1.274837103197084e-14	8.837546281489877e-09	255-24-215-202	255-212-231-53
7795	7.048486183757351e-28	5.323926768331512e-15	255-24-215-202	255-26-209-210
7796	2.3653909277141236e-09	3.0057384862754068e-06	255-24-215-202	255-70-122-242
7797	1.2501371091325072e-10	0.5627689899943601	255-70-122-242	255-70-122-242
7798	5.325447786060195e-07	0.0080217920699814	255-232-213-56	255-70-122-242
7799	1.2204334091927402e-08	6.654041742378823e-05	255-70-122-242	255-70-122-242
7800	5.736108496389039e-07	0.0002424960985165	255-70-122-242	255-70-122-242
7801	2.8082636191873924e-08	0.0336918226213009	255-70-122-242	255-70-122-242
7802	2.72580800274383e-10	8.648054064982598e-06	255-70-122-242	255-70-122-242
7803	0.0018470589276576	0.001118637881102	255-128-254-83	255-254-152-44
7804	2.787092712613144e-09	1.5397974900123064e-05	255-24-215-202	255-212-231-53
7805	1.3623882418731663e-05	1.9953598803977e-05	255-70-122-242	255-70-122-242
7806	4.6477706985593214e-14	4.1222753152129006e-15	255-24-215-202	255-122-4-2
7807	2.952947415831319e-22	1.174034688887046e-19	255-24-215-202	255-122-4-2
7808	1.7281364025258289e-15	1.3514151706564447e-14	255-24-215-202	255-122-4-2
7809	3.143722028872126e-13	5.842473808606924e-13	255-24-215-202	255-122-4-2
7810	2.7417877678669723e-14	2.683536313761188e-07	255-24-215-202	255-122-4-2
7811	3.1679402693628274e-20	3.106896162044836e-19	255-24-215-202	255-122-4-2
7812	1.1383442121236105e-19	8.93570930032073e-20	255-24-215-202	255-122-4-2
7813	2.8039257970395724e-20	4.533988330771497e-12	255-24-215-202	255-70-122-242
7814	6.129108600258373e-22	4.292650734478872e-20	255-24-215-202	255-122-4-2
7815	2.5439547172797115e-16	1.8235713272018295e-16	255-24-215-202	255-122-4-2
7816	1.217302943913356e-19	3.7777757126310895e-11	255-232-213-56	255-212-231-53
7817	1.6660552994890972e-21	3.685780474376462e-17	255-24-215-202	255-70-122-242
7818	5.3413305040673204e-17	1.0758951677051943e-16	255-24-215-202	255-122-4-2
7819	5.282616797366529e-23	1.6485186655106976e-21	255-24-215-202	255-122-4-2
7820	9.402152081087185e-24	5.6792653139480895e-22	255-24-215-202	255-70-122-242
7821	6.63971991275954e-19	1.032901741143016e-18	255-24-215-202	255-122-4-2
7822	4.106358603504613e-17	2.507555895402183e-15	255-24-215-202	255-70-122-242
7823	5.868362558318532e-20	2.6993877161710408e-18	255-24-215-202	255-212-231-53
7824	1.0034368546037184e-16	7.751303830509448e-17	255-24-215-202	255-122-4-2
7825	1.3797344204977556e-14	1.4347885869864276e-13	255-24-215-202	255-70-122-242
7826	1.3947195430227327e-17	8.465853334426196e-16	255-24-215-202	255-70-122-242
7827	2.15843006140005e-17	7.61552137944041e-12	255-24-215-202	255-70-122-242
7828	3.948918030429074e-15	3.3482975884180653e-13	255-24-215-202	255-122-4-2
7829	6.906398031138072e-13	0.0001168972776804	255-24-215-202	255-70-122-242
7830	1.8156548714636143e-10	3.6456567534722604e-09	255-70-122-242	255-70-122-242
7831	2.6837046699728697e-07	5.860607212259352e-06	255-70-122-242	255-70-122-242
7832	6.078392163442021e-09	1.3391278939335356e-06	255-24-215-202	255-70-122-242
7833	6.235341575539928e-06	0.0004038388596177	255-70-122-242	255-70-122-242
7834	1.1676656834446962e-05	0.0006319463943063	255-70-122-242	255-70-122-242
7835	1.6567812322731034e-10	8.621413862227071e-09	255-247-113-27	255-70-122-242
7836	1.784047384358884e-09	1.3036400336931322e-05	255-70-122-242	255-70-122-242
7837	6.277040655440773e-11	8.2559694951834e-06	255-24-215-202	255-70-122-242
7838	1.7033647540208055e-09	0.0001170794202457	255-222-62-8	255-70-122-242
7839	8.879501345867256e-10	0.0002271636908988	255-247-113-27	255-70-122-242
7840	1.2393201419458014e-07	8.05709207610576e-07	255-247-113-27	255-122-4-2
7841	3.63869899362636e-07	3.598434818587686e-06	255-128-254-83	255-70-122-242
7842	2.587972785714483e-10	0.0004824423736625	255-128-254-83	255-70-122-242
7843	1.4683716426174468e-10	0.0001095189257917	255-70-122-242	255-70-122-242
7844	2.702589549450379e-16	2.099361166499608e-13	255-24-215-202	255-212-231-53
7845	4.437568189808193e-18	1.339398940259058e-13	255-180-27-1	255-122-4-2
7846	9.57811725521958e-17	4.95981111614042e-08	255-70-122-242	255-122-4-2
7847	1.0669518147177708e-10	4.23225095470832e-09	255-187-244-52	255-122-4-2
7848	1.2016675066211418e-20	5.77926373681009e-18	255-24-215-202	255-122-4-2
7849	1.498547830091076e-12	6.08602906993277e-11	255-24-215-202	255-122-4-2
7850	1.2219847542529554e-19	4.3665763013979634e-18	255-24-215-202	255-70-122-242
7851	7.941543314072684e-22	1.3942668244567573e-15	255-24-215-202	255-212-231-53
7852	9.058677538270074e-08	0.0091037764936731	255-247-113-27	255-122-4-2
7853	9.941279540173124e-25	8.145444909945134e-23	255-24-215-202	255-212-231-53
7854	3.3065316918159204e-16	9.59089756277239e-16	255-24-215-202	255-122-4-2
7855	1.4514636914118097e-17	1.3326384864181943e-14	255-24-215-202	255-212-231-53
7856	9.464736016650956e-16	5.120626370915527e-16	255-24-215-202	255-212-231-53
7857	5.324634139233919e-20	6.164990691396595e-14	255-24-215-202	255-212-231-53
7858	1.4003343963411399e-09	3.762521257372878e-12	255-51-172-246	255-122-4-2
7859	5.415630997003216e-16	2.047537522467744e-14	255-24-215-202	255-26-209-210
7860	3.7132292916515146e-14	2.1401703085155066e-13	255-24-215-202	255-122-4-2
7861	5.338104055406091e-13	4.727415321044843e-13	255-24-215-202	255-122-4-2
7862	8.056404765682678e-18	9.25066727106508e-16	255-24-215-202	255-122-4-2
7863	1.055713646237907e-18	1.1992314736152477e-17	255-24-215-202	255-122-4-2
7864	4.17075387835725e-15	4.4796845005290187e-13	255-24-215-202	255-122-4-2
7865	2.1518309971971065e-17	2.6810364009917612e-14	255-70-122-242	255-101-252-104
7866	3.3003155872784587e-11	1.0140466464769343e-10	255-24-215-202	255-122-4-2
7867	2.3822000235498814e-12	8.73827387020002e-12	255-128-254-83	255-122-4-2
7868	8.424281066593638e-18	8.090958415142991e-15	255-70-122-242	255-101-252-104
7869	1.0883618530026836e-16	2.2133016654304613e-13	255-70-122-242	255-101-252-104
7870	2.9172675982563598e-09	1.105461500699096e-09	255-70-122-242	255-101-252-104
7871	1.508902940592779e-10	5.6012628134442706e-11	255-53-243-148	255-101-252-104
7872	0.0021446843798532	3.734472960628275e-06	255-128-254-83	255-101-252-104
7873	3.140000754014817e-09	1.390273657581924e-09	255-53-243-148	255-122-4-2
7874	3.319304317770541e-16	2.9523808350774056e-16	255-24-215-202	255-122-4-2
7875	9.210674204922928e-09	4.5941791762645676e-07	255-122-4-2	255-70-122-242
7876	2.7332116063259164e-08	2.7335639521952933e-08	255-24-215-202	255-122-4-2
7877	1.1306331907089638e-12	2.3639753646942157e-12	255-24-215-202	255-122-4-2
7878	3.4383973027879393e-16	1.4139934577225586e-16	255-24-215-202	255-122-4-2
7879	1.0527503042016874e-13	1.2937086398644434e-11	255-24-215-202	255-70-122-242
7880	0.013082232602051	0.000598005460354	255-122-4-2	255-70-122-242
7881	0.0001056734942747	6.334911022070097e-06	255-128-254-83	255-101-252-104
7882	0.0064491628025404	0.0001776260029908	255-53-243-148	255-101-252-104
7883	0.0061648874417266	1.5647274561871737e-05	255-128-254-83	255-101-252-104
7884	0.2277104954036375	0.0047266710899944	255-128-254-83	255-101-252-104
7885	0.243249103691774	0.0034125916228706	255-53-243-148	255-101-252-104
7886	0.0351239303983614	0.0039583123497159	255-128-254-83	255-70-122-242
7887	0.0005523012273254	0.0010468528708637	255-128-254-83	255-70-122-242
7888	2.8018149708424136e-05	0.0001256437366765	255-24-215-202	255-70-122-242
7889	1.120315236050652e-05	1.3654797048332373e-05	255-70-122-242	255-70-122-242
7890	2.4777464723501983e-05	0.0001971572210181	255-70-122-242	255-70-122-242
7891	4.831469922935926e-05	0.0001227579653202	255-70-122-242	255-70-122-242
7892	2.8093951028364584e-05	3.061578994967829e-05	255-70-122-242	255-70-122-242
7893	1.3069491846459902e-10	8.56069738667703e-08	255-232-213-56	255-70-122-242
7894	2.4620066211023263e-08	0.0002142329919438	255-247-113-27	255-70-122-242
7895	4.653924964501864e-17	5.271930051416013e-05	255-24-215-202	255-212-231-53
7896	6.26863005134445e-19	6.235588354126386e-16	255-24-215-202	255-122-4-2
7897	3.781966076013423e-17	6.092729594362894e-17	255-24-215-202	255-122-4-2
7898	9.55549776998183e-13	7.108220870758176e-05	255-70-122-242	255-212-231-53
7899	1.8892251946827534e-22	6.82108156611236e-20	255-247-113-27	255-70-122-242
7900	3.277654835221341e-24	5.6257265362703e-21	255-24-215-202	255-212-231-53
7901	5.5969164548123e-10	0.0009297227041946	255-70-122-242	255-212-231-53
7902	6.646547229182848e-17	6.209240963421865e-09	255-70-122-242	255-212-231-53
7903	4.031760297527784e-23	1.0650144206581692e-19	255-70-122-242	255-212-231-53
7904	1.0750462717118852e-22	6.2383032986809586e-21	255-24-215-202	255-212-231-53
7905	1.84685809880379e-21	9.541460790921912e-20	255-24-215-202	255-212-231-53
7906	1.2358747062448984e-14	2.829596845615567e-13	255-24-215-202	255-212-231-53
7907	3.776691925795364e-18	5.503437085248094e-18	255-24-215-202	255-122-4-2
7908	3.1522443480852964e-19	2.486836982083386e-19	255-24-215-202	255-212-231-53
7909	2.810072363443393e-21	5.501299601605024e-22	255-24-215-202	255-212-231-53
7910	4.4517928499860784e-20	5.978757694673964e-22	255-24-215-202	255-122-4-2
7911	8.561522990790082e-12	4.602517572446228e-12	255-24-215-202	255-122-4-2
7912	1.9861096976883863e-24	9.410894195498222e-21	255-24-215-202	255-212-231-53
7913	1.3110897165594639e-20	3.3976810678417965e-21	255-24-215-202	255-122-4-2
7914	1.0108420126678602e-15	5.846481075687644e-17	255-24-215-202	255-122-4-2
7915	1.048599293455592e-12	1.310274597529082e-14	255-51-172-246	255-122-4-2
7916	9.20253772809318e-24	1.3603797635258591e-19	255-24-215-202	255-212-231-53
7917	0.0002262107358515	6.204736468575405e-06	255-122-4-2	255-101-252-104
7918	5.538763185702602e-12	1.4422590817536702e-12	255-24-215-202	255-122-4-2
7919	4.612226044861107e-11	5.4150567700206236e-11	255-24-215-202	255-26-209-210
7920	3.7338628798193786e-10	4.010985356693547e-10	255-24-215-202	255-26-209-210
7921	7.59443902968316e-05	4.285261870107698e-05	255-70-122-242	255-101-252-104
7922	5.2787596751847456e-15	8.953232411108249e-14	255-24-215-202	255-122-4-2
7923	3.831169931075426e-13	1.0836585453011418e-12	255-24-215-202	255-70-122-242
7924	5.691089068312653e-05	1.1471452019737863e-06	255-128-254-83	255-101-252-104
7925	0.1174915105053846	0.0015153771575286	255-247-113-27	255-101-252-104
7926	0.0003951283462539	3.522504693907888e-06	255-128-254-83	255-70-122-242
7927	6.812761119301978e-07	3.569058328846789e-07	255-53-243-148	255-70-122-242
7928	0.1778294586271116	0.0017592510605291	255-53-243-148	255-101-252-104
7929	0.0947621015281887	0.0001010598461081	255-53-243-148	255-70-122-242
7930	0.1445326863062821	0.0028385169274744	255-232-213-56	255-70-122-242
7931	0.0938640095653234	0.0159521785553029	255-128-254-83	255-70-122-242
7932	1.375742218134507e-06	4.356018398667547e-05	255-232-213-56	255-70-122-242
7933	0.0763616010488501	0.0041053249328188	255-128-254-83	255-70-122-242
7934	0.0031435572929667	0.0010587866453496	255-128-254-83	255-70-122-242
7935	0.0852453590781635	0.0151599898844528	255-128-254-83	255-70-122-242
7936	8.461649170461084e-05	0.0017656929161323	255-53-243-148	255-70-122-242
7937	0.0001789808545569	0.1136866246556688	255-232-213-56	255-70-122-242
7938	0.0001863756813246	0.0002449664985342	255-232-213-56	255-212-231-53
7939	2.2658132284141555e-10	5.900189579906521e-07	255-24-215-202	255-122-4-2
7940	1.7409058770294137e-19	1.7092513216867682e-17	255-24-215-202	255-122-4-2
7941	3.687347213297909e-22	5.958690113202528e-19	255-24-215-202	255-122-4-2
7942	4.2262033950704186e-15	2.1276614626605207e-16	255-24-215-202	255-26-209-210
7943	2.342434641219054e-12	6.377690367857177e-13	255-24-215-202	255-26-209-210
7944	4.687156032693012e-17	2.743327858356822e-16	255-51-172-246	255-122-4-2
7945	4.223508887322718e-16	8.18982992628992e-16	255-24-215-202	255-122-4-2
7946	1.8472611448636286e-16	2.665075754172939e-13	255-24-215-202	255-26-209-210
7947	1.0968154044998941e-15	2.475256641285852e-15	255-24-215-202	255-26-209-210
7948	2.1690983640780626e-17	3.9149005447035925e-14	255-24-215-202	255-26-209-210
7949	3.410581594741904e-22	1.5888189502904744e-13	255-24-215-202	255-212-231-53
7950	1.225677972886877e-23	1.6454817225891054e-16	255-70-122-242	255-212-231-53
7951	1.1210312434819125e-17	1.744657936809965e-15	255-24-215-202	255-101-252-104
7952	7.133480804107131e-12	2.5722851688339946e-13	255-24-215-202	255-26-209-210
7953	1.7898190838872422e-16	5.778953096631861e-14	255-24-215-202	255-122-4-2
7954	5.692446385370531e-11	1.3413422478550486e-10	255-24-215-202	255-101-252-104
7955	1.146118818169145e-14	5.704572332771349e-13	255-24-215-202	255-122-4-2
7956	7.19588175035363e-16	6.516171919666586e-14	255-24-215-202	255-122-4-2
7957	8.652553642710987e-13	1.5212207094149038e-11	255-24-215-202	255-122-4-2
7958	0.0047241983911167	0.0001868665424176	255-122-4-2	255-101-252-104
7959	0.0006559767785378	2.0616669020769973e-05	255-122-4-2	255-101-252-104
7960	2.568219997231956e-05	8.66176732959851e-06	255-187-244-52	255-26-209-210
7961	0.0001005585119857	5.391334786699338e-05	255-122-4-2	255-217-56-6
7962	0.0001997498662703	9.840481208666978e-05	255-24-215-202	255-101-252-104
7963	0.0569796036623399	0.0004005541864824	255-70-122-242	255-254-152-44
7964	0.1063592812280883	0.2169170297686082	255-70-122-242	255-101-252-104
7965	0.6554284223536757	0.0002937150282784	255-24-215-202	255-101-252-104
7966	0.049838742557969	0.6870758980782965	255-70-122-242	255-101-252-104
7967	0.2566189352355216	0.4613646448161489	255-70-122-242	255-101-252-104
7968	0.0001259964229005	0.0420777380534861	255-70-122-242	255-101-252-104
7969	0.0905825540215703	0.6770800445852171	255-70-122-242	255-101-252-104
7970	0.000336890259189	0.0540463028637721	255-70-122-242	255-101-252-104
7971	0.4246483639458249	0.2745725378492263	255-70-122-242	255-101-252-104
7972	2.985047532192179e-05	0.999592915973743	255-70-122-242	255-101-252-104
7973	0.0007022135861207	0.8450416391764006	255-51-172-246	255-101-252-104
7974	7.501322835544226e-05	0.0502136881160112	255-51-172-246	255-101-252-104
7975	0.0004364905301737	0.9949486208348362	255-70-122-242	255-101-252-104
7976	0.1603573265840039	0.0003994334611084	255-53-243-148	255-101-252-104
7977	1.133981380945872e-05	0.0147761098534036	255-70-122-242	255-254-152-44
7978	0.0005623374515719	0.9897566737828716	255-70-122-242	255-101-252-104
7979	0.0006152768242028	0.805332748111151	255-51-172-246	255-101-252-104
7980	0.1788035610957132	0.0001512862992505	255-128-254-83	255-101-252-104
7981	0.0457867689812415	2.2396969245310643e-05	255-128-254-83	255-101-252-104
7982	0.087801506919303	0.004138606929425	255-128-254-83	255-70-122-242
7983	4.1362533351833533e-13	4.849907293288911e-11	255-24-215-202	255-122-4-2
7984	1.841921363248144e-09	2.5537942063066425e-08	255-24-215-202	255-122-4-2
7985	6.885186323918228e-11	6.619829865546942e-11	255-24-215-202	255-122-4-2
7986	2.315963050336745e-22	2.346510908131471e-17	255-24-215-202	255-122-4-2
7987	6.441341196828754e-07	8.192407873413226e-08	255-24-215-202	255-101-252-104
7988	2.8227922895501468e-15	7.128243125450555e-15	255-24-215-202	255-122-4-2
7989	9.915249008073835e-17	2.9434437263227706e-10	255-24-215-202	255-122-4-2
7990	8.3424096540362e-17	6.162839778422925e-16	255-24-215-202	255-122-4-2
7991	2.051022330957477e-06	1.5722118178781266e-07	255-247-113-27	255-70-122-242
7992	3.2292966567510296e-11	6.622603052031505e-11	255-24-215-202	255-122-4-2
7993	8.693775591619573e-08	6.9604646314106725e-09	255-24-215-202	255-101-252-104
7994	3.483024535706748e-13	3.5789754127351133e-13	255-24-215-202	255-122-4-2
7995	8.126961268952444e-10	2.9359512257432435e-11	255-24-215-202	255-70-122-242
7996	3.890186122202845e-18	1.9480699335732425e-17	255-24-215-202	255-122-4-2
7997	1.8955137490935484e-14	1.2194857174686613e-12	255-70-122-242	255-101-252-104
7998	6.536815618370006e-11	9.788809203251892e-11	255-24-215-202	255-122-4-2
7999	2.7552470516007465e-17	2.4735818746299353e-14	255-128-254-83	255-122-4-2
8000	2.148900871327581e-08	1.3751640702540226e-08	255-24-215-202	255-70-122-242
8001	0.0009343615254936	1.5721433144630746e-05	255-128-254-83	255-101-252-104
8002	1.2212176816311364e-12	1.2665363442721103e-11	255-53-243-148	255-101-252-104
8003	1.8957645551304172e-10	3.802123497208924e-10	255-53-243-148	255-70-122-242
8004	1.0340032659466653e-06	1.14562085862697e-08	255-53-243-148	255-101-252-104
8005	4.206421988920672e-07	3.952130444566124e-06	255-122-4-2	255-70-122-242
8006	2.937583121945682e-06	2.183792673407973e-06	255-70-122-242	255-122-4-2
8007	6.572693851340881e-05	1.865242310185842e-07	255-128-254-83	255-70-122-242
8009	8.591182285242384e-05	0.9979740708406424	255-70-122-242	255-101-252-104
8010	9.99977814225392e-05	0.9720903163672898	255-70-122-242	255-101-252-104
8011	0.000768741853779	0.8180239630430445	255-70-122-242	255-101-252-104
8012	2.051434714841664e-06	0.9990265097231784	255-247-113-27	255-101-252-104
8013	1.7122063375285945e-05	0.8562016523425895	255-70-122-242	255-101-252-104
8014	1.017341132316707e-05	0.983953831048482	255-70-122-242	255-101-252-104
8015	0.0002587579193573	0.9047621745457592	255-70-122-242	255-101-252-104
8016	8.57221722391059e-05	0.9243152259223596	255-70-122-242	255-101-252-104
8017	0.0001825257791221	0.9958913561570418	255-70-122-242	255-101-252-104
8018	0.0001232512383959	0.9273967488556604	255-70-122-242	255-101-252-104
8019	0.0006768654761148	0.9915718100306186	255-70-122-242	255-101-252-104
8020	0.056609672941592	0.7016062695457375	255-70-122-242	255-101-252-104
8021	8.493973911871687e-05	0.8344347622242342	255-70-122-242	255-101-252-104
8022	8.219152573382557e-07	0.0002371886089318	255-232-213-56	255-26-209-210
8023	2.5627078053786718e-17	4.0314189829084265e-15	255-24-215-202	255-122-4-2
8024	8.4613849105821845e-19	4.9251355644546195e-11	255-247-113-27	255-122-4-2
8025	1.7419687048070942e-16	9.758575214957693e-13	255-24-215-202	255-70-122-242
8026	4.9361636157261295e-14	2.648050811470105e-12	255-24-215-202	255-122-4-2
8027	8.106128707273948e-16	5.3966919514810797e-08	255-24-215-202	255-70-122-242
8028	1.2551702033379638e-15	4.732330330700678e-15	255-24-215-202	255-122-4-2
8029	4.4491725187581165e-14	1.81527005508518e-11	255-24-215-202	255-70-122-242
8030	1.0227778552751003e-16	1.3905746139013182e-16	255-24-215-202	255-122-4-2
8031	2.4740511691940647e-10	2.4957735075227746e-10	255-247-113-27	255-70-122-242
8032	3.3909789389178474e-16	1.1951492869251762e-13	255-24-215-202	255-70-122-242
8033	3.162904545460217e-15	6.467149502690409e-14	255-247-113-27	255-212-231-53
8034	1.5553407003695798e-08	1.684002324373683e-07	255-247-113-27	255-70-122-242
8035	4.7253155467715833e-14	1.1546620203534902e-13	255-24-215-202	255-122-4-2
8036	1.3242822983378366e-15	4.320750570353258e-15	255-24-215-202	255-122-4-2
8037	1.877719564926093e-11	2.011211880407247e-11	255-24-215-202	255-70-122-242
8038	2.693235592893789e-13	3.058920169035891e-12	255-24-215-202	255-70-122-242
8039	1.8813754922166544e-11	9.481867958272087e-12	255-53-243-148	255-122-4-2
8040	3.2442464279414683e-09	8.191955394005697e-09	255-53-243-148	255-70-122-242
8041	4.738031087001942e-12	3.611893303735506e-12	255-24-215-202	255-122-4-2
8042	0.0214548490013649	0.0809697079799813	255-53-243-148	255-70-122-242
8043	0.0466692772937137	0.0001349913106028	255-70-122-242	255-101-252-104
8044	3.9290741777761667e-10	1.2892102170748258e-10	255-187-244-52	255-122-4-2
8045	0.2319631491762935	1.3129938128504676e-05	255-187-244-52	255-101-252-104
8046	0.6157904324691584	0.0055814616482263	255-247-113-27	255-70-122-242
8047	2.2687532437257043e-08	2.5176892998081293e-09	255-232-213-56	255-122-4-2
8048	6.071435968168644e-05	0.0008042540056445	255-122-4-2	255-70-122-242
8049	0.0410715328030339	0.009465799038472	255-247-113-27	255-70-122-242
8050	0.0008802967569493	0.0012161472098129	255-128-254-83	255-70-122-242
8051	0.0560834874462205	0.0013425383162006	255-247-113-27	255-70-122-242
8052	1.8210093085984044e-05	0.0001875590197481	255-122-4-2	255-70-122-242
8053	1.8612387717958808e-06	1.0707562195193693e-05	255-24-215-202	255-254-152-44
8054	0.0011836615225294	1.1454693792434369e-05	255-232-213-56	255-70-122-242
8055	0.0992370951745111	5.0610408557775866e-05	255-53-243-148	255-101-252-104
8056	0.0988923916038689	5.043461150818587e-05	255-53-243-148	255-101-252-104
8057	0.0837069366333884	5.250855426742549e-05	255-128-254-83	255-101-252-104
8058	0.0005542578569226	0.978894624468576	255-70-122-242	255-101-252-104
8059	0.0001535321653312	0.9985683571808176	255-70-122-242	255-101-252-104
8060	0.0086169739778519	0.7653869360545595	255-24-215-202	255-101-252-104
8061	0.0002974212403936	0.5976145890221027	255-70-122-242	255-101-252-104
8062	0.002799923677799	0.1502893453300502	255-70-122-242	255-101-252-104
8063	4.9744245013027774e-05	0.028684622806405	255-128-254-83	255-70-122-242
8064	5.6068828872984126e-08	0.3123315137139342	255-232-213-56	255-70-122-242
8065	2.687542944747213e-12	1.3375719991066189e-06	255-24-215-202	255-70-122-242
8066	3.205838861105292e-08	0.3670830772155003	255-232-213-56	255-70-122-242
8067	3.8144159689707766e-09	8.447206776970984e-06	255-70-122-242	255-70-122-242
8068	2.98878332953564e-07	2.0059404318590265e-06	255-70-122-242	255-70-122-242
8069	7.584660417615295e-08	0.0027440725002038	255-70-122-242	255-70-122-242
8070	7.47057531692522e-10	1.266915199629734e-06	255-247-113-27	255-70-122-242
8071	3.910302826741682e-12	6.04749864517762e-08	255-24-215-202	255-70-122-242
8072	1.1762548390189884e-05	0.0011449971506086	255-70-122-242	255-70-122-242
8073	7.288384919878074e-10	3.561602392760846e-05	255-247-113-27	255-70-122-242
8074	0.0177927911697804	0.071965487306874	255-247-113-27	255-70-122-242
8075	6.496225948733813e-07	4.966034633833404e-06	255-247-113-27	255-217-56-6
8076	0.0003303340353542	0.9404744129788288	255-232-213-56	255-70-122-242
8077	8.579359682984684e-07	7.182386757212612e-06	255-247-113-27	255-70-122-242
8078	2.334534653856833e-08	0.0228693207655253	255-24-215-202	255-70-122-242
8079	3.61851829808825e-07	0.0001594854506342	255-187-244-52	255-70-122-242
8080	0.0148163321088613	0.0010593859582726	255-232-213-56	255-70-122-242
8081	2.2016385505404106e-07	1.803647938545588e-05	255-24-215-202	255-217-56-6
8082	7.943214140833795e-06	0.1347964691640346	255-232-213-56	255-70-122-242
8083	7.370170800204654e-07	0.1516717593991796	255-247-113-27	255-70-122-242
8084	1.351572042909372e-21	3.1655114597015397e-12	255-24-215-202	255-70-122-242
8085	5.8778295065117905e-25	7.269049515960606e-14	255-24-215-202	255-122-4-2
8086	1.3009288916239686e-07	3.156636388662426e-06	255-247-113-27	255-70-122-242
8087	3.851537770433888e-10	1.1022646714992557e-05	255-247-113-27	255-122-4-2
8088	1.6152736686282613e-15	1.015329694204763e-07	255-24-215-202	255-122-4-2
8089	1.495137400636906e-13	8.719491832622773e-06	255-24-215-202	255-122-4-2
8090	1.412639334221475e-09	3.614443469073238e-06	255-24-215-202	255-70-122-242
8091	1.281668312350707e-15	8.306413902319045e-11	255-180-27-1	255-70-122-242
8092	1.6185011981253068e-06	0.0003588427213581	255-70-122-242	255-70-122-242
8093	2.5441701493669964e-08	8.097588427920975e-06	255-70-122-242	255-70-122-242
8094	1.278698760086374e-09	0.0202464892727297	255-70-122-242	255-70-122-242
8095	6.01407469504261e-10	2.5823541752616675e-06	255-70-122-242	255-70-122-242
8096	3.52786669994387e-11	0.1348033299085302	255-70-122-242	255-70-122-242
8097	1.324690421282745e-12	3.1980704717661964e-08	255-70-122-242	255-70-122-242
8098	7.142939609147704e-14	4.078578338364033e-07	255-24-215-202	255-122-4-2
8099	1.130641986415968e-08	0.0005600270646968	255-70-122-242	255-70-122-242
8100	6.831591495834197e-11	0.5028593384064461	255-24-215-202	255-254-152-44
8101	0.0003592559208357	0.0015043312445676	255-53-243-148	255-70-122-242
8102	4.521745400101702e-08	1.1567647710842114e-05	255-70-122-242	255-70-122-242
8103	1.6834005319764955e-06	7.577484933302651e-05	255-53-243-148	255-70-122-242
8104	7.221709568993022e-06	2.070024245238521e-07	255-53-243-148	255-101-252-104
8105	4.6238727659633485e-06	0.0192445718731001	255-232-213-56	255-122-4-2
8106	7.068399531330539e-07	0.0040264333677141	255-24-215-202	255-122-4-2
8107	0.0008081248999947	0.0009446414053596	255-232-213-56	255-122-4-2
8108	3.8551445125233616e-10	9.038761985116516e-07	255-247-113-27	255-70-122-242
8109	1.787716015363652e-13	1.7761593651602862e-08	255-24-215-202	255-70-122-242
8110	3.6203138328466467e-12	2.6474153655968443e-11	255-247-113-27	255-70-122-242
8111	6.864263231748038e-14	1.5119572904630473e-13	255-24-215-202	255-70-122-242
8112	6.900995336832885e-15	8.788581936085444e-14	255-24-215-202	255-26-209-210
8113	4.010162377756405e-18	2.496680049877926e-16	255-24-215-202	255-122-4-2
8114	1.1766075035163482e-24	3.935304133074816e-18	255-24-215-202	255-122-4-2
8115	5.882707844343461e-18	2.0712538661528446e-17	255-24-215-202	255-70-122-242
8116	3.0522571159327264e-15	6.484939787724331e-10	255-24-215-202	255-70-122-242
8117	9.47731824807531e-19	1.2473112615142885e-17	255-24-215-202	255-70-122-242
8118	6.459637844860001e-14	1.9238060345833122e-14	255-24-215-202	255-122-4-2
8119	5.586758255285716e-19	2.527685335310103e-17	255-24-215-202	255-70-122-242
8120	8.252670064026665e-17	5.267326160920885e-15	255-24-215-202	255-70-122-242
8121	4.137545383528941e-17	3.605402369598429e-14	255-24-215-202	255-70-122-242
8122	7.939889310270856e-12	5.452941594202743e-09	255-24-215-202	255-70-122-242
8123	0.0001502949369995	0.0011354946114174	255-232-213-56	255-70-122-242
8124	1.1829542948886131e-13	4.9123025710452177e-05	255-24-215-202	255-70-122-242
8125	9.540919317308878e-09	4.549623453366159e-07	255-247-113-27	255-70-122-242
8126	7.892737057787456e-07	0.0449288588226208	255-70-122-242	255-70-122-242
8127	1.5304316228949045e-11	8.593073572113803e-06	255-247-113-27	255-70-122-242
8128	2.8508796367290635e-10	0.4521577558126186	255-24-215-202	255-212-231-53
8129	8.676524353931167e-05	1.00202942164055e-05	255-128-254-83	255-70-122-242
8130	0.0014548075573911	0.0618092577571271	255-247-113-27	255-70-122-242
8131	3.3584194803892685e-05	0.0024005070252001	255-128-254-83	255-70-122-242
8132	5.488539465983865e-15	5.690535569544485e-07	255-70-122-242	255-122-4-2
8133	6.233359015282839e-14	8.614215807801854e-11	255-24-215-202	255-122-4-2
8134	2.374586931688485e-20	5.42553224123672e-18	255-24-215-202	255-122-4-2
8135	2.490790516855318e-21	1.2077563144836727e-17	255-24-215-202	255-122-4-2
8136	9.708368127105213e-16	4.365823391284949e-15	255-24-215-202	255-212-231-53
8137	1.151803097558405e-12	7.771741462395801e-11	255-247-113-27	255-122-4-2
8138	5.369045654579466e-12	4.893388709052215e-10	255-24-215-202	255-122-4-2
8139	4.564061483363188e-11	1.7072587206962175e-11	255-24-215-202	255-212-231-53
8140	1.0781082082681217e-18	2.3268658874690823e-18	255-24-215-202	255-101-252-104
8141	8.80684224956362e-10	4.6528838968020103e-10	255-128-254-83	255-70-122-242
8142	6.711160458515766e-14	1.1790920630356822e-13	255-122-4-2	255-101-252-104
8143	8.752643500123619e-16	4.881585939020427e-15	255-24-215-202	255-101-252-104
8144	1.4335094354696312e-09	2.8773649882142133e-10	255-128-254-83	255-122-4-2
8145	5.792823096304946e-13	4.723649656980284e-13	255-24-215-202	255-122-4-2
8146	1.91260201158863e-13	2.2191768133050204e-12	255-180-27-1	255-101-252-104
8147	2.5924727494861067e-11	2.0288233099544152e-11	255-24-215-202	255-122-4-2
8148	5.200894085231261e-11	2.0345555290125734e-11	255-24-215-202	255-122-4-2
8149	2.0002492155140563e-08	4.2429669228763165e-09	255-128-254-83	255-122-4-2
8150	1.4683268674028832e-15	1.0392957330173589e-13	255-24-215-202	255-122-4-2
8151	5.825671201676371e-10	2.8804605277589707e-09	255-247-113-27	255-101-252-104
8152	4.298295446992818e-15	1.0663478209618028e-14	255-24-215-202	255-122-4-2
8153	3.172913183103223e-15	3.2057389704605115e-14	255-24-215-202	255-122-4-2
8154	1.0807412612335491e-16	3.2066217268390084e-15	255-24-215-202	255-122-4-2
8155	5.354643472274473e-15	8.872244572296894e-14	255-24-215-202	255-122-4-2
8156	1.4721182577259807e-14	2.0631651790555147e-14	255-24-215-202	255-122-4-2
8157	6.1856594911563065e-15	8.756643364750765e-15	255-24-215-202	255-122-4-2
8158	3.671736521050768e-15	2.7840506779333654e-13	255-70-122-242	255-101-252-104
8159	1.2657163411360721e-08	7.6087074446331775e-06	255-24-215-202	255-70-122-242
8160	3.042349902630821e-11	4.2012544689860786e-11	255-53-243-148	255-122-4-2
8161	5.309436574512347e-15	3.6239426012098e-12	255-70-122-242	255-101-252-104
8162	3.16477382426485e-14	6.527086693434111e-14	255-24-215-202	255-122-4-2
8163	7.137834541476935e-13	1.183014176282498e-12	255-24-215-202	255-101-252-104
8164	4.230894170870387e-06	1.4717344945198565e-07	255-53-243-148	255-70-122-242
8165	7.37411027198287e-11	1.5851442246912758e-11	255-53-243-148	255-101-252-104
8166	4.445428218254016e-07	5.012937052505764e-07	255-24-215-202	255-122-4-2
8167	3.8689119177729054e-11	4.1178991264133936e-11	255-24-215-202	255-122-4-2
8168	7.319122754360163e-18	1.670515356912785e-16	255-24-215-202	255-101-252-104
8169	3.2136448337991232e-12	4.365709855211245e-12	255-24-215-202	255-122-4-2
8170	1.13806688515941e-10	8.953565480994903e-11	255-128-254-83	255-122-4-2
8171	0.0003296577283564	1.9839052029336397e-06	255-128-254-83	255-122-4-2
8172	0.0001332113095775	0.000190128064463	255-70-122-242	255-212-231-53
8173	0.0078762621939341	0.0001567808713549	255-128-254-83	255-122-4-2
8174	0.0001107830038869	0.0036110994136078	255-70-122-242	255-212-231-53
8175	2.8492183636644725e-10	1.6490806726438563e-08	255-24-215-202	255-212-231-53
8176	0.0002626067277591	0.0622048196694423	255-53-243-148	255-70-122-242
8177	1.0540615851306432e-09	6.549870177746224e-09	255-53-243-148	255-70-122-242
8178	2.37770138655418e-05	0.0009026632073525	255-70-122-242	255-70-122-242
8179	1.1492549535580557e-07	3.160675189013148e-06	255-53-243-148	255-70-122-242
8180	1.29678432867418e-06	0.0110822990221716	255-70-122-242	255-70-122-242
8181	1.2173508209662377e-06	4.1848648410228426e-05	255-128-254-83	255-70-122-242
8182	4.906306563660167e-08	0.0001326798474213	255-53-243-148	255-70-122-242
8183	3.485692691913797e-18	2.688601971081529e-15	255-24-215-202	255-212-231-53
8184	5.84755103559315e-17	5.889564068766606e-14	255-24-215-202	255-70-122-242
8185	3.666700745290849e-16	1.7252249010994997e-12	255-247-113-27	255-122-4-2
8186	5.1908927908590925e-19	1.3484853032112449e-17	255-180-27-1	255-70-122-242
8187	1.0648343791357348e-11	1.861077165805513e-07	255-247-113-27	255-122-4-2
8188	2.786405387156448e-16	3.299319570136541e-07	255-70-122-242	255-122-4-2
8189	6.832892210249435e-23	8.023395299967824e-19	255-180-27-1	255-122-4-2
8190	1.0270856376703032e-11	1.354296948129505e-07	255-70-122-242	255-212-231-53
8191	3.1090510976190605e-23	1.6498659100216268e-19	255-24-215-202	255-212-231-53
8192	9.085668694102173e-16	2.1740507108177024e-09	255-70-122-242	255-122-4-2
8193	1.1963282440436705e-12	5.419645200948216e-06	255-232-213-56	255-254-152-44
8194	3.44997417487392e-12	8.137129874997008e-05	255-232-213-56	255-254-152-44
8195	3.1547468279525335e-29	9.281685237595217e-24	255-24-215-202	255-212-231-53
8196	3.946901801658797e-17	2.418792902444194e-16	255-24-215-202	255-122-4-2
8197	2.0735866824823704e-26	8.236605768330123e-22	255-24-215-202	255-212-231-53
8198	4.0020738875623e-17	2.0605869991592072e-16	255-70-122-242	255-212-231-53
8199	1.6742547172267214e-20	3.839118634124801e-19	255-70-122-242	255-212-231-53
8200	4.3306982578037285e-26	1.2531458386879857e-21	255-24-215-202	255-212-231-53
8201	5.517121498560242e-26	1.3485358155087725e-21	255-24-215-202	255-212-231-53
8202	1.7890234452691486e-23	5.751254811249336e-22	255-24-215-202	255-212-231-53
8203	7.652379639991582e-24	1.2772281106959955e-20	255-24-215-202	255-212-231-53
8204	3.7379910270931386e-07	4.039906770792418e-07	255-24-215-202	255-101-252-104
8205	1.3596135836393034e-09	1.4175638492859235e-09	255-187-244-52	255-122-4-2
8206	0.0006639006280145	4.260119186724887e-05	255-70-122-242	255-101-252-104
8207	6.254298056079407e-15	3.970680923154167e-14	255-24-215-202	255-122-4-2
8208	1.3570127774675478e-13	4.711019790475288e-13	255-24-215-202	255-122-4-2
8209	9.025193398570568e-15	7.761187680894852e-13	255-24-215-202	255-122-4-2
8210	1.1007012925211652e-08	1.323386998337326e-08	255-187-244-52	255-122-4-2
8211	2.01013563891968e-06	6.734052504509494e-07	255-70-122-242	255-101-252-104
8212	0.0001217680749365	6.677809298909032e-05	255-70-122-242	255-101-252-104
8213	1.2334464081086504e-15	3.3984472808844866e-14	255-24-215-202	255-122-4-2
8214	1.7605451980296915e-08	3.455548914233892e-09	255-53-243-148	255-101-252-104
8215	2.02294844903793e-09	2.5879652851537142e-09	255-53-243-148	255-70-122-242
8216	1.198718329840624e-07	2.1817257128735226e-08	255-128-254-83	255-101-252-104
8217	5.54086111503761e-08	6.436513586297537e-09	255-53-243-148	255-70-122-242
8218	0.0507371085842092	0.2644299805988266	255-70-122-242	255-101-252-104
8219	0.0688648353800458	0.0101805723631775	255-122-4-2	255-70-122-242
8220	0.0074623750973294	0.0196783054441629	255-70-122-242	255-101-252-104
8221	2.3974823726313396e-08	1.1727200375019222e-08	255-24-215-202	255-212-231-53
8222	1.1899708813089614e-06	3.6941780729306567e-05	255-24-215-202	255-70-122-242
8223	0.0992683533555258	0.0004592151856421	255-122-4-2	255-101-252-104
8224	0.0440209335188428	0.0001729153112091	255-247-113-27	255-70-122-242
8225	0.0002187570815714	0.0014367491626514	255-53-243-148	255-70-122-242
8226	0.0989426675767393	8.642658372321091e-05	255-128-254-83	255-101-252-104
8227	1.044125355452638e-05	0.0001011329164592	255-128-254-83	255-70-122-242
8228	2.3815944011692576e-06	3.47784112567788e-06	255-232-213-56	255-70-122-242
8229	0.0012964953426809	0.3820276101681195	255-232-213-56	255-70-122-242
8230	7.4376430030992e-08	0.1168267803869385	255-232-213-56	255-70-122-242
8231	2.2456336898291845e-07	0.0095094830530429	255-247-113-27	255-212-231-53
8232	2.1624564650718788e-08	2.247879255271808e-07	255-128-254-83	255-212-231-53
8233	9.202641412605505e-06	0.0001605702359347	255-128-254-83	255-212-231-53
8234	0.0818078017508562	0.0004458474631677	255-128-254-83	255-70-122-242
8235	3.570753201134686e-11	1.253452415085959e-07	255-24-215-202	255-122-4-2
8236	7.236554907459678e-07	0.0007721681913713	255-247-113-27	255-122-4-2
8237	3.372079605657152e-07	3.9171323927815036e-08	255-24-215-202	255-122-4-2
8238	6.538067009073556e-17	2.5537479355820303e-14	255-24-215-202	255-212-231-53
8239	2.6520664337855666e-17	1.301235561812314e-15	255-24-215-202	255-212-231-53
8240	5.884497927172539e-19	2.0067493685163896e-16	255-24-215-202	255-122-4-2
8241	1.6104010339501023e-20	8.420846280953838e-19	255-24-215-202	255-122-4-2
8242	1.4297520755449373e-15	7.998823926425684e-16	255-24-215-202	255-122-4-2
8243	2.81556154803494e-15	8.163685620426122e-14	255-24-215-202	255-122-4-2
8244	7.761469354563144e-14	6.249705246994818e-14	255-24-215-202	255-122-4-2
8245	5.055373160476157e-17	3.2426013805925986e-15	255-24-215-202	255-122-4-2
8246	1.2123277639747988e-16	2.3883575260022766e-16	255-24-215-202	255-26-209-210
8247	1.2252902291087547e-20	3.344939354433949e-19	255-24-215-202	255-122-4-2
8248	7.595802061084877e-19	4.225005849934847e-18	255-24-215-202	255-122-4-2
8249	7.013365537307123e-16	7.760317387449792e-14	255-24-215-202	255-122-4-2
8250	5.4283984331524595e-18	6.187188659449438e-16	255-24-215-202	255-122-4-2
8251	3.13140974311882e-18	2.1266323917314292e-16	255-24-215-202	255-122-4-2
8252	9.98996659323825e-18	4.60538101993063e-16	255-24-215-202	255-122-4-2
8253	2.070511521287338e-16	4.781095928251598e-15	255-24-215-202	255-122-4-2
8254	7.966277454035332e-13	5.0393529454222247e-11	255-24-215-202	255-122-4-2
8255	1.8861954928742688e-12	2.1875185254363582e-10	255-24-215-202	255-122-4-2
8256	4.2601591145518616e-14	3.738088188286168e-12	255-24-215-202	255-122-4-2
8257	4.853036295417793e-09	1.3098505900548372e-07	255-24-215-202	255-122-4-2
8258	4.141045489754256e-06	1.3130030407398304e-07	255-53-243-148	255-101-252-104
8259	2.2094410877255384e-06	3.842496534035828e-05	255-232-213-56	255-70-122-242
8260	1.1577805892366322e-05	3.0318658844875975e-05	255-70-122-242	255-122-4-2
8261	0.1483760736456609	0.0018934518502932	255-24-215-202	255-101-252-104
8262	3.786396989479578e-05	2.352300497141337e-05	255-24-215-202	255-254-152-44
8263	0.0161062396388386	0.9338917265351308	255-24-215-202	255-101-252-104
8264	0.0094107787820946	0.060767986604084	255-180-27-1	255-101-252-104
8265	0.0073417777423776	0.9662197961990988	255-70-122-242	255-101-252-104
8266	0.002585035320388	0.997014148436256	255-24-215-202	255-101-252-104
8267	3.53599819342238e-06	0.9958181220957452	255-180-27-1	255-101-252-104
8268	1.099350752871579e-05	0.999348802143603	255-70-122-242	255-101-252-104
8269	0.1207483397225881	0.1188297336398689	255-53-243-148	255-101-252-104
8270	7.316767343852054e-06	0.983709151462508	255-70-122-242	255-101-252-104
8271	0.0001019831103313	0.9561348913792482	255-70-122-242	255-101-252-104
8272	2.822030139028618e-05	0.9954866650591768	255-70-122-242	255-101-252-104
8273	0.2634590248071489	0.0069308744241293	255-53-243-148	255-101-252-104
8274	0.0174886242673627	0.2045772992202464	255-232-213-56	255-70-122-242
8275	1.498682574447112e-17	5.2081079097840896e-14	255-24-215-202	255-70-122-242
8276	2.2738003501422614e-12	4.373603140306709e-12	255-24-215-202	255-122-4-2
8277	3.565376546506017e-10	5.9057596011054545e-09	255-247-113-27	255-122-4-2
8278	1.3445990299029316e-21	1.2398134703938296e-17	255-24-215-202	255-122-4-2
8279	5.7555146888202845e-25	1.2599286743342307e-21	255-24-215-202	255-122-4-2
8280	8.474480383017027e-17	1.948257366904241e-15	255-24-215-202	255-122-4-2
8281	3.965466295400293e-15	3.9188260732124116e-14	255-24-215-202	255-122-4-2
8282	1.1227419825620123e-17	9.468736437085546e-17	255-24-215-202	255-122-4-2
8283	8.050183756626153e-09	5.928115986819383e-09	255-24-215-202	255-70-122-242
8284	1.1475621186540444e-15	1.2496009659057882e-14	255-70-122-242	255-122-4-2
8285	4.6715909532397e-15	7.847240306464978e-15	255-24-215-202	255-122-4-2
8286	3.706055276670221e-12	3.3534703046420786e-12	255-70-122-242	255-212-231-53
8287	2.8361936272367383e-10	2.7978325439957525e-10	255-24-215-202	255-122-4-2
8288	5.068734551920701e-17	2.7603327801228822e-14	255-70-122-242	255-101-252-104
8289	3.2614498113809767e-10	2.9768104461282007e-10	255-70-122-242	255-122-4-2
8290	4.900325704651998e-13	6.03509998743709e-13	255-24-215-202	255-122-4-2
8291	3.6811820587008035e-10	2.650717924268196e-10	255-24-215-202	255-122-4-2
8292	1.6008974028203325e-08	1.4199259783613231e-09	255-128-254-83	255-122-4-2
8293	1.4743480928520612e-16	1.2366880324374294e-14	255-24-215-202	255-122-4-2
8294	3.015267499329713e-09	1.0221693351034466e-09	255-128-254-83	255-122-4-2
8295	4.5127137778715155e-18	1.004782553335331e-16	255-24-215-202	255-122-4-2
8296	1.073591467770035e-06	1.8840415662884574e-07	255-53-243-148	255-70-122-242
8297	7.27790433087645e-11	6.330848884545363e-11	255-53-243-148	255-122-4-2
8298	3.5243476894901994e-05	0.0025886657750036	255-247-113-27	255-70-122-242
8299	1.8478113664495935e-06	1.34857015479911e-06	255-53-243-148	255-70-122-242
8300	9.665707764920544e-08	1.9844371878933222e-08	255-70-122-242	255-101-252-104
8301	0.0030210089849033	0.0088095699119231	255-70-122-242	255-101-252-104
8302	0.0842189484442302	0.608550851727432	255-70-122-242	255-101-252-104
8303	0.021187335437222	0.0005034895123917	255-24-215-202	255-101-252-104
8304	0.0035311113199496	0.1643567860325583	255-70-122-242	255-101-252-104
8305	0.0157608340468972	0.4208911293424499	255-70-122-242	255-101-252-104
8306	0.0294032762091871	0.8606216411944716	255-24-215-202	255-101-252-104
8307	0.019055556269242	0.9523756224317412	255-70-122-242	255-101-252-104
8308	3.70469323685698e-05	0.9852957773989656	255-70-122-242	255-101-252-104
8309	5.6185769789838855e-06	0.5217461073339452	255-70-122-242	255-101-252-104
8310	4.752691008345516e-05	0.998485642806498	255-70-122-242	255-101-252-104
8311	1.9408824485576837e-06	0.9910406575062448	255-70-122-242	255-101-252-104
8312	4.587204478524607e-06	0.5233967651023167	255-70-122-242	255-101-252-104
8313	3.7284195225354816e-06	0.9974183919224044	255-70-122-242	255-101-252-104
8314	4.587913431181846e-05	0.9984208456636136	255-70-122-242	255-101-252-104
8315	0.0002580500317796	0.999701689736038	255-70-122-242	255-101-252-104
8316	0.0020129214573191	0.984165585742171	255-70-122-242	255-101-252-104
8317	0.0029840479354919	0.7990768350828109	255-24-215-202	255-101-252-104
8318	8.6427222975505e-13	0.0077688686501457	255-24-215-202	255-212-231-53
8319	8.040517082589903e-13	2.1559256042541644e-08	255-128-254-83	255-70-122-242
8320	2.538432422509059e-12	1.330003298595341e-05	255-232-213-56	255-70-122-242
8321	2.3236163343831586e-18	1.2700612379953509e-08	255-24-215-202	255-70-122-242
8322	1.8722412920996082e-17	1.3622014692053072e-14	255-24-215-202	255-122-4-2
8323	2.2836082522345285e-17	1.4390045922025628e-16	255-24-215-202	255-70-122-242
8324	1.706427102239182e-21	1.2170719834113158e-18	255-24-215-202	255-212-231-53
8325	2.232710607803392e-20	4.221203151984708e-18	255-24-215-202	255-70-122-242
8326	2.856893487052584e-07	0.0002014178043426	255-128-254-83	255-70-122-242
8327	7.312165957011818e-18	2.7588732656810803e-16	255-24-215-202	255-70-122-242
8328	1.147838993056006e-15	1.0350586570052701e-13	255-24-215-202	255-70-122-242
8329	1.050216644982986e-09	0.0214174789371969	255-232-213-56	255-70-122-242
8330	1.597583219397494e-15	7.245652669213824e-15	255-24-215-202	255-70-122-242
8331	1.4169533127447937e-13	2.35930811837024e-13	255-24-215-202	255-122-4-2
8332	3.406685065055019e-13	3.737037044364761e-13	255-70-122-242	255-122-4-2
8333	3.406685065055019e-13	3.737037044364761e-13	255-70-122-242	255-122-4-2
8334	1.052428470767186e-06	5.326410159933483e-09	255-128-254-83	255-122-4-2
8335	2.5386867269489125e-05	4.450660966777837e-06	255-128-254-83	255-70-122-242
8336	0.010370941856614	3.838892560986138e-06	255-128-254-83	255-101-252-104
8337	4.243104833791765e-07	1.805118232547441e-05	255-70-122-242	255-212-231-53
8338	2.991077761156843e-09	1.275331598042132e-05	255-24-215-202	255-212-231-53
8339	0.0026385159545096	0.0020374978843476	255-70-122-242	255-101-252-104
8340	2.8712477847474133e-10	1.1243151282172309e-07	255-24-215-202	255-212-231-53
8341	7.870205327380756e-05	2.8858610433614183e-05	255-128-254-83	255-70-122-242
8342	0.1154302458473345	0.8467026983834878	255-70-122-242	255-101-252-104
8343	0.0577790411267971	0.934433293310992	255-70-122-242	255-101-252-104
8344	0.002428208110015	0.9965362383083568	255-70-122-242	255-101-252-104
8345	0.0418412019987134	0.9389153454083988	255-70-122-242	255-101-252-104
8346	0.0228098025554951	0.2512287347793306	255-70-122-242	255-101-252-104
8347	0.0028343770508935	0.0787341709156576	255-70-122-242	255-101-252-104
8348	1.7184364979734171e-06	0.0920936639410571	255-232-213-56	255-70-122-242
8349	1.2857299390425188e-14	0.00044686584909	255-24-215-202	255-70-122-242
8350	9.217453294418481e-24	4.3048076675805053e-10	255-24-215-202	255-212-231-53
8351	2.011139486997008e-15	0.0017040366659627	255-247-113-27	255-70-122-242
8352	5.357158691413605e-12	0.2322340397026145	255-247-113-27	255-70-122-242
8353	8.824583691069279e-08	0.0049041198556098	255-24-215-202	255-70-122-242
8354	4.395355061645615e-09	0.7829270142335288	255-70-122-242	255-70-122-242
8355	1.4797304453192565e-07	4.331121725302407e-05	255-24-215-202	255-70-122-242
8356	6.256515606309611e-07	0.0041059862375985	255-70-122-242	255-70-122-242
8357	3.0520502199765004e-10	0.0256544144330807	255-24-215-202	255-70-122-242
8358	1.278390711681496e-11	2.1500468836616985e-07	255-70-122-242	255-70-122-242
8359	3.76716298539143e-07	0.0014230074396136	255-70-122-242	255-70-122-242
8360	1.8408742632670727e-09	4.726745591377628e-07	255-70-122-242	255-70-122-242
8361	4.7711347141651865e-08	0.0029780323958929	255-70-122-242	255-70-122-242
8362	2.4322756507147798e-11	4.354802802250437e-05	255-247-113-27	255-70-122-242
8364	2.373542019664557e-08	5.892263185236786e-07	255-24-215-202	255-70-122-242
8365	5.0994715606633625e-11	2.617231716050786e-09	255-222-62-8	255-122-4-2
8366	6.078541669230848e-06	0.0058261316039451	255-70-122-242	255-70-122-242
8367	3.0143336384917795e-11	4.243175620857978e-11	255-247-113-27	255-70-122-242
8368	5.477239752968175e-10	3.432914261836795e-05	255-24-215-202	255-70-122-242
8369	0.0473475998805924	0.0181540875926929	255-53-243-148	255-70-122-242
8370	8.726200820345152e-08	0.0005296343436743	255-70-122-242	255-70-122-242
8371	8.034860577610557e-08	9.833402730364204e-05	255-247-113-27	255-70-122-242
8372	6.312064278708262e-10	8.451958581317132e-07	255-70-122-242	255-70-122-242
8373	1.5455361858195287e-09	3.620714312272387e-07	255-247-113-27	255-70-122-242
8374	0.0001563910855938	0.0244376958509692	255-232-213-56	255-70-122-242
8375	0.122714090565522	0.0005469422489086	255-128-254-83	255-101-252-104
8376	0.1856839298143951	0.0003828343607852	255-128-254-83	255-101-252-104
8377	0.0001422704272993	5.8776553138349226e-06	255-128-254-83	255-101-252-104
8378	7.618578625989975e-05	0.0201652020831103	255-128-254-83	255-254-152-44
8379	2.240017245341095e-09	0.0068305624806736	255-128-254-83	255-70-122-242
8380	3.961326183961127e-11	0.0003552653858419	255-70-122-242	255-70-122-242
8381	3.170178050819296e-05	0.0008154052157986	255-247-113-27	255-70-122-242
8382	1.5990131942351962e-09	4.738608847361141e-08	255-128-254-83	255-70-122-242
8383	1.126539059452923e-06	2.068011238073685e-05	255-70-122-242	255-70-122-242
8385	1.7896240283042332e-06	1.2757473535450255e-05	255-247-113-27	255-70-122-242
8386	7.649198766083594e-08	0.0001625820203396	255-70-122-242	255-70-122-242
8387	5.814250221291061e-07	4.0389610815917935e-06	255-70-122-242	255-70-122-242
8388	1.2633446969758712e-08	0.0003650598253525	255-247-113-27	255-70-122-242
8389	2.5858395989543787e-10	0.0003048220724833	255-232-213-56	255-212-231-53
8390	5.014413493051626e-15	1.074031711635548e-05	255-24-215-202	255-217-56-6
8391	2.1653100824154512e-14	6.305088631779447e-05	255-24-215-202	255-122-4-2
8392	1.0107142127694045e-12	0.0006143112229671	255-232-213-56	255-70-122-242
8393	1.5593357343003026e-09	0.0082098621055006	255-70-122-242	255-70-122-242
8394	1.1789310922312224e-12	2.1419840441495675e-06	255-24-215-202	255-70-122-242
8395	5.381937411190837e-09	8.127956732170667e-06	255-247-113-27	255-70-122-242
8396	9.333523808494772e-10	1.7830649549898207e-05	255-232-213-56	255-122-4-2
8397	6.517578932849566e-09	0.0037754515219492	255-24-215-202	255-70-122-242
8398	7.884546317990135e-12	5.915915491187792e-10	255-247-113-27	255-70-122-242
8399	6.806920731000623e-08	8.888092504472598e-09	255-24-215-202	255-122-4-2
8400	0.0011860131693023	9.260598461276816e-05	255-247-113-27	255-101-252-104
8401	6.005553688635817e-15	5.331370555386081e-10	255-24-215-202	255-70-122-242
8402	1.5357333701287024e-12	0.0003669493756733	255-24-215-202	255-122-4-2
8403	1.911407743690717e-09	5.636895319263912e-06	255-128-254-83	255-70-122-242
8404	5.015898889994149e-15	7.469432517741763e-09	255-24-215-202	255-70-122-242
8405	1.40825175920953e-16	1.1288875751637852e-10	255-180-27-1	255-70-122-242
8406	1.861182844137268e-16	2.6456844594690265e-10	255-24-215-202	255-70-122-242
8407	0.0009983782340248	0.017624722524166	255-70-122-242	255-70-122-242
8408	1.8908211868761488e-17	3.0667384129234284e-13	255-70-122-242	255-212-231-53
8409	1.9359089296352506e-13	2.6396473124426084e-05	255-247-113-27	255-212-231-53
8410	2.3061174513792983e-09	0.0005735606851071	255-247-113-27	255-70-122-242
8411	2.7741744875124393e-14	1.2185192693538998e-08	255-70-122-242	255-26-209-210
8412	0.0002307151214141	0.4420786644464022	255-128-254-83	255-70-122-242
8413	2.0376597143796066e-07	0.000154891072113	255-128-254-83	255-70-122-242
8414	4.6489542802514526e-12	8.021155670990323e-08	255-70-122-242	255-212-231-53
8415	4.6702514288212037e-14	4.3499394460946394e-08	255-24-215-202	255-122-4-2
8416	7.118319018552424e-11	5.0901080498739965e-09	255-24-215-202	255-122-4-2
8417	8.684723413839913e-11	1.4371282671750743e-11	255-128-254-83	255-101-252-104
8418	2.454321214825078e-13	2.1300016071469894e-13	255-24-215-202	255-122-4-2
8419	4.5469655968717656e-08	1.0768669451615416e-08	255-128-254-83	255-101-252-104
8420	1.6024410692820247e-11	6.359707952922834e-12	255-24-215-202	255-101-252-104
8421	0.0010091297576717	8.52360268700309e-06	255-128-254-83	255-101-252-104
8422	3.418893253854481e-11	2.870083368910493e-09	255-128-254-83	255-212-231-53
8423	4.360859279031704e-08	2.7183788987691853e-08	255-24-215-202	255-122-4-2
8424	4.424553725385505e-06	8.372774871050346e-07	255-122-4-2	255-212-231-53
8425	8.039172493565707e-10	6.14864035982514e-08	255-24-215-202	255-122-4-2
8426	1.3440984423368249e-08	5.1808887144662426e-08	255-128-254-83	255-212-231-53
8427	2.3037188050097855e-13	8.132181185646719e-11	255-24-215-202	255-122-4-2
8428	3.625867639101702e-07	4.4934665697226267e-07	255-24-215-202	255-122-4-2
8429	6.043625946921708e-16	1.4551356482917833e-14	255-24-215-202	255-212-231-53
8430	5.704131349870186e-15	1.4160916184337476e-14	255-24-215-202	255-122-4-2
8431	9.772333921337288e-11	2.801590690538537e-10	255-24-215-202	255-122-4-2
8432	1.2981641009391017e-15	6.883895882956172e-14	255-24-215-202	255-122-4-2
8433	1.7975186884405222e-14	1.409133854272782e-12	255-24-215-202	255-122-4-2
8434	2.121635183080608e-11	3.3612417006611253e-13	255-24-215-202	255-101-252-104
8435	9.516520454252735e-15	3.6512616495856094e-14	255-24-215-202	255-122-4-2
8436	1.0120961951918765e-13	3.32924631230198e-12	255-53-243-148	255-122-4-2
8437	3.6606929438772253e-16	5.4875602018750825e-14	255-24-215-202	255-122-4-2
8438	1.0848184204529066e-11	4.228269754690684e-11	255-24-215-202	255-122-4-2
8439	1.1497249140486506e-12	2.0111809828516986e-12	255-24-215-202	255-122-4-2
8440	1.525848184953856e-13	3.056013970406644e-13	255-24-215-202	255-122-4-2
8441	7.454788867712601e-16	1.320533859140176e-13	255-24-215-202	255-122-4-2
8442	5.852677118042782e-14	7.355740372717401e-13	255-24-215-202	255-122-4-2
8443	7.001118394145619e-11	2.9308739549013656e-11	255-24-215-202	255-122-4-2
8444	4.408363834341767e-12	2.6874955879316848e-11	255-24-215-202	255-122-4-2
8445	7.066805452652879e-12	1.3560328860280642e-11	255-53-243-148	255-122-4-2
8446	6.51488435375894e-08	2.300598913423271e-09	255-53-243-148	255-101-252-104
8447	5.358137138463694e-07	5.4764672095284785e-09	255-53-243-148	255-70-122-242
8448	0.0031213508420019	0.0095428162997181	255-70-122-242	255-101-252-104
8449	1.2023492761090488e-05	0.000211273096918	255-70-122-242	255-101-252-104
8450	0.0041974224268643	0.0012848640716206	255-53-243-148	255-101-252-104
8451	5.175225497552727e-05	2.1508880112125768e-05	255-24-215-202	255-122-4-2
8452	0.0232608103204383	3.096275957929363e-05	255-53-243-148	255-101-252-104
8453	0.5708280658726754	4.230046919774656e-05	255-53-243-148	255-101-252-104
8454	4.979682908364019e-16	5.899959796725648e-09	255-24-215-202	255-70-122-242
8455	5.5445820164571e-16	1.1950160672918914e-10	255-24-215-202	255-70-122-242
8456	1.7470826534306632e-08	8.064392721554489e-07	255-24-215-202	255-70-122-242
8457	1.9571931796596372e-07	6.054223673893676e-06	255-70-122-242	255-70-122-242
8458	2.216678638407314e-08	0.0013943729432622	255-70-122-242	255-70-122-242
8459	1.6990797220141884e-07	3.959912086152362e-05	255-70-122-242	255-70-122-242
8460	1.6282057033979297e-08	4.597514658398211e-06	255-24-215-202	255-70-122-242
8461	5.110866824192736e-09	0.0042918113537508	255-24-215-202	255-70-122-242
8462	4.318244698464691e-12	1.636729656796602e-09	255-24-215-202	255-122-4-2
8463	3.8632759994183784e-08	1.643612276726223e-07	255-232-213-56	255-122-4-2
8464	9.673666160746313e-08	7.519541081817967e-07	255-24-215-202	255-122-4-2
8465	8.667214693208939e-13	3.6682612197607657e-11	255-24-215-202	255-122-4-2
8466	2.839621411062607e-12	1.7309984073486796e-09	255-24-215-202	255-122-4-2
8467	2.987847146133416e-18	2.0536503662073192e-17	255-24-215-202	255-70-122-242
8468	2.456844165062048e-10	3.5621650179429645e-11	255-128-254-83	255-101-252-104
8469	1.2533094963820586e-11	6.993306623838129e-10	255-24-215-202	255-122-4-2
8470	5.979790218636112e-18	5.3070571465548926e-15	255-24-215-202	255-212-231-53
8471	1.1274468025252832e-11	1.3722339503124564e-11	255-24-215-202	255-101-252-104
8472	1.5104924640404834e-14	8.377905301328413e-13	255-128-254-83	255-212-231-53
8473	1.675089744033951e-18	6.437302070985505e-19	255-24-215-202	255-101-252-104
8474	1.123934415717359e-16	1.6913058079136041e-15	255-24-215-202	255-122-4-2
8475	3.012232133017611e-24	2.1210060273530838e-20	255-24-215-202	255-212-231-53
8476	8.289397520352182e-19	3.312212140878587e-17	255-24-215-202	255-122-4-2
8477	4.081573718856225e-17	3.9397602185571484e-16	255-24-215-202	255-122-4-2
8478	1.802612416795054e-18	6.814467510587689e-17	255-24-215-202	255-122-4-2
8479	0.0010066150476952	0.0002337582613746	255-247-113-27	255-26-209-210
8480	9.992687655461817e-08	3.8123536575322486e-07	255-24-215-202	255-122-4-2
8481	2.398225222311264e-05	1.0768927747009539e-07	255-187-244-52	255-101-252-104
8482	1.0028339258515264e-14	2.884341556002604e-13	255-24-215-202	255-122-4-2
8483	1.6686453988293567e-13	6.457594490810796e-12	255-24-215-202	255-122-4-2
8484	1.543019529037037e-07	1.3106255038245297e-06	255-70-122-242	255-70-122-242
8485	1.4748457223808328e-10	1.4089783780439423e-10	255-53-243-148	255-70-122-242
8486	1.2548079659073418e-07	4.2727540099198116e-08	255-70-122-242	255-101-252-104
8487	1.242660937073071e-13	4.1039019371035685e-14	255-53-243-148	255-122-4-2
8488	1.788421924052499e-06	3.048018076152604e-07	255-70-122-242	255-101-252-104
8489	2.3934028353674706e-05	2.8453021612214214e-06	255-70-122-242	255-101-252-104
8490	0.2679117716052861	0.3440864526028152	255-70-122-242	255-101-252-104
8491	0.0005272676740249	0.0301424538715083	255-70-122-242	255-212-231-53
8492	3.661582468493086e-05	5.541901181301821e-05	255-70-122-242	255-212-231-53
8493	1.4165252549782812e-06	1.7155716026274704e-06	255-70-122-242	255-101-252-104
8494	1.7050278444759943e-11	1.99659481618326e-09	255-128-254-83	255-70-122-242
8495	0.0937084008415974	0.0105474638330412	255-232-213-56	255-70-122-242
8496	9.081210875235296e-05	9.365180589240708e-05	255-128-254-83	255-70-122-242
8497	0.0146182040434662	0.0343672021737906	255-70-122-242	255-101-252-104
8498	6.91759019616178e-08	2.0888046051548192e-05	255-24-215-202	255-70-122-242
8499	7.21836361116737e-05	0.0012905990828661	255-70-122-242	255-101-252-104
8500	0.0001427038890305	0.0035777822614978	255-24-215-202	255-70-122-242
8501	1.220339710936122e-10	2.412691816252492e-09	255-247-113-27	255-122-4-2
8502	3.8993014733186365e-10	5.313134714977936e-11	255-24-215-202	255-101-252-104
8503	1.2191407665529724e-08	2.9719384687952743e-09	255-24-215-202	255-101-252-104
8504	4.3212834684543246e-10	2.1079349074668644e-10	255-24-215-202	255-122-4-2
8505	1.266395083074644e-13	5.691771484722321e-13	255-24-215-202	255-122-4-2
8506	1.3106895313162964e-11	3.91039266590056e-12	255-24-215-202	255-122-4-2
8507	3.583812011143295e-17	1.0699857244227339e-16	255-24-215-202	255-122-4-2
8508	1.1548119866441138e-12	1.4541476313864665e-12	255-24-215-202	255-122-4-2
8509	4.467061963679953e-14	1.3130302230354285e-13	255-24-215-202	255-122-4-2
8510	1.3373483612707092e-16	2.15164629301572e-15	255-24-215-202	255-122-4-2
8511	1.2222012675532784e-14	4.457101639790688e-15	255-24-215-202	255-122-4-2
8512	2.862601551359032e-18	1.759289178780634e-15	255-24-215-202	255-122-4-2
8513	1.0734515743939382e-11	1.1936743763385019e-10	255-24-215-202	255-122-4-2
8514	5.400429214532499e-15	1.7081110964937168e-12	255-24-215-202	255-122-4-2
8515	6.715048383430494e-17	7.156983057798783e-15	255-24-215-202	255-122-4-2
8516	9.660770374111331e-14	8.424890194633789e-12	255-24-215-202	255-122-4-2
8517	9.006958935929642e-17	1.8061561915288983e-14	255-24-215-202	255-122-4-2
8518	4.90844979405033e-09	8.639468430071887e-09	255-53-243-148	255-70-122-242
8519	5.113353128603049e-08	1.1115421762670686e-07	255-187-244-52	255-122-4-2
8520	1.4256393737408591e-09	4.2359011420370985e-09	255-53-243-148	255-70-122-242
8521	3.640399451938449e-09	1.6042907304101273e-08	255-53-243-148	255-122-4-2
8522	3.2114098868505924e-08	4.3334229869699125e-08	255-53-243-148	255-70-122-242
8523	4.270884815210166e-06	5.972036173321611e-05	255-24-215-202	255-101-252-104
8524	0.0001955320825617	0.4164533981245181	255-232-213-56	255-212-231-53
8525	8.459415285127365e-08	0.2746989247075179	255-24-215-202	255-212-231-53
8526	0.3813397561662202	0.0031989009843226	255-24-215-202	255-101-252-104
8527	0.0409978846521947	0.8818244856554536	255-70-122-242	255-101-252-104
8528	0.0036572777713494	0.0664517163883555	255-24-215-202	255-101-252-104
8529	0.0100341716706996	0.9806112965994728	255-70-122-242	255-101-252-104
8530	0.01181284588093	0.9726554227216004	255-70-122-242	255-101-252-104
8531	0.2746025218661321	0.4250127289103892	255-70-122-242	255-101-252-104
8532	0.0195953955482083	0.8931380535957963	255-70-122-242	255-101-252-104
8533	0.0145187378259142	0.9839301112172116	255-70-122-242	255-101-252-104
8534	0.0046578232376364	0.9648792001152912	255-70-122-242	255-101-252-104
8535	1.9449622348363008e-11	8.222562335735625e-09	255-247-113-27	255-122-4-2
8536	5.956794742045238e-10	1.1573684826006044e-08	255-24-215-202	255-70-122-242
8537	8.784702911217405e-11	4.821720054705304e-07	255-24-215-202	255-70-122-242
8538	2.083188704240101e-09	3.9263298759254216e-10	255-247-113-27	255-101-252-104
8539	1.3520160800054126e-22	5.796529447593928e-16	255-24-215-202	255-122-4-2
8540	1.3970818145843592e-14	1.322498486657964e-09	255-24-215-202	255-70-122-242
8541	1.2376002490257712e-08	1.2351944028136476e-08	255-247-113-27	255-122-4-2
8542	3.1141859857356515e-23	1.7813348331465536e-16	255-24-215-202	255-122-4-2
8543	5.500937587179073e-21	1.391647782239823e-16	255-70-122-242	255-122-4-2
8544	1.0701143975643234e-12	2.178009086296378e-11	255-128-254-83	255-70-122-242
8545	2.700938816246755e-16	2.846369128693409e-14	255-128-254-83	255-122-4-2
8546	2.776392203471312e-11	3.9841553453410574e-11	255-24-215-202	255-122-4-2
8547	3.19374402866729e-14	7.797271945469055e-12	255-70-122-242	255-122-4-2
8548	5.3291580642991635e-16	5.4612770267664947e-11	255-24-215-202	255-122-4-2
8549	2.148632047195266e-09	4.0687056369916625e-10	255-128-254-83	255-101-252-104
8550	7.748190265893682e-13	2.0698723003632122e-13	255-53-243-148	255-122-4-2
8551	4.2914060518295896e-11	7.275044637677596e-12	255-128-254-83	255-122-4-2
8552	8.600120129874578e-14	3.547038736367548e-12	255-24-215-202	255-122-4-2
8553	2.885435249381544e-10	1.629917407028222e-10	255-70-122-242	255-122-4-2
8554	4.919590112425844e-15	4.029559397728696e-15	255-24-215-202	255-122-4-2
8555	0.0005250920836665	0.0006163471519276	255-53-243-148	255-70-122-242
8556	4.904039486104746e-13	1.0911045272329069e-12	255-53-243-148	255-122-4-2
8557	8.922443671478687e-14	4.354691292444465e-13	255-24-215-202	255-122-4-2
8558	5.56665565953662e-15	1.2358272047847186e-13	255-24-215-202	255-122-4-2
8559	5.7437305502838295e-06	0.0001067007404227	255-70-122-242	255-122-4-2
8560	0.0079562305519776	0.0010265372921866	255-128-254-83	255-122-4-2
8561	1.7049342305840032e-09	1.580413461444602e-09	255-53-243-148	255-70-122-242
8562	0.0038755494636954	0.0089382106564775	255-70-122-242	255-70-122-242
8563	0.0025929279213843	0.004126614645748	255-247-113-27	255-101-252-104
8564	0.6311082402434816	0.174039550962253	255-70-122-242	255-101-252-104
8565	0.0079110249564248	0.1041972313296121	255-24-215-202	255-101-252-104
8566	7.193400064993457e-13	0.0008113217465523	255-232-213-56	255-70-122-242
8567	2.1278034040384044e-15	1.5349656951386727e-06	255-24-215-202	255-70-122-242
8568	3.707029655074745e-15	2.498367356955721e-08	255-24-215-202	255-70-122-242
8569	1.44123544418357e-09	0.0002359578103209	255-24-215-202	255-70-122-242
8570	1.356920951205156e-08	0.002730297066695	255-70-122-242	255-122-4-2
8571	5.1841299639337253e-23	1.9275294152222897e-18	255-24-215-202	255-122-4-2
8572	6.124442962440723e-06	0.0002686047918775	255-247-113-27	255-70-122-242
8573	1.627643322462287e-19	2.6195437095503123e-13	255-24-215-202	255-122-4-2
8574	3.0595620367210285e-13	7.002932964756215e-12	255-128-254-83	255-70-122-242
8575	0.000266801316086	4.01303258543114e-05	255-128-254-83	255-70-122-242
8576	6.525355869017223e-11	1.9930420454428127e-10	255-70-122-242	255-122-4-2
8577	0.0043477783404818	4.282493432694071e-05	255-128-254-83	255-70-122-242
8578	3.273114210776611e-11	1.0239828064202432e-10	255-128-254-83	255-122-4-2
8579	8.478882161718217e-05	3.818316311514546e-07	255-53-243-148	255-101-252-104
8580	0.000128189185469	8.981961860119388e-07	255-53-243-148	255-70-122-242
8581	0.0006202799115842	0.1890235780792653	255-70-122-242	255-212-231-53
8582	0.1384718085567179	0.0104851335322472	255-53-243-148	255-101-252-104
8583	1.1299626794519308e-08	5.360846703251977e-07	255-70-122-242	255-70-122-242
8585	2.247887535241542e-06	0.2497410762793414	255-70-122-242	255-212-231-53
8586	1.7840885412932888e-17	6.416076988063884e-08	255-24-215-202	255-122-4-2
8587	5.787742216657254e-22	1.6060343364997534e-10	255-24-215-202	255-122-4-2
8588	7.765018832479887e-07	0.1260370324470197	255-70-122-242	255-70-122-242
8589	4.518963710939789e-12	0.0003080842595574	255-24-215-202	255-70-122-242
8590	1.2569690041748582e-05	0.059804116759445	255-70-122-242	255-70-122-242
8591	3.2787406195913333e-06	0.0002330923316606	255-24-215-202	255-122-4-2
8592	1.9244704127098508e-10	2.090878499877643e-06	255-53-243-148	255-26-209-210
8593	2.1445467586987555e-16	8.659498365463881e-09	255-247-113-27	255-26-209-210
8594	5.151445338200647e-05	0.0165077874733595	255-70-122-242	255-70-122-242
8595	4.4861845266608196e-14	7.325726469300671e-05	255-70-122-242	255-70-122-242
8596	3.4205562837257187e-09	1.7550238462160966e-06	255-24-215-202	255-70-122-242
8597	1.0082605354330948e-09	1.405310182617139e-07	255-24-215-202	255-70-122-242
8598	3.8645804296410077e-11	1.796153178371854e-07	255-24-215-202	255-26-209-210
8599	1.187576816196118e-05	0.0004729223105509	255-232-213-56	255-70-122-242
8600	0.0006528930240193	0.0022220422476701	255-24-215-202	255-26-209-210
8601	0.0092713815399832	0.0114859499158467	255-180-27-1	255-101-252-104
8602	0.0248542122454343	2.9689360777283844e-05	255-180-27-1	255-70-122-242
8603	5.94747187223569e-10	0.0030946850713411	255-24-215-202	255-70-122-242
8604	5.131741052685904e-07	4.6926921362571874e-05	255-247-113-27	255-70-122-242
8605	8.355167056550694e-07	0.0998161920174741	255-70-122-242	255-70-122-242
8606	6.936288278172298e-10	1.7244535105122173e-08	255-70-122-242	255-70-122-242
8607	1.1269081866651976e-06	6.058802660381502e-06	255-70-122-242	255-70-122-242
8608	9.128730744770123e-10	1.0333969237230531e-08	255-70-122-242	255-70-122-242
8609	3.836258744612741e-11	0.0001525074682441	255-70-122-242	255-70-122-242
8610	5.119966423866812e-12	2.8489278582333384e-05	255-70-122-242	255-26-209-210
8611	2.083619989983232e-07	0.6416069850792006	255-232-213-56	255-70-122-242
8612	7.895781198302197e-11	4.240096399645342e-05	255-232-213-56	255-70-122-242
8613	5.6333497491390774e-08	0.2711319568696108	255-232-213-56	255-122-4-2
8614	2.947021063474499e-12	7.018663157191976e-05	255-232-213-56	255-70-122-242
8615	1.6677740816454579e-10	6.372860652084322e-08	255-24-215-202	255-122-4-2
8616	0.0003545219481339	0.8208234806187299	255-128-254-83	255-254-152-44
8617	6.042689868521356e-14	0.0002485439747262	255-24-215-202	255-122-4-2
8618	4.898221954097065e-10	1.1224962815121984e-09	255-247-113-27	255-212-231-53
8619	1.4405710692653758e-10	1.507052093748683e-06	255-24-215-202	255-70-122-242
8620	8.383709171338043e-19	1.1369634155099017e-11	255-70-122-242	255-70-122-242
8621	1.0904415642278216e-10	2.2799585048043106e-05	255-24-215-202	255-122-4-2
8622	1.1081807319556495e-10	3.4493441735333164e-05	255-24-215-202	255-122-4-2
8623	2.0145443909092563e-10	5.235939178940365e-06	255-24-215-202	255-70-122-242
8624	2.700295257275956e-18	4.249852458237129e-08	255-24-215-202	255-70-122-242
8625	6.378098974611596e-09	0.0007120224555219	255-24-215-202	255-70-122-242
8626	2.5021010062902302e-09	2.6179586145215824e-05	255-24-215-202	255-70-122-242
8627	1.6091223156450454e-11	4.3759719746096565e-07	255-180-27-1	255-122-4-2
8628	8.577310478323203e-14	1.9845451231161467e-10	255-247-113-27	255-70-122-242
8629	4.45952735144717e-14	0.0001056057798153	255-180-27-1	255-254-152-44
8630	7.844582026164985e-16	2.301976063242773e-12	255-180-27-1	255-212-231-53
8631	1.1704281226673497e-12	2.8583910399977784e-09	255-180-27-1	255-122-4-2
8632	3.258423805259594e-14	8.235048540263418e-07	255-24-215-202	255-212-231-53
8633	1.027241901428345e-15	2.7095957419612826e-08	255-70-122-242	255-212-231-53
8634	2.3632148373349096e-11	9.375806114147916e-06	255-180-27-1	255-122-4-2
8635	0.0042678429591536	6.432834965081827e-05	255-128-254-83	255-122-4-2
8636	1.4994796215009196e-08	3.7487164431376505e-08	255-128-254-83	255-212-231-53
8637	1.416898586138657e-05	6.302454449023285e-05	255-70-122-242	255-122-4-2
8638	1.0410990927129391e-09	8.713354016725512e-11	255-128-254-83	255-101-252-104
8639	2.299081089628288e-13	3.688081373289559e-12	255-24-215-202	255-122-4-2
8640	2.329411826818422e-13	1.0660064988584433e-08	255-24-215-202	255-122-4-2
8641	1.0059406751018089e-12	1.9499344433545575e-12	255-24-215-202	255-122-4-2
8642	3.43825041856246e-10	9.080909259543162e-11	255-128-254-83	255-101-252-104
8643	9.580063080741628e-11	5.1313768508212846e-11	255-247-113-27	255-122-4-2
8644	0.0009592846293954	2.1889197168111004e-06	255-128-254-83	255-101-252-104
8645	0.000112811475217	2.81228250546965e-06	255-128-254-83	255-101-252-104
8646	6.532344971980928e-09	1.5462880550964182e-09	255-24-215-202	255-122-4-2
8647	6.515538733347662e-08	1.207005741027653e-07	255-24-215-202	255-212-231-53
8648	1.0091905871877569e-12	2.295599565840388e-14	255-24-215-202	255-122-4-2
8649	1.3410144561426404e-13	2.00307917422618e-14	255-24-215-202	255-122-4-2
8650	7.468267109109136e-10	2.9444723015068016e-11	255-24-215-202	255-122-4-2
8651	2.6001205909624252e-05	4.546516804296688e-05	255-70-122-242	255-101-252-104
8652	1.2371666521481923e-05	8.390548364458974e-08	255-24-215-202	255-101-252-104
8653	6.501046114537982e-09	1.8149895386950791e-09	255-24-215-202	255-101-252-104
8654	0.000134092168577	1.2521982387958216e-05	255-232-213-56	255-101-252-104
8655	2.622480316694829e-11	2.4024610572007256e-13	255-24-215-202	255-101-252-104
8656	2.0980169854836442e-07	3.40288046693347e-07	255-70-122-242	255-122-4-2
8657	1.2853459610695898e-07	1.623512670438694e-08	255-24-215-202	255-122-4-2
8658	1.5848585320917501e-12	3.6458755410700714e-13	255-53-243-148	255-101-252-104
8659	3.7442438480081024e-14	1.1934011311133165e-12	255-24-215-202	255-122-4-2
8660	2.928498030897771e-13	1.8054344959358505e-12	255-247-113-27	255-122-4-2
8661	4.836657846329959e-15	1.8486255979307e-14	255-24-215-202	255-122-4-2
8662	9.113256114207416e-13	1.179087853836844e-12	255-53-243-148	255-122-4-2
8663	1.237313835755025e-13	3.953980324958253e-13	255-24-215-202	255-122-4-2
8664	2.75193745664262e-06	4.997429605074834e-08	255-53-243-148	255-101-252-104
8665	7.710125542233551e-06	9.492790870206344e-08	255-53-243-148	255-101-252-104
8666	8.909120172709472e-08	3.3064189227466553e-09	255-53-243-148	255-101-252-104
8667	0.0206267698629411	0.0004519007814599	255-247-113-27	255-101-252-104
8668	0.046670808221737	0.0059336719895775	255-122-4-2	255-101-252-104
8669	1.1410167153981057e-05	0.0002004959290011	255-70-122-242	255-101-252-104
8670	4.055800451857142e-16	5.8594897647697865e-08	255-24-215-202	255-122-4-2
8671	0.0179126053161841	0.0457179382492574	255-53-243-148	255-70-122-242
8672	0.0002271922512898	0.0008324675170941	255-24-215-202	255-70-122-242
8673	2.397419783267497e-22	3.9010710707908e-09	255-24-215-202	255-122-4-2
8674	1.9580922248185459e-07	2.2165558154194036e-08	255-128-254-83	255-70-122-242
8675	1.1276872975505843e-05	0.0010312364633447	255-24-215-202	255-70-122-242
8676	1.924381941471866e-10	3.9650728125403946e-05	255-24-215-202	255-70-122-242
8677	2.465222315762136e-06	1.648861067615813e-05	255-24-215-202	255-70-122-242
8678	1.7476567027915972e-08	0.0001727460310235	255-24-215-202	255-70-122-242
8679	3.0643431834020183e-10	1.5585693980331515e-06	255-24-215-202	255-122-4-2
8680	1.2818056519658394e-10	2.1743421065711067e-09	255-247-113-27	255-122-4-2
8681	1.1082764681582667e-09	4.781629842335084e-05	255-232-213-56	255-122-4-2
8682	3.1831933277580523e-16	9.743713381649016e-12	255-24-215-202	255-122-4-2
8683	1.4995314597467857e-12	3.893358975086709e-12	255-70-122-242	255-122-4-2
8684	3.855679895202626e-10	6.803044928168296e-08	255-24-215-202	255-122-4-2
8685	1.853657365617004e-09	0.000295008559358	255-232-213-56	255-122-4-2
8686	8.634192311220723e-12	1.4035311151806256e-11	255-247-113-27	255-122-4-2
8687	5.250621734965319e-12	9.145347806974008e-12	255-24-215-202	255-122-4-2
8688	9.852949426010189e-11	1.132118914752692e-08	255-24-215-202	255-122-4-2
8689	2.0705684015637567e-11	1.2310768615081256e-11	255-24-215-202	255-122-4-2
8690	1.0515749049519271e-09	4.2629822921276786e-10	255-24-215-202	255-101-252-104
8691	2.038328792867262e-09	4.6471036528505286e-10	255-24-215-202	255-122-4-2
8692	1.0973636022282588e-10	7.941060630214258e-10	255-128-254-83	255-101-252-104
8693	2.9903064964644544e-08	5.771436290513606e-10	255-128-254-83	255-101-252-104
8694	1.603258061924867e-11	5.3238027112411286e-11	255-24-215-202	255-26-209-210
8695	3.180135810481341e-13	5.449001581115129e-13	255-128-254-83	255-122-4-2
8696	5.771775470576962e-13	1.8668257438263767e-12	255-24-215-202	255-101-252-104
8697	1.0371840845107989e-07	0.0002893292910508	255-24-215-202	255-212-231-53
8698	1.1362946712960216e-08	0.0752476951517695	255-70-122-242	255-212-231-53
8699	6.894650125610464e-07	0.4732648335610417	255-24-215-202	255-212-231-53
8700	3.104359474528784e-06	4.69014142473713e-06	255-122-4-2	255-101-252-104
8701	6.4771210955039695e-06	9.950110539084712e-07	255-53-243-148	255-101-252-104
8704	1.587942718787001e-09	0.006624481344978	255-24-215-202	255-70-122-242
8705	3.120154261055925e-11	3.7215471175221265e-10	255-24-215-202	255-70-122-242
8706	6.325701467563189e-05	0.0005427678545126	255-70-122-242	255-101-252-104
8707	6.279165825507026e-08	5.413677846548573e-07	255-70-122-242	255-101-252-104
8708	1.8937165878268112e-06	0.001333773030079	255-70-122-242	255-101-252-104
8709	0.0044981365822831	0.0031698631721104	255-128-254-83	255-26-209-210
8710	0.0671654444212647	0.0005623074114544	255-128-254-83	255-122-4-2
8711	5.823228971422195e-13	2.241006109719917e-13	255-247-113-27	255-70-122-242
8712	4.839488776341964e-07	2.463587295826232e-06	255-24-215-202	255-122-4-2
8713	5.363919449114138e-06	4.7287300699369757e-07	255-24-215-202	255-122-4-2
8714	9.379616868930804e-14	1.0518931618015786e-14	255-24-215-202	255-212-231-53
8715	2.365826470395149e-07	1.8602661251150753e-09	255-24-215-202	255-101-252-104
8716	6.379731883406916e-12	6.837771473313178e-13	255-24-215-202	255-212-231-53
8717	4.2767857950679283e-13	1.364959899780215e-12	255-53-243-148	255-122-4-2
8718	8.161592425573569e-09	5.93136518143411e-11	255-24-215-202	255-101-252-104
8719	5.4265639070491446e-11	5.3557977279863896e-11	255-53-243-148	255-122-4-2
8720	1.9683884487173183e-10	3.7379028802694896e-11	255-24-215-202	255-101-252-104
8721	6.7661634667760095e-09	5.159896926780763e-11	255-24-215-202	255-212-231-53
8722	2.0683869008521667e-13	1.1005322268183054e-12	255-24-215-202	255-101-252-104
8723	1.0889494413162628e-17	1.6115215406779486e-16	255-24-215-202	255-122-4-2
8724	2.6116726727431816e-08	1.156500520552351e-07	255-24-215-202	255-70-122-242
8725	0.0003434803558985	4.113075767050818e-06	255-24-215-202	255-101-252-104
8726	3.7963437241586507e-13	3.995518702290556e-11	255-24-215-202	255-122-4-2
8727	0.0047766040510221	4.043336574367882e-05	255-128-254-83	255-101-252-104
8728	2.235688081235251e-07	4.827802314896089e-07	255-24-215-202	255-101-252-104
8729	4.752123225596152e-05	1.1665639549518668e-05	255-122-4-2	255-101-252-104
8730	1.982348307916581e-05	1.6669305661775275e-06	255-247-113-27	255-122-4-2
8731	0.1174810850985413	0.3387155913042928	255-24-215-202	255-101-252-104
8732	1.3987973368187355e-10	2.521904623115008e-05	255-232-213-56	255-70-122-242
8733	4.4314981291974474e-10	9.014936782864704e-08	255-232-213-56	255-254-152-44
8734	1.164130981210228e-10	4.3062909294843e-06	255-247-113-27	255-122-4-2
8735	5.312106135709044e-13	3.817762521681235e-08	255-24-215-202	255-212-231-53
8736	5.044877422918315e-12	3.817755178786071e-09	255-24-215-202	255-70-122-242
8737	2.641492777971604e-09	4.736013968933591e-06	255-24-215-202	255-70-122-242
8738	9.15216598989696e-13	1.0995380712859977e-06	255-24-215-202	255-122-4-2
8739	2.0751873754109147e-14	8.186944242884026e-13	255-24-215-202	255-70-122-242
8740	3.328932708754446e-09	8.82516304405624e-10	255-24-215-202	255-70-122-242
8741	2.3695357029555784e-15	6.522442532696539e-15	255-24-215-202	255-122-4-2
8742	5.710829988460169e-09	4.759372179453027e-10	255-53-243-148	255-122-4-2
8743	3.593342496748047e-15	4.976595795167043e-15	255-24-215-202	255-122-4-2
8744	0.0073817303809132	0.0010044955221859	255-70-122-242	255-70-122-242
8745	0.0046773530468304	0.0013744846269212	255-247-113-27	255-101-252-104
8746	1.4423627511093543e-06	4.193765099920366e-05	255-70-122-242	255-101-252-104
8747	0.0235793155845303	0.0020786634408654	255-24-215-202	255-101-252-104
8748	0.1063073555062067	0.5783621587570874	255-24-215-202	255-101-252-104
8749	9.797484730187583e-12	2.875039004569594e-07	255-232-213-56	255-122-4-2
8750	1.1112979294098194e-11	6.259861798645541e-05	255-247-113-27	255-122-4-2
8751	1.4022494410017046e-15	2.114260382795289e-05	255-247-113-27	255-122-4-2
8752	4.021896162371291e-10	5.097772463244059e-06	255-24-215-202	255-70-122-242
8753	8.525897129286631e-19	3.750453050880904e-12	255-24-215-202	255-70-122-242
8754	1.793692470016444e-13	3.670657149260149e-07	255-24-215-202	255-70-122-242
8755	1.3010685461104255e-16	5.4634234439536847e-11	255-24-215-202	255-122-4-2
8756	3.9133859779646794e-22	6.796919708010333e-18	255-24-215-202	255-122-4-2
8757	1.5339138512761073e-14	9.728810620404996e-11	255-24-215-202	255-70-122-242
8758	8.623495536089303e-16	2.991482619456313e-13	255-24-215-202	255-70-122-242
8759	2.950017406823239e-06	0.0005886741571005	255-24-215-202	255-70-122-242
8760	0.0011922695467007	0.0002085116228406	255-24-215-202	255-217-56-6
8761	0.0004607118514177	2.0931769415359697e-06	255-53-243-148	255-101-252-104
8762	0.0025306804289168	0.0020507862971512	255-70-122-242	255-70-122-242
8763	1.3453222973505897e-05	0.046370962884896	255-70-122-242	255-70-122-242
8764	0.3721110628907032	0.0916514413875117	255-222-62-8	255-101-252-104
8765	4.67356533817222e-07	0.362201249966025	255-70-122-242	255-254-152-44
8766	0.0280247436460085	0.4236404841821821	255-70-122-242	255-101-252-104
8767	0.0582208138968948	0.0696781890137036	255-70-122-242	255-101-252-104
8768	8.413163387533961e-05	0.388801462159662	255-70-122-242	255-101-252-104
8769	7.727671554798506e-05	0.4049804580631496	255-70-122-242	255-254-152-44
8770	1.0176426282304379e-16	6.615040926121097e-07	255-247-113-27	255-70-122-242
8771	9.336093357723436e-12	0.1349404687250699	255-232-213-56	255-70-122-242
8772	9.844756800254648e-16	2.7579957212812586e-07	255-24-215-202	255-70-122-242
8773	7.336537973380252e-11	0.0001901063294284	255-247-113-27	255-212-231-53
8774	9.334478072948613e-14	0.0013941360555337	255-70-122-242	255-70-122-242
8775	6.37806856639069e-08	0.0905099166654759	255-70-122-242	255-70-122-242
8776	6.580666820488838e-06	0.001722285753192	255-70-122-242	255-70-122-242
8777	2.691699723071601e-19	1.3239494247207064e-15	255-24-215-202	255-122-4-2
8778	5.583387212277035e-13	0.0009828866578065	255-70-122-242	255-212-231-53
8779	2.9585603485110058e-18	6.518462148220689e-05	255-24-215-202	255-212-231-53
8780	3.5763086781976564e-13	1.4670705349122795e-10	255-70-122-242	255-26-209-210
8781	2.3234874585408023e-08	0.000375635015941	255-53-243-148	255-70-122-242
8782	3.8350981149058285e-08	1.5365942625066288e-06	255-24-215-202	255-101-252-104
8783	2.0478334270784428e-11	4.038401715830935e-07	255-24-215-202	255-70-122-242
8784	7.468526985454354e-09	6.625200491700963e-06	255-70-122-242	255-70-122-242
8785	2.080550846857569e-11	2.716890140975946e-07	255-70-122-242	255-70-122-242
8786	0.0009477848895283	0.0033397496589286	255-51-172-246	255-70-122-242
8787	1.738190261733733e-09	1.1943451377629461e-08	255-70-122-242	255-101-252-104
8788	0.0195666920969643	0.0041751528513928	255-53-243-148	255-70-122-242
8789	1.5596058408358926e-06	2.31631488239038e-08	255-128-254-83	255-70-122-242
8790	1.1654108492893494e-05	0.275302914490033	255-70-122-242	255-70-122-242
8791	3.8183706539117034e-08	1.487273540642299e-05	255-53-243-148	255-122-4-2
8792	5.974187299589488e-05	0.0121825783588581	255-24-215-202	255-70-122-242
8793	6.522872808259528e-08	1.22579528972082e-05	255-70-122-242	255-70-122-242
8794	5.611852681150072e-07	1.5634690815501823e-06	255-70-122-242	255-70-122-242
8795	1.7495141952286986e-11	0.0018997923557878	255-70-122-242	255-70-122-242
8796	0.0001897946111655	0.2486593710407846	255-232-213-56	255-70-122-242
8797	5.862170693300105e-09	0.0100950759436453	255-232-213-56	255-70-122-242
8798	3.989682163188024e-08	0.0009712678726865	255-232-213-56	255-70-122-242
8799	1.1860179662767263e-09	0.0001226860065138	255-24-215-202	255-254-152-44
8800	0.0170449827348347	0.001202982912151	255-232-213-56	255-70-122-242
8801	0.0007784658741287	0.0004767948225183	255-53-243-148	255-101-252-104
8802	4.761103167886011e-10	6.307181024071371e-09	255-247-113-27	255-212-231-53
8803	9.488789953431272e-10	3.721627640277468e-05	255-128-254-83	255-254-152-44
8804	6.7680445581926e-09	9.545085451253128e-10	255-24-215-202	255-122-4-2
8805	1.686816050828525e-10	2.212975390285e-10	255-24-215-202	255-122-4-2
8806	3.2814030136569084e-11	8.935360197709311e-06	255-70-122-242	255-122-4-2
8807	1.4297591081381856e-08	1.3754386990137997e-08	255-24-215-202	255-70-122-242
8808	6.828364411694002e-11	2.048889700854753e-05	255-24-215-202	255-122-4-2
8809	2.616233744956324e-15	1.0921312525931188e-08	255-24-215-202	255-26-209-210
8810	3.882231587863583e-07	0.012636321133761	255-232-213-56	255-70-122-242
8811	1.5888964805221832e-08	1.254590556560566e-05	255-24-215-202	255-70-122-242
8812	2.7865944931455904e-12	9.673177672503293e-09	255-24-215-202	255-70-122-242
8813	7.05863712674556e-08	0.0005862035279449	255-232-213-56	255-26-209-210
8814	9.818410943838352e-10	0.6730883693643588	255-232-213-56	255-122-4-2
8815	0.0167366548607938	0.0082655528238794	255-128-254-83	255-70-122-242
8816	3.176948894471404e-06	1.5904178194167802e-06	255-128-254-83	255-122-4-2
8817	6.204301686154897e-11	6.628017686084731e-10	255-53-243-148	255-70-122-242
8818	1.140819472156001e-12	2.5768077741466115e-10	255-53-243-148	255-70-122-242
8819	1.6261702690039218e-10	5.3847729171411394e-08	255-53-243-148	255-70-122-242
8820	2.505514178302729e-14	1.0700767816915603e-06	255-70-122-242	255-212-231-53
8821	2.5942318891754857e-10	6.931210654740315e-11	255-70-122-242	255-101-252-104
8822	2.0722104586473166e-13	3.4932445852040665e-06	255-247-113-27	255-212-231-53
8823	5.617372388058452e-08	1.3583058902909934e-09	255-128-254-83	255-101-252-104
8824	6.3410699945485984e-12	3.6948765188145343e-10	255-24-215-202	255-122-4-2
8825	5.898540304771197e-11	1.2575348869663135e-11	255-247-113-27	255-70-122-242
8826	8.162297253084112e-09	3.184587441318312e-05	255-24-215-202	255-122-4-2
8827	3.600930526811754e-12	2.496276130507984e-10	255-24-215-202	255-122-4-2
8828	0.000112811475217	2.81228250546965e-06	255-128-254-83	255-101-252-104
8829	1.4522245276376411e-09	8.612561312251449e-10	255-24-215-202	255-101-252-104
8830	1.9978720627919934e-13	5.0179702633389116e-14	255-24-215-202	255-122-4-2
8831	2.7119296017301004e-06	7.963682418012676e-05	255-24-215-202	255-122-4-2
8832	7.64755743728137e-08	1.8576210366336626e-08	255-24-215-202	255-122-4-2
8833	1.2558587760038144e-05	5.240445732959777e-06	255-70-122-242	255-101-252-104
8834	2.07934280228488e-07	2.3075085878741275e-07	255-53-243-148	255-101-252-104
8835	1.6465526017349443e-08	1.13512380375344e-09	255-53-243-148	255-70-122-242
8836	7.408615123496478e-07	8.553127226082392e-07	255-53-243-148	255-101-252-104
8837	1.6465526017349443e-08	1.13512380375344e-09	255-53-243-148	255-70-122-242
8838	3.3114163660198056e-08	5.9722477127961086e-09	255-128-254-83	255-70-122-242
8839	0.0109218938716588	7.831068125005351e-05	255-128-254-83	255-101-252-104
8840	2.684931467190184e-09	7.372797176412328e-10	255-53-243-148	255-101-252-104
8841	3.011296613562977e-11	3.995385102831832e-09	255-24-215-202	255-122-4-2
8842	0.0010095874239758	0.0016380259323606	255-70-122-242	255-217-56-6
8843	0.0002786427675327	0.0010194767166977	255-24-215-202	255-217-56-6
8844	2.004278975570745e-05	8.903148580452701e-06	255-24-215-202	255-101-252-104
8845	2.3257017707333792e-08	1.6485113974946944e-07	255-24-215-202	255-70-122-242
8846	1.10307462618851e-10	2.3598583065947286e-10	255-53-243-148	255-70-122-242
8847	1.274432642718684e-07	0.0010595303286015	255-24-215-202	255-70-122-242
8848	6.832108698514164e-11	1.146245177759325e-09	255-70-122-242	255-70-122-242
8849	6.319566229886938e-09	2.598075818932725e-05	255-128-254-83	255-70-122-242
8850	5.086819683834809e-15	9.488846031038281e-14	255-24-215-202	255-122-4-2
8851	2.940996652472892e-13	9.20233859230624e-12	255-24-215-202	255-122-4-2
8852	1.1532354568064925e-13	1.2411735364855704e-11	255-70-122-242	255-70-122-242
8853	3.099964451328475e-13	5.1363309695938227e-14	255-70-122-242	255-101-252-104
8854	2.486285451061741e-13	1.676770206049887e-13	255-24-215-202	255-122-4-2
8855	6.419285617465006e-12	1.9518924166758027e-12	255-24-215-202	255-101-252-104
8856	1.0437568589543614e-09	2.7240741286602845e-10	255-70-122-242	255-122-4-2
8857	2.006898553116664e-13	1.3105176928307877e-13	255-24-215-202	255-122-4-2
8858	2.575333928947198e-09	5.6896801755062635e-08	255-70-122-242	255-101-252-104
8859	0.0002434962960275	0.0001316275404767	255-128-254-83	255-101-252-104
8860	1.4699413752330371e-08	1.2292413533859466e-09	255-128-254-83	255-101-252-104
8861	7.06629896714578e-08	8.609469674752648e-09	255-24-215-202	255-122-4-2
8862	2.522090281659462e-07	7.816071614286028e-08	255-24-215-202	255-26-209-210
8863	2.990179334950497e-07	1.5102645849933372e-08	255-128-254-83	255-101-252-104
8864	5.177096644147275e-06	3.025169821662945e-06	255-122-4-2	255-101-252-104
8865	8.915493338699145e-07	0.2745524498396553	255-247-113-27	255-212-231-53
8866	0.0001474834054768	0.0038661289927161	255-24-215-202	255-212-231-53
8867	0.0380665102755148	0.0083631565394288	255-24-215-202	255-101-252-104
8868	1.0955255096212735e-06	0.0021410238260991	255-128-254-83	255-70-122-242
8869	2.031047250868092e-08	9.837454989562349e-09	255-180-27-1	255-101-252-104
8870	4.9841213271234734e-08	8.849844756860954e-05	255-70-122-242	255-26-209-210
8871	4.572511522459858e-07	2.085542093609723e-05	255-70-122-242	255-101-252-104
8872	4.306551417273203e-06	1.0902696815960052e-05	255-70-122-242	255-101-252-104
8873	2.39503745299672e-07	0.0001643008948695	255-53-243-148	255-70-122-242
8874	8.424016959407506e-05	0.0248572501234128	255-232-213-56	255-70-122-242
8875	4.253500096092409e-05	2.2699411577365387e-05	255-53-243-148	255-70-122-242
8876	3.9609486392848475e-07	0.0001600353934201	255-232-213-56	255-122-4-2
8877	0.0414062706205507	0.0004272834584439	255-128-254-83	255-122-4-2
8878	3.2015719519573434e-09	3.94726832150066e-08	255-247-113-27	255-212-231-53
8879	0.002243694449478	0.0006091968147665	255-247-113-27	255-70-122-242
8880	4.951251551549599e-07	7.972938814407488e-07	255-24-215-202	255-101-252-104
8881	3.532209344142826e-05	8.578768009904962e-09	255-24-215-202	255-122-4-2
8882	8.155814831335998e-09	1.6962749664936101e-07	255-24-215-202	255-122-4-2
8883	1.0850311060889744e-08	1.131890370501291e-11	255-24-215-202	255-101-252-104
8884	0.0019258338966313	1.2472418271631985e-07	255-187-244-52	255-70-122-242
8885	1.8865307532746675e-07	6.777484068192235e-08	255-128-254-83	255-101-252-104
8886	4.930508907691605e-06	3.825228888307074e-05	255-70-122-242	255-217-56-6
8887	0.005208161586178	0.00145441825095	255-70-122-242	255-70-122-242
8888	3.244285226798893e-07	1.6647028757442098e-06	255-70-122-242	255-212-231-53
8889	1.5207317381954e-05	0.9610443798922278	255-247-113-27	255-212-231-53
8890	0.0055553442456113	0.0007534335095395	255-24-215-202	255-101-252-104
8891	0.1739673199515622	0.0178348143547341	255-128-254-83	255-70-122-242
8892	0.023314111788761	0.1294430940743836	255-232-213-56	255-70-122-242
8893	0.0001082169562115	1.2937986618722091e-05	255-53-243-148	255-101-252-104
8894	8.900578169728424e-11	1.1934750091624104e-08	255-247-113-27	255-70-122-242
8895	0.0002155125323025	0.0001914538926389	255-122-4-2	255-101-252-104
8896	9.176719650314698e-07	2.1097190206715136e-06	255-122-4-2	255-212-231-53
8897	1.3960070568774992e-14	1.0376928846617678e-11	255-24-215-202	255-70-122-242
8898	0.0110687831713988	0.0006207115941215	255-24-215-202	255-70-122-242
8899	2.4786653664097183e-13	8.811963727365009e-08	255-70-122-242	255-122-4-2
8900	1.716429386371662e-13	5.0046384065319e-08	255-24-215-202	255-122-4-2
8901	2.2081024468398576e-09	0.0003332079359744	255-24-215-202	255-122-4-2
8902	1.1866548306058556e-05	6.864036189808251e-05	255-70-122-242	255-101-252-104
8903	0.2997167816282653	0.003676083202157	255-24-215-202	255-101-252-104
8904	0.0845682197551938	0.8766316891543177	255-24-215-202	255-101-252-104
8905	0.0373559898495291	0.039456629366519	255-70-122-242	255-101-252-104
8906	0.0003928540508895	8.13895297917928e-05	255-70-122-242	255-101-252-104
8907	5.284282060089572e-05	0.1716033341717393	255-232-213-56	255-70-122-242
8908	9.969715926234996e-13	5.0711467159849104e-05	255-247-113-27	255-122-4-2
8909	4.60695780709976e-08	9.389854524303154e-05	255-24-215-202	255-70-122-242
8910	4.708668199231956e-10	0.0099971392840805	255-24-215-202	255-70-122-242
8911	1.2238237905259994e-13	9.374181744276809e-13	255-24-215-202	255-122-4-2
8912	1.5229876924449812e-13	2.1766440673090974e-10	255-24-215-202	255-212-231-53
8913	1.4178099490894508e-12	1.112503146439543e-07	255-24-215-202	255-122-4-2
8914	6.969498266174859e-18	6.066682306053712e-12	255-70-122-242	255-122-4-2
8915	8.729788371785464e-14	4.77324790202888e-11	255-24-215-202	255-70-122-242
8916	3.207915953103212e-05	0.0003488311929492	255-70-122-242	255-70-122-242
8917	0.0003258419935214	0.4933040108206647	255-70-122-242	255-101-252-104
8918	1.8277452412148717e-05	0.6782943547096631	255-70-122-242	255-217-56-6
8919	1.4523639475201952e-05	2.52084211894324e-05	255-70-122-242	255-101-252-104
8920	3.476890668068785e-05	0.4947389316145972	255-70-122-242	255-70-122-242
8921	3.766676931674254e-08	0.0008313761402522	255-232-213-56	255-122-4-2
8922	1.3407754305170694e-11	1.6164565742743176e-05	255-70-122-242	255-122-4-2
8923	2.183456715297545e-09	4.554902469741766e-07	255-180-27-1	255-212-231-53
8924	1.6912180923971573e-11	2.586085219349232e-06	255-24-215-202	255-212-231-53
8925	9.464845946654264e-15	3.435625536571906e-05	255-24-215-202	255-122-4-2
8926	7.700818889730328e-13	8.297557088184829e-05	255-247-113-27	255-212-231-53
8927	3.817598612172429e-13	1.4246381894391522e-08	255-24-215-202	255-26-209-210
8928	1.7198022203816185e-08	0.0009713795435837	255-128-254-83	255-122-4-2
8929	4.1080757198164673e-13	4.858931361444899e-07	255-24-215-202	255-122-4-2
8930	3.370055317642447e-11	2.0584646375270848e-07	255-24-215-202	255-70-122-242
8931	0.00073862969258	4.33955613013524e-05	255-70-122-242	255-101-252-104
8932	5.286916262502127e-13	5.208249553549202e-09	255-24-215-202	255-70-122-242
8933	4.2558024374498045e-13	4.577922066612465e-11	255-24-215-202	255-70-122-242
8934	6.432566015561903e-11	5.587241498896657e-10	255-24-215-202	255-122-4-2
8935	1.818359120436863e-07	2.317739309035999e-06	255-24-215-202	255-70-122-242
8936	0.0929059446188935	0.0199729126157991	255-128-254-83	255-101-252-104
8937	0.1525819249304409	0.0006487955213892	255-128-254-83	255-70-122-242
8938	0.0635602138103161	0.002357668132887	255-128-254-83	255-101-252-104
8939	0.0092944212950534	0.0018702667695383	255-70-122-242	255-212-231-53
8940	9.077921127515993e-09	0.0095927925520519	255-247-113-27	255-70-122-242
8941	7.842768903341806e-05	1.5080926431353257e-06	255-128-254-83	255-122-4-2
8942	0.0700590888231274	0.0007787053396289	255-128-254-83	255-70-122-242
8943	7.718350685436152e-05	0.0001460978107302	255-51-172-246	255-217-56-6
8944	6.526959435029413e-05	0.0001160947406134	255-24-215-202	255-70-122-242
8945	2.2402051836841484e-09	4.274771200339215e-07	255-24-215-202	255-122-4-2
8946	4.200676594129735e-05	0.0001177808593252	255-70-122-242	255-101-252-104
8947	3.2237555899563715e-08	6.38672151683018e-06	255-128-254-83	255-70-122-242
8948	2.4067798423285825e-08	0.0096857307228799	255-128-254-83	255-254-152-44
8949	0.0109123179577115	0.0019725753305895	255-128-254-83	255-70-122-242
8950	3.725325175407366e-08	2.757699678716591e-07	255-247-113-27	255-212-231-53
8951	0.0002160081784821	2.7254825965762733e-06	255-247-113-27	255-254-152-44
8952	2.22937302571505e-05	8.186237104833344e-07	255-24-215-202	255-101-252-104
8953	2.1015835511214312e-08	6.373641450991312e-05	255-128-254-83	255-217-56-6
8954	1.336244167576023e-05	0.0012462267366293	255-122-4-2	255-70-122-242
8955	1.280525744563931e-06	0.0129143487173582	255-232-213-56	255-70-122-242
8956	0.0003191283646383	0.1911475810759289	255-70-122-242	255-70-122-242
8957	0.0073925573210018	0.0097521768961923	255-232-213-56	255-26-209-210
8958	2.061175573660981e-06	0.3988969954748788	255-24-215-202	255-70-122-242
8959	5.016274956537409e-06	0.0043040230325662	255-232-213-56	255-26-209-210
8960	2.84135665079146e-16	1.6985014308875178e-13	255-24-215-202	255-212-231-53
8961	6.94790064930179e-12	2.21230052426736e-12	255-24-215-202	255-101-252-104
8962	5.409004671279047e-15	2.334808951963486e-10	255-70-122-242	255-212-231-53
8963	6.316052374566022e-11	3.929150039635501e-11	255-70-122-242	255-101-252-104
8964	2.150835804418271e-12	8.109335565945325e-13	255-24-215-202	255-101-252-104
8965	3.2327253174526503e-16	2.379036029712329e-18	255-24-215-202	255-70-122-242
8966	2.5391042277048255e-13	2.866815051423257e-13	255-24-215-202	255-122-4-2
8967	6.656569212689337e-10	5.358335383082613e-11	255-24-215-202	255-101-252-104
8968	9.914979830685892e-11	4.0999994202644286e-10	255-24-215-202	255-122-4-2
8969	0.0001747032677003	1.1159005678067934e-06	255-128-254-83	255-101-252-104
8970	7.251640985881176e-10	2.791515088146616e-09	255-24-215-202	255-122-4-2
8971	2.8398468074312605e-11	2.8136267139748303e-11	255-24-215-202	255-122-4-2
8972	1.1146898061198724e-07	2.8822544744485944e-08	255-53-243-148	255-101-252-104
8973	3.995704351341185e-12	3.2581262058445057e-13	255-24-215-202	255-122-4-2
8974	3.9872372003803413e-13	2.136982864040505e-13	255-24-215-202	255-101-252-104
8975	6.439143368988387e-13	7.084625858235634e-13	255-24-215-202	255-122-4-2
8976	4.167268677068012e-11	3.1076146091270925e-12	255-24-215-202	255-122-4-2
8977	2.1893873366586426e-13	1.8249428395659177e-13	255-70-122-242	255-122-4-2
8978	9.906441834921275e-12	6.457047215071247e-10	255-247-113-27	255-212-231-53
8979	4.684034725636892e-07	2.3997870899395895e-07	255-122-4-2	255-101-252-104
8980	1.1065920116247531e-06	1.4138603074925916e-07	255-24-215-202	255-70-122-242
8981	0.003888977249635	4.874780691058788e-05	255-122-4-2	255-101-252-104
8982	2.0685643781691294e-15	3.952309788085292e-15	255-24-215-202	255-122-4-2
8983	0.0004836119815676	3.832220864102382e-05	255-128-254-83	255-70-122-242
8984	2.164100153144524e-05	0.0002911313986629	255-70-122-242	255-217-56-6
8985	0.0568406119846759	0.0367264499199478	255-70-122-242	255-101-252-104
8986	1.5519857271975804e-08	0.0077688056501882	255-24-215-202	255-70-122-242
8987	2.0698440544012198e-07	4.2261720514182855e-08	255-53-243-148	255-101-252-104
8988	2.8851821168658288e-05	5.097456667177848e-06	255-128-254-83	255-101-252-104
8989	6.641126507513759e-05	4.285391571364204e-06	255-128-254-83	255-101-252-104
8990	1.908373388880651e-09	1.3944350655351815e-09	255-53-243-148	255-70-122-242
8991	0.0012409100495056	0.0001708455484446	255-53-243-148	255-122-4-2
8992	1.2293077282888375e-05	6.845452078953731e-05	255-128-254-83	255-26-209-210
8993	1.0281210468204063e-06	0.0130733520704563	255-232-213-56	255-122-4-2
8994	2.521911639854235e-13	3.829752239103019e-06	255-70-122-242	255-122-4-2
8995	4.524407924528024e-15	8.343309944329554e-15	255-70-122-242	255-101-252-104
8996	8.271353381993599e-10	1.4902496381819787e-08	255-24-215-202	255-122-4-2
8997	1.1401351137669125e-13	2.541190674075028e-14	255-24-215-202	255-122-4-2
8998	2.417246661245076e-14	7.306988078723688e-14	255-24-215-202	255-122-4-2
8999	3.100890312110251e-14	1.144185314715556e-12	255-24-215-202	255-122-4-2
9000	5.374104417278518e-15	1.0424644026562324e-08	255-24-215-202	255-212-231-53
9001	3.3968478934136626e-15	3.860404790744183e-15	255-24-215-202	255-122-4-2
9002	7.984685197619104e-13	7.03099503047782e-14	255-24-215-202	255-212-231-53
9003	4.94192399696937e-12	3.80871973402138e-12	255-24-215-202	255-122-4-2
9004	1.4464886613782452e-12	1.889537652294928e-13	255-24-215-202	255-101-252-104
9005	5.7476751350581156e-08	1.231338488008294e-08	255-24-215-202	255-101-252-104
9006	8.709025967676463e-10	1.2562485223450427e-09	255-70-122-242	255-101-252-104
9007	6.078980192347589e-11	2.4911790992257277e-11	255-24-215-202	255-122-4-2
9008	1.028594808119465e-09	5.473048286851091e-10	255-24-215-202	255-101-252-104
9009	9.765862074370109e-11	1.2179643877443045e-13	255-24-215-202	255-212-231-53
9010	0.0039263161523782	0.0373910092236354	255-70-122-242	255-101-252-104
9011	3.211187287737903e-06	8.511795527231658e-08	255-128-254-83	255-101-252-104
9012	0.0005561327165615	9.474489282948256e-05	255-122-4-2	255-101-252-104
9013	3.463752282058425e-13	6.116404610846398e-13	255-70-122-242	255-212-231-53
9014	7.367676288731589e-13	2.874895670555559e-09	255-70-122-242	255-212-231-53
9015	1.0672599751083553e-05	0.0635332896923189	255-70-122-242	255-212-231-53
9016	0.0027574606472584	8.408876799271468e-05	255-24-215-202	255-122-4-2
9017	0.2906088013649095	0.0186383381593288	255-24-215-202	255-101-252-104
9018	0.0226344476219502	0.0031294521439539	255-70-122-242	255-101-252-104
9019	0.0218990242421422	0.0263769920939743	255-232-213-56	255-70-122-242
9020	1.3073020521539714e-10	5.853144498417847e-09	255-24-215-202	255-70-122-242
9021	7.02781747052295e-07	4.40087976282602e-05	255-24-215-202	255-70-122-242
9022	2.0636676391158324e-05	7.584034617428894e-06	255-53-243-148	255-101-252-104
9023	1.212447078668449e-05	6.475966453729619e-07	255-232-213-56	255-70-122-242
9024	0.0001280901200893	0.0031723678581572	255-128-254-83	255-254-152-44
9025	6.123126918617724e-05	0.000264914017859	255-128-254-83	255-70-122-242
9026	0.0596351758513625	0.0005361568528299	255-128-254-83	255-122-4-2
9027	2.1219588243001128e-05	0.0021755201787417	255-128-254-83	255-122-4-2
9028	1.1109634687986433e-07	2.5344528763726352e-08	255-70-122-242	255-70-122-242
9029	6.102771601532603e-14	9.303885612084308e-12	255-51-172-246	255-212-231-53
9030	0.0008018969019664	2.5861715756178267e-05	255-122-4-2	255-122-4-2
9031	5.01488009295963e-10	1.1291760743171707e-10	255-24-215-202	255-122-4-2
9032	0.0011667151268196	0.0003239737102188	255-128-254-83	255-101-252-104
9033	9.860216595458968e-11	1.7209959121881722e-11	255-24-215-202	255-70-122-242
9034	0.0002545878487967	0.0004968585731326	255-24-215-202	255-212-231-53
9035	0.186460843432605	0.0022719801034844	255-128-254-83	255-122-4-2
9036	0.0872946909728359	0.0117523960887747	255-128-254-83	255-70-122-242
9037	0.0002297936544684	0.0019778290137952	255-232-213-56	255-101-252-104
9038	4.311206249034276e-05	1.882359933805356e-05	255-53-243-148	255-70-122-242
9039	0.0099262595831061	1.243232588099506e-05	255-187-244-52	255-70-122-242
9040	1.945434377195145e-08	2.64810054066221e-09	255-247-113-27	255-70-122-242
9041	0.0007097576986232	6.802733562972364e-05	255-128-254-83	255-101-252-104
9042	1.1021174812305934e-07	2.2496194130644682e-08	255-24-215-202	255-122-4-2
9043	3.0279993665165185e-08	1.4077017216588075e-09	255-70-122-242	255-122-4-2
9044	1.551458892109929e-09	4.792860212369807e-06	255-70-122-242	255-122-4-2
9045	4.1840529892080425e-08	4.104485802490875e-08	255-70-122-242	255-217-56-6
9046	0.1487918935402997	0.0982414754725455	255-24-215-202	255-101-252-104
9047	3.2041769820468277e-06	2.526977746048604e-05	255-70-122-242	255-101-252-104
9048	2.82665678687095e-07	0.0415332898843717	255-232-213-56	255-217-56-6
9049	1.0296507872966116e-10	4.042269371537578e-05	255-24-215-202	255-122-4-2
9050	0.0021912658067336	0.001281866905838	255-24-215-202	255-122-4-2
9051	8.332938994675962e-07	0.0188897880317418	255-70-122-242	255-70-122-242
9052	0.0005511477963482	0.0042473104055846	255-70-122-242	255-101-252-104
9053	0.0002208797788523	0.6834660540636697	255-70-122-242	255-101-252-104
9054	3.800801170414277e-06	0.0417070713996342	255-232-213-56	255-254-152-44
9055	5.5779030607613204e-08	0.0796552887925916	255-232-213-56	255-122-4-2
9056	6.960506517006771e-11	7.473119192474037e-07	255-232-213-56	255-70-122-242
9057	2.2061502327886627e-09	0.0024951472340149	255-232-213-56	255-70-122-242
9058	6.641950922401268e-14	1.745883833140085e-06	255-24-215-202	255-212-231-53
9059	1.2879610046747824e-12	7.056106906141792e-07	255-24-215-202	255-212-231-53
9060	0.0008099198601884	0.0032701023559766	255-128-254-83	255-26-209-210
9061	6.661040056369632e-05	1.1425574717733644e-05	255-128-254-83	255-101-252-104
9062	2.863879622118786e-08	3.5617151986146905e-06	255-70-122-242	255-70-122-242
9063	2.063329197888302e-07	1.0394749679276674e-05	255-51-172-246	255-101-252-104
9064	5.543032589427871e-10	5.270175557712963e-08	255-128-254-83	255-26-209-210
9065	6.314581177203103e-05	2.854373914583712e-06	255-24-215-202	255-70-122-242
9066	0.0009358512276319	2.836174334278659e-05	255-128-254-83	255-101-252-104
9067	0.0012494858775933	0.0003617905252046	255-53-243-148	255-101-252-104
9068	5.547317945812297e-09	2.772627886509143e-07	255-128-254-83	255-122-4-2
9069	5.646756553675703e-13	1.0474077017774453e-12	255-24-215-202	255-212-231-53
9070	3.5767814116440394e-10	1.3546289149743964e-08	255-24-215-202	255-70-122-242
9071	4.923804036972223e-11	3.3565539641934476e-10	255-53-243-148	255-101-252-104
9072	9.199167444482113e-06	5.510817089478633e-06	255-24-215-202	255-101-252-104
9073	0.0007125713945022	0.006649726148898	255-128-254-83	255-70-122-242
9074	0.0080208571026465	0.0057529267172261	255-128-254-83	255-70-122-242
9075	1.0718340121653485e-07	2.682952734322971e-05	255-53-243-148	255-70-122-242
9076	4.903087635503717e-10	6.132952818359231e-07	255-232-213-56	255-70-122-242
9077	2.248443001588213e-11	7.10346890829683e-07	255-24-215-202	255-70-122-242
9078	1.2125578715373372e-06	3.435967941426606e-07	255-24-215-202	255-122-4-2
9079	6.657836181204756e-06	0.0034807894269186	255-232-213-56	255-122-4-2
9080	7.13734276140913e-05	0.0002620518363427	255-53-243-148	255-217-56-6
9081	6.867332243595855e-11	0.0001378298628835	255-247-113-27	255-70-122-242
9082	0.000313386724953	7.394487066372404e-07	255-128-254-83	255-122-4-2
9083	2.0955046273349986e-08	0.0098459591196346	255-232-213-56	255-122-4-2
9084	9.739792912612456e-09	1.8723676859063877e-05	255-70-122-242	255-212-231-53
9085	0.0956908754720809	0.0015964361657508	255-128-254-83	255-254-152-44
9086	2.8061233069581782e-06	6.876478053385719e-05	255-24-215-202	255-212-231-53
9087	0.0001030633748961	0.0002369359471709	255-70-122-242	255-26-209-210
9088	1.0570557487311228e-10	1.7184408807061002e-06	255-128-254-83	255-254-152-44
9089	9.868649546208789e-08	1.1653140157771894e-08	255-247-113-27	255-122-4-2
9090	7.778469253067408e-05	4.784746138318149e-05	255-232-213-56	255-254-152-44
9091	4.475637160666535e-11	2.7457018724067727e-11	255-24-215-202	255-122-4-2
9092	0.0001405185510393	1.0728195063296022e-05	255-128-254-83	255-122-4-2
9093	6.666193861272354e-06	0.0005206099718083	255-128-254-83	255-254-152-44
9094	0.1074898419262468	0.0084990120348625	255-128-254-83	255-254-152-44
9095	0.0002912584500676	0.0094665285200462	255-128-254-83	255-70-122-242
9096	7.936032350586015e-05	0.0201540238655176	255-128-254-83	255-122-4-2
9097	0.0031624326716188	0.6371171155198522	255-128-254-83	255-70-122-242
9098	0.0001944928165965	0.039249056851145	255-24-215-202	255-70-122-242
9099	0.0025190075709655	0.773711714848464	255-232-213-56	255-70-122-242
9100	1.5693879576170095e-14	6.365870107238824e-14	255-24-215-202	255-70-122-242
9101	8.999671145428821e-18	1.670092294599838e-15	255-24-215-202	255-212-231-53
9102	5.6049691524841016e-14	1.17978968420437e-13	255-24-215-202	255-70-122-242
9103	1.233356117720053e-20	7.785326756331906e-18	255-24-215-202	255-212-231-53
9104	1.3249816047450082e-16	7.550955931952826e-17	255-24-215-202	255-101-252-104
9105	6.924722819667427e-14	8.90160812778371e-15	255-24-215-202	255-122-4-2
9106	5.549251102877033e-13	1.5138272280498251e-09	255-24-215-202	255-212-231-53
9107	3.814646819808585e-12	6.415172710123821e-14	255-24-215-202	255-101-252-104
9108	2.4193186561313197e-13	1.3908137678136392e-14	255-24-215-202	255-212-231-53
9109	1.0471419838478961e-16	1.3743856565981038e-15	255-24-215-202	255-101-252-104
9110	1.5873245288903669e-12	4.513881686490765e-13	255-24-215-202	255-101-252-104
9111	1.8707375265775583e-08	2.0255238892321783e-09	255-24-215-202	255-101-252-104
9112	6.15702147443793e-11	1.1393921697531489e-11	255-24-215-202	255-122-4-2
9113	1.5312733966676583e-09	1.1543121665838943e-09	255-53-243-148	255-101-252-104
9114	2.7396107644594797e-12	1.0866841931304458e-14	255-24-215-202	255-122-4-2
9115	7.162414133810923e-08	3.4083875078786464e-08	255-24-215-202	255-101-252-104
9116	8.58066454032929e-10	1.958968226399641e-09	255-24-215-202	255-101-252-104
9117	2.1719602588554032e-09	1.756143078591233e-09	255-24-215-202	255-101-252-104
9118	3.824008805913776e-08	5.4086683735610986e-08	255-24-215-202	255-101-252-104
9119	5.809892794365412e-08	4.7984273127266e-08	255-53-243-148	255-101-252-104
9120	3.6913959029233655e-05	1.2569508038563236e-05	255-70-122-242	255-122-4-2
9121	7.64436187193905e-06	1.22845842499908e-06	255-24-215-202	255-70-122-242
9122	2.03610794516533e-15	3.794640431654239e-15	255-24-215-202	255-122-4-2
9123	0.0017022995037735	1.5420371781815974e-05	255-70-122-242	255-101-252-104
9124	1.6474028305215203e-09	0.0001894402160455	255-24-215-202	255-212-231-53
9125	6.230024827131851e-07	7.805605413178735e-06	255-24-215-202	255-101-252-104
9126	0.0002529909161861	0.0017173848989399	255-187-244-52	255-70-122-242
9127	1.2090478542301928e-06	0.0037833439094261	255-24-215-202	255-70-122-242
9128	0.0655503041125952	0.007476509298699	255-128-254-83	255-101-252-104
9129	0.0158950034572177	0.0018794287956978	255-128-254-83	255-101-252-104
9130	0.0010969339311532	0.0024804118723195	255-128-254-83	255-70-122-242
9131	0.0213324347035402	0.0110207869465041	255-128-254-83	255-70-122-242
9132	7.23296712156975e-10	7.282688594716032e-05	255-232-213-56	255-254-152-44
9133	1.9489675559035686e-14	1.0424515333598238e-11	255-24-215-202	255-212-231-53
9134	6.101480659875559e-14	2.9290487616120014e-14	255-24-215-202	255-212-231-53
9135	2.8656352187410263e-08	8.801578752481395e-09	255-70-122-242	255-70-122-242
9136	2.774492448275013e-12	1.1233869743336802e-12	255-24-215-202	255-101-252-104
9137	5.89402894662902e-17	4.5965107218297984e-17	255-24-215-202	255-122-4-2
9138	2.5575381623827577e-14	2.601370736525652e-15	255-24-215-202	255-212-231-53
9139	1.4629202969113287e-09	2.435469964739914e-10	255-247-113-27	255-70-122-242
9140	2.1035192524902917e-08	4.280455831439864e-09	255-24-215-202	255-101-252-104
9141	3.991499111959279e-11	9.713158124853996e-12	255-70-122-242	255-26-209-210
9142	8.86960921665769e-13	1.5908814847274168e-13	255-24-215-202	255-101-252-104
9143	7.671275256017001e-12	4.1500423261051654e-13	255-24-215-202	255-101-252-104
9144	1.5839553616887471e-09	3.94592164655339e-09	255-24-215-202	255-101-252-104
9145	9.164605519708057e-16	2.4456855354150665e-14	255-24-215-202	255-101-252-104
9146	1.0612027037209668e-16	2.228289397280992e-15	255-70-122-242	255-101-252-104
9147	5.028401931993384e-17	4.993557830975998e-16	255-24-215-202	255-101-252-104
9148	8.475000013308641e-09	3.5349408412009814e-08	255-70-122-242	255-101-252-104
9149	3.805480120110852e-17	8.22768912107342e-17	255-24-215-202	255-101-252-104
9150	8.012697109896979e-16	6.952694192111077e-14	255-24-215-202	255-122-4-2
9151	1.0241982891797637e-08	3.2008315255325925e-06	255-70-122-242	255-217-56-6
9152	1.0600513171021116e-05	0.0025403626067325	255-70-122-242	255-212-231-53
9153	1.5669741436016805e-12	2.389473085404497e-11	255-180-27-1	255-212-231-53
9154	3.529622994491354e-05	0.000665765044862	255-70-122-242	255-212-231-53
9155	1.1225464930163882e-05	0.0002377861599723	255-70-122-242	255-101-252-104
9156	0.0001009099615389	2.962654176059241e-05	255-24-215-202	255-70-122-242
9157	4.4124109532261765e-07	0.3819564337180821	255-232-213-56	255-70-122-242
9158	0.0005124222718882	0.0090428379487848	255-232-213-56	255-122-4-2
9159	0.0008424380607073	5.56792244398344e-06	255-128-254-83	255-70-122-242
9160	8.201303387012584e-05	9.517224356386365e-06	255-128-254-83	255-70-122-242
9161	8.358585417881243e-07	5.356005527328721e-08	255-247-113-27	255-70-122-242
9162	0.0032062060705168	0.0004116853357097	255-24-215-202	255-101-252-104
9163	1.0149364574749419e-07	4.500949476599453e-08	255-53-243-148	255-70-122-242
9164	4.112317819623369e-05	0.0009298534497457	255-53-243-148	255-70-122-242
9165	0.0001053144611727	7.135302548365732e-05	255-53-243-148	255-122-4-2
9166	0.0003276190594887	0.0012284430150768	255-53-243-148	255-101-252-104
9167	1.5569958743138193e-05	2.171713029775779e-07	255-187-244-52	255-70-122-242
9168	4.306763028440278e-05	0.0058007665503126	255-24-215-202	255-70-122-242
9169	3.22219828644434e-11	0.0013515481514528	255-24-215-202	255-70-122-242
9170	0.000279211244883	0.2237611326447718	255-128-254-83	255-70-122-242
9171	2.2424566528013804e-06	5.182524173302516e-08	255-24-215-202	255-26-209-210
9172	1.0254207377642415e-14	1.708987497558027e-14	255-24-215-202	255-122-4-2
9173	0.0028496119456531	0.0001824046249137	255-24-215-202	255-70-122-242
9174	0.402852186584679	0.0242470296342568	255-24-215-202	255-101-252-104
9175	0.0023972982590046	0.008870969657366	255-70-122-242	255-101-252-104
9176	7.184384427075011e-07	3.202105577246041e-08	255-24-215-202	255-70-122-242
9177	0.0005288062688146	0.9447268611517168	255-232-213-56	255-70-122-242
9179	3.5155207255417014e-11	9.770651382648314e-08	255-70-122-242	255-101-252-104
9180	3.354969311097135e-06	0.0167789964058246	255-70-122-242	255-70-122-242
9181	1.3139894409766905e-07	0.2836587997875578	255-70-122-242	255-254-152-44
9182	7.490829202199428e-09	0.0003152657232744	255-232-213-56	255-26-209-210
9183	0.0004519117109633	0.210192270827114	255-128-254-83	255-70-122-242
9184	1.9229308231152313e-09	1.4218502559553388e-08	255-128-254-83	255-70-122-242
9185	0.0002201796099317	0.0034122530715452	255-24-215-202	255-212-231-53
9186	3.249541265874929e-07	2.7925119252468117e-06	255-128-254-83	255-70-122-242
9187	0.0001047935296107	0.0002585086588211	255-128-254-83	255-70-122-242
9188	1.4498982765184484e-05	0.0002282659420155	255-128-254-83	255-70-122-242
9189	2.7718242916803336e-10	1.1393370123004269e-08	255-247-113-27	255-70-122-242
9190	3.717074683680048e-07	1.3168238829805968e-05	255-51-172-246	255-70-122-242
9191	4.758315070613183e-08	0.0001955063184873	255-24-215-202	255-26-209-210
9192	3.270258696925627e-05	1.0381105104702258e-05	255-128-254-83	255-101-252-104
9193	7.629393548902028e-05	0.0120396559032801	255-53-243-148	255-101-252-104
9194	6.34088954165095e-05	0.0010122371374327	255-53-243-148	255-101-252-104
9195	0.0343899057926397	0.0002339578986696	255-53-243-148	255-101-252-104
9196	0.0002600373570522	5.5784671262416894e-05	255-53-243-148	255-101-252-104
9197	1.9519040726854085e-07	2.7435317166559164e-05	255-128-254-83	255-70-122-242
9198	3.590877991704821e-05	0.0002800179181094	255-53-243-148	255-217-56-6
9199	5.396954771169327e-08	6.15442557801229e-05	255-232-213-56	255-101-252-104
9200	1.6696416754745818e-07	0.0012994854333422	255-232-213-56	255-122-4-2
9201	1.3032132274506575e-09	1.4247132244438465e-07	255-24-215-202	255-212-231-53
9202	0.0008904075325504	0.0436813454362981	255-70-122-242	255-70-122-242
9203	2.758264908511854e-06	6.18461197882905e-05	255-232-213-56	255-254-152-44
9204	0.000211230142957	0.7653362993403657	255-232-213-56	255-70-122-242
9205	2.90803593721344e-17	2.4469033684753474e-06	255-70-122-242	255-212-231-53
9206	1.0017535213542471e-16	3.883030303437988e-06	255-70-122-242	255-212-231-53
9207	8.753477090060776e-20	4.687100753520479e-19	255-24-215-202	255-101-252-104
9208	4.2220122248388723e-19	5.61778326743057e-19	255-24-215-202	255-101-252-104
9209	4.491416343614957e-18	2.3414541066632358e-17	255-24-215-202	255-101-252-104
9210	3.116934972707644e-17	5.247638954524575e-07	255-70-122-242	255-212-231-53
9211	5.1268337988938184e-14	2.3578853689792524e-10	255-24-215-202	255-212-231-53
9212	6.19345855897799e-22	9.918646611014896e-23	255-24-215-202	255-101-252-104
9213	1.3207920115093292e-14	2.2617458411799167e-15	255-24-215-202	255-122-4-2
9214	2.229536855266074e-11	7.278452783629324e-07	255-24-215-202	255-122-4-2
9215	5.042987766538832e-17	3.966450917959141e-17	255-24-215-202	255-101-252-104
9216	6.292503485910631e-21	1.5489497261624152e-19	255-24-215-202	255-212-231-53
9217	3.367100444877685e-13	7.801149857500036e-11	255-24-215-202	255-212-231-53
9218	1.980552987788168e-18	1.1716553139374005e-18	255-24-215-202	255-101-252-104
9219	1.931419532642493e-11	1.0190354302665155e-11	255-24-215-202	255-212-231-53
9220	2.961779286243154e-13	6.42657410254028e-13	255-24-215-202	255-101-252-104
9221	9.09852573453252e-13	6.645039982736351e-15	255-24-215-202	255-101-252-104
9222	2.4213055584078398e-11	3.1130845714732935e-08	255-24-215-202	255-212-231-53
9223	4.3390112755357776e-10	1.6247624601451624e-12	255-24-215-202	255-101-252-104
9224	5.688107437068759e-13	3.449281041116608e-13	255-53-243-148	255-101-252-104
9225	7.780798127083864e-09	3.0168067544100263e-08	255-70-122-242	255-101-252-104
9226	1.7540969493124843e-09	1.7078146268902414e-09	255-128-254-83	255-101-252-104
9227	4.963711478742416e-08	1.6139629840245736e-06	255-70-122-242	255-101-252-104
9228	4.603031709884219e-07	7.327784566153054e-08	255-53-243-148	255-101-252-104
9229	0.0001061835684423	1.8766741687372143e-05	255-128-254-83	255-101-252-104
9230	6.609507027838229e-07	2.211212752698657e-08	255-128-254-83	255-101-252-104
9231	0.0011123173975267	5.386857251809189e-05	255-128-254-83	255-122-4-2
9232	0.0258594584261674	0.0001628203660878	255-128-254-83	255-70-122-242
9233	0.0001264081019627	3.5226564654452465e-05	255-53-243-148	255-70-122-242
9234	0.0009089813127034	3.292357704353652e-05	255-70-122-242	255-101-252-104
9235	1.264813554264506e-07	1.6888883653832913e-08	255-122-4-2	255-122-4-2
9237	1.0003687685621796e-05	3.989419319706981e-05	255-70-122-242	255-70-122-242
9238	1.2480446656332202e-10	1.0214796900337987e-09	255-247-113-27	255-212-231-53
9239	1.4944200249119956e-11	1.5645658150899073e-11	255-24-215-202	255-122-4-2
9241	1.1468682803022344e-07	0.0845924082591706	255-70-122-242	255-26-209-210
9242	0.0548036107961526	0.009076354643806	255-232-213-56	255-70-122-242
9243	3.177858799970391e-05	0.001836287963975	255-24-215-202	255-70-122-242
9244	0.0186299897309786	0.1271939507317397	255-128-254-83	255-70-122-242
9245	4.240505535683277e-05	0.0060326118426245	255-128-254-83	255-70-122-242
9246	1.8006700382760248e-05	0.3915507958115561	255-128-254-83	255-212-231-53
9247	1.3623527313984008e-08	0.0319265447789806	255-232-213-56	255-212-231-53
9248	5.295458369305478e-12	3.4971971042452186e-11	255-24-215-202	255-254-152-44
9249	4.101393630084144e-11	2.979327406540946e-11	255-24-215-202	255-212-231-53
9250	1.612865747373675e-10	8.331615345741198e-08	255-24-215-202	255-212-231-53
9251	6.234118630007556e-16	5.18646030761334e-15	255-24-215-202	255-212-231-53
9252	1.8784430830305617e-05	2.1519085247095444e-06	255-128-254-83	255-212-231-53
9253	3.027197445434395e-10	2.720451938842596e-10	255-24-215-202	255-212-231-53
9254	3.0156300442664576e-17	1.2575439776809717e-17	255-24-215-202	255-101-252-104
9255	6.328834091773868e-09	1.1966791942814725e-08	255-24-215-202	255-101-252-104
9256	1.3630021433427148e-10	7.477259312975786e-12	255-24-215-202	255-122-4-2
9257	8.171420106558509e-19	3.293443088053443e-19	255-24-215-202	255-101-252-104
9258	1.082136173386582e-07	7.1043553963569024e-09	255-128-254-83	255-101-252-104
9259	1.5976732277565764e-08	4.164063076693229e-08	255-53-243-148	255-101-252-104
9260	6.828964314244493e-13	1.5766124660653968e-15	255-24-215-202	255-70-122-242
9261	1.1366711387725974e-07	5.7103417314575314e-08	255-53-243-148	255-101-252-104
9262	4.460989434568242e-05	1.912322353481722e-06	255-128-254-83	255-101-252-104
9263	2.2227345962903124e-05	3.823968848649183e-06	255-128-254-83	255-101-252-104
9264	5.339638793133849e-18	1.4730486780552478e-17	255-24-215-202	255-101-252-104
9265	4.2879071508642075e-17	3.920233319163142e-17	255-24-215-202	255-101-252-104
9266	2.0063906396815778e-10	2.716262780297984e-09	255-24-215-202	255-122-4-2
9267	0.0001360797398187	0.0057137001691504	255-70-122-242	255-212-231-53
9268	6.514490599164519e-06	4.350415429397904e-06	255-24-215-202	255-122-4-2
9269	0.0388254177515978	0.0002749494194896	255-24-215-202	255-101-252-104
9270	0.0003880247239062	0.0043386185774786	255-70-122-242	255-122-4-2
9271	0.0013398914785128	0.0002890361604251	255-128-254-83	255-101-252-104
9272	1.0464304743780574e-09	1.3086579496887164e-07	255-247-113-27	255-70-122-242
9273	1.0801533494469345e-08	0.0095769125257592	255-232-213-56	255-70-122-242
9274	4.693820034039487e-08	6.273731557110751e-10	255-247-113-27	255-101-252-104
9275	1.4101910351504562e-05	9.959715877321351e-06	255-70-122-242	255-101-252-104
9276	9.302065877911344e-07	3.3077501563761145e-08	255-247-113-27	255-101-252-104
9277	1.8367409274562914e-09	9.364283237538989e-06	255-24-215-202	255-122-4-2
9278	3.197978591314211e-09	7.915804700202153e-10	255-247-113-27	255-70-122-242
9279	2.296992240434947e-07	1.2194530482503866e-09	255-247-113-27	255-101-252-104
9280	0.2223521557291383	0.0005317828086929	255-24-215-202	255-101-252-104
9281	0.0004122178126793	0.0069795395015691	255-247-113-27	255-101-252-104
9282	0.0001353243882794	2.2966477276931302e-06	255-232-213-56	255-70-122-242
9283	6.545769463060704e-12	0.2043307935999212	255-232-213-56	255-254-152-44
9284	4.414408250319921e-12	5.159959770581005e-12	255-70-122-242	255-101-252-104
9285	3.197978591314211e-09	7.915804700202153e-10	255-247-113-27	255-70-122-242
9286	5.000684744833628e-06	0.0001045400789561	255-24-215-202	255-122-4-2
9287	7.251362348604354e-06	0.0678075038123756	255-232-213-56	255-254-152-44
9288	0.000170082771254	5.288617857961513e-05	255-247-113-27	255-26-209-210
9289	6.726743264697608e-08	0.0001112923135919	255-24-215-202	255-26-209-210
9290	1.0746324067596463e-06	4.0277004382535615e-05	255-70-122-242	255-70-122-242
9291	0.0008625827686606	0.0024205285117493	255-187-244-52	255-101-252-104
9292	5.570835751525001e-10	1.922029974679573e-07	255-70-122-242	255-101-252-104
9293	0.009271561353326	0.1040439747283052	255-53-243-148	255-101-252-104
9294	1.4504623159090976e-08	0.0144521600025487	255-70-122-242	255-217-56-6
9295	7.124386312322748e-08	0.0002289326075636	255-70-122-242	255-70-122-242
9296	5.783583015439991e-10	2.985005196413406e-08	255-70-122-242	255-101-252-104
9297	0.0001670682461743	0.9464026513037818	255-232-213-56	255-70-122-242
9298	0.0001798040040678	0.0002039656963705	255-24-215-202	255-101-252-104
9299	0.0002499916411945	0.0053309347868814	255-53-243-148	255-101-252-104
9300	0.2275801594182542	0.2746878345431346	255-232-213-56	255-70-122-242
9301	3.3927711109267837e-09	3.143958585493089e-06	255-24-215-202	255-122-4-2
9302	1.1949377965359218e-08	0.00470691194576	255-232-213-56	255-122-4-2
9303	8.052922177663799e-05	0.0001352844997102	255-128-254-83	255-26-209-210
9304	0.0094385978244124	0.0002770295796004	255-128-254-83	255-70-122-242
9305	1.4450833063883245e-07	1.6049259424968828e-07	255-24-215-202	255-212-231-53
9306	7.335625414477977e-09	0.2043135231893722	255-232-213-56	255-254-152-44
9307	2.1511098983177964e-11	3.586411437113412e-11	255-24-215-202	255-212-231-53
9308	3.233378240180938e-23	3.416308053397416e-18	255-24-215-202	255-212-231-53
9309	1.2217971367842662e-19	1.5122291535010547e-10	255-70-122-242	255-212-231-53
9310	2.0502729091484943e-20	3.9309373120771682e-19	255-24-215-202	255-212-231-53
9311	1.4512157277160797e-21	1.2791500841898986e-12	255-24-215-202	255-212-231-53
9312	1.8029235837660688e-21	1.0154803402031416e-21	255-24-215-202	255-212-231-53
9313	7.402923827239876e-20	8.082140328265403e-17	255-24-215-202	255-212-231-53
9314	5.3665206093445e-18	6.2202946265689924e-18	255-24-215-202	255-101-252-104
9315	5.709813806168028e-21	6.632591392890744e-19	255-24-215-202	255-212-231-53
9316	1.5549178424653214e-16	1.939937934630258e-17	255-24-215-202	255-212-231-53
9317	9.320569947848177e-21	8.748956144249944e-21	255-24-215-202	255-101-252-104
9318	4.719769678849707e-18	1.71027144936049e-16	255-24-215-202	255-122-4-2
9319	4.532606210660089e-16	8.783502835521647e-19	255-24-215-202	255-70-122-242
9320	5.32021834869443e-14	9.760529423997283e-17	255-24-215-202	255-122-4-2
9321	5.763338106034374e-16	2.006911106620623e-18	255-24-215-202	255-26-209-210
9322	4.541212338825904e-16	8.74572577513262e-17	255-24-215-202	255-122-4-2
9323	6.350019479894515e-09	3.200266667324726e-10	255-24-215-202	255-122-4-2
9324	4.488199921702274e-15	1.0468791081216911e-16	255-24-215-202	255-101-252-104
9325	5.517070210731703e-12	1.152668860603277e-11	255-53-243-148	255-101-252-104
9326	3.6787363338240256e-12	5.4108177385521096e-12	255-24-215-202	255-101-252-104
9327	4.552182345421824e-07	1.590097042684459e-07	255-24-215-202	255-101-252-104
9328	1.3235525644393126e-09	2.8345031773089326e-10	255-24-215-202	255-70-122-242
9329	0.0001081731176297	1.702878983234389e-06	255-128-254-83	255-101-252-104
9330	1.499639054166442e-09	6.741807000361822e-10	255-70-122-242	255-122-4-2
9331	2.523247163914014e-06	1.8842632881227682e-07	255-53-243-148	255-101-252-104
9332	0.0109294767270288	3.443945497749487e-05	255-53-243-148	255-70-122-242
9333	0.0002287582358297	1.984844497769981e-05	255-128-254-83	255-70-122-242
9334	0.0005272778205962	2.2911359186220246e-06	255-128-254-83	255-101-252-104
9335	1.534523175633112e-08	5.964997917979662e-08	255-122-4-2	255-122-4-2
9336	4.113594116559648e-10	9.7586741251798e-12	255-24-215-202	255-26-209-210
9337	3.056093150605247e-05	9.244632123680074e-06	255-70-122-242	255-101-252-104
9338	1.5311962787610212e-07	3.974435326506044e-06	255-24-215-202	255-70-122-242
9339	2.6042150321013805e-08	0.0233115626432279	255-70-122-242	255-26-209-210
9340	2.7534468334225148e-05	0.0003332217506637	255-232-213-56	255-70-122-242
9341	1.1816956545845226e-05	0.035127794962758	255-70-122-242	255-26-209-210
9342	0.0438528629540797	0.0193400703210665	255-187-244-52	255-101-252-104
9343	3.302220565244757e-05	1.375052022333568e-05	255-128-254-83	255-70-122-242
9344	2.0316145872379534e-07	0.0057716742061151	255-232-213-56	255-212-231-53
9345	7.227333203508315e-09	4.377699062341314e-05	255-24-215-202	255-254-152-44
9346	4.2222110856215976e-10	7.294305499562952e-11	255-24-215-202	255-122-4-2
9347	3.963451171137415e-14	4.28158556904103e-13	255-70-122-242	255-101-252-104
9348	5.102801367951586e-11	3.005684754245005e-12	255-24-215-202	255-212-231-53
9349	4.067499829109552e-08	8.647067918301093e-09	255-24-215-202	255-70-122-242
9350	9.977166768943782e-12	6.15444298926344e-13	255-24-215-202	255-122-4-2
9351	6.376746986497331e-20	3.3998846494275463e-19	255-24-215-202	255-122-4-2
9352	2.3206823869893853e-14	1.899118354962889e-14	255-122-4-2	255-122-4-2
9353	1.3586784681471921e-16	1.2989521950465528e-19	255-24-215-202	255-122-4-2
9354	1.7404442526321303e-20	1.5743011243397051e-18	255-24-215-202	255-212-231-53
9355	1.7059968378075516e-06	6.260605195377843e-08	255-128-254-83	255-101-252-104
9356	1.250416690772857e-10	2.9422206331446206e-11	255-128-254-83	255-101-252-104
9357	0.0002006186728578	1.2814327625442305e-06	255-128-254-83	255-101-252-104
9358	1.2112909898150708e-14	8.808911174955432e-17	255-24-215-202	255-101-252-104
9359	3.4060223944030086e-16	1.1386161755000537e-18	255-24-215-202	255-101-252-104
9360	1.8300170431801786e-17	2.784363307915896e-19	255-24-215-202	255-212-231-53
9361	2.2125004378748618e-08	8.680458834162882e-09	255-122-4-2	255-101-252-104
9362	0.1265971389609005	0.0006021507060058	255-128-254-83	255-101-252-104
9363	3.450590073862149e-19	1.4922387851518178e-20	255-51-172-246	255-101-252-104
9364	5.30456097899172e-14	2.728036927155257e-15	255-24-215-202	255-122-4-2
9365	2.658317771660031e-05	0.0001460963177899	255-24-215-202	255-212-231-53
9366	4.720047646196417e-11	1.7230803810436462e-09	255-70-122-242	255-101-252-104
9367	2.814429440101943e-07	1.0315939763940511e-06	255-51-172-246	255-122-4-2
9368	0.0774440721575193	0.0012230545233453	255-128-254-83	255-70-122-242
9369	0.0001824655886235	1.6903592600695244e-05	255-122-4-2	255-122-4-2
9370	1.4764681552979445e-07	3.971063812798381e-06	255-247-113-27	255-122-4-2
9371	9.996900059061972e-05	1.046920733772547e-05	255-70-122-242	255-101-252-104
9372	9.122499040995246e-05	4.718223684051386e-06	255-70-122-242	255-101-252-104
9373	1.3232583473807884e-11	2.0851983712937088e-11	255-24-215-202	255-122-4-2
9374	8.358027484760924e-05	6.972453079566376e-06	255-24-215-202	255-212-231-53
9375	1.7262461493919924e-05	2.137920220926412e-08	255-24-215-202	255-217-56-6
9376	0.0096724104063794	9.60016651665046e-06	255-24-215-202	255-101-252-104
9377	3.517665091459616e-10	0.0001294841980853	255-232-213-56	255-122-4-2
9378	0.0003981370315645	0.0004142471846165	255-247-113-27	255-70-122-242
9379	0.000352090636286	0.4294814841429553	255-232-213-56	255-70-122-242
9380	0.3649961942666819	0.0008130657255086	255-24-215-202	255-122-4-2
9381	5.965407504923675e-11	7.574874733451051e-08	255-70-122-242	255-101-252-104
9382	8.088310613654665e-07	0.0012643275935238	255-70-122-242	255-101-252-104
9383	0.0076669877793021	0.0002428622456182	255-128-254-83	255-70-122-242
9384	0.0029972526430781	0.1479471281968914	255-187-244-52	255-101-252-104
9385	0.0002815429198174	0.0002630347076837	255-187-244-52	255-101-252-104
9386	5.050780865942374e-16	1.94818084983244e-12	255-70-122-242	255-101-252-104
9387	1.4737626580356126e-08	0.3976890186445313	255-70-122-242	255-254-152-44
9388	7.915307289136116e-09	0.0010359738042245	255-24-215-202	255-70-122-242
9389	0.2596200697519891	0.0736640383914881	255-128-254-83	255-70-122-242
9390	2.3090258413253607e-08	2.984801389630864e-07	255-51-172-246	255-122-4-2
9391	6.393669548297576e-20	1.8226439689882799e-16	255-24-215-202	255-26-209-210
9392	1.0019518815287551e-14	8.42776447933996e-15	255-24-215-202	255-122-4-2
9393	7.219656069768576e-14	2.775289218854553e-15	255-24-215-202	255-122-4-2
9394	9.693922301984809e-12	2.2969549024398187e-11	255-24-215-202	255-122-4-2
9395	2.0208110611467623e-14	4.1385381719046046e-14	255-24-215-202	255-122-4-2
9396	0.0175163211746845	9.20063024541584e-05	255-128-254-83	255-101-252-104
9397	1.0667373089104621e-21	8.807778289607158e-14	255-24-215-202	255-212-231-53
9398	8.841204567104183e-21	1.0405117457925337e-12	255-24-215-202	255-212-231-53
9399	1.3129664670136062e-19	2.9074786563875963e-18	255-24-215-202	255-212-231-53
9400	6.515182233981535e-22	5.2717619992374425e-11	255-24-215-202	255-212-231-53
9401	3.0132036690005583e-23	2.0574895979702656e-21	255-24-215-202	255-212-231-53
9402	3.7754099104291535e-25	1.6115994695305625e-21	255-24-215-202	255-212-231-53
9403	3.3858661542953998e-21	1.3916542249044802e-20	255-24-215-202	255-101-252-104
9404	1.0927629626880217e-22	9.074108257553816e-21	255-24-215-202	255-212-231-53
9405	1.2463348954653066e-23	3.9205309814585774e-18	255-24-215-202	255-122-4-2
9406	2.6034865598426326e-20	2.943846451629333e-20	255-24-215-202	255-70-122-242
9407	1.4127598825962749e-21	7.810018470605605e-21	255-24-215-202	255-26-209-210
9408	9.630051097648663e-17	8.282940187090871e-14	255-24-215-202	255-26-209-210
9409	4.013419347113774e-21	1.3604591371943357e-21	255-51-172-246	255-70-122-242
9410	3.061545494043951e-18	6.445444965364742e-20	255-51-172-246	255-70-122-242
9411	7.038496548788734e-20	7.223412550083918e-21	255-24-215-202	255-122-4-2
9412	1.5316911592408974e-17	8.513921745709093e-18	255-24-215-202	255-26-209-210
9413	5.619996820061074e-18	2.3925918118933337e-18	255-24-215-202	255-122-4-2
9414	7.294540436645406e-15	3.5179980449046728e-15	255-24-215-202	255-26-209-210
9415	3.0478145803993082e-18	4.501832325630739e-15	255-24-215-202	255-26-209-210
9416	1.3451354427141602e-14	2.196980141787255e-13	255-24-215-202	255-122-4-2
9417	1.1651017667563097e-12	4.227497848059e-12	255-24-215-202	255-122-4-2
9418	5.872237096768819e-13	7.452390563519273e-12	255-24-215-202	255-101-252-104
9419	3.17868143792832e-12	9.079586058309727e-11	255-24-215-202	255-101-252-104
9420	2.3599620016083462e-08	4.3009904085176154e-09	255-53-243-148	255-101-252-104
9421	3.25460641977047e-06	5.107554451035712e-08	255-128-254-83	255-101-252-104
9422	2.366371214672489e-07	2.2562288699283372e-08	255-53-243-148	255-122-4-2
9423	0.00360451164866	1.0315685058956813e-05	255-53-243-148	255-101-252-104
9424	4.752381191984673e-07	1.962361194313009e-07	255-53-243-148	255-70-122-242
9425	0.0353921303051413	1.3181780504148184e-05	255-53-243-148	255-70-122-242
9426	0.010590057293737	1.87292161530692e-05	255-128-254-83	255-101-252-104
9427	2.1085057087656784e-08	6.647678707145185e-10	255-247-113-27	255-122-4-2
9428	1.0778471992629581e-08	2.2713606332668932e-08	255-70-122-242	255-212-231-53
9429	0.3074846926762757	0.6203822282454882	255-70-122-242	255-101-252-104
9430	0.7470693479198707	1.5957288943905047e-05	255-128-254-83	255-70-122-242
9431	0.0015062440689309	0.0152196652038321	255-232-213-56	255-254-152-44
9432	0.008799811311659	0.0004467085401709	255-232-213-56	255-26-209-210
9433	1.527239291506406e-11	0.0003150133921488	255-24-215-202	255-122-4-2
9434	2.62264774762623e-08	3.879655999747247e-10	255-24-215-202	255-122-4-2
9435	1.3167428174975509e-17	5.4498589509841174e-18	255-24-215-202	255-122-4-2
9436	5.3229168981800535e-12	7.613601916066607e-13	255-24-215-202	255-122-4-2
9437	1.7877635585128506e-12	4.35961540903474e-13	255-128-254-83	255-122-4-2
9438	9.160881622854278e-19	2.6959681711826903e-19	255-24-215-202	255-122-4-2
9439	4.5510924791789456e-15	6.604306648493602e-18	255-24-215-202	255-122-4-2
9440	3.762985505448088e-11	1.386479021411724e-11	255-128-254-83	255-101-252-104
9441	1.2553667480083856e-13	9.876944365227565e-13	255-53-243-148	255-101-252-104
9442	8.785814352114093e-05	4.982534834340472e-07	255-53-243-148	255-101-252-104
9443	1.7765896120591864e-17	1.982413539015961e-18	255-24-215-202	255-101-252-104
9444	4.1764888294118114e-18	1.1199843762413598e-18	255-51-172-246	255-101-252-104
9445	7.268397399117097e-07	2.851661556007386e-07	255-122-4-2	255-101-252-104
9446	1.4312877024155772e-17	1.856346012560629e-18	255-24-215-202	255-122-4-2
9447	7.385210006993416e-06	3.3921396232739735e-07	255-53-243-148	255-70-122-242
9448	0.1057394630482419	0.0034009740416361	255-122-4-2	255-101-252-104
9449	0.047498346151962	0.0002874035714997	255-53-243-148	255-101-252-104
9450	2.105752355957217e-15	1.4219040164600802e-14	255-53-243-148	255-122-4-2
9451	4.523627686006385e-05	1.2204426159985276e-06	255-24-215-202	255-217-56-6
9452	0.0001310550824234	0.0028911855433484	255-24-215-202	255-217-56-6
9453	0.002863558862868	1.8261099517068756e-06	255-24-215-202	255-122-4-2
9454	1.2440486384641418e-07	9.644668585793088e-07	255-247-113-27	255-70-122-242
9455	1.6843456041011435e-06	1.1894570019638844e-05	255-70-122-242	255-101-252-104
9456	0.2336033743993444	0.1466622896124536	255-70-122-242	255-101-252-104
9457	0.0447833966447713	0.0164256852083444	255-70-122-242	255-101-252-104
9458	0.0139259089611294	0.0002058005764108	255-128-254-83	255-70-122-242
9459	8.427535785344105e-09	0.004327763051224	255-232-213-56	255-122-4-2
9460	0.0003253195107938	0.0001345336943106	255-247-113-27	255-122-4-2
9461	0.0055729415910068	0.0028592845849355	255-247-113-27	255-70-122-242
9462	4.684034725636892e-07	2.3997870899395895e-07	255-122-4-2	255-101-252-104
9463	2.3535712336800308e-08	2.2793421393156728e-09	255-247-113-27	255-70-122-242
9464	0.0258594584261674	0.0001628203660878	255-128-254-83	255-70-122-242
9465	0.0012601792004089	1.660235050498171e-05	255-53-243-148	255-70-122-242
9466	0.3569533056156296	0.0045406350155624	255-24-215-202	255-101-252-104
9467	5.261144501813596e-05	0.000124831879874	255-247-113-27	255-70-122-242
9468	4.986030592988731e-07	0.0001169445080351	255-24-215-202	255-70-122-242
9469	2.914516182808041e-07	0.003885886485724	255-247-113-27	255-26-209-210
9470	7.730013308540107e-05	0.000127575280706	255-70-122-242	255-70-122-242
9471	1.067473607761883e-06	1.3175030858878326e-08	255-24-215-202	255-101-252-104
9472	1.8412072274232126e-09	0.0079070396845607	255-70-122-242	255-212-231-53
9473	0.0053948601642591	0.0042929264336973	255-128-254-83	255-70-122-242
9474	0.0055096020416516	0.5900105320844777	255-232-213-56	255-70-122-242
9475	0.0001016254553434	0.0018175738511611	255-70-122-242	255-122-4-2
9476	0.0003472472043325	0.0017498169296683	255-232-213-56	255-70-122-242
9477	9.966907271088672e-09	0.0005240445439242	255-53-243-148	255-217-56-6
9478	1.6705843506282748e-11	1.8376739913061666e-07	255-24-215-202	255-122-4-2
9479	3.847853775057495e-20	1.7820995118996018e-17	255-24-215-202	255-212-231-53
9480	8.647934857016283e-18	1.2361969608853556e-15	255-24-215-202	255-122-4-2
9481	7.435865119893913e-20	7.61886503969742e-18	255-24-215-202	255-122-4-2
9482	0.0002479167324306	0.1209727563107744	255-232-213-56	255-122-4-2
9483	5.608720496516884e-21	2.7660888247946183e-19	255-24-215-202	255-26-209-210
9484	9.58338755522332e-21	1.64517605539904e-20	255-24-215-202	255-70-122-242
9485	2.5279914477431125e-12	1.8629233583129178e-12	255-128-254-83	255-101-252-104
9486	8.435550828844699e-09	1.3557482674112505e-08	255-24-215-202	255-70-122-242
9487	0.0005134313968955	0.000179298658465	255-24-215-202	255-122-4-2
9488	8.26392490759728e-10	2.1981093131074207e-10	255-187-244-52	255-122-4-2
9489	2.211167048139204e-09	4.066790892292242e-05	255-232-213-56	255-254-152-44
9490	4.060122779553548e-09	2.5594337880766646e-10	255-128-254-83	255-70-122-242
9491	3.918739016862501e-10	8.213131098163216e-10	255-122-4-2	255-70-122-242
9492	0.0041381149165742	0.0003884544447805	255-187-244-52	255-26-209-210
9493	1.5525930285138568e-08	7.11592474045413e-10	255-187-244-52	255-122-4-2
9494	0.1026226783905544	2.604906083285113e-05	255-128-254-83	255-101-252-104
9495	4.30549945802859e-06	2.7262945351777324e-07	255-70-122-242	255-122-4-2
9496	8.982201141560181e-10	1.0262407382588164e-10	255-24-215-202	255-122-4-2
9497	0.0004155856559301	0.1748191096292606	255-128-254-83	255-254-152-44
9498	4.526196825880978e-17	2.34785413139996e-13	255-24-215-202	255-26-209-210
9499	3.43692469415256e-13	3.689574418714333e-07	255-24-215-202	255-122-4-2
9500	4.064628272147713e-19	2.8447956228187273e-16	255-24-215-202	255-212-231-53
9501	1.0539027472784213e-17	3.68184646242243e-14	255-24-215-202	255-122-4-2
9502	5.198607379299998e-17	0.0004082263317141	255-24-215-202	255-122-4-2
9503	2.3410806086120263e-16	3.484894648568163e-11	255-70-122-242	255-122-4-2
9504	2.728464666552762e-13	5.521115651359389e-14	255-51-172-246	255-122-4-2
9505	1.5461997203480014e-24	3.744612167401135e-23	255-24-215-202	255-212-231-53
9506	1.799874165596534e-19	1.0634963120804029e-17	255-24-215-202	255-122-4-2
9507	6.601887183264253e-15	5.569425260214939e-14	255-24-215-202	255-122-4-2
9508	8.112270410971884e-14	4.725463242617481e-15	255-24-215-202	255-122-4-2
9509	4.70742020354073e-20	8.63963153718759e-21	255-24-215-202	255-26-209-210
9510	7.360981144202097e-20	1.840565148476889e-20	255-24-215-202	255-101-252-104
9511	3.1703920728008813e-14	7.793295546868325e-15	255-24-215-202	255-122-4-2
9512	4.986562597419065e-13	3.2580699716636774e-13	255-24-215-202	255-122-4-2
9513	6.87268981480315e-16	7.560573772558211e-16	255-24-215-202	255-212-231-53
9514	2.614701438378793e-19	1.1821134598009006e-19	255-24-215-202	255-101-252-104
9515	2.1901111386657894e-20	1.0618358499212556e-14	255-24-215-202	255-212-231-53
9516	2.1583174524290893e-15	9.44062517171717e-16	255-51-172-246	255-122-4-2
9517	9.199890298682617e-20	2.0838619462291085e-18	255-24-215-202	255-101-252-104
9518	2.6446025812666565e-17	2.061846734599828e-19	255-24-215-202	255-122-4-2
9519	5.91808275504032e-17	6.16965036972958e-13	255-24-215-202	255-26-209-210
9520	3.70851103106622e-15	6.231039438091986e-16	255-51-172-246	255-122-4-2
9521	1.0978691138427836e-05	8.160609039007317e-05	255-24-215-202	255-122-4-2
9522	8.656706040473245e-18	1.6134270686438017e-17	255-128-254-83	255-122-4-2
9523	5.242848820943593e-15	2.517902124488505e-09	255-24-215-202	255-212-231-53
9524	1.4163351001921204e-14	7.2972014739581785e-09	255-70-122-242	255-212-231-53
9525	9.217570342481853e-14	6.389280255629725e-15	255-51-172-246	255-26-209-210
9526	1.2914531507081705e-18	5.2655964812555433e-17	255-24-215-202	255-26-209-210
9527	1.2244085678430034e-16	7.911907461642781e-16	255-24-215-202	255-122-4-2
9528	2.1699945814529627e-14	1.1205769623230527e-11	255-70-122-242	255-101-252-104
9529	3.0269435309171626e-12	1.7230415654606034e-10	255-24-215-202	255-122-4-2
9530	8.620465343802483e-15	2.4709566716165263e-13	255-24-215-202	255-70-122-242
9531	1.6449433696364033e-05	1.7420499094497655e-06	255-53-243-148	255-101-252-104
9532	0.7782529627461626	0.0003930964524304	255-187-244-52	255-101-252-104
9533	7.601883056074109e-05	8.876213807573279e-06	255-53-243-148	255-70-122-242
9534	0.0002361141177478	3.2238845184290866e-05	255-53-243-148	255-70-122-242
9535	2.135578593474773e-05	8.830471488124007e-06	255-53-243-148	255-70-122-242
9536	8.052345069192899e-06	8.623155911666731e-07	255-24-215-202	255-101-252-104
9537	1.1703085752786655e-06	4.432936187113219e-08	255-122-4-2	255-70-122-242
9538	7.375460298359674e-11	6.552224787778628e-12	255-247-113-27	255-122-4-2
9539	2.9841300045265724e-08	7.543233922885739e-08	255-24-215-202	255-70-122-242
9540	6.657692374653195e-07	6.422548749137044e-09	255-122-4-2	255-70-122-242
9541	0.0091403913682506	0.0372428069533206	255-232-213-56	255-70-122-242
9542	0.2405023111262949	0.0013276284372576	255-53-243-148	255-101-252-104
9543	0.2405023111262949	0.0013276284372576	255-53-243-148	255-101-252-104
9544	0.3775926227360553	0.003424494838916	255-128-254-83	255-101-252-104
9545	0.2405023111262949	0.0013276284372576	255-53-243-148	255-101-252-104
9546	0.1850825053901754	0.0044857106716837	255-53-243-148	255-101-252-104
9547	0.1424543879557729	0.0001133983741071	255-128-254-83	255-101-252-104
9548	0.0187274980619375	0.0011292058778236	255-128-254-83	255-26-209-210
9549	1.032336755998295e-16	1.9456022975973756e-09	255-70-122-242	255-122-4-2
9550	6.5963431248722454e-18	6.65553041811229e-16	255-24-215-202	255-26-209-210
9551	3.912328084418366e-08	1.3880796287867567e-10	255-24-215-202	255-122-4-2
9552	2.191527291138753e-14	8.764336439580754e-15	255-24-215-202	255-122-4-2
9553	1.1552836349347816e-14	2.6838928088578783e-14	255-24-215-202	255-122-4-2
9554	8.407971880745103e-05	1.644092195023084e-06	255-187-244-52	255-70-122-242
9555	1.058243747372982e-12	7.158622393041821e-13	255-24-215-202	255-122-4-2
9556	1.3009362157115356e-08	1.0624588146913178e-09	255-53-243-148	255-70-122-242
9557	1.4391123372272815e-16	7.319862688867491e-15	255-24-215-202	255-101-252-104
9558	1.347504269239636e-10	2.4835027664240817e-10	255-53-243-148	255-101-252-104
9559	4.757627665963731e-10	1.4994536246737103e-09	255-53-243-148	255-101-252-104
9560	1.3043885695682812e-19	1.781345687217257e-13	255-70-122-242	255-212-231-53
9561	3.3374513675461746e-06	1.528961898357825e-07	255-187-244-52	255-70-122-242
9562	2.100907986947075e-18	1.807047341868249e-18	255-24-215-202	255-26-209-210
9563	9.32210094745856e-06	4.437566989798383e-06	255-53-243-148	255-70-122-242
9564	4.281929158881402e-07	6.585368937558487e-07	255-24-215-202	255-70-122-242
9565	0.05208877128166	1.2508075763751956e-05	255-128-254-83	255-101-252-104
9566	0.0003775437263695	9.973213752876084e-05	255-53-243-148	255-70-122-242
9567	1.6337197252495436e-14	3.722373157132123e-16	255-51-172-246	255-70-122-242
9568	7.384997869465588e-12	2.521031967466885e-12	255-128-254-83	255-70-122-242
9569	4.661677721052293e-07	4.137272870406901e-09	255-24-215-202	255-122-4-2
9570	1.833319194288745e-07	4.7643362651132754e-05	255-70-122-242	255-217-56-6
9571	7.056220983849915e-08	3.423151509053411e-05	255-70-122-242	255-212-231-53
9572	0.0003703058310452	3.093533310971051e-05	255-24-215-202	255-122-4-2
9573	0.0004841328513886	7.168636327691676e-07	255-24-215-202	255-122-4-2
9574	0.2954441395659936	0.0009578265392194	255-24-215-202	255-101-252-104
9575	5.023441570898008e-07	2.90563561702674e-07	255-24-215-202	255-70-122-242
9576	2.52983655077824e-05	0.0055508427664107	255-232-213-56	255-122-4-2
9577	4.798412835493747e-05	0.0073028041347343	255-232-213-56	255-26-209-210
9578	3.081179724734059e-07	0.3182510777158717	255-232-213-56	255-254-152-44
9579	0.0219740450493662	0.0002036838477073	255-128-254-83	255-101-252-104
9580	0.1044608609665777	0.0099476072488246	255-232-213-56	255-254-152-44
9581	8.982201141560181e-10	1.0262407382588164e-10	255-24-215-202	255-122-4-2
9582	2.3625512967548225e-10	3.581860276985712e-12	255-247-113-27	255-122-4-2
9583	0.0292581313655737	0.0008168347031643	255-53-243-148	255-70-122-242
9584	0.0045495081747224	0.0005310463345466	255-53-243-148	255-70-122-242
9585	0.0292581313655737	0.0008168347031643	255-53-243-148	255-70-122-242
9586	0.0292581313655737	0.0008168347031643	255-53-243-148	255-70-122-242
9587	0.0735620492551556	8.595838013924653e-06	255-24-215-202	255-101-252-104
9588	0.0108835062980329	0.0001643535315831	255-24-215-202	255-101-252-104
9589	0.408462286517065	0.0188606136697703	255-24-215-202	255-101-252-104
9590	1.7490106568247272e-05	2.3760276860429157e-05	255-24-215-202	255-70-122-242
9591	0.0001586696021307	0.0067642907664188	255-232-213-56	255-254-152-44
9592	1.9738830372189843e-11	6.550564786974971e-10	255-24-215-202	255-70-122-242
9593	1.8685131237468546e-08	0.000149816997128	255-70-122-242	255-26-209-210
9594	0.151771285691582	0.0056192464425499	255-128-254-83	255-217-56-6
9596	0.0143951804905135	7.391920018292131e-05	255-24-215-202	255-101-252-104
9597	6.682085742309343e-10	0.0001878879472803	255-70-122-242	255-212-231-53
9598	0.0001903349776269	4.354087475282832e-05	255-70-122-242	255-101-252-104
9599	0.0166683902025138	0.0002782218064132	255-24-215-202	255-101-252-104
9600	7.405107675248945e-07	0.0524866531221417	255-232-213-56	255-70-122-242
9601	0.000340575264294	0.029385146575157	255-232-213-56	255-26-209-210
9602	0.0003826021379882	0.0181553365474047	255-70-122-242	255-26-209-210
9603	0.0029304167367565	0.0460104961220313	255-232-213-56	255-101-252-104
9604	6.102716191355856e-12	4.583074766880451e-09	255-70-122-242	255-101-252-104
9605	2.756991191522985e-07	0.0039165228764569	255-232-213-56	255-122-4-2
9606	0.0014348949783444	0.0077071704360045	255-232-213-56	255-101-252-104
9607	3.82728923749504e-12	4.6165773471294737e-10	255-24-215-202	255-212-231-53
9608	2.527295071505251e-12	2.7439719688705396e-08	255-232-213-56	255-26-209-210
9609	1.3574650721298611e-22	4.265199031586265e-16	255-253-171-51	255-122-4-2
9610	2.6502614953487733e-09	0.0076587223354605	255-24-215-202	255-122-4-2
9611	2.0946857850541628e-19	1.543052172625668e-14	255-24-215-202	255-212-231-53
9612	4.824982922894472e-19	9.313425395990915e-14	255-24-215-202	255-122-4-2
9613	3.0846986281729587e-16	4.069763394268737e-15	255-24-215-202	255-122-4-2
9614	1.2216645863312592e-08	4.40640536348199e-07	255-24-215-202	255-122-4-2
9615	1.6977632029127608e-17	1.7065845129148026e-17	255-24-215-202	255-122-4-2
9616	4.757942692306966e-12	1.7248120889233405e-12	255-24-215-202	255-122-4-2
9617	2.95926442011283e-13	8.218494175598455e-14	255-24-215-202	255-212-231-53
9618	6.230310438452205e-14	6.728704062970632e-14	255-24-215-202	255-70-122-242
9619	0.0056682636378545	0.0001263140801367	255-128-254-83	255-254-152-44
9620	9.522542849149242e-15	1.8259344662236607e-14	255-24-215-202	255-122-4-2
9621	2.91613793257228e-13	3.583818232496584e-13	255-24-215-202	255-122-4-2
9622	0.025026464019031	0.0002383632982645	255-24-215-202	255-70-122-242
9623	4.7375898401755994e-14	2.4178767530220824e-13	255-24-215-202	255-122-4-2
9624	1.2021020157653156e-11	1.4247640459749936e-10	255-24-215-202	255-122-4-2
9625	4.352616651505692e-08	1.8401633878974595e-09	255-24-215-202	255-122-4-2
9626	5.269837311838461e-17	1.6084156684087097e-14	255-24-215-202	255-122-4-2
9627	1.6413505830970558e-17	7.538161246157229e-16	255-24-215-202	255-122-4-2
9628	1.9320547270922614e-11	1.1116333764882672e-11	255-24-215-202	255-122-4-2
9629	2.467471055228362e-12	4.617988118494769e-12	255-24-215-202	255-122-4-2
9630	1.625930086599167e-14	2.210875602391553e-13	255-24-215-202	255-122-4-2
9631	9.297188307379289e-14	3.4113793131593085e-12	255-24-215-202	255-70-122-242
9632	1.4107860400231901e-14	4.1344618956368146e-14	255-24-215-202	255-122-4-2
9633	3.106282370934079e-08	2.724949087045259e-09	255-24-215-202	255-122-4-2
9634	1.744887235372267e-15	1.3916467140220536e-14	255-24-215-202	255-122-4-2
9635	1.8532809166341697e-11	9.19320150585323e-12	255-187-244-52	255-122-4-2
9636	2.592894675616741e-13	4.726412226762512e-13	255-187-244-52	255-122-4-2
9637	9.244946835825341e-10	0.0001751965022047	255-232-213-56	255-254-152-44
9638	6.314968111733266e-13	0.0001387191158598	255-247-113-27	255-122-4-2
9639	1.292807976988078e-09	6.107513570166803e-11	255-187-244-52	255-70-122-242
9640	1.2906363649567042e-09	1.5184886150752264e-10	255-187-244-52	255-122-4-2
9641	1.3753743042371774e-07	3.5539343473153476e-08	255-187-244-52	255-70-122-242
9642	1.2075775690681635e-09	6.994196170887442e-06	255-70-122-242	255-212-231-53
9643	4.055991568858373e-09	3.378609720641718e-11	255-247-113-27	255-122-4-2
9644	3.857203748197755e-11	2.9382387249912495e-07	255-24-215-202	255-26-209-210
9645	1.0077417333726058e-17	7.576224228647635e-10	255-24-215-202	255-212-231-53
9646	1.1001963800340698e-16	1.3188964971851774e-14	255-128-254-83	255-26-209-210
9647	6.941647336331442e-19	4.362041644395194e-14	255-70-122-242	255-212-231-53
9648	1.7554947958506264e-18	9.846441508972702e-15	255-24-215-202	255-122-4-2
9649	8.84352823816441e-29	1.4758650932128689e-21	255-70-122-242	255-212-231-53
9650	5.344305137354811e-19	5.853193024327316e-14	255-70-122-242	255-212-231-53
9651	1.1274714835230969e-13	7.451644723395378e-11	255-24-215-202	255-122-4-2
9652	1.9447816837883207e-18	1.9830231099434592e-17	255-24-215-202	255-212-231-53
9653	1.2402721031354369e-21	7.346768347254243e-16	255-70-122-242	255-212-231-53
9654	1.5805583629038892e-19	2.055200813208302e-15	255-24-215-202	255-212-231-53
9655	7.842423657085201e-16	1.6529000958242797e-15	255-24-215-202	255-212-231-53
9656	1.0370448572882684e-15	8.700217740892318e-13	255-24-215-202	255-122-4-2
9657	1.6265898422291214e-17	2.0978089104726654e-18	255-24-215-202	255-212-231-53
9658	3.072665481590264e-17	4.252589618033394e-17	255-24-215-202	255-122-4-2
9659	2.222023716687974e-11	1.946050611301057e-11	255-24-215-202	255-122-4-2
9660	7.901152903953378e-15	1.14048368743192e-14	255-24-215-202	255-122-4-2
9661	5.819702503466885e-14	2.0535144149452106e-15	255-24-215-202	255-122-4-2
9662	1.5052299191353115e-14	7.908542627448407e-12	255-70-122-242	255-212-231-53
9663	5.489949258429588e-14	1.2677419377466964e-10	255-24-215-202	255-212-231-53
9664	1.6220366587027453e-13	1.5030492434460834e-13	255-24-215-202	255-122-4-2
9665	1.5741440892439664e-05	1.3003110007305524e-05	255-24-215-202	255-122-4-2
9666	1.027570198483211e-09	3.298277457382688e-08	255-232-213-56	255-212-231-53
9667	1.244634750030844e-07	1.947328686638348e-08	255-24-215-202	255-122-4-2
9668	4.398683602611792e-13	1.2643055067830142e-12	255-24-215-202	255-26-209-210
9669	1.017238166045141e-11	3.046240250364202e-12	255-24-215-202	255-122-4-2
9670	1.9542083036536517e-09	7.44696667378721e-10	255-24-215-202	255-122-4-2
9671	2.9510770051632875e-05	1.789006373681598e-06	255-122-4-2	255-70-122-242
9672	1.7370275379959443e-08	1.4277609136518024e-09	255-53-243-148	255-122-4-2
9673	4.3083204259620076e-07	4.5917177250023976e-08	255-53-243-148	255-122-4-2
9674	0.0007155450212934	1.7352734170178023e-05	255-53-243-148	255-70-122-242
9675	2.5953322085176835e-10	4.886863271418473e-11	255-53-243-148	255-122-4-2
9676	0.0002563875249957	0.0001061431390215	255-187-244-52	255-70-122-242
9677	0.0001500769570738	1.7706296466221745e-06	255-53-243-148	255-70-122-242
9678	5.7503656520610033e-08	1.6627687180671805e-07	255-70-122-242	255-101-252-104
9679	0.0005451843002751	1.5431425463644515e-05	255-24-215-202	255-212-231-53
9680	0.0137301759905049	0.0125607086695208	255-122-4-2	255-101-252-104
9681	0.0130497908244039	0.0612561463410269	255-70-122-242	255-101-252-104
9682	8.32898803395169e-05	3.0890098163518896e-05	255-70-122-242	255-101-252-104
9683	0.3518939773673523	0.0001448431225602	255-128-254-83	255-70-122-242
9684	0.0127765743216828	0.0005819698444533	255-128-254-83	255-70-122-242
9685	0.6370063436851625	0.0498296382187711	255-53-243-148	255-101-252-104
9686	0.0562185986155188	3.888305304639392e-06	255-128-254-83	255-101-252-104
9687	1.1633931373515557e-06	0.000593283707143	255-128-254-83	255-26-209-210
9688	0.0003829147451842	0.0020897728308552	255-128-254-83	255-122-4-2
9689	0.0038288315766734	0.0132112573986066	255-232-213-56	255-254-152-44
9690	4.8813304577026945e-14	5.105720360767604e-10	255-70-122-242	255-122-4-2
9691	5.8379632513276325e-21	1.4488383265914102e-20	255-24-215-202	255-122-4-2
9692	1.8277399341888127e-21	2.5129976222982868e-20	255-24-215-202	255-122-4-2
9693	2.7988603518456384e-20	2.0300768707034244e-19	255-24-215-202	255-70-122-242
9694	1.058902506184417e-12	1.9570044866675893e-12	255-187-244-52	255-101-252-104
9695	6.163803242347945e-18	1.337961593716296e-15	255-24-215-202	255-122-4-2
9696	7.621365116692068e-08	4.134669770132363e-09	255-53-243-148	255-101-252-104
9697	2.3443121553174056e-17	7.951264577118347e-11	255-70-122-242	255-212-231-53
9698	3.4728085723544104e-14	2.598477888622593e-13	255-24-215-202	255-101-252-104
9699	1.212214043770903e-13	1.1255705645538397e-12	255-24-215-202	255-122-4-2
9700	5.351204639235101e-08	1.1446283294595408e-07	255-53-243-148	255-70-122-242
9701	3.062448599884696e-14	5.336732373166119e-11	255-70-122-242	255-70-122-242
9702	2.694158031825044e-05	9.636107224079127e-06	255-53-243-148	255-70-122-242
9703	1.2729706674573869e-08	7.489388380971438e-09	255-53-243-148	255-70-122-242
9704	8.543480571312882e-10	9.343179037085099e-10	255-24-215-202	255-122-4-2
9705	0.0110794673564592	0.0003395229825306	255-53-243-148	255-70-122-242
9706	0.1190356953759092	3.2791181349993655e-05	255-187-244-52	255-70-122-242
9707	1.3664397195901867e-09	2.0711320324667746e-06	255-70-122-242	255-212-231-53
9708	5.493763342185462e-09	3.1253028047949457e-07	255-70-122-242	255-212-231-53
9709	0.0002954893790372	6.40741414405396e-07	255-24-215-202	255-26-209-210
9710	0.4096297580336454	3.998402225614779e-06	255-24-215-202	255-122-4-2
9711	0.0567565692278124	0.0001218078741477	255-128-254-83	255-101-252-104
9712	0.0915153825542841	2.9414525685068e-05	255-24-215-202	255-101-252-104
9713	0.0050477879027628	8.682158505340629e-06	255-128-254-83	255-101-252-104
9714	0.0042424794423294	1.7489773827603207e-05	255-128-254-83	255-101-252-104
9715	1.0168630404926506e-05	0.0120513660357005	255-232-213-56	255-122-4-2
9716	0.0005994747750485	7.23556978560653e-05	255-70-122-242	255-101-252-104
9717	0.3546762930292264	0.0004265897374548	255-128-254-83	255-101-252-104
9718	0.1238968051386576	0.0015358948299596	255-70-122-242	255-101-252-104
9719	1.6826653075332365e-06	3.917869899552074e-06	255-122-4-2	255-122-4-2
9720	0.0232058167361706	0.0030304977522023	255-128-254-83	255-70-122-242
9721	0.001129717657744	0.0001251305718897	255-122-4-2	255-101-252-104
9722	1.2123408749512354e-06	4.2005357806772647e-08	255-24-215-202	255-70-122-242
9723	7.897040835778252e-13	4.0843269429111925e-13	255-24-215-202	255-70-122-242
9724	2.3547427663428858e-07	1.8155274571471743e-08	255-187-244-52	255-70-122-242
9725	1.8860430816593737e-07	1.6394682466907656e-08	255-51-172-246	255-101-252-104
9726	1.3477267227070489e-17	3.223346927701172e-16	255-24-215-202	255-70-122-242
9727	3.166567377490357e-05	2.296732722933991e-05	255-53-243-148	255-70-122-242
9728	0.0045495081747224	0.0005310463345466	255-53-243-148	255-70-122-242
9729	1.0913724922926856e-14	2.6583083362956467e-11	255-24-215-202	255-70-122-242
9730	2.842869615651746e-14	9.293648513004737e-13	255-24-215-202	255-70-122-242
9731	0.0682534738860294	3.2023187406689296e-05	255-24-215-202	255-101-252-104
9732	0.4106055880073175	2.526570687094763e-05	255-24-215-202	255-122-4-2
9733	0.3643631593540902	0.0888000662057618	255-24-215-202	255-101-252-104
9734	0.1138372658359056	0.000618206566946	255-24-215-202	255-101-252-104
9735	1.8021246348264728e-06	0.0004920615647108	255-70-122-242	255-70-122-242
9736	0.0070319830862163	0.0027578675088513	255-70-122-242	255-101-252-104
9737	0.0033920109587853	7.358213647792191e-05	255-24-215-202	255-101-252-104
9738	2.134839147655293e-05	0.0132170898194778	255-24-215-202	255-101-252-104
9739	1.2726138476430646e-05	0.0237129831457228	255-24-215-202	255-101-252-104
9741	1.5510602622526204e-08	0.0006574512183221	255-70-122-242	255-254-152-44
9742	6.826326964601256e-07	0.0046418009552595	255-232-213-56	255-26-209-210
9743	1.8412387983753445e-05	0.2379474554630183	255-232-213-56	255-70-122-242
9744	0.0007389952842124	0.0335228032335239	255-232-213-56	255-26-209-210
9745	0.005053532798793	0.0022471327808408	255-232-213-56	255-254-152-44
9746	0.269551590582222	0.0049360372792203	255-128-254-83	255-70-122-242
9747	1.1626958506575418e-13	8.445321165789892e-11	255-70-122-242	255-101-252-104
9748	7.388153998446169e-11	4.122639401841658e-08	255-70-122-242	255-101-252-104
9749	1.367158702653641e-07	0.0058236511051891	255-232-213-56	255-254-152-44
9750	1.1413171002441171e-08	0.0468441805535934	255-232-213-56	255-212-231-53
9751	2.968578044073669e-11	6.604156123965714e-12	255-24-215-202	255-101-252-104
9752	3.003541170159077e-10	2.0068040640060925e-07	255-232-213-56	255-70-122-242
9753	1.5993678906652036e-10	4.4110041590394656e-08	255-232-213-56	255-254-152-44
9754	3.0494243452606784e-16	1.3790153929769136e-14	255-24-215-202	255-212-231-53
9755	2.64266736063982e-12	0.0004331323066777	255-247-113-27	255-122-4-2
9756	1.5699017404480109e-15	3.1835097363636903e-08	255-24-215-202	255-122-4-2
9757	1.7642214285541088e-16	4.196943995994182e-11	255-24-215-202	255-122-4-2
9758	4.052546409933189e-08	5.706428756302288e-06	255-128-254-83	255-217-56-6
9759	3.0837908205697377e-21	3.832304188508238e-11	255-24-215-202	255-122-4-2
9760	3.913949836150044e-25	6.832451430602486e-16	255-70-122-242	255-122-4-2
9761	5.795984976764354e-13	1.5167357565278844e-05	255-24-215-202	255-212-231-53
9762	9.418625726931016e-18	1.1618504242159721e-15	255-70-122-242	255-101-252-104
9763	1.8104083901177017e-12	1.0044477733571696e-08	255-24-215-202	255-212-231-53
9764	2.215347932029012e-15	1.6566112249856585e-14	255-24-215-202	255-122-4-2
9765	2.3693249886676477e-12	4.100096151753582e-11	255-24-215-202	255-122-4-2
9766	2.527514320886738e-12	4.2512467485200024e-10	255-24-215-202	255-122-4-2
9767	0.0001103992803549	0.0761645222217496	255-53-243-148	255-122-4-2
9768	6.131270414907626e-09	3.9792861278072775e-09	255-24-215-202	255-122-4-2
9769	2.6763594960059105e-10	4.197331427926484e-12	255-24-215-202	255-122-4-2
9770	8.117075487963478e-08	3.5946105183458343e-08	255-24-215-202	255-122-4-2
9771	1.4105704840986976e-05	0.0001680990196345	255-128-254-83	255-212-231-53
9772	3.2409481866217244e-10	7.62050802464742e-08	255-24-215-202	255-212-231-53
9773	3.4889710674932053e-13	4.2350714665872825e-11	255-24-215-202	255-122-4-2
9774	1.0829860267620655e-09	2.802491429998429e-09	255-24-215-202	255-70-122-242
9775	8.242751419525434e-16	5.870746490424821e-14	255-24-215-202	255-122-4-2
9776	4.731222794745632e-11	1.7948199904059215e-09	255-24-215-202	255-122-4-2
9777	2.5315439889892166e-09	4.8752733827361436e-11	255-24-215-202	255-122-4-2
9778	5.848945366816086e-15	1.88925325209047e-14	255-24-215-202	255-122-4-2
9779	7.737449576234242e-18	3.235136079536287e-16	255-24-215-202	255-122-4-2
9780	9.855439561360349e-07	1.0638220057491697e-06	255-70-122-242	255-101-252-104
9781	6.368946500621616e-06	8.23593055135128e-07	255-24-215-202	255-122-4-2
9782	2.3872392232187037e-08	2.182223415061809e-09	255-24-215-202	255-122-4-2
9783	3.7807924681655796e-18	5.43092228916269e-17	255-24-215-202	255-122-4-2
9784	6.107062786708302e-14	1.8872275479394963e-14	255-24-215-202	255-122-4-2
9785	2.600439822123498e-16	7.792407949105168e-16	255-24-215-202	255-122-4-2
9786	4.478896333686822e-07	1.0905958574295854e-08	255-128-254-83	255-70-122-242
9787	1.0607553834932285e-13	5.74755373995436e-14	255-24-215-202	255-122-4-2
9788	1.942170602320085e-10	2.844576920888382e-11	255-24-215-202	255-122-4-2
9789	7.085432174779055e-17	7.743389317027771e-16	255-24-215-202	255-122-4-2
9790	1.6269885154136685e-21	8.170295390261598e-15	255-24-215-202	255-212-231-53
9791	1.96901875550564e-12	1.7018906364482949e-12	255-24-215-202	255-122-4-2
9792	0.0004468209423382	5.04180392714628e-07	255-128-254-83	255-101-252-104
9793	6.4560495163638784e-09	3.4548815576631445e-10	255-128-254-83	255-122-4-2
9794	5.0603621172111e-13	1.007092342253425e-12	255-24-215-202	255-122-4-2
9795	1.9952037709243611e-16	3.459985818249039e-16	255-24-215-202	255-122-4-2
9796	7.885169345951446e-07	1.2707340200769344e-08	255-128-254-83	255-122-4-2
9797	5.916950758806236e-11	1.6756401467269603e-11	255-187-244-52	255-122-4-2
9798	1.6019887667706584e-12	5.65808035171127e-13	255-24-215-202	255-122-4-2
9799	2.1322257118348184e-12	3.3111536962822042e-12	255-24-215-202	255-122-4-2
9800	7.418399948449018e-14	2.3638296654569278e-12	255-187-244-52	255-70-122-242
9801	6.162530063259887e-16	9.237131634133015e-16	255-24-215-202	255-122-4-2
9802	0.012451672670647	3.709540811107987e-06	255-128-254-83	255-101-252-104
9803	0.045459190787031	2.015098084229506e-05	255-53-243-148	255-101-252-104
9804	0.0120642313305281	0.0001339373580475	255-247-113-27	255-101-252-104
9805	1.2835838708541027e-10	7.034423578377109e-11	255-24-215-202	255-70-122-242
9806	2.750317882211044e-12	0.0001542065459321	255-24-215-202	255-212-231-53
9807	3.00881767737216e-18	3.765071361607493e-12	255-180-27-1	255-122-4-2
9808	2.92947752269585e-24	2.788261678280369e-16	255-180-27-1	255-212-231-53
9809	1.3033016352722645e-21	2.926113460403537e-17	255-24-215-202	255-212-231-53
9810	8.15446748202815e-21	6.013291550415945e-15	255-180-27-1	255-212-231-53
9811	4.752507095199118e-19	6.353168520949344e-16	255-24-215-202	255-212-231-53
9812	2.273018403765625e-15	7.236142588079087e-15	255-24-215-202	255-212-231-53
9813	3.9664034125501237e-28	5.587496002359187e-19	255-24-215-202	255-212-231-53
9814	3.7043122279717984e-26	3.158390051882308e-18	255-70-122-242	255-212-231-53
9815	1.3468635187044043e-28	1.2255770806663632e-14	255-70-122-242	255-212-231-53
9816	7.380978006577269e-22	5.052368086992661e-18	255-24-215-202	255-212-231-53
9817	1.757353847026675e-20	1.590162553429558e-20	255-24-215-202	255-122-4-2
9818	1.1580328079660528e-24	2.471540022059695e-19	255-253-171-51	255-122-4-2
9819	2.7347524243288912e-14	6.77091722475507e-13	255-24-215-202	255-122-4-2
9820	1.5538463223484884e-16	1.1054602249120217e-12	255-24-215-202	255-212-231-53
9821	1.256170834052568e-23	1.2634685843790242e-20	255-24-215-202	255-212-231-53
9822	4.41234241692897e-23	9.868719504790932e-23	255-24-215-202	255-212-231-53
9823	6.509698302562581e-19	1.2536376091104254e-19	255-24-215-202	255-212-231-53
9824	8.05821678183186e-11	4.791963442876539e-12	255-24-215-202	255-122-4-2
9825	5.4666693964789375e-22	8.32318467211541e-20	255-24-215-202	255-122-4-2
9826	6.687763672320327e-16	7.34273659625463e-16	255-24-215-202	255-122-4-2
9827	6.751986700373803e-18	5.970048728483729e-18	255-180-27-1	255-212-231-53
9828	1.2970950470716295e-17	4.0838272492927433e-19	255-24-215-202	255-212-231-53
9829	4.936187016176149e-07	1.5527713532384545e-07	255-122-4-2	255-70-122-242
9830	1.1470537628041326e-15	5.068892144102551e-15	255-24-215-202	255-122-4-2
9831	3.089987326522157e-12	8.96022772862047e-12	255-24-215-202	255-122-4-2
9832	3.5672674349295983e-14	1.5651911397077087e-16	255-24-215-202	255-212-231-53
9833	1.4311353280194634e-08	3.1330339541555275e-08	255-24-215-202	255-70-122-242
9834	0.0002917936346917	1.3331733620350867e-05	255-128-254-83	255-101-252-104
9835	1.8488322724433523e-11	3.503114823156206e-10	255-24-215-202	255-122-4-2
9836	5.4561042705839683e-08	3.557703522962746e-07	255-24-215-202	255-122-4-2
9837	0.0039330419385244	6.349957219614307e-05	255-247-113-27	255-122-4-2
9838	7.072203674262532e-10	1.6921128066290287e-10	255-53-243-148	255-122-4-2
9839	1.0396573777024257e-07	7.79723112113387e-09	255-128-254-83	255-122-4-2
9840	2.2545891914267733e-08	1.4491656209011428e-09	255-24-215-202	255-122-4-2
9841	4.210285205844289e-06	2.236308389904412e-06	255-24-215-202	255-70-122-242
9842	2.8687017405636013e-10	3.9198439400571124e-09	255-24-215-202	255-122-4-2
9843	9.155982680952222e-08	2.974582096855211e-08	255-24-215-202	255-122-4-2
9844	5.3683449033623057e-05	0.0007773008526053	255-122-4-2	255-70-122-242
9845	0.1039247052377524	1.559666131293068e-05	255-53-243-148	255-101-252-104
9846	0.0001439105501722	0.0013339849756671	255-70-122-242	255-212-231-53
9847	0.0137301759905049	0.0125607086695208	255-122-4-2	255-101-252-104
9848	0.0001946992999642	0.1232313995687937	255-70-122-242	255-212-231-53
9849	0.0002709356790934	0.0003219935428446	255-122-4-2	255-70-122-242
9850	0.1543228123305124	0.0012319272734819	255-128-254-83	255-101-252-104
9851	0.0116252256735382	8.438677925522448e-05	255-247-113-27	255-101-252-104
9852	7.676992948788474e-07	1.0872228774816844e-06	255-24-215-202	255-254-152-44
9853	9.51558097460064e-05	9.543031471141138e-07	255-247-113-27	255-70-122-242
9854	0.1297588802983778	0.0008614986254125	255-122-4-2	255-101-252-104
9855	0.3314721601679852	0.0017054330911486	255-128-254-83	255-101-252-104
9856	0.1374262399221406	0.0003441576199225	255-247-113-27	255-101-252-104
9857	0.184056690868955	0.0004163277769659	255-128-254-83	255-101-252-104
9858	0.0117908257244688	0.0001780033441165	255-128-254-83	255-70-122-242
9859	0.0035587270269248	0.0005334610680881	255-70-122-242	255-101-252-104
9860	0.3622667761971497	0.0003416255040618	255-128-254-83	255-101-252-104
9861	1.1058743761570358e-05	0.0006553695335619	255-232-213-56	255-26-209-210
9862	6.976937982339275e-13	1.7299219437259632e-10	255-24-215-202	255-122-4-2
9863	0.2626008001745579	0.0007609149289083	255-128-254-83	255-101-252-104
9864	1.55933272787475e-16	5.010354697211843e-16	255-24-215-202	255-70-122-242
9865	3.1583638250585775e-13	3.4801111843024066e-15	255-24-215-202	255-212-231-53
9866	3.019776015645068e-18	9.92647112860776e-18	255-24-215-202	255-122-4-2
9867	0.0183328691588403	0.0006909018647807	255-232-213-56	255-70-122-242
9868	8.042856114390915e-17	1.4545894490012166e-15	255-70-122-242	255-212-231-53
9869	1.8910835985141725e-12	4.11504209572695e-12	255-24-215-202	255-70-122-242
9870	1.908617916038433e-17	1.1528652862654399e-17	255-24-215-202	255-122-4-2
9871	1.0029917537367163e-10	1.1125883163472391e-10	255-70-122-242	255-122-4-2
9872	8.133914932336476e-13	2.654377746660079e-12	255-24-215-202	255-122-4-2
9873	1.5516955164546838e-13	1.0558197461947828e-13	255-24-215-202	255-122-4-2
9874	4.0566038576876944e-10	1.2156749145800967e-09	255-53-243-148	255-122-4-2
9875	1.3963428632304776e-14	2.3122644571807582e-14	255-24-215-202	255-122-4-2
9876	5.456333081538367e-14	3.9647169010254183e-13	255-24-215-202	255-122-4-2
9877	9.761353176943769e-16	9.827401119550218e-16	255-24-215-202	255-122-4-2
9878	1.5203569921446214e-08	8.819949384466437e-10	255-24-215-202	255-122-4-2
9879	5.213819571581723e-11	6.705759575227178e-11	255-24-215-202	255-26-209-210
9880	4.936242215221488e-11	4.866437847131071e-11	255-24-215-202	255-122-4-2
9881	3.0146551845890897e-12	8.79549141905654e-12	255-24-215-202	255-122-4-2
9882	1.1376952722353856e-11	2.213204263755565e-11	255-24-215-202	255-122-4-2
9883	5.905531176913918e-12	1.6131527140357974e-11	255-24-215-202	255-122-4-2
9884	3.0957205486219057e-10	1.5364930870201368e-10	255-24-215-202	255-122-4-2
9885	2.624229666109461e-13	8.16091886448563e-13	255-24-215-202	255-122-4-2
9886	2.49057539538542e-09	3.075838050303048e-10	255-187-244-52	255-70-122-242
9887	1.4022977376099189e-08	8.336451291847495e-11	255-187-244-52	255-122-4-2
9888	1.9542083036536517e-09	7.44696667378721e-10	255-24-215-202	255-122-4-2
9889	0.0274975769110702	0.0229811159359583	255-122-4-2	255-101-252-104
9890	2.2972497192685e-06	2.7554889060058727e-08	255-247-113-27	255-212-231-53
9891	0.0147040293206985	0.0001632690944996	255-70-122-242	255-122-4-2
9892	0.0655139475160587	1.812934828428958e-05	255-24-215-202	255-101-252-104
9893	0.0273205911147109	0.0003487917809492	255-24-215-202	255-101-252-104
9894	0.0030604916936705	4.154445748422309e-07	255-24-215-202	255-101-252-104
9895	0.0006830714127364	0.000652543854316	255-70-122-242	255-101-252-104
9896	0.1966479074749785	5.29580108749336e-07	255-24-215-202	255-122-4-2
9897	0.1629824091752145	2.3052217258722357e-05	255-24-215-202	255-254-152-44
9898	0.0172989290173533	3.94396036475948e-05	255-24-215-202	255-101-252-104
9899	0.0110709872563165	0.0006546431652501	255-128-254-83	255-101-252-104
9900	0.0717969135503941	0.0014550489198074	255-247-113-27	255-101-252-104
9901	0.0010691750995702	0.0572515441154808	255-232-213-56	255-26-209-210
9902	3.541990067512358e-10	0.0011280920163883	255-232-213-56	255-26-209-210
9903	3.6419256770811406e-10	7.964945655345255e-05	255-232-213-56	255-26-209-210
9904	2.106785824434808e-06	1.2922238418782762e-08	255-53-243-148	255-70-122-242
9905	1.7373945891613888e-07	1.2007199244885077e-08	255-24-215-202	255-122-4-2
9906	0.000266869520961	1.4577997505221507e-05	255-24-215-202	255-122-4-2
9907	4.580172550748309e-07	4.195545998940302e-09	255-187-244-52	255-70-122-242
9908	6.407859290041617e-06	3.608369145810993e-07	255-24-215-202	255-70-122-242
9909	3.6897532855916716e-07	2.837939098542293e-08	255-187-244-52	255-70-122-242
9910	2.5821641841662414e-13	2.3735037493114293e-13	255-24-215-202	255-122-4-2
9911	8.972997668187022e-09	1.4836128546757971e-09	255-24-215-202	255-122-4-2
9912	3.020757227425079e-08	1.869798249435254e-09	255-24-215-202	255-70-122-242
9913	9.049276466202532e-05	1.0729417086394033e-05	255-53-243-148	255-70-122-242
9914	0.0010377217178415	0.000552938110339	255-51-172-246	255-70-122-242
9915	1.37707005347729e-12	8.957974976449877e-12	255-24-215-202	255-70-122-242
9916	1.6134590261178712e-05	3.599954270283564e-06	255-187-244-52	255-70-122-242
9917	0.0004285791519519	0.0009437914266054	255-70-122-242	255-101-252-104
9918	0.3332036712649938	0.0011352577125703	255-24-215-202	255-101-252-104
9919	0.3019315587362365	0.0028345272349912	255-24-215-202	255-101-252-104
9920	0.2582572633178661	0.1362784779957003	255-24-215-202	255-101-252-104
9921	0.2320186465224572	0.3347689214881603	255-24-215-202	255-101-252-104
9922	0.0185466843733232	0.0009785334095873	255-128-254-83	255-101-252-104
9923	1.233503780127169e-07	0.0127367273639116	255-232-213-56	255-217-56-6
9924	3.8999430765935983e-08	7.112378651746142e-06	255-24-215-202	255-212-231-53
9925	7.120462351759654e-09	1.1220513289304558e-08	255-24-215-202	255-122-4-2
9926	4.693820034039487e-08	6.273731557110751e-10	255-247-113-27	255-101-252-104
9927	0.1211009117310915	0.0336691958163219	255-128-254-83	255-70-122-242
9928	3.5401690254975072e-09	3.16662799092259e-08	255-51-172-246	255-70-122-242
9929	1.194744644034755e-06	0.0003783126660803	255-70-122-242	255-26-209-210
9930	0.0001369921240849	0.4608091824453502	255-70-122-242	255-26-209-210
9931	0.226568424085026	0.0007647115687352	255-128-254-83	255-70-122-242
9932	0.0124829563852511	0.064306154603573	255-70-122-242	255-101-252-104
9933	0.2891827898419379	0.1254145265055398	255-70-122-242	255-101-252-104
9934	0.0064301999225292	0.988012535500557	255-70-122-242	255-101-252-104
9935	1.2738380073380448e-07	9.536284806807302e-06	255-70-122-242	255-101-252-104
9936	4.055237943618185e-09	0.0005230364930691	255-70-122-242	255-212-231-53
9937	0.0002263296538037	0.0001099948745932	255-128-254-83	255-70-122-242
9938	0.0398718238911715	0.0001682214487118	255-128-254-83	255-101-252-104
9939	2.583339204923988e-08	0.0015937233507967	255-232-213-56	255-217-56-6
9940	9.291401852157228e-08	3.826943493994833e-05	255-24-215-202	255-212-231-53
9941	5.547341008361818e-10	2.956986147221229e-06	255-24-215-202	255-70-122-242
9942	2.121566438457885e-12	2.336200915968137e-09	255-232-213-56	255-122-4-2
9943	5.337264877854781e-15	5.177181429872274e-08	255-24-215-202	255-122-4-2
9944	8.909196955339505e-15	1.290212211670454e-14	255-24-215-202	255-122-4-2
9945	3.0709040698495126e-14	2.329681895689879e-09	255-232-213-56	255-26-209-210
9946	5.933299309574942e-10	0.0079206898147879	255-24-215-202	255-70-122-242
9947	1.0112018076678427e-14	8.105208704365679e-14	255-24-215-202	255-70-122-242
9948	3.677105656318858e-13	2.85843703074171e-05	255-24-215-202	255-70-122-242
9949	1.6302763705909443e-09	1.7613715632016654e-05	255-232-213-56	255-70-122-242
9950	3.55260974596346e-12	1.6677298148306665e-12	255-24-215-202	255-122-4-2
9951	6.241815902335948e-06	1.28729600248011e-07	255-247-113-27	255-122-4-2
9952	3.1194022581551393e-24	1.0843350719299117e-18	255-70-122-242	255-122-4-2
9953	1.8865562294982988e-17	1.4262488478264311e-09	255-24-215-202	255-212-231-53
9954	1.8189728270027631e-09	0.0547851827381328	255-232-213-56	255-122-4-2
9955	3.921776648843096e-14	3.8528878257268297e-13	255-24-215-202	255-212-231-53
9956	7.677228288714992e-10	2.399775095134822e-09	255-24-215-202	255-212-231-53
9957	3.247230701081459e-18	9.90711729457266e-17	255-24-215-202	255-122-4-2
9958	3.86304168814348e-08	0.00206523194819	255-247-113-27	255-122-4-2
9959	2.832266442646836e-10	1.4760993053314192e-11	255-24-215-202	255-212-231-53
9960	7.42543447116938e-08	7.742789038759627e-12	255-24-215-202	255-101-252-104
9961	3.153216084316306e-09	1.6880055487338132e-06	255-24-215-202	255-122-4-2
9962	0.0032550760859906	3.873398062466627e-06	255-24-215-202	255-122-4-2
9963	6.426230359193179e-10	1.8115386780736581e-09	255-24-215-202	255-122-4-2
9964	2.0804914667580626e-07	1.420089892906073e-09	255-24-215-202	255-212-231-53
9965	2.013061302908281e-09	5.030950459028812e-08	255-24-215-202	255-122-4-2
9966	1.599556040105996e-08	3.8001847341203776e-08	255-24-215-202	255-70-122-242
9967	0.0006212647249358	4.197366256180668e-05	255-247-113-27	255-70-122-242
9968	1.6031180692545935e-09	1.202669316888484e-08	255-24-215-202	255-122-4-2
9969	6.369244119136988e-17	5.610887601744331e-15	255-70-122-242	255-70-122-242
9970	1.0543543882454114e-06	1.1192725377787188e-07	255-24-215-202	255-122-4-2
9971	2.241191715507119e-17	3.864702825085608e-12	255-24-215-202	255-122-4-2
9972	2.1550253144036991e-19	9.718112607656985e-14	255-24-215-202	255-212-231-53
9973	5.910337446780433e-18	3.053893804822696e-15	255-70-122-242	255-70-122-242
9974	3.4568943136414905e-15	1.9496074498927347e-14	255-70-122-242	255-101-252-104
9975	2.4710071655182695e-08	2.6601997531454065e-08	255-70-122-242	255-101-252-104
9976	9.298884895386692e-17	4.1471666352912996e-16	255-70-122-242	255-101-252-104
9977	1.0686080404129773e-17	5.979564807089954e-17	255-24-215-202	255-122-4-2
9978	3.680966506545652e-14	2.351905249446077e-12	255-24-215-202	255-212-231-53
9979	9.312907604375522e-05	3.948802280930579e-07	255-128-254-83	255-122-4-2
9980	3.529588917384877e-15	1.460820202612197e-15	255-70-122-242	255-122-4-2
9981	2.4882268759175015e-10	2.00066132903163e-10	255-70-122-242	255-101-252-104
9982	1.19301723914936e-13	1.7881183076969774e-14	255-24-215-202	255-70-122-242
9983	7.286456380035173e-12	3.1106033026039888e-12	255-128-254-83	255-122-4-2
9984	0.0740599229104475	0.0002378860903542	255-53-243-148	255-101-252-104
9985	6.0909381301147176e-15	3.0676717969605895e-14	255-24-215-202	255-70-122-242
9986	0.0837069366333884	5.250855426742549e-05	255-128-254-83	255-101-252-104
9987	1.842556098029025e-11	1.055378137151742e-10	255-247-113-27	255-70-122-242
9988	0.0396574383201772	0.0001146083021824	255-53-243-148	255-101-252-104
9989	0.0171253129240663	0.0348588307026732	255-247-113-27	255-70-122-242
9990	0.0032604306491401	0.0248909500574003	255-128-254-83	255-70-122-242
9991	6.643066481823727e-08	2.9082453570236183e-06	255-24-215-202	255-70-122-242
9992	5.643334883193865e-08	7.581060536777513e-06	255-232-213-56	255-70-122-242
9993	0.0003104399228292	0.0001493494891069	255-53-243-148	255-101-252-104
9994	1.687702397354586e-07	0.0240864916042891	255-70-122-242	255-26-209-210
9995	2.8704583561162935e-10	0.0001632084872661	255-222-62-8	255-70-122-242
9996	8.781449203588687e-15	2.1234469451227142e-14	255-24-215-202	255-122-4-2
9997	1.2881935789801503e-24	2.867901930353209e-17	255-24-215-202	255-212-231-53
9998	8.83028145636473e-30	3.4908415490448606e-25	255-24-215-202	255-212-231-53
9999	1.1310309801790193e-30	7.957558943639689e-23	255-70-122-242	255-212-231-53
10000	2.90340284934614e-16	2.110512641973203e-15	255-24-215-202	255-122-4-2
10001	6.433425149635912e-26	2.557057205730325e-23	255-24-215-202	255-212-231-53
10002	9.281149178403189e-24	3.1924792275627487e-20	255-247-113-27	255-122-4-2
10003	1.0908649602380013e-19	3.45081245397039e-20	255-24-215-202	255-122-4-2
10004	2.92848712736942e-22	2.5001774059352456e-19	255-24-215-202	255-212-231-53
10005	1.6282843069419418e-24	2.9071788006724575e-23	255-24-215-202	255-26-209-210
10006	9.323531933172808e-18	1.8843320601382278e-15	255-24-215-202	255-122-4-2
10007	1.063721348306366e-24	1.1218326482820904e-21	255-24-215-202	255-212-231-53
10008	3.262577632910586e-19	4.598256121203182e-17	255-24-215-202	255-122-4-2
10009	1.2595952152741016e-22	1.2087072583545742e-20	255-24-215-202	255-70-122-242
10010	9.25348477830532e-16	4.7582553098056925e-18	255-24-215-202	255-212-231-53
10011	4.44195995320576e-18	3.848844964347876e-20	255-24-215-202	255-212-231-53
10012	1.1099330863277677e-23	8.77267512950852e-21	255-24-215-202	255-212-231-53
10013	6.4779414999365916e-15	2.7627109897058585e-14	255-24-215-202	255-122-4-2
10014	2.319369362366085e-19	2.3450247722830732e-17	255-24-215-202	255-122-4-2
10015	7.179907185338261e-13	3.739326546262136e-12	255-24-215-202	255-122-4-2
10016	2.3440641131099524e-12	1.939304472800294e-12	255-24-215-202	255-122-4-2
10017	1.2546754259772614e-09	1.4669353916731447e-09	255-24-215-202	255-101-252-104
10018	1.4835337011615923e-06	0.0003766868593824	255-232-213-56	255-212-231-53
10019	0.000313713423853	5.845082955147559e-06	255-128-254-83	255-101-252-104
10020	6.38380128022334e-08	1.4411293997641942e-08	255-53-243-148	255-122-4-2
10021	2.576825034354216e-07	5.2426756522924345e-09	255-53-243-148	255-101-252-104
10022	2.546234511739293e-07	1.141108914851778e-09	255-128-254-83	255-101-252-104
10023	1.049080230606218e-06	2.0283079726745493e-06	255-24-215-202	255-101-252-104
10024	1.54925087366947e-05	1.7580102375547412e-05	255-180-27-1	255-101-252-104
10025	0.0072516043315551	0.0002504222595024	255-24-215-202	255-122-4-2
10026	0.0205926793186712	0.1161650742307221	255-70-122-242	255-101-252-104
10027	5.586975817911168e-07	2.524901915346876e-07	255-70-122-242	255-101-252-104
10028	0.045837858290018	0.0078562880268749	255-53-243-148	255-101-252-104
10029	8.485619821804892e-10	8.329068507865635e-08	255-24-215-202	255-212-231-53
10030	6.163400704852108e-07	9.66560287230676e-07	255-24-215-202	255-70-122-242
10031	0.228654414825468	0.0458477767578321	255-128-254-83	255-70-122-242
10032	0.043984183019278	0.078365995757358	255-232-213-56	255-70-122-242
10033	6.680820122367242e-05	0.0031567978169336	255-53-243-148	255-70-122-242
10034	0.0985913003945255	0.108328589146524	255-70-122-242	255-101-252-104
10035	0.202526415892726	0.0021063018379211	255-128-254-83	255-101-252-104
10036	1.9319809670104813e-05	9.233633147515038e-05	255-232-213-56	255-212-231-53
10037	9.215984542544273e-08	0.0006533934693662	255-232-213-56	255-212-231-53
10038	2.402146728676922e-05	0.0075085182090372	255-122-4-2	255-212-231-53
10039	9.421975081358229e-13	6.244614865777026e-08	255-222-62-8	255-254-152-44
10040	1.1208422824101917e-12	2.7636286777781114e-08	255-24-215-202	255-254-152-44
10041	2.4556521278502885e-10	1.7135172538364635e-09	255-24-215-202	255-212-231-53
10042	2.0351446392115978e-10	2.59406720853527e-10	255-24-215-202	255-212-231-53
10043	1.7809261500226988e-11	1.5621380910068681e-12	255-24-215-202	255-122-4-2
10044	1.7137891386268736e-17	8.872255182362545e-16	255-24-215-202	255-212-231-53
10045	9.852814767063692e-15	7.253747646288687e-15	255-24-215-202	255-122-4-2
10046	5.412954483633905e-05	7.062864481783513e-06	255-24-215-202	255-101-252-104
10047	9.505410155211597e-13	2.3648605614960447e-12	255-24-215-202	255-122-4-2
10048	1.9853010188642037e-14	5.375557819384674e-16	255-24-215-202	255-122-4-2
10049	5.002229926472576e-09	8.211163960704277e-08	255-24-215-202	255-122-4-2
10050	1.7945441318678474e-11	1.580971787770899e-12	255-24-215-202	255-212-231-53
10051	2.3692706778517506e-08	5.17910658411568e-08	255-24-215-202	255-122-4-2
10052	3.885396544847988e-09	1.1999605334092951e-09	255-24-215-202	255-122-4-2
10053	3.566757790648949e-09	2.9452984793919734e-08	255-24-215-202	255-122-4-2
10054	7.009666436754528e-10	1.6219553200915578e-10	255-24-215-202	255-122-4-2
10055	4.245360681566284e-07	4.964498668621225e-07	255-247-113-27	255-122-4-2
10056	1.827134101924022e-06	3.9808761923981896e-08	255-53-243-148	255-122-4-2
10057	7.044370939271908e-10	2.564514888931533e-10	255-24-215-202	255-70-122-242
10058	1.1186347995703812e-10	1.1832712493954636e-11	255-24-215-202	255-122-4-2
10059	3.9355733843959933e-10	7.206400335139139e-11	255-53-243-148	255-70-122-242
10060	6.133078171041214e-06	1.436195627294789e-06	255-24-215-202	255-70-122-242
10061	4.815143685996816e-07	8.416574962076816e-08	255-24-215-202	255-70-122-242
10062	0.7142623694857955	5.5072399047162526e-05	255-187-244-52	255-101-252-104
10063	6.470780715812566e-08	4.620913731529097e-07	255-24-215-202	255-212-231-53
10064	0.2259330817305917	2.1908064419116e-08	255-24-215-202	255-122-4-2
10065	0.0929012782469214	2.3451331988232298e-06	255-24-215-202	255-122-4-2
10066	1.38167105697967e-05	2.125959500170575e-05	255-24-215-202	255-212-231-53
10067	0.4272335203771805	6.013290426188947e-05	255-24-215-202	255-122-4-2
10068	0.0508563653977541	0.0050875327136069	255-53-243-148	255-101-252-104
10069	1.2730984358509516e-12	8.176438337142184e-10	255-24-215-202	255-70-122-242
10070	1.688263577418881e-09	7.760976643298127e-09	255-24-215-202	255-122-4-2
10071	1.131631608929536e-11	0.0007991952083503	255-70-122-242	255-26-209-210
10072	3.860201245846128e-11	1.4719638008500208e-11	255-24-215-202	255-122-4-2
10073	1.5926008610224232e-16	5.863708524510364e-15	255-24-215-202	255-122-4-2
10074	3.939280156962858e-10	2.800344359829634e-11	255-24-215-202	255-212-231-53
10075	7.91451895882735e-21	3.624335520266757e-11	255-247-113-27	255-254-152-44
10076	1.4433208331524122e-13	3.3728169985822365e-14	255-187-244-52	255-70-122-242
10077	1.633948419344717e-11	5.3231081463145815e-11	255-24-215-202	255-70-122-242
10078	6.04160483724613e-05	9.579579109332085e-08	255-187-244-52	255-70-122-242
10079	2.00832614034109e-07	4.038050063555512e-06	255-24-215-202	255-212-231-53
10080	3.0355005362605905e-08	2.5789748822423937e-06	255-247-113-27	255-70-122-242
10081	2.3147655005892847e-11	1.5387063754187048e-12	255-24-215-202	255-122-4-2
10082	5.582295980128618e-13	3.4647705344939654e-13	255-24-215-202	255-70-122-242
10083	4.967857366879573e-10	4.3831195268734415e-11	255-24-215-202	255-122-4-2
10084	8.868040231805492e-10	1.3083304281620148e-10	255-24-215-202	255-122-4-2
10085	4.101709777925656e-07	5.332211667555006e-07	255-70-122-242	255-101-252-104
10086	9.375323930188e-10	5.9633608815958e-11	255-128-254-83	255-70-122-242
10087	2.544288182740636e-11	2.1553565583520665e-11	255-24-215-202	255-70-122-242
10088	3.2603758824607e-05	1.069968320909906e-07	255-128-254-83	255-101-252-104
10089	3.2920680335782146e-07	7.883859695856271e-09	255-247-113-27	255-101-252-104
10090	6.781561744518002e-10	1.0460300103101582e-08	255-24-215-202	255-70-122-242
10091	0.000908847867108	0.0004224513249247	255-247-113-27	255-70-122-242
10092	1.919139229968401e-08	1.5259060363466789e-06	255-24-215-202	255-122-4-2
10093	0.0471742086529744	5.100995979148153e-05	255-24-215-202	255-101-252-104
10094	0.0109037788045112	4.282487926572784e-05	255-24-215-202	255-122-4-2
10095	0.7110513664481054	0.1015829099330627	255-24-215-202	255-101-252-104
10096	0.0049431579126569	0.0043154019155168	255-232-213-56	255-101-252-104
10097	1.1114726214050504e-05	0.021878357976683	255-232-213-56	255-254-152-44
10098	0.0004265130129025	0.5925527317041325	255-232-213-56	255-70-122-242
10099	1.046928250198654e-07	1.0970289176276826e-06	255-70-122-242	255-101-252-104
10100	3.5411564355283575e-08	9.110135492035269e-08	255-24-215-202	255-70-122-242
10101	0.0651763226056851	0.0002498878033333	255-53-243-148	255-101-252-104
10102	0.3821110229408502	0.0024649651324148	255-53-243-148	255-101-252-104
10103	0.0024899976128273	0.002250363799058	255-232-213-56	255-70-122-242
10104	0.2016221913894645	7.511207147673793e-05	255-24-215-202	255-101-252-104
10105	0.7100654932060986	0.0053331624848042	255-24-215-202	255-101-252-104
10106	0.0068197708115809	0.7777376222803757	255-70-122-242	255-101-252-104
10107	0.0001216294601876	0.2561981707626128	255-24-215-202	255-101-252-104
10108	0.0224815125790824	0.2945635492448189	255-222-62-8	255-101-252-104
10109	7.058379379662178e-05	0.0099433656529572	255-70-122-242	255-212-231-53
10110	5.516898315801225e-06	0.0028359664300014	255-70-122-242	255-101-252-104
10111	9.93314276208968e-11	0.0004625747891647	255-70-122-242	255-254-152-44
10112	0.0024151159197806	0.0106904410705672	255-128-254-83	255-122-4-2
10113	0.0866579323301371	0.0704831266882297	255-128-254-83	255-122-4-2
10114	0.0011317042733097	0.002055719229433	255-232-213-56	255-254-152-44
10115	0.1716297467205293	0.0007019117221524	255-128-254-83	255-101-252-104
10116	4.604501585426216e-12	0.0025535129168747	255-24-215-202	255-254-152-44
10117	1.6921168119340398e-08	0.0002187980160997	255-24-215-202	255-217-56-6
10118	0.0002638353157019	0.0134728172798636	255-232-213-56	255-122-4-2
10119	1.876578820771577e-08	4.398069125751214e-05	255-24-215-202	255-70-122-242
10120	2.053285779611257e-07	0.0004391276176916	255-232-213-56	255-70-122-242
10121	1.2071457019670731e-09	0.001786254980108	255-232-213-56	255-70-122-242
10122	6.742024539775176e-07	0.0080046127652971	255-24-215-202	255-70-122-242
10123	1.0655787128138685e-13	0.0002186923077232	255-24-215-202	255-254-152-44
10124	9.16348490618043e-06	0.0035185088150231	255-232-213-56	255-70-122-242
10125	8.403670639188492e-13	0.1108444793335971	255-24-215-202	255-70-122-242
10126	6.921011646745144e-08	4.842674068270733e-05	255-247-113-27	255-70-122-242
10127	0.0008471425497352	0.0165248315602208	255-70-122-242	255-70-122-242
10128	5.819402042100413e-05	0.0006327001236874	255-70-122-242	255-70-122-242
10129	1.3670391029531796e-11	0.0009954381868208	255-70-122-242	255-70-122-242
10130	1.303399852589675e-16	3.6411681933199415e-08	255-24-215-202	255-122-4-2
10131	5.2486234692937686e-11	0.0095059433743839	255-232-213-56	255-122-4-2
10132	5.7433268036782296e-18	5.080229049123087e-17	255-24-215-202	255-122-4-2
10133	3.796637701757121e-13	2.62268168170991e-13	255-24-215-202	255-212-231-53
10134	2.228297485238417e-07	0.0793042661349717	255-232-213-56	255-254-152-44
10135	8.944514919481113e-08	8.156313242197485e-09	255-24-215-202	255-122-4-2
10136	3.5291215835690826e-08	8.818505895648064e-11	255-24-215-202	255-122-4-2
10137	1.7080691755874236e-08	4.2259130641002615e-08	255-24-215-202	255-122-4-2
10138	6.347310229676235e-11	9.086577089570885e-13	255-24-215-202	255-212-231-53
10139	2.3908920084438882e-08	3.436151943367958e-07	255-247-113-27	255-122-4-2
10140	5.7457145325271635e-09	2.6293706455869515e-05	255-247-113-27	255-122-4-2
10141	1.3387228944373789e-11	2.572390735395668e-09	255-24-215-202	255-70-122-242
10142	6.018282759296372e-14	5.002871847184223e-14	255-70-122-242	255-101-252-104
10143	1.6776038164711417e-06	0.0003472453368429	255-24-215-202	255-254-152-44
10144	0.001027870888909	0.2695252052815738	255-232-213-56	255-70-122-242
10145	4.2982796035327285e-08	0.0018821531942611	255-24-215-202	255-122-4-2
10146	1.6960123911424562e-11	8.443647378478327e-11	255-232-213-56	255-70-122-242
10147	1.341559005529019e-07	3.5141075697020024e-05	255-70-122-242	255-70-122-242
10148	0.0003462269219556	0.0110273919852062	255-70-122-242	255-70-122-242
10149	1.4961399340203612e-05	1.914760473415628e-06	255-247-113-27	255-122-4-2
10150	2.6072105604519637e-10	2.642329563112101e-08	255-222-62-8	255-70-122-242
10151	1.1782184650139013e-07	1.0276169458367248e-06	255-128-254-83	255-212-231-53
10152	6.069580865924138e-08	1.6392745600801404e-08	255-222-62-8	255-101-252-104
10153	8.394478425680882e-08	5.043846297252646e-09	255-247-113-27	255-70-122-242
10154	4.120596773415306e-06	7.018207274847418e-06	255-24-215-202	255-70-122-242
10155	2.191043009504808e-05	0.0003513659143504	255-70-122-242	255-70-122-242
10156	5.394755813716346e-05	5.554915352727618e-05	255-70-122-242	255-70-122-242
10157	0.0067863915353294	0.056118835866571	255-232-213-56	255-70-122-242
10158	6.248245025540042e-12	7.0069405163292025e-06	255-24-215-202	255-122-4-2
10159	6.859220390908499e-14	4.471597199603016e-08	255-24-215-202	255-212-231-53
10160	2.8059087119724297e-15	7.832235293007327e-09	255-24-215-202	255-122-4-2
10161	3.770575815927524e-19	4.977935364174386e-18	255-24-215-202	255-122-4-2
10162	2.703823892529548e-10	1.4879768799632549e-10	255-24-215-202	255-122-4-2
10163	2.097060699398949e-15	1.28463877139398e-07	255-24-215-202	255-122-4-2
10164	4.3499041763427686e-08	1.818341550382166e-08	255-24-215-202	255-122-4-2
10165	2.661765907073036e-19	1.431579468791807e-17	255-24-215-202	255-122-4-2
10166	5.875477326642787e-13	2.0451676414503544e-15	255-24-215-202	255-212-231-53
10167	2.4670916158974907e-12	1.4633882606160088e-13	255-24-215-202	255-122-4-2
10168	1.7509117291927618e-16	4.985228552111141e-16	255-24-215-202	255-122-4-2
10169	2.8141240392730653e-16	1.1220163180453178e-05	255-232-213-56	255-212-231-53
10170	1.0264842786237429e-12	1.3976697506417038e-12	255-70-122-242	255-122-4-2
10171	5.502665879344413e-11	4.115762578175417e-11	255-24-215-202	255-122-4-2
10172	1.0286755814631686e-14	2.5233343207325142e-14	255-24-215-202	255-122-4-2
10173	3.355435737154196e-13	8.029303581068356e-13	255-24-215-202	255-212-231-53
10174	2.0113974844739216e-18	2.4338241324244254e-15	255-24-215-202	255-122-4-2
10175	2.6863873150388324e-19	8.005382532243711e-17	255-24-215-202	255-70-122-242
10176	3.355435737154196e-13	8.029303581068356e-13	255-24-215-202	255-212-231-53
10177	5.853559526680947e-14	1.0832879145535453e-12	255-24-215-202	255-212-231-53
10178	7.57836326715092e-11	1.5747590483237032e-11	255-24-215-202	255-101-252-104
10179	3.907276941090634e-09	5.621572490151196e-09	255-70-122-242	255-101-252-104
10180	2.084547728530269e-09	6.820418957994348e-10	255-122-4-2	255-101-252-104
10181	5.440716247439602e-09	6.222382320847357e-08	255-122-4-2	255-70-122-242
10182	2.6231766616078872e-05	8.602845325712814e-07	255-53-243-148	255-101-252-104
10183	0.0345709890748497	0.0001126814641461	255-53-243-148	255-101-252-104
10184	2.39416895510904e-05	7.781453616202982e-05	255-24-215-202	255-217-56-6
10185	2.6812105242889974e-06	2.0479797756590163e-06	255-24-215-202	255-122-4-2
10186	0.0001716883777187	0.0002288776739677	255-24-215-202	255-70-122-242
10187	1.0964762501767077e-07	9.763260992033942e-06	255-24-215-202	255-212-231-53
10188	3.814626667907194e-09	1.1811043785592573e-07	255-24-215-202	255-101-252-104
10189	0.0021935823545681	0.0017498522588819	255-70-122-242	255-70-122-242
10190	0.0003947594699559	0.007342906139204	255-70-122-242	255-101-252-104
10191	1.5195599026254628e-07	8.168704546155148e-07	255-70-122-242	255-101-252-104
10192	7.74634367976111e-10	3.599333169485363e-08	255-70-122-242	255-70-122-242
10193	0.0023030177666532	0.0017555289348117	255-70-122-242	255-122-4-2
10194	0.1462596494493412	0.0259228240961413	255-70-122-242	255-101-252-104
10195	0.0499409590053633	0.2496594222427357	255-70-122-242	255-101-252-104
10196	0.0106933921910112	0.0076264070284716	255-187-244-52	255-70-122-242
10197	0.0881436451632222	0.0425361499007354	255-128-254-83	255-70-122-242
10198	0.4788563133014297	0.0261789482059376	255-232-213-56	255-70-122-242
10199	0.0013577688202088	0.0174141613047408	255-70-122-242	255-101-252-104
10200	1.4750570662479482e-11	3.6299472293917035e-09	255-70-122-242	255-212-231-53
10201	2.2154463357514647e-12	2.3899524577725832e-11	255-24-215-202	255-212-231-53
10202	3.8823103089598344e-08	1.2238811070663132e-06	255-24-215-202	255-122-4-2
10203	1.2383470597439995e-09	3.777693661633394e-08	255-24-215-202	255-122-4-2
10204	4.262693514321149e-12	5.669738601394801e-13	255-24-215-202	255-122-4-2
10205	1.6011300477271864e-08	1.7247656758275056e-09	255-24-215-202	255-122-4-2
10206	3.621629846568449e-12	3.2378413459379453e-12	255-24-215-202	255-101-252-104
10207	0.0002936038058206	0.0002798562270498	255-70-122-242	255-101-252-104
10208	2.1286701941399552e-08	4.6396633573801525e-09	255-24-215-202	255-122-4-2
10209	6.208874612731016e-05	4.316312564090668e-06	255-187-244-52	255-70-122-242
10210	1.619747337780406e-09	4.029112590258394e-10	255-24-215-202	255-122-4-2
10211	7.59504956474828e-08	1.1450428281610864e-08	255-53-243-148	255-70-122-242
10212	9.31578733553488e-08	1.3716514464752897e-07	255-24-215-202	255-122-4-2
10213	3.4644427076741174e-14	1.656677512592986e-13	255-24-215-202	255-101-252-104
10214	6.068755311262351e-11	3.2993923767344537e-10	255-24-215-202	255-122-4-2
10215	1.0128289361604289e-12	1.3504113137264708e-12	255-24-215-202	255-122-4-2
10216	3.5444027460752927e-10	2.7570341812005165e-10	255-24-215-202	255-101-252-104
10217	3.924898910070112e-08	8.376216066469247e-09	255-24-215-202	255-122-4-2
10218	5.3676717804610993e-08	3.948590325725738e-09	255-53-243-148	255-122-4-2
10219	1.4914237165926074e-06	2.2532790459417327e-06	255-122-4-2	255-101-252-104
10220	3.2114201462751924e-06	3.145581477203003e-07	255-24-215-202	255-122-4-2
10221	8.357868139128523e-07	4.296824055804797e-07	255-53-243-148	255-70-122-242
10222	0.0001843677210265	2.297508807153991e-06	255-187-244-52	255-101-252-104
10223	0.0360710913740215	0.0003987885388925	255-187-244-52	255-101-252-104
10224	4.155146180535483e-09	2.400686053754161e-05	255-24-215-202	255-212-231-53
10225	3.379778593965546e-08	8.19315091867575e-06	255-70-122-242	255-212-231-53
10226	0.1857806580298026	0.0003155548637657	255-24-215-202	255-212-231-53
10227	0.0009961024038536	0.5858956921863514	255-70-122-242	255-212-231-53
10228	0.9126519431699552	3.874842401161264e-05	255-24-215-202	255-101-252-104
10229	0.0675038861744848	0.1556355157793247	255-24-215-202	255-101-252-104
10230	0.001563757739835	2.0248427815572583e-05	255-24-215-202	255-122-4-2
10231	0.048279299888913	0.0193392732441308	255-24-215-202	255-101-252-104
10232	0.971305126489971	6.565920809789621e-06	255-24-215-202	255-101-252-104
10233	3.676041215374985e-05	5.802305547657839e-10	255-24-215-202	255-122-4-2
10234	8.214359841765176e-08	1.5359255875570255e-06	255-24-215-202	255-212-231-53
10235	0.0221588571684792	4.24656984941241e-05	255-24-215-202	255-122-4-2
10236	0.0001639125222486	0.0001074002229457	255-70-122-242	255-101-252-104
10237	0.7237944028527785	0.0014405875947896	255-24-215-202	255-101-252-104
10238	1.0780611782572756e-05	0.0052395887026205	255-70-122-242	255-101-252-104
10239	3.035773691650573e-14	4.120897145152627e-09	255-232-213-56	255-254-152-44
10240	6.330886015877057e-17	2.505393890570575e-07	255-24-215-202	255-122-4-2
10241	1.7440780195989262e-14	1.3596059200445912e-13	255-247-113-27	255-122-4-2
10242	6.0814855227665285e-21	1.2725852508052264e-18	255-24-215-202	255-122-4-2
10243	6.224920788809403e-13	8.364681198796347e-07	255-24-215-202	255-254-152-44
10244	2.4748170407690587e-18	1.4293814823801114e-12	255-24-215-202	255-122-4-2
10245	2.074353830152016e-21	1.6491119733353949e-19	255-24-215-202	255-122-4-2
10246	4.3312651702182533e-13	2.090477834188401e-13	255-247-113-27	255-122-4-2
10247	3.836514888611888e-16	4.385744278119571e-15	255-24-215-202	255-122-4-2
10248	9.095143248818404e-22	1.0827364492706916e-20	255-24-215-202	255-122-4-2
10249	9.826874181310359e-11	2.461315266687574e-12	255-187-244-52	255-122-4-2
10250	1.0422862669952345e-13	2.0407607513845585e-13	255-24-215-202	255-122-4-2
10251	2.1020809417004203e-12	1.145789645263788e-12	255-247-113-27	255-122-4-2
10252	3.127297332701889e-13	1.0378113006437e-13	255-24-215-202	255-122-4-2
10253	9.445056902543332e-15	3.3764597291090114e-14	255-70-122-242	255-101-252-104
10254	3.9619102889210597e-10	4.006578168867044e-11	255-53-243-148	255-212-231-53
10255	6.878873338204154e-11	1.3015791673520404e-11	255-128-254-83	255-122-4-2
10256	2.20166718625473e-09	6.389902385303775e-10	255-24-215-202	255-70-122-242
10257	5.37789311040472e-06	7.255264453212754e-08	255-128-254-83	255-101-252-104
10258	0.0080352326434665	7.91028147154565e-06	255-128-254-83	255-101-252-104
10259	0.053472579555784	8.496084295645819e-05	255-128-254-83	255-101-252-104
10260	6.25878533067642e-05	0.0004004657873814	255-70-122-242	255-101-252-104
10261	0.0037148502325882	0.0055337530949399	255-70-122-242	255-101-252-104
10262	0.2907588103136806	0.0037850052019033	255-122-4-2	255-70-122-242
10263	0.009872837231526	2.4533952470572367e-05	255-53-243-148	255-70-122-242
10264	0.0106695825377129	6.25662002440381e-05	255-53-243-148	255-122-4-2
10265	0.0093001936174306	0.007459661828104	255-122-4-2	255-101-252-104
10266	0.0005995928330348	2.905707426592915e-05	255-247-113-27	255-70-122-242
10267	4.047810497345139e-06	4.915679295614936e-06	255-70-122-242	255-212-231-53
10268	8.41837554205855e-07	6.257193067574581e-07	255-70-122-242	255-101-252-104
10269	0.0748870593825879	0.0392229804737078	255-70-122-242	255-101-252-104
10270	0.000713468951867	0.0001887391874905	255-70-122-242	255-101-252-104
10271	5.000323072789651e-10	8.619186017140601e-08	255-24-215-202	255-101-252-104
10272	0.1761886524693636	0.0002825622867655	255-24-215-202	255-101-252-104
10273	0.0103965594203717	4.595661108503875e-06	255-24-215-202	255-122-4-2
10274	0.6944239485904447	0.0006599177199719	255-222-62-8	255-101-252-104
10275	0.0035943296577393	0.0001017217241499	255-53-243-148	255-101-252-104
10276	0.0155239638254938	0.0043288750909514	255-128-254-83	255-70-122-242
10277	0.0015652671956308	0.0001924403304857	255-53-243-148	255-70-122-242
10278	0.0211686322464516	0.0914169812745081	255-232-213-56	255-70-122-242
10279	0.0005528336063105	0.0020565480615865	255-24-215-202	255-70-122-242
10280	9.34010066648693e-05	0.0061885491478741	255-24-215-202	255-217-56-6
10281	0.0001868290215565	6.7226127293308914e-06	255-24-215-202	255-122-4-2
10282	0.2569857423196258	0.016821984680735	255-24-215-202	255-101-252-104
10283	1.407896041086217e-08	0.0071595075266902	255-70-122-242	255-212-231-53
10284	2.130742767686729e-06	0.5899390252945422	255-128-254-83	255-217-56-6
10285	0.0007726467702199	0.0126628378562555	255-128-254-83	255-70-122-242
10286	0.2350158589601212	0.0001829038251062	255-128-254-83	255-101-252-104
10287	0.0280264273647732	0.0007049837953055	255-128-254-83	255-70-122-242
10288	7.463993720660559e-06	0.2401599215952742	255-232-213-56	255-70-122-242
10289	7.994390053300592e-08	0.0084403494183111	255-232-213-56	255-217-56-6
10290	2.4736249958444826e-08	0.0243880428921769	255-24-215-202	255-70-122-242
10291	8.330218555014698e-09	0.0109407625278852	255-232-213-56	255-122-4-2
10292	0.0002068755528237	0.0004442506871712	255-128-254-83	255-122-4-2
10293	1.6195407829273582e-16	5.031109196582377e-08	255-24-215-202	255-254-152-44
10294	1.498754611950222e-14	0.0002253376951698	255-24-215-202	255-70-122-242
10295	4.850298567655218e-15	5.004848265871906e-07	255-24-215-202	255-70-122-242
10296	6.308653711742677e-09	2.021670956095412e-05	255-24-215-202	255-70-122-242
10297	5.1037985345994985e-09	0.0106393631574245	255-232-213-56	255-70-122-242
10298	6.251638887883133e-07	0.0003614892921583	255-70-122-242	255-70-122-242
10299	3.426382729292624e-07	0.0001598545136786	255-70-122-242	255-70-122-242
10300	4.131362616667672e-08	1.163225684902248e-05	255-70-122-242	255-70-122-242
10301	4.5568933234696496e-08	0.0001798367538532	255-70-122-242	255-70-122-242
10302	2.186039240758161e-06	0.0292736574306179	255-70-122-242	255-70-122-242
10303	4.065615074082042e-09	0.3436234046036876	255-70-122-242	255-212-231-53
10304	4.754485745286805e-06	7.050064531657607e-06	255-222-62-8	255-70-122-242
10305	4.550834313909165e-10	0.0930933898254916	255-232-213-56	255-212-231-53
10306	1.912295798517499e-07	2.226183556328713e-05	255-232-213-56	255-70-122-242
10307	6.708468035165503e-10	1.859843358672274e-05	255-232-213-56	255-217-56-6
10308	5.3892995413507866e-08	1.5952553643937393e-08	255-70-122-242	255-122-4-2
10309	6.234897249413536e-15	1.6576983578380755e-13	255-24-215-202	255-70-122-242
10310	0.0001718088314841	1.634971936752262e-05	255-70-122-242	255-70-122-242
10311	7.869911383109762e-07	8.595064526104119e-08	255-24-215-202	255-122-4-2
10312	0.0033331068795769	0.0011887129323493	255-247-113-27	255-70-122-242
10313	1.1773299226911458e-05	1.1506679046243102e-06	255-122-4-2	255-26-209-210
10314	3.6590030239330185e-07	0.0012972611708117	255-70-122-242	255-122-4-2
10315	6.942292801541e-10	1.0211599078807451e-09	255-24-215-202	255-122-4-2
10316	6.143137345525062e-08	3.084335262135438e-06	255-24-215-202	255-70-122-242
10317	3.407592163327371e-09	7.745536862403528e-05	255-247-113-27	255-70-122-242
10318	2.5488127784329816e-07	1.4268590557366996e-06	255-247-113-27	255-70-122-242
10319	8.217979561523996e-10	1.3777603307528407e-09	255-24-215-202	255-70-122-242
10320	0.0188826957250832	0.1771136739366088	255-53-243-148	255-70-122-242
10321	8.29629372117511e-05	0.0626822193044611	255-70-122-242	255-70-122-242
10322	8.393414495007956e-14	1.0548285679324176e-11	255-24-215-202	255-70-122-242
10323	8.790762215126066e-13	2.7625244360646876e-10	255-24-215-202	255-70-122-242
10324	5.958389636034757e-12	1.0152257806292214e-08	255-24-215-202	255-212-231-53
10325	2.1233347606970086e-11	7.193374235827023e-11	255-222-62-8	255-70-122-242
10326	4.826233447917994e-06	0.0101419112226267	255-24-215-202	255-70-122-242
10327	2.4734254827046092e-09	0.0002099520083834	255-24-215-202	255-70-122-242
10328	2.755968426528917e-05	0.0024526894066273	255-70-122-242	255-70-122-242
10329	5.060995014381454e-07	3.9947701272012735e-08	255-222-62-8	255-70-122-242
10330	8.039807799140884e-07	1.6019491437366245e-05	255-70-122-242	255-70-122-242
10331	5.884573964065437e-06	7.322358508469902e-06	255-70-122-242	255-70-122-242
10332	2.237906087521832e-09	0.0007490552111206	255-232-213-56	255-254-152-44
10333	1.873099379529734e-12	0.000297133708117	255-232-213-56	255-122-4-2
10334	6.773886198895832e-11	0.0001980991487607	255-24-215-202	255-122-4-2
10335	1.0148976045673778e-06	0.0026436264365424	255-70-122-242	255-212-231-53
10336	1.1650455428564682e-13	8.260146413251181e-11	255-70-122-242	255-122-4-2
10337	6.689030830487226e-13	5.5224793781109375e-15	255-24-215-202	255-122-4-2
10338	1.676787905200879e-15	1.6345365314826347e-16	255-24-215-202	255-122-4-2
10339	6.384924046807171e-10	1.683589669843522e-09	255-24-215-202	255-212-231-53
10340	1.936883159528524e-21	1.5742678836041433e-19	255-24-215-202	255-122-4-2
10341	6.199745018712455e-12	3.5660464230346936e-11	255-24-215-202	255-122-4-2
10342	6.489489305673402e-12	1.137495992115204e-10	255-24-215-202	255-122-4-2
10343	6.207697381844007e-12	1.9161210861896535e-10	255-24-215-202	255-212-231-53
10344	1.3040067665507288e-10	1.3351530558336403e-10	255-24-215-202	255-122-4-2
10345	4.0286235792905186e-10	2.630964592295864e-11	255-24-215-202	255-212-231-53
10346	2.0372207428803007e-10	1.863478233186568e-09	255-24-215-202	255-254-152-44
10347	1.0118739476834926e-11	5.541952462029198e-10	255-24-215-202	255-217-56-6
10348	5.736745907868115e-13	4.608667242368679e-12	255-24-215-202	255-70-122-242
10349	6.469075680954709e-06	7.798828339529685e-06	255-24-215-202	255-254-152-44
10350	3.046521695441415e-11	7.977515147501713e-06	255-24-215-202	255-70-122-242
10351	8.045976868854504e-05	8.419416454537827e-05	255-70-122-242	255-101-252-104
10352	2.8081227029817414e-07	2.405445487998607e-05	255-24-215-202	255-26-209-210
10353	7.124234936697345e-05	0.179286649150805	255-70-122-242	255-70-122-242
10354	0.0256634604370001	0.0012809144061831	255-128-254-83	255-101-252-104
10355	0.0020406291516779	0.118256673562978	255-53-243-148	255-70-122-242
10356	0.0138760764647829	0.2398229824100907	255-70-122-242	255-70-122-242
10357	0.0001937603214926	0.0002262495729116	255-232-213-56	255-70-122-242
10358	0.0494038577270422	0.0129930241606479	255-232-213-56	255-70-122-242
10359	3.788037290642229e-07	5.339007261246688e-07	255-70-122-242	255-101-252-104
10360	3.053118391547741e-05	0.0053919539570935	255-180-27-1	255-101-252-104
10361	4.57351004044769e-06	0.0601071571928644	255-232-213-56	255-26-209-210
10362	1.143881679499192e-09	1.3352593222164567e-06	255-24-215-202	255-122-4-2
10363	3.6364753700425755e-09	0.0010119699326824	255-232-213-56	255-122-4-2
10364	6.370530652995763e-13	1.6066206220352833e-12	255-24-215-202	255-101-252-104
10365	3.307490977857825e-07	0.0467057290561323	255-24-215-202	255-122-4-2
10366	2.805379036455768e-12	5.238638766395974e-12	255-24-215-202	255-101-252-104
10367	4.727480707496493e-09	4.5777787184866375e-09	255-24-215-202	255-122-4-2
10368	1.433372954595374e-07	3.4283264550989845e-08	255-24-215-202	255-122-4-2
10369	0.0053282100811136	2.332820341826935e-05	255-70-122-242	255-122-4-2
10370	3.281661061612173e-06	1.8616909273130339e-07	255-70-122-242	255-101-252-104
10371	4.123248671393854e-07	1.293343609465318e-07	255-24-215-202	255-101-252-104
10372	4.054009617729367e-07	2.601718692413991e-06	255-70-122-242	255-101-252-104
10373	7.551434303023499e-07	7.1206633908795775e-06	255-70-122-242	255-122-4-2
10374	2.012978508890736e-06	1.270268572332741e-07	255-53-243-148	255-101-252-104
10375	1.6354914038154125e-05	5.720401356027791e-06	255-122-4-2	255-101-252-104
10376	0.0002604755585967	4.0052764206588606e-07	255-187-244-52	255-101-252-104
10377	8.19294729414975e-05	6.007143404193725e-07	255-128-254-83	255-101-252-104
10378	9.551998134046998e-05	1.0992338082122318e-05	255-53-243-148	255-70-122-242
10379	0.0142286816595381	0.0023944822937893	255-232-213-56	255-101-252-104
10380	1.039544817928397e-05	0.1931668183840318	255-70-122-242	255-212-231-53
10381	0.8628368755062015	0.0018095854352407	255-24-215-202	255-101-252-104
10382	0.8471669794592546	0.0024015164902992	255-24-215-202	255-101-252-104
10383	0.5653847051455423	0.0104495381797447	255-24-215-202	255-101-252-104
10384	0.1722077096829278	0.6287063604904928	255-24-215-202	255-101-252-104
10385	0.5417875707257876	0.0012159615701724	255-24-215-202	255-101-252-104
10386	0.9426338314622148	0.0003183463009278	255-24-215-202	255-101-252-104
10387	0.8819376296303845	3.029290389206369e-06	255-24-215-202	255-101-252-104
10388	0.9379689511209957	3.8537627059879055e-06	255-24-215-202	255-101-252-104
10389	0.0176789734896287	0.0002556462149014	255-70-122-242	255-101-252-104
10390	0.0232847915517772	0.0072264885987397	255-24-215-202	255-101-252-104
10391	0.0066497510191221	0.0007058123069342	255-70-122-242	255-101-252-104
10392	4.276138524714246e-15	6.047973336507382e-07	255-232-213-56	255-122-4-2
10393	4.5689446475869465e-14	9.343199679532821e-08	255-232-213-56	255-70-122-242
10394	3.5838114506953053e-08	0.0058006402067057	255-232-213-56	255-26-209-210
10395	1.1080448202700657e-12	4.912854611143945e-06	255-232-213-56	255-254-152-44
10396	7.469775962490122e-14	2.5649233251849973e-13	255-24-215-202	255-122-4-2
10397	2.0843853905315684e-08	5.5873396022419454e-08	255-24-215-202	255-70-122-242
10398	9.139937878678266e-12	3.828617122123659e-11	255-24-215-202	255-70-122-242
10399	1.3987266383319708e-09	1.266065879067544e-09	255-24-215-202	255-122-4-2
10400	6.007083676840254e-14	5.4880653469031436e-14	255-128-254-83	255-122-4-2
10401	2.064199234918435e-17	4.676332354057982e-15	255-24-215-202	255-122-4-2
10402	9.3578749930568e-18	7.280160889405943e-15	255-70-122-242	255-122-4-2
10403	1.3239255726592085e-07	2.687505258629448e-09	255-247-113-27	255-70-122-242
10404	1.7273843500230234e-17	1.1272689508981537e-16	255-70-122-242	255-122-4-2
10405	5.94948880100471e-08	8.274823680332213e-08	255-232-213-56	255-70-122-242
10406	3.0109983219031536e-12	2.2629127354502388e-11	255-70-122-242	255-101-252-104
10407	1.3969589449299961e-13	5.6640620863710115e-12	255-70-122-242	255-101-252-104
10408	0.0534025546220166	0.0001499246931204	255-128-254-83	255-101-252-104
10409	0.1088294648241494	0.024522373352741	255-232-213-56	255-70-122-242
10410	0.0987435455867204	0.028370711446689	255-232-213-56	255-70-122-242
10411	5.1669039402535416e-05	1.275166464537791e-07	255-128-254-83	255-101-252-104
10412	0.0001268314891363	1.8582028555130905e-05	255-53-243-148	255-101-252-104
10413	1.0435602455409796e-07	1.0809927348465463e-05	255-247-113-27	255-212-231-53
10414	0.0055327311780694	0.0042722836123156	255-247-113-27	255-70-122-242
10415	5.709116478872991e-11	1.1318560313614738e-10	255-70-122-242	255-122-4-2
10416	1.487642677591836e-09	1.6036290878626908e-08	255-24-215-202	255-101-252-104
10417	5.2421261762978864e-14	6.000483761580025e-13	255-24-215-202	255-101-252-104
10418	0.095978522107856	6.352599571414301e-07	255-24-215-202	255-122-4-2
10419	0.7283951308058978	0.0001519708890724	255-24-215-202	255-101-252-104
10420	0.6753523662707379	0.0022239102436375	255-247-113-27	255-101-252-104
10421	0.3468028232652233	0.0056177110375747	255-122-4-2	255-101-252-104
10422	0.430946536789682	0.1001259820343476	255-122-4-2	255-101-252-104
10423	0.2575962043432012	0.0043045616232426	255-128-254-83	255-101-252-104
10424	0.3777653519071823	2.4215585146945337e-05	255-128-254-83	255-101-252-104
10425	6.605730549478559e-10	0.0001103472891812	255-232-213-56	255-70-122-242
10426	1.6231912326407478e-10	2.336085233672121e-05	255-24-215-202	255-26-209-210
10427	3.2324097990764054e-12	1.2299313334668215e-10	255-70-122-242	255-70-122-242
10428	0.206247107258096	0.000320922327574	255-128-254-83	255-70-122-242
10429	1.9303907647422887e-10	1.111216407613205e-09	255-24-215-202	255-101-252-104
10430	3.048362189622975e-06	1.130300022600922e-05	255-187-244-52	255-70-122-242
10431	3.1912524828409253e-09	3.456085608528329e-09	255-24-215-202	255-101-252-104
10432	0.001212349575804	0.0004726700552088	255-187-244-52	255-70-122-242
10433	0.0451094077916334	0.0002266804954874	255-232-213-56	255-101-252-104
10434	0.0001575176410671	8.869413939328474e-08	255-24-215-202	255-122-4-2
10435	6.635039991598534e-05	3.666039597102855e-05	255-70-122-242	255-101-252-104
10436	0.0002180847030528	2.1914196059017934e-06	255-24-215-202	255-122-4-2
10437	1.9688337465260263e-05	0.001040425358948	255-70-122-242	255-101-252-104
10438	8.153849239460349e-11	3.8949434100900696e-06	255-70-122-242	255-101-252-104
10439	9.701899050224593e-09	0.007007007007328	255-70-122-242	255-254-152-44
10440	0.002131945340046	0.0200527481112668	255-70-122-242	255-101-252-104
10441	4.104509894275716e-05	0.0003567870291959	255-70-122-242	255-101-252-104
10442	0.0001857432400474	0.00196033687323	255-128-254-83	255-101-252-104
10443	0.1536257086473921	0.021521555169002	255-128-254-83	255-101-252-104
10444	3.5909918195321856e-18	1.022642213343635e-07	255-24-215-202	255-212-231-53
10445	6.107319507129066e-09	0.89881209484027	255-232-213-56	255-70-122-242
10446	1.3713570254062232e-09	0.0059382501657144	255-232-213-56	255-70-122-242
10447	1.0050395373577993e-07	0.0468200853967435	255-232-213-56	255-70-122-242
10448	0.0001730754025065	0.0041275585050216	255-24-215-202	255-122-4-2
10449	0.0037318425059301	0.0052890517899663	255-128-254-83	255-122-4-2
10450	0.0005532197925951	0.0042122730899749	255-24-215-202	255-122-4-2
10451	1.7038966156133296e-08	1.6571121006881445e-07	255-24-215-202	255-212-231-53
10452	2.1046782212478838e-12	0.0006403215475796	255-24-215-202	255-254-152-44
10453	8.008007129882797e-11	1.74622925298622e-06	255-24-215-202	255-212-231-53
10454	1.8462839094260834e-10	3.676980504797183e-06	255-180-27-1	255-70-122-242
10455	9.811666114415409e-12	0.0509061097427476	255-247-113-27	255-254-152-44
10456	2.6644783007501597e-08	0.3684988546922312	255-232-213-56	255-70-122-242
10457	1.7316842745665196e-06	0.0013877020438991	255-232-213-56	255-70-122-242
10458	9.65164247549891e-07	0.0003194134512058	255-70-122-242	255-70-122-242
10459	1.4706921430019091e-06	0.0396798602312101	255-232-213-56	255-70-122-242
10460	1.4543452293924279e-09	4.6356674733552696e-05	255-24-215-202	255-212-231-53
10461	4.311440653355332e-06	0.0017012917816431	255-53-243-148	255-212-231-53
10462	7.269019165888592e-09	0.000449679323561	255-128-254-83	255-70-122-242
10463	4.01101458107476e-09	2.208705545837428e-07	255-247-113-27	255-70-122-242
10464	1.054121619172268e-06	0.0753349326434005	255-232-213-56	255-122-4-2
10465	0.0027601496921893	1.3053820185452704e-05	255-232-213-56	255-70-122-242
10466	0.0902385270036637	0.0001014426602377	255-232-213-56	255-70-122-242
10467	0.0139793869730459	0.0002090983191583	255-128-254-83	255-70-122-242
10468	1.3671773880810837e-06	0.005418297262575	255-232-213-56	255-254-152-44
10469	2.719274154775869e-06	0.0010359252769548	255-70-122-242	255-70-122-242
10470	0.0263723953823463	0.0393370902165582	255-24-215-202	255-122-4-2
10471	7.521215023786686e-07	0.065126300237208	255-232-213-56	255-122-4-2
10472	4.763045470522225e-05	0.0128296968857074	255-24-215-202	255-70-122-242
10473	1.4437427218242558e-08	0.0002042053552784	255-24-215-202	255-122-4-2
10474	3.2294118302994895e-13	4.5254574641413456e-08	255-24-215-202	255-122-4-2
10475	9.260639966770788e-15	3.419438871016167e-13	255-24-215-202	255-212-231-53
10476	6.909088957377554e-14	4.230793631916172e-12	255-247-113-27	255-212-231-53
10477	4.4685765063156565e-11	4.344842547355611e-09	255-24-215-202	255-122-4-2
10478	2.4877644969402088e-11	1.806840500752515e-09	255-24-215-202	255-70-122-242
10479	6.542122681965935e-09	9.846705173048588e-06	255-24-215-202	255-212-231-53
10480	1.0095827398678104e-10	0.0088575408445688	255-70-122-242	255-26-209-210
10481	6.226079549016753e-06	1.8720891469655537e-06	255-128-254-83	255-70-122-242
10482	5.411259720855593e-06	0.0086711206086397	255-70-122-242	255-70-122-242
10483	0.0013217238095319	0.0033762307264802	255-70-122-242	255-70-122-242
10484	1.6138956356335398e-07	0.0001183998522019	255-24-215-202	255-70-122-242
10485	1.094563276758058e-06	4.700361779271556e-06	255-70-122-242	255-70-122-242
10486	4.895558254092276e-07	8.624311727180624e-06	255-128-254-83	255-70-122-242
10487	1.83068643765664e-06	0.020505441265133	255-232-213-56	255-70-122-242
10488	0.0266584310912266	0.0002553757586177	255-232-213-56	255-101-252-104
10489	1.157352490799706e-05	1.190097810108599e-05	255-70-122-242	255-70-122-242
10490	7.359372777892124e-07	0.0020340976328118	255-232-213-56	255-122-4-2
10491	1.7457047747830117e-06	2.4726799495886062e-06	255-70-122-242	255-122-4-2
10492	0.0003292498582521	3.7137238623544725e-05	255-232-213-56	255-212-231-53
10493	0.0005016696430367	6.563547351590171e-06	255-24-215-202	255-101-252-104
10494	0.0113074930860603	0.0001068311314978	255-24-215-202	255-101-252-104
10495	0.0089761862767323	1.2448817261805082e-05	255-232-213-56	255-70-122-242
10496	9.577204255963416e-08	2.804872278417645e-09	255-24-215-202	255-101-252-104
10497	0.0154117779766488	5.789091114489543e-05	255-24-215-202	255-101-252-104
10498	1.385661706593899e-09	1.3752621957605117e-06	255-24-215-202	255-212-231-53
10499	1.0583924506347747e-10	1.1326690077192151e-06	255-24-215-202	255-212-231-53
10500	9.052598442261536e-06	0.0001005047419747	255-24-215-202	255-212-231-53
10501	5.614618778303065e-13	8.988652239615528e-12	255-24-215-202	255-212-231-53
10502	4.962818377858186e-12	9.851626430334218e-12	255-24-215-202	255-254-152-44
10503	3.705128552346506e-11	6.182765117719651e-10	255-70-122-242	255-212-231-53
10504	0.8025451642115036	6.936835786294863e-06	255-24-215-202	255-101-252-104
10505	6.800929289611712e-05	0.1979789926853337	255-232-213-56	255-70-122-242
10506	0.0011181366196291	0.0015991673031015	255-232-213-56	255-70-122-242
10507	6.310046945677783e-05	0.0012172946462331	255-128-254-83	255-70-122-242
10508	1.7589238272812325e-09	0.0012097377397334	255-70-122-242	255-70-122-242
10509	0.0048196762046683	0.0006548798902267	255-128-254-83	255-70-122-242
10510	0.0730025391569888	7.929799641103804e-05	255-232-213-56	255-70-122-242
10511	1.3983731031134366e-07	2.295946508966197e-08	255-24-215-202	255-122-4-2
10512	9.179648799534912e-07	3.672983879525444e-07	255-24-215-202	255-101-252-104
10513	0.0036226758705976	0.0001303973570138	255-128-254-83	255-70-122-242
10514	0.025574515128849	0.0005239382788716	255-122-4-2	255-70-122-242
10516	7.539428138421904e-05	2.1999920550542853e-06	255-24-215-202	255-122-4-2
10517	2.635456132163689e-10	5.193228567948996e-08	255-70-122-242	255-70-122-242
10518	0.0028460413351797	0.0052410933470618	255-122-4-2	255-122-4-2
10519	2.480605417936632e-05	3.4130093854884226e-05	255-24-215-202	255-122-4-2
10520	0.0001181235894253	0.000129168592814	255-70-122-242	255-212-231-53
10521	9.015802017920996e-09	1.951529691943707e-09	255-247-113-27	255-122-4-2
10522	5.747444278276719e-07	1.104359588536909e-06	255-70-122-242	255-212-231-53
10523	3.52071021297057e-08	2.752476436043019e-06	255-70-122-242	255-217-56-6
10524	0.200677462324009	0.018605220140843	255-24-215-202	255-212-231-53
10525	0.3402209426615088	0.0021901536604997	255-24-215-202	255-101-252-104
10526	0.0162909692594877	0.105485553694054	255-70-122-242	255-212-231-53
10527	0.0524934024873334	0.0002815271638574	255-24-215-202	255-101-252-104
10528	0.9436183019083572	0.002087732781411	255-24-215-202	255-101-252-104
10529	0.7452059912889124	0.0306794857057868	255-24-215-202	255-101-252-104
10530	0.6578693287126001	1.1771005246724189e-07	255-24-215-202	255-101-252-104
10531	0.9470374547065136	0.000758402260638	255-24-215-202	255-101-252-104
10532	0.5971147167631189	0.0055459786349571	255-24-215-202	255-101-252-104
10533	0.9786493460473084	0.0033484812861371	255-24-215-202	255-101-252-104
10534	0.9455928938563471	0.0005394661506222	255-24-215-202	255-101-252-104
10535	0.3725400373651732	0.4968773830818626	255-24-215-202	255-101-252-104
10536	0.0865904845171778	0.7885631905304644	255-24-215-202	255-101-252-104
10537	9.062117623243535e-10	1.9557811915104957e-09	255-70-122-242	255-101-252-104
10538	0.1741391922704926	0.0037741854887303	255-122-4-2	255-101-252-104
10539	1.922810837406612e-05	0.0109618129015244	255-70-122-242	255-101-252-104
10540	1.9062535276187618e-07	1.1710672592616528e-05	255-70-122-242	255-212-231-53
10541	1.3866655749126385e-15	6.372587105170336e-05	255-24-215-202	255-70-122-242
10542	1.152109519690867e-07	0.085652055598539	255-232-213-56	255-254-152-44
10543	1.9448499596784705e-06	1.5426114148533017e-05	255-232-213-56	255-70-122-242
10544	2.4870812052391763e-11	1.1736338471524382e-08	255-24-215-202	255-70-122-242
10545	2.7722483161245727e-14	6.32211664347838e-11	255-24-215-202	255-212-231-53
10546	2.499458309519137e-13	3.8837142581625724e-10	255-24-215-202	255-122-4-2
10547	4.0934370187936867e-10	1.7634181457967247e-10	255-247-113-27	255-70-122-242
10548	6.196613721730893e-17	3.1420342245606364e-15	255-24-215-202	255-70-122-242
10549	2.928845920938552e-10	1.9526380188807803e-10	255-247-113-27	255-70-122-242
10550	0.0005048164814413	0.0257400263426458	255-70-122-242	255-212-231-53
10551	5.3764200458894325e-05	1.840734040987067e-05	255-53-243-148	255-70-122-242
10552	1.1132581793722672e-06	0.0001212920525639	255-70-122-242	255-101-252-104
10553	0.0183545671940512	0.0031533126315067	255-70-122-242	255-101-252-104
10554	5.188250291591744e-07	0.0166586249655188	255-24-215-202	255-70-122-242
10555	9.409905389433931e-11	1.4520218270483112e-10	255-24-215-202	255-122-4-2
10556	0.0001083887237496	0.0012188885725814	255-24-215-202	255-101-252-104
10557	1.4035408031873634e-07	6.630932634230104e-08	255-24-215-202	255-122-4-2
10558	2.640282109356582e-06	8.107758056958782e-07	255-70-122-242	255-101-252-104
10560	0.4663477917871959	0.0005247176442541	255-24-215-202	255-101-252-104
10561	0.0041118844895471	5.956786258870101e-06	255-24-215-202	255-122-4-2
10562	0.5872325671183988	0.0033271176031755	255-247-113-27	255-101-252-104
10563	0.3333676640370168	0.017128101900474	255-70-122-242	255-101-252-104
10564	0.3975598656507053	0.002344715397521	255-128-254-83	255-101-252-104
10565	0.001971978287536	2.246265932132709e-05	255-53-243-148	255-101-252-104
10566	1.989625593597711e-05	0.0028767780835334	255-70-122-242	255-70-122-242
10567	3.337347507194963e-08	0.0001748715478745	255-70-122-242	255-70-122-242
10568	3.723971621805902e-17	2.7430434249674837e-14	255-24-215-202	255-70-122-242
10569	0.0004073420460911	9.56631138513923e-05	255-247-113-27	255-70-122-242
10570	3.561943983279704e-07	1.4016985802312729e-07	255-247-113-27	255-70-122-242
10571	1.225805474185924e-09	1.8378987142858924e-08	255-247-113-27	255-70-122-242
10572	1.7503591748164975e-09	2.643134268672256e-09	255-247-113-27	255-70-122-242
10573	2.0997391227023367e-08	0.0005789411558168	255-70-122-242	255-70-122-242
10574	1.5182436773336592e-09	6.496296771306683e-06	255-232-213-56	255-70-122-242
10575	1.4921796665526704e-06	0.0001519438922588	255-53-243-148	255-70-122-242
10576	1.2352876913585106e-07	2.0702604489101687e-06	255-24-215-202	255-122-4-2
10577	0.0150644422923164	0.0166740644984424	255-232-213-56	255-70-122-242
10578	1.129840045427158e-05	1.1754302823339592e-05	255-24-215-202	255-101-252-104
10579	0.0687035620140447	7.321653622384983e-05	255-24-215-202	255-101-252-104
10580	0.0154134301075433	0.3027632691753564	255-128-254-83	255-70-122-242
10581	8.503995371114296e-06	0.0012046158979015	255-70-122-242	255-70-122-242
10582	4.747547810687517e-09	1.946881841804099e-08	255-247-113-27	255-70-122-242
10583	1.5785734821938972e-08	3.8905811216944985e-05	255-70-122-242	255-70-122-242
10584	2.734613273893726e-07	6.98768838926583e-05	255-51-172-246	255-70-122-242
10585	0.0006777438793565	0.0003309028541932	255-70-122-242	255-101-252-104
10586	0.0694665999582639	0.4255887864628908	255-70-122-242	255-101-252-104
10587	3.396998554859839e-05	0.0054227245186589	255-70-122-242	255-101-252-104
10588	0.0001188122954923	0.0005276455763944	255-128-254-83	255-101-252-104
10589	0.0456372171164015	0.0027880065749386	255-128-254-83	255-70-122-242
10590	1.5237156407633818e-08	0.2496384153514639	255-232-213-56	255-70-122-242
10591	5.6990200437562206e-08	0.6454036943068095	255-232-213-56	255-70-122-242
10592	1.1060075815335843e-10	0.2881799708917215	255-70-122-242	255-70-122-242
10593	2.9719147773986e-11	0.0009807925024859	255-232-213-56	255-212-231-53
10594	0.0001489807326424	0.0065175263464804	255-128-254-83	255-254-152-44
10595	5.882187569733639e-11	0.0007149047390448	255-232-213-56	255-122-4-2
10596	6.667862684883389e-06	0.0773772600726415	255-232-213-56	255-254-152-44
10597	2.895393165242509e-07	0.0621288065404228	255-232-213-56	255-254-152-44
10598	4.413852945139944e-11	0.001291164564958	255-24-215-202	255-122-4-2
10599	1.2667838550489295e-09	0.0225796883453702	255-24-215-202	255-70-122-242
10600	2.7259135634159894e-07	0.0374475528241422	255-232-213-56	255-70-122-242
10601	1.0225526957829766e-11	3.1323148525353845e-08	255-24-215-202	255-212-231-53
10602	2.1314076640655177e-07	0.0007094369850049	255-53-243-148	255-122-4-2
10603	5.787477037789777e-06	0.0354216253464162	255-128-254-83	255-70-122-242
10604	0.0101258973631122	0.0313858223306858	255-128-254-83	255-70-122-242
10605	1.5750373544129582e-07	0.0396891978196322	255-232-213-56	255-122-4-2
10606	9.279390052059038e-14	0.0026951468693182	255-24-215-202	255-122-4-2
10607	4.9363567069980416e-12	0.0185628150809029	255-232-213-56	255-26-209-210
10608	1.962242624758421e-05	0.0063742069206702	255-232-213-56	255-70-122-242
10609	0.0001349627690279	0.0010090731225207	255-232-213-56	255-70-122-242
10610	6.791964547583367e-10	0.0508181425313981	255-232-213-56	255-254-152-44
10611	4.393227908749434e-06	4.670123400948134e-05	255-70-122-242	255-70-122-242
10612	2.4289957709886113e-10	6.543259166274179e-08	255-70-122-242	255-122-4-2
10613	4.0168741793297484e-14	1.2511220829188594e-07	255-70-122-242	255-212-231-53
10614	2.263250782813708e-08	0.0394843576349097	255-70-122-242	255-122-4-2
10615	1.1315008846487261e-08	2.211584327314881e-05	255-70-122-242	255-212-231-53
10616	0.014039840419933	0.0203516305717752	255-70-122-242	255-70-122-242
10617	5.35488467211231e-07	9.419982355229806e-05	255-24-215-202	255-70-122-242
10618	1.1536354991533504e-10	1.589431047870868e-08	255-24-215-202	255-212-231-53
10619	4.660935191292495e-12	1.3244840391234427e-10	255-24-215-202	255-212-231-53
10620	1.0457673426607574e-10	5.064091158381236e-07	255-24-215-202	255-122-4-2
10621	2.274465815973696e-12	3.088653658501006e-08	255-24-215-202	255-212-231-53
10622	5.7972143910990776e-11	3.8559876012583764e-10	255-24-215-202	255-122-4-2
10623	2.0866968711127558e-17	1.799514444504038e-10	255-24-215-202	255-212-231-53
10624	5.3649259662937366e-14	2.2432623230372337e-05	255-70-122-242	255-122-4-2
10625	4.856732781173107e-05	0.2638435023468589	255-232-213-56	255-70-122-242
10626	0.0024232610788554	0.1278653503090845	255-232-213-56	255-70-122-242
10627	2.5731728065306374e-07	0.0001738535780711	255-53-243-148	255-70-122-242
10628	1.4854017381763352e-08	6.003243670325996e-06	255-53-243-148	255-70-122-242
10629	5.454375998309583e-12	0.0008903510019801	255-232-213-56	255-254-152-44
10631	4.7597965379847726e-11	2.5828880980385368e-08	255-70-122-242	255-254-152-44
10632	0.001169965573491	0.0001981263380548	255-232-213-56	255-70-122-242
10633	1.5539986550687272e-10	0.0878573644438111	255-232-213-56	255-212-231-53
10634	2.602801156233777e-08	4.604344055395727e-05	255-24-215-202	255-70-122-242
10635	0.0002317863157724	0.0007328540803468	255-70-122-242	255-70-122-242
10636	0.0125215915413556	3.6221405790660064e-05	255-232-213-56	255-212-231-53
10637	7.347724361250954e-06	3.769043517903684e-05	255-232-213-56	255-26-209-210
10638	3.091385102701445e-08	5.4123057941648886e-08	255-24-215-202	255-26-209-210
10639	3.851606766209255e-11	6.352023630845054e-08	255-24-215-202	255-212-231-53
10640	6.686104491645255e-11	1.1567613812194927e-05	255-24-215-202	255-212-231-53
10641	0.0113149907264201	0.0164734262540689	255-24-215-202	255-212-231-53
10642	1.7006833159922295e-14	1.2216996386976904e-12	255-70-122-242	255-212-231-53
10643	1.7937755177043188e-12	3.960819672426818e-12	255-24-215-202	255-122-4-2
10644	0.8762337384729602	6.329517658630655e-05	255-24-215-202	255-101-252-104
10645	1.2881520158298914e-09	7.247598891422167e-14	255-24-215-202	255-26-209-210
10646	6.963718148078615e-14	1.2474010343836765e-13	255-70-122-242	255-122-4-2
10647	0.9323957079893171	0.0001182963866248	255-24-215-202	255-122-4-2
10648	0.795522313361206	2.567786075194393e-06	255-24-215-202	255-122-4-2
10649	8.847121269737343e-07	2.5093104232433247e-05	255-24-215-202	255-70-122-242
10650	0.1164223337392807	0.0001171264127559	255-128-254-83	255-70-122-242
10651	3.558918740146741e-07	0.0001546151013901	255-128-254-83	255-70-122-242
10652	4.335666411811912e-07	3.420426841920742e-05	255-24-215-202	255-26-209-210
10653	0.0120127279326784	0.0297269551238438	255-53-243-148	255-122-4-2
10654	1.0708831765114673e-05	0.0001732598894633	255-24-215-202	255-70-122-242
10655	2.8144659212048084e-05	0.063125819829802	255-232-213-56	255-254-152-44
10656	1.001639763850684e-07	1.2976203087092846e-07	255-24-215-202	255-254-152-44
10657	0.0001571806486103	0.3743038814777239	255-232-213-56	255-70-122-242
10658	1.2426673229489177e-08	0.4919072508068972	255-232-213-56	255-254-152-44
10659	2.3322442198483203e-06	0.4647163337445844	255-232-213-56	255-254-152-44
10660	1.2059119048068731e-09	4.757697848235492e-05	255-24-215-202	255-70-122-242
10661	2.3321286517930266e-08	6.29100313141735e-06	255-24-215-202	255-122-4-2
10662	1.4666717845262698e-06	0.0013870479947783	255-24-215-202	255-122-4-2
10663	0.0013475524735446	0.0004320326426053	255-122-4-2	255-122-4-2
10664	2.0100888089684807e-05	0.0001420349474469	255-51-172-246	255-70-122-242
10666	3.121861783655782e-09	3.727163479689627e-05	255-24-215-202	255-212-231-53
10667	4.073959898981876e-05	0.0012329698938607	255-24-215-202	255-70-122-242
10668	0.0009849248975523	0.0007686657811606	255-122-4-2	255-122-4-2
10669	2.1691792651728887e-06	3.0103604984816072e-05	255-24-215-202	255-217-56-6
10670	4.970988937074406e-12	8.367079421485875e-10	255-24-215-202	255-212-231-53
10671	0.8403214367616219	6.810501856751403e-05	255-24-215-202	255-101-252-104
10672	0.8639622467371667	3.8064746184771455e-06	255-24-215-202	255-101-252-104
10673	0.7726063828658263	5.757903549101501e-05	255-24-215-202	255-101-252-104
10674	0.6785848707165187	0.0068059687183821	255-24-215-202	255-217-56-6
10675	0.3348151667214088	0.198992474904259	255-222-62-8	255-101-252-104
10676	0.4743471722428209	0.0152550679643095	255-222-62-8	255-101-252-104
10677	1.5950806947551618e-14	8.113458115076514e-13	255-180-27-1	255-122-4-2
10678	2.3203509869786085e-12	1.7444451086910846e-10	255-180-27-1	255-254-152-44
10679	8.345370391727354e-11	3.833732040710737e-08	255-70-122-242	255-101-252-104
10681	1.0289151994226331e-10	9.194432964076495e-10	255-24-215-202	255-26-209-210
10682	5.074921205413697e-05	0.0022968361071505	255-232-213-56	255-26-209-210
10683	3.878081711260514e-06	0.0007900095521006	255-53-243-148	255-122-4-2
10684	5.528707448853165e-05	6.800975551936375e-06	255-128-254-83	255-122-4-2
10685	1.6839145551652036e-05	4.029111667437224e-05	255-24-215-202	255-70-122-242
10686	7.476090090383978e-14	0.0042255050062564	255-232-213-56	255-254-152-44
10687	1.602057815327873e-17	0.0008179185434373	255-70-122-242	255-70-122-242
10688	7.231479971936873e-14	0.0095495325036881	255-24-215-202	255-254-152-44
10689	4.935260766974271e-10	0.0463353143645864	255-232-213-56	255-254-152-44
10690	0.0015866293328584	0.0019082549044872	255-247-113-27	255-70-122-242
10691	3.680229116010718e-13	4.195025755672687e-06	255-232-213-56	255-254-152-44
10692	1.0179064156858333e-07	7.820121155487352e-05	255-24-215-202	255-70-122-242
10693	1.0329505992469486e-06	0.0281201318732955	255-247-113-27	255-70-122-242
10694	8.086788092050397e-07	1.129221489647407e-05	255-24-215-202	255-254-152-44
10695	2.3792163760173346e-15	1.5253006734327476e-12	255-24-215-202	255-70-122-242
10696	1.6426493840246877e-07	0.0037498476323722	255-70-122-242	255-70-122-242
10697	5.347389277086894e-10	1.4682854189268203e-06	255-24-215-202	255-217-56-6
10698	2.8547372645494593e-08	0.0001197072774485	255-24-215-202	255-217-56-6
10699	6.875329314182739e-07	5.569304446914987e-06	255-24-215-202	255-26-209-210
10700	1.1676398772836192e-11	1.623576598048822e-08	255-24-215-202	255-122-4-2
10701	2.92332665994202e-10	4.947902604062858e-06	255-180-27-1	255-26-209-210
10702	0.9868434763599216	4.7665332404011416e-06	255-24-215-202	255-101-252-104
10703	0.9425221589756492	6.585174048676795e-05	255-24-215-202	255-101-252-104
10704	0.0276016483986834	0.0002758350840625	255-24-215-202	255-101-252-104
10705	0.9342743263956786	0.0002526978843	255-24-215-202	255-101-252-104
10706	0.8854074294398444	0.006497871806003	255-222-62-8	255-101-252-104
10707	0.0084240120727327	0.1289446690270307	255-70-122-242	255-101-252-104
10708	1.5948636102278223e-06	0.0949051847356871	255-232-213-56	255-254-152-44
10709	0.0494507088871809	0.0087343693046329	255-70-122-242	255-101-252-104
10710	1.2567631807101326e-12	0.0026580132601734	255-232-213-56	255-70-122-242
10711	6.26741341689133e-09	4.880320732114531e-06	255-70-122-242	255-70-122-242
10712	5.741590735621264e-09	0.0015191185269226	255-70-122-242	255-70-122-242
10713	3.909512482528741e-09	0.0016451697550284	255-70-122-242	255-70-122-242
10714	2.194601012255029e-11	0.0005168789395466	255-24-215-202	255-254-152-44
10715	2.5398792681590466e-15	1.81997745756685e-13	255-24-215-202	255-212-231-53
10716	0.0651689629376962	0.0106770594906953	255-70-122-242	255-212-231-53
10717	2.2882693346445411e-10	6.777640956176942e-06	255-222-62-8	255-70-122-242
10718	0.000322459204685	2.716693057402667e-05	255-24-215-202	255-70-122-242
10719	1.2511996895351254e-08	9.151391495584398e-11	255-247-113-27	255-70-122-242
10720	7.857601540796908e-07	0.0233377218998971	255-24-215-202	255-70-122-242
10721	7.093589837919478e-05	0.0421545438868577	255-24-215-202	255-70-122-242
10722	1.2010320640780086e-06	3.025409798132552e-06	255-70-122-242	255-70-122-242
10724	2.6099561221709426e-08	7.577604343785495e-08	255-70-122-242	255-101-252-104
10726	5.82588572889525e-06	2.524523921452172e-07	255-24-215-202	255-122-4-2
10727	2.1148807665289088e-12	2.3615854958201837e-09	255-70-122-242	255-101-252-104
10728	3.558350266567559e-05	9.936480489566163e-08	255-24-215-202	255-122-4-2
10729	0.0015865405171751	0.0014297072376007	255-24-215-202	255-122-4-2
10730	0.0417731121718965	0.1901451941920653	255-70-122-242	255-101-252-104
10731	0.0001826928270828	0.0007433293415382	255-70-122-242	255-101-252-104
10732	3.169932136781377e-09	0.0001277182650602	255-70-122-242	255-70-122-242
10733	7.731194438209636e-10	1.4810449422430454e-06	255-70-122-242	255-70-122-242
10734	0.0005787990307686	0.148945395497685	255-180-27-1	255-101-252-104
10735	4.479535229550232e-05	0.000516720958616	255-187-244-52	255-26-209-210
10736	2.5651935612627502e-05	0.0364721699793445	255-232-213-56	255-26-209-210
10737	0.0525649278860421	0.0105858245767952	255-232-213-56	255-254-152-44
10738	0.0575247987419887	0.0109360880192551	255-128-254-83	255-254-152-44
10739	5.289313026720338e-06	0.0610127772124615	255-232-213-56	255-254-152-44
10740	4.760038125688161e-09	0.0247597984970772	255-232-213-56	255-254-152-44
10741	4.94041002046022e-07	0.4268439701084869	255-247-113-27	255-122-4-2
10742	1.1626180830172258e-06	0.0017159867172792	255-232-213-56	255-70-122-242
10743	3.6482463696984772e-09	0.2839755051617195	255-24-215-202	255-122-4-2
10744	4.7005357208142126e-14	0.0506491082340566	255-24-215-202	255-212-231-53
10745	1.6637624428499612e-11	0.0069515614414714	255-24-215-202	255-212-231-53
10746	3.0238083683171396e-09	0.5505382590931109	255-24-215-202	255-254-152-44
10747	3.8689547181833717e-16	9.993317231933091e-07	255-24-215-202	255-122-4-2
10748	6.358965066306231e-11	2.5431426807915414e-05	255-24-215-202	255-212-231-53
10749	2.731902260253913e-15	6.189109843617941e-05	255-70-122-242	255-122-4-2
10750	1.1918277833242578e-13	4.4582101609100805e-10	255-24-215-202	255-212-231-53
10751	6.405352141498486e-15	2.5399261504863707e-11	255-24-215-202	255-212-231-53
10752	1.3790577921827624e-06	3.818571018431559e-05	255-24-215-202	255-212-231-53
10753	3.388686796711708e-09	2.2751225855260275e-07	255-24-215-202	255-70-122-242
10754	3.4273889818184925e-17	0.0003777723564182	255-70-122-242	255-122-4-2
10755	3.1430057630591657e-15	4.5008915328849244e-13	255-24-215-202	255-122-4-2
10756	2.7176177835433965e-06	0.0089335329148898	255-232-213-56	255-254-152-44
10757	0.1629798540362066	0.0144684394349264	255-232-213-56	255-26-209-210
10758	0.0138388232352928	0.0046351062865173	255-232-213-56	255-26-209-210
10759	0.0189814878701509	0.1244984197301221	255-128-254-83	255-122-4-2
10760	1.1771788631183892e-11	2.80944440233893e-09	255-24-215-202	255-70-122-242
10761	0.0258282469667844	0.0127121339008101	255-232-213-56	255-254-152-44
10762	5.338922808942102e-09	0.0001294729411388	255-232-213-56	255-26-209-210
10763	8.95953796892628e-06	5.936647008803752e-06	255-24-215-202	255-70-122-242
10764	8.518480827505714e-05	3.56791044988807e-06	255-24-215-202	255-70-122-242
10765	6.199925367493451e-09	3.1488872354254914e-05	255-232-213-56	255-70-122-242
10766	7.121624716854206e-13	6.304586685019866e-09	255-232-213-56	255-26-209-210
10767	0.0350740422263274	0.0016113444182042	255-128-254-83	255-70-122-242
10768	1.0913766930057607e-07	7.822008119577944e-07	255-232-213-56	255-70-122-242
10769	9.060036439479382e-06	7.147644341956997e-05	255-24-215-202	255-122-4-2
10770	9.361046962795339e-10	7.813912812925332e-08	255-24-215-202	255-70-122-242
10771	1.0663836590532932e-13	1.291156231008703e-07	255-128-254-83	255-26-209-210
10772	6.462487213459091e-06	3.420136210007118e-05	255-128-254-83	255-70-122-242
10773	0.0052855867393807	0.0139259310942131	255-70-122-242	255-70-122-242
10774	4.566320910107104e-13	1.1041392248968729e-08	255-70-122-242	255-212-231-53
10775	1.1883774026957537e-14	1.509291726224718e-05	255-70-122-242	255-122-4-2
10776	7.782974464882519e-16	5.67135781483366e-10	255-24-215-202	255-212-231-53
10777	7.604838113241861e-17	1.6846178367452775e-11	255-70-122-242	255-212-231-53
10778	3.3908300826661024e-12	4.9163510398028e-09	255-70-122-242	255-254-152-44
10779	1.0453270741420308e-14	4.4773936390290495e-05	255-24-215-202	255-70-122-242
10780	1.2997348080738377e-17	9.724990012387129e-14	255-70-122-242	255-212-231-53
10781	4.444455941069565e-09	0.0164641864649484	255-24-215-202	255-212-231-53
10782	1.0959227367997347e-09	0.0001837023964012	255-24-215-202	255-70-122-242
10783	0.0002284281707058	3.0593615492404514e-08	255-24-215-202	255-70-122-242
10784	9.746219131530183e-11	2.629449788357303e-07	255-24-215-202	255-212-231-53
10785	1.1695900173345804e-07	0.0001111457181327	255-24-215-202	255-212-231-53
10786	8.036880123416197e-10	9.017426127436566e-14	255-24-215-202	255-101-252-104
10787	2.150287605159535e-05	5.3025241006480094e-08	255-24-215-202	255-101-252-104
10788	0.0039893558896983	5.407366222223096e-06	255-24-215-202	255-212-231-53
10789	1.0475542024842424e-13	1.4433464435227664e-15	255-24-215-202	255-26-209-210
10790	3.384517815299845e-12	1.0872501104028436e-12	255-180-27-1	255-26-209-210
10791	0.9949672708718788	1.4662122213926808e-07	255-24-215-202	255-122-4-2
10792	0.0063565764531771	0.0004529125312677	255-24-215-202	255-122-4-2
10793	6.863292186983683e-10	2.624466030027554e-07	255-70-122-242	255-212-231-53
10794	1.0108764173632015e-05	2.472229780147142e-10	255-24-215-202	255-122-4-2
10795	8.704110373918533e-15	2.4291489923674028e-12	255-24-215-202	255-122-4-2
10796	0.3526973120349206	0.0051636697269754	255-232-213-56	255-70-122-242
10797	0.2322283435015505	0.0011087023408459	255-128-254-83	255-70-122-242
10798	6.493894988504467e-06	0.0011144995979646	255-232-213-56	255-254-152-44
10799	0.0006486886660192	0.0068721919480043	255-232-213-56	255-122-4-2
10800	0.0111599118821336	6.147664374247403e-05	255-232-213-56	255-70-122-242
10801	0.0109971464093161	0.0072778273451373	255-232-213-56	255-254-152-44
10802	0.0164994339333157	0.0293868500085063	255-232-213-56	255-70-122-242
10803	0.0898772876515594	0.0015397241314649	255-232-213-56	255-70-122-242
10804	9.851846424438055e-07	7.721832518694778e-05	255-24-215-202	255-122-4-2
10805	7.473890806569385e-11	1.46835016395412e-07	255-24-215-202	255-122-4-2
10806	7.122599264451858e-08	8.123657406311264e-07	255-24-215-202	255-122-4-2
10807	4.681182334857953e-07	1.356207930109688e-06	255-24-215-202	255-122-4-2
10808	7.686009667883234e-15	3.716916141670781e-13	255-70-122-242	255-122-4-2
10809	4.114083712248722e-05	4.625748610709979e-06	255-24-215-202	255-122-4-2
10810	0.8641705709564191	2.376532698022083e-07	255-24-215-202	255-122-4-2
10811	0.3353940111111441	1.7377779123831586e-05	255-24-215-202	255-101-252-104
10812	0.2707178280189299	0.0620274839780633	255-70-122-242	255-101-252-104
10813	0.9779206452532648	1.1468154082784908e-05	255-24-215-202	255-101-252-104
10814	0.9875421444240574	0.0033926633046858	255-24-215-202	255-101-252-104
10815	0.9645594145978064	0.0002021809215763	255-24-215-202	255-101-252-104
10816	6.27358076843165e-09	3.1047732728654185e-08	255-24-215-202	255-101-252-104
10817	1.418621039555327e-07	8.274306035093174e-07	255-24-215-202	255-101-252-104
10818	0.0139913585729168	0.0070494760318997	255-128-254-83	255-101-252-104
10819	7.803266165464872e-16	0.0015403558925809	255-222-62-8	255-70-122-242
10820	2.0264947842633285e-13	0.0010052463215458	255-24-215-202	255-254-152-44
10821	6.73072694193078e-13	0.0002766354360664	255-24-215-202	255-254-152-44
10822	5.798281840750637e-10	0.0337955280120273	255-70-122-242	255-254-152-44
10823	7.73684105562091e-05	0.0001093861516672	255-24-215-202	255-212-231-53
10824	1.101020681416894e-09	6.551233744592841e-08	255-70-122-242	255-212-231-53
10825	8.408734215690598e-09	1.1447313160611868e-06	255-24-215-202	255-70-122-242
10826	1.2239299273021878e-10	7.157633953378688e-09	255-24-215-202	255-212-231-53
10827	3.011254873492929e-10	3.5668159858972446e-08	255-24-215-202	255-122-4-2
10828	7.113262519343383e-10	5.431308574282471e-06	255-24-215-202	255-122-4-2
10829	4.894097840060592e-09	1.350631076859426e-07	255-24-215-202	255-122-4-2
10830	6.611456393365633e-11	1.9615602077469379e-07	255-24-215-202	255-26-209-210
10831	2.2982672140505845e-12	1.5164121948165778e-10	255-24-215-202	255-122-4-2
10832	0.947319803880336	0.013512849563854	255-24-215-202	255-101-252-104
10833	0.5849298349215473	0.016714188237921	255-24-215-202	255-101-252-104
10834	0.2887085707311912	0.550193192428413	255-24-215-202	255-101-252-104
10835	0.1783220638441378	0.6120958301139983	255-24-215-202	255-101-252-104
10836	0.4444984554444373	0.0704276580250797	255-122-4-2	255-101-252-104
10837	0.7041170599931624	0.1165968972503141	255-24-215-202	255-101-252-104
10838	1.8347371731404704e-05	0.0026829528509315	255-232-213-56	255-70-122-242
10839	2.927346901985195e-12	0.0002682418077184	255-70-122-242	255-70-122-242
10840	6.687089859381083e-17	1.903082525393389e-08	255-24-215-202	255-122-4-2
10841	2.640971726041527e-09	0.0013605533912403	255-70-122-242	255-70-122-242
10842	8.764040628639678e-11	1.7863141362448482e-05	255-70-122-242	255-70-122-242
10843	8.00556191520914e-08	0.0005773880414099	255-128-254-83	255-212-231-53
10844	6.588050432107107e-13	2.2041731645580677e-06	255-24-215-202	255-254-152-44
10845	7.969480987198433e-10	7.670055381932124e-08	255-222-62-8	255-212-231-53
10846	4.5286937559031826e-15	3.024650425855917e-07	255-24-215-202	255-122-4-2
10847	5.2432614933106754e-08	8.286814070721322e-05	255-70-122-242	255-70-122-242
10848	6.4906193030885176e-12	1.1962513779029032e-07	255-70-122-242	255-70-122-242
10849	5.344697898426955e-08	4.423231555100064e-05	255-128-254-83	255-70-122-242
10850	1.916162399239358e-16	1.3387886245107546e-12	255-70-122-242	255-101-252-104
10851	0.0005211474132566	0.0021331273563563	255-70-122-242	255-101-252-104
10852	6.478821543830097e-13	6.444829712172312e-11	255-24-215-202	255-101-252-104
10853	7.172654769763183e-10	4.9578220556424876e-08	255-70-122-242	255-101-252-104
10854	0.0009131485158813	7.768970210558208e-05	255-128-254-83	255-101-252-104
10855	0.0012358991520168	0.0529987311815515	255-53-243-148	255-101-252-104
10856	0.0133779301964695	0.6836126007015353	255-70-122-242	255-101-252-104
10857	5.166221225757357e-06	0.180614309440501	255-70-122-242	255-254-152-44
10858	4.700430131130047e-08	1.3990779596735036e-05	255-247-113-27	255-212-231-53
10859	3.404827451276622e-07	6.044434346312682e-06	255-247-113-27	255-70-122-242
10860	1.4886490345042119e-09	1.2573414274626818e-07	255-247-113-27	255-70-122-242
10861	9.199071861194692e-08	9.783908806423557e-08	255-128-254-83	255-122-4-2
10862	1.2989914353101108e-06	7.673068602286525e-06	255-70-122-242	255-70-122-242
10863	1.982489504090836e-07	0.0041911440547005	255-70-122-242	255-70-122-242
10864	0.0001111012907681	0.5584926888546009	255-232-213-56	255-70-122-242
10865	3.115833609417249e-05	0.0117423830879876	255-232-213-56	255-26-209-210
10866	9.626130668195694e-10	0.1200942091719305	255-24-215-202	255-212-231-53
10867	7.162709477194548e-10	0.0385250704898679	255-24-215-202	255-212-231-53
10868	1.727186574289732e-15	1.3798088831659417e-13	255-24-215-202	255-70-122-242
10869	2.8631376641023265e-14	0.0082335974377808	255-24-215-202	255-212-231-53
10870	1.859390799505465e-16	2.581435114547479e-13	255-24-215-202	255-212-231-53
10871	4.4147004716211134e-16	0.0422931038582697	255-24-215-202	255-212-231-53
10872	7.231902148281059e-23	8.487705712506871e-20	255-24-215-202	255-122-4-2
10873	5.252624374156855e-20	2.889892116404139e-15	255-24-215-202	255-122-4-2
10874	2.3983906178660727e-08	0.0002855077523737	255-24-215-202	255-212-231-53
10875	1.1667560162128566e-10	1.327657923278874e-05	255-24-215-202	255-212-231-53
10876	1.1927484823481256e-10	0.0002487965375309	255-232-213-56	255-122-4-2
10877	5.2880383533841023e-14	2.574298278866233e-11	255-180-27-1	255-122-4-2
10878	1.0877981300365182e-09	0.0001884415918072	255-232-213-56	255-217-56-6
10879	1.9128620756222595e-11	3.602940359111453e-05	255-180-27-1	255-122-4-2
10880	8.100657888129472e-12	3.347678632954953e-09	255-180-27-1	255-122-4-2
10881	1.2518701057547498e-10	6.198271095028781e-05	255-187-244-52	255-217-56-6
10882	1.2426436021380318e-06	0.0410231797070065	255-232-213-56	255-70-122-242
10883	8.637680221066813e-08	0.034000127840969	255-128-254-83	255-254-152-44
10884	2.4258452719188695e-07	6.426301060864315e-05	255-232-213-56	255-122-4-2
10885	1.0223771981541823e-09	3.197717885658487e-06	255-232-213-56	255-70-122-242
10886	3.550555820575232e-05	5.9714991967490616e-05	255-128-254-83	255-122-4-2
10887	0.0017049178419238	1.2811020128227108e-05	255-232-213-56	255-70-122-242
10888	2.7789455911547604e-05	0.0004546087530426	255-128-254-83	255-70-122-242
10889	0.0004005901869801	0.0221483200519665	255-128-254-83	255-70-122-242
10890	2.3032591076468232e-08	1.4306552504807423e-05	255-128-254-83	255-70-122-242
10891	5.084860988120644e-06	2.187065128327798e-05	255-128-254-83	255-70-122-242
10892	0.1139621950978859	0.0021342527544316	255-128-254-83	255-101-252-104
10893	0.0008319074265241	0.0298864893454932	255-128-254-83	255-26-209-210
10894	0.1888168262365859	0.0004915638060177	255-128-254-83	255-122-4-2
10895	0.0024768705433852	0.0199485779954078	255-128-254-83	255-70-122-242
10896	0.0458870512629265	0.0511306035688541	255-232-213-56	255-70-122-242
10897	5.8032002650208575e-15	0.0002639010571356	255-70-122-242	255-122-4-2
10898	5.015435666588629e-15	0.0008247742084211	255-24-215-202	255-212-231-53
10899	1.7178894474906225e-15	9.739898488495876e-05	255-24-215-202	255-122-4-2
10900	1.4430822442252908e-10	0.0326708711717547	255-24-215-202	255-212-231-53
10901	2.742297124353861e-16	1.5136326670721025e-12	255-24-215-202	255-212-231-53
10902	1.0712802826296812e-10	0.1450872435012655	255-232-213-56	255-254-152-44
10903	3.3327895326462776e-10	8.141116600455393e-06	255-24-215-202	255-212-231-53
10904	5.040338528167335e-05	0.0001266315039518	255-24-215-202	255-212-231-53
10905	5.948429162410286e-06	0.026664294721124	255-24-215-202	255-212-231-53
10906	1.7593840004108497e-11	0.0003955968412818	255-24-215-202	255-212-231-53
10907	9.200255976643913e-08	0.001304399403551	255-24-215-202	255-212-231-53
10908	0.0011011665062843	2.3706108260040299e-07	255-24-215-202	255-26-209-210
10909	4.082040577116709e-11	4.805171327012406e-07	255-24-215-202	255-212-231-53
10910	0.989511052438818	2.2061178306427235e-06	255-24-215-202	255-101-252-104
10911	1.1491279526615324e-11	5.301591415538928e-11	255-24-215-202	255-212-231-53
10912	0.9712931925361842	0.0182367828508943	255-24-215-202	255-122-4-2
10913	5.0648835115822016e-05	0.0009393806551119	255-24-215-202	255-212-231-53
10914	0.8831069916248468	1.2514435661116144e-06	255-24-215-202	255-101-252-104
10915	3.2149723475923286e-10	7.237668320881288e-06	255-24-215-202	255-212-231-53
10916	2.279902762057575e-08	1.2242078445684568e-07	255-24-215-202	255-122-4-2
10917	6.532024871666254e-11	5.184145679018273e-10	255-24-215-202	255-122-4-2
10918	0.9129834453843632	8.044300324083224e-07	255-24-215-202	255-122-4-2
10919	0.999529110823271	3.4479409628042173e-06	255-24-215-202	255-122-4-2
10920	1.2336831604367966e-14	8.866549142835514e-10	255-24-215-202	255-122-4-2
10921	5.574962269355203e-10	6.509386837820036e-09	255-24-215-202	255-122-4-2
10922	3.7036602813332213e-07	2.5309825250511794e-06	255-24-215-202	255-212-231-53
10923	4.4996365978149624e-09	1.4913560884027112e-10	255-24-215-202	255-122-4-2
10924	3.3408550446522506e-05	8.659257878117758e-07	255-24-215-202	255-122-4-2
10925	1.6866976587062392e-09	6.312159062642856e-08	255-24-215-202	255-122-4-2
10926	0.0001241489095843	0.0002375348862248	255-53-243-148	255-70-122-242
10927	1.2956488832388504e-14	1.0205428392792345e-13	255-24-215-202	255-70-122-242
10928	0.0040237170523232	0.1125588214387236	255-53-243-148	255-122-4-2
10929	0.0263824882363023	0.0034119134235476	255-232-213-56	255-26-209-210
10930	0.0340348108073116	0.0004784045673004	255-187-244-52	255-26-209-210
10931	0.0330507082767361	0.0562808067686023	255-128-254-83	255-122-4-2
10932	0.0077200259035673	0.0010172696588558	255-128-254-83	255-70-122-242
10933	0.0020873587028341	0.0493639039637545	255-70-122-242	255-212-231-53
10934	7.659289620122856e-14	3.345893061838599e-06	255-70-122-242	255-122-4-2
10935	0.0820528763255019	0.0014056809794292	255-232-213-56	255-70-122-242
10936	0.0230137592267651	0.0016082877372137	255-128-254-83	255-122-4-2
10937	0.0443026495587375	0.0047449179240503	255-232-213-56	255-70-122-242
10938	2.3348541622634e-14	7.086384163509904e-08	255-70-122-242	255-122-4-2
10939	7.945233537913813e-14	3.81720555795904e-05	255-180-27-1	255-212-231-53
10940	4.9841404997448377e-11	8.060817113456565e-05	255-24-215-202	255-212-231-53
10941	2.4763075256157355e-11	1.417132683741167e-09	255-24-215-202	255-122-4-2
10942	8.727523767552069e-15	2.2741065618610826e-15	255-24-215-202	255-122-4-2
10943	5.792713363275201e-12	1.1857725919749428e-10	255-24-215-202	255-212-231-53
10944	0.9518262666730896	8.676483497709877e-07	255-24-215-202	255-122-4-2
10945	0.8468084255894196	2.8164401161656954e-06	255-24-215-202	255-122-4-2
10946	0.642034996887531	0.0005365171177369	255-24-215-202	255-122-4-2
10947	0.8985269529907818	0.0007768904376481	255-24-215-202	255-101-252-104
10948	0.9597048047483484	0.0007020372072925	255-24-215-202	255-101-252-104
10949	0.065400654295917	0.0649876800303878	255-24-215-202	255-122-4-2
10950	1.460091811915201e-05	6.718795377171763e-05	255-70-122-242	255-101-252-104
10951	2.9376052719258627e-05	0.0070566359453293	255-24-215-202	255-70-122-242
10953	0.0003834473143773	0.0039558230297882	255-247-113-27	255-101-252-104
10954	2.1838260738209347e-13	8.860053725066066e-06	255-24-215-202	255-70-122-242
10955	1.111845746648884e-11	0.8862381667961481	255-232-213-56	255-70-122-242
10956	2.5839916940487808e-11	0.0043720570938578	255-24-215-202	255-70-122-242
10957	3.1048110804120604e-05	7.439190943323635e-06	255-24-215-202	255-212-231-53
10958	6.104680211598501e-07	0.000109959752713	255-24-215-202	255-212-231-53
10959	4.353024633940443e-09	2.6125348405811204e-07	255-24-215-202	255-122-4-2
10960	1.9335498979394835e-11	1.25505247498183e-05	255-24-215-202	255-212-231-53
10961	4.077713578379496e-11	2.2564093287483096e-06	255-24-215-202	255-122-4-2
10962	1.7917181999879889e-12	1.3605483205860715e-06	255-24-215-202	255-70-122-242
10963	0.9972378413395562	3.0072573846349973e-06	255-24-215-202	255-101-252-104
10964	0.0266685966727212	0.0429780473180502	255-24-215-202	255-122-4-2
10965	0.2670196440136822	0.4259580451983308	255-24-215-202	255-101-252-104
10966	0.8474359062178783	0.0037777802797876	255-222-62-8	255-101-252-104
10967	0.563171442464983	0.0306551173126311	255-222-62-8	255-122-4-2
10968	0.9688982051379847	0.0005796828911992	255-222-62-8	255-101-252-104
10969	0.0111982207170877	0.1073247888596012	255-70-122-242	255-101-252-104
10970	1.0005667742664202e-09	4.464616329787469e-08	255-70-122-242	255-101-252-104
10971	1.9658803388056704e-08	0.0002098768317631	255-70-122-242	255-101-252-104
10972	6.301227997207596e-06	6.047309510205091e-05	255-70-122-242	255-101-252-104
10973	2.3282527326788455e-07	8.463592582003483e-06	255-70-122-242	255-101-252-104
10974	2.299686996059239e-07	0.0107542129563376	255-51-172-246	255-217-56-6
10975	6.003315060163376e-10	0.8853596731914568	255-247-113-27	255-70-122-242
10976	1.991009570293835e-12	0.0215710293462172	255-247-113-27	255-70-122-242
10977	2.15843165456496e-11	1.297191328693709e-06	255-70-122-242	255-70-122-242
10978	5.556313092909064e-11	0.0040480440201503	255-70-122-242	255-70-122-242
10979	2.249622883366521e-12	1.6559200103167192e-05	255-24-215-202	255-70-122-242
10980	9.694708126510527e-10	2.653082752694377e-08	255-247-113-27	255-70-122-242
10981	2.9971787743224825e-08	0.0010178750045626	255-70-122-242	255-70-122-242
10982	1.127863164058502e-07	1.4064084126538715e-06	255-24-215-202	255-122-4-2
10983	1.1588311098523969e-18	1.3262416665482443e-11	255-24-215-202	255-212-231-53
10984	9.357439958560761e-09	0.0010627594097022	255-24-215-202	255-122-4-2
10985	2.1516136536284407e-16	5.264963317873687e-10	255-24-215-202	255-122-4-2
10986	1.1551420511926845e-06	6.903194435026159e-05	255-128-254-83	255-122-4-2
10987	5.171390292746382e-05	1.5485489686843282e-05	255-24-215-202	255-101-252-104
10988	3.20575571932076e-08	9.47053114655692e-09	255-24-215-202	255-70-122-242
10989	6.1288963115316465e-15	2.758363297342577e-12	255-24-215-202	255-101-252-104
10990	1.0289413818104545e-08	4.342781623208617e-07	255-24-215-202	255-101-252-104
10991	0.0344886239653657	0.0006998042753947	255-128-254-83	255-70-122-242
10992	0.0002843052225291	0.0026681973323458	255-128-254-83	255-101-252-104
10993	3.6929843634213584e-06	2.645799847786546e-06	255-128-254-83	255-101-252-104
10994	2.8990550415952956e-08	3.610691677702306e-07	255-70-122-242	255-101-252-104
10995	0.3297160987786455	0.0510287942720204	255-222-62-8	255-101-252-104
10996	1.4973467906508895e-08	0.0004947647449942	255-247-113-27	255-70-122-242
10997	2.0692431294230414e-06	2.880328286607269e-06	255-247-113-27	255-70-122-242
10998	4.2329254217532046e-08	5.878281123483199e-06	255-53-243-148	255-70-122-242
10999	1.453782030241847e-06	2.542631579550769e-05	255-53-243-148	255-70-122-242
11000	4.289495278353744e-08	1.092108343826498e-05	255-70-122-242	255-70-122-242
11001	1.499835911058248e-09	5.835773970408192e-06	255-70-122-242	255-70-122-242
11002	1.330784921137029e-12	1.601842172468705e-07	255-24-215-202	255-70-122-242
11003	5.561947853668957e-10	0.0006759185840084	255-70-122-242	255-70-122-242
11004	9.466028290460986e-11	2.7604170142633352e-05	255-24-215-202	255-70-122-242
11005	0.1230345678452958	0.002723266029539	255-128-254-83	255-101-252-104
11006	2.228847174199822e-20	4.522176209879143e-10	255-70-122-242	255-122-4-2
11007	5.72343444962063e-22	1.9692041633867683e-13	255-24-215-202	255-122-4-2
11008	1.0827570166324742e-22	4.096771046997566e-18	255-70-122-242	255-122-4-2
11009	8.630309924699147e-17	2.81408679532936e-15	255-24-215-202	255-26-209-210
11010	1.793433846058629e-20	4.1249282831637536e-17	255-24-215-202	255-122-4-2
11011	1.1292329182644915e-10	2.664780091137678e-06	255-24-215-202	255-122-4-2
11012	3.5675731516910302e-09	4.3696900037836815e-08	255-24-215-202	255-212-231-53
11013	3.4009393032679497e-12	1.0101420873558485e-07	255-180-27-1	255-122-4-2
11014	1.820393451402913e-12	2.6567937880578248e-08	255-180-27-1	255-122-4-2
11015	2.2259149635838824e-10	1.613481598261604e-08	255-180-27-1	255-26-209-210
11016	1.4521326255618796e-05	0.0013010500329098	255-128-254-83	255-70-122-242
11017	3.416184783748064e-14	2.202491773639556e-12	255-24-215-202	255-122-4-2
11018	4.739816774729531e-19	1.4138221041965933e-13	255-70-122-242	255-122-4-2
11019	1.4303179276178304e-18	1.8450634683885838e-15	255-24-215-202	255-122-4-2
11020	1.9444408546431048e-11	0.0919897092752116	255-24-215-202	255-254-152-44
11021	1.1964230633721812e-20	1.4376569263880855e-14	255-70-122-242	255-212-231-53
11022	1.8829855485757543e-10	0.313906688042098	255-232-213-56	255-70-122-242
11023	3.915433272867512e-08	0.9682032271307038	255-24-215-202	255-212-231-53
11024	0.106268715432582	0.0328510908313971	255-24-215-202	255-122-4-2
11025	9.842635563089057e-16	1.189593977371218e-08	255-24-215-202	255-212-231-53
11026	3.003837876490007e-07	0.0001852394984837	255-24-215-202	255-212-231-53
11027	6.075306582719253e-11	1.504823950462363e-12	255-24-215-202	255-122-4-2
11028	3.286997090608896e-09	1.4216104429239328e-07	255-24-215-202	255-122-4-2
11029	2.876008715840988e-07	7.3717349069749206e-09	255-24-215-202	255-122-4-2
11030	0.98560722009995	4.321454584502945e-07	255-24-215-202	255-122-4-2
11031	2.5645165886577086e-06	4.5086626774886725e-07	255-24-215-202	255-122-4-2
11032	0.9998559791090502	6.924536027249667e-07	255-24-215-202	255-101-252-104
11033	1.5782338286224844e-07	0.0001075093000852	255-24-215-202	255-254-152-44
11034	1.1440240015866392e-08	8.687346075041764e-05	255-24-215-202	255-26-209-210
11035	2.1313618121170875e-06	0.2824631524861177	255-232-213-56	255-70-122-242
11036	4.730267053962674e-06	8.848987116348964e-05	255-247-113-27	255-26-209-210
11037	2.9837166920258627e-05	0.0054495300076509	255-128-254-83	255-70-122-242
11038	4.098550754928537e-07	0.6100173389946604	255-232-213-56	255-70-122-242
11039	0.00035620578003	0.5404952132822365	255-232-213-56	255-70-122-242
11040	0.0011271306383365	0.0211469869151645	255-232-213-56	255-70-122-242
11041	4.459665743954911e-06	5.495792544935786e-05	255-232-213-56	255-212-231-53
11042	3.204674190942209e-09	1.6497940063702713e-06	255-180-27-1	255-212-231-53
11043	1.7371023744284473e-06	9.513491162299434e-05	255-24-215-202	255-212-231-53
11044	2.397411374009976e-13	1.8656533545587023e-10	255-24-215-202	255-122-4-2
11045	2.0769479014066226e-08	1.4271545877146536e-05	255-24-215-202	255-212-231-53
11046	0.1558496794605334	4.6848113740498414e-05	255-24-215-202	255-101-252-104
11047	3.839251238588548e-09	1.745928376640325e-05	255-24-215-202	255-122-4-2
11048	8.934635535640467e-13	8.83701614184945e-12	255-24-215-202	255-122-4-2
11049	0.4124942242358438	8.65680291186234e-06	255-24-215-202	255-122-4-2
11050	0.747527429037429	3.2105741198267034e-05	255-24-215-202	255-122-4-2
11051	0.9929494368045716	1.5875005523676103e-06	255-24-215-202	255-122-4-2
11052	0.8076847790109408	0.0081376882107274	255-24-215-202	255-122-4-2
11053	0.8942922238839817	0.0036069579817965	255-24-215-202	255-122-4-2
11054	0.7432963264413415	0.0023352703925001	255-247-113-27	255-101-252-104
11055	0.9038030931285606	0.0014480856863882	255-24-215-202	255-122-4-2
11056	0.0033192840021429	0.0001657529729793	255-128-254-83	255-101-252-104
11057	6.42062800771251e-05	0.0003711435670204	255-232-213-56	255-70-122-242
11058	1.373571249041133e-06	0.0276159097183891	255-232-213-56	255-122-4-2
11059	5.078866516852172e-09	0.0066503520105702	255-24-215-202	255-70-122-242
11060	3.340140624182949e-07	0.009797817127726	255-232-213-56	255-254-152-44
11061	2.182503081888404e-07	0.0009563784219196	255-232-213-56	255-122-4-2
11062	1.823474017781914e-09	0.0019902741013835	255-24-215-202	255-212-231-53
11063	6.812440389375038e-09	4.496178235002889e-08	255-24-215-202	255-122-4-2
11064	2.3866514162001773e-08	0.0001453694389938	255-232-213-56	255-26-209-210
11065	2.8120338606011946e-15	7.035697413658881e-12	255-24-215-202	255-212-231-53
11066	0.0475675046698917	0.0275601365408555	255-232-213-56	255-70-122-242
11067	0.0001516388191062	2.7018608635068578e-05	255-247-113-27	255-122-4-2
11068	0.0051956061023473	0.0020303354711298	255-70-122-242	255-101-252-104
11069	6.622779645769111e-07	6.655536975796676e-05	255-24-215-202	255-254-152-44
11070	3.303307576966882e-07	2.641523749557981e-06	255-24-215-202	255-212-231-53
11071	0.947224520614988	0.0007396911749409	255-24-215-202	255-101-252-104
11072	4.208008698383141e-12	2.1979447592143038e-10	255-24-215-202	255-101-252-104
11073	0.0049124044555317	0.1535905707028576	255-24-215-202	255-101-252-104
11074	0.3370181582779083	0.1500631571900602	255-24-215-202	255-101-252-104
11075	0.4406907427868724	0.010688618448486	255-222-62-8	255-101-252-104
11076	0.575956425850229	0.0023224664217804	255-180-27-1	255-101-252-104
11077	0.1471923321979169	0.0037169167234252	255-247-113-27	255-101-252-104
11078	0.0104991067468633	0.0017601780274728	255-247-113-27	255-101-252-104
11079	0.0002081403762133	0.0002579048796627	255-247-113-27	255-101-252-104
11080	7.170284495501432e-07	1.1857747262495494e-05	255-70-122-242	255-101-252-104
11081	6.164513026694481e-05	0.6544617284140091	255-222-62-8	255-101-252-104
11082	6.321748322976015e-07	0.00293667947972	255-70-122-242	255-101-252-104
11083	3.426467706994304e-09	6.865038292862547e-07	255-70-122-242	255-101-252-104
11084	1.371524532176945e-09	4.407961904269036e-06	255-70-122-242	255-101-252-104
11085	4.739747769388575e-13	0.0636199714537033	255-70-122-242	255-70-122-242
11086	7.567131810589458e-12	0.0559298417923642	255-70-122-242	255-70-122-242
11087	9.077608713186994e-13	0.1265703187496539	255-232-213-56	255-70-122-242
11088	1.920594675835014e-09	0.3524227319048528	255-24-215-202	255-212-231-53
11089	1.5928525562579256e-05	0.0005110574121731	255-128-254-83	255-70-122-242
11090	1.9708565349601729e-07	0.0024543575077436	255-128-254-83	255-122-4-2
11091	2.7253815200720873e-18	5.624588888301942e-10	255-24-215-202	255-122-4-2
11092	1.3046871203351528e-13	2.609053475120954e-06	255-24-215-202	255-122-4-2
11093	0.0015127793533641	0.0017134470803098	255-128-254-83	255-70-122-242
11094	1.6484858097456427e-05	1.436844895954373e-06	255-128-254-83	255-101-252-104
11095	1.691876534197861e-06	7.458421743423756e-05	255-24-215-202	255-122-4-2
11096	4.272368011330221e-05	0.0001135470599821	255-24-215-202	255-70-122-242
11097	3.555974794496532e-05	0.0042455703406032	255-128-254-83	255-70-122-242
11098	7.666394952556545e-07	5.5097711076553485e-05	255-70-122-242	255-101-252-104
11099	1.0397320378999487e-10	7.624285982140359e-10	255-24-215-202	255-254-152-44
11100	8.219092827488724e-07	2.6592645189240155e-06	255-70-122-242	255-101-252-104
11101	2.4270118542207222e-09	2.5679827738935705e-05	255-24-215-202	255-101-252-104
11102	0.000192514939336	0.0005058058536438	255-53-243-148	255-70-122-242
11103	6.241858023263592e-07	6.553308989703654e-05	255-187-244-52	255-122-4-2
11104	1.538744196664364e-10	0.0012242612667168	255-247-113-27	255-70-122-242
11105	0.0021161984290499	0.0009633925429095	255-128-254-83	255-70-122-242
11106	0.0001574194961567	0.0017611351443652	255-128-254-83	255-70-122-242
11107	2.159200219157366e-09	1.4367432750104866e-05	255-53-243-148	255-70-122-242
11108	8.214252787023949e-12	9.38915832446944e-07	255-24-215-202	255-70-122-242
11109	0.0100097525145928	0.0990116798094944	255-232-213-56	255-70-122-242
11110	0.0017904414462654	0.0674201182717286	255-232-213-56	255-70-122-242
11111	0.0063705004409315	0.0004101237999428	255-128-254-83	255-122-4-2
11112	6.555013973703546e-14	8.728418593351419e-05	255-70-122-242	255-122-4-2
11113	9.498474423387862e-23	4.82559599176771e-15	255-70-122-242	255-122-4-2
11114	2.886184923556012e-23	3.9132152466392176e-19	255-70-122-242	255-122-4-2
11115	1.3730391291513625e-22	2.795400059401442e-15	255-70-122-242	255-122-4-2
11116	2.1191364162284464e-17	1.4559101787818715e-16	255-24-215-202	255-70-122-242
11117	2.4788232035319856e-17	1.816982537296713e-12	255-24-215-202	255-70-122-242
11118	1.8948404583567103e-16	2.6979717259039624e-14	255-24-215-202	255-70-122-242
11119	4.286610868553616e-16	5.383844629430066e-07	255-24-215-202	255-122-4-2
11120	9.266760166407706e-17	2.7396343823595357e-15	255-24-215-202	255-122-4-2
11121	2.3389010731394038e-11	2.1661816451973124e-06	255-232-213-56	255-26-209-210
11122	1.0396984334002564e-18	3.870706994344906e-14	255-24-215-202	255-212-231-53
11123	4.313312699465733e-18	7.944454936326757e-10	255-24-215-202	255-122-4-2
11124	1.3786080681773594e-12	4.62986893146904e-07	255-24-215-202	255-122-4-2
11125	5.4716150006124594e-15	7.603042014156292e-06	255-24-215-202	255-122-4-2
11126	2.392717440012141e-23	2.0465673717723663e-14	255-24-215-202	255-122-4-2
11127	2.68619087651574e-26	7.749440466514764e-24	255-24-215-202	255-122-4-2
11128	6.374021234082748e-12	0.0966811378494045	255-24-215-202	255-212-231-53
11129	9.071436488336828e-26	1.7729415344426556e-21	255-70-122-242	255-122-4-2
11130	3.094267766282941e-23	1.150795655283907e-19	255-24-215-202	255-122-4-2
11131	3.01714182969055e-12	1.2888690166397696e-05	255-24-215-202	255-212-231-53
11132	4.9071553736114356e-14	3.166896829614498e-14	255-128-254-83	255-101-252-104
11133	3.167161673501897e-08	2.5395792687446605e-06	255-24-215-202	255-122-4-2
11134	1.66013505532242e-05	3.0978271290657355e-06	255-24-215-202	255-70-122-242
11135	1.7175648933981374e-06	5.714473731086238e-07	255-24-215-202	255-70-122-242
11136	2.852725768363924e-07	1.4964073972257548e-06	255-24-215-202	255-122-4-2
11137	5.225429387485536e-08	0.0004178953192721	255-24-215-202	255-122-4-2
11138	3.4248543975780227e-10	0.114470511819762	255-24-215-202	255-26-209-210
11139	2.0632356301208617e-15	4.1510363574234187e-13	255-70-122-242	255-122-4-2
11140	0.0959024029959883	0.0523538536821872	255-24-215-202	255-101-252-104
11141	1.1563897539514958e-13	2.479897149759738e-10	255-24-215-202	255-70-122-242
11142	2.763283448678618e-12	1.1948189297265862e-05	255-24-215-202	255-122-4-2
11143	4.1337809172224805e-11	1.0583561547604495e-10	255-128-254-83	255-70-122-242
11144	7.101819981175025e-15	1.787387084848734e-12	255-24-215-202	255-122-4-2
11145	1.7507256797092532e-16	5.209933095492258e-15	255-24-215-202	255-122-4-2
11146	1.8249902753952617e-05	1.414775677534788e-06	255-70-122-242	255-122-4-2
11147	0.9969967318152536	0.0029878092205853	255-24-215-202	255-101-252-104
11148	4.2542671917563533e-13	1.4199901086235668e-09	255-24-215-202	255-122-4-2
11149	2.8060609568599745e-05	0.0001665376105611	255-24-215-202	255-122-4-2
11150	0.0058776050162591	0.0004292907074229	255-24-215-202	255-122-4-2
11151	3.393317935694159e-09	1.2468897868587218e-07	255-24-215-202	255-122-4-2
11152	0.998654778292905	4.5074720425508673e-05	255-24-215-202	255-101-252-104
11153	4.531510001880579e-07	0.0002531492630397	255-24-215-202	255-122-4-2
11154	9.670232099437329e-12	4.880724121742254e-07	255-24-215-202	255-122-4-2
11155	8.052787299033385e-05	3.340679304136066e-05	255-24-215-202	255-122-4-2
11156	8.909802424344876e-08	6.284524808307703e-05	255-24-215-202	255-122-4-2
11157	1.591857918889644e-11	3.5579634142279696e-05	255-24-215-202	255-122-4-2
11158	9.639183929222569e-07	8.048128464472841e-06	255-24-215-202	255-122-4-2
11159	2.601455871332647e-06	0.4119286719676836	255-232-213-56	255-70-122-242
11160	1.728478349098707e-07	4.3047626086996185e-06	255-24-215-202	255-122-4-2
11161	7.622523117954742e-07	0.1169224050612126	255-232-213-56	255-26-209-210
11162	1.2810131466509894e-09	0.133207048562621	255-232-213-56	255-70-122-242
11163	2.979986067798839e-05	0.0407983977749416	255-70-122-242	255-70-122-242
11164	0.0007855463957623	0.0517276222656196	255-128-254-83	255-122-4-2
11165	5.491173120446639e-11	1.4552957495295053e-06	255-180-27-1	255-122-4-2
11166	5.974686597425476e-10	6.723794490713119e-06	255-232-213-56	255-122-4-2
11167	1.0480547185853471e-11	0.0011842446295768	255-232-213-56	255-70-122-242
11168	1.9087807633129425e-15	5.548978864563226e-08	255-24-215-202	255-122-4-2
11169	4.1976794674790006e-17	6.758769512513071e-09	255-24-215-202	255-122-4-2
11170	2.1134309625129028e-10	1.9818180950809588e-08	255-180-27-1	255-122-4-2
11171	1.1017192925094473e-18	6.385838735231255e-18	255-70-122-242	255-70-122-242
11172	4.887410959221953e-13	3.3290162349983755e-10	255-24-215-202	255-122-4-2
11173	1.3404152507139695e-09	1.378548083387468e-06	255-24-215-202	255-212-231-53
11174	2.149981515894567e-09	2.107589986745563e-09	255-24-215-202	255-217-56-6
11175	2.330404730048092e-13	9.950321241686427e-11	255-24-215-202	255-26-209-210
11176	2.536928471954121e-13	7.625071006783749e-12	255-24-215-202	255-122-4-2
11177	4.4892114654845214e-10	2.2732062586024913e-09	255-24-215-202	255-26-209-210
11178	8.534497256680048e-08	8.900242009008941e-09	255-24-215-202	255-122-4-2
11179	1.907226837318074e-09	2.2175559436090705e-08	255-24-215-202	255-122-4-2
11180	0.8618698550235943	4.623444340104433e-08	255-24-215-202	255-122-4-2
11181	1.2810840664494438e-06	2.9890206061044697e-06	255-24-215-202	255-122-4-2
11182	0.997449678724731	9.585579184765357e-07	255-24-215-202	255-101-252-104
11183	0.8957179331754135	7.309966949246654e-05	255-24-215-202	255-101-252-104
11184	0.4253633871024643	0.2620429029811243	255-247-113-27	255-101-252-104
11185	0.3727097360529897	0.0020894059184714	255-247-113-27	255-101-252-104
11186	0.0010201939552873	0.8424920976719865	255-24-215-202	255-212-231-53
11187	0.6376181324742873	0.0003289674236602	255-247-113-27	255-101-252-104
11188	0.0001733309175298	0.0074854248495121	255-222-62-8	255-70-122-242
11189	0.0002382299901337	0.1328744759036359	255-232-213-56	255-70-122-242
11190	1.0594312254106873e-05	0.0004419262901349	255-70-122-242	255-70-122-242
11191	3.366521704947251e-08	0.0127340750890134	255-232-213-56	255-70-122-242
11192	1.4263908290773327e-06	0.0158913018320549	255-232-213-56	255-212-231-53
11193	1.5576564436630377e-05	0.023838264643314	255-232-213-56	255-26-209-210
11194	4.475568898071061e-06	0.0169461749301513	255-232-213-56	255-26-209-210
11195	7.106402357446403e-08	0.0001386927711726	255-232-213-56	255-26-209-210
11196	1.936959434012098e-08	0.0007420430147307	255-232-213-56	255-70-122-242
11197	0.0006834896655094	0.0161289794739936	255-232-213-56	255-70-122-242
11198	0.1403965192811203	0.0103525648264935	255-128-254-83	255-70-122-242
11199	5.052074081619087e-05	3.2854603093690205e-06	255-128-254-83	255-70-122-242
11200	5.78077692850216e-08	6.325971067490695e-08	255-128-254-83	255-70-122-242
11201	5.78050418474324e-05	0.0007495564892605	255-232-213-56	255-70-122-242
11202	2.6285241124437685e-07	0.0001077715300712	255-232-213-56	255-212-231-53
11203	5.386782505752612e-12	5.566398064343793e-07	255-24-215-202	255-212-231-53
11205	3.769327831984017e-05	0.0016081419228197	255-70-122-242	255-217-56-6
11206	1.0226891854266209e-06	0.0001378740124563	255-247-113-27	255-212-231-53
11207	6.034712000580334e-08	5.115270208805482e-07	255-24-215-202	255-212-231-53
11208	3.1389367872514176e-05	0.0017607532693998	255-24-215-202	255-122-4-2
11209	0.1151907950992375	0.0004186151116293	255-128-254-83	255-101-252-104
11210	0.8103182234022355	3.245167007626507e-05	255-24-215-202	255-101-252-104
11211	0.0008195132686679	1.2058843838002556e-05	255-128-254-83	255-70-122-242
11212	0.0029725728282048	0.03565090044378	255-70-122-242	255-101-252-104
11213	0.1014174545660203	0.4477985855814887	255-70-122-242	255-101-252-104
11214	1.1371351713447448e-06	0.0011716155638401	255-232-213-56	255-70-122-242
11215	0.0092613464766039	2.5361893798812852e-05	255-128-254-83	255-101-252-104
11216	6.922073432664688e-12	3.694360483097428e-06	255-247-113-27	255-26-209-210
11217	0.0010091354926684	0.0014686251336404	255-128-254-83	255-70-122-242
11218	0.017876995762803	0.0002249871096766	255-128-254-83	255-101-252-104
11219	0.0357902278967214	0.0009725667835778	255-128-254-83	255-70-122-242
11220	2.216012472572812e-11	3.751121849803329e-07	255-24-215-202	255-212-231-53
11221	1.4986021054982834e-07	0.0212961551214881	255-24-215-202	255-212-231-53
11222	8.485685351997424e-13	3.333588145240292e-11	255-24-215-202	255-70-122-242
11223	1.979718948042709e-11	1.5049784594752816e-11	255-24-215-202	255-122-4-2
11224	1.7382915215223976e-15	5.927484119578602e-15	255-24-215-202	255-122-4-2
11225	0.0011973481582771	0.000113407317972	255-24-215-202	255-101-252-104
11226	0.011010595644004	0.0035129910988822	255-53-243-148	255-70-122-242
11227	0.0020711647165503	0.0954867230971699	255-53-243-148	255-101-252-104
11228	4.2964579198714746e-08	0.0054614338874435	255-232-213-56	255-254-152-44
11229	1.9259620508105567e-07	0.0007219427487532	255-232-213-56	255-254-152-44
11230	4.07268232755918e-12	5.088131668528214e-07	255-24-215-202	255-70-122-242
11231	3.8060676182109285e-10	3.1991271001344204e-08	255-247-113-27	255-70-122-242
11232	2.6190953127136453e-08	0.002970338830308	255-128-254-83	255-70-122-242
11233	3.709136019668256e-11	3.711152461578155e-07	255-24-215-202	255-70-122-242
11234	5.262337150377097e-12	0.0865671371833157	255-24-215-202	255-254-152-44
11235	3.626530192801076e-13	0.0028057068788032	255-70-122-242	255-254-152-44
11236	1.879544013116356e-12	6.744445983796889e-05	255-232-213-56	255-254-152-44
11237	2.6039748891006738e-17	3.037477656258981e-07	255-222-62-8	255-254-152-44
11238	1.5179646397498403e-20	6.444949925796581e-20	255-24-215-202	255-212-231-53
11239	6.418340313619347e-15	9.145593136065364e-08	255-222-62-8	255-70-122-242
11240	4.6147014757309005e-18	5.034182126639984e-11	255-70-122-242	255-254-152-44
11241	4.950533121789226e-23	6.427807993858602e-22	255-70-122-242	255-70-122-242
11242	2.1537703885807388e-12	7.2816914498741235e-06	255-232-213-56	255-70-122-242
11243	2.2395744054043428e-10	0.0002561301354884	255-222-62-8	255-70-122-242
11244	1.2779333446829911e-18	6.34791420061368e-11	255-24-215-202	255-70-122-242
11245	1.149840646579434e-20	8.769635467289224e-15	255-70-122-242	255-70-122-242
11246	1.7092750633574072e-31	1.0158067150965472e-25	255-70-122-242	255-70-122-242
11247	1.125851582114189e-19	5.648192881711023e-17	255-24-215-202	255-70-122-242
11248	4.134049086585246e-22	1.3779000112577244e-19	255-70-122-242	255-212-231-53
11249	1.4794777528342504e-13	3.57337687287297e-08	255-222-62-8	255-122-4-2
11250	1.453207809837607e-09	0.0019336537072163	255-24-215-202	255-122-4-2
11251	8.213039923967016e-14	5.764841885566253e-07	255-24-215-202	255-122-4-2
11252	2.1666499335596942e-13	4.580811511808659e-08	255-24-215-202	255-122-4-2
11253	1.5756764075267755e-27	5.781902370392653e-16	255-24-215-202	255-122-4-2
11254	2.018682388251107e-18	3.2983154459358264e-08	255-70-122-242	255-212-231-53
11255	3.926992494292742e-13	4.051411796424295e-09	255-70-122-242	255-212-231-53
11256	9.162691849774836e-20	5.052686823089186e-19	255-70-122-242	255-212-231-53
11257	4.704442020800688e-13	0.0456973726051073	255-232-213-56	255-70-122-242
11258	1.0306866834004344e-23	5.826472791682399e-22	255-70-122-242	255-70-122-242
11259	2.6197344705690197e-10	3.055783569681261e-05	255-24-215-202	255-254-152-44
11260	6.178194174483366e-26	5.144407589669725e-22	255-222-62-8	255-122-4-2
11261	4.846096681597444e-15	3.752269953688762e-07	255-24-215-202	255-70-122-242
11262	9.432635835494216e-25	1.1837735856193648e-20	255-24-215-202	255-70-122-242
11263	1.4829262576272701e-18	3.0461150219628096e-10	255-222-62-8	255-122-4-2
11264	1.206606836106789e-13	0.0031468247889554	255-24-215-202	255-26-209-210
11265	7.266123185417306e-21	5.01245319057765e-18	255-70-122-242	255-122-4-2
11266	1.951742448270019e-12	1.3842331460916892e-06	255-24-215-202	255-122-4-2
11267	7.647149099709051e-25	2.9640067016859665e-22	255-24-215-202	255-212-231-53
11268	1.5356790009871406e-13	0.000468545102466	255-24-215-202	255-122-4-2
11269	2.432486621453615e-17	8.2907343523375e-05	255-24-215-202	255-122-4-2
11270	1.0265970927956196e-16	3.1965068912991224e-10	255-24-215-202	255-122-4-2
11271	8.980925262516747e-13	6.819290021053301e-06	255-24-215-202	255-26-209-210
11272	1.5451618776789834e-18	8.568115843561242e-10	255-24-215-202	255-122-4-2
11273	5.148357441679751e-10	0.0002782791457014	255-24-215-202	255-122-4-2
11274	1.5287252631107842e-12	4.871576313053866e-13	255-24-215-202	255-122-4-2
11275	1.323771269024428e-31	4.0986581313847816e-24	255-24-215-202	255-122-4-2
11276	6.415965145102661e-17	4.6358406575137685e-09	255-24-215-202	255-122-4-2
11277	7.75151801095957e-19	3.586984776410147e-17	255-24-215-202	255-212-231-53
11278	2.4014563362827106e-29	4.104795510914932e-26	255-70-122-242	255-70-122-242
11279	4.847842795338668e-09	1.822454840985709e-08	255-70-122-242	255-70-122-242
11280	4.589288518187233e-26	9.14139392679176e-24	255-70-122-242	255-212-231-53
11281	2.0344256130169862e-08	8.786113749273445e-07	255-24-215-202	255-26-209-210
11282	8.61852395375306e-18	6.037954457740526e-17	255-24-215-202	255-122-4-2
11283	6.284758106378361e-07	3.300927894823288e-07	255-24-215-202	255-122-4-2
11284	5.621380262194069e-22	5.399808195894905e-19	255-70-122-242	255-212-231-53
11285	3.536264118681164e-23	3.228834750451917e-15	255-180-27-1	255-122-4-2
11286	2.5635596657802943e-14	2.0842324564178933e-09	255-24-215-202	255-122-4-2
11287	3.3087142050939057e-15	4.214112337324141e-05	255-24-215-202	255-122-4-2
11288	1.8181360884700795e-08	7.305419216135937e-05	255-24-215-202	255-122-4-2
11289	1.991690385186497e-09	7.2045552290750045e-06	255-24-215-202	255-122-4-2
11290	2.8497008083408803e-09	0.0038833506585277	255-232-213-56	255-217-56-6
11291	3.249510904284941e-16	3.020986310231421e-10	255-24-215-202	255-212-231-53
11292	4.461217769913425e-16	1.5263483370956606e-07	255-70-122-242	255-70-122-242
11293	1.497834466189913e-13	1.744511334585208e-07	255-24-215-202	255-70-122-242
11294	8.167438431020299e-15	2.548015975776989e-09	255-24-215-202	255-212-231-53
11295	2.5531194272546733e-23	1.0510543206108807e-20	255-24-215-202	255-70-122-242
11296	2.3763585051785488e-28	3.0845542234853378e-25	255-70-122-242	255-70-122-242
11297	2.7919499182958513e-09	8.901440078418302e-10	255-24-215-202	255-122-4-2
11298	7.352242275485762e-14	2.2164742090078707e-09	255-24-215-202	255-122-4-2
11299	1.1471854349237514e-23	4.5958242620590835e-20	255-24-215-202	255-122-4-2
11300	1.5640044580217461e-13	2.626637912954802e-09	255-24-215-202	255-122-4-2
11301	5.982468458996999e-11	1.884475841017228e-06	255-24-215-202	255-212-231-53
11302	0.0170968672499768	0.0179477189023566	255-70-122-242	255-122-4-2
11303	1.3835645547012354e-07	1.9951160113633114e-06	255-70-122-242	255-212-231-53
11304	1.3780006633486323e-09	3.7196462310480447e-10	255-24-215-202	255-212-231-53
11305	5.928513679172086e-12	0.0009484204571472	255-24-215-202	255-122-4-2
11306	1.1925847969423312e-05	3.637820481016012e-07	255-24-215-202	255-122-4-2
11307	0.0002660402961625	0.0002052327369355	255-24-215-202	255-122-4-2
11308	0.9996011925099422	2.43870921440293e-06	255-24-215-202	255-101-252-104
11309	0.0001445827092043	0.0031904924680609	255-24-215-202	255-122-4-2
11310	4.698607903351496e-05	1.2041417400636566e-05	255-24-215-202	255-101-252-104
11311	0.1209910503038277	0.0009786079006466	255-247-113-27	255-212-231-53
11312	6.205114361353815e-06	3.4771495191709526e-05	255-247-113-27	255-70-122-242
11313	2.2262553016967847e-06	0.0161818412597652	255-24-215-202	255-217-56-6
11314	0.1757254089039667	0.0056566653923719	255-128-254-83	255-254-152-44
11315	4.350648115069299e-14	1.675628014543722e-06	255-70-122-242	255-217-56-6
11316	2.6615105906426344e-05	0.0004744076855995	255-70-122-242	255-70-122-242
11317	0.000115989016278	0.2967902000291912	255-247-113-27	255-122-4-2
11318	0.0008742548793944	0.0513698152638673	255-128-254-83	255-26-209-210
11319	2.5647617337466388e-06	0.6833608458791544	255-232-213-56	255-70-122-242
11320	2.334730781665633e-08	0.0079348767242284	255-24-215-202	255-26-209-210
11321	2.0171054261274057e-06	0.884496681554957	255-128-254-83	255-70-122-242
11322	5.497429188509428e-06	0.002622347461239	255-232-213-56	255-212-231-53
11323	3.020369359268162e-06	8.394239028545019e-06	255-128-254-83	255-70-122-242
11324	0.0007241825237089	0.4124021370270424	255-24-215-202	255-70-122-242
11325	0.0001140717942279	0.0409639350474786	255-53-243-148	255-122-4-2
11326	0.0002292932753846	8.591244909282495e-05	255-24-215-202	255-101-252-104
11327	0.1279855090714284	0.0011111412789759	255-128-254-83	255-254-152-44
11328	0.0095066075739666	0.0199657961446367	255-70-122-242	255-101-252-104
11329	0.0003067849379752	0.0698564111775251	255-128-254-83	255-122-4-2
11330	0.0116121838150039	0.0002697871015085	255-128-254-83	255-122-4-2
11331	1.360375818502455e-06	0.0001955911916145	255-247-113-27	255-122-4-2
11332	0.0002364719212219	0.0001785434363295	255-128-254-83	255-101-252-104
11333	0.0037092802064481	0.126776776055843	255-128-254-83	255-122-4-2
11334	0.0017905427713013	0.0018767498089818	255-24-215-202	255-122-4-2
11335	0.0017175917251972	0.053916860499592	255-128-254-83	255-70-122-242
11336	0.0072193534504024	0.0161856448915581	255-128-254-83	255-70-122-242
11337	0.1735622124076241	0.0020109913958012	255-128-254-83	255-101-252-104
11338	5.62518033404949e-05	0.8795171754997413	255-128-254-83	255-70-122-242
11339	0.0015772488706433	0.1300213581153387	255-128-254-83	255-70-122-242
11340	0.000137134337977	0.0585565711266129	255-232-213-56	255-70-122-242
11341	3.1563758897026605e-07	0.0818281773175461	255-70-122-242	255-70-122-242
11342	1.083998701480355e-07	1.972934992883988e-05	255-247-113-27	255-122-4-2
11343	1.2419014609563317e-06	0.0047098147105164	255-51-172-246	255-122-4-2
11344	7.699157703115899e-12	9.169286522930208e-05	255-232-213-56	255-254-152-44
11345	7.443670421198594e-20	6.550115352361109e-09	255-24-215-202	255-122-4-2
11346	6.411350436872679e-25	6.91403442625189e-17	255-70-122-242	255-122-4-2
11347	1.7928272026898457e-12	0.0002229554721848	255-222-62-8	255-212-231-53
11348	4.693114391660949e-16	3.360221358108162e-05	255-70-122-242	255-122-4-2
11349	2.948732243607404e-12	5.3482209650989264e-05	255-232-213-56	255-254-152-44
11350	5.261219618835822e-28	2.115211656807903e-21	255-222-62-8	255-212-231-53
11351	2.1886311895741693e-09	0.0007862760813247	255-232-213-56	255-122-4-2
11352	9.919065229790468e-26	1.1442470834888342e-20	255-222-62-8	255-122-4-2
11353	1.2787747297635872e-10	9.832349517438816e-05	255-222-62-8	255-122-4-2
11354	1.4725546918394894e-26	8.01802869477094e-22	255-222-62-8	255-122-4-2
11355	1.2420699422435325e-15	1.3450146705553558e-06	255-70-122-242	255-254-152-44
11356	9.21188043164418e-17	1.551911064094406e-07	255-180-27-1	255-212-231-53
11357	1.2636143227702589e-18	1.8406309062885333e-07	255-24-215-202	255-122-4-2
11358	4.7083809032673706e-14	7.193358358501751e-05	255-222-62-8	255-254-152-44
11359	8.346551382170046e-21	4.507182691124096e-16	255-24-215-202	255-122-4-2
11360	5.890144356076181e-12	2.154249816079848e-05	255-24-215-202	255-254-152-44
11361	5.128261233716618e-22	6.482858227626958e-17	255-24-215-202	255-122-4-2
11362	1.2487300143218491e-11	1.645035407722276e-06	255-24-215-202	255-122-4-2
11363	7.909404600212696e-11	8.15376765946631e-06	255-24-215-202	255-122-4-2
11364	4.488966665626573e-16	9.84470284291952e-07	255-24-215-202	255-254-152-44
11365	1.2142535633042264e-11	2.5290594111311502e-06	255-24-215-202	255-122-4-2
11366	5.470768507151577e-12	9.931098731325352e-07	255-24-215-202	255-254-152-44
11367	2.8437622762938523e-18	1.1313030913542786e-12	255-24-215-202	255-70-122-242
11368	1.3769847665088192e-17	5.416275827683222e-13	255-24-215-202	255-122-4-2
11369	1.8903722056153652e-19	9.426778016109632e-18	255-24-215-202	255-122-4-2
11370	6.039578186627279e-15	2.0848331733284996e-11	255-24-215-202	255-122-4-2
11371	7.996106297200147e-20	1.7598836814981808e-16	255-24-215-202	255-212-231-53
11372	4.125661925530847e-28	8.344110858967211e-26	255-70-122-242	255-70-122-242
11373	5.632920179570874e-21	9.407489356085985e-18	255-70-122-242	255-212-231-53
11374	1.4182402599845206e-14	9.62056060450964e-07	255-24-215-202	255-26-209-210
11376	9.01197227175744e-22	1.0130342567850797e-15	255-24-215-202	255-70-122-242
11377	2.2375258599226137e-13	2.17623178793201e-08	255-24-215-202	255-122-4-2
11378	3.555293705682396e-10	0.0021280961457224	255-24-215-202	255-217-56-6
11379	3.07501869530421e-12	0.0004879644136979	255-222-62-8	255-70-122-242
11380	4.778336888206893e-15	1.2763700110550126e-07	255-70-122-242	255-70-122-242
11381	1.6319813754487716e-15	1.2861067572242036e-11	255-222-62-8	255-70-122-242
11382	5.661632830542203e-22	2.993739249597436e-19	255-70-122-242	255-212-231-53
11383	8.944717672979606e-33	1.858566888681237e-27	255-222-62-8	255-122-4-2
11384	2.5360553937324862e-26	1.4384214507751343e-24	255-222-62-8	255-122-4-2
11385	3.9684219409182916e-16	3.30044886810911e-07	255-24-215-202	255-122-4-2
11386	4.092841867536645e-18	6.667460320810962e-17	255-53-243-148	255-122-4-2
11387	6.023179125759323e-22	3.559015630491101e-17	255-222-62-8	255-212-231-53
11388	1.3432661979551678e-29	1.592735711764212e-26	255-70-122-242	255-212-231-53
11389	1.230859624630303e-20	4.457341426670151e-15	255-24-215-202	255-212-231-53
11390	9.162152784909928e-14	8.638775205964086e-12	255-24-215-202	255-212-231-53
11391	7.942302143018125e-09	1.9424636017938347e-05	255-24-215-202	255-26-209-210
11392	2.0670130029389162e-13	0.0006034134296182	255-24-215-202	255-26-209-210
11393	2.948994420557143e-10	1.6904900733973613e-08	255-24-215-202	255-70-122-242
11394	6.085974081695042e-06	2.6621985467739975e-05	255-24-215-202	255-122-4-2
11395	0.0025227716737004	0.0002947362911844	255-24-215-202	255-101-252-104
11396	0.0246619482285875	0.6408195147407175	255-24-215-202	255-122-4-2
11397	4.981320599546051e-12	0.0004221648119714	255-24-215-202	255-70-122-242
11398	3.87941075554372e-11	0.000648745707244	255-24-215-202	255-217-56-6
11399	7.890548445017956e-06	0.008945815815395	255-232-213-56	255-254-152-44
11400	0.0002035576854888	0.5510934737696987	255-232-213-56	255-254-152-44
11401	5.616337391765609e-11	0.0827244346059706	255-247-113-27	255-217-56-6
11402	1.2360591124537981e-08	0.0001780139837833	255-24-215-202	255-122-4-2
11403	4.756861491574289e-08	3.839642732189239e-05	255-247-113-27	255-70-122-242
11404	9.074524227207219e-11	4.002384562348749e-07	255-232-213-56	255-70-122-242
11405	3.156058520989908e-08	3.3842092438551625e-07	255-24-215-202	255-70-122-242
11406	3.0220089172854155e-05	0.0035014845027694	255-232-213-56	255-70-122-242
11407	3.554486531608048e-16	8.367353178732824e-09	255-24-215-202	255-122-4-2
11408	3.448844509733585e-11	0.0016938679328264	255-222-62-8	255-122-4-2
11411	7.412405144829194e-13	0.5796689247259019	255-232-213-56	255-70-122-242
11412	2.4880040761300654e-13	0.0009440872955163	255-24-215-202	255-122-4-2
11413	8.335708633434619e-12	0.0001166300301377	255-24-215-202	255-212-231-53
11416	4.242942952556745e-16	4.871420044607167e-05	255-70-122-242	255-254-152-44
11420	4.995645617957071e-15	3.0490850646690997e-09	255-24-215-202	255-122-4-2
11421	1.1461776076741317e-12	8.89327358438033e-09	255-24-215-202	255-122-4-2
11422	5.253965443739171e-19	1.485972080596686e-08	255-180-27-1	255-122-4-2
11424	1.7842082523116104e-07	0.0011083043625578	255-24-215-202	255-122-4-2
11425	8.720934564494567e-25	2.899125179062904e-20	255-180-27-1	255-122-4-2
11426	9.386277893941595e-14	2.879204496085597e-10	255-24-215-202	255-122-4-2
11427	2.2886605661980023e-10	0.024777463189922	255-24-215-202	255-122-4-2
11429	5.253109194738114e-11	0.003978834453051	255-24-215-202	255-217-56-6
11430	8.214738825756561e-10	0.0008674226302699	255-232-213-56	255-70-122-242
11433	2.899718671984692e-22	5.595982778255759e-15	255-180-27-1	255-26-209-210
11434	3.178295273709528e-10	0.0001850679554622	255-222-62-8	255-212-231-53
11435	2.050881303076959e-25	6.02729132345453e-17	255-180-27-1	255-26-209-210
11437	1.0912913417989933e-10	0.0001539014491848	255-24-215-202	255-122-4-2
11439	2.064646936701128e-11	2.7952001955135296e-05	255-24-215-202	255-217-56-6
11441	5.5570262671117735e-08	0.0016104406645309	255-232-213-56	255-217-56-6
11442	8.734768414674661e-09	2.6627256731201085e-05	255-24-215-202	255-122-4-2
11443	5.827152930016466e-10	0.0003081745427759	255-232-213-56	255-217-56-6
11444	2.1684250876160227e-10	5.434705333839473e-05	255-247-113-27	255-217-56-6
11446	3.087112892439504e-10	0.10988311415989	255-24-215-202	255-70-122-242
11447	9.796910796181572e-12	0.186424679227339	255-24-215-202	255-70-122-242
11449	1.305465878957136e-12	6.237145006420527e-07	255-24-215-202	255-70-122-242
11451	2.5033418102002683e-08	0.0049390706908826	255-24-215-202	255-122-4-2
11452	8.961230513630821e-13	0.3433649515195697	255-70-122-242	255-26-209-210
11453	1.2980574913714058e-17	8.503253047689955e-07	255-222-62-8	255-70-122-242
11454	7.377351023460338e-13	0.0086083568782263	255-222-62-8	255-70-122-242
11455	1.698937625794047e-12	0.0008972197877107	255-180-27-1	255-70-122-242
11456	1.0458285155953185e-13	3.468278280258293e-07	255-24-215-202	255-254-152-44
11457	8.997065204146881e-10	5.294778353763673e-05	255-24-215-202	255-122-4-2
11458	7.575959286481837e-09	5.097384783761083e-05	255-24-215-202	255-254-152-44
11459	1.3849641306127328e-11	0.4287331350445456	255-232-213-56	255-70-122-242
11460	2.1542400098860221e-19	8.407879800748644e-10	255-247-113-27	255-212-231-53
11462	7.361734221108117e-16	8.318605277160318e-14	255-70-122-242	255-212-231-53
11463	2.0746506806724835e-29	1.4747596624268273e-23	255-70-122-242	255-212-231-53
11464	1.688711713490339e-25	5.108190557269886e-21	255-70-122-242	255-26-209-210
11465	8.39284548460004e-30	1.634173639260959e-27	255-24-215-202	255-212-231-53
11467	9.087587910904668e-30	2.947114239542945e-21	255-24-215-202	255-212-231-53
11468	3.251052767840108e-23	6.943857465271889e-19	255-24-215-202	255-212-231-53
11470	1.1741838230015392e-14	2.314961403349794e-12	255-24-215-202	255-212-231-53
11471	1.0589352855163252e-30	1.0935814469348684e-24	255-24-215-202	255-212-231-53
11486	1.732675158244691e-19	8.38614685762578e-13	255-24-215-202	255-212-231-53
