label_id	colour
1	255-254-152-44
2	255-254-152-44
3	255-254-152-44
4	255-254-152-44
5	255-70-122-242
6	255-212-231-53
7	255-212-231-53
8	255-122-4-2
9	255-122-4-2
10	255-26-209-210
11	255-26-209-210
12	255-70-122-242
13	255-254-152-44
14	255-101-252-104
15	255-26-209-210
16	255-70-122-242
17	255-254-152-44
18	255-70-122-242
19	255-26-209-210
20	255-26-209-210
21	255-26-209-210
22	255-122-4-2
23	255-26-209-210
24	255-122-4-2
25	255-101-252-104
26	255-70-122-242
27	255-122-4-2
28	255-70-122-242
29	255-101-252-104
30	255-70-122-242
31	255-101-252-104
32	255-122-4-2
33	255-70-122-242
34	255-122-4-2
35	255-122-4-2
36	255-254-152-44
37	255-122-4-2
38	255-122-4-2
39	255-122-4-2
41	255-122-4-2
42	255-122-4-2
43	255-122-4-2
44	255-122-4-2
45	255-122-4-2
46	255-70-122-242
47	255-70-122-242
48	255-101-252-104
49	255-101-252-104
50	255-26-209-210
51	255-122-4-2
52	255-26-209-210
53	255-122-4-2
54	255-122-4-2
55	255-70-122-242
56	255-122-4-2
57	255-254-152-44
58	255-101-252-104
59	255-101-252-104
60	255-212-231-53
61	255-122-4-2
62	255-101-252-104
68	255-122-4-2
69	255-212-231-53
70	255-212-231-53
71	255-70-122-242
72	255-70-122-242
73	255-122-4-2
74	255-70-122-242
75	255-70-122-242
77	255-26-209-210
78	255-101-252-104
79	255-212-231-53
80	255-122-4-2
81	255-70-122-242
82	255-26-209-210
83	255-101-252-104
84	255-101-252-104
85	255-101-252-104
86	255-101-252-104
87	255-26-209-210
88	255-254-152-44
89	255-212-231-53
90	255-212-231-53
91	255-70-122-242
92	255-70-122-242
93	255-101-252-104
94	255-70-122-242
95	255-122-4-2
96	255-212-231-53
97	255-70-122-242
98	255-70-122-242
99	255-70-122-242
100	255-26-209-210
101	255-122-4-2
102	255-101-252-104
103	255-70-122-242
104	255-26-209-210
105	255-101-252-104
106	255-70-122-242
107	255-70-122-242
109	255-101-252-104
110	255-212-231-53
111	255-70-122-242
112	255-26-209-210
113	255-70-122-242
115	255-212-231-53
116	255-70-122-242
117	255-212-231-53
118	255-70-122-242
119	255-70-122-242
120	255-212-231-53
121	255-70-122-242
122	255-122-4-2
123	255-122-4-2
124	255-70-122-242
125	255-70-122-242
127	255-101-252-104
128	255-101-252-104
129	255-26-209-210
130	255-26-209-210
131	255-26-209-210
132	255-212-231-53
133	255-70-122-242
134	255-122-4-2
135	255-122-4-2
136	255-122-4-2
137	255-70-122-242
138	255-70-122-242
139	255-26-209-210
140	255-26-209-210
141	255-70-122-242
142	255-70-122-242
143	255-26-209-210
144	255-70-122-242
145	255-122-4-2
146	255-70-122-242
147	255-70-122-242
148	255-122-4-2
149	255-212-231-53
150	255-70-122-242
151	255-101-252-104
152	255-26-209-210
153	255-101-252-104
154	255-26-209-210
155	255-212-231-53
156	255-70-122-242
157	255-122-4-2
158	255-70-122-242
159	255-70-122-242
160	255-212-231-53
161	255-101-252-104
162	255-70-122-242
163	255-70-122-242
164	255-70-122-242
165	255-70-122-242
166	255-212-231-53
167	255-70-122-242
168	255-101-252-104
169	255-254-152-44
170	255-70-122-242
171	255-212-231-53
172	255-101-252-104
173	255-70-122-242
174	255-26-209-210
175	255-101-252-104
176	255-70-122-242
177	255-26-209-210
178	255-122-4-2
179	255-101-252-104
180	255-101-252-104
181	255-70-122-242
182	255-122-4-2
183	255-70-122-242
184	255-101-252-104
185	255-122-4-2
186	255-101-252-104
187	255-122-4-2
188	255-217-56-6
189	255-122-4-2
190	255-26-209-210
191	255-70-122-242
192	255-70-122-242
193	255-212-231-53
194	255-101-252-104
195	255-26-209-210
197	255-101-252-104
198	255-254-152-44
199	255-217-56-6
200	255-217-56-6
201	255-26-209-210
202	255-26-209-210
203	255-122-4-2
204	255-212-231-53
205	255-70-122-242
206	255-70-122-242
207	255-101-252-104
208	255-122-4-2
209	255-70-122-242
210	255-101-252-104
211	255-122-4-2
212	255-70-122-242
213	255-254-152-44
214	255-254-152-44
215	255-217-56-6
216	255-101-252-104
217	255-26-209-210
218	255-101-252-104
219	255-122-4-2
220	255-70-122-242
221	255-70-122-242
222	255-122-4-2
223	255-101-252-104
224	255-217-56-6
225	255-70-122-242
226	255-212-231-53
227	255-70-122-242
228	255-70-122-242
229	255-101-252-104
230	255-70-122-242
231	255-254-152-44
232	255-122-4-2
233	255-101-252-104
235	255-70-122-242
236	255-70-122-242
237	255-26-209-210
238	255-70-122-242
239	255-70-122-242
240	255-212-231-53
241	255-122-4-2
242	255-122-4-2
243	255-212-231-53
244	255-70-122-242
245	255-122-4-2
246	255-122-4-2
247	255-101-252-104
248	255-101-252-104
249	255-122-4-2
250	255-70-122-242
251	255-70-122-242
252	255-70-122-242
253	255-122-4-2
254	255-122-4-2
255	255-122-4-2
256	255-122-4-2
257	255-122-4-2
258	255-101-252-104
259	255-101-252-104
260	255-101-252-104
261	255-70-122-242
262	255-70-122-242
263	255-70-122-242
264	255-70-122-242
265	255-122-4-2
266	255-70-122-242
267	255-122-4-2
268	255-122-4-2
269	255-70-122-242
270	255-101-252-104
271	255-26-209-210
272	255-122-4-2
273	255-70-122-242
274	255-101-252-104
275	255-70-122-242
276	255-122-4-2
277	255-101-252-104
278	255-122-4-2
279	255-70-122-242
280	255-101-252-104
281	255-217-56-6
282	255-70-122-242
283	255-122-4-2
284	255-212-231-53
285	255-122-4-2
286	255-70-122-242
287	255-70-122-242
288	255-212-231-53
289	255-122-4-2
290	255-101-252-104
291	255-101-252-104
292	255-122-4-2
294	255-70-122-242
296	255-70-122-242
297	255-122-4-2
298	255-70-122-242
299	255-212-231-53
300	255-70-122-242
301	255-101-252-104
302	255-101-252-104
303	255-70-122-242
304	255-70-122-242
305	255-122-4-2
307	255-26-209-210
308	255-101-252-104
309	255-101-252-104
310	255-212-231-53
312	255-101-252-104
313	255-217-56-6
314	255-101-252-104
315	255-101-252-104
317	255-70-122-242
318	255-26-209-210
319	255-212-231-53
320	255-101-252-104
321	255-122-4-2
322	255-70-122-242
323	255-101-252-104
324	255-70-122-242
325	255-122-4-2
326	255-122-4-2
327	255-70-122-242
328	255-122-4-2
329	255-101-252-104
330	255-101-252-104
331	255-122-4-2
332	255-26-209-210
333	255-101-252-104
334	255-254-152-44
335	255-70-122-242
336	255-122-4-2
337	255-101-252-104
338	255-70-122-242
339	255-26-209-210
340	255-70-122-242
342	255-26-209-210
343	255-70-122-242
344	255-122-4-2
345	255-122-4-2
346	255-122-4-2
347	255-101-252-104
348	255-212-231-53
349	255-70-122-242
350	255-122-4-2
351	255-122-4-2
352	255-101-252-104
353	255-26-209-210
354	255-122-4-2
355	255-101-252-104
356	255-70-122-242
357	255-70-122-242
358	255-122-4-2
359	255-101-252-104
360	255-101-252-104
361	255-70-122-242
362	255-122-4-2
364	255-70-122-242
365	255-70-122-242
366	255-122-4-2
367	255-122-4-2
368	255-101-252-104
369	255-101-252-104
370	255-101-252-104
371	255-70-122-242
372	255-212-231-53
373	255-70-122-242
374	255-254-152-44
375	255-70-122-242
376	255-101-252-104
378	255-101-252-104
379	255-101-252-104
380	255-101-252-104
381	255-70-122-242
382	255-70-122-242
383	255-254-152-44
384	255-70-122-242
385	255-101-252-104
386	255-70-122-242
387	255-122-4-2
388	255-70-122-242
389	255-70-122-242
390	255-122-4-2
391	255-101-252-104
392	255-212-231-53
393	255-122-4-2
395	255-122-4-2
396	255-122-4-2
397	255-254-152-44
398	255-122-4-2
399	255-70-122-242
400	255-122-4-2
401	255-122-4-2
402	255-122-4-2
403	255-122-4-2
404	255-212-231-53
405	255-70-122-242
406	255-217-56-6
408	255-122-4-2
409	255-122-4-2
410	255-122-4-2
411	255-122-4-2
412	255-122-4-2
413	255-254-152-44
414	255-122-4-2
415	255-70-122-242
416	255-122-4-2
417	255-101-252-104
418	255-101-252-104
419	255-70-122-242
420	255-101-252-104
421	255-254-152-44
422	255-70-122-242
423	255-122-4-2
424	255-212-231-53
425	255-70-122-242
426	255-217-56-6
427	255-70-122-242
428	255-122-4-2
429	255-122-4-2
430	255-122-4-2
431	255-122-4-2
432	255-254-152-44
433	255-70-122-242
434	255-254-152-44
435	255-212-231-53
436	255-70-122-242
437	255-254-152-44
438	255-254-152-44
439	255-254-152-44
440	255-254-152-44
441	255-212-231-53
442	255-254-152-44
443	255-254-152-44
444	255-254-152-44
445	255-254-152-44
446	255-122-4-2
447	255-254-152-44
448	255-70-122-242
449	255-70-122-242
450	255-254-152-44
451	255-254-152-44
452	255-254-152-44
453	255-212-231-53
454	255-212-231-53
455	255-254-152-44
456	255-254-152-44
457	255-212-231-53
458	255-122-4-2
459	255-254-152-44
460	255-122-4-2
461	255-254-152-44
462	255-122-4-2
463	255-122-4-2
464	255-254-152-44
465	255-254-152-44
466	255-254-152-44
467	255-212-231-53
468	255-212-231-53
469	255-254-152-44
470	255-70-122-242
471	255-212-231-53
472	255-70-122-242
473	255-70-122-242
474	255-254-152-44
475	255-122-4-2
476	255-212-231-53
477	255-70-122-242
478	255-70-122-242
479	255-70-122-242
480	255-70-122-242
481	255-254-152-44
482	255-212-231-53
483	255-212-231-53
484	255-254-152-44
485	255-254-152-44
486	255-254-152-44
487	255-254-152-44
488	255-212-231-53
489	255-254-152-44
490	255-254-152-44
491	255-254-152-44
492	255-254-152-44
493	255-212-231-53
494	255-70-122-242
495	255-254-152-44
496	255-70-122-242
497	255-70-122-242
498	255-254-152-44
499	255-212-231-53
500	255-217-56-6
501	255-212-231-53
502	255-254-152-44
504	255-70-122-242
505	255-212-231-53
507	255-212-231-53
508	255-26-209-210
509	255-212-231-53
510	255-212-231-53
511	255-212-231-53
512	255-212-231-53
513	255-70-122-242
514	255-212-231-53
515	255-70-122-242
516	255-254-152-44
517	255-254-152-44
518	255-70-122-242
519	255-70-122-242
520	255-254-152-44
521	255-254-152-44
522	255-254-152-44
523	255-254-152-44
524	255-212-231-53
525	255-217-56-6
526	255-254-152-44
527	255-254-152-44
529	255-122-4-2
530	255-254-152-44
531	255-254-152-44
532	255-254-152-44
533	255-122-4-2
534	255-254-152-44
535	255-122-4-2
536	255-212-231-53
537	255-254-152-44
538	255-26-209-210
539	255-254-152-44
540	255-212-231-53
541	255-101-252-104
542	255-212-231-53
543	255-212-231-53
544	255-212-231-53
545	255-70-122-242
546	255-70-122-242
547	255-70-122-242
548	255-70-122-242
549	255-212-231-53
550	255-122-4-2
551	255-70-122-242
552	255-70-122-242
553	255-212-231-53
554	255-212-231-53
555	255-70-122-242
556	255-26-209-210
557	255-212-231-53
558	255-122-4-2
559	255-122-4-2
560	255-212-231-53
561	255-212-231-53
562	255-212-231-53
563	255-212-231-53
564	255-254-152-44
565	255-70-122-242
566	255-212-231-53
567	255-212-231-53
568	255-122-4-2
569	255-122-4-2
570	255-254-152-44
571	255-254-152-44
572	255-254-152-44
573	255-122-4-2
574	255-254-152-44
575	255-254-152-44
576	255-212-231-53
577	255-122-4-2
578	255-26-209-210
579	255-70-122-242
580	255-212-231-53
581	255-212-231-53
582	255-70-122-242
583	255-122-4-2
584	255-122-4-2
585	255-122-4-2
586	255-122-4-2
587	255-254-152-44
588	255-70-122-242
589	255-254-152-44
590	255-254-152-44
591	255-70-122-242
592	255-212-231-53
593	255-70-122-242
594	255-254-152-44
595	255-122-4-2
596	255-70-122-242
597	255-212-231-53
598	255-122-4-2
599	255-212-231-53
600	255-122-4-2
601	255-254-152-44
602	255-212-231-53
603	255-122-4-2
604	255-122-4-2
605	255-26-209-210
606	255-122-4-2
607	255-70-122-242
608	255-254-152-44
609	255-122-4-2
610	255-254-152-44
611	255-212-231-53
612	255-254-152-44
613	255-254-152-44
614	255-254-152-44
615	255-254-152-44
616	255-254-152-44
617	255-122-4-2
618	255-254-152-44
619	255-212-231-53
620	255-254-152-44
621	255-212-231-53
622	255-70-122-242
623	255-212-231-53
624	255-254-152-44
625	255-254-152-44
626	255-212-231-53
627	255-254-152-44
628	255-254-152-44
629	255-70-122-242
630	255-254-152-44
631	255-212-231-53
632	255-212-231-53
633	255-254-152-44
634	255-254-152-44
635	255-212-231-53
636	255-254-152-44
637	255-212-231-53
638	255-212-231-53
639	255-122-4-2
640	255-26-209-210
641	255-254-152-44
642	255-212-231-53
643	255-212-231-53
644	255-212-231-53
645	255-212-231-53
646	255-26-209-210
647	255-122-4-2
648	255-212-231-53
649	255-212-231-53
650	255-212-231-53
651	255-212-231-53
652	255-212-231-53
653	255-212-231-53
654	255-70-122-242
655	255-70-122-242
656	255-212-231-53
657	255-122-4-2
658	255-122-4-2
659	255-70-122-242
660	255-122-4-2
661	255-254-152-44
662	255-122-4-2
663	255-122-4-2
664	255-70-122-242
665	255-212-231-53
666	255-212-231-53
667	255-254-152-44
668	255-122-4-2
669	255-212-231-53
670	255-70-122-242
671	255-254-152-44
672	255-70-122-242
673	255-254-152-44
674	255-70-122-242
675	255-122-4-2
676	255-254-152-44
677	255-70-122-242
678	255-122-4-2
679	255-212-231-53
680	255-212-231-53
681	255-212-231-53
682	255-212-231-53
683	255-212-231-53
684	255-212-231-53
685	255-70-122-242
686	255-101-252-104
687	255-212-231-53
688	255-212-231-53
689	255-26-209-210
690	255-26-209-210
691	255-26-209-210
692	255-212-231-53
693	255-212-231-53
694	255-212-231-53
695	255-212-231-53
696	255-212-231-53
697	255-122-4-2
698	255-26-209-210
699	255-26-209-210
700	255-212-231-53
701	255-26-209-210
702	255-26-209-210
703	255-212-231-53
704	255-101-252-104
705	255-212-231-53
706	255-26-209-210
707	255-70-122-242
708	255-212-231-53
709	255-212-231-53
710	255-70-122-242
711	255-122-4-2
712	255-254-152-44
713	255-122-4-2
714	255-122-4-2
715	255-122-4-2
716	255-122-4-2
717	255-26-209-210
718	255-254-152-44
719	255-122-4-2
720	255-254-152-44
721	255-122-4-2
722	255-122-4-2
723	255-122-4-2
724	255-122-4-2
725	255-254-152-44
726	255-254-152-44
727	255-122-4-2
728	255-254-152-44
729	255-254-152-44
730	255-122-4-2
731	255-254-152-44
732	255-212-231-53
733	255-254-152-44
734	255-212-231-53
735	255-70-122-242
736	255-70-122-242
737	255-212-231-53
738	255-212-231-53
739	255-70-122-242
740	255-212-231-53
741	255-70-122-242
742	255-70-122-242
743	255-70-122-242
744	255-122-4-2
745	255-122-4-2
746	255-122-4-2
747	255-254-152-44
748	255-70-122-242
749	255-70-122-242
750	255-122-4-2
751	255-70-122-242
752	255-212-231-53
753	255-254-152-44
754	255-122-4-2
755	255-254-152-44
756	255-254-152-44
757	255-254-152-44
758	255-254-152-44
759	255-254-152-44
760	255-70-122-242
761	255-122-4-2
762	255-122-4-2
763	255-254-152-44
764	255-254-152-44
765	255-212-231-53
766	255-70-122-242
767	255-70-122-242
768	255-70-122-242
769	255-70-122-242
770	255-212-231-53
771	255-122-4-2
773	255-212-231-53
774	255-122-4-2
775	255-212-231-53
776	255-212-231-53
777	255-212-231-53
778	255-70-122-242
779	255-70-122-242
780	255-122-4-2
781	255-122-4-2
782	255-70-122-242
783	255-254-152-44
784	255-122-4-2
785	255-122-4-2
786	255-26-209-210
787	255-122-4-2
788	255-70-122-242
789	255-122-4-2
790	255-122-4-2
791	255-254-152-44
792	255-122-4-2
793	255-122-4-2
794	255-122-4-2
795	255-122-4-2
796	255-254-152-44
797	255-254-152-44
798	255-254-152-44
799	255-212-231-53
800	255-212-231-53
801	255-212-231-53
802	255-212-231-53
803	255-254-152-44
804	255-254-152-44
805	255-212-231-53
806	255-212-231-53
807	255-254-152-44
808	255-212-231-53
809	255-254-152-44
810	255-122-4-2
811	255-212-231-53
812	255-26-209-210
813	255-212-231-53
814	255-122-4-2
815	255-26-209-210
816	255-122-4-2
817	255-212-231-53
818	255-26-209-210
819	255-122-4-2
820	255-122-4-2
821	255-122-4-2
822	255-212-231-53
823	255-26-209-210
824	255-26-209-210
825	255-26-209-210
826	255-212-231-53
827	255-122-4-2
828	255-26-209-210
829	255-122-4-2
830	255-212-231-53
831	255-212-231-53
832	255-70-122-242
833	255-122-4-2
834	255-212-231-53
835	255-212-231-53
836	255-70-122-242
837	255-70-122-242
838	255-212-231-53
839	255-122-4-2
840	255-122-4-2
841	255-122-4-2
842	255-254-152-44
843	255-122-4-2
844	255-122-4-2
845	255-70-122-242
846	255-122-4-2
847	255-70-122-242
848	255-254-152-44
849	255-70-122-242
850	255-254-152-44
851	255-254-152-44
852	255-122-4-2
853	255-254-152-44
854	255-254-152-44
855	255-122-4-2
856	255-70-122-242
857	255-70-122-242
858	255-122-4-2
859	255-70-122-242
860	255-70-122-242
861	255-70-122-242
862	255-26-209-210
863	255-26-209-210
864	255-254-152-44
865	255-26-209-210
866	255-26-209-210
867	255-122-4-2
868	255-217-56-6
869	255-217-56-6
870	255-217-56-6
871	255-212-231-53
872	255-217-56-6
873	255-212-231-53
874	255-212-231-53
875	255-26-209-210
876	255-26-209-210
877	255-122-4-2
878	255-26-209-210
879	255-101-252-104
880	255-212-231-53
881	255-212-231-53
882	255-26-209-210
883	255-26-209-210
884	255-26-209-210
885	255-26-209-210
886	255-212-231-53
887	255-26-209-210
888	255-26-209-210
889	255-212-231-53
890	255-26-209-210
891	255-26-209-210
892	255-212-231-53
893	255-26-209-210
894	255-26-209-210
895	255-26-209-210
896	255-26-209-210
897	255-26-209-210
898	255-26-209-210
899	255-212-231-53
900	255-26-209-210
901	255-212-231-53
902	255-212-231-53
903	255-26-209-210
904	255-212-231-53
905	255-26-209-210
906	255-212-231-53
907	255-122-4-2
908	255-212-231-53
909	255-212-231-53
910	255-212-231-53
911	255-212-231-53
912	255-212-231-53
913	255-70-122-242
914	255-70-122-242
915	255-254-152-44
916	255-212-231-53
917	255-212-231-53
918	255-122-4-2
919	255-70-122-242
920	255-122-4-2
921	255-26-209-210
922	255-122-4-2
923	255-122-4-2
924	255-70-122-242
925	255-122-4-2
926	255-70-122-242
927	255-122-4-2
928	255-70-122-242
929	255-212-231-53
930	255-70-122-242
931	255-122-4-2
932	255-122-4-2
933	255-70-122-242
934	255-26-209-210
935	255-122-4-2
936	255-122-4-2
937	255-122-4-2
938	255-70-122-242
939	255-212-231-53
940	255-212-231-53
941	255-122-4-2
942	255-212-231-53
943	255-70-122-242
944	255-212-231-53
945	255-122-4-2
946	255-26-209-210
947	255-70-122-242
948	255-122-4-2
949	255-122-4-2
950	255-70-122-242
951	255-122-4-2
952	255-70-122-242
953	255-70-122-242
954	255-70-122-242
955	255-26-209-210
956	255-122-4-2
957	255-70-122-242
958	255-70-122-242
959	255-26-209-210
960	255-122-4-2
961	255-26-209-210
962	255-212-231-53
963	255-212-231-53
964	255-122-4-2
965	255-122-4-2
966	255-122-4-2
967	255-122-4-2
968	255-122-4-2
969	255-212-231-53
970	255-26-209-210
971	255-26-209-210
972	255-101-252-104
973	255-212-231-53
974	255-122-4-2
975	255-212-231-53
976	255-212-231-53
977	255-212-231-53
978	255-122-4-2
979	255-212-231-53
980	255-254-152-44
981	255-70-122-242
982	255-70-122-242
983	255-26-209-210
984	255-254-152-44
985	255-70-122-242
986	255-26-209-210
987	255-26-209-210
988	255-254-152-44
989	255-254-152-44
990	255-217-56-6
991	255-70-122-242
992	255-122-4-2
993	255-122-4-2
994	255-122-4-2
995	255-122-4-2
996	255-122-4-2
997	255-217-56-6
998	255-217-56-6
999	255-254-152-44
1000	255-122-4-2
1001	255-122-4-2
1002	255-70-122-242
1003	255-70-122-242
1004	255-122-4-2
1005	255-70-122-242
1006	255-26-209-210
1007	255-70-122-242
1008	255-70-122-242
1009	255-212-231-53
1010	255-122-4-2
1011	255-70-122-242
1012	255-70-122-242
1013	255-122-4-2
1014	255-70-122-242
1015	255-122-4-2
1016	255-26-209-210
1017	255-70-122-242
1018	255-26-209-210
1019	255-122-4-2
1020	255-70-122-242
1021	255-26-209-210
1022	255-122-4-2
1023	255-122-4-2
1024	255-70-122-242
1025	255-122-4-2
1026	255-122-4-2
1027	255-122-4-2
1028	255-122-4-2
1029	255-122-4-2
1030	255-122-4-2
1031	255-122-4-2
1032	255-70-122-242
1033	255-122-4-2
1034	255-254-152-44
1035	255-254-152-44
1036	255-254-152-44
1037	255-212-231-53
1038	255-254-152-44
1039	255-212-231-53
1040	255-212-231-53
1041	255-212-231-53
1042	255-212-231-53
1043	255-212-231-53
1044	255-254-152-44
1045	255-212-231-53
1046	255-26-209-210
1047	255-26-209-210
1048	255-122-4-2
1049	255-122-4-2
1050	255-26-209-210
1051	255-212-231-53
1052	255-122-4-2
1053	255-122-4-2
1054	255-26-209-210
1055	255-26-209-210
1056	255-26-209-210
1057	255-122-4-2
1058	255-122-4-2
1059	255-254-152-44
1060	255-122-4-2
1061	255-254-152-44
1062	255-122-4-2
1063	255-122-4-2
1064	255-122-4-2
1065	255-70-122-242
1066	255-26-209-210
1067	255-122-4-2
1068	255-70-122-242
1069	255-212-231-53
1070	255-122-4-2
1071	255-70-122-242
1072	255-122-4-2
1073	255-122-4-2
1074	255-122-4-2
1075	255-122-4-2
1076	255-26-209-210
1077	255-122-4-2
1078	255-122-4-2
1079	255-122-4-2
1080	255-122-4-2
1081	255-26-209-210
1082	255-122-4-2
1083	255-26-209-210
1084	255-122-4-2
1085	255-122-4-2
1086	255-254-152-44
1087	255-26-209-210
1088	255-70-122-242
1089	255-70-122-242
1090	255-26-209-210
1091	255-254-152-44
1092	255-254-152-44
1093	255-26-209-210
1094	255-70-122-242
1095	255-217-56-6
1096	255-122-4-2
1097	255-26-209-210
1098	255-70-122-242
1099	255-70-122-242
1100	255-70-122-242
1101	255-26-209-210
1102	255-122-4-2
1103	255-122-4-2
1104	255-26-209-210
1105	255-70-122-242
1106	255-70-122-242
1107	255-254-152-44
1108	255-122-4-2
1109	255-122-4-2
1110	255-26-209-210
1111	255-122-4-2
1112	255-122-4-2
1113	255-122-4-2
1114	255-101-252-104
1115	255-122-4-2
1116	255-122-4-2
1117	255-212-231-53
1118	255-212-231-53
1119	255-101-252-104
1120	255-101-252-104
1121	255-26-209-210
1122	255-26-209-210
1123	255-101-252-104
1124	255-101-252-104
1125	255-26-209-210
1126	255-122-4-2
1127	255-26-209-210
1128	255-101-252-104
1129	255-26-209-210
1130	255-254-152-44
1131	255-254-152-44
1132	255-101-252-104
1133	255-212-231-53
1134	255-26-209-210
1135	255-26-209-210
1136	255-26-209-210
1137	255-26-209-210
1138	255-212-231-53
1139	255-26-209-210
1140	255-26-209-210
1141	255-26-209-210
1142	255-26-209-210
1143	255-101-252-104
1144	255-26-209-210
1145	255-101-252-104
1146	255-26-209-210
1147	255-26-209-210
1148	255-26-209-210
1149	255-254-152-44
1150	255-101-252-104
1151	255-254-152-44
1152	255-101-252-104
1153	255-254-152-44
1154	255-26-209-210
1155	255-122-4-2
1156	255-26-209-210
1157	255-212-231-53
1158	255-212-231-53
1159	255-26-209-210
1160	255-122-4-2
1161	255-26-209-210
1162	255-26-209-210
1163	255-212-231-53
1164	255-122-4-2
1165	255-122-4-2
1166	255-122-4-2
1167	255-122-4-2
1168	255-122-4-2
1169	255-254-152-44
1170	255-122-4-2
1171	255-212-231-53
1172	255-122-4-2
1173	255-254-152-44
1174	255-254-152-44
1175	255-70-122-242
1176	255-254-152-44
1177	255-70-122-242
1178	255-101-252-104
1179	255-122-4-2
1180	255-70-122-242
1181	255-70-122-242
1182	255-122-4-2
1183	255-70-122-242
1184	255-70-122-242
1185	255-26-209-210
1186	255-122-4-2
1187	255-26-209-210
1188	255-26-209-210
1189	255-122-4-2
1190	255-70-122-242
1191	255-122-4-2
1192	255-122-4-2
1193	255-122-4-2
1194	255-122-4-2
1195	255-26-209-210
1196	255-122-4-2
1197	255-122-4-2
1198	255-122-4-2
1199	255-122-4-2
1200	255-122-4-2
1201	255-122-4-2
1202	255-122-4-2
1203	255-122-4-2
1204	255-26-209-210
1205	255-26-209-210
1206	255-26-209-210
1207	255-122-4-2
1208	255-26-209-210
1209	255-212-231-53
1210	255-122-4-2
1211	255-122-4-2
1212	255-26-209-210
1213	255-122-4-2
1214	255-26-209-210
1215	255-26-209-210
1216	255-122-4-2
1217	255-122-4-2
1218	255-122-4-2
1219	255-254-152-44
1220	255-122-4-2
1221	255-122-4-2
1222	255-254-152-44
1223	255-122-4-2
1224	255-122-4-2
1225	255-122-4-2
1226	255-26-209-210
1227	255-212-231-53
1228	255-122-4-2
1229	255-212-231-53
1230	255-26-209-210
1231	255-122-4-2
1232	255-26-209-210
1233	255-212-231-53
1234	255-212-231-53
1235	255-26-209-210
1236	255-26-209-210
1237	255-122-4-2
1238	255-26-209-210
1239	255-26-209-210
1240	255-212-231-53
1241	255-122-4-2
1242	255-254-152-44
1243	255-70-122-242
1244	255-122-4-2
1245	255-122-4-2
1246	255-122-4-2
1247	255-70-122-242
1248	255-122-4-2
1249	255-70-122-242
1250	255-70-122-242
1251	255-70-122-242
1252	255-70-122-242
1253	255-254-152-44
1254	255-254-152-44
1255	255-254-152-44
1256	255-217-56-6
1257	255-70-122-242
1258	255-212-231-53
1259	255-70-122-242
1260	255-101-252-104
1261	255-122-4-2
1262	255-70-122-242
1263	255-254-152-44
1264	255-122-4-2
1265	255-122-4-2
1266	255-254-152-44
1267	255-212-231-53
1268	255-212-231-53
1269	255-254-152-44
1270	255-122-4-2
1271	255-122-4-2
1272	255-26-209-210
1273	255-122-4-2
1274	255-122-4-2
1275	255-122-4-2
1276	255-122-4-2
1277	255-26-209-210
1278	255-122-4-2
1279	255-122-4-2
1280	255-122-4-2
1281	255-26-209-210
1282	255-122-4-2
1283	255-26-209-210
1284	255-70-122-242
1285	255-70-122-242
1286	255-26-209-210
1287	255-70-122-242
1288	255-26-209-210
1289	255-122-4-2
1290	255-122-4-2
1291	255-70-122-242
1292	255-122-4-2
1293	255-70-122-242
1294	255-26-209-210
1295	255-26-209-210
1296	255-26-209-210
1297	255-70-122-242
1298	255-26-209-210
1299	255-122-4-2
1300	255-122-4-2
1301	255-26-209-210
1302	255-26-209-210
1303	255-122-4-2
1304	255-122-4-2
1305	255-122-4-2
1306	255-26-209-210
1307	255-122-4-2
1308	255-122-4-2
1309	255-122-4-2
1310	255-122-4-2
1311	255-122-4-2
1312	255-122-4-2
1313	255-70-122-242
1314	255-122-4-2
1315	255-122-4-2
1316	255-122-4-2
1317	255-122-4-2
1318	255-122-4-2
1319	255-26-209-210
1320	255-254-152-44
1321	255-212-231-53
1322	255-212-231-53
1323	255-212-231-53
1324	255-254-152-44
1325	255-212-231-53
1326	255-212-231-53
1327	255-212-231-53
1328	255-212-231-53
1329	255-212-231-53
1330	255-212-231-53
1331	255-26-209-210
1332	255-26-209-210
1333	255-26-209-210
1334	255-101-252-104
1335	255-26-209-210
1336	255-101-252-104
1337	255-26-209-210
1338	255-101-252-104
1339	255-70-122-242
1340	255-122-4-2
1341	255-26-209-210
1342	255-26-209-210
1343	255-26-209-210
1344	255-101-252-104
1345	255-122-4-2
1346	255-122-4-2
1347	255-101-252-104
1348	255-26-209-210
1349	255-26-209-210
1350	255-254-152-44
1351	255-101-252-104
1352	255-122-4-2
1353	255-122-4-2
1354	255-212-231-53
1355	255-122-4-2
1356	255-122-4-2
1357	255-122-4-2
1358	255-122-4-2
1359	255-26-209-210
1360	255-122-4-2
1361	255-122-4-2
1362	255-122-4-2
1363	255-122-4-2
1364	255-122-4-2
1365	255-122-4-2
1366	255-122-4-2
1367	255-122-4-2
1368	255-122-4-2
1369	255-122-4-2
1370	255-122-4-2
1371	255-122-4-2
1372	255-122-4-2
1373	255-70-122-242
1374	255-122-4-2
1375	255-70-122-242
1376	255-70-122-242
1377	255-26-209-210
1378	255-212-231-53
1379	255-70-122-242
1380	255-254-152-44
1381	255-70-122-242
1382	255-254-152-44
1383	255-254-152-44
1384	255-254-152-44
1385	255-70-122-242
1386	255-70-122-242
1387	255-101-252-104
1388	255-212-231-53
1389	255-101-252-104
1390	255-26-209-210
1391	255-101-252-104
1392	255-122-4-2
1393	255-26-209-210
1394	255-122-4-2
1395	255-122-4-2
1396	255-122-4-2
1397	255-26-209-210
1398	255-122-4-2
1399	255-122-4-2
1400	255-26-209-210
1401	255-122-4-2
1402	255-70-122-242
1403	255-26-209-210
1404	255-70-122-242
1405	255-122-4-2
1406	255-122-4-2
1407	255-70-122-242
1408	255-122-4-2
1409	255-70-122-242
1410	255-122-4-2
1411	255-26-209-210
1412	255-122-4-2
1413	255-122-4-2
1414	255-26-209-210
1415	255-122-4-2
1416	255-101-252-104
1417	255-212-231-53
1418	255-101-252-104
1419	255-101-252-104
1420	255-26-209-210
1421	255-26-209-210
1422	255-101-252-104
1423	255-26-209-210
1424	255-26-209-210
1425	255-26-209-210
1426	255-26-209-210
1427	255-122-4-2
1428	255-26-209-210
1429	255-101-252-104
1430	255-26-209-210
1431	255-212-231-53
1432	255-101-252-104
1433	255-26-209-210
1434	255-101-252-104
1435	255-101-252-104
1436	255-26-209-210
1437	255-26-209-210
1438	255-26-209-210
1439	255-101-252-104
1440	255-101-252-104
1441	255-101-252-104
1442	255-101-252-104
1443	255-254-152-44
1444	255-101-252-104
1445	255-101-252-104
1446	255-101-252-104
1447	255-101-252-104
1448	255-254-152-44
1449	255-26-209-210
1450	255-254-152-44
1451	255-254-152-44
1452	255-212-231-53
1453	255-26-209-210
1454	255-212-231-53
1455	255-122-4-2
1456	255-122-4-2
1457	255-122-4-2
1458	255-26-209-210
1459	255-212-231-53
1460	255-122-4-2
1461	255-212-231-53
1462	255-122-4-2
1463	255-122-4-2
1464	255-122-4-2
1465	255-212-231-53
1466	255-212-231-53
1467	255-26-209-210
1468	255-122-4-2
1469	255-122-4-2
1470	255-212-231-53
1471	255-254-152-44
1472	255-122-4-2
1473	255-122-4-2
1474	255-26-209-210
1475	255-212-231-53
1476	255-122-4-2
1477	255-101-252-104
1478	255-122-4-2
1479	255-70-122-242
1480	255-122-4-2
1481	255-122-4-2
1482	255-101-252-104
1483	255-122-4-2
1484	255-70-122-242
1485	255-70-122-242
1486	255-122-4-2
1487	255-122-4-2
1488	255-122-4-2
1489	255-70-122-242
1490	255-122-4-2
1491	255-122-4-2
1492	255-26-209-210
1493	255-70-122-242
1494	255-26-209-210
1495	255-122-4-2
1496	255-122-4-2
1497	255-122-4-2
1498	255-122-4-2
1499	255-122-4-2
1500	255-122-4-2
1501	255-122-4-2
1502	255-122-4-2
1503	255-26-209-210
1504	255-122-4-2
1505	255-122-4-2
1506	255-122-4-2
1507	255-122-4-2
1508	255-122-4-2
1509	255-122-4-2
1510	255-122-4-2
1511	255-122-4-2
1512	255-101-252-104
1513	255-26-209-210
1514	255-26-209-210
1515	255-122-4-2
1516	255-122-4-2
1517	255-122-4-2
1518	255-26-209-210
1519	255-122-4-2
1520	255-254-152-44
1521	255-212-231-53
1522	255-254-152-44
1523	255-212-231-53
1524	255-254-152-44
1525	255-254-152-44
1526	255-122-4-2
1527	255-122-4-2
1528	255-122-4-2
1529	255-122-4-2
1530	255-122-4-2
1531	255-26-209-210
1532	255-26-209-210
1533	255-26-209-210
1534	255-212-231-53
1535	255-122-4-2
1536	255-212-231-53
1537	255-26-209-210
1538	255-122-4-2
1539	255-122-4-2
1540	255-122-4-2
1541	255-26-209-210
1542	255-26-209-210
1543	255-26-209-210
1544	255-26-209-210
1545	255-26-209-210
1546	255-26-209-210
1547	255-122-4-2
1548	255-26-209-210
1549	255-122-4-2
1550	255-122-4-2
1551	255-26-209-210
1552	255-122-4-2
1553	255-122-4-2
1554	255-70-122-242
1555	255-254-152-44
1556	255-122-4-2
1557	255-254-152-44
1558	255-70-122-242
1559	255-26-209-210
1560	255-122-4-2
1561	255-70-122-242
1562	255-122-4-2
1563	255-122-4-2
1564	255-122-4-2
1565	255-212-231-53
1566	255-212-231-53
1567	255-26-209-210
1568	255-26-209-210
1569	255-212-231-53
1570	255-26-209-210
1571	255-26-209-210
1572	255-26-209-210
1573	255-26-209-210
1574	255-26-209-210
1575	255-70-122-242
1576	255-26-209-210
1577	255-122-4-2
1578	255-122-4-2
1579	255-254-152-44
1580	255-26-209-210
1581	255-70-122-242
1582	255-70-122-242
1583	255-26-209-210
1584	255-212-231-53
1585	255-26-209-210
1586	255-122-4-2
1587	255-26-209-210
1588	255-254-152-44
1589	255-70-122-242
1590	255-212-231-53
1591	255-254-152-44
1592	255-254-152-44
1593	255-101-252-104
1594	255-254-152-44
1595	255-122-4-2
1596	255-254-152-44
1597	255-122-4-2
1598	255-122-4-2
1599	255-122-4-2
1600	255-122-4-2
1601	255-122-4-2
1602	255-122-4-2
1603	255-122-4-2
1604	255-122-4-2
1605	255-26-209-210
1606	255-212-231-53
1607	255-26-209-210
1608	255-254-152-44
1609	255-122-4-2
1610	255-122-4-2
1611	255-254-152-44
1612	255-122-4-2
1613	255-122-4-2
1614	255-122-4-2
1615	255-212-231-53
1616	255-254-152-44
1617	255-122-4-2
1618	255-122-4-2
1619	255-122-4-2
1620	255-122-4-2
1621	255-122-4-2
1622	255-122-4-2
1623	255-122-4-2
1624	255-122-4-2
1625	255-122-4-2
1626	255-122-4-2
1627	255-70-122-242
1628	255-26-209-210
1629	255-26-209-210
1630	255-122-4-2
1631	255-70-122-242
1632	255-26-209-210
1633	255-26-209-210
1634	255-26-209-210
1635	255-26-209-210
1636	255-122-4-2
1637	255-70-122-242
1638	255-122-4-2
1639	255-26-209-210
1640	255-26-209-210
1641	255-122-4-2
1642	255-26-209-210
1643	255-26-209-210
1644	255-26-209-210
1645	255-26-209-210
1646	255-122-4-2
1647	255-122-4-2
1648	255-122-4-2
1649	255-122-4-2
1650	255-122-4-2
1651	255-122-4-2
1652	255-122-4-2
1653	255-122-4-2
1654	255-122-4-2
1655	255-122-4-2
1656	255-122-4-2
1657	255-122-4-2
1658	255-70-122-242
1659	255-26-209-210
1660	255-254-152-44
1661	255-26-209-210
1662	255-254-152-44
1663	255-212-231-53
1664	255-122-4-2
1665	255-122-4-2
1666	255-212-231-53
1667	255-26-209-210
1668	255-26-209-210
1669	255-212-231-53
1670	255-254-152-44
1671	255-26-209-210
1672	255-212-231-53
1673	255-26-209-210
1674	255-26-209-210
1675	255-26-209-210
1676	255-26-209-210
1677	255-26-209-210
1678	255-26-209-210
1679	255-101-252-104
1680	255-26-209-210
1681	255-26-209-210
1682	255-122-4-2
1683	255-26-209-210
1684	255-101-252-104
1685	255-101-252-104
1686	255-101-252-104
1687	255-101-252-104
1688	255-101-252-104
1689	255-122-4-2
1690	255-212-231-53
1691	255-101-252-104
1692	255-212-231-53
1693	255-122-4-2
1694	255-212-231-53
1695	255-122-4-2
1696	255-254-152-44
1697	255-26-209-210
1698	255-122-4-2
1699	255-26-209-210
1700	255-122-4-2
1701	255-122-4-2
1702	255-254-152-44
1703	255-122-4-2
1704	255-254-152-44
1705	255-122-4-2
1706	255-254-152-44
1707	255-122-4-2
1708	255-122-4-2
1709	255-122-4-2
1710	255-122-4-2
1711	255-122-4-2
1712	255-122-4-2
1713	255-122-4-2
1714	255-122-4-2
1715	255-212-231-53
1716	255-122-4-2
1717	255-122-4-2
1718	255-26-209-210
1719	255-122-4-2
1720	255-122-4-2
1721	255-122-4-2
1722	255-26-209-210
1723	255-26-209-210
1724	255-26-209-210
1725	255-26-209-210
1726	255-122-4-2
1727	255-122-4-2
1728	255-26-209-210
1729	255-70-122-242
1730	255-70-122-242
1731	255-122-4-2
1732	255-26-209-210
1733	255-122-4-2
1734	255-122-4-2
1735	255-122-4-2
1736	255-254-152-44
1737	255-254-152-44
1738	255-254-152-44
1739	255-122-4-2
1740	255-70-122-242
1741	255-122-4-2
1742	255-101-252-104
1743	255-212-231-53
1744	255-26-209-210
1745	255-70-122-242
1746	255-101-252-104
1747	255-26-209-210
1748	255-26-209-210
1749	255-26-209-210
1750	255-122-4-2
1751	255-122-4-2
1752	255-26-209-210
1753	255-122-4-2
1754	255-70-122-242
1755	255-122-4-2
1756	255-122-4-2
1757	255-122-4-2
1758	255-122-4-2
1759	255-122-4-2
1760	255-26-209-210
1761	255-122-4-2
1762	255-70-122-242
1763	255-101-252-104
1764	255-101-252-104
1765	255-101-252-104
1766	255-101-252-104
1767	255-101-252-104
1768	255-101-252-104
1769	255-26-209-210
1770	255-122-4-2
1771	255-101-252-104
1772	255-26-209-210
1773	255-101-252-104
1774	255-101-252-104
1775	255-122-4-2
1776	255-26-209-210
1777	255-101-252-104
1778	255-122-4-2
1779	255-101-252-104
1780	255-212-231-53
1781	255-212-231-53
1782	255-122-4-2
1783	255-26-209-210
1784	255-26-209-210
1785	255-101-252-104
1786	255-101-252-104
1787	255-122-4-2
1788	255-101-252-104
1789	255-101-252-104
1790	255-254-152-44
1791	255-101-252-104
1792	255-26-209-210
1793	255-254-152-44
1794	255-26-209-210
1795	255-122-4-2
1796	255-122-4-2
1797	255-26-209-210
1798	255-122-4-2
1799	255-122-4-2
1800	255-122-4-2
1801	255-122-4-2
1802	255-122-4-2
1804	255-122-4-2
1805	255-122-4-2
1806	255-26-209-210
1807	255-26-209-210
1808	255-122-4-2
1809	255-26-209-210
1810	255-212-231-53
1811	255-26-209-210
1812	255-212-231-53
1813	255-122-4-2
1814	255-26-209-210
1815	255-26-209-210
1816	255-26-209-210
1817	255-212-231-53
1818	255-26-209-210
1819	255-212-231-53
1820	255-26-209-210
1821	255-26-209-210
1822	255-70-122-242
1823	255-70-122-242
1824	255-70-122-242
1825	255-70-122-242
1826	255-26-209-210
1827	255-26-209-210
1828	255-122-4-2
1829	255-70-122-242
1830	255-70-122-242
1831	255-26-209-210
1832	255-26-209-210
1833	255-122-4-2
1834	255-122-4-2
1835	255-122-4-2
1836	255-26-209-210
1837	255-70-122-242
1838	255-122-4-2
1839	255-26-209-210
1840	255-122-4-2
1841	255-26-209-210
1842	255-122-4-2
1843	255-26-209-210
1844	255-122-4-2
1845	255-122-4-2
1846	255-26-209-210
1847	255-122-4-2
1848	255-122-4-2
1849	255-122-4-2
1850	255-122-4-2
1851	255-122-4-2
1852	255-122-4-2
1853	255-122-4-2
1854	255-122-4-2
1855	255-122-4-2
1856	255-122-4-2
1857	255-122-4-2
1858	255-212-231-53
1859	255-212-231-53
1860	255-26-209-210
1861	255-122-4-2
1862	255-26-209-210
1863	255-26-209-210
1864	255-122-4-2
1865	255-122-4-2
1866	255-101-252-104
1867	255-254-152-44
1868	255-26-209-210
1869	255-122-4-2
1870	255-212-231-53
1871	255-26-209-210
1872	255-26-209-210
1873	255-122-4-2
1874	255-122-4-2
1875	255-101-252-104
1876	255-122-4-2
1877	255-122-4-2
1878	255-122-4-2
1879	255-122-4-2
1880	255-26-209-210
1881	255-122-4-2
1882	255-122-4-2
1883	255-26-209-210
1884	255-122-4-2
1885	255-26-209-210
1886	255-26-209-210
1887	255-122-4-2
1888	255-122-4-2
1889	255-26-209-210
1890	255-26-209-210
1891	255-122-4-2
1892	255-26-209-210
1893	255-122-4-2
1894	255-122-4-2
1895	255-122-4-2
1896	255-122-4-2
1897	255-122-4-2
1898	255-26-209-210
1899	255-122-4-2
1900	255-122-4-2
1901	255-122-4-2
1902	255-122-4-2
1903	255-122-4-2
1904	255-122-4-2
1905	255-122-4-2
1906	255-212-231-53
1907	255-122-4-2
1908	255-122-4-2
1909	255-122-4-2
1910	255-26-209-210
1911	255-70-122-242
1912	255-26-209-210
1913	255-122-4-2
1914	255-122-4-2
1915	255-122-4-2
1916	255-122-4-2
1917	255-122-4-2
1918	255-122-4-2
1919	255-122-4-2
1920	255-122-4-2
1921	255-122-4-2
1922	255-26-209-210
1923	255-122-4-2
1924	255-122-4-2
1925	255-26-209-210
1926	255-212-231-53
1927	255-26-209-210
1928	255-26-209-210
1929	255-26-209-210
1930	255-26-209-210
1931	255-70-122-242
1932	255-26-209-210
1933	255-26-209-210
1934	255-26-209-210
1935	255-212-231-53
1936	255-122-4-2
1937	255-212-231-53
1938	255-26-209-210
1939	255-26-209-210
1940	255-26-209-210
1941	255-70-122-242
1942	255-70-122-242
1943	255-26-209-210
1944	255-70-122-242
1945	255-212-231-53
1946	255-70-122-242
1947	255-122-4-2
1948	255-70-122-242
1949	255-122-4-2
1950	255-101-252-104
1951	255-101-252-104
1952	255-122-4-2
1953	255-122-4-2
1954	255-254-152-44
1955	255-212-231-53
1956	255-212-231-53
1957	255-217-56-6
1958	255-122-4-2
1959	255-122-4-2
1960	255-122-4-2
1961	255-122-4-2
1962	255-122-4-2
1963	255-122-4-2
1964	255-212-231-53
1965	255-122-4-2
1966	255-70-122-242
1967	255-122-4-2
1968	255-212-231-53
1969	255-254-152-44
1970	255-101-252-104
1971	255-212-231-53
1972	255-70-122-242
1973	255-101-252-104
1974	255-101-252-104
1975	255-122-4-2
1976	255-101-252-104
1977	255-122-4-2
1978	255-122-4-2
1979	255-122-4-2
1980	255-122-4-2
1981	255-122-4-2
1982	255-122-4-2
1983	255-122-4-2
1984	255-26-209-210
1985	255-122-4-2
1986	255-122-4-2
1987	255-26-209-210
1988	255-70-122-242
1989	255-26-209-210
1990	255-122-4-2
1991	255-26-209-210
1992	255-26-209-210
1993	255-122-4-2
1994	255-70-122-242
1995	255-122-4-2
1996	255-122-4-2
1997	255-122-4-2
1998	255-122-4-2
1999	255-26-209-210
2000	255-122-4-2
2001	255-122-4-2
2002	255-122-4-2
2003	255-122-4-2
2004	255-122-4-2
2005	255-26-209-210
2006	255-122-4-2
2007	255-122-4-2
2008	255-26-209-210
2009	255-26-209-210
2010	255-26-209-210
2011	255-26-209-210
2012	255-122-4-2
2013	255-122-4-2
2014	255-122-4-2
2015	255-122-4-2
2016	255-70-122-242
2017	255-122-4-2
2018	255-122-4-2
2019	255-122-4-2
2020	255-122-4-2
2021	255-70-122-242
2022	255-70-122-242
2023	255-26-209-210
2024	255-70-122-242
2025	255-122-4-2
2026	255-101-252-104
2027	255-26-209-210
2028	255-101-252-104
2029	255-212-231-53
2030	255-212-231-53
2031	255-26-209-210
2032	255-212-231-53
2033	255-254-152-44
2034	255-26-209-210
2035	255-26-209-210
2036	255-26-209-210
2037	255-101-252-104
2038	255-101-252-104
2039	255-101-252-104
2040	255-26-209-210
2041	255-101-252-104
2042	255-101-252-104
2043	255-101-252-104
2044	255-101-252-104
2045	255-26-209-210
2046	255-101-252-104
2047	255-101-252-104
2048	255-122-4-2
2049	255-122-4-2
2050	255-122-4-2
2051	255-212-231-53
2052	255-122-4-2
2053	255-122-4-2
2054	255-122-4-2
2055	255-122-4-2
2056	255-122-4-2
2057	255-212-231-53
2058	255-122-4-2
2059	255-122-4-2
2060	255-212-231-53
2061	255-122-4-2
2062	255-212-231-53
2063	255-212-231-53
2064	255-122-4-2
2065	255-101-252-104
2066	255-122-4-2
2067	255-212-231-53
2068	255-122-4-2
2069	255-254-152-44
2070	255-122-4-2
2071	255-212-231-53
2072	255-254-152-44
2073	255-122-4-2
2074	255-212-231-53
2075	255-26-209-210
2076	255-122-4-2
2077	255-26-209-210
2078	255-212-231-53
2079	255-122-4-2
2080	255-212-231-53
2081	255-26-209-210
2082	255-26-209-210
2083	255-122-4-2
2084	255-26-209-210
2085	255-26-209-210
2086	255-212-231-53
2087	255-254-152-44
2088	255-122-4-2
2089	255-70-122-242
2090	255-122-4-2
2091	255-26-209-210
2092	255-101-252-104
2093	255-70-122-242
2094	255-101-252-104
2095	255-101-252-104
2096	255-101-252-104
2097	255-101-252-104
2098	255-101-252-104
2099	255-101-252-104
2100	255-26-209-210
2101	255-101-252-104
2102	255-26-209-210
2103	255-122-4-2
2104	255-101-252-104
2105	255-101-252-104
2106	255-26-209-210
2107	255-122-4-2
2108	255-122-4-2
2109	255-122-4-2
2110	255-122-4-2
2111	255-122-4-2
2112	255-101-252-104
2113	255-122-4-2
2114	255-26-209-210
2115	255-70-122-242
2116	255-70-122-242
2117	255-101-252-104
2118	255-26-209-210
2119	255-101-252-104
2120	255-26-209-210
2121	255-101-252-104
2122	255-26-209-210
2123	255-101-252-104
2124	255-26-209-210
2125	255-101-252-104
2126	255-101-252-104
2127	255-101-252-104
2128	255-212-231-53
2129	255-101-252-104
2130	255-26-209-210
2131	255-122-4-2
2132	255-26-209-210
2133	255-122-4-2
2134	255-26-209-210
2135	255-122-4-2
2136	255-122-4-2
2137	255-122-4-2
2138	255-122-4-2
2139	255-212-231-53
2140	255-122-4-2
2141	255-26-209-210
2142	255-212-231-53
2143	255-26-209-210
2144	255-122-4-2
2145	255-212-231-53
2146	255-122-4-2
2147	255-26-209-210
2148	255-122-4-2
2149	255-122-4-2
2150	255-26-209-210
2151	255-26-209-210
2152	255-26-209-210
2153	255-26-209-210
2154	255-26-209-210
2155	255-101-252-104
2156	255-26-209-210
2157	255-26-209-210
2158	255-26-209-210
2159	255-212-231-53
2160	255-70-122-242
2161	255-26-209-210
2162	255-212-231-53
2163	255-70-122-242
2164	255-70-122-242
2165	255-101-252-104
2166	255-70-122-242
2167	255-122-4-2
2168	255-122-4-2
2169	255-122-4-2
2170	255-122-4-2
2171	255-122-4-2
2172	255-122-4-2
2173	255-122-4-2
2174	255-122-4-2
2175	255-122-4-2
2176	255-122-4-2
2177	255-122-4-2
2178	255-122-4-2
2179	255-122-4-2
2180	255-122-4-2
2181	255-122-4-2
2182	255-122-4-2
2183	255-122-4-2
2184	255-212-231-53
2185	255-122-4-2
2186	255-122-4-2
2187	255-212-231-53
2188	255-122-4-2
2189	255-122-4-2
2190	255-122-4-2
2191	255-122-4-2
2192	255-122-4-2
2193	255-122-4-2
2194	255-122-4-2
2195	255-212-231-53
2196	255-122-4-2
2197	255-122-4-2
2198	255-212-231-53
2199	255-26-209-210
2200	255-122-4-2
2201	255-26-209-210
2202	255-122-4-2
2203	255-26-209-210
2204	255-254-152-44
2205	255-212-231-53
2206	255-26-209-210
2207	255-26-209-210
2208	255-122-4-2
2209	255-122-4-2
2210	255-122-4-2
2211	255-122-4-2
2212	255-26-209-210
2213	255-122-4-2
2214	255-122-4-2
2215	255-122-4-2
2216	255-122-4-2
2217	255-122-4-2
2218	255-122-4-2
2219	255-122-4-2
2220	255-122-4-2
2221	255-122-4-2
2222	255-122-4-2
2223	255-122-4-2
2224	255-122-4-2
2225	255-122-4-2
2226	255-122-4-2
2227	255-122-4-2
2228	255-122-4-2
2229	255-122-4-2
2230	255-122-4-2
2231	255-122-4-2
2232	255-26-209-210
2233	255-26-209-210
2234	255-122-4-2
2235	255-101-252-104
2236	255-212-231-53
2237	255-254-152-44
2238	255-26-209-210
2239	255-26-209-210
2240	255-212-231-53
2241	255-212-231-53
2242	255-70-122-242
2243	255-26-209-210
2244	255-26-209-210
2245	255-70-122-242
2246	255-26-209-210
2247	255-70-122-242
2248	255-101-252-104
2249	255-26-209-210
2250	255-122-4-2
2251	255-122-4-2
2252	255-26-209-210
2253	255-122-4-2
2254	255-122-4-2
2255	255-122-4-2
2256	255-70-122-242
2257	255-26-209-210
2258	255-26-209-210
2259	255-212-231-53
2260	255-26-209-210
2261	255-26-209-210
2262	255-212-231-53
2263	255-122-4-2
2264	255-122-4-2
2265	255-26-209-210
2266	255-26-209-210
2267	255-254-152-44
2268	255-26-209-210
2269	255-26-209-210
2270	255-26-209-210
2271	255-26-209-210
2272	255-254-152-44
2273	255-26-209-210
2274	255-26-209-210
2275	255-26-209-210
2276	255-26-209-210
2277	255-26-209-210
2278	255-122-4-2
2279	255-70-122-242
2280	255-70-122-242
2281	255-122-4-2
2282	255-101-252-104
2283	255-122-4-2
2284	255-70-122-242
2285	255-254-152-44
2286	255-70-122-242
2287	255-70-122-242
2288	255-101-252-104
2289	255-101-252-104
2290	255-70-122-242
2291	255-101-252-104
2292	255-70-122-242
2293	255-70-122-242
2294	255-212-231-53
2295	255-70-122-242
2296	255-122-4-2
2297	255-122-4-2
2298	255-122-4-2
2299	255-70-122-242
2300	255-70-122-242
2301	255-122-4-2
2302	255-70-122-242
2303	255-26-209-210
2304	255-70-122-242
2305	255-26-209-210
2306	255-70-122-242
2307	255-70-122-242
2308	255-70-122-242
2309	255-70-122-242
2310	255-26-209-210
2311	255-122-4-2
2312	255-212-231-53
2313	255-101-252-104
2314	255-101-252-104
2315	255-254-152-44
2316	255-26-209-210
2317	255-101-252-104
2318	255-212-231-53
2319	255-101-252-104
2320	255-70-122-242
2321	255-212-231-53
2322	255-101-252-104
2323	255-101-252-104
2324	255-101-252-104
2325	255-122-4-2
2326	255-101-252-104
2327	255-122-4-2
2328	255-122-4-2
2329	255-101-252-104
2330	255-101-252-104
2331	255-26-209-210
2332	255-26-209-210
2333	255-122-4-2
2334	255-212-231-53
2335	255-26-209-210
2336	255-122-4-2
2337	255-122-4-2
2338	255-122-4-2
2339	255-26-209-210
2340	255-122-4-2
2341	255-122-4-2
2342	255-122-4-2
2343	255-122-4-2
2344	255-122-4-2
2345	255-122-4-2
2346	255-26-209-210
2347	255-26-209-210
2348	255-122-4-2
2349	255-122-4-2
2350	255-26-209-210
2351	255-26-209-210
2352	255-122-4-2
2353	255-26-209-210
2354	255-26-209-210
2355	255-26-209-210
2356	255-101-252-104
2357	255-26-209-210
2358	255-26-209-210
2359	255-70-122-242
2360	255-122-4-2
2361	255-70-122-242
2362	255-26-209-210
2363	255-212-231-53
2364	255-122-4-2
2365	255-26-209-210
2366	255-70-122-242
2367	255-212-231-53
2368	255-70-122-242
2369	255-70-122-242
2370	255-70-122-242
2371	255-212-231-53
2372	255-70-122-242
2373	255-26-209-210
2374	255-212-231-53
2375	255-212-231-53
2376	255-212-231-53
2377	255-101-252-104
2378	255-101-252-104
2379	255-122-4-2
2380	255-217-56-6
2381	255-212-231-53
2382	255-212-231-53
2383	255-70-122-242
2384	255-101-252-104
2385	255-101-252-104
2386	255-212-231-53
2387	255-101-252-104
2388	255-101-252-104
2389	255-212-231-53
2390	255-122-4-2
2391	255-101-252-104
2392	255-212-231-53
2393	255-122-4-2
2394	255-122-4-2
2395	255-122-4-2
2396	255-26-209-210
2397	255-122-4-2
2398	255-212-231-53
2399	255-122-4-2
2400	255-212-231-53
2401	255-122-4-2
2402	255-212-231-53
2403	255-122-4-2
2404	255-101-252-104
2405	255-26-209-210
2406	255-212-231-53
2407	255-122-4-2
2408	255-122-4-2
2409	255-212-231-53
2410	255-122-4-2
2411	255-212-231-53
2412	255-26-209-210
2413	255-122-4-2
2414	255-122-4-2
2415	255-212-231-53
2416	255-26-209-210
2417	255-212-231-53
2418	255-122-4-2
2419	255-212-231-53
2420	255-26-209-210
2421	255-70-122-242
2422	255-26-209-210
2423	255-26-209-210
2424	255-70-122-242
2425	255-26-209-210
2426	255-26-209-210
2427	255-70-122-242
2428	255-70-122-242
2429	255-70-122-242
2430	255-212-231-53
2431	255-101-252-104
2432	255-254-152-44
2433	255-254-152-44
2434	255-212-231-53
2435	255-212-231-53
2436	255-101-252-104
2437	255-101-252-104
2438	255-212-231-53
2439	255-212-231-53
2440	255-101-252-104
2441	255-101-252-104
2442	255-26-209-210
2443	255-101-252-104
2444	255-26-209-210
2445	255-101-252-104
2446	255-122-4-2
2447	255-26-209-210
2448	255-101-252-104
2449	255-26-209-210
2450	255-254-152-44
2451	255-26-209-210
2452	255-122-4-2
2453	255-122-4-2
2454	255-101-252-104
2455	255-26-209-210
2456	255-101-252-104
2457	255-101-252-104
2458	255-101-252-104
2459	255-101-252-104
2460	255-101-252-104
2461	255-122-4-2
2462	255-212-231-53
2463	255-101-252-104
2464	255-101-252-104
2465	255-122-4-2
2466	255-122-4-2
2467	255-70-122-242
2468	255-122-4-2
2469	255-122-4-2
2470	255-101-252-104
2471	255-101-252-104
2472	255-122-4-2
2473	255-122-4-2
2474	255-26-209-210
2475	255-122-4-2
2476	255-26-209-210
2477	255-26-209-210
2478	255-122-4-2
2479	255-122-4-2
2480	255-122-4-2
2481	255-122-4-2
2482	255-26-209-210
2483	255-122-4-2
2484	255-122-4-2
2485	255-212-231-53
2486	255-122-4-2
2487	255-26-209-210
2488	255-26-209-210
2489	255-122-4-2
2490	255-122-4-2
2491	255-122-4-2
2492	255-26-209-210
2493	255-26-209-210
2494	255-26-209-210
2495	255-26-209-210
2496	255-212-231-53
2497	255-122-4-2
2498	255-122-4-2
2499	255-122-4-2
2500	255-70-122-242
2501	255-70-122-242
2502	255-26-209-210
2503	255-122-4-2
2504	255-122-4-2
2505	255-122-4-2
2506	255-70-122-242
2507	255-26-209-210
2508	255-101-252-104
2509	255-122-4-2
2510	255-26-209-210
2511	255-26-209-210
2512	255-122-4-2
2513	255-26-209-210
2514	255-122-4-2
2515	255-122-4-2
2516	255-26-209-210
2517	255-122-4-2
2518	255-122-4-2
2519	255-122-4-2
2520	255-122-4-2
2521	255-122-4-2
2522	255-26-209-210
2523	255-122-4-2
2524	255-122-4-2
2525	255-212-231-53
2526	255-122-4-2
2527	255-26-209-210
2528	255-122-4-2
2529	255-26-209-210
2530	255-122-4-2
2531	255-122-4-2
2532	255-212-231-53
2533	255-26-209-210
2534	255-212-231-53
2535	255-26-209-210
2536	255-101-252-104
2537	255-254-152-44
2538	255-101-252-104
2539	255-26-209-210
2540	255-26-209-210
2541	255-254-152-44
2542	255-122-4-2
2543	255-26-209-210
2544	255-122-4-2
2545	255-26-209-210
2546	255-26-209-210
2547	255-26-209-210
2548	255-122-4-2
2549	255-212-231-53
2550	255-122-4-2
2551	255-122-4-2
2552	255-122-4-2
2553	255-122-4-2
2554	255-122-4-2
2555	255-122-4-2
2556	255-122-4-2
2557	255-122-4-2
2558	255-122-4-2
2559	255-122-4-2
2560	255-122-4-2
2561	255-26-209-210
2562	255-122-4-2
2563	255-26-209-210
2564	255-101-252-104
2565	255-212-231-53
2566	255-122-4-2
2567	255-212-231-53
2568	255-26-209-210
2569	255-254-152-44
2570	255-122-4-2
2571	255-254-152-44
2572	255-26-209-210
2573	255-254-152-44
2574	255-70-122-242
2575	255-212-231-53
2576	255-70-122-242
2577	255-26-209-210
2578	255-26-209-210
2579	255-70-122-242
2580	255-26-209-210
2581	255-26-209-210
2582	255-212-231-53
2583	255-122-4-2
2584	255-212-231-53
2585	255-212-231-53
2586	255-122-4-2
2587	255-122-4-2
2588	255-212-231-53
2589	255-122-4-2
2590	255-26-209-210
2591	255-122-4-2
2592	255-26-209-210
2593	255-26-209-210
2594	255-26-209-210
2595	255-26-209-210
2596	255-26-209-210
2597	255-122-4-2
2598	255-212-231-53
2599	255-26-209-210
2600	255-70-122-242
2601	255-26-209-210
2602	255-26-209-210
2603	255-122-4-2
2604	255-122-4-2
2605	255-212-231-53
2606	255-26-209-210
2607	255-122-4-2
2608	255-122-4-2
2609	255-101-252-104
2610	255-101-252-104
2611	255-122-4-2
2612	255-26-209-210
2613	255-70-122-242
2614	255-101-252-104
2615	255-26-209-210
2616	255-101-252-104
2617	255-70-122-242
2618	255-26-209-210
2619	255-70-122-242
2620	255-70-122-242
2621	255-212-231-53
2622	255-122-4-2
2623	255-122-4-2
2624	255-70-122-242
2625	255-70-122-242
2626	255-70-122-242
2627	255-70-122-242
2628	255-101-252-104
2629	255-70-122-242
2630	255-70-122-242
2631	255-122-4-2
2632	255-70-122-242
2633	255-101-252-104
2634	255-212-231-53
2635	255-70-122-242
2636	255-122-4-2
2637	255-212-231-53
2638	255-122-4-2
2639	255-212-231-53
2640	255-212-231-53
2641	255-26-209-210
2642	255-212-231-53
2643	255-212-231-53
2644	255-101-252-104
2645	255-101-252-104
2646	255-101-252-104
2647	255-212-231-53
2648	255-101-252-104
2649	255-101-252-104
2650	255-212-231-53
2651	255-101-252-104
2652	255-101-252-104
2653	255-212-231-53
2654	255-26-209-210
2655	255-122-4-2
2656	255-101-252-104
2657	255-101-252-104
2658	255-26-209-210
2659	255-122-4-2
2660	255-122-4-2
2661	255-26-209-210
2662	255-26-209-210
2663	255-122-4-2
2664	255-26-209-210
2665	255-212-231-53
2666	255-122-4-2
2667	255-122-4-2
2668	255-26-209-210
2669	255-122-4-2
2670	255-26-209-210
2671	255-122-4-2
2672	255-26-209-210
2673	255-26-209-210
2674	255-26-209-210
2675	255-122-4-2
2676	255-26-209-210
2677	255-122-4-2
2678	255-70-122-242
2679	255-101-252-104
2680	255-212-231-53
2681	255-26-209-210
2682	255-212-231-53
2683	255-70-122-242
2684	255-26-209-210
2685	255-26-209-210
2686	255-212-231-53
2687	255-70-122-242
2688	255-70-122-242
2689	255-122-4-2
2690	255-122-4-2
2691	255-122-4-2
2692	255-70-122-242
2693	255-70-122-242
2694	255-101-252-104
2695	255-70-122-242
2696	255-212-231-53
2697	255-26-209-210
2698	255-122-4-2
2699	255-70-122-242
2700	255-122-4-2
2701	255-26-209-210
2702	255-212-231-53
2703	255-212-231-53
2704	255-212-231-53
2705	255-212-231-53
2706	255-101-252-104
2707	255-122-4-2
2708	255-122-4-2
2709	255-26-209-210
2710	255-101-252-104
2711	255-101-252-104
2712	255-101-252-104
2713	255-254-152-44
2714	255-212-231-53
2715	255-101-252-104
2716	255-212-231-53
2717	255-122-4-2
2718	255-212-231-53
2719	255-212-231-53
2720	255-122-4-2
2721	255-212-231-53
2722	255-122-4-2
2723	255-212-231-53
2724	255-122-4-2
2725	255-212-231-53
2726	255-212-231-53
2727	255-212-231-53
2728	255-212-231-53
2729	255-212-231-53
2730	255-212-231-53
2731	255-122-4-2
2732	255-122-4-2
2733	255-212-231-53
2734	255-212-231-53
2735	255-212-231-53
2736	255-122-4-2
2737	255-122-4-2
2738	255-26-209-210
2739	255-26-209-210
2740	255-70-122-242
2741	255-26-209-210
2742	255-122-4-2
2743	255-70-122-242
2744	255-70-122-242
2745	255-70-122-242
2746	255-70-122-242
2747	255-212-231-53
2748	255-70-122-242
2749	255-101-252-104
2750	255-212-231-53
2751	255-212-231-53
2752	255-26-209-210
2753	255-212-231-53
2754	255-101-252-104
2755	255-101-252-104
2756	255-212-231-53
2757	255-122-4-2
2758	255-70-122-242
2759	255-101-252-104
2760	255-101-252-104
2761	255-101-252-104
2762	255-101-252-104
2763	255-122-4-2
2764	255-70-122-242
2765	255-26-209-210
2766	255-122-4-2
2767	255-26-209-210
2768	255-122-4-2
2769	255-212-231-53
2770	255-26-209-210
2771	255-212-231-53
2772	255-26-209-210
2773	255-26-209-210
2774	255-122-4-2
2775	255-122-4-2
2776	255-122-4-2
2777	255-26-209-210
2778	255-122-4-2
2779	255-212-231-53
2780	255-122-4-2
2781	255-122-4-2
2782	255-122-4-2
2783	255-122-4-2
2784	255-122-4-2
2785	255-122-4-2
2786	255-122-4-2
2787	255-122-4-2
2788	255-122-4-2
2789	255-122-4-2
2790	255-26-209-210
2791	255-26-209-210
2792	255-26-209-210
2793	255-212-231-53
2794	255-122-4-2
2795	255-212-231-53
2796	255-254-152-44
2797	255-70-122-242
2798	255-122-4-2
2799	255-122-4-2
2800	255-70-122-242
2801	255-212-231-53
2802	255-70-122-242
2803	255-70-122-242
2804	255-122-4-2
2805	255-70-122-242
2806	255-122-4-2
2807	255-70-122-242
2808	255-122-4-2
2809	255-122-4-2
2810	255-70-122-242
2811	255-122-4-2
2812	255-122-4-2
2813	255-26-209-210
2814	255-26-209-210
2815	255-70-122-242
2816	255-122-4-2
2817	255-122-4-2
2818	255-26-209-210
2819	255-122-4-2
2820	255-122-4-2
2821	255-122-4-2
2822	255-122-4-2
2823	255-122-4-2
2824	255-212-231-53
2825	255-122-4-2
2826	255-212-231-53
2827	255-212-231-53
2828	255-212-231-53
2829	255-122-4-2
2830	255-212-231-53
2831	255-122-4-2
2832	255-122-4-2
2833	255-212-231-53
2834	255-101-252-104
2835	255-212-231-53
2836	255-101-252-104
2837	255-101-252-104
2838	255-101-252-104
2839	255-122-4-2
2840	255-122-4-2
2841	255-26-209-210
2842	255-212-231-53
2843	255-122-4-2
2844	255-122-4-2
2845	255-212-231-53
2846	255-122-4-2
2847	255-122-4-2
2848	255-122-4-2
2849	255-26-209-210
2850	255-122-4-2
2851	255-122-4-2
2852	255-101-252-104
2853	255-212-231-53
2854	255-70-122-242
2855	255-26-209-210
2856	255-254-152-44
2857	255-122-4-2
2858	255-26-209-210
2859	255-254-152-44
2860	255-70-122-242
2861	255-254-152-44
2862	255-254-152-44
2863	255-254-152-44
2864	255-254-152-44
2865	255-122-4-2
2866	255-254-152-44
2867	255-70-122-242
2868	255-26-209-210
2869	255-26-209-210
2870	255-122-4-2
2871	255-26-209-210
2873	255-212-231-53
2874	255-212-231-53
2875	255-212-231-53
2876	255-212-231-53
2877	255-212-231-53
2878	255-26-209-210
2879	255-212-231-53
2880	255-26-209-210
2881	255-122-4-2
2882	255-212-231-53
2883	255-212-231-53
2884	255-26-209-210
2885	255-212-231-53
2886	255-26-209-210
2887	255-26-209-210
2888	255-70-122-242
2889	255-212-231-53
2890	255-254-152-44
2891	255-26-209-210
2892	255-26-209-210
2893	255-122-4-2
2894	255-122-4-2
2895	255-122-4-2
2896	255-122-4-2
2897	255-70-122-242
2898	255-70-122-242
2899	255-70-122-242
2900	255-101-252-104
2901	255-122-4-2
2902	255-122-4-2
2903	255-122-4-2
2904	255-254-152-44
2905	255-70-122-242
2906	255-70-122-242
2907	255-70-122-242
2908	255-70-122-242
2909	255-212-231-53
2910	255-70-122-242
2911	255-70-122-242
2912	255-70-122-242
2913	255-122-4-2
2914	255-70-122-242
2915	255-70-122-242
2916	255-70-122-242
2917	255-122-4-2
2918	255-122-4-2
2919	255-26-209-210
2920	255-101-252-104
2921	255-70-122-242
2922	255-70-122-242
2923	255-122-4-2
2924	255-122-4-2
2925	255-101-252-104
2926	255-212-231-53
2927	255-212-231-53
2928	255-122-4-2
2929	255-212-231-53
2930	255-212-231-53
2931	255-212-231-53
2932	255-26-209-210
2933	255-212-231-53
2934	255-212-231-53
2935	255-101-252-104
2936	255-101-252-104
2937	255-101-252-104
2938	255-26-209-210
2939	255-26-209-210
2940	255-122-4-2
2941	255-212-231-53
2942	255-122-4-2
2943	255-212-231-53
2944	255-122-4-2
2945	255-212-231-53
2946	255-122-4-2
2947	255-212-231-53
2948	255-122-4-2
2949	255-101-252-104
2950	255-26-209-210
2951	255-212-231-53
2952	255-26-209-210
2953	255-26-209-210
2954	255-101-252-104
2955	255-101-252-104
2956	255-26-209-210
2957	255-122-4-2
2958	255-26-209-210
2959	255-101-252-104
2960	255-26-209-210
2961	255-212-231-53
2962	255-122-4-2
2963	255-212-231-53
2964	255-70-122-242
2965	255-26-209-210
2966	255-212-231-53
2967	255-122-4-2
2968	255-70-122-242
2969	255-70-122-242
2970	255-70-122-242
2971	255-70-122-242
2972	255-212-231-53
2973	255-212-231-53
2974	255-212-231-53
2975	255-70-122-242
2976	255-212-231-53
2977	255-212-231-53
2978	255-122-4-2
2979	255-26-209-210
2980	255-212-231-53
2981	255-122-4-2
2982	255-26-209-210
2983	255-122-4-2
2984	255-101-252-104
2985	255-122-4-2
2986	255-101-252-104
2987	255-212-231-53
2988	255-122-4-2
2989	255-212-231-53
2990	255-212-231-53
2991	255-212-231-53
2992	255-122-4-2
2993	255-212-231-53
2994	255-212-231-53
2995	255-122-4-2
2996	255-212-231-53
2997	255-212-231-53
2998	255-212-231-53
2999	255-212-231-53
3000	255-26-209-210
3001	255-122-4-2
3002	255-212-231-53
3003	255-122-4-2
3004	255-26-209-210
3005	255-212-231-53
3006	255-212-231-53
3007	255-26-209-210
3008	255-70-122-242
3009	255-70-122-242
3010	255-70-122-242
3011	255-70-122-242
3012	255-254-152-44
3013	255-70-122-242
3014	255-70-122-242
3015	255-122-4-2
3016	255-217-56-6
3017	255-70-122-242
3018	255-70-122-242
3019	255-70-122-242
3020	255-70-122-242
3021	255-122-4-2
3022	255-212-231-53
3023	255-101-252-104
3024	255-70-122-242
3025	255-101-252-104
3026	255-26-209-210
3027	255-122-4-2
3028	255-26-209-210
3029	255-122-4-2
3030	255-26-209-210
3031	255-26-209-210
3032	255-26-209-210
3033	255-26-209-210
3034	255-122-4-2
3035	255-212-231-53
3036	255-212-231-53
3037	255-122-4-2
3038	255-122-4-2
3039	255-122-4-2
3040	255-212-231-53
3041	255-26-209-210
3042	255-26-209-210
3043	255-122-4-2
3044	255-212-231-53
3045	255-122-4-2
3046	255-122-4-2
3047	255-122-4-2
3048	255-122-4-2
3049	255-122-4-2
3050	255-122-4-2
3051	255-26-209-210
3052	255-212-231-53
3053	255-26-209-210
3054	255-26-209-210
3055	255-122-4-2
3056	255-212-231-53
3057	255-70-122-242
3058	255-101-252-104
3059	255-70-122-242
3060	255-122-4-2
3061	255-70-122-242
3062	255-70-122-242
3063	255-70-122-242
3064	255-70-122-242
3065	255-122-4-2
3066	255-212-231-53
3067	255-70-122-242
3068	255-70-122-242
3069	255-70-122-242
3070	255-122-4-2
3071	255-122-4-2
3072	255-70-122-242
3073	255-122-4-2
3074	255-122-4-2
3075	255-122-4-2
3076	255-122-4-2
3077	255-212-231-53
3078	255-101-252-104
3079	255-122-4-2
3080	255-101-252-104
3081	255-26-209-210
3082	255-122-4-2
3083	255-26-209-210
3084	255-101-252-104
3085	255-122-4-2
3086	255-212-231-53
3087	255-122-4-2
3088	255-101-252-104
3089	255-122-4-2
3090	255-101-252-104
3091	255-212-231-53
3092	255-101-252-104
3093	255-101-252-104
3094	255-26-209-210
3095	255-122-4-2
3096	255-122-4-2
3097	255-70-122-242
3098	255-212-231-53
3099	255-212-231-53
3100	255-122-4-2
3101	255-212-231-53
3102	255-70-122-242
3103	255-212-231-53
3104	255-122-4-2
3105	255-122-4-2
3106	255-70-122-242
3107	255-26-209-210
3108	255-26-209-210
3109	255-254-152-44
3110	255-254-152-44
3111	255-26-209-210
3112	255-212-231-53
3113	255-70-122-242
3114	255-254-152-44
3115	255-122-4-2
3116	255-101-252-104
3117	255-26-209-210
3118	255-122-4-2
3119	255-122-4-2
3120	255-70-122-242
3121	255-212-231-53
3122	255-212-231-53
3123	255-212-231-53
3124	255-212-231-53
3125	255-212-231-53
3126	255-212-231-53
3127	255-26-209-210
3128	255-70-122-242
3129	255-26-209-210
3130	255-101-252-104
3131	255-26-209-210
3132	255-26-209-210
3133	255-70-122-242
3134	255-122-4-2
3135	255-70-122-242
3136	255-122-4-2
3137	255-26-209-210
3138	255-26-209-210
3139	255-212-231-53
3140	255-70-122-242
3141	255-70-122-242
3142	255-122-4-2
3143	255-70-122-242
3144	255-70-122-242
3145	255-70-122-242
3146	255-122-4-2
3147	255-122-4-2
3148	255-70-122-242
3149	255-122-4-2
3150	255-26-209-210
3151	255-70-122-242
3152	255-122-4-2
3153	255-122-4-2
3154	255-101-252-104
3155	255-254-152-44
3156	255-254-152-44
3157	255-101-252-104
3158	255-122-4-2
3159	255-101-252-104
3160	255-122-4-2
3161	255-212-231-53
3162	255-122-4-2
3163	255-122-4-2
3164	255-122-4-2
3165	255-122-4-2
3166	255-122-4-2
3167	255-122-4-2
3168	255-122-4-2
3169	255-70-122-242
3170	255-254-152-44
3171	255-70-122-242
3172	255-122-4-2
3173	255-70-122-242
3174	255-70-122-242
3175	255-26-209-210
3176	255-70-122-242
3177	255-26-209-210
3178	255-122-4-2
3179	255-254-152-44
3180	255-122-4-2
3181	255-70-122-242
3182	255-101-252-104
3183	255-254-152-44
3184	255-101-252-104
3185	255-70-122-242
3186	255-101-252-104
3187	255-122-4-2
3188	255-212-231-53
3189	255-26-209-210
3190	255-26-209-210
3191	255-122-4-2
3192	255-70-122-242
3193	255-122-4-2
3194	255-70-122-242
3195	255-101-252-104
3196	255-101-252-104
3197	255-122-4-2
3198	255-101-252-104
3199	255-122-4-2
3200	255-101-252-104
3201	255-101-252-104
3202	255-122-4-2
3203	255-26-209-210
3204	255-122-4-2
3205	255-26-209-210
3206	255-122-4-2
3207	255-212-231-53
3208	255-212-231-53
3209	255-122-4-2
3210	255-212-231-53
3211	255-212-231-53
3212	255-101-252-104
3213	255-101-252-104
3214	255-212-231-53
3215	255-122-4-2
3216	255-122-4-2
3217	255-101-252-104
3218	255-26-209-210
3219	255-26-209-210
3220	255-70-122-242
3221	255-101-252-104
3222	255-26-209-210
3223	255-70-122-242
3224	255-26-209-210
3225	255-70-122-242
3226	255-26-209-210
3227	255-70-122-242
3228	255-26-209-210
3229	255-26-209-210
3230	255-122-4-2
3231	255-70-122-242
3232	255-70-122-242
3233	255-70-122-242
3234	255-70-122-242
3235	255-217-56-6
3236	255-70-122-242
3237	255-122-4-2
3238	255-212-231-53
3239	255-254-152-44
3240	255-212-231-53
3241	255-122-4-2
3242	255-212-231-53
3243	255-122-4-2
3244	255-101-252-104
3246	255-26-209-210
3247	255-122-4-2
3248	255-217-56-6
3249	255-26-209-210
3250	255-217-56-6
3251	255-26-209-210
3252	255-26-209-210
3253	255-26-209-210
3254	255-26-209-210
3255	255-26-209-210
3256	255-26-209-210
3257	255-122-4-2
3258	255-26-209-210
3259	255-122-4-2
3260	255-122-4-2
3261	255-26-209-210
3262	255-70-122-242
3263	255-212-231-53
3264	255-212-231-53
3265	255-212-231-53
3266	255-122-4-2
3267	255-212-231-53
3268	255-101-252-104
3269	255-26-209-210
3270	255-212-231-53
3271	255-122-4-2
3272	255-212-231-53
3273	255-122-4-2
3274	255-212-231-53
3275	255-122-4-2
3276	255-122-4-2
3277	255-70-122-242
3278	255-122-4-2
3279	255-26-209-210
3280	255-70-122-242
3281	255-122-4-2
3282	255-70-122-242
3283	255-70-122-242
3284	255-70-122-242
3285	255-122-4-2
3286	255-122-4-2
3287	255-122-4-2
3288	255-122-4-2
3289	255-122-4-2
3290	255-101-252-104
3291	255-26-209-210
3292	255-212-231-53
3293	255-26-209-210
3294	255-70-122-242
3295	255-212-231-53
3296	255-212-231-53
3297	255-26-209-210
3298	255-26-209-210
3299	255-122-4-2
3300	255-26-209-210
3301	255-122-4-2
3302	255-70-122-242
3303	255-70-122-242
3304	255-101-252-104
3305	255-26-209-210
3306	255-101-252-104
3307	255-26-209-210
3308	255-26-209-210
3309	255-70-122-242
3310	255-26-209-210
3311	255-26-209-210
3312	255-122-4-2
3313	255-212-231-53
3314	255-212-231-53
3315	255-212-231-53
3316	255-122-4-2
3317	255-26-209-210
3318	255-212-231-53
3319	255-122-4-2
3320	255-122-4-2
3321	255-212-231-53
3322	255-70-122-242
3323	255-70-122-242
3324	255-26-209-210
3325	255-122-4-2
3326	255-70-122-242
3327	255-122-4-2
3328	255-122-4-2
3329	255-212-231-53
3330	255-70-122-242
3331	255-122-4-2
3332	255-122-4-2
3333	255-70-122-242
3334	255-122-4-2
3335	255-212-231-53
3336	255-122-4-2
3337	255-70-122-242
3338	255-122-4-2
3339	255-254-152-44
3340	255-70-122-242
3341	255-70-122-242
3342	255-70-122-242
3343	255-70-122-242
3344	255-122-4-2
3345	255-122-4-2
3346	255-212-231-53
3347	255-212-231-53
3348	255-122-4-2
3349	255-122-4-2
3350	255-122-4-2
3351	255-212-231-53
3352	255-212-231-53
3353	255-212-231-53
3354	255-122-4-2
3355	255-212-231-53
3356	255-212-231-53
3357	255-212-231-53
3358	255-212-231-53
3359	255-212-231-53
3360	255-212-231-53
3361	255-212-231-53
3362	255-26-209-210
3363	255-212-231-53
3364	255-212-231-53
3365	255-212-231-53
3366	255-101-252-104
3367	255-122-4-2
3368	255-26-209-210
3369	255-212-231-53
3370	255-212-231-53
3371	255-212-231-53
3372	255-212-231-53
3373	255-212-231-53
3374	255-70-122-242
3375	255-26-209-210
3376	255-122-4-2
3377	255-212-231-53
3378	255-122-4-2
3379	255-122-4-2
3380	255-26-209-210
3381	255-122-4-2
3382	255-26-209-210
3383	255-212-231-53
3384	255-122-4-2
3385	255-70-122-242
3386	255-70-122-242
3387	255-254-152-44
3388	255-26-209-210
3389	255-70-122-242
3390	255-70-122-242
3391	255-122-4-2
3392	255-212-231-53
3393	255-122-4-2
3394	255-217-56-6
3395	255-70-122-242
3396	255-212-231-53
3397	255-70-122-242
3398	255-70-122-242
3399	255-70-122-242
3400	255-212-231-53
3401	255-26-209-210
3402	255-70-122-242
3403	255-70-122-242
3404	255-70-122-242
3405	255-26-209-210
3406	255-70-122-242
3407	255-70-122-242
3408	255-70-122-242
3409	255-26-209-210
3410	255-26-209-210
3411	255-26-209-210
3412	255-70-122-242
3413	255-122-4-2
3414	255-26-209-210
3415	255-70-122-242
3416	255-26-209-210
3417	255-254-152-44
3418	255-212-231-53
3419	255-122-4-2
3420	255-70-122-242
3421	255-212-231-53
3422	255-212-231-53
3423	255-70-122-242
3424	255-70-122-242
3425	255-122-4-2
3426	255-70-122-242
3427	255-70-122-242
3428	255-70-122-242
3429	255-70-122-242
3430	255-70-122-242
3431	255-212-231-53
3432	255-70-122-242
3433	255-212-231-53
3434	255-212-231-53
3435	255-212-231-53
3436	255-70-122-242
3437	255-70-122-242
3438	255-122-4-2
3439	255-122-4-2
3440	255-122-4-2
3441	255-122-4-2
3442	255-254-152-44
3443	255-70-122-242
3444	255-101-252-104
3445	255-101-252-104
3446	255-26-209-210
3447	255-122-4-2
3448	255-122-4-2
3449	255-122-4-2
3450	255-212-231-53
3451	255-122-4-2
3452	255-70-122-242
3453	255-101-252-104
3454	255-70-122-242
3455	255-70-122-242
3456	255-70-122-242
3457	255-217-56-6
3458	255-70-122-242
3459	255-101-252-104
3460	255-122-4-2
3461	255-70-122-242
3462	255-70-122-242
3463	255-70-122-242
3464	255-122-4-2
3465	255-70-122-242
3466	255-122-4-2
3467	255-70-122-242
3468	255-212-231-53
3469	255-212-231-53
3470	255-212-231-53
3471	255-70-122-242
3472	255-70-122-242
3473	255-122-4-2
3474	255-122-4-2
3475	255-217-56-6
3476	255-70-122-242
3477	255-70-122-242
3478	255-26-209-210
3479	255-217-56-6
3480	255-254-152-44
3481	255-212-231-53
3482	255-254-152-44
3483	255-70-122-242
3484	255-101-252-104
3485	255-70-122-242
3486	255-101-252-104
3487	255-122-4-2
3488	255-26-209-210
3489	255-122-4-2
3490	255-122-4-2
3491	255-26-209-210
3492	255-26-209-210
3493	255-212-231-53
3494	255-212-231-53
3495	255-122-4-2
3496	255-101-252-104
3497	255-212-231-53
3498	255-254-152-44
3499	255-254-152-44
3500	255-122-4-2
3501	255-212-231-53
3502	255-70-122-242
3503	255-122-4-2
3504	255-122-4-2
3505	255-212-231-53
3506	255-212-231-53
3507	255-212-231-53
3508	255-26-209-210
3509	255-122-4-2
3510	255-212-231-53
3511	255-122-4-2
3512	255-212-231-53
3513	255-212-231-53
3514	255-26-209-210
3515	255-26-209-210
3516	255-122-4-2
3517	255-122-4-2
3518	255-122-4-2
3519	255-70-122-242
3520	255-212-231-53
3521	255-70-122-242
3522	255-122-4-2
3523	255-70-122-242
3524	255-26-209-210
3525	255-70-122-242
3526	255-70-122-242
3527	255-70-122-242
3528	255-70-122-242
3529	255-122-4-2
3530	255-101-252-104
3531	255-122-4-2
3532	255-254-152-44
3533	255-217-56-6
3534	255-26-209-210
3535	255-26-209-210
3536	255-26-209-210
3537	255-26-209-210
3538	255-26-209-210
3539	255-26-209-210
3540	255-122-4-2
3541	255-26-209-210
3542	255-26-209-210
3543	255-122-4-2
3544	255-101-252-104
3545	255-101-252-104
3546	255-26-209-210
3547	255-101-252-104
3548	255-26-209-210
3549	255-212-231-53
3550	255-101-252-104
3551	255-26-209-210
3552	255-101-252-104
3553	255-26-209-210
3554	255-101-252-104
3555	255-101-252-104
3556	255-26-209-210
3557	255-212-231-53
3558	255-101-252-104
3559	255-70-122-242
3560	255-212-231-53
3561	255-101-252-104
3562	255-254-152-44
3563	255-212-231-53
3564	255-212-231-53
3565	255-101-252-104
3566	255-26-209-210
3567	255-101-252-104
3568	255-212-231-53
3569	255-101-252-104
3570	255-212-231-53
3571	255-212-231-53
3572	255-101-252-104
3573	255-212-231-53
3574	255-212-231-53
3575	255-70-122-242
3576	255-122-4-2
3577	255-122-4-2
3578	255-70-122-242
3579	255-101-252-104
3580	255-70-122-242
3581	255-122-4-2
3582	255-122-4-2
3583	255-70-122-242
3584	255-70-122-242
3585	255-70-122-242
3586	255-70-122-242
3587	255-122-4-2
3588	255-122-4-2
3589	255-122-4-2
3590	255-122-4-2
3591	255-122-4-2
3592	255-101-252-104
3593	255-101-252-104
3594	255-26-209-210
3595	255-70-122-242
3596	255-122-4-2
3597	255-70-122-242
3598	255-101-252-104
3599	255-70-122-242
3600	255-122-4-2
3601	255-26-209-210
3602	255-122-4-2
3603	255-122-4-2
3604	255-122-4-2
3605	255-212-231-53
3606	255-101-252-104
3607	255-212-231-53
3608	255-212-231-53
3609	255-122-4-2
3610	255-122-4-2
3611	255-101-252-104
3612	255-212-231-53
3613	255-212-231-53
3614	255-122-4-2
3615	255-101-252-104
3616	255-70-122-242
3617	255-122-4-2
3618	255-101-252-104
3619	255-26-209-210
3620	255-26-209-210
3621	255-101-252-104
3622	255-26-209-210
3623	255-26-209-210
3624	255-101-252-104
3625	255-122-4-2
3626	255-122-4-2
3627	255-101-252-104
3628	255-26-209-210
3629	255-101-252-104
3630	255-212-231-53
3631	255-26-209-210
3632	255-26-209-210
3633	255-101-252-104
3634	255-26-209-210
3635	255-212-231-53
3636	255-122-4-2
3637	255-122-4-2
3638	255-212-231-53
3639	255-212-231-53
3640	255-212-231-53
3641	255-101-252-104
3642	255-212-231-53
3643	255-212-231-53
3644	255-212-231-53
3645	255-212-231-53
3646	255-26-209-210
3647	255-122-4-2
3648	255-70-122-242
3649	255-212-231-53
3650	255-70-122-242
3651	255-122-4-2
3652	255-122-4-2
3653	255-122-4-2
3654	255-70-122-242
3655	255-70-122-242
3656	255-70-122-242
3657	255-122-4-2
3658	255-212-231-53
3659	255-122-4-2
3660	255-101-252-104
3661	255-70-122-242
3662	255-122-4-2
3663	255-70-122-242
3664	255-212-231-53
3665	255-70-122-242
3666	255-70-122-242
3667	255-122-4-2
3668	255-70-122-242
3669	255-70-122-242
3670	255-217-56-6
3671	255-101-252-104
3672	255-122-4-2
3673	255-70-122-242
3674	255-70-122-242
3675	255-70-122-242
3676	255-212-231-53
3677	255-26-209-210
3678	255-122-4-2
3679	255-212-231-53
3680	255-212-231-53
3681	255-122-4-2
3682	255-212-231-53
3683	255-212-231-53
3684	255-212-231-53
3685	255-212-231-53
3686	255-212-231-53
3687	255-212-231-53
3688	255-212-231-53
3689	255-26-209-210
3690	255-212-231-53
3691	255-212-231-53
3692	255-212-231-53
3693	255-212-231-53
3694	255-212-231-53
3695	255-101-252-104
3696	255-212-231-53
3697	255-70-122-242
3698	255-70-122-242
3699	255-70-122-242
3700	255-101-252-104
3701	255-70-122-242
3702	255-101-252-104
3703	255-26-209-210
3704	255-101-252-104
3705	255-70-122-242
3706	255-101-252-104
3707	255-212-231-53
3708	255-101-252-104
3709	255-212-231-53
3710	255-212-231-53
3711	255-212-231-53
3712	255-212-231-53
3713	255-26-209-210
3714	255-26-209-210
3715	255-122-4-2
3716	255-122-4-2
3717	255-101-252-104
3718	255-122-4-2
3719	255-26-209-210
3720	255-101-252-104
3721	255-212-231-53
3722	255-122-4-2
3723	255-212-231-53
3724	255-212-231-53
3725	255-122-4-2
3726	255-122-4-2
3727	255-101-252-104
3728	255-101-252-104
3729	255-122-4-2
3730	255-70-122-242
3731	255-70-122-242
3732	255-26-209-210
3733	255-212-231-53
3734	255-26-209-210
3735	255-70-122-242
3736	255-217-56-6
3737	255-70-122-242
3738	255-70-122-242
3739	255-101-252-104
3740	255-70-122-242
3741	255-70-122-242
3742	255-26-209-210
3743	255-101-252-104
3744	255-70-122-242
3745	255-70-122-242
3746	255-26-209-210
3747	255-26-209-210
3748	255-26-209-210
3749	255-26-209-210
3750	255-26-209-210
3751	255-70-122-242
3752	255-212-231-53
3753	255-70-122-242
3754	255-212-231-53
3755	255-26-209-210
3756	255-70-122-242
3757	255-122-4-2
3758	255-70-122-242
3759	255-70-122-242
3760	255-70-122-242
3761	255-26-209-210
3762	255-70-122-242
3763	255-70-122-242
3764	255-70-122-242
3765	255-212-231-53
3766	255-254-152-44
3767	255-212-231-53
3768	255-70-122-242
3769	255-212-231-53
3770	255-212-231-53
3771	255-26-209-210
3772	255-26-209-210
3773	255-212-231-53
3774	255-212-231-53
3775	255-122-4-2
3776	255-212-231-53
3777	255-122-4-2
3778	255-122-4-2
3779	255-101-252-104
3780	255-70-122-242
3781	255-254-152-44
3782	255-101-252-104
3783	255-101-252-104
3784	255-254-152-44
3785	255-70-122-242
3786	255-70-122-242
3787	255-254-152-44
3788	255-101-252-104
3789	255-101-252-104
3790	255-254-152-44
3791	255-122-4-2
3792	255-101-252-104
3793	255-70-122-242
3794	255-70-122-242
3795	255-70-122-242
3796	255-101-252-104
3797	255-101-252-104
3798	255-70-122-242
3799	255-212-231-53
3800	255-122-4-2
3801	255-101-252-104
3802	255-122-4-2
3803	255-101-252-104
3804	255-70-122-242
3805	255-70-122-242
3806	255-122-4-2
3807	255-212-231-53
3808	255-122-4-2
3809	255-122-4-2
3810	255-70-122-242
3811	255-122-4-2
3812	255-70-122-242
3813	255-70-122-242
3814	255-122-4-2
3815	255-70-122-242
3816	255-212-231-53
3817	255-70-122-242
3818	255-70-122-242
3819	255-70-122-242
3820	255-70-122-242
3821	255-70-122-242
3822	255-254-152-44
3823	255-101-252-104
3824	255-70-122-242
3825	255-254-152-44
3826	255-254-152-44
3827	255-101-252-104
3828	255-212-231-53
3829	255-101-252-104
3830	255-26-209-210
3831	255-122-4-2
3832	255-26-209-210
3833	255-26-209-210
3834	255-70-122-242
3835	255-26-209-210
3836	255-26-209-210
3837	255-122-4-2
3838	255-26-209-210
3839	255-122-4-2
3840	255-26-209-210
3841	255-26-209-210
3842	255-101-252-104
3843	255-26-209-210
3844	255-26-209-210
3845	255-26-209-210
3846	255-122-4-2
3847	255-101-252-104
3848	255-26-209-210
3849	255-122-4-2
3850	255-212-231-53
3851	255-101-252-104
3852	255-122-4-2
3853	255-122-4-2
3854	255-122-4-2
3855	255-101-252-104
3856	255-212-231-53
3857	255-212-231-53
3858	255-122-4-2
3859	255-122-4-2
3860	255-101-252-104
3861	255-122-4-2
3862	255-122-4-2
3863	255-70-122-242
3864	255-122-4-2
3865	255-101-252-104
3866	255-122-4-2
3867	255-212-231-53
3868	255-70-122-242
3869	255-212-231-53
3870	255-26-209-210
3871	255-212-231-53
3872	255-212-231-53
3873	255-212-231-53
3874	255-212-231-53
3875	255-70-122-242
3876	255-70-122-242
3877	255-212-231-53
3878	255-212-231-53
3879	255-26-209-210
3880	255-212-231-53
3881	255-101-252-104
3882	255-212-231-53
3883	255-212-231-53
3884	255-70-122-242
3885	255-70-122-242
3886	255-212-231-53
3887	255-70-122-242
3888	255-122-4-2
3889	255-212-231-53
3890	255-70-122-242
3891	255-70-122-242
3892	255-70-122-242
3893	255-70-122-242
3894	255-217-56-6
3895	255-217-56-6
3896	255-254-152-44
3897	255-101-252-104
3898	255-70-122-242
3899	255-254-152-44
3900	255-26-209-210
3902	255-122-4-2
3903	255-122-4-2
3904	255-122-4-2
3905	255-26-209-210
3906	255-122-4-2
3907	255-26-209-210
3908	255-26-209-210
3909	255-26-209-210
3910	255-26-209-210
3911	255-26-209-210
3912	255-26-209-210
3913	255-26-209-210
3914	255-26-209-210
3915	255-26-209-210
3916	255-26-209-210
3917	255-26-209-210
3918	255-26-209-210
3919	255-26-209-210
3920	255-101-252-104
3921	255-101-252-104
3922	255-101-252-104
3923	255-101-252-104
3924	255-212-231-53
3925	255-122-4-2
3926	255-212-231-53
3927	255-70-122-242
3928	255-70-122-242
3929	255-212-231-53
3930	255-122-4-2
3931	255-26-209-210
3932	255-26-209-210
3933	255-26-209-210
3934	255-212-231-53
3935	255-212-231-53
3936	255-101-252-104
3937	255-212-231-53
3938	255-101-252-104
3939	255-101-252-104
3940	255-212-231-53
3941	255-212-231-53
3942	255-212-231-53
3943	255-122-4-2
3944	255-101-252-104
3945	255-122-4-2
3946	255-122-4-2
3947	255-70-122-242
3948	255-70-122-242
3949	255-70-122-242
3950	255-70-122-242
3951	255-70-122-242
3952	255-70-122-242
3953	255-70-122-242
3954	255-212-231-53
3955	255-70-122-242
3956	255-70-122-242
3957	255-122-4-2
3958	255-254-152-44
3959	255-122-4-2
3960	255-26-209-210
3961	255-101-252-104
3962	255-101-252-104
3963	255-101-252-104
3964	255-70-122-242
3965	255-70-122-242
3966	255-70-122-242
3967	255-101-252-104
3968	255-70-122-242
3969	255-122-4-2
3970	255-70-122-242
3971	255-70-122-242
3972	255-26-209-210
3973	255-122-4-2
3974	255-101-252-104
3975	255-101-252-104
3976	255-122-4-2
3977	255-101-252-104
3978	255-212-231-53
3979	255-212-231-53
3980	255-212-231-53
3981	255-26-209-210
3982	255-122-4-2
3983	255-70-122-242
3984	255-101-252-104
3985	255-122-4-2
3986	255-26-209-210
3987	255-212-231-53
3988	255-26-209-210
3989	255-26-209-210
3990	255-101-252-104
3991	255-101-252-104
3992	255-122-4-2
3993	255-70-122-242
3994	255-101-252-104
3995	255-101-252-104
3996	255-26-209-210
3997	255-212-231-53
3998	255-101-252-104
3999	255-212-231-53
4000	255-101-252-104
4001	255-70-122-242
4002	255-212-231-53
4003	255-70-122-242
4004	255-101-252-104
4005	255-212-231-53
4006	255-212-231-53
4007	255-212-231-53
4008	255-212-231-53
4009	255-212-231-53
4010	255-212-231-53
4011	255-212-231-53
4012	255-26-209-210
4013	255-212-231-53
4014	255-212-231-53
4015	255-212-231-53
4016	255-212-231-53
4017	255-101-252-104
4018	255-212-231-53
4019	255-212-231-53
4020	255-212-231-53
4021	255-212-231-53
4022	255-26-209-210
4023	255-212-231-53
4024	255-212-231-53
4025	255-70-122-242
4026	255-26-209-210
4027	255-26-209-210
4028	255-212-231-53
4029	255-212-231-53
4030	255-212-231-53
4031	255-26-209-210
4032	255-70-122-242
4033	255-26-209-210
4034	255-70-122-242
4035	255-70-122-242
4036	255-122-4-2
4037	255-254-152-44
4038	255-122-4-2
4039	255-212-231-53
4040	255-70-122-242
4041	255-212-231-53
4042	255-70-122-242
4043	255-122-4-2
4044	255-212-231-53
4045	255-70-122-242
4046	255-122-4-2
4047	255-122-4-2
4048	255-70-122-242
4049	255-70-122-242
4050	255-122-4-2
4051	255-70-122-242
4052	255-70-122-242
4053	255-122-4-2
4054	255-70-122-242
4055	255-70-122-242
4056	255-101-252-104
4057	255-122-4-2
4058	255-101-252-104
4059	255-101-252-104
4060	255-212-231-53
4061	255-101-252-104
4062	255-212-231-53
4063	255-212-231-53
4064	255-212-231-53
4065	255-212-231-53
4066	255-122-4-2
4067	255-212-231-53
4068	255-212-231-53
4069	255-212-231-53
4070	255-212-231-53
4071	255-212-231-53
4072	255-212-231-53
4073	255-212-231-53
4074	255-101-252-104
4075	255-212-231-53
4076	255-212-231-53
4077	255-212-231-53
4078	255-212-231-53
4079	255-101-252-104
4080	255-122-4-2
4081	255-101-252-104
4082	255-70-122-242
4083	255-212-231-53
4084	255-122-4-2
4085	255-26-209-210
4086	255-122-4-2
4087	255-212-231-53
4088	255-212-231-53
4089	255-212-231-53
4090	255-26-209-210
4091	255-26-209-210
4092	255-122-4-2
4093	255-101-252-104
4094	255-26-209-210
4095	255-122-4-2
4096	255-101-252-104
4097	255-122-4-2
4098	255-122-4-2
4099	255-70-122-242
4100	255-26-209-210
4101	255-26-209-210
4102	255-70-122-242
4103	255-101-252-104
4104	255-26-209-210
4105	255-70-122-242
4106	255-70-122-242
4107	255-70-122-242
4108	255-70-122-242
4109	255-70-122-242
4110	255-70-122-242
4111	255-70-122-242
4112	255-70-122-242
4113	255-70-122-242
4114	255-26-209-210
4115	255-26-209-210
4116	255-122-4-2
4117	255-212-231-53
4118	255-212-231-53
4119	255-70-122-242
4120	255-217-56-6
4121	255-212-231-53
4122	255-212-231-53
4123	255-70-122-242
4124	255-212-231-53
4125	255-70-122-242
4126	255-70-122-242
4127	255-70-122-242
4128	255-212-231-53
4129	255-70-122-242
4130	255-70-122-242
4131	255-212-231-53
4132	255-212-231-53
4133	255-70-122-242
4134	255-70-122-242
4135	255-212-231-53
4136	255-70-122-242
4137	255-101-252-104
4138	255-122-4-2
4139	255-70-122-242
4140	255-70-122-242
4141	255-70-122-242
4142	255-70-122-242
4143	255-212-231-53
4144	255-70-122-242
4145	255-254-152-44
4146	255-26-209-210
4147	255-70-122-242
4148	255-26-209-210
4149	255-70-122-242
4150	255-26-209-210
4151	255-26-209-210
4152	255-70-122-242
4153	255-101-252-104
4154	255-254-152-44
4155	255-26-209-210
4156	255-70-122-242
4157	255-212-231-53
4158	255-122-4-2
4159	255-101-252-104
4160	255-254-152-44
4161	255-122-4-2
4162	255-212-231-53
4163	255-101-252-104
4164	255-122-4-2
4165	255-70-122-242
4166	255-70-122-242
4167	255-122-4-2
4168	255-70-122-242
4169	255-122-4-2
4170	255-122-4-2
4171	255-122-4-2
4172	255-70-122-242
4173	255-26-209-210
4174	255-70-122-242
4175	255-101-252-104
4176	255-70-122-242
4177	255-70-122-242
4178	255-122-4-2
4179	255-70-122-242
4180	255-101-252-104
4181	255-212-231-53
4182	255-101-252-104
4183	255-70-122-242
4184	255-122-4-2
4185	255-101-252-104
4186	255-101-252-104
4187	255-101-252-104
4188	255-26-209-210
4189	255-26-209-210
4190	255-122-4-2
4191	255-122-4-2
4192	255-70-122-242
4193	255-26-209-210
4194	255-26-209-210
4195	255-101-252-104
4196	255-26-209-210
4197	255-70-122-242
4198	255-101-252-104
4199	255-122-4-2
4200	255-101-252-104
4201	255-122-4-2
4202	255-122-4-2
4203	255-254-152-44
4204	255-101-252-104
4205	255-212-231-53
4206	255-254-152-44
4207	255-70-122-242
4208	255-101-252-104
4209	255-101-252-104
4210	255-212-231-53
4211	255-70-122-242
4212	255-212-231-53
4213	255-101-252-104
4214	255-122-4-2
4215	255-101-252-104
4216	255-212-231-53
4217	255-70-122-242
4218	255-101-252-104
4219	255-122-4-2
4220	255-70-122-242
4221	255-122-4-2
4222	255-122-4-2
4223	255-122-4-2
4224	255-212-231-53
4225	255-212-231-53
4226	255-70-122-242
4227	255-212-231-53
4228	255-122-4-2
4229	255-70-122-242
4230	255-101-252-104
4231	255-101-252-104
4232	255-101-252-104
4233	255-212-231-53
4234	255-212-231-53
4235	255-212-231-53
4236	255-212-231-53
4237	255-212-231-53
4238	255-254-152-44
4239	255-212-231-53
4240	255-212-231-53
4241	255-212-231-53
4242	255-212-231-53
4243	255-70-122-242
4244	255-70-122-242
4245	255-70-122-242
4246	255-70-122-242
4247	255-70-122-242
4248	255-70-122-242
4249	255-70-122-242
4250	255-70-122-242
4251	255-26-209-210
4252	255-70-122-242
4253	255-101-252-104
4254	255-101-252-104
4255	255-26-209-210
4256	255-70-122-242
4257	255-26-209-210
4258	255-101-252-104
4259	255-101-252-104
4260	255-70-122-242
4261	255-26-209-210
4262	255-26-209-210
4263	255-26-209-210
4264	255-26-209-210
4265	255-26-209-210
4266	255-26-209-210
4267	255-70-122-242
4268	255-70-122-242
4269	255-26-209-210
4270	255-26-209-210
4271	255-26-209-210
4272	255-26-209-210
4273	255-26-209-210
4274	255-26-209-210
4275	255-26-209-210
4276	255-26-209-210
4277	255-26-209-210
4278	255-70-122-242
4279	255-26-209-210
4280	255-26-209-210
4281	255-26-209-210
4282	255-122-4-2
4283	255-70-122-242
4284	255-101-252-104
4285	255-26-209-210
4286	255-101-252-104
4287	255-70-122-242
4288	255-122-4-2
4289	255-101-252-104
4290	255-212-231-53
4291	255-212-231-53
4292	255-26-209-210
4293	255-212-231-53
4294	255-212-231-53
4295	255-212-231-53
4296	255-26-209-210
4297	255-26-209-210
4298	255-101-252-104
4299	255-26-209-210
4300	255-212-231-53
4301	255-212-231-53
4302	255-122-4-2
4303	255-212-231-53
4304	255-212-231-53
4305	255-212-231-53
4306	255-101-252-104
4307	255-212-231-53
4308	255-212-231-53
4309	255-254-152-44
4310	255-212-231-53
4311	255-254-152-44
4312	255-212-231-53
4313	255-26-209-210
4314	255-70-122-242
4315	255-70-122-242
4316	255-70-122-242
4317	255-122-4-2
4318	255-70-122-242
4319	255-70-122-242
4320	255-70-122-242
4322	255-212-231-53
4323	255-26-209-210
4324	255-101-252-104
4325	255-70-122-242
4326	255-70-122-242
4327	255-212-231-53
4328	255-122-4-2
4329	255-101-252-104
4330	255-122-4-2
4331	255-101-252-104
4332	255-212-231-53
4333	255-101-252-104
4334	255-212-231-53
4335	255-122-4-2
4336	255-122-4-2
4337	255-122-4-2
4338	255-122-4-2
4339	255-26-209-210
4340	255-26-209-210
4341	255-26-209-210
4342	255-122-4-2
4343	255-70-122-242
4344	255-101-252-104
4345	255-212-231-53
4346	255-26-209-210
4347	255-26-209-210
4348	255-101-252-104
4349	255-122-4-2
4350	255-26-209-210
4351	255-70-122-242
4352	255-70-122-242
4353	255-101-252-104
4354	255-70-122-242
4355	255-70-122-242
4356	255-70-122-242
4357	255-254-152-44
4358	255-101-252-104
4359	255-254-152-44
4360	255-212-231-53
4361	255-122-4-2
4362	255-212-231-53
4363	255-122-4-2
4364	255-70-122-242
4365	255-101-252-104
4366	255-122-4-2
4367	255-26-209-210
4368	255-212-231-53
4369	255-212-231-53
4370	255-70-122-242
4371	255-212-231-53
4372	255-212-231-53
4373	255-212-231-53
4374	255-212-231-53
4375	255-212-231-53
4376	255-212-231-53
4377	255-70-122-242
4378	255-70-122-242
4379	255-70-122-242
4380	255-70-122-242
4381	255-70-122-242
4382	255-70-122-242
4383	255-254-152-44
4384	255-254-152-44
4385	255-70-122-242
4386	255-70-122-242
4387	255-101-252-104
4388	255-70-122-242
4389	255-70-122-242
4390	255-70-122-242
4391	255-70-122-242
4392	255-70-122-242
4393	255-212-231-53
4394	255-70-122-242
4395	255-212-231-53
4396	255-101-252-104
4397	255-212-231-53
4398	255-101-252-104
4399	255-101-252-104
4400	255-101-252-104
4401	255-101-252-104
4402	255-101-252-104
4403	255-101-252-104
4404	255-212-231-53
4405	255-212-231-53
4406	255-212-231-53
4407	255-212-231-53
4408	255-212-231-53
4409	255-212-231-53
4410	255-70-122-242
4411	255-212-231-53
4412	255-212-231-53
4413	255-212-231-53
4414	255-122-4-2
4415	255-212-231-53
4416	255-212-231-53
4417	255-212-231-53
4418	255-212-231-53
4419	255-70-122-242
4420	255-70-122-242
4421	255-212-231-53
4422	255-26-209-210
4423	255-212-231-53
4424	255-26-209-210
4425	255-122-4-2
4426	255-101-252-104
4427	255-101-252-104
4428	255-122-4-2
4429	255-122-4-2
4430	255-122-4-2
4431	255-26-209-210
4432	255-70-122-242
4433	255-70-122-242
4434	255-101-252-104
4435	255-122-4-2
4436	255-122-4-2
4437	255-101-252-104
4438	255-212-231-53
4439	255-122-4-2
4440	255-122-4-2
4441	255-26-209-210
4442	255-26-209-210
4443	255-26-209-210
4444	255-70-122-242
4445	255-70-122-242
4446	255-101-252-104
4447	255-122-4-2
4448	255-70-122-242
4449	255-70-122-242
4450	255-70-122-242
4451	255-101-252-104
4452	255-26-209-210
4453	255-70-122-242
4454	255-122-4-2
4455	255-212-231-53
4456	255-26-209-210
4457	255-122-4-2
4458	255-101-252-104
4459	255-26-209-210
4460	255-122-4-2
4461	255-26-209-210
4462	255-70-122-242
4463	255-26-209-210
4464	255-101-252-104
4465	255-70-122-242
4466	255-70-122-242
4467	255-70-122-242
4468	255-212-231-53
4469	255-212-231-53
4470	255-212-231-53
4471	255-70-122-242
4472	255-70-122-242
4473	255-70-122-242
4474	255-70-122-242
4475	255-70-122-242
4476	255-70-122-242
4477	255-70-122-242
4478	255-70-122-242
4479	255-122-4-2
4480	255-70-122-242
4481	255-70-122-242
4482	255-212-231-53
4483	255-122-4-2
4484	255-70-122-242
4485	255-70-122-242
4486	255-70-122-242
4487	255-70-122-242
4488	255-26-209-210
4489	255-70-122-242
4490	255-70-122-242
4491	255-212-231-53
4492	255-212-231-53
4493	255-212-231-53
4494	255-101-252-104
4495	255-101-252-104
4496	255-212-231-53
4497	255-101-252-104
4498	255-101-252-104
4499	255-212-231-53
4500	255-212-231-53
4501	255-101-252-104
4502	255-101-252-104
4503	255-254-152-44
4504	255-26-209-210
4505	255-70-122-242
4506	255-101-252-104
4507	255-70-122-242
4508	255-26-209-210
4509	255-70-122-242
4510	255-101-252-104
4511	255-70-122-242
4512	255-254-152-44
4513	255-70-122-242
4514	255-70-122-242
4515	255-70-122-242
4516	255-70-122-242
4517	255-70-122-242
4518	255-122-4-2
4519	255-70-122-242
4520	255-212-231-53
4521	255-212-231-53
4522	255-212-231-53
4523	255-212-231-53
4524	255-212-231-53
4525	255-212-231-53
4526	255-212-231-53
4527	255-101-252-104
4528	255-101-252-104
4529	255-122-4-2
4530	255-212-231-53
4531	255-122-4-2
4532	255-212-231-53
4533	255-70-122-242
4534	255-26-209-210
4535	255-122-4-2
4536	255-212-231-53
4537	255-212-231-53
4538	255-101-252-104
4539	255-212-231-53
4540	255-212-231-53
4541	255-101-252-104
4542	255-70-122-242
4543	255-101-252-104
4544	255-122-4-2
4545	255-26-209-210
4546	255-70-122-242
4547	255-70-122-242
4548	255-26-209-210
4549	255-122-4-2
4550	255-122-4-2
4551	255-101-252-104
4552	255-122-4-2
4553	255-26-209-210
4554	255-26-209-210
4555	255-70-122-242
4556	255-212-231-53
4557	255-122-4-2
4558	255-26-209-210
4559	255-70-122-242
4560	255-101-252-104
4561	255-70-122-242
4562	255-122-4-2
4563	255-122-4-2
4564	255-101-252-104
4565	255-101-252-104
4566	255-212-231-53
4567	255-122-4-2
4568	255-101-252-104
4569	255-101-252-104
4570	255-101-252-104
4571	255-212-231-53
4572	255-101-252-104
4573	255-26-209-210
4574	255-122-4-2
4575	255-212-231-53
4576	255-26-209-210
4577	255-212-231-53
4578	255-254-152-44
4579	255-212-231-53
4580	255-101-252-104
4581	255-70-122-242
4582	255-101-252-104
4583	255-101-252-104
4584	255-26-209-210
4585	255-212-231-53
4586	255-101-252-104
4587	255-122-4-2
4588	255-26-209-210
4589	255-122-4-2
4590	255-70-122-242
4591	255-70-122-242
4592	255-101-252-104
4593	255-26-209-210
4594	255-26-209-210
4595	255-70-122-242
4596	255-26-209-210
4597	255-26-209-210
4598	255-70-122-242
4599	255-26-209-210
4600	255-26-209-210
4601	255-122-4-2
4602	255-26-209-210
4603	255-26-209-210
4604	255-26-209-210
4605	255-26-209-210
4606	255-26-209-210
4607	255-26-209-210
4608	255-26-209-210
4609	255-70-122-242
4610	255-70-122-242
4611	255-26-209-210
4612	255-122-4-2
4613	255-26-209-210
4614	255-70-122-242
4615	255-70-122-242
4616	255-101-252-104
4617	255-70-122-242
4618	255-101-252-104
4619	255-122-4-2
4620	255-70-122-242
4621	255-254-152-44
4622	255-122-4-2
4623	255-212-231-53
4624	255-122-4-2
4625	255-70-122-242
4626	255-26-209-210
4627	255-122-4-2
4628	255-101-252-104
4629	255-101-252-104
4630	255-101-252-104
4631	255-70-122-242
4632	255-70-122-242
4633	255-122-4-2
4634	255-101-252-104
4635	255-70-122-242
4636	255-26-209-210
4637	255-122-4-2
4638	255-101-252-104
4639	255-70-122-242
4640	255-70-122-242
4641	255-70-122-242
4642	255-26-209-210
4643	255-70-122-242
4644	255-70-122-242
4645	255-70-122-242
4646	255-70-122-242
4647	255-70-122-242
4648	255-70-122-242
4649	255-70-122-242
4650	255-70-122-242
4651	255-26-209-210
4652	255-212-231-53
4653	255-212-231-53
4654	255-70-122-242
4655	255-122-4-2
4656	255-70-122-242
4657	255-70-122-242
4658	255-101-252-104
4659	255-122-4-2
4660	255-212-231-53
4661	255-212-231-53
4662	255-122-4-2
4663	255-122-4-2
4664	255-212-231-53
4665	255-122-4-2
4666	255-212-231-53
4667	255-26-209-210
4668	255-26-209-210
4669	255-122-4-2
4670	255-26-209-210
4671	255-26-209-210
4672	255-101-252-104
4673	255-122-4-2
4674	255-70-122-242
4675	255-101-252-104
4676	255-70-122-242
4677	255-101-252-104
4678	255-70-122-242
4679	255-254-152-44
4680	255-70-122-242
4681	255-70-122-242
4682	255-101-252-104
4683	255-70-122-242
4684	255-70-122-242
4685	255-70-122-242
4686	255-70-122-242
4687	255-70-122-242
4688	255-212-231-53
4689	255-26-209-210
4690	255-26-209-210
4691	255-70-122-242
4692	255-122-4-2
4693	255-122-4-2
4694	255-122-4-2
4695	255-26-209-210
4696	255-122-4-2
4697	255-122-4-2
4698	255-26-209-210
4699	255-101-252-104
4700	255-212-231-53
4701	255-101-252-104
4702	255-122-4-2
4703	255-70-122-242
4704	255-101-252-104
4705	255-70-122-242
4706	255-26-209-210
4707	255-70-122-242
4708	255-26-209-210
4709	255-101-252-104
4710	255-254-152-44
4711	255-70-122-242
4712	255-70-122-242
4713	255-70-122-242
4714	255-26-209-210
4715	255-70-122-242
4716	255-70-122-242
4717	255-70-122-242
4718	255-254-152-44
4719	255-70-122-242
4720	255-70-122-242
4721	255-101-252-104
4722	255-101-252-104
4723	255-101-252-104
4724	255-101-252-104
4725	255-101-252-104
4726	255-212-231-53
4727	255-212-231-53
4728	255-70-122-242
4729	255-70-122-242
4730	255-212-231-53
4731	255-212-231-53
4732	255-212-231-53
4733	255-122-4-2
4734	255-70-122-242
4735	255-122-4-2
4736	255-101-252-104
4737	255-70-122-242
4738	255-101-252-104
4739	255-101-252-104
4740	255-101-252-104
4741	255-70-122-242
4742	255-122-4-2
4743	255-101-252-104
4744	255-101-252-104
4745	255-122-4-2
4746	255-26-209-210
4747	255-122-4-2
4748	255-101-252-104
4749	255-122-4-2
4750	255-122-4-2
4751	255-122-4-2
4752	255-101-252-104
4753	255-101-252-104
4754	255-101-252-104
4755	255-70-122-242
4756	255-122-4-2
4757	255-122-4-2
4758	255-122-4-2
4759	255-122-4-2
4760	255-122-4-2
4761	255-101-252-104
4762	255-70-122-242
4763	255-212-231-53
4764	255-101-252-104
4765	255-122-4-2
4766	255-122-4-2
4767	255-101-252-104
4768	255-70-122-242
4769	255-122-4-2
4770	255-101-252-104
4771	255-70-122-242
4772	255-70-122-242
4773	255-70-122-242
4774	255-70-122-242
4775	255-26-209-210
4776	255-101-252-104
4777	255-70-122-242
4778	255-122-4-2
4779	255-212-231-53
4780	255-122-4-2
4781	255-26-209-210
4782	255-122-4-2
4783	255-122-4-2
4784	255-26-209-210
4785	255-70-122-242
4786	255-70-122-242
4787	255-70-122-242
4788	255-70-122-242
4789	255-70-122-242
4790	255-70-122-242
4791	255-70-122-242
4792	255-122-4-2
4793	255-26-209-210
4794	255-122-4-2
4795	255-101-252-104
4796	255-70-122-242
4797	255-70-122-242
4798	255-70-122-242
4799	255-70-122-242
4800	255-70-122-242
4801	255-212-231-53
4802	255-212-231-53
4803	255-212-231-53
4804	255-212-231-53
4805	255-212-231-53
4806	255-212-231-53
4807	255-212-231-53
4808	255-101-252-104
4809	255-212-231-53
4810	255-212-231-53
4811	255-212-231-53
4812	255-212-231-53
4813	255-101-252-104
4814	255-101-252-104
4815	255-101-252-104
4816	255-101-252-104
4817	255-254-152-44
4818	255-101-252-104
4819	255-212-231-53
4820	255-254-152-44
4821	255-254-152-44
4822	255-122-4-2
4823	255-122-4-2
4824	255-254-152-44
4825	255-70-122-242
4826	255-70-122-242
4827	255-26-209-210
4828	255-212-231-53
4829	255-212-231-53
4830	255-212-231-53
4831	255-212-231-53
4832	255-212-231-53
4833	255-101-252-104
4834	255-212-231-53
4835	255-212-231-53
4836	255-212-231-53
4837	255-212-231-53
4838	255-101-252-104
4839	255-212-231-53
4840	255-101-252-104
4841	255-122-4-2
4842	255-212-231-53
4843	255-101-252-104
4844	255-101-252-104
4845	255-101-252-104
4846	255-101-252-104
4847	255-101-252-104
4848	255-212-231-53
4849	255-212-231-53
4850	255-70-122-242
4851	255-122-4-2
4852	255-101-252-104
4853	255-70-122-242
4854	255-212-231-53
4855	255-26-209-210
4856	255-122-4-2
4857	255-101-252-104
4858	255-26-209-210
4859	255-26-209-210
4860	255-26-209-210
4861	255-26-209-210
4862	255-26-209-210
4863	255-101-252-104
4864	255-122-4-2
4865	255-122-4-2
4866	255-26-209-210
4867	255-26-209-210
4868	255-122-4-2
4869	255-70-122-242
4870	255-122-4-2
4871	255-101-252-104
4872	255-212-231-53
4873	255-26-209-210
4874	255-70-122-242
4875	255-70-122-242
4876	255-26-209-210
4877	255-254-152-44
4878	255-254-152-44
4880	255-212-231-53
4881	255-122-4-2
4882	255-101-252-104
4883	255-101-252-104
4884	255-122-4-2
4885	255-101-252-104
4886	255-101-252-104
4887	255-70-122-242
4888	255-212-231-53
4889	255-212-231-53
4890	255-212-231-53
4891	255-212-231-53
4892	255-254-152-44
4893	255-70-122-242
4894	255-70-122-242
4895	255-122-4-2
4896	255-70-122-242
4897	255-26-209-210
4898	255-70-122-242
4899	255-70-122-242
4900	255-70-122-242
4901	255-70-122-242
4902	255-122-4-2
4903	255-122-4-2
4904	255-26-209-210
4905	255-26-209-210
4906	255-122-4-2
4907	255-26-209-210
4908	255-70-122-242
4909	255-26-209-210
4910	255-26-209-210
4911	255-70-122-242
4912	255-26-209-210
4913	255-26-209-210
4914	255-70-122-242
4915	255-26-209-210
4916	255-101-252-104
4917	255-101-252-104
4918	255-70-122-242
4919	255-26-209-210
4920	255-26-209-210
4921	255-70-122-242
4922	255-122-4-2
4923	255-26-209-210
4924	255-122-4-2
4925	255-122-4-2
4926	255-70-122-242
4927	255-70-122-242
4928	255-212-231-53
4929	255-101-252-104
4930	255-70-122-242
4931	255-101-252-104
4932	255-101-252-104
4933	255-101-252-104
4934	255-70-122-242
4935	255-122-4-2
4936	255-26-209-210
4937	255-26-209-210
4938	255-70-122-242
4939	255-70-122-242
4940	255-70-122-242
4941	255-70-122-242
4942	255-70-122-242
4943	255-101-252-104
4944	255-70-122-242
4945	255-122-4-2
4946	255-70-122-242
4947	255-70-122-242
4948	255-254-152-44
4949	255-70-122-242
4950	255-101-252-104
4951	255-101-252-104
4952	255-101-252-104
4953	255-122-4-2
4954	255-101-252-104
4955	255-122-4-2
4956	255-26-209-210
4957	255-26-209-210
4958	255-26-209-210
4959	255-26-209-210
4960	255-26-209-210
4961	255-26-209-210
4962	255-26-209-210
4963	255-26-209-210
4964	255-26-209-210
4965	255-26-209-210
4966	255-26-209-210
4967	255-26-209-210
4968	255-26-209-210
4969	255-26-209-210
4970	255-26-209-210
4971	255-26-209-210
4972	255-26-209-210
4973	255-70-122-242
4974	255-26-209-210
4975	255-70-122-242
4976	255-70-122-242
4977	255-26-209-210
4978	255-70-122-242
4979	255-122-4-2
4980	255-70-122-242
4981	255-70-122-242
4982	255-70-122-242
4983	255-70-122-242
4984	255-70-122-242
4985	255-70-122-242
4986	255-26-209-210
4987	255-212-231-53
4988	255-122-4-2
4989	255-122-4-2
4990	255-122-4-2
4991	255-70-122-242
4992	255-122-4-2
4993	255-122-4-2
4994	255-122-4-2
4995	255-101-252-104
4996	255-101-252-104
4997	255-101-252-104
4998	255-101-252-104
4999	255-101-252-104
5000	255-122-4-2
5001	255-101-252-104
5002	255-101-252-104
5003	255-26-209-210
5004	255-101-252-104
5005	255-70-122-242
5006	255-122-4-2
5007	255-70-122-242
5008	255-70-122-242
5009	255-70-122-242
5010	255-70-122-242
5011	255-70-122-242
5012	255-70-122-242
5013	255-101-252-104
5014	255-26-209-210
5015	255-122-4-2
5016	255-26-209-210
5017	255-26-209-210
5018	255-122-4-2
5019	255-212-231-53
5020	255-212-231-53
5021	255-212-231-53
5022	255-122-4-2
5023	255-212-231-53
5024	255-70-122-242
5025	255-101-252-104
5026	255-70-122-242
5027	255-101-252-104
5028	255-122-4-2
5029	255-70-122-242
5030	255-70-122-242
5031	255-101-252-104
5032	255-122-4-2
5033	255-101-252-104
5034	255-101-252-104
5035	255-122-4-2
5036	255-122-4-2
5037	255-254-152-44
5038	255-122-4-2
5039	255-101-252-104
5040	255-122-4-2
5041	255-101-252-104
5042	255-101-252-104
5043	255-101-252-104
5044	255-101-252-104
5045	255-212-231-53
5046	255-122-4-2
5047	255-101-252-104
5048	255-101-252-104
5049	255-70-122-242
5050	255-101-252-104
5051	255-70-122-242
5052	255-101-252-104
5053	255-101-252-104
5054	255-70-122-242
5055	255-101-252-104
5056	255-101-252-104
5057	255-122-4-2
5058	255-26-209-210
5059	255-70-122-242
5060	255-26-209-210
5061	255-70-122-242
5062	255-26-209-210
5063	255-70-122-242
5064	255-26-209-210
5065	255-101-252-104
5066	255-101-252-104
5067	255-122-4-2
5068	255-122-4-2
5069	255-212-231-53
5070	255-26-209-210
5071	255-101-252-104
5072	255-70-122-242
5073	255-212-231-53
5074	255-70-122-242
5075	255-70-122-242
5076	255-70-122-242
5077	255-101-252-104
5078	255-70-122-242
5079	255-70-122-242
5080	255-70-122-242
5081	255-101-252-104
5082	255-70-122-242
5083	255-70-122-242
5084	255-70-122-242
5085	255-70-122-242
5086	255-217-56-6
5087	255-254-152-44
5088	255-70-122-242
5089	255-70-122-242
5090	255-70-122-242
5091	255-70-122-242
5092	255-70-122-242
5093	255-217-56-6
5094	255-217-56-6
5095	255-217-56-6
5096	255-70-122-242
5097	255-212-231-53
5098	255-212-231-53
5099	255-122-4-2
5100	255-212-231-53
5101	255-212-231-53
5102	255-212-231-53
5103	255-212-231-53
5104	255-212-231-53
5105	255-212-231-53
5106	255-122-4-2
5107	255-212-231-53
5108	255-212-231-53
5109	255-212-231-53
5110	255-26-209-210
5111	255-122-4-2
5112	255-212-231-53
5113	255-122-4-2
5114	255-101-252-104
5115	255-212-231-53
5116	255-101-252-104
5117	255-101-252-104
5118	255-101-252-104
5119	255-101-252-104
5120	255-26-209-210
5121	255-70-122-242
5122	255-70-122-242
5123	255-254-152-44
5124	255-101-252-104
5125	255-70-122-242
5126	255-26-209-210
5127	255-70-122-242
5128	255-70-122-242
5129	255-70-122-242
5130	255-212-231-53
5131	255-122-4-2
5132	255-212-231-53
5133	255-212-231-53
5134	255-212-231-53
5135	255-212-231-53
5136	255-212-231-53
5137	255-254-152-44
5138	255-212-231-53
5139	255-212-231-53
5140	255-26-209-210
5141	255-212-231-53
5142	255-101-252-104
5143	255-212-231-53
5144	255-101-252-104
5145	255-101-252-104
5146	255-122-4-2
5147	255-101-252-104
5148	255-101-252-104
5149	255-101-252-104
5150	255-101-252-104
5151	255-122-4-2
5152	255-212-231-53
5153	255-212-231-53
5154	255-212-231-53
5155	255-101-252-104
5156	255-212-231-53
5157	255-212-231-53
5158	255-212-231-53
5159	255-101-252-104
5160	255-212-231-53
5161	255-122-4-2
5162	255-70-122-242
5163	255-26-209-210
5164	255-101-252-104
5165	255-101-252-104
5166	255-122-4-2
5167	255-101-252-104
5168	255-26-209-210
5169	255-26-209-210
5170	255-122-4-2
5171	255-122-4-2
5172	255-70-122-242
5173	255-212-231-53
5174	255-212-231-53
5175	255-70-122-242
5176	255-217-56-6
5177	255-122-4-2
5178	255-212-231-53
5179	255-212-231-53
5180	255-101-252-104
5181	255-101-252-104
5182	255-212-231-53
5183	255-212-231-53
5184	255-101-252-104
5185	255-101-252-104
5186	255-212-231-53
5187	255-101-252-104
5188	255-101-252-104
5189	255-101-252-104
5190	255-212-231-53
5191	255-26-209-210
5192	255-70-122-242
5193	255-122-4-2
5194	255-70-122-242
5195	255-26-209-210
5196	255-26-209-210
5197	255-26-209-210
5198	255-70-122-242
5199	255-122-4-2
5200	255-70-122-242
5201	255-26-209-210
5202	255-26-209-210
5203	255-26-209-210
5204	255-26-209-210
5205	255-217-56-6
5206	255-26-209-210
5207	255-26-209-210
5208	255-122-4-2
5209	255-26-209-210
5210	255-122-4-2
5211	255-70-122-242
5212	255-212-231-53
5213	255-26-209-210
5214	255-26-209-210
5215	255-70-122-242
5216	255-70-122-242
5217	255-70-122-242
5218	255-70-122-242
5219	255-70-122-242
5220	255-26-209-210
5221	255-70-122-242
5222	255-70-122-242
5223	255-70-122-242
5224	255-26-209-210
5225	255-70-122-242
5226	255-70-122-242
5227	255-70-122-242
5228	255-70-122-242
5229	255-254-152-44
5230	255-254-152-44
5231	255-101-252-104
5232	255-70-122-242
5233	255-101-252-104
5234	255-101-252-104
5235	255-122-4-2
5236	255-26-209-210
5237	255-26-209-210
5238	255-101-252-104
5239	255-26-209-210
5240	255-26-209-210
5241	255-26-209-210
5242	255-26-209-210
5243	255-26-209-210
5244	255-26-209-210
5245	255-122-4-2
5246	255-26-209-210
5247	255-101-252-104
5248	255-70-122-242
5249	255-70-122-242
5250	255-70-122-242
5251	255-26-209-210
5252	255-122-4-2
5253	255-26-209-210
5255	255-122-4-2
5256	255-101-252-104
5257	255-101-252-104
5258	255-70-122-242
5259	255-101-252-104
5260	255-122-4-2
5261	255-101-252-104
5262	255-70-122-242
5263	255-26-209-210
5264	255-101-252-104
5265	255-101-252-104
5266	255-122-4-2
5267	255-26-209-210
5268	255-101-252-104
5269	255-101-252-104
5270	255-26-209-210
5271	255-212-231-53
5272	255-26-209-210
5273	255-70-122-242
5274	255-70-122-242
5275	255-122-4-2
5276	255-70-122-242
5277	255-70-122-242
5278	255-122-4-2
5279	255-70-122-242
5280	255-70-122-242
5281	255-70-122-242
5282	255-70-122-242
5283	255-217-56-6
5284	255-70-122-242
5285	255-26-209-210
5286	255-26-209-210
5287	255-26-209-210
5288	255-101-252-104
5289	255-70-122-242
5290	255-122-4-2
5291	255-70-122-242
5292	255-70-122-242
5293	255-26-209-210
5294	255-70-122-242
5295	255-26-209-210
5296	255-101-252-104
5297	255-122-4-2
5298	255-101-252-104
5299	255-101-252-104
5300	255-101-252-104
5301	255-101-252-104
5302	255-70-122-242
5303	255-101-252-104
5304	255-122-4-2
5305	255-70-122-242
5306	255-101-252-104
5307	255-70-122-242
5308	255-101-252-104
5309	255-101-252-104
5310	255-101-252-104
5311	255-122-4-2
5312	255-122-4-2
5313	255-70-122-242
5314	255-70-122-242
5315	255-101-252-104
5316	255-70-122-242
5317	255-101-252-104
5318	255-101-252-104
5319	255-122-4-2
5320	255-70-122-242
5321	255-122-4-2
5322	255-212-231-53
5323	255-26-209-210
5324	255-70-122-242
5325	255-26-209-210
5326	255-70-122-242
5327	255-101-252-104
5328	255-70-122-242
5329	255-70-122-242
5330	255-70-122-242
5331	255-70-122-242
5332	255-70-122-242
5333	255-70-122-242
5334	255-70-122-242
5335	255-70-122-242
5336	255-122-4-2
5337	255-70-122-242
5338	255-101-252-104
5339	255-101-252-104
5340	255-254-152-44
5341	255-101-252-104
5342	255-101-252-104
5343	255-122-4-2
5344	255-122-4-2
5345	255-70-122-242
5346	255-70-122-242
5347	255-70-122-242
5348	255-70-122-242
5349	255-70-122-242
5350	255-70-122-242
5351	255-70-122-242
5352	255-70-122-242
5353	255-70-122-242
5354	255-70-122-242
5355	255-70-122-242
5356	255-217-56-6
5357	255-70-122-242
5358	255-70-122-242
5359	255-70-122-242
5360	255-70-122-242
5361	255-217-56-6
5362	255-217-56-6
5363	255-26-209-210
5364	255-212-231-53
5365	255-122-4-2
5366	255-212-231-53
5367	255-122-4-2
5368	255-212-231-53
5369	255-212-231-53
5370	255-122-4-2
5371	255-26-209-210
5372	255-212-231-53
5373	255-122-4-2
5374	255-26-209-210
5375	255-212-231-53
5376	255-26-209-210
5377	255-101-252-104
5378	255-101-252-104
5379	255-212-231-53
5380	255-122-4-2
5381	255-101-252-104
5382	255-122-4-2
5383	255-70-122-242
5384	255-101-252-104
5385	255-101-252-104
5386	255-101-252-104
5387	255-101-252-104
5388	255-70-122-242
5389	255-70-122-242
5390	255-70-122-242
5391	255-70-122-242
5392	255-101-252-104
5393	255-101-252-104
5394	255-70-122-242
5395	255-70-122-242
5396	255-70-122-242
5397	255-70-122-242
5398	255-26-209-210
5399	255-70-122-242
5400	255-70-122-242
5401	255-70-122-242
5402	255-212-231-53
5403	255-122-4-2
5404	255-101-252-104
5405	255-212-231-53
5406	255-212-231-53
5407	255-212-231-53
5408	255-122-4-2
5409	255-26-209-210
5410	255-212-231-53
5411	255-122-4-2
5412	255-101-252-104
5413	255-122-4-2
5414	255-26-209-210
5415	255-122-4-2
5416	255-101-252-104
5417	255-26-209-210
5418	255-212-231-53
5419	255-101-252-104
5420	255-101-252-104
5421	255-101-252-104
5422	255-101-252-104
5423	255-122-4-2
5424	255-101-252-104
5425	255-122-4-2
5426	255-212-231-53
5427	255-70-122-242
5428	255-122-4-2
5429	255-70-122-242
5430	255-122-4-2
5431	255-101-252-104
5432	255-70-122-242
5433	255-101-252-104
5434	255-101-252-104
5435	255-122-4-2
5436	255-122-4-2
5437	255-101-252-104
5438	255-70-122-242
5439	255-122-4-2
5440	255-122-4-2
5441	255-122-4-2
5442	255-70-122-242
5443	255-122-4-2
5444	255-254-152-44
5445	255-101-252-104
5446	255-101-252-104
5447	255-26-209-210
5448	255-101-252-104
5449	255-101-252-104
5450	255-212-231-53
5451	255-101-252-104
5452	255-26-209-210
5453	255-212-231-53
5454	255-101-252-104
5455	255-101-252-104
5456	255-101-252-104
5457	255-70-122-242
5458	255-101-252-104
5459	255-70-122-242
5460	255-122-4-2
5461	255-70-122-242
5462	255-101-252-104
5463	255-212-231-53
5464	255-70-122-242
5465	255-70-122-242
5466	255-70-122-242
5467	255-26-209-210
5468	255-70-122-242
5469	255-26-209-210
5470	255-70-122-242
5471	255-70-122-242
5472	255-26-209-210
5473	255-26-209-210
5474	255-26-209-210
5475	255-217-56-6
5476	255-70-122-242
5477	255-70-122-242
5478	255-70-122-242
5479	255-122-4-2
5480	255-70-122-242
5481	255-70-122-242
5482	255-70-122-242
5483	255-26-209-210
5484	255-70-122-242
5485	255-70-122-242
5486	255-122-4-2
5487	255-101-252-104
5488	255-254-152-44
5489	255-254-152-44
5490	255-217-56-6
5491	255-254-152-44
5492	255-70-122-242
5493	255-101-252-104
5494	255-70-122-242
5495	255-70-122-242
5496	255-70-122-242
5497	255-101-252-104
5498	255-70-122-242
5499	255-101-252-104
5500	255-101-252-104
5501	255-101-252-104
5502	255-101-252-104
5503	255-70-122-242
5504	255-122-4-2
5505	255-26-209-210
5506	255-122-4-2
5507	255-70-122-242
5508	255-26-209-210
5509	255-70-122-242
5510	255-26-209-210
5511	255-122-4-2
5512	255-70-122-242
5513	255-122-4-2
5514	255-122-4-2
5515	255-122-4-2
5516	255-122-4-2
5517	255-212-231-53
5518	255-212-231-53
5519	255-70-122-242
5520	255-101-252-104
5521	255-70-122-242
5522	255-212-231-53
5523	255-101-252-104
5524	255-101-252-104
5525	255-70-122-242
5526	255-212-231-53
5527	255-70-122-242
5528	255-70-122-242
5529	255-70-122-242
5530	255-70-122-242
5531	255-70-122-242
5532	255-70-122-242
5533	255-70-122-242
5534	255-217-56-6
5535	255-217-56-6
5536	255-70-122-242
5537	255-26-209-210
5538	255-101-252-104
5539	255-70-122-242
5540	255-70-122-242
5541	255-70-122-242
5542	255-122-4-2
5543	255-122-4-2
5544	255-254-152-44
5545	255-122-4-2
5546	255-122-4-2
5547	255-70-122-242
5548	255-26-209-210
5549	255-70-122-242
5550	255-70-122-242
5551	255-26-209-210
5552	255-70-122-242
5553	255-26-209-210
5554	255-70-122-242
5555	255-26-209-210
5556	255-101-252-104
5557	255-70-122-242
5558	255-101-252-104
5559	255-101-252-104
5560	255-101-252-104
5561	255-70-122-242
5562	255-70-122-242
5563	255-70-122-242
5564	255-212-231-53
5565	255-212-231-53
5566	255-101-252-104
5567	255-122-4-2
5568	255-212-231-53
5569	255-212-231-53
5570	255-70-122-242
5571	255-70-122-242
5572	255-70-122-242
5573	255-70-122-242
5574	255-70-122-242
5575	255-122-4-2
5576	255-122-4-2
5577	255-70-122-242
5578	255-70-122-242
5579	255-217-56-6
5580	255-70-122-242
5581	255-70-122-242
5582	255-101-252-104
5583	255-101-252-104
5584	255-254-152-44
5585	255-101-252-104
5586	255-254-152-44
5587	255-70-122-242
5588	255-70-122-242
5589	255-212-231-53
5590	255-70-122-242
5591	255-70-122-242
5592	255-70-122-242
5593	255-70-122-242
5594	255-212-231-53
5595	255-212-231-53
5596	255-212-231-53
5597	255-122-4-2
5598	255-101-252-104
5599	255-122-4-2
5600	255-101-252-104
5601	255-212-231-53
5602	255-101-252-104
5603	255-101-252-104
5604	255-212-231-53
5605	255-122-4-2
5606	255-26-209-210
5607	255-122-4-2
5608	255-212-231-53
5609	255-26-209-210
5610	255-26-209-210
5611	255-212-231-53
5612	255-26-209-210
5613	255-26-209-210
5614	255-26-209-210
5615	255-122-4-2
5616	255-101-252-104
5617	255-122-4-2
5618	255-122-4-2
5619	255-101-252-104
5620	255-212-231-53
5621	255-101-252-104
5622	255-70-122-242
5623	255-101-252-104
5624	255-101-252-104
5625	255-70-122-242
5626	255-70-122-242
5627	255-212-231-53
5628	255-70-122-242
5629	255-70-122-242
5630	255-70-122-242
5631	255-70-122-242
5632	255-70-122-242
5633	255-70-122-242
5634	255-70-122-242
5635	255-101-252-104
5636	255-70-122-242
5637	255-70-122-242
5638	255-122-4-2
5639	255-212-231-53
5640	255-212-231-53
5641	255-122-4-2
5642	255-70-122-242
5643	255-26-209-210
5644	255-212-231-53
5645	255-212-231-53
5646	255-212-231-53
5647	255-26-209-210
5648	255-26-209-210
5649	255-212-231-53
5650	255-101-252-104
5651	255-101-252-104
5652	255-26-209-210
5653	255-122-4-2
5654	255-101-252-104
5655	255-122-4-2
5656	255-101-252-104
5657	255-212-231-53
5658	255-122-4-2
5659	255-70-122-242
5660	255-70-122-242
5661	255-122-4-2
5662	255-122-4-2
5663	255-122-4-2
5664	255-70-122-242
5665	255-70-122-242
5666	255-70-122-242
5667	255-101-252-104
5668	255-101-252-104
5669	255-70-122-242
5670	255-122-4-2
5671	255-217-56-6
5672	255-101-252-104
5673	255-26-209-210
5674	255-26-209-210
5675	255-101-252-104
5676	255-26-209-210
5677	255-70-122-242
5678	255-26-209-210
5679	255-26-209-210
5680	255-101-252-104
5681	255-101-252-104
5682	255-122-4-2
5683	255-70-122-242
5684	255-101-252-104
5685	255-122-4-2
5686	255-122-4-2
5687	255-122-4-2
5688	255-70-122-242
5689	255-70-122-242
5690	255-26-209-210
5691	255-26-209-210
5692	255-122-4-2
5693	255-26-209-210
5694	255-26-209-210
5695	255-122-4-2
5696	255-122-4-2
5697	255-26-209-210
5698	255-26-209-210
5699	255-122-4-2
5700	255-122-4-2
5701	255-26-209-210
5702	255-70-122-242
5703	255-70-122-242
5704	255-70-122-242
5705	255-70-122-242
5706	255-26-209-210
5707	255-122-4-2
5708	255-70-122-242
5709	255-122-4-2
5710	255-70-122-242
5711	255-122-4-2
5712	255-122-4-2
5713	255-26-209-210
5714	255-70-122-242
5715	255-70-122-242
5716	255-70-122-242
5717	255-101-252-104
5718	255-122-4-2
5719	255-70-122-242
5720	255-122-4-2
5721	255-70-122-242
5722	255-101-252-104
5723	255-70-122-242
5724	255-101-252-104
5725	255-101-252-104
5726	255-101-252-104
5727	255-70-122-242
5728	255-101-252-104
5729	255-254-152-44
5730	255-101-252-104
5731	255-254-152-44
5732	255-101-252-104
5733	255-101-252-104
5734	255-101-252-104
5735	255-101-252-104
5736	255-101-252-104
5737	255-70-122-242
5738	255-26-209-210
5739	255-122-4-2
5740	255-122-4-2
5741	255-122-4-2
5742	255-122-4-2
5743	255-26-209-210
5744	255-122-4-2
5745	255-122-4-2
5746	255-26-209-210
5747	255-26-209-210
5748	255-26-209-210
5749	255-122-4-2
5750	255-122-4-2
5751	255-26-209-210
5752	255-70-122-242
5753	255-70-122-242
5754	255-70-122-242
5755	255-70-122-242
5756	255-70-122-242
5757	255-70-122-242
5758	255-70-122-242
5759	255-254-152-44
5760	255-212-231-53
5761	255-70-122-242
5762	255-254-152-44
5763	255-254-152-44
5764	255-212-231-53
5765	255-70-122-242
5766	255-70-122-242
5767	255-254-152-44
5768	255-70-122-242
5769	255-70-122-242
5770	255-212-231-53
5771	255-101-252-104
5772	255-217-56-6
5773	255-70-122-242
5774	255-70-122-242
5775	255-70-122-242
5776	255-70-122-242
5777	255-70-122-242
5778	255-70-122-242
5779	255-70-122-242
5780	255-101-252-104
5781	255-26-209-210
5782	255-122-4-2
5783	255-70-122-242
5784	255-122-4-2
5785	255-212-231-53
5786	255-70-122-242
5787	255-122-4-2
5788	255-122-4-2
5789	255-70-122-242
5790	255-26-209-210
5791	255-122-4-2
5792	255-26-209-210
5793	255-70-122-242
5794	255-70-122-242
5795	255-101-252-104
5796	255-70-122-242
5797	255-101-252-104
5798	255-70-122-242
5799	255-101-252-104
5800	255-70-122-242
5801	255-212-231-53
5802	255-212-231-53
5803	255-70-122-242
5804	255-70-122-242
5805	255-70-122-242
5806	255-70-122-242
5807	255-70-122-242
5808	255-70-122-242
5809	255-122-4-2
5810	255-26-209-210
5811	255-70-122-242
5812	255-101-252-104
5813	255-101-252-104
5814	255-70-122-242
5815	255-70-122-242
5816	255-70-122-242
5817	255-254-152-44
5818	255-70-122-242
5819	255-122-4-2
5820	255-70-122-242
5821	255-254-152-44
5822	255-122-4-2
5823	255-70-122-242
5824	255-122-4-2
5825	255-101-252-104
5826	255-122-4-2
5827	255-212-231-53
5828	255-26-209-210
5829	255-70-122-242
5830	255-122-4-2
5831	255-70-122-242
5832	255-70-122-242
5833	255-122-4-2
5834	255-212-231-53
5835	255-26-209-210
5836	255-70-122-242
5837	255-212-231-53
5838	255-122-4-2
5839	255-212-231-53
5840	255-212-231-53
5841	255-212-231-53
5842	255-212-231-53
5843	255-122-4-2
5844	255-122-4-2
5845	255-26-209-210
5846	255-212-231-53
5847	255-26-209-210
5848	255-212-231-53
5849	255-212-231-53
5850	255-212-231-53
5851	255-212-231-53
5852	255-26-209-210
5853	255-26-209-210
5854	255-26-209-210
5855	255-26-209-210
5856	255-122-4-2
5857	255-101-252-104
5858	255-122-4-2
5859	255-101-252-104
5860	255-122-4-2
5861	255-101-252-104
5862	255-212-231-53
5863	255-101-252-104
5864	255-101-252-104
5865	255-122-4-2
5866	255-101-252-104
5867	255-101-252-104
5868	255-101-252-104
5869	255-70-122-242
5870	255-101-252-104
5871	255-101-252-104
5872	255-101-252-104
5873	255-212-231-53
5874	255-101-252-104
5875	255-101-252-104
5876	255-212-231-53
5877	255-212-231-53
5878	255-70-122-242
5879	255-101-252-104
5880	255-101-252-104
5881	255-26-209-210
5882	255-70-122-242
5883	255-70-122-242
5884	255-101-252-104
5885	255-101-252-104
5886	255-122-4-2
5887	255-212-231-53
5888	255-212-231-53
5889	255-212-231-53
5890	255-212-231-53
5891	255-212-231-53
5892	255-212-231-53
5893	255-212-231-53
5894	255-212-231-53
5895	255-212-231-53
5896	255-212-231-53
5897	255-26-209-210
5898	255-212-231-53
5899	255-212-231-53
5900	255-101-252-104
5901	255-101-252-104
5902	255-101-252-104
5903	255-212-231-53
5904	255-122-4-2
5905	255-101-252-104
5906	255-122-4-2
5907	255-212-231-53
5908	255-122-4-2
5909	255-122-4-2
5910	255-70-122-242
5911	255-122-4-2
5912	255-101-252-104
5913	255-70-122-242
5914	255-101-252-104
5915	255-101-252-104
5916	255-70-122-242
5917	255-26-209-210
5918	255-101-252-104
5919	255-26-209-210
5920	255-70-122-242
5921	255-70-122-242
5922	255-122-4-2
5923	255-101-252-104
5924	255-122-4-2
5925	255-101-252-104
5926	255-122-4-2
5927	255-26-209-210
5928	255-122-4-2
5929	255-122-4-2
5930	255-122-4-2
5931	255-101-252-104
5932	255-26-209-210
5933	255-101-252-104
5934	255-26-209-210
5935	255-122-4-2
5936	255-101-252-104
5937	255-101-252-104
5938	255-122-4-2
5939	255-122-4-2
5940	255-122-4-2
5941	255-122-4-2
5942	255-122-4-2
5943	255-122-4-2
5944	255-122-4-2
5945	255-122-4-2
5946	255-122-4-2
5947	255-70-122-242
5948	255-70-122-242
5949	255-70-122-242
5950	255-70-122-242
5951	255-70-122-242
5952	255-70-122-242
5953	255-70-122-242
5954	255-70-122-242
5955	255-26-209-210
5956	255-26-209-210
5957	255-122-4-2
5958	255-26-209-210
5959	255-70-122-242
5960	255-26-209-210
5961	255-70-122-242
5962	255-122-4-2
5963	255-70-122-242
5964	255-26-209-210
5965	255-26-209-210
5966	255-70-122-242
5967	255-26-209-210
5968	255-26-209-210
5969	255-217-56-6
5970	255-70-122-242
5971	255-70-122-242
5972	255-70-122-242
5973	255-70-122-242
5974	255-70-122-242
5975	255-70-122-242
5976	255-70-122-242
5977	255-101-252-104
5978	255-101-252-104
5979	255-101-252-104
5980	255-101-252-104
5981	255-101-252-104
5982	255-70-122-242
5983	255-70-122-242
5984	255-101-252-104
5985	255-70-122-242
5986	255-70-122-242
5987	255-122-4-2
5988	255-70-122-242
5989	255-26-209-210
5990	255-70-122-242
5991	255-122-4-2
5992	255-26-209-210
5993	255-122-4-2
5994	255-26-209-210
5995	255-254-152-44
5996	255-26-209-210
5997	255-70-122-242
5998	255-26-209-210
5999	255-70-122-242
6000	255-26-209-210
6001	255-26-209-210
6002	255-70-122-242
6003	255-70-122-242
6004	255-70-122-242
6005	255-70-122-242
6006	255-70-122-242
6007	255-70-122-242
6008	255-101-252-104
6009	255-70-122-242
6010	255-70-122-242
6011	255-70-122-242
6012	255-70-122-242
6013	255-70-122-242
6014	255-122-4-2
6015	255-101-252-104
6016	255-70-122-242
6017	255-26-209-210
6018	255-26-209-210
6019	255-212-231-53
6020	255-212-231-53
6021	255-101-252-104
6022	255-70-122-242
6023	255-70-122-242
6024	255-70-122-242
6025	255-101-252-104
6026	255-101-252-104
6027	255-70-122-242
6028	255-101-252-104
6029	255-101-252-104
6030	255-122-4-2
6031	255-70-122-242
6032	255-70-122-242
6033	255-212-231-53
6034	255-70-122-242
6035	255-70-122-242
6036	255-70-122-242
6037	255-101-252-104
6038	255-26-209-210
6039	255-122-4-2
6040	255-26-209-210
6041	255-122-4-2
6042	255-26-209-210
6043	255-70-122-242
6044	255-122-4-2
6045	255-70-122-242
6046	255-26-209-210
6047	255-26-209-210
6048	255-70-122-242
6049	255-70-122-242
6050	255-70-122-242
6051	255-70-122-242
6052	255-101-252-104
6053	255-212-231-53
6054	255-212-231-53
6055	255-70-122-242
6056	255-70-122-242
6057	255-254-152-44
6058	255-122-4-2
6059	255-254-152-44
6060	255-70-122-242
6061	255-101-252-104
6062	255-70-122-242
6063	255-254-152-44
6064	255-212-231-53
6065	255-254-152-44
6066	255-26-209-210
6067	255-26-209-210
6068	255-26-209-210
6069	255-122-4-2
6070	255-122-4-2
6071	255-122-4-2
6072	255-122-4-2
6073	255-122-4-2
6074	255-212-231-53
6075	255-122-4-2
6076	255-212-231-53
6077	255-101-252-104
6078	255-212-231-53
6079	255-212-231-53
6080	255-212-231-53
6081	255-212-231-53
6082	255-212-231-53
6083	255-212-231-53
6084	255-212-231-53
6085	255-212-231-53
6086	255-212-231-53
6087	255-212-231-53
6088	255-26-209-210
6089	255-212-231-53
6090	255-26-209-210
6091	255-26-209-210
6092	255-101-252-104
6093	255-122-4-2
6094	255-122-4-2
6095	255-101-252-104
6096	255-122-4-2
6097	255-122-4-2
6098	255-122-4-2
6099	255-122-4-2
6100	255-101-252-104
6101	255-122-4-2
6102	255-122-4-2
6103	255-122-4-2
6104	255-101-252-104
6105	255-70-122-242
6106	255-101-252-104
6107	255-101-252-104
6108	255-101-252-104
6109	255-101-252-104
6110	255-101-252-104
6111	255-101-252-104
6112	255-101-252-104
6113	255-101-252-104
6114	255-70-122-242
6115	255-70-122-242
6116	255-70-122-242
6117	255-70-122-242
6118	255-70-122-242
6119	255-70-122-242
6120	255-122-4-2
6121	255-122-4-2
6122	255-122-4-2
6123	255-122-4-2
6124	255-70-122-242
6125	255-26-209-210
6126	255-212-231-53
6127	255-26-209-210
6128	255-212-231-53
6129	255-212-231-53
6130	255-212-231-53
6131	255-212-231-53
6132	255-212-231-53
6133	255-26-209-210
6134	255-212-231-53
6135	255-212-231-53
6136	255-101-252-104
6137	255-212-231-53
6138	255-122-4-2
6139	255-101-252-104
6140	255-101-252-104
6141	255-101-252-104
6142	255-101-252-104
6143	255-122-4-2
6144	255-122-4-2
6145	255-70-122-242
6146	255-122-4-2
6147	255-122-4-2
6148	255-122-4-2
6149	255-122-4-2
6150	255-122-4-2
6151	255-122-4-2
6152	255-122-4-2
6153	255-70-122-242
6154	255-70-122-242
6155	255-122-4-2
6156	255-70-122-242
6157	255-101-252-104
6158	255-70-122-242
6159	255-70-122-242
6160	255-70-122-242
6161	255-101-252-104
6162	255-122-4-2
6163	255-122-4-2
6164	255-122-4-2
6165	255-70-122-242
6166	255-70-122-242
6167	255-122-4-2
6168	255-122-4-2
6169	255-122-4-2
6170	255-70-122-242
6171	255-212-231-53
6172	255-101-252-104
6173	255-122-4-2
6174	255-254-152-44
6175	255-26-209-210
6176	255-122-4-2
6177	255-122-4-2
6178	255-101-252-104
6179	255-122-4-2
6180	255-122-4-2
6181	255-26-209-210
6182	255-122-4-2
6183	255-101-252-104
6184	255-122-4-2
6185	255-101-252-104
6186	255-101-252-104
6187	255-122-4-2
6188	255-122-4-2
6189	255-122-4-2
6190	255-70-122-242
6191	255-122-4-2
6192	255-122-4-2
6193	255-122-4-2
6194	255-122-4-2
6195	255-70-122-242
6196	255-70-122-242
6197	255-70-122-242
6198	255-70-122-242
6199	255-70-122-242
6200	255-70-122-242
6201	255-70-122-242
6202	255-70-122-242
6203	255-70-122-242
6204	255-70-122-242
6205	255-101-252-104
6206	255-101-252-104
6207	255-70-122-242
6208	255-101-252-104
6209	255-70-122-242
6210	255-70-122-242
6211	255-101-252-104
6212	255-254-152-44
6213	255-254-152-44
6214	255-70-122-242
6215	255-70-122-242
6216	255-70-122-242
6217	255-101-252-104
6218	255-70-122-242
6219	255-122-4-2
6220	255-70-122-242
6221	255-70-122-242
6222	255-122-4-2
6223	255-70-122-242
6224	255-70-122-242
6225	255-254-152-44
6226	255-70-122-242
6227	255-70-122-242
6228	255-101-252-104
6229	255-122-4-2
6230	255-212-231-53
6231	255-122-4-2
6232	255-101-252-104
6233	255-254-152-44
6234	255-122-4-2
6235	255-212-231-53
6236	255-101-252-104
6237	255-101-252-104
6238	255-70-122-242
6239	255-101-252-104
6240	255-101-252-104
6241	255-101-252-104
6242	255-26-209-210
6243	255-70-122-242
6244	255-122-4-2
6245	255-70-122-242
6246	255-70-122-242
6247	255-122-4-2
6248	255-70-122-242
6249	255-70-122-242
6250	255-101-252-104
6251	255-254-152-44
6252	255-70-122-242
6253	255-70-122-242
6254	255-70-122-242
6255	255-101-252-104
6256	255-70-122-242
6257	255-101-252-104
6258	255-122-4-2
6259	255-70-122-242
6260	255-70-122-242
6261	255-70-122-242
6262	255-70-122-242
6263	255-70-122-242
6264	255-70-122-242
6265	255-70-122-242
6266	255-26-209-210
6267	255-70-122-242
6268	255-70-122-242
6269	255-26-209-210
6270	255-70-122-242
6271	255-70-122-242
6272	255-212-231-53
6273	255-212-231-53
6274	255-70-122-242
6275	255-70-122-242
6276	255-212-231-53
6277	255-101-252-104
6278	255-122-4-2
6279	255-70-122-242
6280	255-122-4-2
6281	255-122-4-2
6282	255-70-122-242
6283	255-26-209-210
6284	255-70-122-242
6285	255-70-122-242
6286	255-70-122-242
6287	255-101-252-104
6288	255-70-122-242
6289	255-122-4-2
6290	255-122-4-2
6291	255-70-122-242
6292	255-26-209-210
6293	255-122-4-2
6294	255-122-4-2
6295	255-70-122-242
6296	255-26-209-210
6297	255-122-4-2
6298	255-70-122-242
6299	255-101-252-104
6300	255-122-4-2
6301	255-70-122-242
6302	255-101-252-104
6303	255-101-252-104
6304	255-122-4-2
6305	255-212-231-53
6306	255-70-122-242
6307	255-70-122-242
6308	255-70-122-242
6309	255-70-122-242
6310	255-70-122-242
6311	255-101-252-104
6312	255-26-209-210
6313	255-26-209-210
6314	255-70-122-242
6315	255-122-4-2
6316	255-122-4-2
6317	255-122-4-2
6318	255-122-4-2
6319	255-122-4-2
6320	255-122-4-2
6321	255-101-252-104
6322	255-70-122-242
6323	255-70-122-242
6324	255-122-4-2
6325	255-254-152-44
6326	255-70-122-242
6327	255-217-56-6
6328	255-70-122-242
6329	255-122-4-2
6330	255-254-152-44
6331	255-70-122-242
6332	255-26-209-210
6333	255-122-4-2
6334	255-212-231-53
6335	255-212-231-53
6336	255-122-4-2
6337	255-212-231-53
6338	255-70-122-242
6339	255-122-4-2
6340	255-212-231-53
6341	255-122-4-2
6342	255-212-231-53
6343	255-122-4-2
6344	255-122-4-2
6345	255-122-4-2
6346	255-122-4-2
6347	255-26-209-210
6348	255-212-231-53
6349	255-26-209-210
6350	255-101-252-104
6351	255-101-252-104
6352	255-122-4-2
6353	255-122-4-2
6354	255-101-252-104
6355	255-122-4-2
6356	255-122-4-2
6357	255-122-4-2
6358	255-101-252-104
6359	255-101-252-104
6360	255-122-4-2
6361	255-101-252-104
6362	255-101-252-104
6363	255-101-252-104
6364	255-101-252-104
6365	255-70-122-242
6366	255-70-122-242
6367	255-101-252-104
6368	255-101-252-104
6369	255-70-122-242
6370	255-70-122-242
6371	255-101-252-104
6372	255-70-122-242
6373	255-254-152-44
6374	255-122-4-2
6375	255-212-231-53
6376	255-254-152-44
6377	255-212-231-53
6378	255-122-4-2
6379	255-212-231-53
6380	255-212-231-53
6381	255-26-209-210
6382	255-122-4-2
6383	255-122-4-2
6384	255-212-231-53
6385	255-212-231-53
6386	255-212-231-53
6387	255-212-231-53
6388	255-26-209-210
6389	255-101-252-104
6390	255-101-252-104
6391	255-122-4-2
6392	255-122-4-2
6393	255-101-252-104
6394	255-122-4-2
6395	255-122-4-2
6396	255-101-252-104
6397	255-101-252-104
6398	255-70-122-242
6399	255-122-4-2
6400	255-122-4-2
6401	255-122-4-2
6402	255-122-4-2
6403	255-70-122-242
6404	255-70-122-242
6405	255-101-252-104
6406	255-101-252-104
6407	255-101-252-104
6408	255-101-252-104
6409	255-101-252-104
6410	255-122-4-2
6411	255-101-252-104
6412	255-122-4-2
6413	255-26-209-210
6414	255-122-4-2
6415	255-70-122-242
6416	255-122-4-2
6417	255-122-4-2
6418	255-122-4-2
6419	255-101-252-104
6420	255-122-4-2
6421	255-122-4-2
6422	255-254-152-44
6423	255-101-252-104
6424	255-101-252-104
6425	255-70-122-242
6426	255-101-252-104
6427	255-122-4-2
6428	255-101-252-104
6429	255-122-4-2
6430	255-122-4-2
6431	255-101-252-104
6432	255-101-252-104
6433	255-101-252-104
6434	255-101-252-104
6435	255-101-252-104
6436	255-122-4-2
6437	255-26-209-210
6438	255-26-209-210
6439	255-122-4-2
6440	255-101-252-104
6441	255-122-4-2
6442	255-122-4-2
6443	255-70-122-242
6444	255-70-122-242
6445	255-70-122-242
6446	255-70-122-242
6447	255-122-4-2
6448	255-70-122-242
6449	255-70-122-242
6450	255-70-122-242
6451	255-70-122-242
6452	255-70-122-242
6453	255-70-122-242
6454	255-70-122-242
6455	255-70-122-242
6456	255-70-122-242
6457	255-70-122-242
6458	255-70-122-242
6459	255-70-122-242
6460	255-101-252-104
6461	255-70-122-242
6462	255-70-122-242
6463	255-70-122-242
6464	255-70-122-242
6465	255-122-4-2
6466	255-122-4-2
6467	255-122-4-2
6468	255-70-122-242
6469	255-70-122-242
6470	255-122-4-2
6471	255-70-122-242
6472	255-70-122-242
6473	255-122-4-2
6474	255-122-4-2
6475	255-101-252-104
6476	255-70-122-242
6477	255-70-122-242
6478	255-101-252-104
6479	255-122-4-2
6480	255-70-122-242
6481	255-70-122-242
6482	255-122-4-2
6483	255-26-209-210
6484	255-122-4-2
6485	255-70-122-242
6486	255-101-252-104
6487	255-101-252-104
6488	255-70-122-242
6489	255-122-4-2
6490	255-26-209-210
6491	255-70-122-242
6492	255-70-122-242
6493	255-122-4-2
6494	255-101-252-104
6495	255-101-252-104
6496	255-101-252-104
6497	255-70-122-242
6498	255-70-122-242
6499	255-70-122-242
6500	255-101-252-104
6501	255-122-4-2
6502	255-70-122-242
6503	255-122-4-2
6504	255-101-252-104
6505	255-101-252-104
6506	255-70-122-242
6507	255-26-209-210
6508	255-70-122-242
6509	255-122-4-2
6510	255-70-122-242
6511	255-101-252-104
6512	255-254-152-44
6513	255-122-4-2
6514	255-101-252-104
6515	255-70-122-242
6516	255-70-122-242
6517	255-101-252-104
6518	255-70-122-242
6519	255-70-122-242
6520	255-70-122-242
6521	255-70-122-242
6522	255-70-122-242
6523	255-70-122-242
6524	255-70-122-242
6525	255-70-122-242
6526	255-70-122-242
6527	255-70-122-242
6528	255-70-122-242
6529	255-70-122-242
6530	255-70-122-242
6531	255-101-252-104
6532	255-70-122-242
6533	255-70-122-242
6534	255-70-122-242
6535	255-101-252-104
6536	255-70-122-242
6537	255-26-209-210
6538	255-122-4-2
6539	255-26-209-210
6540	255-101-252-104
6541	255-101-252-104
6542	255-101-252-104
6543	255-70-122-242
6544	255-70-122-242
6545	255-101-252-104
6546	255-101-252-104
6547	255-70-122-242
6548	255-70-122-242
6549	255-101-252-104
6550	255-101-252-104
6551	255-122-4-2
6552	255-122-4-2
6553	255-101-252-104
6554	255-70-122-242
6555	255-122-4-2
6556	255-122-4-2
6557	255-122-4-2
6558	255-70-122-242
6559	255-70-122-242
6560	255-122-4-2
6561	255-101-252-104
6562	255-122-4-2
6563	255-26-209-210
6564	255-70-122-242
6565	255-122-4-2
6566	255-70-122-242
6567	255-70-122-242
6568	255-212-231-53
6569	255-122-4-2
6570	255-212-231-53
6571	255-212-231-53
6572	255-122-4-2
6573	255-122-4-2
6574	255-122-4-2
6575	255-122-4-2
6576	255-101-252-104
6577	255-70-122-242
6578	255-70-122-242
6580	255-122-4-2
6581	255-70-122-242
6582	255-26-209-210
6583	255-70-122-242
6584	255-26-209-210
6585	255-122-4-2
6586	255-122-4-2
6587	255-212-231-53
6588	255-122-4-2
6589	255-122-4-2
6590	255-212-231-53
6591	255-122-4-2
6592	255-26-209-210
6593	255-217-56-6
6594	255-212-231-53
6595	255-122-4-2
6596	255-122-4-2
6597	255-212-231-53
6598	255-122-4-2
6599	255-122-4-2
6600	255-212-231-53
6601	255-212-231-53
6602	255-122-4-2
6603	255-122-4-2
6604	255-122-4-2
6605	255-122-4-2
6606	255-122-4-2
6607	255-101-252-104
6608	255-70-122-242
6609	255-101-252-104
6610	255-122-4-2
6611	255-101-252-104
6612	255-101-252-104
6613	255-70-122-242
6614	255-122-4-2
6615	255-122-4-2
6616	255-122-4-2
6617	255-122-4-2
6618	255-70-122-242
6619	255-122-4-2
6620	255-122-4-2
6621	255-101-252-104
6622	255-101-252-104
6623	255-122-4-2
6624	255-101-252-104
6625	255-101-252-104
6626	255-101-252-104
6627	255-101-252-104
6628	255-26-209-210
6629	255-70-122-242
6630	255-70-122-242
6631	255-254-152-44
6632	255-70-122-242
6633	255-212-231-53
6634	255-212-231-53
6635	255-101-252-104
6636	255-122-4-2
6637	255-212-231-53
6638	255-122-4-2
6639	255-101-252-104
6640	255-101-252-104
6641	255-122-4-2
6642	255-101-252-104
6643	255-122-4-2
6644	255-122-4-2
6645	255-122-4-2
6646	255-122-4-2
6647	255-212-231-53
6648	255-26-209-210
6649	255-101-252-104
6650	255-26-209-210
6651	255-101-252-104
6652	255-101-252-104
6653	255-101-252-104
6654	255-101-252-104
6655	255-101-252-104
6656	255-122-4-2
6657	255-122-4-2
6658	255-70-122-242
6659	255-70-122-242
6660	255-101-252-104
6661	255-101-252-104
6662	255-101-252-104
6663	255-101-252-104
6664	255-101-252-104
6665	255-122-4-2
6666	255-101-252-104
6667	255-122-4-2
6668	255-101-252-104
6669	255-122-4-2
6670	255-122-4-2
6671	255-122-4-2
6672	255-101-252-104
6673	255-122-4-2
6674	255-122-4-2
6677	255-70-122-242
6678	255-70-122-242
6679	255-70-122-242
6680	255-101-252-104
6681	255-101-252-104
6682	255-101-252-104
6683	255-70-122-242
6684	255-70-122-242
6685	255-101-252-104
6686	255-101-252-104
6687	255-122-4-2
6688	255-26-209-210
6689	255-101-252-104
6690	255-26-209-210
6691	255-122-4-2
6692	255-122-4-2
6693	255-122-4-2
6694	255-101-252-104
6695	255-101-252-104
6696	255-122-4-2
6697	255-101-252-104
6698	255-70-122-242
6699	255-70-122-242
6700	255-122-4-2
6701	255-70-122-242
6702	255-70-122-242
6703	255-26-209-210
6704	255-122-4-2
6705	255-70-122-242
6706	255-70-122-242
6707	255-70-122-242
6708	255-70-122-242
6709	255-70-122-242
6710	255-26-209-210
6711	255-26-209-210
6712	255-26-209-210
6714	255-122-4-2
6715	255-26-209-210
6716	255-26-209-210
6717	255-26-209-210
6718	255-26-209-210
6719	255-70-122-242
6720	255-26-209-210
6721	255-122-4-2
6722	255-70-122-242
6723	255-70-122-242
6724	255-122-4-2
6725	255-122-4-2
6726	255-70-122-242
6727	255-122-4-2
6728	255-122-4-2
6729	255-70-122-242
6730	255-254-152-44
6731	255-26-209-210
6732	255-122-4-2
6733	255-101-252-104
6734	255-101-252-104
6735	255-26-209-210
6736	255-101-252-104
6737	255-101-252-104
6738	255-101-252-104
6739	255-122-4-2
6740	255-254-152-44
6741	255-122-4-2
6742	255-101-252-104
6743	255-122-4-2
6744	255-122-4-2
6745	255-122-4-2
6746	255-122-4-2
6747	255-254-152-44
6748	255-122-4-2
6749	255-26-209-210
6750	255-122-4-2
6751	255-122-4-2
6752	255-26-209-210
6753	255-122-4-2
6754	255-26-209-210
6755	255-26-209-210
6756	255-26-209-210
6757	255-70-122-242
6758	255-26-209-210
6759	255-26-209-210
6760	255-26-209-210
6761	255-70-122-242
6762	255-70-122-242
6763	255-70-122-242
6764	255-70-122-242
6765	255-26-209-210
6766	255-70-122-242
6767	255-70-122-242
6768	255-26-209-210
6769	255-70-122-242
6770	255-70-122-242
6771	255-26-209-210
6772	255-26-209-210
6773	255-70-122-242
6774	255-70-122-242
6775	255-70-122-242
6776	255-70-122-242
6777	255-122-4-2
6778	255-70-122-242
6779	255-70-122-242
6780	255-70-122-242
6781	255-254-152-44
6782	255-101-252-104
6783	255-70-122-242
6784	255-101-252-104
6785	255-26-209-210
6786	255-101-252-104
6787	255-122-4-2
6788	255-122-4-2
6789	255-122-4-2
6790	255-122-4-2
6791	255-101-252-104
6792	255-122-4-2
6793	255-122-4-2
6795	255-122-4-2
6796	255-70-122-242
6797	255-70-122-242
6798	255-122-4-2
6799	255-101-252-104
6800	255-26-209-210
6801	255-122-4-2
6802	255-122-4-2
6803	255-122-4-2
6804	255-212-231-53
6805	255-212-231-53
6806	255-101-252-104
6807	255-101-252-104
6808	255-101-252-104
6809	255-122-4-2
6810	255-101-252-104
6811	255-70-122-242
6812	255-101-252-104
6813	255-26-209-210
6814	255-101-252-104
6815	255-254-152-44
6816	255-122-4-2
6817	255-122-4-2
6818	255-212-231-53
6819	255-101-252-104
6820	255-212-231-53
6821	255-122-4-2
6822	255-212-231-53
6823	255-122-4-2
6824	255-212-231-53
6825	255-212-231-53
6826	255-101-252-104
6827	255-122-4-2
6828	255-212-231-53
6829	255-212-231-53
6830	255-122-4-2
6831	255-212-231-53
6832	255-122-4-2
6833	255-212-231-53
6834	255-122-4-2
6835	255-101-252-104
6836	255-122-4-2
6837	255-122-4-2
6838	255-101-252-104
6839	255-101-252-104
6840	255-101-252-104
6841	255-101-252-104
6842	255-122-4-2
6843	255-70-122-242
6844	255-122-4-2
6845	255-122-4-2
6846	255-122-4-2
6847	255-122-4-2
6849	255-101-252-104
6850	255-101-252-104
6851	255-122-4-2
6852	255-101-252-104
6853	255-122-4-2
6854	255-101-252-104
6855	255-26-209-210
6856	255-70-122-242
6857	255-26-209-210
6858	255-70-122-242
6859	255-70-122-242
6860	255-212-231-53
6861	255-122-4-2
6862	255-101-252-104
6863	255-122-4-2
6864	255-122-4-2
6865	255-122-4-2
6866	255-122-4-2
6867	255-122-4-2
6868	255-101-252-104
6869	255-122-4-2
6870	255-101-252-104
6871	255-101-252-104
6872	255-101-252-104
6873	255-101-252-104
6874	255-101-252-104
6875	255-212-231-53
6876	255-122-4-2
6877	255-101-252-104
6878	255-101-252-104
6879	255-70-122-242
6880	255-101-252-104
6881	255-122-4-2
6882	255-70-122-242
6883	255-101-252-104
6884	255-70-122-242
6885	255-101-252-104
6886	255-70-122-242
6887	255-122-4-2
6888	255-122-4-2
6889	255-70-122-242
6890	255-101-252-104
6891	255-101-252-104
6892	255-254-152-44
6893	255-122-4-2
6894	255-70-122-242
6895	255-70-122-242
6896	255-122-4-2
6897	255-101-252-104
6898	255-122-4-2
6899	255-254-152-44
6900	255-254-152-44
6901	255-101-252-104
6902	255-122-4-2
6903	255-101-252-104
6904	255-101-252-104
6905	255-70-122-242
6906	255-101-252-104
6907	255-101-252-104
6908	255-70-122-242
6909	255-101-252-104
6910	255-122-4-2
6911	255-122-4-2
6912	255-101-252-104
6913	255-101-252-104
6914	255-101-252-104
6915	255-122-4-2
6916	255-122-4-2
6917	255-101-252-104
6918	255-26-209-210
6919	255-122-4-2
6920	255-122-4-2
6921	255-26-209-210
6922	255-101-252-104
6923	255-101-252-104
6924	255-101-252-104
6925	255-26-209-210
6926	255-101-252-104
6927	255-101-252-104
6928	255-70-122-242
6929	255-122-4-2
6930	255-101-252-104
6931	255-122-4-2
6932	255-122-4-2
6933	255-70-122-242
6934	255-122-4-2
6935	255-70-122-242
6936	255-70-122-242
6937	255-122-4-2
6938	255-70-122-242
6939	255-26-209-210
6940	255-122-4-2
6941	255-70-122-242
6942	255-122-4-2
6943	255-26-209-210
6944	255-122-4-2
6945	255-26-209-210
6946	255-26-209-210
6947	255-26-209-210
6948	255-26-209-210
6949	255-26-209-210
6950	255-26-209-210
6951	255-26-209-210
6952	255-26-209-210
6953	255-26-209-210
6954	255-70-122-242
6955	255-70-122-242
6956	255-26-209-210
6957	255-26-209-210
6958	255-70-122-242
6959	255-26-209-210
6960	255-70-122-242
6961	255-70-122-242
6962	255-122-4-2
6963	255-101-252-104
6964	255-70-122-242
6965	255-101-252-104
6966	255-254-152-44
6967	255-70-122-242
6968	255-26-209-210
6969	255-122-4-2
6970	255-101-252-104
6971	255-101-252-104
6972	255-101-252-104
6973	255-101-252-104
6974	255-122-4-2
6975	255-70-122-242
6976	255-122-4-2
6977	255-101-252-104
6978	255-26-209-210
6979	255-26-209-210
6980	255-122-4-2
6981	255-26-209-210
6982	255-26-209-210
6983	255-122-4-2
6984	255-26-209-210
6985	255-26-209-210
6986	255-70-122-242
6987	255-26-209-210
6988	255-70-122-242
6989	255-70-122-242
6990	255-70-122-242
6991	255-70-122-242
6992	255-101-252-104
6993	255-70-122-242
6994	255-70-122-242
6995	255-70-122-242
6996	255-70-122-242
6997	255-70-122-242
6998	255-70-122-242
6999	255-70-122-242
7000	255-70-122-242
7001	255-70-122-242
7002	255-70-122-242
7003	255-26-209-210
7004	255-70-122-242
7005	255-70-122-242
7006	255-70-122-242
7007	255-70-122-242
7008	255-254-152-44
7009	255-70-122-242
7010	255-70-122-242
7011	255-254-152-44
7012	255-26-209-210
7013	255-101-252-104
7014	255-26-209-210
7015	255-70-122-242
7016	255-70-122-242
7017	255-254-152-44
7018	255-122-4-2
7019	255-26-209-210
7020	255-122-4-2
7021	255-122-4-2
7022	255-122-4-2
7023	255-122-4-2
7024	255-70-122-242
7025	255-70-122-242
7026	255-122-4-2
7027	255-70-122-242
7028	255-254-152-44
7029	255-70-122-242
7030	255-122-4-2
7031	255-212-231-53
7032	255-122-4-2
7033	255-101-252-104
7034	255-212-231-53
7035	255-101-252-104
7036	255-101-252-104
7037	255-101-252-104
7038	255-101-252-104
7039	255-122-4-2
7040	255-101-252-104
7041	255-101-252-104
7042	255-101-252-104
7043	255-101-252-104
7044	255-26-209-210
7045	255-70-122-242
7046	255-26-209-210
7047	255-254-152-44
7048	255-122-4-2
7049	255-101-252-104
7050	255-212-231-53
7051	255-212-231-53
7052	255-101-252-104
7053	255-101-252-104
7054	255-101-252-104
7055	255-212-231-53
7056	255-212-231-53
7057	255-70-122-242
7058	255-101-252-104
7059	255-101-252-104
7060	255-101-252-104
7061	255-101-252-104
7062	255-101-252-104
7063	255-101-252-104
7064	255-122-4-2
7065	255-26-209-210
7066	255-101-252-104
7067	255-101-252-104
7068	255-122-4-2
7069	255-122-4-2
7070	255-212-231-53
7071	255-101-252-104
7072	255-122-4-2
7073	255-101-252-104
7074	255-101-252-104
7075	255-101-252-104
7076	255-101-252-104
7077	255-101-252-104
7078	255-101-252-104
7079	255-122-4-2
7080	255-101-252-104
7081	255-101-252-104
7082	255-101-252-104
7083	255-122-4-2
7084	255-122-4-2
7085	255-212-231-53
7086	255-101-252-104
7087	255-122-4-2
7088	255-101-252-104
7089	255-101-252-104
7090	255-101-252-104
7091	255-101-252-104
7092	255-101-252-104
7093	255-217-56-6
7094	255-212-231-53
7095	255-122-4-2
7096	255-212-231-53
7097	255-122-4-2
7098	255-122-4-2
7099	255-122-4-2
7100	255-122-4-2
7101	255-122-4-2
7102	255-122-4-2
7103	255-101-252-104
7104	255-122-4-2
7105	255-122-4-2
7106	255-101-252-104
7107	255-101-252-104
7108	255-101-252-104
7109	255-122-4-2
7110	255-101-252-104
7111	255-101-252-104
7112	255-212-231-53
7113	255-101-252-104
7114	255-101-252-104
7115	255-101-252-104
7116	255-122-4-2
7117	255-70-122-242
7118	255-101-252-104
7119	255-101-252-104
7120	255-101-252-104
7121	255-101-252-104
7122	255-122-4-2
7123	255-70-122-242
7124	255-70-122-242
7125	255-122-4-2
7126	255-122-4-2
7127	255-122-4-2
7128	255-70-122-242
7129	255-70-122-242
7130	255-254-152-44
7131	255-101-252-104
7132	255-101-252-104
7133	255-101-252-104
7134	255-101-252-104
7135	255-101-252-104
7136	255-254-152-44
7137	255-101-252-104
7138	255-101-252-104
7139	255-101-252-104
7140	255-101-252-104
7141	255-70-122-242
7142	255-122-4-2
7143	255-101-252-104
7144	255-101-252-104
7145	255-101-252-104
7146	255-101-252-104
7147	255-122-4-2
7148	255-122-4-2
7149	255-101-252-104
7150	255-101-252-104
7151	255-101-252-104
7152	255-101-252-104
7153	255-101-252-104
7154	255-101-252-104
7155	255-122-4-2
7156	255-101-252-104
7157	255-101-252-104
7158	255-70-122-242
7159	255-212-231-53
7160	255-101-252-104
7161	255-212-231-53
7162	255-70-122-242
7163	255-70-122-242
7164	255-70-122-242
7165	255-70-122-242
7166	255-122-4-2
7167	255-212-231-53
7168	255-70-122-242
7169	255-70-122-242
7170	255-212-231-53
7171	255-70-122-242
7172	255-122-4-2
7173	255-26-209-210
7174	255-26-209-210
7175	255-254-152-44
7176	255-122-4-2
7177	255-26-209-210
7178	255-70-122-242
7179	255-70-122-242
7180	255-70-122-242
7181	255-101-252-104
7182	255-70-122-242
7183	255-70-122-242
7184	255-70-122-242
7185	255-101-252-104
7186	255-70-122-242
7187	255-26-209-210
7188	255-101-252-104
7189	255-70-122-242
7190	255-254-152-44
7191	255-101-252-104
7192	255-122-4-2
7194	255-122-4-2
7195	255-122-4-2
7196	255-122-4-2
7197	255-26-209-210
7198	255-101-252-104
7199	255-122-4-2
7200	255-26-209-210
7201	255-26-209-210
7202	255-122-4-2
7203	255-101-252-104
7204	255-70-122-242
7205	255-70-122-242
7206	255-70-122-242
7207	255-101-252-104
7208	255-26-209-210
7209	255-212-231-53
7210	255-212-231-53
7211	255-101-252-104
7212	255-70-122-242
7213	255-70-122-242
7214	255-70-122-242
7215	255-212-231-53
7216	255-70-122-242
7217	255-70-122-242
7218	255-70-122-242
7219	255-70-122-242
7220	255-70-122-242
7221	255-70-122-242
7222	255-70-122-242
7223	255-212-231-53
7224	255-212-231-53
7225	255-212-231-53
7226	255-70-122-242
7227	255-26-209-210
7228	255-70-122-242
7229	255-122-4-2
7231	255-254-152-44
7232	255-122-4-2
7233	255-70-122-242
7234	255-70-122-242
7235	255-26-209-210
7236	255-101-252-104
7237	255-122-4-2
7238	255-101-252-104
7239	255-212-231-53
7240	255-101-252-104
7241	255-101-252-104
7242	255-101-252-104
7243	255-101-252-104
7244	255-101-252-104
7245	255-101-252-104
7246	255-101-252-104
7247	255-101-252-104
7248	255-122-4-2
7249	255-122-4-2
7250	255-217-56-6
7251	255-122-4-2
7252	255-212-231-53
7253	255-101-252-104
7254	255-101-252-104
7255	255-101-252-104
7256	255-212-231-53
7257	255-101-252-104
7258	255-212-231-53
7259	255-101-252-104
7260	255-101-252-104
7261	255-101-252-104
7262	255-101-252-104
7263	255-101-252-104
7264	255-122-4-2
7265	255-101-252-104
7266	255-101-252-104
7267	255-101-252-104
7268	255-101-252-104
7269	255-101-252-104
7270	255-101-252-104
7271	255-122-4-2
7272	255-212-231-53
7273	255-101-252-104
7274	255-122-4-2
7275	255-101-252-104
7276	255-122-4-2
7277	255-122-4-2
7278	255-101-252-104
7279	255-101-252-104
7280	255-101-252-104
7281	255-101-252-104
7282	255-101-252-104
7284	255-101-252-104
7285	255-101-252-104
7286	255-101-252-104
7287	255-212-231-53
7288	255-217-56-6
7289	255-26-209-210
7290	255-70-122-242
7291	255-26-209-210
7292	255-26-209-210
7293	255-101-252-104
7294	255-122-4-2
7295	255-122-4-2
7296	255-101-252-104
7297	255-122-4-2
7298	255-101-252-104
7299	255-122-4-2
7300	255-101-252-104
7301	255-122-4-2
7302	255-101-252-104
7303	255-101-252-104
7304	255-101-252-104
7305	255-122-4-2
7308	255-101-252-104
7309	255-101-252-104
7310	255-26-209-210
7311	255-122-4-2
7312	255-101-252-104
7313	255-122-4-2
7314	255-122-4-2
7315	255-101-252-104
7316	255-101-252-104
7317	255-101-252-104
7318	255-101-252-104
7319	255-101-252-104
7320	255-101-252-104
7321	255-101-252-104
7322	255-217-56-6
7323	255-70-122-242
7324	255-212-231-53
7325	255-70-122-242
7326	255-70-122-242
7327	255-70-122-242
7328	255-70-122-242
7329	255-70-122-242
7330	255-70-122-242
7331	255-122-4-2
7332	255-254-152-44
7333	255-254-152-44
7334	255-70-122-242
7335	255-122-4-2
7336	255-212-231-53
7337	255-70-122-242
7338	255-122-4-2
7339	255-212-231-53
7340	255-70-122-242
7341	255-26-209-210
7343	255-70-122-242
7344	255-122-4-2
7345	255-217-56-6
7346	255-217-56-6
7347	255-122-4-2
7348	255-122-4-2
7349	255-70-122-242
7350	255-122-4-2
7351	255-212-231-53
7352	255-122-4-2
7353	255-70-122-242
7354	255-212-231-53
7355	255-254-152-44
7356	255-70-122-242
7357	255-217-56-6
7358	255-217-56-6
7359	255-217-56-6
7360	255-70-122-242
7361	255-70-122-242
7362	255-70-122-242
7363	255-70-122-242
7364	255-101-252-104
7365	255-26-209-210
7366	255-217-56-6
7367	255-26-209-210
7368	255-70-122-242
7369	255-26-209-210
7371	255-70-122-242
7372	255-70-122-242
7373	255-217-56-6
7374	255-70-122-242
7375	255-254-152-44
7376	255-122-4-2
7377	255-70-122-242
7378	255-212-231-53
7379	255-212-231-53
7380	255-122-4-2
7381	255-212-231-53
7382	255-217-56-6
7383	255-122-4-2
7384	255-212-231-53
7385	255-26-209-210
7386	255-26-209-210
7387	255-122-4-2
7388	255-122-4-2
7389	255-122-4-2
7390	255-101-252-104
7391	255-122-4-2
7392	255-122-4-2
7393	255-26-209-210
7394	255-122-4-2
7395	255-26-209-210
7396	255-122-4-2
7397	255-101-252-104
7398	255-101-252-104
7399	255-101-252-104
7400	255-122-4-2
7401	255-101-252-104
7402	255-101-252-104
7403	255-101-252-104
7404	255-122-4-2
7405	255-70-122-242
7406	255-70-122-242
7407	255-70-122-242
7408	255-70-122-242
7409	255-70-122-242
7410	255-70-122-242
7411	255-70-122-242
7412	255-70-122-242
7413	255-70-122-242
7414	255-70-122-242
7415	255-70-122-242
7416	255-70-122-242
7417	255-122-4-2
7418	255-212-231-53
7419	255-122-4-2
7420	255-212-231-53
7421	255-212-231-53
7422	255-122-4-2
7423	255-212-231-53
7424	255-212-231-53
7425	255-101-252-104
7426	255-101-252-104
7427	255-101-252-104
7428	255-212-231-53
7429	255-101-252-104
7430	255-101-252-104
7431	255-212-231-53
7432	255-122-4-2
7433	255-122-4-2
7434	255-101-252-104
7435	255-101-252-104
7436	255-101-252-104
7437	255-122-4-2
7438	255-101-252-104
7439	255-122-4-2
7440	255-122-4-2
7441	255-122-4-2
7442	255-122-4-2
7443	255-122-4-2
7444	255-122-4-2
7445	255-101-252-104
7446	255-101-252-104
7447	255-70-122-242
7448	255-70-122-242
7449	255-101-252-104
7450	255-70-122-242
7451	255-101-252-104
7452	255-70-122-242
7453	255-70-122-242
7454	255-70-122-242
7455	255-26-209-210
7456	255-122-4-2
7457	255-122-4-2
7458	255-122-4-2
7459	255-101-252-104
7460	255-122-4-2
7461	255-122-4-2
7462	255-101-252-104
7463	255-122-4-2
7464	255-122-4-2
7465	255-122-4-2
7466	255-122-4-2
7467	255-122-4-2
7468	255-122-4-2
7469	255-101-252-104
7470	255-101-252-104
7471	255-122-4-2
7472	255-101-252-104
7473	255-122-4-2
7474	255-122-4-2
7475	255-101-252-104
7476	255-101-252-104
7477	255-101-252-104
7478	255-101-252-104
7479	255-217-56-6
7480	255-217-56-6
7481	255-217-56-6
7482	255-70-122-242
7483	255-212-231-53
7484	255-254-152-44
7485	255-212-231-53
7486	255-217-56-6
7487	255-70-122-242
7488	255-26-209-210
7489	255-26-209-210
7490	255-101-252-104
7491	255-70-122-242
7492	255-70-122-242
7493	255-122-4-2
7494	255-70-122-242
7495	255-101-252-104
7496	255-101-252-104
7497	255-70-122-242
7498	255-101-252-104
7499	255-101-252-104
7500	255-101-252-104
7501	255-70-122-242
7502	255-101-252-104
7503	255-70-122-242
7504	255-70-122-242
7505	255-122-4-2
7506	255-217-56-6
7507	255-212-231-53
7508	255-254-152-44
7509	255-254-152-44
7510	255-212-231-53
7511	255-212-231-53
7512	255-70-122-242
7513	255-217-56-6
7514	255-217-56-6
7515	255-70-122-242
7516	255-254-152-44
7517	255-254-152-44
7518	255-212-231-53
7519	255-254-152-44
7520	255-122-4-2
7521	255-70-122-242
7522	255-122-4-2
7524	255-70-122-242
7525	255-101-252-104
7526	255-70-122-242
7527	255-70-122-242
7528	255-70-122-242
7529	255-122-4-2
7530	255-70-122-242
7531	255-254-152-44
7532	255-212-231-53
7533	255-212-231-53
7534	255-122-4-2
7535	255-212-231-53
7536	255-122-4-2
7537	255-212-231-53
7538	255-217-56-6
7539	255-70-122-242
7540	255-70-122-242
7541	255-212-231-53
7542	255-70-122-242
7543	255-70-122-242
7546	255-70-122-242
7547	255-26-209-210
7548	255-70-122-242
7549	255-122-4-2
7550	255-26-209-210
7551	255-70-122-242
7552	255-70-122-242
7553	255-70-122-242
7554	255-70-122-242
7555	255-212-231-53
7556	255-122-4-2
7557	255-70-122-242
7558	255-122-4-2
7559	255-122-4-2
7560	255-122-4-2
7561	255-122-4-2
7562	255-122-4-2
7563	255-70-122-242
7564	255-122-4-2
7565	255-122-4-2
7566	255-122-4-2
7567	255-70-122-242
7568	255-70-122-242
7569	255-122-4-2
7570	255-122-4-2
7571	255-122-4-2
7572	255-212-231-53
7573	255-122-4-2
7574	255-70-122-242
7575	255-122-4-2
7576	255-212-231-53
7577	255-122-4-2
7578	255-122-4-2
7579	255-212-231-53
7580	255-70-122-242
7581	255-70-122-242
7582	255-70-122-242
7583	255-70-122-242
7584	255-70-122-242
7585	255-70-122-242
7586	255-70-122-242
7587	255-212-231-53
7588	255-122-4-2
7589	255-122-4-2
7590	255-212-231-53
7591	255-212-231-53
7592	255-212-231-53
7593	255-212-231-53
7594	255-122-4-2
7595	255-212-231-53
7596	255-122-4-2
7597	255-212-231-53
7598	255-101-252-104
7599	255-70-122-242
7600	255-212-231-53
7601	255-26-209-210
7602	255-212-231-53
7603	255-26-209-210
7604	255-26-209-210
7605	255-101-252-104
7606	255-122-4-2
7607	255-101-252-104
7608	255-101-252-104
7609	255-101-252-104
7610	255-122-4-2
7611	255-122-4-2
7612	255-101-252-104
7613	255-70-122-242
7614	255-101-252-104
7615	255-122-4-2
7616	255-101-252-104
7617	255-70-122-242
7618	255-70-122-242
7619	255-70-122-242
7620	255-70-122-242
7621	255-122-4-2
7622	255-212-231-53
7623	255-122-4-2
7624	255-122-4-2
7625	255-122-4-2
7626	255-70-122-242
7627	255-212-231-53
7628	255-212-231-53
7629	255-212-231-53
7630	255-70-122-242
7631	255-101-252-104
7632	255-70-122-242
7633	255-122-4-2
7634	255-70-122-242
7635	255-70-122-242
7636	255-70-122-242
7637	255-70-122-242
7638	255-70-122-242
7639	255-70-122-242
7640	255-122-4-2
7641	255-212-231-53
7642	255-212-231-53
7643	255-212-231-53
7644	255-212-231-53
7645	255-212-231-53
7646	255-122-4-2
7647	255-101-252-104
7648	255-122-4-2
7649	255-122-4-2
7650	255-122-4-2
7651	255-122-4-2
7652	255-212-231-53
7653	255-122-4-2
7654	255-122-4-2
7655	255-122-4-2
7656	255-122-4-2
7657	255-122-4-2
7658	255-122-4-2
7659	255-212-231-53
7660	255-217-56-6
7661	255-122-4-2
7662	255-122-4-2
7663	255-101-252-104
7664	255-122-4-2
7665	255-70-122-242
7666	255-101-252-104
7667	255-70-122-242
7668	255-70-122-242
7669	255-101-252-104
7670	255-26-209-210
7671	255-70-122-242
7672	255-70-122-242
7673	255-101-252-104
7674	255-101-252-104
7675	255-70-122-242
7676	255-101-252-104
7677	255-70-122-242
7678	255-122-4-2
7679	255-122-4-2
7680	255-122-4-2
7681	255-26-209-210
7682	255-26-209-210
7683	255-122-4-2
7684	255-26-209-210
7685	255-122-4-2
7686	255-26-209-210
7687	255-212-231-53
7688	255-122-4-2
7689	255-26-209-210
7690	255-122-4-2
7691	255-26-209-210
7692	255-26-209-210
7693	255-122-4-2
7694	255-122-4-2
7695	255-101-252-104
7696	255-122-4-2
7697	255-122-4-2
7698	255-122-4-2
7699	255-101-252-104
7700	255-101-252-104
7701	255-101-252-104
7702	255-70-122-242
7703	255-70-122-242
7704	255-212-231-53
7705	255-101-252-104
7706	255-254-152-44
7707	255-254-152-44
7708	255-212-231-53
7709	255-101-252-104
7710	255-101-252-104
7711	255-101-252-104
7712	255-212-231-53
7713	255-101-252-104
7714	255-70-122-242
7715	255-101-252-104
7716	255-70-122-242
7717	255-70-122-242
7718	255-26-209-210
7719	255-70-122-242
7720	255-122-4-2
7721	255-101-252-104
7722	255-101-252-104
7723	255-70-122-242
7724	255-122-4-2
7725	255-101-252-104
7726	255-122-4-2
7727	255-101-252-104
7728	255-101-252-104
7729	255-70-122-242
7730	255-70-122-242
7731	255-101-252-104
7732	255-101-252-104
7733	255-70-122-242
7734	255-70-122-242
7735	255-101-252-104
7736	255-70-122-242
7737	255-101-252-104
7738	255-70-122-242
7739	255-122-4-2
7740	255-101-252-104
7741	255-70-122-242
7742	255-217-56-6
7743	255-70-122-242
7744	255-254-152-44
7745	255-70-122-242
7746	255-254-152-44
7747	255-254-152-44
7748	255-101-252-104
7749	255-217-56-6
7750	255-101-252-104
7751	255-70-122-242
7752	255-101-252-104
7753	255-212-231-53
7754	255-217-56-6
7755	255-122-4-2
7756	255-26-209-210
7757	255-70-122-242
7758	255-101-252-104
7759	255-122-4-2
7760	255-70-122-242
7761	255-122-4-2
7762	255-70-122-242
7763	255-70-122-242
7764	255-70-122-242
7765	255-101-252-104
7766	255-70-122-242
7767	255-101-252-104
7768	255-70-122-242
7769	255-70-122-242
7770	255-101-252-104
7771	255-254-152-44
7772	255-122-4-2
7773	255-217-56-6
7774	255-101-252-104
7775	255-101-252-104
7776	255-217-56-6
7777	255-254-152-44
7778	255-217-56-6
7779	255-212-231-53
7780	255-70-122-242
7781	255-101-252-104
7782	255-70-122-242
7783	255-254-152-44
7784	255-70-122-242
7785	255-70-122-242
7786	255-70-122-242
7787	255-70-122-242
7788	255-122-4-2
7789	255-26-209-210
7790	255-26-209-210
7791	255-122-4-2
7792	255-122-4-2
7793	255-254-152-44
7794	255-212-231-53
7795	255-26-209-210
7796	255-70-122-242
7797	255-70-122-242
7798	255-70-122-242
7799	255-70-122-242
7800	255-70-122-242
7801	255-70-122-242
7802	255-70-122-242
7803	255-254-152-44
7804	255-212-231-53
7805	255-70-122-242
7806	255-122-4-2
7807	255-122-4-2
7808	255-122-4-2
7809	255-122-4-2
7810	255-122-4-2
7811	255-122-4-2
7812	255-122-4-2
7813	255-70-122-242
7814	255-122-4-2
7815	255-122-4-2
7816	255-212-231-53
7817	255-70-122-242
7818	255-122-4-2
7819	255-122-4-2
7820	255-70-122-242
7821	255-122-4-2
7822	255-70-122-242
7823	255-212-231-53
7824	255-122-4-2
7825	255-70-122-242
7826	255-70-122-242
7827	255-70-122-242
7828	255-122-4-2
7829	255-70-122-242
7830	255-70-122-242
7831	255-70-122-242
7832	255-70-122-242
7833	255-70-122-242
7834	255-70-122-242
7835	255-70-122-242
7836	255-70-122-242
7837	255-70-122-242
7838	255-70-122-242
7839	255-70-122-242
7840	255-122-4-2
7841	255-70-122-242
7842	255-70-122-242
7843	255-70-122-242
7844	255-212-231-53
7845	255-122-4-2
7846	255-122-4-2
7847	255-122-4-2
7848	255-122-4-2
7849	255-122-4-2
7850	255-70-122-242
7851	255-212-231-53
7852	255-122-4-2
7853	255-212-231-53
7854	255-122-4-2
7855	255-212-231-53
7856	255-212-231-53
7857	255-212-231-53
7858	255-122-4-2
7859	255-26-209-210
7860	255-122-4-2
7861	255-122-4-2
7862	255-122-4-2
7863	255-122-4-2
7864	255-122-4-2
7865	255-101-252-104
7866	255-122-4-2
7867	255-122-4-2
7868	255-101-252-104
7869	255-101-252-104
7870	255-101-252-104
7871	255-101-252-104
7872	255-101-252-104
7873	255-122-4-2
7874	255-122-4-2
7875	255-70-122-242
7876	255-122-4-2
7877	255-122-4-2
7878	255-122-4-2
7879	255-70-122-242
7880	255-70-122-242
7881	255-101-252-104
7882	255-101-252-104
7883	255-101-252-104
7884	255-101-252-104
7885	255-101-252-104
7886	255-70-122-242
7887	255-70-122-242
7888	255-70-122-242
7889	255-70-122-242
7890	255-70-122-242
7891	255-70-122-242
7892	255-70-122-242
7893	255-70-122-242
7894	255-70-122-242
7895	255-212-231-53
7896	255-122-4-2
7897	255-122-4-2
7898	255-212-231-53
7899	255-70-122-242
7900	255-212-231-53
7901	255-212-231-53
7902	255-212-231-53
7903	255-212-231-53
7904	255-212-231-53
7905	255-212-231-53
7906	255-212-231-53
7907	255-122-4-2
7908	255-212-231-53
7909	255-212-231-53
7910	255-122-4-2
7911	255-122-4-2
7912	255-212-231-53
7913	255-122-4-2
7914	255-122-4-2
7915	255-122-4-2
7916	255-212-231-53
7917	255-101-252-104
7918	255-122-4-2
7919	255-26-209-210
7920	255-26-209-210
7921	255-101-252-104
7922	255-122-4-2
7923	255-70-122-242
7924	255-101-252-104
7925	255-101-252-104
7926	255-70-122-242
7927	255-70-122-242
7928	255-101-252-104
7929	255-70-122-242
7930	255-70-122-242
7931	255-70-122-242
7932	255-70-122-242
7933	255-70-122-242
7934	255-70-122-242
7935	255-70-122-242
7936	255-70-122-242
7937	255-70-122-242
7938	255-212-231-53
7939	255-122-4-2
7940	255-122-4-2
7941	255-122-4-2
7942	255-26-209-210
7943	255-26-209-210
7944	255-122-4-2
7945	255-122-4-2
7946	255-26-209-210
7947	255-26-209-210
7948	255-26-209-210
7949	255-212-231-53
7950	255-212-231-53
7951	255-101-252-104
7952	255-26-209-210
7953	255-122-4-2
7954	255-101-252-104
7955	255-122-4-2
7956	255-122-4-2
7957	255-122-4-2
7958	255-101-252-104
7959	255-101-252-104
7960	255-26-209-210
7961	255-217-56-6
7962	255-101-252-104
7963	255-254-152-44
7964	255-101-252-104
7965	255-101-252-104
7966	255-101-252-104
7967	255-101-252-104
7968	255-101-252-104
7969	255-101-252-104
7970	255-101-252-104
7971	255-101-252-104
7972	255-101-252-104
7973	255-101-252-104
7974	255-101-252-104
7975	255-101-252-104
7976	255-101-252-104
7977	255-254-152-44
7978	255-101-252-104
7979	255-101-252-104
7980	255-101-252-104
7981	255-101-252-104
7982	255-70-122-242
7983	255-122-4-2
7984	255-122-4-2
7985	255-122-4-2
7986	255-122-4-2
7987	255-101-252-104
7988	255-122-4-2
7989	255-122-4-2
7990	255-122-4-2
7991	255-70-122-242
7992	255-122-4-2
7993	255-101-252-104
7994	255-122-4-2
7995	255-70-122-242
7996	255-122-4-2
7997	255-101-252-104
7998	255-122-4-2
7999	255-122-4-2
8000	255-70-122-242
8001	255-101-252-104
8002	255-101-252-104
8003	255-70-122-242
8004	255-101-252-104
8005	255-70-122-242
8006	255-122-4-2
8007	255-70-122-242
8009	255-101-252-104
8010	255-101-252-104
8011	255-101-252-104
8012	255-101-252-104
8013	255-101-252-104
8014	255-101-252-104
8015	255-101-252-104
8016	255-101-252-104
8017	255-101-252-104
8018	255-101-252-104
8019	255-101-252-104
8020	255-101-252-104
8021	255-101-252-104
8022	255-26-209-210
8023	255-122-4-2
8024	255-122-4-2
8025	255-70-122-242
8026	255-122-4-2
8027	255-70-122-242
8028	255-122-4-2
8029	255-70-122-242
8030	255-122-4-2
8031	255-70-122-242
8032	255-70-122-242
8033	255-212-231-53
8034	255-70-122-242
8035	255-122-4-2
8036	255-122-4-2
8037	255-70-122-242
8038	255-70-122-242
8039	255-122-4-2
8040	255-70-122-242
8041	255-122-4-2
8042	255-70-122-242
8043	255-101-252-104
8044	255-122-4-2
8045	255-101-252-104
8046	255-70-122-242
8047	255-122-4-2
8048	255-70-122-242
8049	255-70-122-242
8050	255-70-122-242
8051	255-70-122-242
8052	255-70-122-242
8053	255-254-152-44
8054	255-70-122-242
8055	255-101-252-104
8056	255-101-252-104
8057	255-101-252-104
8058	255-101-252-104
8059	255-101-252-104
8060	255-101-252-104
8061	255-101-252-104
8062	255-101-252-104
8063	255-70-122-242
8064	255-70-122-242
8065	255-70-122-242
8066	255-70-122-242
8067	255-70-122-242
8068	255-70-122-242
8069	255-70-122-242
8070	255-70-122-242
8071	255-70-122-242
8072	255-70-122-242
8073	255-70-122-242
8074	255-70-122-242
8075	255-217-56-6
8076	255-70-122-242
8077	255-70-122-242
8078	255-70-122-242
8079	255-70-122-242
8080	255-70-122-242
8081	255-217-56-6
8082	255-70-122-242
8083	255-70-122-242
8084	255-70-122-242
8085	255-122-4-2
8086	255-70-122-242
8087	255-122-4-2
8088	255-122-4-2
8089	255-122-4-2
8090	255-70-122-242
8091	255-70-122-242
8092	255-70-122-242
8093	255-70-122-242
8094	255-70-122-242
8095	255-70-122-242
8096	255-70-122-242
8097	255-70-122-242
8098	255-122-4-2
8099	255-70-122-242
8100	255-254-152-44
8101	255-70-122-242
8102	255-70-122-242
8103	255-70-122-242
8104	255-101-252-104
8105	255-122-4-2
8106	255-122-4-2
8107	255-122-4-2
8108	255-70-122-242
8109	255-70-122-242
8110	255-70-122-242
8111	255-70-122-242
8112	255-26-209-210
8113	255-122-4-2
8114	255-122-4-2
8115	255-70-122-242
8116	255-70-122-242
8117	255-70-122-242
8118	255-122-4-2
8119	255-70-122-242
8120	255-70-122-242
8121	255-70-122-242
8122	255-70-122-242
8123	255-70-122-242
8124	255-70-122-242
8125	255-70-122-242
8126	255-70-122-242
8127	255-70-122-242
8128	255-212-231-53
8129	255-70-122-242
8130	255-70-122-242
8131	255-70-122-242
8132	255-122-4-2
8133	255-122-4-2
8134	255-122-4-2
8135	255-122-4-2
8136	255-212-231-53
8137	255-122-4-2
8138	255-122-4-2
8139	255-212-231-53
8140	255-101-252-104
8141	255-70-122-242
8142	255-101-252-104
8143	255-101-252-104
8144	255-122-4-2
8145	255-122-4-2
8146	255-101-252-104
8147	255-122-4-2
8148	255-122-4-2
8149	255-122-4-2
8150	255-122-4-2
8151	255-101-252-104
8152	255-122-4-2
8153	255-122-4-2
8154	255-122-4-2
8155	255-122-4-2
8156	255-122-4-2
8157	255-122-4-2
8158	255-101-252-104
8159	255-70-122-242
8160	255-122-4-2
8161	255-101-252-104
8162	255-122-4-2
8163	255-101-252-104
8164	255-70-122-242
8165	255-101-252-104
8166	255-122-4-2
8167	255-122-4-2
8168	255-101-252-104
8169	255-122-4-2
8170	255-122-4-2
8171	255-122-4-2
8172	255-212-231-53
8173	255-122-4-2
8174	255-212-231-53
8175	255-212-231-53
8176	255-70-122-242
8177	255-70-122-242
8178	255-70-122-242
8179	255-70-122-242
8180	255-70-122-242
8181	255-70-122-242
8182	255-70-122-242
8183	255-212-231-53
8184	255-70-122-242
8185	255-122-4-2
8186	255-70-122-242
8187	255-122-4-2
8188	255-122-4-2
8189	255-122-4-2
8190	255-212-231-53
8191	255-212-231-53
8192	255-122-4-2
8193	255-254-152-44
8194	255-254-152-44
8195	255-212-231-53
8196	255-122-4-2
8197	255-212-231-53
8198	255-212-231-53
8199	255-212-231-53
8200	255-212-231-53
8201	255-212-231-53
8202	255-212-231-53
8203	255-212-231-53
8204	255-101-252-104
8205	255-122-4-2
8206	255-101-252-104
8207	255-122-4-2
8208	255-122-4-2
8209	255-122-4-2
8210	255-122-4-2
8211	255-101-252-104
8212	255-101-252-104
8213	255-122-4-2
8214	255-101-252-104
8215	255-70-122-242
8216	255-101-252-104
8217	255-70-122-242
8218	255-101-252-104
8219	255-70-122-242
8220	255-101-252-104
8221	255-212-231-53
8222	255-70-122-242
8223	255-101-252-104
8224	255-70-122-242
8225	255-70-122-242
8226	255-101-252-104
8227	255-70-122-242
8228	255-70-122-242
8229	255-70-122-242
8230	255-70-122-242
8231	255-212-231-53
8232	255-212-231-53
8233	255-212-231-53
8234	255-70-122-242
8235	255-122-4-2
8236	255-122-4-2
8237	255-122-4-2
8238	255-212-231-53
8239	255-212-231-53
8240	255-122-4-2
8241	255-122-4-2
8242	255-122-4-2
8243	255-122-4-2
8244	255-122-4-2
8245	255-122-4-2
8246	255-26-209-210
8247	255-122-4-2
8248	255-122-4-2
8249	255-122-4-2
8250	255-122-4-2
8251	255-122-4-2
8252	255-122-4-2
8253	255-122-4-2
8254	255-122-4-2
8255	255-122-4-2
8256	255-122-4-2
8257	255-122-4-2
8258	255-101-252-104
8259	255-70-122-242
8260	255-122-4-2
8261	255-101-252-104
8262	255-254-152-44
8263	255-101-252-104
8264	255-101-252-104
8265	255-101-252-104
8266	255-101-252-104
8267	255-101-252-104
8268	255-101-252-104
8269	255-101-252-104
8270	255-101-252-104
8271	255-101-252-104
8272	255-101-252-104
8273	255-101-252-104
8274	255-70-122-242
8275	255-70-122-242
8276	255-122-4-2
8277	255-122-4-2
8278	255-122-4-2
8279	255-122-4-2
8280	255-122-4-2
8281	255-122-4-2
8282	255-122-4-2
8283	255-70-122-242
8284	255-122-4-2
8285	255-122-4-2
8286	255-212-231-53
8287	255-122-4-2
8288	255-101-252-104
8289	255-122-4-2
8290	255-122-4-2
8291	255-122-4-2
8292	255-122-4-2
8293	255-122-4-2
8294	255-122-4-2
8295	255-122-4-2
8296	255-70-122-242
8297	255-122-4-2
8298	255-70-122-242
8299	255-70-122-242
8300	255-101-252-104
8301	255-101-252-104
8302	255-101-252-104
8303	255-101-252-104
8304	255-101-252-104
8305	255-101-252-104
8306	255-101-252-104
8307	255-101-252-104
8308	255-101-252-104
8309	255-101-252-104
8310	255-101-252-104
8311	255-101-252-104
8312	255-101-252-104
8313	255-101-252-104
8314	255-101-252-104
8315	255-101-252-104
8316	255-101-252-104
8317	255-101-252-104
8318	255-212-231-53
8319	255-70-122-242
8320	255-70-122-242
8321	255-70-122-242
8322	255-122-4-2
8323	255-70-122-242
8324	255-212-231-53
8325	255-70-122-242
8326	255-70-122-242
8327	255-70-122-242
8328	255-70-122-242
8329	255-70-122-242
8330	255-70-122-242
8331	255-122-4-2
8332	255-122-4-2
8333	255-122-4-2
8334	255-122-4-2
8335	255-70-122-242
8336	255-101-252-104
8337	255-212-231-53
8338	255-212-231-53
8339	255-101-252-104
8340	255-212-231-53
8341	255-70-122-242
8342	255-101-252-104
8343	255-101-252-104
8344	255-101-252-104
8345	255-101-252-104
8346	255-101-252-104
8347	255-101-252-104
8348	255-70-122-242
8349	255-70-122-242
8350	255-212-231-53
8351	255-70-122-242
8352	255-70-122-242
8353	255-70-122-242
8354	255-70-122-242
8355	255-70-122-242
8356	255-70-122-242
8357	255-70-122-242
8358	255-70-122-242
8359	255-70-122-242
8360	255-70-122-242
8361	255-70-122-242
8362	255-70-122-242
8364	255-70-122-242
8365	255-122-4-2
8366	255-70-122-242
8367	255-70-122-242
8368	255-70-122-242
8369	255-70-122-242
8370	255-70-122-242
8371	255-70-122-242
8372	255-70-122-242
8373	255-70-122-242
8374	255-70-122-242
8375	255-101-252-104
8376	255-101-252-104
8377	255-101-252-104
8378	255-254-152-44
8379	255-70-122-242
8380	255-70-122-242
8381	255-70-122-242
8382	255-70-122-242
8383	255-70-122-242
8385	255-70-122-242
8386	255-70-122-242
8387	255-70-122-242
8388	255-70-122-242
8389	255-212-231-53
8390	255-217-56-6
8391	255-122-4-2
8392	255-70-122-242
8393	255-70-122-242
8394	255-70-122-242
8395	255-70-122-242
8396	255-122-4-2
8397	255-70-122-242
8398	255-70-122-242
8399	255-122-4-2
8400	255-101-252-104
8401	255-70-122-242
8402	255-122-4-2
8403	255-70-122-242
8404	255-70-122-242
8405	255-70-122-242
8406	255-70-122-242
8407	255-70-122-242
8408	255-212-231-53
8409	255-212-231-53
8410	255-70-122-242
8411	255-26-209-210
8412	255-70-122-242
8413	255-70-122-242
8414	255-212-231-53
8415	255-122-4-2
8416	255-122-4-2
8417	255-101-252-104
8418	255-122-4-2
8419	255-101-252-104
8420	255-101-252-104
8421	255-101-252-104
8422	255-212-231-53
8423	255-122-4-2
8424	255-212-231-53
8425	255-122-4-2
8426	255-212-231-53
8427	255-122-4-2
8428	255-122-4-2
8429	255-212-231-53
8430	255-122-4-2
8431	255-122-4-2
8432	255-122-4-2
8433	255-122-4-2
8434	255-101-252-104
8435	255-122-4-2
8436	255-122-4-2
8437	255-122-4-2
8438	255-122-4-2
8439	255-122-4-2
8440	255-122-4-2
8441	255-122-4-2
8442	255-122-4-2
8443	255-122-4-2
8444	255-122-4-2
8445	255-122-4-2
8446	255-101-252-104
8447	255-70-122-242
8448	255-101-252-104
8449	255-101-252-104
8450	255-101-252-104
8451	255-122-4-2
8452	255-101-252-104
8453	255-101-252-104
8454	255-70-122-242
8455	255-70-122-242
8456	255-70-122-242
8457	255-70-122-242
8458	255-70-122-242
8459	255-70-122-242
8460	255-70-122-242
8461	255-70-122-242
8462	255-122-4-2
8463	255-122-4-2
8464	255-122-4-2
8465	255-122-4-2
8466	255-122-4-2
8467	255-70-122-242
8468	255-101-252-104
8469	255-122-4-2
8470	255-212-231-53
8471	255-101-252-104
8472	255-212-231-53
8473	255-101-252-104
8474	255-122-4-2
8475	255-212-231-53
8476	255-122-4-2
8477	255-122-4-2
8478	255-122-4-2
8479	255-26-209-210
8480	255-122-4-2
8481	255-101-252-104
8482	255-122-4-2
8483	255-122-4-2
8484	255-70-122-242
8485	255-70-122-242
8486	255-101-252-104
8487	255-122-4-2
8488	255-101-252-104
8489	255-101-252-104
8490	255-101-252-104
8491	255-212-231-53
8492	255-212-231-53
8493	255-101-252-104
8494	255-70-122-242
8495	255-70-122-242
8496	255-70-122-242
8497	255-101-252-104
8498	255-70-122-242
8499	255-101-252-104
8500	255-70-122-242
8501	255-122-4-2
8502	255-101-252-104
8503	255-101-252-104
8504	255-122-4-2
8505	255-122-4-2
8506	255-122-4-2
8507	255-122-4-2
8508	255-122-4-2
8509	255-122-4-2
8510	255-122-4-2
8511	255-122-4-2
8512	255-122-4-2
8513	255-122-4-2
8514	255-122-4-2
8515	255-122-4-2
8516	255-122-4-2
8517	255-122-4-2
8518	255-70-122-242
8519	255-122-4-2
8520	255-70-122-242
8521	255-122-4-2
8522	255-70-122-242
8523	255-101-252-104
8524	255-212-231-53
8525	255-212-231-53
8526	255-101-252-104
8527	255-101-252-104
8528	255-101-252-104
8529	255-101-252-104
8530	255-101-252-104
8531	255-101-252-104
8532	255-101-252-104
8533	255-101-252-104
8534	255-101-252-104
8535	255-122-4-2
8536	255-70-122-242
8537	255-70-122-242
8538	255-101-252-104
8539	255-122-4-2
8540	255-70-122-242
8541	255-122-4-2
8542	255-122-4-2
8543	255-122-4-2
8544	255-70-122-242
8545	255-122-4-2
8546	255-122-4-2
8547	255-122-4-2
8548	255-122-4-2
8549	255-101-252-104
8550	255-122-4-2
8551	255-122-4-2
8552	255-122-4-2
8553	255-122-4-2
8554	255-122-4-2
8555	255-70-122-242
8556	255-122-4-2
8557	255-122-4-2
8558	255-122-4-2
8559	255-122-4-2
8560	255-122-4-2
8561	255-70-122-242
8562	255-70-122-242
8563	255-101-252-104
8564	255-101-252-104
8565	255-101-252-104
8566	255-70-122-242
8567	255-70-122-242
8568	255-70-122-242
8569	255-70-122-242
8570	255-122-4-2
8571	255-122-4-2
8572	255-70-122-242
8573	255-122-4-2
8574	255-70-122-242
8575	255-70-122-242
8576	255-122-4-2
8577	255-70-122-242
8578	255-122-4-2
8579	255-101-252-104
8580	255-70-122-242
8581	255-212-231-53
8582	255-101-252-104
8583	255-70-122-242
8585	255-212-231-53
8586	255-122-4-2
8587	255-122-4-2
8588	255-70-122-242
8589	255-70-122-242
8590	255-70-122-242
8591	255-122-4-2
8592	255-26-209-210
8593	255-26-209-210
8594	255-70-122-242
8595	255-70-122-242
8596	255-70-122-242
8597	255-70-122-242
8598	255-26-209-210
8599	255-70-122-242
8600	255-26-209-210
8601	255-101-252-104
8602	255-70-122-242
8603	255-70-122-242
8604	255-70-122-242
8605	255-70-122-242
8606	255-70-122-242
8607	255-70-122-242
8608	255-70-122-242
8609	255-70-122-242
8610	255-26-209-210
8611	255-70-122-242
8612	255-70-122-242
8613	255-122-4-2
8614	255-70-122-242
8615	255-122-4-2
8616	255-254-152-44
8617	255-122-4-2
8618	255-212-231-53
8619	255-70-122-242
8620	255-70-122-242
8621	255-122-4-2
8622	255-122-4-2
8623	255-70-122-242
8624	255-70-122-242
8625	255-70-122-242
8626	255-70-122-242
8627	255-122-4-2
8628	255-70-122-242
8629	255-254-152-44
8630	255-212-231-53
8631	255-122-4-2
8632	255-212-231-53
8633	255-212-231-53
8634	255-122-4-2
8635	255-122-4-2
8636	255-212-231-53
8637	255-122-4-2
8638	255-101-252-104
8639	255-122-4-2
8640	255-122-4-2
8641	255-122-4-2
8642	255-101-252-104
8643	255-122-4-2
8644	255-101-252-104
8645	255-101-252-104
8646	255-122-4-2
8647	255-212-231-53
8648	255-122-4-2
8649	255-122-4-2
8650	255-122-4-2
8651	255-101-252-104
8652	255-101-252-104
8653	255-101-252-104
8654	255-101-252-104
8655	255-101-252-104
8656	255-122-4-2
8657	255-122-4-2
8658	255-101-252-104
8659	255-122-4-2
8660	255-122-4-2
8661	255-122-4-2
8662	255-122-4-2
8663	255-122-4-2
8664	255-101-252-104
8665	255-101-252-104
8666	255-101-252-104
8667	255-101-252-104
8668	255-101-252-104
8669	255-101-252-104
8670	255-122-4-2
8671	255-70-122-242
8672	255-70-122-242
8673	255-122-4-2
8674	255-70-122-242
8675	255-70-122-242
8676	255-70-122-242
8677	255-70-122-242
8678	255-70-122-242
8679	255-122-4-2
8680	255-122-4-2
8681	255-122-4-2
8682	255-122-4-2
8683	255-122-4-2
8684	255-122-4-2
8685	255-122-4-2
8686	255-122-4-2
8687	255-122-4-2
8688	255-122-4-2
8689	255-122-4-2
8690	255-101-252-104
8691	255-122-4-2
8692	255-101-252-104
8693	255-101-252-104
8694	255-26-209-210
8695	255-122-4-2
8696	255-101-252-104
8697	255-212-231-53
8698	255-212-231-53
8699	255-212-231-53
8700	255-101-252-104
8701	255-101-252-104
8704	255-70-122-242
8705	255-70-122-242
8706	255-101-252-104
8707	255-101-252-104
8708	255-101-252-104
8709	255-26-209-210
8710	255-122-4-2
8711	255-70-122-242
8712	255-122-4-2
8713	255-122-4-2
8714	255-212-231-53
8715	255-101-252-104
8716	255-212-231-53
8717	255-122-4-2
8718	255-101-252-104
8719	255-122-4-2
8720	255-101-252-104
8721	255-212-231-53
8722	255-101-252-104
8723	255-122-4-2
8724	255-70-122-242
8725	255-101-252-104
8726	255-122-4-2
8727	255-101-252-104
8728	255-101-252-104
8729	255-101-252-104
8730	255-122-4-2
8731	255-101-252-104
8732	255-70-122-242
8733	255-254-152-44
8734	255-122-4-2
8735	255-212-231-53
8736	255-70-122-242
8737	255-70-122-242
8738	255-122-4-2
8739	255-70-122-242
8740	255-70-122-242
8741	255-122-4-2
8742	255-122-4-2
8743	255-122-4-2
8744	255-70-122-242
8745	255-101-252-104
8746	255-101-252-104
8747	255-101-252-104
8748	255-101-252-104
8749	255-122-4-2
8750	255-122-4-2
8751	255-122-4-2
8752	255-70-122-242
8753	255-70-122-242
8754	255-70-122-242
8755	255-122-4-2
8756	255-122-4-2
8757	255-70-122-242
8758	255-70-122-242
8759	255-70-122-242
8760	255-217-56-6
8761	255-101-252-104
8762	255-70-122-242
8763	255-70-122-242
8764	255-101-252-104
8765	255-254-152-44
8766	255-101-252-104
8767	255-101-252-104
8768	255-101-252-104
8769	255-254-152-44
8770	255-70-122-242
8771	255-70-122-242
8772	255-70-122-242
8773	255-212-231-53
8774	255-70-122-242
8775	255-70-122-242
8776	255-70-122-242
8777	255-122-4-2
8778	255-212-231-53
8779	255-212-231-53
8780	255-26-209-210
8781	255-70-122-242
8782	255-101-252-104
8783	255-70-122-242
8784	255-70-122-242
8785	255-70-122-242
8786	255-70-122-242
8787	255-101-252-104
8788	255-70-122-242
8789	255-70-122-242
8790	255-70-122-242
8791	255-122-4-2
8792	255-70-122-242
8793	255-70-122-242
8794	255-70-122-242
8795	255-70-122-242
8796	255-70-122-242
8797	255-70-122-242
8798	255-70-122-242
8799	255-254-152-44
8800	255-70-122-242
8801	255-101-252-104
8802	255-212-231-53
8803	255-254-152-44
8804	255-122-4-2
8805	255-122-4-2
8806	255-122-4-2
8807	255-70-122-242
8808	255-122-4-2
8809	255-26-209-210
8810	255-70-122-242
8811	255-70-122-242
8812	255-70-122-242
8813	255-26-209-210
8814	255-122-4-2
8815	255-70-122-242
8816	255-122-4-2
8817	255-70-122-242
8818	255-70-122-242
8819	255-70-122-242
8820	255-212-231-53
8821	255-101-252-104
8822	255-212-231-53
8823	255-101-252-104
8824	255-122-4-2
8825	255-70-122-242
8826	255-122-4-2
8827	255-122-4-2
8828	255-101-252-104
8829	255-101-252-104
8830	255-122-4-2
8831	255-122-4-2
8832	255-122-4-2
8833	255-101-252-104
8834	255-101-252-104
8835	255-70-122-242
8836	255-101-252-104
8837	255-70-122-242
8838	255-70-122-242
8839	255-101-252-104
8840	255-101-252-104
8841	255-122-4-2
8842	255-217-56-6
8843	255-217-56-6
8844	255-101-252-104
8845	255-70-122-242
8846	255-70-122-242
8847	255-70-122-242
8848	255-70-122-242
8849	255-70-122-242
8850	255-122-4-2
8851	255-122-4-2
8852	255-70-122-242
8853	255-101-252-104
8854	255-122-4-2
8855	255-101-252-104
8856	255-122-4-2
8857	255-122-4-2
8858	255-101-252-104
8859	255-101-252-104
8860	255-101-252-104
8861	255-122-4-2
8862	255-26-209-210
8863	255-101-252-104
8864	255-101-252-104
8865	255-212-231-53
8866	255-212-231-53
8867	255-101-252-104
8868	255-70-122-242
8869	255-101-252-104
8870	255-26-209-210
8871	255-101-252-104
8872	255-101-252-104
8873	255-70-122-242
8874	255-70-122-242
8875	255-70-122-242
8876	255-122-4-2
8877	255-122-4-2
8878	255-212-231-53
8879	255-70-122-242
8880	255-101-252-104
8881	255-122-4-2
8882	255-122-4-2
8883	255-101-252-104
8884	255-70-122-242
8885	255-101-252-104
8886	255-217-56-6
8887	255-70-122-242
8888	255-212-231-53
8889	255-212-231-53
8890	255-101-252-104
8891	255-70-122-242
8892	255-70-122-242
8893	255-101-252-104
8894	255-70-122-242
8895	255-101-252-104
8896	255-212-231-53
8897	255-70-122-242
8898	255-70-122-242
8899	255-122-4-2
8900	255-122-4-2
8901	255-122-4-2
8902	255-101-252-104
8903	255-101-252-104
8904	255-101-252-104
8905	255-101-252-104
8906	255-101-252-104
8907	255-70-122-242
8908	255-122-4-2
8909	255-70-122-242
8910	255-70-122-242
8911	255-122-4-2
8912	255-212-231-53
8913	255-122-4-2
8914	255-122-4-2
8915	255-70-122-242
8916	255-70-122-242
8917	255-101-252-104
8918	255-217-56-6
8919	255-101-252-104
8920	255-70-122-242
8921	255-122-4-2
8922	255-122-4-2
8923	255-212-231-53
8924	255-212-231-53
8925	255-122-4-2
8926	255-212-231-53
8927	255-26-209-210
8928	255-122-4-2
8929	255-122-4-2
8930	255-70-122-242
8931	255-101-252-104
8932	255-70-122-242
8933	255-70-122-242
8934	255-122-4-2
8935	255-70-122-242
8936	255-101-252-104
8937	255-70-122-242
8938	255-101-252-104
8939	255-212-231-53
8940	255-70-122-242
8941	255-122-4-2
8942	255-70-122-242
8943	255-217-56-6
8944	255-70-122-242
8945	255-122-4-2
8946	255-101-252-104
8947	255-70-122-242
8948	255-254-152-44
8949	255-70-122-242
8950	255-212-231-53
8951	255-254-152-44
8952	255-101-252-104
8953	255-217-56-6
8954	255-70-122-242
8955	255-70-122-242
8956	255-70-122-242
8957	255-26-209-210
8958	255-70-122-242
8959	255-26-209-210
8960	255-212-231-53
8961	255-101-252-104
8962	255-212-231-53
8963	255-101-252-104
8964	255-101-252-104
8965	255-70-122-242
8966	255-122-4-2
8967	255-101-252-104
8968	255-122-4-2
8969	255-101-252-104
8970	255-122-4-2
8971	255-122-4-2
8972	255-101-252-104
8973	255-122-4-2
8974	255-101-252-104
8975	255-122-4-2
8976	255-122-4-2
8977	255-122-4-2
8978	255-212-231-53
8979	255-101-252-104
8980	255-70-122-242
8981	255-101-252-104
8982	255-122-4-2
8983	255-70-122-242
8984	255-217-56-6
8985	255-101-252-104
8986	255-70-122-242
8987	255-101-252-104
8988	255-101-252-104
8989	255-101-252-104
8990	255-70-122-242
8991	255-122-4-2
8992	255-26-209-210
8993	255-122-4-2
8994	255-122-4-2
8995	255-101-252-104
8996	255-122-4-2
8997	255-122-4-2
8998	255-122-4-2
8999	255-122-4-2
9000	255-212-231-53
9001	255-122-4-2
9002	255-212-231-53
9003	255-122-4-2
9004	255-101-252-104
9005	255-101-252-104
9006	255-101-252-104
9007	255-122-4-2
9008	255-101-252-104
9009	255-212-231-53
9010	255-101-252-104
9011	255-101-252-104
9012	255-101-252-104
9013	255-212-231-53
9014	255-212-231-53
9015	255-212-231-53
9016	255-122-4-2
9017	255-101-252-104
9018	255-101-252-104
9019	255-70-122-242
9020	255-70-122-242
9021	255-70-122-242
9022	255-101-252-104
9023	255-70-122-242
9024	255-254-152-44
9025	255-70-122-242
9026	255-122-4-2
9027	255-122-4-2
9028	255-70-122-242
9029	255-212-231-53
9030	255-122-4-2
9031	255-122-4-2
9032	255-101-252-104
9033	255-70-122-242
9034	255-212-231-53
9035	255-122-4-2
9036	255-70-122-242
9037	255-101-252-104
9038	255-70-122-242
9039	255-70-122-242
9040	255-70-122-242
9041	255-101-252-104
9042	255-122-4-2
9043	255-122-4-2
9044	255-122-4-2
9045	255-217-56-6
9046	255-101-252-104
9047	255-101-252-104
9048	255-217-56-6
9049	255-122-4-2
9050	255-122-4-2
9051	255-70-122-242
9052	255-101-252-104
9053	255-101-252-104
9054	255-254-152-44
9055	255-122-4-2
9056	255-70-122-242
9057	255-70-122-242
9058	255-212-231-53
9059	255-212-231-53
9060	255-26-209-210
9061	255-101-252-104
9062	255-70-122-242
9063	255-101-252-104
9064	255-26-209-210
9065	255-70-122-242
9066	255-101-252-104
9067	255-101-252-104
9068	255-122-4-2
9069	255-212-231-53
9070	255-70-122-242
9071	255-101-252-104
9072	255-101-252-104
9073	255-70-122-242
9074	255-70-122-242
9075	255-70-122-242
9076	255-70-122-242
9077	255-70-122-242
9078	255-122-4-2
9079	255-122-4-2
9080	255-217-56-6
9081	255-70-122-242
9082	255-122-4-2
9083	255-122-4-2
9084	255-212-231-53
9085	255-254-152-44
9086	255-212-231-53
9087	255-26-209-210
9088	255-254-152-44
9089	255-122-4-2
9090	255-254-152-44
9091	255-122-4-2
9092	255-122-4-2
9093	255-254-152-44
9094	255-254-152-44
9095	255-70-122-242
9096	255-122-4-2
9097	255-70-122-242
9098	255-70-122-242
9099	255-70-122-242
9100	255-70-122-242
9101	255-212-231-53
9102	255-70-122-242
9103	255-212-231-53
9104	255-101-252-104
9105	255-122-4-2
9106	255-212-231-53
9107	255-101-252-104
9108	255-212-231-53
9109	255-101-252-104
9110	255-101-252-104
9111	255-101-252-104
9112	255-122-4-2
9113	255-101-252-104
9114	255-122-4-2
9115	255-101-252-104
9116	255-101-252-104
9117	255-101-252-104
9118	255-101-252-104
9119	255-101-252-104
9120	255-122-4-2
9121	255-70-122-242
9122	255-122-4-2
9123	255-101-252-104
9124	255-212-231-53
9125	255-101-252-104
9126	255-70-122-242
9127	255-70-122-242
9128	255-101-252-104
9129	255-101-252-104
9130	255-70-122-242
9131	255-70-122-242
9132	255-254-152-44
9133	255-212-231-53
9134	255-212-231-53
9135	255-70-122-242
9136	255-101-252-104
9137	255-122-4-2
9138	255-212-231-53
9139	255-70-122-242
9140	255-101-252-104
9141	255-26-209-210
9142	255-101-252-104
9143	255-101-252-104
9144	255-101-252-104
9145	255-101-252-104
9146	255-101-252-104
9147	255-101-252-104
9148	255-101-252-104
9149	255-101-252-104
9150	255-122-4-2
9151	255-217-56-6
9152	255-212-231-53
9153	255-212-231-53
9154	255-212-231-53
9155	255-101-252-104
9156	255-70-122-242
9157	255-70-122-242
9158	255-122-4-2
9159	255-70-122-242
9160	255-70-122-242
9161	255-70-122-242
9162	255-101-252-104
9163	255-70-122-242
9164	255-70-122-242
9165	255-122-4-2
9166	255-101-252-104
9167	255-70-122-242
9168	255-70-122-242
9169	255-70-122-242
9170	255-70-122-242
9171	255-26-209-210
9172	255-122-4-2
9173	255-70-122-242
9174	255-101-252-104
9175	255-101-252-104
9176	255-70-122-242
9177	255-70-122-242
9179	255-101-252-104
9180	255-70-122-242
9181	255-254-152-44
9182	255-26-209-210
9183	255-70-122-242
9184	255-70-122-242
9185	255-212-231-53
9186	255-70-122-242
9187	255-70-122-242
9188	255-70-122-242
9189	255-70-122-242
9190	255-70-122-242
9191	255-26-209-210
9192	255-101-252-104
9193	255-101-252-104
9194	255-101-252-104
9195	255-101-252-104
9196	255-101-252-104
9197	255-70-122-242
9198	255-217-56-6
9199	255-101-252-104
9200	255-122-4-2
9201	255-212-231-53
9202	255-70-122-242
9203	255-254-152-44
9204	255-70-122-242
9205	255-212-231-53
9206	255-212-231-53
9207	255-101-252-104
9208	255-101-252-104
9209	255-101-252-104
9210	255-212-231-53
9211	255-212-231-53
9212	255-101-252-104
9213	255-122-4-2
9214	255-122-4-2
9215	255-101-252-104
9216	255-212-231-53
9217	255-212-231-53
9218	255-101-252-104
9219	255-212-231-53
9220	255-101-252-104
9221	255-101-252-104
9222	255-212-231-53
9223	255-101-252-104
9224	255-101-252-104
9225	255-101-252-104
9226	255-101-252-104
9227	255-101-252-104
9228	255-101-252-104
9229	255-101-252-104
9230	255-101-252-104
9231	255-122-4-2
9232	255-70-122-242
9233	255-70-122-242
9234	255-101-252-104
9235	255-122-4-2
9237	255-70-122-242
9238	255-212-231-53
9239	255-122-4-2
9241	255-26-209-210
9242	255-70-122-242
9243	255-70-122-242
9244	255-70-122-242
9245	255-70-122-242
9246	255-212-231-53
9247	255-212-231-53
9248	255-254-152-44
9249	255-212-231-53
9250	255-212-231-53
9251	255-212-231-53
9252	255-212-231-53
9253	255-212-231-53
9254	255-101-252-104
9255	255-101-252-104
9256	255-122-4-2
9257	255-101-252-104
9258	255-101-252-104
9259	255-101-252-104
9260	255-70-122-242
9261	255-101-252-104
9262	255-101-252-104
9263	255-101-252-104
9264	255-101-252-104
9265	255-101-252-104
9266	255-122-4-2
9267	255-212-231-53
9268	255-122-4-2
9269	255-101-252-104
9270	255-122-4-2
9271	255-101-252-104
9272	255-70-122-242
9273	255-70-122-242
9274	255-101-252-104
9275	255-101-252-104
9276	255-101-252-104
9277	255-122-4-2
9278	255-70-122-242
9279	255-101-252-104
9280	255-101-252-104
9281	255-101-252-104
9282	255-70-122-242
9283	255-254-152-44
9284	255-101-252-104
9285	255-70-122-242
9286	255-122-4-2
9287	255-254-152-44
9288	255-26-209-210
9289	255-26-209-210
9290	255-70-122-242
9291	255-101-252-104
9292	255-101-252-104
9293	255-101-252-104
9294	255-217-56-6
9295	255-70-122-242
9296	255-101-252-104
9297	255-70-122-242
9298	255-101-252-104
9299	255-101-252-104
9300	255-70-122-242
9301	255-122-4-2
9302	255-122-4-2
9303	255-26-209-210
9304	255-70-122-242
9305	255-212-231-53
9306	255-254-152-44
9307	255-212-231-53
9308	255-212-231-53
9309	255-212-231-53
9310	255-212-231-53
9311	255-212-231-53
9312	255-212-231-53
9313	255-212-231-53
9314	255-101-252-104
9315	255-212-231-53
9316	255-212-231-53
9317	255-101-252-104
9318	255-122-4-2
9319	255-70-122-242
9320	255-122-4-2
9321	255-26-209-210
9322	255-122-4-2
9323	255-122-4-2
9324	255-101-252-104
9325	255-101-252-104
9326	255-101-252-104
9327	255-101-252-104
9328	255-70-122-242
9329	255-101-252-104
9330	255-122-4-2
9331	255-101-252-104
9332	255-70-122-242
9333	255-70-122-242
9334	255-101-252-104
9335	255-122-4-2
9336	255-26-209-210
9337	255-101-252-104
9338	255-70-122-242
9339	255-26-209-210
9340	255-70-122-242
9341	255-26-209-210
9342	255-101-252-104
9343	255-70-122-242
9344	255-212-231-53
9345	255-254-152-44
9346	255-122-4-2
9347	255-101-252-104
9348	255-212-231-53
9349	255-70-122-242
9350	255-122-4-2
9351	255-122-4-2
9352	255-122-4-2
9353	255-122-4-2
9354	255-212-231-53
9355	255-101-252-104
9356	255-101-252-104
9357	255-101-252-104
9358	255-101-252-104
9359	255-101-252-104
9360	255-212-231-53
9361	255-101-252-104
9362	255-101-252-104
9363	255-101-252-104
9364	255-122-4-2
9365	255-212-231-53
9366	255-101-252-104
9367	255-122-4-2
9368	255-70-122-242
9369	255-122-4-2
9370	255-122-4-2
9371	255-101-252-104
9372	255-101-252-104
9373	255-122-4-2
9374	255-212-231-53
9375	255-217-56-6
9376	255-101-252-104
9377	255-122-4-2
9378	255-70-122-242
9379	255-70-122-242
9380	255-122-4-2
9381	255-101-252-104
9382	255-101-252-104
9383	255-70-122-242
9384	255-101-252-104
9385	255-101-252-104
9386	255-101-252-104
9387	255-254-152-44
9388	255-70-122-242
9389	255-70-122-242
9390	255-122-4-2
9391	255-26-209-210
9392	255-122-4-2
9393	255-122-4-2
9394	255-122-4-2
9395	255-122-4-2
9396	255-101-252-104
9397	255-212-231-53
9398	255-212-231-53
9399	255-212-231-53
9400	255-212-231-53
9401	255-212-231-53
9402	255-212-231-53
9403	255-101-252-104
9404	255-212-231-53
9405	255-122-4-2
9406	255-70-122-242
9407	255-26-209-210
9408	255-26-209-210
9409	255-70-122-242
9410	255-70-122-242
9411	255-122-4-2
9412	255-26-209-210
9413	255-122-4-2
9414	255-26-209-210
9415	255-26-209-210
9416	255-122-4-2
9417	255-122-4-2
9418	255-101-252-104
9419	255-101-252-104
9420	255-101-252-104
9421	255-101-252-104
9422	255-122-4-2
9423	255-101-252-104
9424	255-70-122-242
9425	255-70-122-242
9426	255-101-252-104
9427	255-122-4-2
9428	255-212-231-53
9429	255-101-252-104
9430	255-70-122-242
9431	255-254-152-44
9432	255-26-209-210
9433	255-122-4-2
9434	255-122-4-2
9435	255-122-4-2
9436	255-122-4-2
9437	255-122-4-2
9438	255-122-4-2
9439	255-122-4-2
9440	255-101-252-104
9441	255-101-252-104
9442	255-101-252-104
9443	255-101-252-104
9444	255-101-252-104
9445	255-101-252-104
9446	255-122-4-2
9447	255-70-122-242
9448	255-101-252-104
9449	255-101-252-104
9450	255-122-4-2
9451	255-217-56-6
9452	255-217-56-6
9453	255-122-4-2
9454	255-70-122-242
9455	255-101-252-104
9456	255-101-252-104
9457	255-101-252-104
9458	255-70-122-242
9459	255-122-4-2
9460	255-122-4-2
9461	255-70-122-242
9462	255-101-252-104
9463	255-70-122-242
9464	255-70-122-242
9465	255-70-122-242
9466	255-101-252-104
9467	255-70-122-242
9468	255-70-122-242
9469	255-26-209-210
9470	255-70-122-242
9471	255-101-252-104
9472	255-212-231-53
9473	255-70-122-242
9474	255-70-122-242
9475	255-122-4-2
9476	255-70-122-242
9477	255-217-56-6
9478	255-122-4-2
9479	255-212-231-53
9480	255-122-4-2
9481	255-122-4-2
9482	255-122-4-2
9483	255-26-209-210
9484	255-70-122-242
9485	255-101-252-104
9486	255-70-122-242
9487	255-122-4-2
9488	255-122-4-2
9489	255-254-152-44
9490	255-70-122-242
9491	255-70-122-242
9492	255-26-209-210
9493	255-122-4-2
9494	255-101-252-104
9495	255-122-4-2
9496	255-122-4-2
9497	255-254-152-44
9498	255-26-209-210
9499	255-122-4-2
9500	255-212-231-53
9501	255-122-4-2
9502	255-122-4-2
9503	255-122-4-2
9504	255-122-4-2
9505	255-212-231-53
9506	255-122-4-2
9507	255-122-4-2
9508	255-122-4-2
9509	255-26-209-210
9510	255-101-252-104
9511	255-122-4-2
9512	255-122-4-2
9513	255-212-231-53
9514	255-101-252-104
9515	255-212-231-53
9516	255-122-4-2
9517	255-101-252-104
9518	255-122-4-2
9519	255-26-209-210
9520	255-122-4-2
9521	255-122-4-2
9522	255-122-4-2
9523	255-212-231-53
9524	255-212-231-53
9525	255-26-209-210
9526	255-26-209-210
9527	255-122-4-2
9528	255-101-252-104
9529	255-122-4-2
9530	255-70-122-242
9531	255-101-252-104
9532	255-101-252-104
9533	255-70-122-242
9534	255-70-122-242
9535	255-70-122-242
9536	255-101-252-104
9537	255-70-122-242
9538	255-122-4-2
9539	255-70-122-242
9540	255-70-122-242
9541	255-70-122-242
9542	255-101-252-104
9543	255-101-252-104
9544	255-101-252-104
9545	255-101-252-104
9546	255-101-252-104
9547	255-101-252-104
9548	255-26-209-210
9549	255-122-4-2
9550	255-26-209-210
9551	255-122-4-2
9552	255-122-4-2
9553	255-122-4-2
9554	255-70-122-242
9555	255-122-4-2
9556	255-70-122-242
9557	255-101-252-104
9558	255-101-252-104
9559	255-101-252-104
9560	255-212-231-53
9561	255-70-122-242
9562	255-26-209-210
9563	255-70-122-242
9564	255-70-122-242
9565	255-101-252-104
9566	255-70-122-242
9567	255-70-122-242
9568	255-70-122-242
9569	255-122-4-2
9570	255-217-56-6
9571	255-212-231-53
9572	255-122-4-2
9573	255-122-4-2
9574	255-101-252-104
9575	255-70-122-242
9576	255-122-4-2
9577	255-26-209-210
9578	255-254-152-44
9579	255-101-252-104
9580	255-254-152-44
9581	255-122-4-2
9582	255-122-4-2
9583	255-70-122-242
9584	255-70-122-242
9585	255-70-122-242
9586	255-70-122-242
9587	255-101-252-104
9588	255-101-252-104
9589	255-101-252-104
9590	255-70-122-242
9591	255-254-152-44
9592	255-70-122-242
9593	255-26-209-210
9594	255-217-56-6
9596	255-101-252-104
9597	255-212-231-53
9598	255-101-252-104
9599	255-101-252-104
9600	255-70-122-242
9601	255-26-209-210
9602	255-26-209-210
9603	255-101-252-104
9604	255-101-252-104
9605	255-122-4-2
9606	255-101-252-104
9607	255-212-231-53
9608	255-26-209-210
9609	255-122-4-2
9610	255-122-4-2
9611	255-212-231-53
9612	255-122-4-2
9613	255-122-4-2
9614	255-122-4-2
9615	255-122-4-2
9616	255-122-4-2
9617	255-212-231-53
9618	255-70-122-242
9619	255-254-152-44
9620	255-122-4-2
9621	255-122-4-2
9622	255-70-122-242
9623	255-122-4-2
9624	255-122-4-2
9625	255-122-4-2
9626	255-122-4-2
9627	255-122-4-2
9628	255-122-4-2
9629	255-122-4-2
9630	255-122-4-2
9631	255-70-122-242
9632	255-122-4-2
9633	255-122-4-2
9634	255-122-4-2
9635	255-122-4-2
9636	255-122-4-2
9637	255-254-152-44
9638	255-122-4-2
9639	255-70-122-242
9640	255-122-4-2
9641	255-70-122-242
9642	255-212-231-53
9643	255-122-4-2
9644	255-26-209-210
9645	255-212-231-53
9646	255-26-209-210
9647	255-212-231-53
9648	255-122-4-2
9649	255-212-231-53
9650	255-212-231-53
9651	255-122-4-2
9652	255-212-231-53
9653	255-212-231-53
9654	255-212-231-53
9655	255-212-231-53
9656	255-122-4-2
9657	255-212-231-53
9658	255-122-4-2
9659	255-122-4-2
9660	255-122-4-2
9661	255-122-4-2
9662	255-212-231-53
9663	255-212-231-53
9664	255-122-4-2
9665	255-122-4-2
9666	255-212-231-53
9667	255-122-4-2
9668	255-26-209-210
9669	255-122-4-2
9670	255-122-4-2
9671	255-70-122-242
9672	255-122-4-2
9673	255-122-4-2
9674	255-70-122-242
9675	255-122-4-2
9676	255-70-122-242
9677	255-70-122-242
9678	255-101-252-104
9679	255-212-231-53
9680	255-101-252-104
9681	255-101-252-104
9682	255-101-252-104
9683	255-70-122-242
9684	255-70-122-242
9685	255-101-252-104
9686	255-101-252-104
9687	255-26-209-210
9688	255-122-4-2
9689	255-254-152-44
9690	255-122-4-2
9691	255-122-4-2
9692	255-122-4-2
9693	255-70-122-242
9694	255-101-252-104
9695	255-122-4-2
9696	255-101-252-104
9697	255-212-231-53
9698	255-101-252-104
9699	255-122-4-2
9700	255-70-122-242
9701	255-70-122-242
9702	255-70-122-242
9703	255-70-122-242
9704	255-122-4-2
9705	255-70-122-242
9706	255-70-122-242
9707	255-212-231-53
9708	255-212-231-53
9709	255-26-209-210
9710	255-122-4-2
9711	255-101-252-104
9712	255-101-252-104
9713	255-101-252-104
9714	255-101-252-104
9715	255-122-4-2
9716	255-101-252-104
9717	255-101-252-104
9718	255-101-252-104
9719	255-122-4-2
9720	255-70-122-242
9721	255-101-252-104
9722	255-70-122-242
9723	255-70-122-242
9724	255-70-122-242
9725	255-101-252-104
9726	255-70-122-242
9727	255-70-122-242
9728	255-70-122-242
9729	255-70-122-242
9730	255-70-122-242
9731	255-101-252-104
9732	255-122-4-2
9733	255-101-252-104
9734	255-101-252-104
9735	255-70-122-242
9736	255-101-252-104
9737	255-101-252-104
9738	255-101-252-104
9739	255-101-252-104
9741	255-254-152-44
9742	255-26-209-210
9743	255-70-122-242
9744	255-26-209-210
9745	255-254-152-44
9746	255-70-122-242
9747	255-101-252-104
9748	255-101-252-104
9749	255-254-152-44
9750	255-212-231-53
9751	255-101-252-104
9752	255-70-122-242
9753	255-254-152-44
9754	255-212-231-53
9755	255-122-4-2
9756	255-122-4-2
9757	255-122-4-2
9758	255-217-56-6
9759	255-122-4-2
9760	255-122-4-2
9761	255-212-231-53
9762	255-101-252-104
9763	255-212-231-53
9764	255-122-4-2
9765	255-122-4-2
9766	255-122-4-2
9767	255-122-4-2
9768	255-122-4-2
9769	255-122-4-2
9770	255-122-4-2
9771	255-212-231-53
9772	255-212-231-53
9773	255-122-4-2
9774	255-70-122-242
9775	255-122-4-2
9776	255-122-4-2
9777	255-122-4-2
9778	255-122-4-2
9779	255-122-4-2
9780	255-101-252-104
9781	255-122-4-2
9782	255-122-4-2
9783	255-122-4-2
9784	255-122-4-2
9785	255-122-4-2
9786	255-70-122-242
9787	255-122-4-2
9788	255-122-4-2
9789	255-122-4-2
9790	255-212-231-53
9791	255-122-4-2
9792	255-101-252-104
9793	255-122-4-2
9794	255-122-4-2
9795	255-122-4-2
9796	255-122-4-2
9797	255-122-4-2
9798	255-122-4-2
9799	255-122-4-2
9800	255-70-122-242
9801	255-122-4-2
9802	255-101-252-104
9803	255-101-252-104
9804	255-101-252-104
9805	255-70-122-242
9806	255-212-231-53
9807	255-122-4-2
9808	255-212-231-53
9809	255-212-231-53
9810	255-212-231-53
9811	255-212-231-53
9812	255-212-231-53
9813	255-212-231-53
9814	255-212-231-53
9815	255-212-231-53
9816	255-212-231-53
9817	255-122-4-2
9818	255-122-4-2
9819	255-122-4-2
9820	255-212-231-53
9821	255-212-231-53
9822	255-212-231-53
9823	255-212-231-53
9824	255-122-4-2
9825	255-122-4-2
9826	255-122-4-2
9827	255-212-231-53
9828	255-212-231-53
9829	255-70-122-242
9830	255-122-4-2
9831	255-122-4-2
9832	255-212-231-53
9833	255-70-122-242
9834	255-101-252-104
9835	255-122-4-2
9836	255-122-4-2
9837	255-122-4-2
9838	255-122-4-2
9839	255-122-4-2
9840	255-122-4-2
9841	255-70-122-242
9842	255-122-4-2
9843	255-122-4-2
9844	255-70-122-242
9845	255-101-252-104
9846	255-212-231-53
9847	255-101-252-104
9848	255-212-231-53
9849	255-70-122-242
9850	255-101-252-104
9851	255-101-252-104
9852	255-254-152-44
9853	255-70-122-242
9854	255-101-252-104
9855	255-101-252-104
9856	255-101-252-104
9857	255-101-252-104
9858	255-70-122-242
9859	255-101-252-104
9860	255-101-252-104
9861	255-26-209-210
9862	255-122-4-2
9863	255-101-252-104
9864	255-70-122-242
9865	255-212-231-53
9866	255-122-4-2
9867	255-70-122-242
9868	255-212-231-53
9869	255-70-122-242
9870	255-122-4-2
9871	255-122-4-2
9872	255-122-4-2
9873	255-122-4-2
9874	255-122-4-2
9875	255-122-4-2
9876	255-122-4-2
9877	255-122-4-2
9878	255-122-4-2
9879	255-26-209-210
9880	255-122-4-2
9881	255-122-4-2
9882	255-122-4-2
9883	255-122-4-2
9884	255-122-4-2
9885	255-122-4-2
9886	255-70-122-242
9887	255-122-4-2
9888	255-122-4-2
9889	255-101-252-104
9890	255-212-231-53
9891	255-122-4-2
9892	255-101-252-104
9893	255-101-252-104
9894	255-101-252-104
9895	255-101-252-104
9896	255-122-4-2
9897	255-254-152-44
9898	255-101-252-104
9899	255-101-252-104
9900	255-101-252-104
9901	255-26-209-210
9902	255-26-209-210
9903	255-26-209-210
9904	255-70-122-242
9905	255-122-4-2
9906	255-122-4-2
9907	255-70-122-242
9908	255-70-122-242
9909	255-70-122-242
9910	255-122-4-2
9911	255-122-4-2
9912	255-70-122-242
9913	255-70-122-242
9914	255-70-122-242
9915	255-70-122-242
9916	255-70-122-242
9917	255-101-252-104
9918	255-101-252-104
9919	255-101-252-104
9920	255-101-252-104
9921	255-101-252-104
9922	255-101-252-104
9923	255-217-56-6
9924	255-212-231-53
9925	255-122-4-2
9926	255-101-252-104
9927	255-70-122-242
9928	255-70-122-242
9929	255-26-209-210
9930	255-26-209-210
9931	255-70-122-242
9932	255-101-252-104
9933	255-101-252-104
9934	255-101-252-104
9935	255-101-252-104
9936	255-212-231-53
9937	255-70-122-242
9938	255-101-252-104
9939	255-217-56-6
9940	255-212-231-53
9941	255-70-122-242
9942	255-122-4-2
9943	255-122-4-2
9944	255-122-4-2
9945	255-26-209-210
9946	255-70-122-242
9947	255-70-122-242
9948	255-70-122-242
9949	255-70-122-242
9950	255-122-4-2
9951	255-122-4-2
9952	255-122-4-2
9953	255-212-231-53
9954	255-122-4-2
9955	255-212-231-53
9956	255-212-231-53
9957	255-122-4-2
9958	255-122-4-2
9959	255-212-231-53
9960	255-101-252-104
9961	255-122-4-2
9962	255-122-4-2
9963	255-122-4-2
9964	255-212-231-53
9965	255-122-4-2
9966	255-70-122-242
9967	255-70-122-242
9968	255-122-4-2
9969	255-70-122-242
9970	255-122-4-2
9971	255-122-4-2
9972	255-212-231-53
9973	255-70-122-242
9974	255-101-252-104
9975	255-101-252-104
9976	255-101-252-104
9977	255-122-4-2
9978	255-212-231-53
9979	255-122-4-2
9980	255-122-4-2
9981	255-101-252-104
9982	255-70-122-242
9983	255-122-4-2
9984	255-101-252-104
9985	255-70-122-242
9986	255-101-252-104
9987	255-70-122-242
9988	255-101-252-104
9989	255-70-122-242
9990	255-70-122-242
9991	255-70-122-242
9992	255-70-122-242
9993	255-101-252-104
9994	255-26-209-210
9995	255-70-122-242
9996	255-122-4-2
9997	255-212-231-53
9998	255-212-231-53
9999	255-212-231-53
10000	255-122-4-2
10001	255-212-231-53
10002	255-122-4-2
10003	255-122-4-2
10004	255-212-231-53
10005	255-26-209-210
10006	255-122-4-2
10007	255-212-231-53
10008	255-122-4-2
10009	255-70-122-242
10010	255-212-231-53
10011	255-212-231-53
10012	255-212-231-53
10013	255-122-4-2
10014	255-122-4-2
10015	255-122-4-2
10016	255-122-4-2
10017	255-101-252-104
10018	255-212-231-53
10019	255-101-252-104
10020	255-122-4-2
10021	255-101-252-104
10022	255-101-252-104
10023	255-101-252-104
10024	255-101-252-104
10025	255-122-4-2
10026	255-101-252-104
10027	255-101-252-104
10028	255-101-252-104
10029	255-212-231-53
10030	255-70-122-242
10031	255-70-122-242
10032	255-70-122-242
10033	255-70-122-242
10034	255-101-252-104
10035	255-101-252-104
10036	255-212-231-53
10037	255-212-231-53
10038	255-212-231-53
10039	255-254-152-44
10040	255-254-152-44
10041	255-212-231-53
10042	255-212-231-53
10043	255-122-4-2
10044	255-212-231-53
10045	255-122-4-2
10046	255-101-252-104
10047	255-122-4-2
10048	255-122-4-2
10049	255-122-4-2
10050	255-212-231-53
10051	255-122-4-2
10052	255-122-4-2
10053	255-122-4-2
10054	255-122-4-2
10055	255-122-4-2
10056	255-122-4-2
10057	255-70-122-242
10058	255-122-4-2
10059	255-70-122-242
10060	255-70-122-242
10061	255-70-122-242
10062	255-101-252-104
10063	255-212-231-53
10064	255-122-4-2
10065	255-122-4-2
10066	255-212-231-53
10067	255-122-4-2
10068	255-101-252-104
10069	255-70-122-242
10070	255-122-4-2
10071	255-26-209-210
10072	255-122-4-2
10073	255-122-4-2
10074	255-212-231-53
10075	255-254-152-44
10076	255-70-122-242
10077	255-70-122-242
10078	255-70-122-242
10079	255-212-231-53
10080	255-70-122-242
10081	255-122-4-2
10082	255-70-122-242
10083	255-122-4-2
10084	255-122-4-2
10085	255-101-252-104
10086	255-70-122-242
10087	255-70-122-242
10088	255-101-252-104
10089	255-101-252-104
10090	255-70-122-242
10091	255-70-122-242
10092	255-122-4-2
10093	255-101-252-104
10094	255-122-4-2
10095	255-101-252-104
10096	255-101-252-104
10097	255-254-152-44
10098	255-70-122-242
10099	255-101-252-104
10100	255-70-122-242
10101	255-101-252-104
10102	255-101-252-104
10103	255-70-122-242
10104	255-101-252-104
10105	255-101-252-104
10106	255-101-252-104
10107	255-101-252-104
10108	255-101-252-104
10109	255-212-231-53
10110	255-101-252-104
10111	255-254-152-44
10112	255-122-4-2
10113	255-122-4-2
10114	255-254-152-44
10115	255-101-252-104
10116	255-254-152-44
10117	255-217-56-6
10118	255-122-4-2
10119	255-70-122-242
10120	255-70-122-242
10121	255-70-122-242
10122	255-70-122-242
10123	255-254-152-44
10124	255-70-122-242
10125	255-70-122-242
10126	255-70-122-242
10127	255-70-122-242
10128	255-70-122-242
10129	255-70-122-242
10130	255-122-4-2
10131	255-122-4-2
10132	255-122-4-2
10133	255-212-231-53
10134	255-254-152-44
10135	255-122-4-2
10136	255-122-4-2
10137	255-122-4-2
10138	255-212-231-53
10139	255-122-4-2
10140	255-122-4-2
10141	255-70-122-242
10142	255-101-252-104
10143	255-254-152-44
10144	255-70-122-242
10145	255-122-4-2
10146	255-70-122-242
10147	255-70-122-242
10148	255-70-122-242
10149	255-122-4-2
10150	255-70-122-242
10151	255-212-231-53
10152	255-101-252-104
10153	255-70-122-242
10154	255-70-122-242
10155	255-70-122-242
10156	255-70-122-242
10157	255-70-122-242
10158	255-122-4-2
10159	255-212-231-53
10160	255-122-4-2
10161	255-122-4-2
10162	255-122-4-2
10163	255-122-4-2
10164	255-122-4-2
10165	255-122-4-2
10166	255-212-231-53
10167	255-122-4-2
10168	255-122-4-2
10169	255-212-231-53
10170	255-122-4-2
10171	255-122-4-2
10172	255-122-4-2
10173	255-212-231-53
10174	255-122-4-2
10175	255-70-122-242
10176	255-212-231-53
10177	255-212-231-53
10178	255-101-252-104
10179	255-101-252-104
10180	255-101-252-104
10181	255-70-122-242
10182	255-101-252-104
10183	255-101-252-104
10184	255-217-56-6
10185	255-122-4-2
10186	255-70-122-242
10187	255-212-231-53
10188	255-101-252-104
10189	255-70-122-242
10190	255-101-252-104
10191	255-101-252-104
10192	255-70-122-242
10193	255-122-4-2
10194	255-101-252-104
10195	255-101-252-104
10196	255-70-122-242
10197	255-70-122-242
10198	255-70-122-242
10199	255-101-252-104
10200	255-212-231-53
10201	255-212-231-53
10202	255-122-4-2
10203	255-122-4-2
10204	255-122-4-2
10205	255-122-4-2
10206	255-101-252-104
10207	255-101-252-104
10208	255-122-4-2
10209	255-70-122-242
10210	255-122-4-2
10211	255-70-122-242
10212	255-122-4-2
10213	255-101-252-104
10214	255-122-4-2
10215	255-122-4-2
10216	255-101-252-104
10217	255-122-4-2
10218	255-122-4-2
10219	255-101-252-104
10220	255-122-4-2
10221	255-70-122-242
10222	255-101-252-104
10223	255-101-252-104
10224	255-212-231-53
10225	255-212-231-53
10226	255-212-231-53
10227	255-212-231-53
10228	255-101-252-104
10229	255-101-252-104
10230	255-122-4-2
10231	255-101-252-104
10232	255-101-252-104
10233	255-122-4-2
10234	255-212-231-53
10235	255-122-4-2
10236	255-101-252-104
10237	255-101-252-104
10238	255-101-252-104
10239	255-254-152-44
10240	255-122-4-2
10241	255-122-4-2
10242	255-122-4-2
10243	255-254-152-44
10244	255-122-4-2
10245	255-122-4-2
10246	255-122-4-2
10247	255-122-4-2
10248	255-122-4-2
10249	255-122-4-2
10250	255-122-4-2
10251	255-122-4-2
10252	255-122-4-2
10253	255-101-252-104
10254	255-212-231-53
10255	255-122-4-2
10256	255-70-122-242
10257	255-101-252-104
10258	255-101-252-104
10259	255-101-252-104
10260	255-101-252-104
10261	255-101-252-104
10262	255-70-122-242
10263	255-70-122-242
10264	255-122-4-2
10265	255-101-252-104
10266	255-70-122-242
10267	255-212-231-53
10268	255-101-252-104
10269	255-101-252-104
10270	255-101-252-104
10271	255-101-252-104
10272	255-101-252-104
10273	255-122-4-2
10274	255-101-252-104
10275	255-101-252-104
10276	255-70-122-242
10277	255-70-122-242
10278	255-70-122-242
10279	255-70-122-242
10280	255-217-56-6
10281	255-122-4-2
10282	255-101-252-104
10283	255-212-231-53
10284	255-217-56-6
10285	255-70-122-242
10286	255-101-252-104
10287	255-70-122-242
10288	255-70-122-242
10289	255-217-56-6
10290	255-70-122-242
10291	255-122-4-2
10292	255-122-4-2
10293	255-254-152-44
10294	255-70-122-242
10295	255-70-122-242
10296	255-70-122-242
10297	255-70-122-242
10298	255-70-122-242
10299	255-70-122-242
10300	255-70-122-242
10301	255-70-122-242
10302	255-70-122-242
10303	255-212-231-53
10304	255-70-122-242
10305	255-212-231-53
10306	255-70-122-242
10307	255-217-56-6
10308	255-122-4-2
10309	255-70-122-242
10310	255-70-122-242
10311	255-122-4-2
10312	255-70-122-242
10313	255-26-209-210
10314	255-122-4-2
10315	255-122-4-2
10316	255-70-122-242
10317	255-70-122-242
10318	255-70-122-242
10319	255-70-122-242
10320	255-70-122-242
10321	255-70-122-242
10322	255-70-122-242
10323	255-70-122-242
10324	255-212-231-53
10325	255-70-122-242
10326	255-70-122-242
10327	255-70-122-242
10328	255-70-122-242
10329	255-70-122-242
10330	255-70-122-242
10331	255-70-122-242
10332	255-254-152-44
10333	255-122-4-2
10334	255-122-4-2
10335	255-212-231-53
10336	255-122-4-2
10337	255-122-4-2
10338	255-122-4-2
10339	255-212-231-53
10340	255-122-4-2
10341	255-122-4-2
10342	255-122-4-2
10343	255-212-231-53
10344	255-122-4-2
10345	255-212-231-53
10346	255-254-152-44
10347	255-217-56-6
10348	255-70-122-242
10349	255-254-152-44
10350	255-70-122-242
10351	255-101-252-104
10352	255-26-209-210
10353	255-70-122-242
10354	255-101-252-104
10355	255-70-122-242
10356	255-70-122-242
10357	255-70-122-242
10358	255-70-122-242
10359	255-101-252-104
10360	255-101-252-104
10361	255-26-209-210
10362	255-122-4-2
10363	255-122-4-2
10364	255-101-252-104
10365	255-122-4-2
10366	255-101-252-104
10367	255-122-4-2
10368	255-122-4-2
10369	255-122-4-2
10370	255-101-252-104
10371	255-101-252-104
10372	255-101-252-104
10373	255-122-4-2
10374	255-101-252-104
10375	255-101-252-104
10376	255-101-252-104
10377	255-101-252-104
10378	255-70-122-242
10379	255-101-252-104
10380	255-212-231-53
10381	255-101-252-104
10382	255-101-252-104
10383	255-101-252-104
10384	255-101-252-104
10385	255-101-252-104
10386	255-101-252-104
10387	255-101-252-104
10388	255-101-252-104
10389	255-101-252-104
10390	255-101-252-104
10391	255-101-252-104
10392	255-122-4-2
10393	255-70-122-242
10394	255-26-209-210
10395	255-254-152-44
10396	255-122-4-2
10397	255-70-122-242
10398	255-70-122-242
10399	255-122-4-2
10400	255-122-4-2
10401	255-122-4-2
10402	255-122-4-2
10403	255-70-122-242
10404	255-122-4-2
10405	255-70-122-242
10406	255-101-252-104
10407	255-101-252-104
10408	255-101-252-104
10409	255-70-122-242
10410	255-70-122-242
10411	255-101-252-104
10412	255-101-252-104
10413	255-212-231-53
10414	255-70-122-242
10415	255-122-4-2
10416	255-101-252-104
10417	255-101-252-104
10418	255-122-4-2
10419	255-101-252-104
10420	255-101-252-104
10421	255-101-252-104
10422	255-101-252-104
10423	255-101-252-104
10424	255-101-252-104
10425	255-70-122-242
10426	255-26-209-210
10427	255-70-122-242
10428	255-70-122-242
10429	255-101-252-104
10430	255-70-122-242
10431	255-101-252-104
10432	255-70-122-242
10433	255-101-252-104
10434	255-122-4-2
10435	255-101-252-104
10436	255-122-4-2
10437	255-101-252-104
10438	255-101-252-104
10439	255-254-152-44
10440	255-101-252-104
10441	255-101-252-104
10442	255-101-252-104
10443	255-101-252-104
10444	255-212-231-53
10445	255-70-122-242
10446	255-70-122-242
10447	255-70-122-242
10448	255-122-4-2
10449	255-122-4-2
10450	255-122-4-2
10451	255-212-231-53
10452	255-254-152-44
10453	255-212-231-53
10454	255-70-122-242
10455	255-254-152-44
10456	255-70-122-242
10457	255-70-122-242
10458	255-70-122-242
10459	255-70-122-242
10460	255-212-231-53
10461	255-212-231-53
10462	255-70-122-242
10463	255-70-122-242
10464	255-122-4-2
10465	255-70-122-242
10466	255-70-122-242
10467	255-70-122-242
10468	255-254-152-44
10469	255-70-122-242
10470	255-122-4-2
10471	255-122-4-2
10472	255-70-122-242
10473	255-122-4-2
10474	255-122-4-2
10475	255-212-231-53
10476	255-212-231-53
10477	255-122-4-2
10478	255-70-122-242
10479	255-212-231-53
10480	255-26-209-210
10481	255-70-122-242
10482	255-70-122-242
10483	255-70-122-242
10484	255-70-122-242
10485	255-70-122-242
10486	255-70-122-242
10487	255-70-122-242
10488	255-101-252-104
10489	255-70-122-242
10490	255-122-4-2
10491	255-122-4-2
10492	255-212-231-53
10493	255-101-252-104
10494	255-101-252-104
10495	255-70-122-242
10496	255-101-252-104
10497	255-101-252-104
10498	255-212-231-53
10499	255-212-231-53
10500	255-212-231-53
10501	255-212-231-53
10502	255-254-152-44
10503	255-212-231-53
10504	255-101-252-104
10505	255-70-122-242
10506	255-70-122-242
10507	255-70-122-242
10508	255-70-122-242
10509	255-70-122-242
10510	255-70-122-242
10511	255-122-4-2
10512	255-101-252-104
10513	255-70-122-242
10514	255-70-122-242
10516	255-122-4-2
10517	255-70-122-242
10518	255-122-4-2
10519	255-122-4-2
10520	255-212-231-53
10521	255-122-4-2
10522	255-212-231-53
10523	255-217-56-6
10524	255-212-231-53
10525	255-101-252-104
10526	255-212-231-53
10527	255-101-252-104
10528	255-101-252-104
10529	255-101-252-104
10530	255-101-252-104
10531	255-101-252-104
10532	255-101-252-104
10533	255-101-252-104
10534	255-101-252-104
10535	255-101-252-104
10536	255-101-252-104
10537	255-101-252-104
10538	255-101-252-104
10539	255-101-252-104
10540	255-212-231-53
10541	255-70-122-242
10542	255-254-152-44
10543	255-70-122-242
10544	255-70-122-242
10545	255-212-231-53
10546	255-122-4-2
10547	255-70-122-242
10548	255-70-122-242
10549	255-70-122-242
10550	255-212-231-53
10551	255-70-122-242
10552	255-101-252-104
10553	255-101-252-104
10554	255-70-122-242
10555	255-122-4-2
10556	255-101-252-104
10557	255-122-4-2
10558	255-101-252-104
10560	255-101-252-104
10561	255-122-4-2
10562	255-101-252-104
10563	255-101-252-104
10564	255-101-252-104
10565	255-101-252-104
10566	255-70-122-242
10567	255-70-122-242
10568	255-70-122-242
10569	255-70-122-242
10570	255-70-122-242
10571	255-70-122-242
10572	255-70-122-242
10573	255-70-122-242
10574	255-70-122-242
10575	255-70-122-242
10576	255-122-4-2
10577	255-70-122-242
10578	255-101-252-104
10579	255-101-252-104
10580	255-70-122-242
10581	255-70-122-242
10582	255-70-122-242
10583	255-70-122-242
10584	255-70-122-242
10585	255-101-252-104
10586	255-101-252-104
10587	255-101-252-104
10588	255-101-252-104
10589	255-70-122-242
10590	255-70-122-242
10591	255-70-122-242
10592	255-70-122-242
10593	255-212-231-53
10594	255-254-152-44
10595	255-122-4-2
10596	255-254-152-44
10597	255-254-152-44
10598	255-122-4-2
10599	255-70-122-242
10600	255-70-122-242
10601	255-212-231-53
10602	255-122-4-2
10603	255-70-122-242
10604	255-70-122-242
10605	255-122-4-2
10606	255-122-4-2
10607	255-26-209-210
10608	255-70-122-242
10609	255-70-122-242
10610	255-254-152-44
10611	255-70-122-242
10612	255-122-4-2
10613	255-212-231-53
10614	255-122-4-2
10615	255-212-231-53
10616	255-70-122-242
10617	255-70-122-242
10618	255-212-231-53
10619	255-212-231-53
10620	255-122-4-2
10621	255-212-231-53
10622	255-122-4-2
10623	255-212-231-53
10624	255-122-4-2
10625	255-70-122-242
10626	255-70-122-242
10627	255-70-122-242
10628	255-70-122-242
10629	255-254-152-44
10631	255-254-152-44
10632	255-70-122-242
10633	255-212-231-53
10634	255-70-122-242
10635	255-70-122-242
10636	255-212-231-53
10637	255-26-209-210
10638	255-26-209-210
10639	255-212-231-53
10640	255-212-231-53
10641	255-212-231-53
10642	255-212-231-53
10643	255-122-4-2
10644	255-101-252-104
10645	255-26-209-210
10646	255-122-4-2
10647	255-122-4-2
10648	255-122-4-2
10649	255-70-122-242
10650	255-70-122-242
10651	255-70-122-242
10652	255-26-209-210
10653	255-122-4-2
10654	255-70-122-242
10655	255-254-152-44
10656	255-254-152-44
10657	255-70-122-242
10658	255-254-152-44
10659	255-254-152-44
10660	255-70-122-242
10661	255-122-4-2
10662	255-122-4-2
10663	255-122-4-2
10664	255-70-122-242
10666	255-212-231-53
10667	255-70-122-242
10668	255-122-4-2
10669	255-217-56-6
10670	255-212-231-53
10671	255-101-252-104
10672	255-101-252-104
10673	255-101-252-104
10674	255-217-56-6
10675	255-101-252-104
10676	255-101-252-104
10677	255-122-4-2
10678	255-254-152-44
10679	255-101-252-104
10681	255-26-209-210
10682	255-26-209-210
10683	255-122-4-2
10684	255-122-4-2
10685	255-70-122-242
10686	255-254-152-44
10687	255-70-122-242
10688	255-254-152-44
10689	255-254-152-44
10690	255-70-122-242
10691	255-254-152-44
10692	255-70-122-242
10693	255-70-122-242
10694	255-254-152-44
10695	255-70-122-242
10696	255-70-122-242
10697	255-217-56-6
10698	255-217-56-6
10699	255-26-209-210
10700	255-122-4-2
10701	255-26-209-210
10702	255-101-252-104
10703	255-101-252-104
10704	255-101-252-104
10705	255-101-252-104
10706	255-101-252-104
10707	255-101-252-104
10708	255-254-152-44
10709	255-101-252-104
10710	255-70-122-242
10711	255-70-122-242
10712	255-70-122-242
10713	255-70-122-242
10714	255-254-152-44
10715	255-212-231-53
10716	255-212-231-53
10717	255-70-122-242
10718	255-70-122-242
10719	255-70-122-242
10720	255-70-122-242
10721	255-70-122-242
10722	255-70-122-242
10724	255-101-252-104
10726	255-122-4-2
10727	255-101-252-104
10728	255-122-4-2
10729	255-122-4-2
10730	255-101-252-104
10731	255-101-252-104
10732	255-70-122-242
10733	255-70-122-242
10734	255-101-252-104
10735	255-26-209-210
10736	255-26-209-210
10737	255-254-152-44
10738	255-254-152-44
10739	255-254-152-44
10740	255-254-152-44
10741	255-122-4-2
10742	255-70-122-242
10743	255-122-4-2
10744	255-212-231-53
10745	255-212-231-53
10746	255-254-152-44
10747	255-122-4-2
10748	255-212-231-53
10749	255-122-4-2
10750	255-212-231-53
10751	255-212-231-53
10752	255-212-231-53
10753	255-70-122-242
10754	255-122-4-2
10755	255-122-4-2
10756	255-254-152-44
10757	255-26-209-210
10758	255-26-209-210
10759	255-122-4-2
10760	255-70-122-242
10761	255-254-152-44
10762	255-26-209-210
10763	255-70-122-242
10764	255-70-122-242
10765	255-70-122-242
10766	255-26-209-210
10767	255-70-122-242
10768	255-70-122-242
10769	255-122-4-2
10770	255-70-122-242
10771	255-26-209-210
10772	255-70-122-242
10773	255-70-122-242
10774	255-212-231-53
10775	255-122-4-2
10776	255-212-231-53
10777	255-212-231-53
10778	255-254-152-44
10779	255-70-122-242
10780	255-212-231-53
10781	255-212-231-53
10782	255-70-122-242
10783	255-70-122-242
10784	255-212-231-53
10785	255-212-231-53
10786	255-101-252-104
10787	255-101-252-104
10788	255-212-231-53
10789	255-26-209-210
10790	255-26-209-210
10791	255-122-4-2
10792	255-122-4-2
10793	255-212-231-53
10794	255-122-4-2
10795	255-122-4-2
10796	255-70-122-242
10797	255-70-122-242
10798	255-254-152-44
10799	255-122-4-2
10800	255-70-122-242
10801	255-254-152-44
10802	255-70-122-242
10803	255-70-122-242
10804	255-122-4-2
10805	255-122-4-2
10806	255-122-4-2
10807	255-122-4-2
10808	255-122-4-2
10809	255-122-4-2
10810	255-122-4-2
10811	255-101-252-104
10812	255-101-252-104
10813	255-101-252-104
10814	255-101-252-104
10815	255-101-252-104
10816	255-101-252-104
10817	255-101-252-104
10818	255-101-252-104
10819	255-70-122-242
10820	255-254-152-44
10821	255-254-152-44
10822	255-254-152-44
10823	255-212-231-53
10824	255-212-231-53
10825	255-70-122-242
10826	255-212-231-53
10827	255-122-4-2
10828	255-122-4-2
10829	255-122-4-2
10830	255-26-209-210
10831	255-122-4-2
10832	255-101-252-104
10833	255-101-252-104
10834	255-101-252-104
10835	255-101-252-104
10836	255-101-252-104
10837	255-101-252-104
10838	255-70-122-242
10839	255-70-122-242
10840	255-122-4-2
10841	255-70-122-242
10842	255-70-122-242
10843	255-212-231-53
10844	255-254-152-44
10845	255-212-231-53
10846	255-122-4-2
10847	255-70-122-242
10848	255-70-122-242
10849	255-70-122-242
10850	255-101-252-104
10851	255-101-252-104
10852	255-101-252-104
10853	255-101-252-104
10854	255-101-252-104
10855	255-101-252-104
10856	255-101-252-104
10857	255-254-152-44
10858	255-212-231-53
10859	255-70-122-242
10860	255-70-122-242
10861	255-122-4-2
10862	255-70-122-242
10863	255-70-122-242
10864	255-70-122-242
10865	255-26-209-210
10866	255-212-231-53
10867	255-212-231-53
10868	255-70-122-242
10869	255-212-231-53
10870	255-212-231-53
10871	255-212-231-53
10872	255-122-4-2
10873	255-122-4-2
10874	255-212-231-53
10875	255-212-231-53
10876	255-122-4-2
10877	255-122-4-2
10878	255-217-56-6
10879	255-122-4-2
10880	255-122-4-2
10881	255-217-56-6
10882	255-70-122-242
10883	255-254-152-44
10884	255-122-4-2
10885	255-70-122-242
10886	255-122-4-2
10887	255-70-122-242
10888	255-70-122-242
10889	255-70-122-242
10890	255-70-122-242
10891	255-70-122-242
10892	255-101-252-104
10893	255-26-209-210
10894	255-122-4-2
10895	255-70-122-242
10896	255-70-122-242
10897	255-122-4-2
10898	255-212-231-53
10899	255-122-4-2
10900	255-212-231-53
10901	255-212-231-53
10902	255-254-152-44
10903	255-212-231-53
10904	255-212-231-53
10905	255-212-231-53
10906	255-212-231-53
10907	255-212-231-53
10908	255-26-209-210
10909	255-212-231-53
10910	255-101-252-104
10911	255-212-231-53
10912	255-122-4-2
10913	255-212-231-53
10914	255-101-252-104
10915	255-212-231-53
10916	255-122-4-2
10917	255-122-4-2
10918	255-122-4-2
10919	255-122-4-2
10920	255-122-4-2
10921	255-122-4-2
10922	255-212-231-53
10923	255-122-4-2
10924	255-122-4-2
10925	255-122-4-2
10926	255-70-122-242
10927	255-70-122-242
10928	255-122-4-2
10929	255-26-209-210
10930	255-26-209-210
10931	255-122-4-2
10932	255-70-122-242
10933	255-212-231-53
10934	255-122-4-2
10935	255-70-122-242
10936	255-122-4-2
10937	255-70-122-242
10938	255-122-4-2
10939	255-212-231-53
10940	255-212-231-53
10941	255-122-4-2
10942	255-122-4-2
10943	255-212-231-53
10944	255-122-4-2
10945	255-122-4-2
10946	255-122-4-2
10947	255-101-252-104
10948	255-101-252-104
10949	255-122-4-2
10950	255-101-252-104
10951	255-70-122-242
10953	255-101-252-104
10954	255-70-122-242
10955	255-70-122-242
10956	255-70-122-242
10957	255-212-231-53
10958	255-212-231-53
10959	255-122-4-2
10960	255-212-231-53
10961	255-122-4-2
10962	255-70-122-242
10963	255-101-252-104
10964	255-122-4-2
10965	255-101-252-104
10966	255-101-252-104
10967	255-122-4-2
10968	255-101-252-104
10969	255-101-252-104
10970	255-101-252-104
10971	255-101-252-104
10972	255-101-252-104
10973	255-101-252-104
10974	255-217-56-6
10975	255-70-122-242
10976	255-70-122-242
10977	255-70-122-242
10978	255-70-122-242
10979	255-70-122-242
10980	255-70-122-242
10981	255-70-122-242
10982	255-122-4-2
10983	255-212-231-53
10984	255-122-4-2
10985	255-122-4-2
10986	255-122-4-2
10987	255-101-252-104
10988	255-70-122-242
10989	255-101-252-104
10990	255-101-252-104
10991	255-70-122-242
10992	255-101-252-104
10993	255-101-252-104
10994	255-101-252-104
10995	255-101-252-104
10996	255-70-122-242
10997	255-70-122-242
10998	255-70-122-242
10999	255-70-122-242
11000	255-70-122-242
11001	255-70-122-242
11002	255-70-122-242
11003	255-70-122-242
11004	255-70-122-242
11005	255-101-252-104
11006	255-122-4-2
11007	255-122-4-2
11008	255-122-4-2
11009	255-26-209-210
11010	255-122-4-2
11011	255-122-4-2
11012	255-212-231-53
11013	255-122-4-2
11014	255-122-4-2
11015	255-26-209-210
11016	255-70-122-242
11017	255-122-4-2
11018	255-122-4-2
11019	255-122-4-2
11020	255-254-152-44
11021	255-212-231-53
11022	255-70-122-242
11023	255-212-231-53
11024	255-122-4-2
11025	255-212-231-53
11026	255-212-231-53
11027	255-122-4-2
11028	255-122-4-2
11029	255-122-4-2
11030	255-122-4-2
11031	255-122-4-2
11032	255-101-252-104
11033	255-254-152-44
11034	255-26-209-210
11035	255-70-122-242
11036	255-26-209-210
11037	255-70-122-242
11038	255-70-122-242
11039	255-70-122-242
11040	255-70-122-242
11041	255-212-231-53
11042	255-212-231-53
11043	255-212-231-53
11044	255-122-4-2
11045	255-212-231-53
11046	255-101-252-104
11047	255-122-4-2
11048	255-122-4-2
11049	255-122-4-2
11050	255-122-4-2
11051	255-122-4-2
11052	255-122-4-2
11053	255-122-4-2
11054	255-101-252-104
11055	255-122-4-2
11056	255-101-252-104
11057	255-70-122-242
11058	255-122-4-2
11059	255-70-122-242
11060	255-254-152-44
11061	255-122-4-2
11062	255-212-231-53
11063	255-122-4-2
11064	255-26-209-210
11065	255-212-231-53
11066	255-70-122-242
11067	255-122-4-2
11068	255-101-252-104
11069	255-254-152-44
11070	255-212-231-53
11071	255-101-252-104
11072	255-101-252-104
11073	255-101-252-104
11074	255-101-252-104
11075	255-101-252-104
11076	255-101-252-104
11077	255-101-252-104
11078	255-101-252-104
11079	255-101-252-104
11080	255-101-252-104
11081	255-101-252-104
11082	255-101-252-104
11083	255-101-252-104
11084	255-101-252-104
11085	255-70-122-242
11086	255-70-122-242
11087	255-70-122-242
11088	255-212-231-53
11089	255-70-122-242
11090	255-122-4-2
11091	255-122-4-2
11092	255-122-4-2
11093	255-70-122-242
11094	255-101-252-104
11095	255-122-4-2
11096	255-70-122-242
11097	255-70-122-242
11098	255-101-252-104
11099	255-254-152-44
11100	255-101-252-104
11101	255-101-252-104
11102	255-70-122-242
11103	255-122-4-2
11104	255-70-122-242
11105	255-70-122-242
11106	255-70-122-242
11107	255-70-122-242
11108	255-70-122-242
11109	255-70-122-242
11110	255-70-122-242
11111	255-122-4-2
11112	255-122-4-2
11113	255-122-4-2
11114	255-122-4-2
11115	255-122-4-2
11116	255-70-122-242
11117	255-70-122-242
11118	255-70-122-242
11119	255-122-4-2
11120	255-122-4-2
11121	255-26-209-210
11122	255-212-231-53
11123	255-122-4-2
11124	255-122-4-2
11125	255-122-4-2
11126	255-122-4-2
11127	255-122-4-2
11128	255-212-231-53
11129	255-122-4-2
11130	255-122-4-2
11131	255-212-231-53
11132	255-101-252-104
11133	255-122-4-2
11134	255-70-122-242
11135	255-70-122-242
11136	255-122-4-2
11137	255-122-4-2
11138	255-26-209-210
11139	255-122-4-2
11140	255-101-252-104
11141	255-70-122-242
11142	255-122-4-2
11143	255-70-122-242
11144	255-122-4-2
11145	255-122-4-2
11146	255-122-4-2
11147	255-101-252-104
11148	255-122-4-2
11149	255-122-4-2
11150	255-122-4-2
11151	255-122-4-2
11152	255-101-252-104
11153	255-122-4-2
11154	255-122-4-2
11155	255-122-4-2
11156	255-122-4-2
11157	255-122-4-2
11158	255-122-4-2
11159	255-70-122-242
11160	255-122-4-2
11161	255-26-209-210
11162	255-70-122-242
11163	255-70-122-242
11164	255-122-4-2
11165	255-122-4-2
11166	255-122-4-2
11167	255-70-122-242
11168	255-122-4-2
11169	255-122-4-2
11170	255-122-4-2
11171	255-70-122-242
11172	255-122-4-2
11173	255-212-231-53
11174	255-217-56-6
11175	255-26-209-210
11176	255-122-4-2
11177	255-26-209-210
11178	255-122-4-2
11179	255-122-4-2
11180	255-122-4-2
11181	255-122-4-2
11182	255-101-252-104
11183	255-101-252-104
11184	255-101-252-104
11185	255-101-252-104
11186	255-212-231-53
11187	255-101-252-104
11188	255-70-122-242
11189	255-70-122-242
11190	255-70-122-242
11191	255-70-122-242
11192	255-212-231-53
11193	255-26-209-210
11194	255-26-209-210
11195	255-26-209-210
11196	255-70-122-242
11197	255-70-122-242
11198	255-70-122-242
11199	255-70-122-242
11200	255-70-122-242
11201	255-70-122-242
11202	255-212-231-53
11203	255-212-231-53
11205	255-217-56-6
11206	255-212-231-53
11207	255-212-231-53
11208	255-122-4-2
11209	255-101-252-104
11210	255-101-252-104
11211	255-70-122-242
11212	255-101-252-104
11213	255-101-252-104
11214	255-70-122-242
11215	255-101-252-104
11216	255-26-209-210
11217	255-70-122-242
11218	255-101-252-104
11219	255-70-122-242
11220	255-212-231-53
11221	255-212-231-53
11222	255-70-122-242
11223	255-122-4-2
11224	255-122-4-2
11225	255-101-252-104
11226	255-70-122-242
11227	255-101-252-104
11228	255-254-152-44
11229	255-254-152-44
11230	255-70-122-242
11231	255-70-122-242
11232	255-70-122-242
11233	255-70-122-242
11234	255-254-152-44
11235	255-254-152-44
11236	255-254-152-44
11237	255-254-152-44
11238	255-212-231-53
11239	255-70-122-242
11240	255-254-152-44
11241	255-70-122-242
11242	255-70-122-242
11243	255-70-122-242
11244	255-70-122-242
11245	255-70-122-242
11246	255-70-122-242
11247	255-70-122-242
11248	255-212-231-53
11249	255-122-4-2
11250	255-122-4-2
11251	255-122-4-2
11252	255-122-4-2
11253	255-122-4-2
11254	255-212-231-53
11255	255-212-231-53
11256	255-212-231-53
11257	255-70-122-242
11258	255-70-122-242
11259	255-254-152-44
11260	255-122-4-2
11261	255-70-122-242
11262	255-70-122-242
11263	255-122-4-2
11264	255-26-209-210
11265	255-122-4-2
11266	255-122-4-2
11267	255-212-231-53
11268	255-122-4-2
11269	255-122-4-2
11270	255-122-4-2
11271	255-26-209-210
11272	255-122-4-2
11273	255-122-4-2
11274	255-122-4-2
11275	255-122-4-2
11276	255-122-4-2
11277	255-212-231-53
11278	255-70-122-242
11279	255-70-122-242
11280	255-212-231-53
11281	255-26-209-210
11282	255-122-4-2
11283	255-122-4-2
11284	255-212-231-53
11285	255-122-4-2
11286	255-122-4-2
11287	255-122-4-2
11288	255-122-4-2
11289	255-122-4-2
11290	255-217-56-6
11291	255-212-231-53
11292	255-70-122-242
11293	255-70-122-242
11294	255-212-231-53
11295	255-70-122-242
11296	255-70-122-242
11297	255-122-4-2
11298	255-122-4-2
11299	255-122-4-2
11300	255-122-4-2
11301	255-212-231-53
11302	255-122-4-2
11303	255-212-231-53
11304	255-212-231-53
11305	255-122-4-2
11306	255-122-4-2
11307	255-122-4-2
11308	255-101-252-104
11309	255-122-4-2
11310	255-101-252-104
11311	255-212-231-53
11312	255-70-122-242
11313	255-217-56-6
11314	255-254-152-44
11315	255-217-56-6
11316	255-70-122-242
11317	255-122-4-2
11318	255-26-209-210
11319	255-70-122-242
11320	255-26-209-210
11321	255-70-122-242
11322	255-212-231-53
11323	255-70-122-242
11324	255-70-122-242
11325	255-122-4-2
11326	255-101-252-104
11327	255-254-152-44
11328	255-101-252-104
11329	255-122-4-2
11330	255-122-4-2
11331	255-122-4-2
11332	255-101-252-104
11333	255-122-4-2
11334	255-122-4-2
11335	255-70-122-242
11336	255-70-122-242
11337	255-101-252-104
11338	255-70-122-242
11339	255-70-122-242
11340	255-70-122-242
11341	255-70-122-242
11342	255-122-4-2
11343	255-122-4-2
11344	255-254-152-44
11345	255-122-4-2
11346	255-122-4-2
11347	255-212-231-53
11348	255-122-4-2
11349	255-254-152-44
11350	255-212-231-53
11351	255-122-4-2
11352	255-122-4-2
11353	255-122-4-2
11354	255-122-4-2
11355	255-254-152-44
11356	255-212-231-53
11357	255-122-4-2
11358	255-254-152-44
11359	255-122-4-2
11360	255-254-152-44
11361	255-122-4-2
11362	255-122-4-2
11363	255-122-4-2
11364	255-254-152-44
11365	255-122-4-2
11366	255-254-152-44
11367	255-70-122-242
11368	255-122-4-2
11369	255-122-4-2
11370	255-122-4-2
11371	255-212-231-53
11372	255-70-122-242
11373	255-212-231-53
11374	255-26-209-210
11376	255-70-122-242
11377	255-122-4-2
11378	255-217-56-6
11379	255-70-122-242
11380	255-70-122-242
11381	255-70-122-242
11382	255-212-231-53
11383	255-122-4-2
11384	255-122-4-2
11385	255-122-4-2
11386	255-122-4-2
11387	255-212-231-53
11388	255-212-231-53
11389	255-212-231-53
11390	255-212-231-53
11391	255-26-209-210
11392	255-26-209-210
11393	255-70-122-242
11394	255-122-4-2
11395	255-101-252-104
11396	255-122-4-2
11397	255-70-122-242
11398	255-217-56-6
11399	255-254-152-44
11400	255-254-152-44
11401	255-217-56-6
11402	255-122-4-2
11403	255-70-122-242
11404	255-70-122-242
11405	255-70-122-242
11406	255-70-122-242
11407	255-122-4-2
11408	255-122-4-2
11411	255-70-122-242
11412	255-122-4-2
11413	255-212-231-53
11416	255-254-152-44
11420	255-122-4-2
11421	255-122-4-2
11422	255-122-4-2
11424	255-122-4-2
11425	255-122-4-2
11426	255-122-4-2
11427	255-122-4-2
11429	255-217-56-6
11430	255-70-122-242
11433	255-26-209-210
11434	255-212-231-53
11435	255-26-209-210
11437	255-122-4-2
11439	255-217-56-6
11441	255-217-56-6
11442	255-122-4-2
11443	255-217-56-6
11444	255-217-56-6
11446	255-70-122-242
11447	255-70-122-242
11449	255-70-122-242
11451	255-122-4-2
11452	255-26-209-210
11453	255-70-122-242
11454	255-70-122-242
11455	255-70-122-242
11456	255-254-152-44
11457	255-122-4-2
11458	255-254-152-44
11459	255-70-122-242
11460	255-212-231-53
11462	255-212-231-53
11463	255-212-231-53
11464	255-26-209-210
11465	255-212-231-53
11467	255-212-231-53
11468	255-212-231-53
11470	255-212-231-53
11471	255-212-231-53
11486	255-212-231-53
