label_id	colour
1	255-232-213-56
2	255-232-213-56
3	255-24-215-202
4	255-70-122-242
5	255-247-113-27
6	255-70-122-242
7	255-70-122-242
8	255-24-215-202
9	255-24-215-202
10	255-24-215-202
11	255-24-215-202
12	255-24-215-202
13	255-24-215-202
14	255-24-215-202
15	255-24-215-202
16	255-70-122-242
17	255-24-215-202
18	255-70-122-242
19	255-24-215-202
20	255-70-122-242
21	255-70-122-242
22	255-24-215-202
23	255-24-215-202
24	255-24-215-202
25	255-70-122-242
26	255-232-213-56
27	255-247-113-27
28	255-232-213-56
29	255-24-215-202
30	255-70-122-242
31	255-70-122-242
32	255-128-254-83
33	255-70-122-242
34	255-24-215-202
35	255-122-4-2
36	255-222-62-8
37	255-70-122-242
38	255-24-215-202
39	255-70-122-242
41	255-128-254-83
42	255-24-215-202
43	255-70-122-242
44	255-24-215-202
45	255-24-215-202
46	255-232-213-56
47	255-70-122-242
48	255-180-27-1
49	255-70-122-242
50	255-70-122-242
51	255-24-215-202
52	255-24-215-202
53	255-24-215-202
54	255-24-215-202
55	255-24-215-202
56	255-70-122-242
57	255-232-213-56
58	255-70-122-242
59	255-70-122-242
60	255-70-122-242
61	255-24-215-202
62	255-122-4-2
68	255-128-254-83
69	255-70-122-242
70	255-24-215-202
71	255-232-213-56
72	255-70-122-242
73	255-24-215-202
74	255-128-254-83
75	255-122-4-2
77	255-24-215-202
78	255-122-4-2
79	255-70-122-242
80	255-24-215-202
81	255-187-244-52
82	255-24-215-202
83	255-187-244-52
84	255-70-122-242
85	255-70-122-242
86	255-128-254-83
87	255-70-122-242
88	255-128-254-83
89	255-232-213-56
90	255-70-122-242
91	255-232-213-56
92	255-232-213-56
93	255-187-244-52
94	255-247-113-27
95	255-24-215-202
96	255-70-122-242
97	255-222-62-8
98	255-187-244-52
99	255-187-244-52
100	255-128-254-83
101	255-24-215-202
102	255-24-215-202
103	255-24-215-202
104	255-24-215-202
105	255-53-243-148
106	255-128-254-83
107	255-24-215-202
109	255-128-254-83
110	255-24-215-202
111	255-128-254-83
112	255-232-213-56
113	255-24-215-202
115	255-70-122-242
116	255-24-215-202
117	255-232-213-56
118	255-70-122-242
119	255-70-122-242
120	255-70-122-242
121	255-24-215-202
122	255-24-215-202
123	255-24-215-202
124	255-24-215-202
125	255-232-213-56
127	255-24-215-202
128	255-24-215-202
129	255-232-213-56
130	255-70-122-242
131	255-232-213-56
132	255-24-215-202
133	255-24-215-202
134	255-24-215-202
135	255-24-215-202
136	255-24-215-202
137	255-24-215-202
138	255-24-215-202
139	255-247-113-27
140	255-247-113-27
141	255-70-122-242
142	255-128-254-83
143	255-70-122-242
144	255-53-243-148
145	255-24-215-202
146	255-24-215-202
147	255-232-213-56
148	255-24-215-202
149	255-24-215-202
150	255-24-215-202
151	255-128-254-83
152	255-247-113-27
153	255-128-254-83
154	255-247-113-27
155	255-70-122-242
156	255-232-213-56
157	255-70-122-242
158	255-24-215-202
159	255-128-254-83
160	255-70-122-242
161	255-128-254-83
162	255-24-215-202
163	255-24-215-202
164	255-128-254-83
165	255-24-215-202
166	255-70-122-242
167	255-53-243-148
168	255-24-215-202
169	255-24-215-202
170	255-232-213-56
171	255-70-122-242
172	255-180-27-1
173	255-247-113-27
174	255-128-254-83
175	255-128-254-83
176	255-24-215-202
177	255-128-254-83
178	255-70-122-242
179	255-70-122-242
180	255-70-122-242
181	255-53-243-148
182	255-24-215-202
183	255-232-213-56
184	255-70-122-242
185	255-180-27-1
186	255-128-254-83
187	255-24-215-202
188	255-128-254-83
189	255-24-215-202
190	255-247-113-27
191	255-122-4-2
192	255-24-215-202
193	255-247-113-27
194	255-70-122-242
195	255-232-213-56
197	255-70-122-242
198	255-232-213-56
199	255-232-213-56
200	255-232-213-56
201	255-232-213-56
202	255-70-122-242
203	255-24-215-202
204	255-70-122-242
205	255-24-215-202
206	255-232-213-56
207	255-122-4-2
208	255-24-215-202
209	255-232-213-56
210	255-24-215-202
211	255-70-122-242
212	255-232-213-56
213	255-128-254-83
214	255-232-213-56
215	255-24-215-202
216	255-128-254-83
217	255-128-254-83
218	255-128-254-83
219	255-70-122-242
220	255-232-213-56
221	255-70-122-242
222	255-24-215-202
223	255-70-122-242
224	255-128-254-83
225	255-24-215-202
226	255-247-113-27
227	255-247-113-27
228	255-247-113-27
229	255-128-254-83
230	255-122-4-2
231	255-70-122-242
232	255-24-215-202
233	255-128-254-83
235	255-70-122-242
236	255-24-215-202
237	255-232-213-56
238	255-232-213-56
239	255-247-113-27
240	255-247-113-27
241	255-247-113-27
242	255-24-215-202
243	255-24-215-202
244	255-70-122-242
245	255-24-215-202
246	255-24-215-202
247	255-24-215-202
248	255-128-254-83
249	255-24-215-202
250	255-247-113-27
251	255-128-254-83
252	255-70-122-242
253	255-24-215-202
254	255-24-215-202
255	255-24-215-202
256	255-24-215-202
257	255-24-215-202
258	255-24-215-202
259	255-70-122-242
260	255-70-122-242
261	255-70-122-242
262	255-24-215-202
263	255-247-113-27
264	255-70-122-242
265	255-24-215-202
266	255-70-122-242
267	255-24-215-202
268	255-24-215-202
269	255-187-244-52
270	255-24-215-202
271	255-247-113-27
272	255-70-122-242
273	255-187-244-52
274	255-70-122-242
275	255-24-215-202
276	255-24-215-202
277	255-24-215-202
278	255-24-215-202
279	255-53-243-148
280	255-70-122-242
281	255-24-215-202
282	255-24-215-202
283	255-247-113-27
284	255-24-215-202
285	255-24-215-202
286	255-24-215-202
287	255-128-254-83
288	255-70-122-242
289	255-24-215-202
290	255-247-113-27
291	255-70-122-242
292	255-222-62-8
294	255-24-215-202
296	255-128-254-83
297	255-53-243-148
298	255-128-254-83
299	255-247-113-27
300	255-247-113-27
301	255-70-122-242
302	255-53-243-148
303	255-128-254-83
304	255-232-213-56
305	255-24-215-202
307	255-24-215-202
308	255-24-215-202
309	255-24-215-202
310	255-24-215-202
312	255-24-215-202
313	255-53-243-148
314	255-128-254-83
315	255-24-215-202
317	255-53-243-148
318	255-232-213-56
319	255-24-215-202
320	255-70-122-242
321	255-24-215-202
322	255-187-244-52
323	255-24-215-202
324	255-24-215-202
325	255-24-215-202
326	255-24-215-202
327	255-53-243-148
328	255-24-215-202
329	255-70-122-242
330	255-122-4-2
331	255-24-215-202
332	255-24-215-202
333	255-24-215-202
334	255-232-213-56
335	255-128-254-83
336	255-180-27-1
337	255-70-122-242
338	255-24-215-202
339	255-232-213-56
340	255-232-213-56
342	255-232-213-56
343	255-128-254-83
344	255-70-122-242
345	255-24-215-202
346	255-24-215-202
347	255-122-4-2
348	255-232-213-56
349	255-24-215-202
350	255-24-215-202
351	255-24-215-202
352	255-53-243-148
353	255-232-213-56
354	255-247-113-27
355	255-70-122-242
356	255-232-213-56
357	255-247-113-27
358	255-24-215-202
359	255-70-122-242
360	255-53-243-148
361	255-247-113-27
362	255-24-215-202
364	255-53-243-148
365	255-232-213-56
366	255-24-215-202
367	255-232-213-56
368	255-70-122-242
369	255-24-215-202
370	255-70-122-242
371	255-70-122-242
372	255-24-215-202
373	255-232-213-56
374	255-70-122-242
375	255-24-215-202
376	255-70-122-242
378	255-70-122-242
379	255-128-254-83
380	255-128-254-83
381	255-128-254-83
382	255-24-215-202
383	255-70-122-242
384	255-51-172-246
385	255-24-215-202
386	255-24-215-202
387	255-24-215-202
388	255-128-254-83
389	255-128-254-83
390	255-247-113-27
391	255-128-254-83
392	255-24-215-202
393	255-51-172-246
395	255-128-254-83
396	255-24-215-202
397	255-128-254-83
398	255-24-215-202
399	255-70-122-242
400	255-24-215-202
401	255-24-215-202
402	255-24-215-202
403	255-24-215-202
404	255-24-215-202
405	255-24-215-202
406	255-232-213-56
408	255-24-215-202
409	255-24-215-202
410	255-24-215-202
411	255-24-215-202
412	255-232-213-56
413	255-70-122-242
414	255-24-215-202
415	255-24-215-202
416	255-24-215-202
417	255-53-243-148
418	255-222-62-8
419	255-128-254-83
420	255-53-243-148
421	255-222-62-8
422	255-222-62-8
423	255-24-215-202
424	255-180-27-1
425	255-70-122-242
426	255-24-215-202
427	255-24-215-202
428	255-180-27-1
429	255-24-215-202
430	255-24-215-202
431	255-24-215-202
432	255-232-213-56
433	255-70-122-242
434	255-70-122-242
435	255-70-122-242
436	255-70-122-242
437	255-70-122-242
438	255-70-122-242
439	255-232-213-56
440	255-232-213-56
441	255-232-213-56
442	255-232-213-56
443	255-232-213-56
444	255-24-215-202
445	255-232-213-56
446	255-24-215-202
447	255-70-122-242
448	255-24-215-202
449	255-232-213-56
450	255-222-62-8
451	255-70-122-242
452	255-70-122-242
453	255-70-122-242
454	255-24-215-202
455	255-70-122-242
456	255-70-122-242
457	255-70-122-242
458	255-24-215-202
459	255-70-122-242
460	255-70-122-242
461	255-70-122-242
462	255-128-254-83
463	255-232-213-56
464	255-70-122-242
465	255-70-122-242
466	255-180-27-1
467	255-70-122-242
468	255-70-122-242
469	255-232-213-56
470	255-232-213-56
471	255-24-215-202
472	255-232-213-56
473	255-24-215-202
474	255-232-213-56
475	255-232-213-56
476	255-222-62-8
477	255-222-62-8
478	255-232-213-56
479	255-232-213-56
480	255-232-213-56
481	255-24-215-202
482	255-232-213-56
483	255-24-215-202
484	255-24-215-202
485	255-24-215-202
486	255-70-122-242
487	255-70-122-242
488	255-232-213-56
489	255-232-213-56
490	255-232-213-56
491	255-222-62-8
492	255-70-122-242
493	255-70-122-242
494	255-70-122-242
495	255-70-122-242
496	255-24-215-202
497	255-24-215-202
498	255-70-122-242
499	255-70-122-242
500	255-24-215-202
501	255-70-122-242
502	255-70-122-242
504	255-70-122-242
505	255-70-122-242
507	255-232-213-56
508	255-24-215-202
509	255-24-215-202
510	255-128-254-83
511	255-180-27-1
512	255-24-215-202
513	255-24-215-202
514	255-24-215-202
515	255-180-27-1
516	255-232-213-56
517	255-24-215-202
518	255-24-215-202
519	255-222-62-8
520	255-232-213-56
521	255-24-215-202
522	255-222-62-8
523	255-232-213-56
524	255-70-122-242
525	255-222-62-8
526	255-232-213-56
527	255-232-213-56
529	255-24-215-202
530	255-232-213-56
531	255-232-213-56
532	255-24-215-202
533	255-24-215-202
534	255-70-122-242
535	255-24-215-202
536	255-222-62-8
537	255-70-122-242
538	255-70-122-242
539	255-70-122-242
540	255-70-122-242
541	255-70-122-242
542	255-180-27-1
543	255-180-27-1
544	255-180-27-1
545	255-70-122-242
546	255-70-122-242
547	255-24-215-202
548	255-70-122-242
549	255-24-215-202
550	255-24-215-202
551	255-222-62-8
552	255-70-122-242
553	255-70-122-242
554	255-70-122-242
555	255-70-122-242
556	255-24-215-202
557	255-70-122-242
558	255-70-122-242
559	255-24-215-202
560	255-24-215-202
561	255-70-122-242
562	255-70-122-242
563	255-53-243-148
564	255-128-254-83
565	255-232-213-56
566	255-70-122-242
567	255-222-62-8
568	255-247-113-27
569	255-24-215-202
570	255-222-62-8
571	255-180-27-1
572	255-24-215-202
573	255-24-215-202
574	255-24-215-202
575	255-232-213-56
576	255-24-215-202
577	255-24-215-202
578	255-232-213-56
579	255-232-213-56
580	255-232-213-56
581	255-222-62-8
582	255-24-215-202
583	255-51-172-246
584	255-24-215-202
585	255-222-62-8
586	255-70-122-242
587	255-24-215-202
588	255-222-62-8
589	255-232-213-56
590	255-180-27-1
591	255-128-254-83
592	255-24-215-202
593	255-222-62-8
594	255-222-62-8
595	255-24-215-202
596	255-24-215-202
597	255-24-215-202
598	255-24-215-202
599	255-24-215-202
600	255-24-215-202
601	255-232-213-56
602	255-24-215-202
603	255-24-215-202
604	255-24-215-202
605	255-24-215-202
606	255-24-215-202
607	255-24-215-202
608	255-180-27-1
609	255-24-215-202
610	255-24-215-202
611	255-180-27-1
612	255-70-122-242
613	255-222-62-8
614	255-232-213-56
615	255-24-215-202
616	255-222-62-8
617	255-232-213-56
618	255-232-213-56
619	255-222-62-8
620	255-24-215-202
621	255-232-213-56
622	255-70-122-242
623	255-70-122-242
624	255-70-122-242
625	255-232-213-56
626	255-70-122-242
627	255-70-122-242
628	255-70-122-242
629	255-70-122-242
630	255-70-122-242
631	255-24-215-202
632	255-24-215-202
633	255-24-215-202
634	255-70-122-242
635	255-70-122-242
636	255-70-122-242
637	255-70-122-242
638	255-70-122-242
639	255-24-215-202
640	255-24-215-202
641	255-24-215-202
642	255-70-122-242
643	255-70-122-242
644	255-24-215-202
645	255-70-122-242
646	255-24-215-202
647	255-180-27-1
648	255-24-215-202
649	255-180-27-1
650	255-180-27-1
651	255-70-122-242
652	255-180-27-1
653	255-180-27-1
654	255-24-215-202
655	255-24-215-202
656	255-180-27-1
657	255-180-27-1
658	255-180-27-1
659	255-180-27-1
660	255-232-213-56
661	255-180-27-1
662	255-222-62-8
663	255-24-215-202
664	255-24-215-202
665	255-24-215-202
666	255-24-215-202
667	255-232-213-56
668	255-24-215-202
669	255-24-215-202
670	255-24-215-202
671	255-24-215-202
672	255-24-215-202
673	255-24-215-202
674	255-24-215-202
675	255-24-215-202
676	255-24-215-202
677	255-70-122-242
678	255-24-215-202
679	255-70-122-242
680	255-24-215-202
681	255-70-122-242
682	255-24-215-202
683	255-24-215-202
684	255-24-215-202
685	255-24-215-202
686	255-70-122-242
687	255-24-215-202
688	255-180-27-1
689	255-24-215-202
690	255-24-215-202
691	255-180-27-1
692	255-180-27-1
693	255-24-215-202
694	255-70-122-242
695	255-24-215-202
696	255-24-215-202
697	255-70-122-242
698	255-70-122-242
699	255-24-215-202
700	255-70-122-242
701	255-24-215-202
702	255-70-122-242
703	255-70-122-242
704	255-70-122-242
705	255-24-215-202
706	255-24-215-202
707	255-24-215-202
708	255-24-215-202
709	255-24-215-202
710	255-24-215-202
711	255-24-215-202
712	255-70-122-242
713	255-24-215-202
714	255-24-215-202
715	255-24-215-202
716	255-24-215-202
717	255-24-215-202
718	255-24-215-202
719	255-24-215-202
720	255-24-215-202
721	255-24-215-202
722	255-24-215-202
723	255-24-215-202
724	255-24-215-202
725	255-24-215-202
726	255-180-27-1
727	255-24-215-202
728	255-24-215-202
729	255-180-27-1
730	255-180-27-1
731	255-180-27-1
732	255-180-27-1
733	255-24-215-202
734	255-180-27-1
735	255-24-215-202
736	255-24-215-202
737	255-24-215-202
738	255-180-27-1
739	255-180-27-1
740	255-24-215-202
741	255-180-27-1
742	255-24-215-202
743	255-180-27-1
744	255-70-122-242
745	255-24-215-202
746	255-70-122-242
747	255-70-122-242
748	255-128-254-83
749	255-70-122-242
750	255-24-215-202
751	255-24-215-202
752	255-24-215-202
753	255-128-254-83
754	255-24-215-202
755	255-70-122-242
756	255-70-122-242
757	255-70-122-242
758	255-24-215-202
759	255-24-215-202
760	255-24-215-202
761	255-222-62-8
762	255-232-213-56
763	255-24-215-202
764	255-222-62-8
765	255-70-122-242
766	255-24-215-202
767	255-24-215-202
768	255-24-215-202
769	255-24-215-202
770	255-51-172-246
771	255-24-215-202
773	255-51-172-246
774	255-24-215-202
775	255-247-113-27
776	255-24-215-202
777	255-24-215-202
778	255-24-215-202
779	255-24-215-202
780	255-247-113-27
781	255-24-215-202
782	255-180-27-1
783	255-180-27-1
784	255-24-215-202
785	255-70-122-242
786	255-180-27-1
787	255-70-122-242
788	255-180-27-1
789	255-24-215-202
790	255-180-27-1
791	255-24-215-202
792	255-24-215-202
793	255-24-215-202
794	255-24-215-202
795	255-24-215-202
796	255-24-215-202
797	255-24-215-202
798	255-232-213-56
799	255-232-213-56
800	255-70-122-242
801	255-70-122-242
802	255-222-62-8
803	255-24-215-202
804	255-24-215-202
805	255-24-215-202
806	255-70-122-242
807	255-70-122-242
808	255-70-122-242
809	255-70-122-242
810	255-70-122-242
811	255-24-215-202
812	255-24-215-202
813	255-24-215-202
814	255-24-215-202
815	255-70-122-242
816	255-24-215-202
817	255-70-122-242
818	255-24-215-202
819	255-24-215-202
820	255-24-215-202
821	255-180-27-1
822	255-24-215-202
823	255-24-215-202
824	255-70-122-242
825	255-24-215-202
826	255-180-27-1
827	255-24-215-202
828	255-24-215-202
829	255-180-27-1
830	255-24-215-202
831	255-180-27-1
832	255-24-215-202
833	255-70-122-242
834	255-180-27-1
835	255-180-27-1
836	255-24-215-202
837	255-24-215-202
838	255-180-27-1
839	255-24-215-202
840	255-70-122-242
841	255-24-215-202
842	255-24-215-202
843	255-24-215-202
844	255-24-215-202
845	255-70-122-242
846	255-24-215-202
847	255-24-215-202
848	255-24-215-202
849	255-24-215-202
850	255-70-122-242
851	255-247-113-27
852	255-247-113-27
853	255-24-215-202
854	255-232-213-56
855	255-24-215-202
856	255-51-172-246
857	255-24-215-202
858	255-24-215-202
859	255-24-215-202
860	255-24-215-202
861	255-24-215-202
862	255-24-215-202
863	255-24-215-202
864	255-24-215-202
865	255-24-215-202
866	255-24-215-202
867	255-24-215-202
868	255-24-215-202
869	255-70-122-242
870	255-24-215-202
871	255-70-122-242
872	255-24-215-202
873	255-70-122-242
874	255-24-215-202
875	255-70-122-242
876	255-24-215-202
877	255-24-215-202
878	255-180-27-1
879	255-24-215-202
880	255-24-215-202
881	255-24-215-202
882	255-24-215-202
883	255-24-215-202
884	255-24-215-202
885	255-24-215-202
886	255-24-215-202
887	255-24-215-202
888	255-180-27-1
889	255-24-215-202
890	255-180-27-1
891	255-24-215-202
892	255-24-215-202
893	255-70-122-242
894	255-24-215-202
895	255-24-215-202
896	255-70-122-242
897	255-70-122-242
898	255-70-122-242
899	255-70-122-242
900	255-24-215-202
901	255-70-122-242
902	255-24-215-202
903	255-70-122-242
904	255-24-215-202
905	255-24-215-202
906	255-24-215-202
907	255-70-122-242
908	255-24-215-202
909	255-24-215-202
910	255-24-215-202
911	255-24-215-202
912	255-70-122-242
913	255-24-215-202
914	255-24-215-202
915	255-70-122-242
916	255-24-215-202
917	255-70-122-242
918	255-24-215-202
919	255-70-122-242
920	255-70-122-242
921	255-24-215-202
922	255-70-122-242
923	255-70-122-242
924	255-222-62-8
925	255-247-113-27
926	255-24-215-202
927	255-24-215-202
928	255-24-215-202
929	255-70-122-242
930	255-24-215-202
931	255-24-215-202
932	255-24-215-202
933	255-70-122-242
934	255-24-215-202
935	255-24-215-202
936	255-24-215-202
937	255-70-122-242
938	255-70-122-242
939	255-180-27-1
940	255-24-215-202
941	255-24-215-202
942	255-180-27-1
943	255-180-27-1
944	255-180-27-1
945	255-180-27-1
946	255-180-27-1
947	255-24-215-202
948	255-24-215-202
949	255-70-122-242
950	255-24-215-202
951	255-24-215-202
952	255-70-122-242
953	255-51-172-246
954	255-24-215-202
955	255-180-27-1
956	255-24-215-202
957	255-70-122-242
958	255-24-215-202
959	255-70-122-242
960	255-24-215-202
961	255-24-215-202
962	255-70-122-242
963	255-24-215-202
964	255-24-215-202
965	255-70-122-242
966	255-70-122-242
967	255-70-122-242
968	255-24-215-202
969	255-24-215-202
970	255-24-215-202
971	255-24-215-202
972	255-24-215-202
973	255-70-122-242
974	255-24-215-202
975	255-24-215-202
976	255-70-122-242
977	255-70-122-242
978	255-247-113-27
979	255-70-122-242
980	255-70-122-242
981	255-222-62-8
982	255-24-215-202
983	255-24-215-202
984	255-24-215-202
985	255-24-215-202
986	255-70-122-242
987	255-24-215-202
988	255-24-215-202
989	255-70-122-242
990	255-24-215-202
991	255-222-62-8
992	255-24-215-202
993	255-247-113-27
994	255-180-27-1
995	255-24-215-202
996	255-70-122-242
997	255-232-213-56
998	255-24-215-202
999	255-24-215-202
1000	255-24-215-202
1001	255-24-215-202
1002	255-24-215-202
1003	255-24-215-202
1004	255-24-215-202
1005	255-24-215-202
1006	255-51-172-246
1007	255-24-215-202
1008	255-24-215-202
1009	255-24-215-202
1010	255-24-215-202
1011	255-24-215-202
1012	255-24-215-202
1013	255-70-122-242
1014	255-24-215-202
1015	255-24-215-202
1016	255-24-215-202
1017	255-24-215-202
1018	255-24-215-202
1019	255-24-215-202
1020	255-70-122-242
1021	255-70-122-242
1022	255-70-122-242
1023	255-24-215-202
1024	255-70-122-242
1025	255-70-122-242
1026	255-70-122-242
1027	255-24-215-202
1028	255-70-122-242
1029	255-24-215-202
1030	255-24-215-202
1031	255-24-215-202
1032	255-24-215-202
1033	255-24-215-202
1034	255-24-215-202
1035	255-24-215-202
1036	255-70-122-242
1037	255-24-215-202
1038	255-70-122-242
1039	255-70-122-242
1040	255-24-215-202
1041	255-24-215-202
1042	255-24-215-202
1043	255-24-215-202
1044	255-222-62-8
1045	255-24-215-202
1046	255-70-122-242
1047	255-70-122-242
1048	255-24-215-202
1049	255-24-215-202
1050	255-70-122-242
1051	255-24-215-202
1052	255-70-122-242
1053	255-24-215-202
1054	255-24-215-202
1055	255-24-215-202
1056	255-70-122-242
1057	255-70-122-242
1058	255-24-215-202
1059	255-70-122-242
1060	255-24-215-202
1061	255-70-122-242
1062	255-24-215-202
1063	255-24-215-202
1064	255-24-215-202
1065	255-24-215-202
1066	255-24-215-202
1067	255-24-215-202
1068	255-24-215-202
1069	255-24-215-202
1070	255-70-122-242
1071	255-24-215-202
1072	255-24-215-202
1073	255-180-27-1
1074	255-24-215-202
1075	255-24-215-202
1076	255-24-215-202
1077	255-70-122-242
1078	255-70-122-242
1079	255-24-215-202
1080	255-24-215-202
1081	255-24-215-202
1082	255-24-215-202
1083	255-70-122-242
1084	255-24-215-202
1085	255-24-215-202
1086	255-24-215-202
1087	255-24-215-202
1088	255-70-122-242
1089	255-180-27-1
1090	255-180-27-1
1091	255-222-62-8
1092	255-232-213-56
1093	255-70-122-242
1094	255-247-113-27
1095	255-247-113-27
1096	255-247-113-27
1097	255-70-122-242
1098	255-51-172-246
1099	255-24-215-202
1100	255-247-113-27
1101	255-70-122-242
1102	255-70-122-242
1103	255-24-215-202
1104	255-70-122-242
1105	255-24-215-202
1106	255-70-122-242
1107	255-70-122-242
1108	255-24-215-202
1109	255-24-215-202
1110	255-24-215-202
1111	255-24-215-202
1112	255-24-215-202
1113	255-24-215-202
1114	255-24-215-202
1115	255-24-215-202
1116	255-24-215-202
1117	255-24-215-202
1118	255-70-122-242
1119	255-70-122-242
1120	255-24-215-202
1121	255-70-122-242
1122	255-24-215-202
1123	255-70-122-242
1124	255-70-122-242
1125	255-24-215-202
1126	255-70-122-242
1127	255-70-122-242
1128	255-70-122-242
1129	255-24-215-202
1130	255-24-215-202
1131	255-24-215-202
1132	255-70-122-242
1133	255-24-215-202
1134	255-70-122-242
1135	255-24-215-202
1136	255-70-122-242
1137	255-24-215-202
1138	255-24-215-202
1139	255-24-215-202
1140	255-24-215-202
1141	255-24-215-202
1142	255-24-215-202
1143	255-70-122-242
1144	255-24-215-202
1145	255-24-215-202
1146	255-24-215-202
1147	255-24-215-202
1148	255-24-215-202
1149	255-70-122-242
1150	255-24-215-202
1151	255-24-215-202
1152	255-24-215-202
1153	255-24-215-202
1154	255-24-215-202
1155	255-24-215-202
1156	255-24-215-202
1157	255-24-215-202
1158	255-24-215-202
1159	255-70-122-242
1160	255-24-215-202
1161	255-70-122-242
1162	255-24-215-202
1163	255-70-122-242
1164	255-70-122-242
1165	255-24-215-202
1166	255-70-122-242
1167	255-70-122-242
1168	255-70-122-242
1169	255-70-122-242
1170	255-70-122-242
1171	255-70-122-242
1172	255-70-122-242
1173	255-70-122-242
1174	255-24-215-202
1175	255-70-122-242
1176	255-70-122-242
1177	255-24-215-202
1178	255-70-122-242
1179	255-70-122-242
1180	255-70-122-242
1181	255-24-215-202
1182	255-180-27-1
1183	255-70-122-242
1184	255-24-215-202
1185	255-24-215-202
1186	255-70-122-242
1187	255-70-122-242
1188	255-24-215-202
1189	255-70-122-242
1190	255-24-215-202
1191	255-70-122-242
1192	255-24-215-202
1193	255-24-215-202
1194	255-70-122-242
1195	255-24-215-202
1196	255-24-215-202
1197	255-24-215-202
1198	255-70-122-242
1199	255-24-215-202
1200	255-70-122-242
1201	255-24-215-202
1202	255-70-122-242
1203	255-70-122-242
1204	255-24-215-202
1205	255-70-122-242
1206	255-70-122-242
1207	255-24-215-202
1208	255-24-215-202
1209	255-24-215-202
1210	255-24-215-202
1211	255-24-215-202
1212	255-70-122-242
1213	255-24-215-202
1214	255-24-215-202
1215	255-70-122-242
1216	255-24-215-202
1217	255-70-122-242
1218	255-24-215-202
1219	255-24-215-202
1220	255-70-122-242
1221	255-24-215-202
1222	255-24-215-202
1223	255-70-122-242
1224	255-24-215-202
1225	255-24-215-202
1226	255-24-215-202
1227	255-24-215-202
1228	255-24-215-202
1229	255-24-215-202
1230	255-24-215-202
1231	255-24-215-202
1232	255-70-122-242
1233	255-24-215-202
1234	255-24-215-202
1235	255-24-215-202
1236	255-24-215-202
1237	255-70-122-242
1238	255-24-215-202
1239	255-70-122-242
1240	255-24-215-202
1241	255-24-215-202
1242	255-70-122-242
1243	255-70-122-242
1244	255-70-122-242
1245	255-24-215-202
1246	255-24-215-202
1247	255-24-215-202
1248	255-24-215-202
1249	255-222-62-8
1250	255-24-215-202
1251	255-70-122-242
1252	255-70-122-242
1253	255-70-122-242
1254	255-222-62-8
1255	255-232-213-56
1256	255-24-215-202
1257	255-24-215-202
1258	255-247-113-27
1259	255-51-172-246
1260	255-70-122-242
1261	255-222-62-8
1262	255-247-113-27
1263	255-70-122-242
1264	255-70-122-242
1265	255-70-122-242
1266	255-222-62-8
1267	255-247-113-27
1268	255-70-122-242
1269	255-24-215-202
1270	255-24-215-202
1271	255-24-215-202
1272	255-24-215-202
1273	255-24-215-202
1274	255-24-215-202
1275	255-24-215-202
1276	255-247-113-27
1277	255-70-122-242
1278	255-24-215-202
1279	255-24-215-202
1280	255-24-215-202
1281	255-70-122-242
1282	255-24-215-202
1283	255-24-215-202
1284	255-70-122-242
1285	255-247-113-27
1286	255-24-215-202
1287	255-24-215-202
1288	255-70-122-242
1289	255-24-215-202
1290	255-24-215-202
1291	255-70-122-242
1292	255-24-215-202
1293	255-24-215-202
1294	255-70-122-242
1295	255-70-122-242
1296	255-70-122-242
1297	255-70-122-242
1298	255-70-122-242
1299	255-24-215-202
1300	255-24-215-202
1301	255-24-215-202
1302	255-24-215-202
1303	255-24-215-202
1304	255-70-122-242
1305	255-70-122-242
1306	255-70-122-242
1307	255-70-122-242
1308	255-222-62-8
1309	255-222-62-8
1310	255-24-215-202
1311	255-70-122-242
1312	255-24-215-202
1313	255-24-215-202
1314	255-24-215-202
1315	255-70-122-242
1316	255-24-215-202
1317	255-24-215-202
1318	255-24-215-202
1319	255-222-62-8
1320	255-70-122-242
1321	255-232-213-56
1322	255-70-122-242
1323	255-24-215-202
1324	255-232-213-56
1325	255-70-122-242
1326	255-70-122-242
1327	255-24-215-202
1328	255-70-122-242
1329	255-24-215-202
1330	255-24-215-202
1331	255-70-122-242
1332	255-24-215-202
1333	255-24-215-202
1334	255-70-122-242
1335	255-70-122-242
1336	255-24-215-202
1337	255-24-215-202
1338	255-24-215-202
1339	255-24-215-202
1340	255-24-215-202
1341	255-70-122-242
1342	255-24-215-202
1343	255-70-122-242
1344	255-70-122-242
1345	255-24-215-202
1346	255-24-215-202
1347	255-70-122-242
1348	255-70-122-242
1349	255-24-215-202
1350	255-24-215-202
1351	255-24-215-202
1352	255-24-215-202
1353	255-24-215-202
1354	255-24-215-202
1355	255-70-122-242
1356	255-70-122-242
1357	255-24-215-202
1358	255-24-215-202
1359	255-24-215-202
1360	255-24-215-202
1361	255-24-215-202
1362	255-24-215-202
1363	255-24-215-202
1364	255-24-215-202
1365	255-24-215-202
1366	255-24-215-202
1367	255-70-122-242
1368	255-24-215-202
1369	255-24-215-202
1370	255-24-215-202
1371	255-70-122-242
1372	255-24-215-202
1373	255-24-215-202
1374	255-70-122-242
1375	255-70-122-242
1376	255-247-113-27
1377	255-24-215-202
1378	255-24-215-202
1379	255-24-215-202
1380	255-222-62-8
1381	255-232-213-56
1382	255-70-122-242
1383	255-247-113-27
1384	255-24-215-202
1385	255-70-122-242
1386	255-70-122-242
1387	255-70-122-242
1388	255-70-122-242
1389	255-70-122-242
1390	255-70-122-242
1391	255-70-122-242
1392	255-70-122-242
1393	255-70-122-242
1394	255-70-122-242
1395	255-24-215-202
1396	255-70-122-242
1397	255-24-215-202
1398	255-70-122-242
1399	255-24-215-202
1400	255-24-215-202
1401	255-24-215-202
1402	255-24-215-202
1403	255-24-215-202
1404	255-24-215-202
1405	255-24-215-202
1406	255-24-215-202
1407	255-70-122-242
1408	255-70-122-242
1409	255-24-215-202
1410	255-24-215-202
1411	255-222-62-8
1412	255-24-215-202
1413	255-24-215-202
1414	255-24-215-202
1415	255-24-215-202
1416	255-70-122-242
1417	255-70-122-242
1418	255-70-122-242
1419	255-70-122-242
1420	255-70-122-242
1421	255-24-215-202
1422	255-24-215-202
1423	255-24-215-202
1424	255-24-215-202
1425	255-24-215-202
1426	255-24-215-202
1427	255-24-215-202
1428	255-24-215-202
1429	255-51-172-246
1430	255-24-215-202
1431	255-51-172-246
1432	255-51-172-246
1433	255-24-215-202
1434	255-51-172-246
1435	255-24-215-202
1436	255-24-215-202
1437	255-24-215-202
1438	255-24-215-202
1439	255-24-215-202
1440	255-24-215-202
1441	255-51-172-246
1442	255-24-215-202
1443	255-24-215-202
1444	255-24-215-202
1445	255-51-172-246
1446	255-24-215-202
1447	255-24-215-202
1448	255-24-215-202
1449	255-24-215-202
1450	255-24-215-202
1451	255-24-215-202
1452	255-24-215-202
1453	255-24-215-202
1454	255-24-215-202
1455	255-24-215-202
1456	255-24-215-202
1457	255-24-215-202
1458	255-70-122-242
1459	255-24-215-202
1460	255-24-215-202
1461	255-24-215-202
1462	255-24-215-202
1463	255-70-122-242
1464	255-70-122-242
1465	255-24-215-202
1466	255-24-215-202
1467	255-70-122-242
1468	255-70-122-242
1469	255-24-215-202
1470	255-24-215-202
1471	255-70-122-242
1472	255-24-215-202
1473	255-24-215-202
1474	255-24-215-202
1475	255-24-215-202
1476	255-70-122-242
1477	255-70-122-242
1478	255-24-215-202
1479	255-247-113-27
1480	255-70-122-242
1481	255-247-113-27
1482	255-70-122-242
1483	255-70-122-242
1484	255-70-122-242
1485	255-70-122-242
1486	255-180-27-1
1487	255-24-215-202
1488	255-70-122-242
1489	255-24-215-202
1490	255-24-215-202
1491	255-70-122-242
1492	255-70-122-242
1493	255-24-215-202
1494	255-24-215-202
1495	255-70-122-242
1496	255-24-215-202
1497	255-24-215-202
1498	255-24-215-202
1499	255-24-215-202
1500	255-24-215-202
1501	255-70-122-242
1502	255-70-122-242
1503	255-24-215-202
1504	255-24-215-202
1505	255-24-215-202
1506	255-24-215-202
1507	255-24-215-202
1508	255-70-122-242
1509	255-70-122-242
1510	255-70-122-242
1511	255-70-122-242
1512	255-24-215-202
1513	255-24-215-202
1514	255-24-215-202
1515	255-24-215-202
1516	255-24-215-202
1517	255-24-215-202
1518	255-24-215-202
1519	255-70-122-242
1520	255-24-215-202
1521	255-24-215-202
1522	255-24-215-202
1523	255-70-122-242
1524	255-24-215-202
1525	255-24-215-202
1526	255-70-122-242
1527	255-70-122-242
1528	255-70-122-242
1529	255-24-215-202
1530	255-24-215-202
1531	255-70-122-242
1532	255-24-215-202
1533	255-24-215-202
1534	255-24-215-202
1535	255-70-122-242
1536	255-24-215-202
1537	255-70-122-242
1538	255-70-122-242
1539	255-24-215-202
1540	255-24-215-202
1541	255-24-215-202
1542	255-24-215-202
1543	255-24-215-202
1544	255-24-215-202
1545	255-70-122-242
1546	255-70-122-242
1547	255-222-62-8
1548	255-70-122-242
1549	255-70-122-242
1550	255-70-122-242
1551	255-70-122-242
1552	255-70-122-242
1553	255-70-122-242
1554	255-70-122-242
1555	255-70-122-242
1556	255-70-122-242
1557	255-70-122-242
1558	255-70-122-242
1559	255-222-62-8
1560	255-70-122-242
1561	255-70-122-242
1562	255-70-122-242
1563	255-24-215-202
1564	255-70-122-242
1565	255-24-215-202
1566	255-24-215-202
1567	255-70-122-242
1568	255-24-215-202
1569	255-24-215-202
1570	255-70-122-242
1571	255-24-215-202
1572	255-24-215-202
1573	255-24-215-202
1574	255-70-122-242
1575	255-24-215-202
1576	255-24-215-202
1577	255-70-122-242
1578	255-24-215-202
1579	255-24-215-202
1580	255-24-215-202
1581	255-24-215-202
1582	255-24-215-202
1583	255-70-122-242
1584	255-51-172-246
1585	255-24-215-202
1586	255-24-215-202
1587	255-232-213-56
1588	255-232-213-56
1589	255-128-254-83
1590	255-24-215-202
1591	255-24-215-202
1592	255-70-122-242
1593	255-70-122-242
1594	255-232-213-56
1595	255-70-122-242
1596	255-247-113-27
1597	255-70-122-242
1598	255-70-122-242
1599	255-247-113-27
1600	255-70-122-242
1601	255-70-122-242
1602	255-70-122-242
1603	255-70-122-242
1604	255-70-122-242
1605	255-232-213-56
1606	255-232-213-56
1607	255-232-213-56
1608	255-247-113-27
1609	255-70-122-242
1610	255-24-215-202
1611	255-222-62-8
1612	255-128-254-83
1613	255-70-122-242
1614	255-222-62-8
1615	255-70-122-242
1616	255-24-215-202
1617	255-128-254-83
1618	255-24-215-202
1619	255-24-215-202
1620	255-24-215-202
1621	255-70-122-242
1622	255-24-215-202
1623	255-70-122-242
1624	255-70-122-242
1625	255-24-215-202
1626	255-70-122-242
1627	255-24-215-202
1628	255-70-122-242
1629	255-24-215-202
1630	255-70-122-242
1631	255-24-215-202
1632	255-24-215-202
1633	255-70-122-242
1634	255-24-215-202
1635	255-70-122-242
1636	255-70-122-242
1637	255-70-122-242
1638	255-24-215-202
1639	255-70-122-242
1640	255-70-122-242
1641	255-70-122-242
1642	255-70-122-242
1643	255-70-122-242
1644	255-24-215-202
1645	255-70-122-242
1646	255-24-215-202
1647	255-70-122-242
1648	255-70-122-242
1649	255-24-215-202
1650	255-24-215-202
1651	255-70-122-242
1652	255-70-122-242
1653	255-24-215-202
1654	255-70-122-242
1655	255-70-122-242
1656	255-70-122-242
1657	255-24-215-202
1658	255-70-122-242
1659	255-24-215-202
1660	255-232-213-56
1661	255-70-122-242
1662	255-232-213-56
1663	255-232-213-56
1664	255-70-122-242
1665	255-128-254-83
1666	255-232-213-56
1667	255-70-122-242
1668	255-70-122-242
1669	255-70-122-242
1670	255-70-122-242
1671	255-24-215-202
1672	255-70-122-242
1673	255-70-122-242
1674	255-24-215-202
1675	255-24-215-202
1676	255-70-122-242
1677	255-24-215-202
1678	255-70-122-242
1679	255-24-215-202
1680	255-24-215-202
1681	255-70-122-242
1682	255-70-122-242
1683	255-51-172-246
1684	255-24-215-202
1685	255-70-122-242
1686	255-24-215-202
1687	255-70-122-242
1688	255-70-122-242
1689	255-24-215-202
1690	255-24-215-202
1691	255-70-122-242
1692	255-24-215-202
1693	255-24-215-202
1694	255-24-215-202
1695	255-70-122-242
1696	255-51-172-246
1697	255-24-215-202
1698	255-70-122-242
1699	255-24-215-202
1700	255-70-122-242
1701	255-24-215-202
1702	255-24-215-202
1703	255-24-215-202
1704	255-24-215-202
1705	255-24-215-202
1706	255-24-215-202
1707	255-24-215-202
1708	255-24-215-202
1709	255-24-215-202
1710	255-24-215-202
1711	255-24-215-202
1712	255-24-215-202
1713	255-24-215-202
1714	255-24-215-202
1715	255-24-215-202
1716	255-24-215-202
1717	255-70-122-242
1718	255-24-215-202
1719	255-24-215-202
1720	255-24-215-202
1721	255-24-215-202
1722	255-24-215-202
1723	255-70-122-242
1724	255-24-215-202
1725	255-24-215-202
1726	255-70-122-242
1727	255-24-215-202
1728	255-24-215-202
1729	255-24-215-202
1730	255-24-215-202
1731	255-24-215-202
1732	255-24-215-202
1733	255-24-215-202
1734	255-24-215-202
1735	255-24-215-202
1736	255-70-122-242
1737	255-70-122-242
1738	255-70-122-242
1739	255-70-122-242
1740	255-232-213-56
1741	255-70-122-242
1742	255-70-122-242
1743	255-70-122-242
1744	255-24-215-202
1745	255-70-122-242
1746	255-70-122-242
1747	255-70-122-242
1748	255-24-215-202
1749	255-24-215-202
1750	255-70-122-242
1751	255-24-215-202
1752	255-24-215-202
1753	255-24-215-202
1754	255-24-215-202
1755	255-222-62-8
1756	255-24-215-202
1757	255-24-215-202
1758	255-70-122-242
1759	255-24-215-202
1760	255-222-62-8
1761	255-24-215-202
1762	255-70-122-242
1763	255-70-122-242
1764	255-70-122-242
1765	255-70-122-242
1766	255-70-122-242
1767	255-70-122-242
1768	255-24-215-202
1769	255-70-122-242
1770	255-24-215-202
1771	255-70-122-242
1772	255-24-215-202
1773	255-70-122-242
1774	255-70-122-242
1775	255-24-215-202
1776	255-24-215-202
1777	255-24-215-202
1778	255-24-215-202
1779	255-24-215-202
1780	255-51-172-246
1781	255-51-172-246
1782	255-51-172-246
1783	255-51-172-246
1784	255-51-172-246
1785	255-51-172-246
1786	255-24-215-202
1787	255-24-215-202
1788	255-24-215-202
1789	255-51-172-246
1790	255-24-215-202
1791	255-24-215-202
1792	255-24-215-202
1793	255-24-215-202
1794	255-24-215-202
1795	255-24-215-202
1796	255-24-215-202
1797	255-24-215-202
1798	255-24-215-202
1799	255-24-215-202
1800	255-24-215-202
1801	255-24-215-202
1802	255-70-122-242
1804	255-24-215-202
1805	255-24-215-202
1806	255-24-215-202
1807	255-24-215-202
1808	255-70-122-242
1809	255-24-215-202
1810	255-70-122-242
1811	255-24-215-202
1812	255-70-122-242
1813	255-70-122-242
1814	255-70-122-242
1815	255-24-215-202
1816	255-24-215-202
1817	255-24-215-202
1818	255-24-215-202
1819	255-24-215-202
1820	255-24-215-202
1821	255-24-215-202
1822	255-24-215-202
1823	255-70-122-242
1824	255-24-215-202
1825	255-70-122-242
1826	255-70-122-242
1827	255-70-122-242
1828	255-24-215-202
1829	255-70-122-242
1830	255-24-215-202
1831	255-70-122-242
1832	255-70-122-242
1833	255-24-215-202
1834	255-24-215-202
1835	255-24-215-202
1836	255-70-122-242
1837	255-24-215-202
1838	255-70-122-242
1839	255-24-215-202
1840	255-70-122-242
1841	255-24-215-202
1842	255-24-215-202
1843	255-24-215-202
1844	255-70-122-242
1845	255-24-215-202
1846	255-24-215-202
1847	255-70-122-242
1848	255-24-215-202
1849	255-70-122-242
1850	255-24-215-202
1851	255-70-122-242
1852	255-24-215-202
1853	255-24-215-202
1854	255-24-215-202
1855	255-24-215-202
1856	255-24-215-202
1857	255-70-122-242
1858	255-24-215-202
1859	255-24-215-202
1860	255-24-215-202
1861	255-24-215-202
1862	255-24-215-202
1863	255-24-215-202
1864	255-24-215-202
1865	255-24-215-202
1866	255-24-215-202
1867	255-24-215-202
1868	255-24-215-202
1869	255-24-215-202
1870	255-70-122-242
1871	255-24-215-202
1872	255-24-215-202
1873	255-24-215-202
1874	255-24-215-202
1875	255-24-215-202
1876	255-24-215-202
1877	255-24-215-202
1878	255-24-215-202
1879	255-24-215-202
1880	255-24-215-202
1881	255-51-172-246
1882	255-24-215-202
1883	255-24-215-202
1884	255-24-215-202
1885	255-24-215-202
1886	255-70-122-242
1887	255-70-122-242
1888	255-24-215-202
1889	255-70-122-242
1890	255-24-215-202
1891	255-70-122-242
1892	255-24-215-202
1893	255-24-215-202
1894	255-24-215-202
1895	255-24-215-202
1896	255-70-122-242
1897	255-70-122-242
1898	255-24-215-202
1899	255-24-215-202
1900	255-70-122-242
1901	255-24-215-202
1902	255-24-215-202
1903	255-70-122-242
1904	255-24-215-202
1905	255-70-122-242
1906	255-24-215-202
1907	255-70-122-242
1908	255-70-122-242
1909	255-24-215-202
1910	255-70-122-242
1911	255-70-122-242
1912	255-70-122-242
1913	255-70-122-242
1914	255-222-62-8
1915	255-70-122-242
1916	255-70-122-242
1917	255-70-122-242
1918	255-70-122-242
1919	255-70-122-242
1920	255-70-122-242
1921	255-70-122-242
1922	255-24-215-202
1923	255-24-215-202
1924	255-70-122-242
1925	255-24-215-202
1926	255-24-215-202
1927	255-24-215-202
1928	255-70-122-242
1929	255-70-122-242
1930	255-70-122-242
1931	255-70-122-242
1932	255-70-122-242
1933	255-70-122-242
1934	255-24-215-202
1935	255-24-215-202
1936	255-24-215-202
1937	255-70-122-242
1938	255-24-215-202
1939	255-24-215-202
1940	255-24-215-202
1941	255-70-122-242
1942	255-51-172-246
1943	255-70-122-242
1944	255-70-122-242
1945	255-24-215-202
1946	255-24-215-202
1947	255-122-4-2
1948	255-70-122-242
1949	255-222-62-8
1950	255-70-122-242
1951	255-51-172-246
1952	255-24-215-202
1953	255-24-215-202
1954	255-70-122-242
1955	255-70-122-242
1956	255-24-215-202
1957	255-24-215-202
1958	255-70-122-242
1959	255-222-62-8
1960	255-70-122-242
1961	255-70-122-242
1962	255-24-215-202
1963	255-70-122-242
1964	255-232-213-56
1965	255-232-213-56
1966	255-24-215-202
1967	255-70-122-242
1968	255-70-122-242
1969	255-128-254-83
1970	255-51-172-246
1971	255-222-62-8
1972	255-128-254-83
1973	255-128-254-83
1974	255-70-122-242
1975	255-222-62-8
1976	255-222-62-8
1977	255-70-122-242
1978	255-24-215-202
1979	255-70-122-242
1980	255-70-122-242
1981	255-24-215-202
1982	255-70-122-242
1983	255-70-122-242
1984	255-24-215-202
1985	255-70-122-242
1986	255-70-122-242
1987	255-24-215-202
1988	255-24-215-202
1989	255-70-122-242
1990	255-70-122-242
1991	255-24-215-202
1992	255-24-215-202
1993	255-24-215-202
1994	255-24-215-202
1995	255-70-122-242
1996	255-24-215-202
1997	255-70-122-242
1998	255-70-122-242
1999	255-70-122-242
2000	255-24-215-202
2001	255-70-122-242
2002	255-24-215-202
2003	255-70-122-242
2004	255-24-215-202
2005	255-70-122-242
2006	255-24-215-202
2007	255-24-215-202
2008	255-70-122-242
2009	255-70-122-242
2010	255-24-215-202
2011	255-70-122-242
2012	255-70-122-242
2013	255-70-122-242
2014	255-70-122-242
2015	255-70-122-242
2016	255-70-122-242
2017	255-70-122-242
2018	255-222-62-8
2019	255-24-215-202
2020	255-70-122-242
2021	255-24-215-202
2022	255-24-215-202
2023	255-70-122-242
2024	255-128-254-83
2025	255-24-215-202
2026	255-70-122-242
2027	255-51-172-246
2028	255-128-254-83
2029	255-70-122-242
2030	255-70-122-242
2031	255-70-122-242
2032	255-247-113-27
2033	255-180-27-1
2034	255-70-122-242
2035	255-70-122-242
2036	255-70-122-242
2037	255-70-122-242
2038	255-70-122-242
2039	255-70-122-242
2040	255-70-122-242
2041	255-24-215-202
2042	255-70-122-242
2043	255-70-122-242
2044	255-70-122-242
2045	255-70-122-242
2046	255-51-172-246
2047	255-24-215-202
2048	255-24-215-202
2049	255-24-215-202
2050	255-24-215-202
2051	255-24-215-202
2052	255-24-215-202
2053	255-70-122-242
2054	255-24-215-202
2055	255-24-215-202
2056	255-24-215-202
2057	255-51-172-246
2058	255-24-215-202
2059	255-24-215-202
2060	255-24-215-202
2061	255-24-215-202
2062	255-24-215-202
2063	255-24-215-202
2064	255-24-215-202
2065	255-24-215-202
2066	255-24-215-202
2067	255-24-215-202
2068	255-24-215-202
2069	255-24-215-202
2070	255-24-215-202
2071	255-70-122-242
2072	255-24-215-202
2073	255-24-215-202
2074	255-24-215-202
2075	255-24-215-202
2076	255-24-215-202
2077	255-24-215-202
2078	255-70-122-242
2079	255-24-215-202
2080	255-24-215-202
2081	255-24-215-202
2082	255-24-215-202
2083	255-70-122-242
2084	255-24-215-202
2085	255-24-215-202
2086	255-24-215-202
2087	255-70-122-242
2088	255-247-113-27
2089	255-247-113-27
2090	255-70-122-242
2091	255-70-122-242
2092	255-180-27-1
2093	255-24-215-202
2094	255-24-215-202
2095	255-70-122-242
2096	255-70-122-242
2097	255-51-172-246
2098	255-70-122-242
2099	255-51-172-246
2100	255-24-215-202
2101	255-180-27-1
2102	255-70-122-242
2103	255-24-215-202
2104	255-128-254-83
2105	255-128-254-83
2106	255-24-215-202
2107	255-128-254-83
2108	255-24-215-202
2109	255-222-62-8
2110	255-128-254-83
2111	255-24-215-202
2112	255-70-122-242
2113	255-51-172-246
2114	255-128-254-83
2115	255-24-215-202
2116	255-24-215-202
2117	255-51-172-246
2118	255-70-122-242
2119	255-51-172-246
2120	255-70-122-242
2121	255-24-215-202
2122	255-70-122-242
2123	255-24-215-202
2124	255-70-122-242
2125	255-24-215-202
2126	255-70-122-242
2127	255-70-122-242
2128	255-24-215-202
2129	255-51-172-246
2130	255-24-215-202
2131	255-24-215-202
2132	255-24-215-202
2133	255-24-215-202
2134	255-24-215-202
2135	255-24-215-202
2136	255-24-215-202
2137	255-24-215-202
2138	255-24-215-202
2139	255-70-122-242
2140	255-24-215-202
2141	255-24-215-202
2142	255-24-215-202
2143	255-70-122-242
2144	255-24-215-202
2145	255-24-215-202
2146	255-70-122-242
2147	255-24-215-202
2148	255-24-215-202
2149	255-70-122-242
2150	255-24-215-202
2151	255-24-215-202
2152	255-70-122-242
2153	255-24-215-202
2154	255-70-122-242
2155	255-24-215-202
2156	255-24-215-202
2157	255-70-122-242
2158	255-24-215-202
2159	255-24-215-202
2160	255-24-215-202
2161	255-24-215-202
2162	255-24-215-202
2163	255-53-243-148
2164	255-122-4-2
2165	255-128-254-83
2166	255-24-215-202
2167	255-24-215-202
2168	255-70-122-242
2169	255-24-215-202
2170	255-70-122-242
2171	255-70-122-242
2172	255-24-215-202
2173	255-70-122-242
2174	255-24-215-202
2175	255-24-215-202
2176	255-24-215-202
2177	255-24-215-202
2178	255-24-215-202
2179	255-24-215-202
2180	255-24-215-202
2181	255-70-122-242
2182	255-70-122-242
2183	255-70-122-242
2184	255-24-215-202
2185	255-70-122-242
2186	255-24-215-202
2187	255-24-215-202
2188	255-24-215-202
2189	255-70-122-242
2190	255-24-215-202
2191	255-24-215-202
2192	255-24-215-202
2193	255-24-215-202
2194	255-24-215-202
2195	255-24-215-202
2196	255-70-122-242
2197	255-24-215-202
2198	255-70-122-242
2199	255-24-215-202
2200	255-24-215-202
2201	255-24-215-202
2202	255-24-215-202
2203	255-70-122-242
2204	255-24-215-202
2205	255-70-122-242
2206	255-24-215-202
2207	255-24-215-202
2208	255-24-215-202
2209	255-24-215-202
2210	255-24-215-202
2211	255-24-215-202
2212	255-24-215-202
2213	255-24-215-202
2214	255-70-122-242
2215	255-24-215-202
2216	255-24-215-202
2217	255-24-215-202
2218	255-24-215-202
2219	255-24-215-202
2220	255-24-215-202
2221	255-24-215-202
2222	255-24-215-202
2223	255-24-215-202
2224	255-24-215-202
2225	255-70-122-242
2226	255-24-215-202
2227	255-24-215-202
2228	255-70-122-242
2229	255-70-122-242
2230	255-70-122-242
2231	255-24-215-202
2232	255-70-122-242
2233	255-70-122-242
2234	255-70-122-242
2235	255-70-122-242
2236	255-70-122-242
2237	255-70-122-242
2238	255-24-215-202
2239	255-70-122-242
2240	255-24-215-202
2241	255-24-215-202
2242	255-222-62-8
2243	255-24-215-202
2244	255-70-122-242
2245	255-24-215-202
2246	255-70-122-242
2247	255-70-122-242
2248	255-70-122-242
2249	255-70-122-242
2250	255-70-122-242
2251	255-70-122-242
2252	255-70-122-242
2253	255-70-122-242
2254	255-70-122-242
2255	255-70-122-242
2256	255-70-122-242
2257	255-70-122-242
2258	255-24-215-202
2259	255-70-122-242
2260	255-24-215-202
2261	255-70-122-242
2262	255-24-215-202
2263	255-24-215-202
2264	255-24-215-202
2265	255-24-215-202
2266	255-24-215-202
2267	255-70-122-242
2268	255-70-122-242
2269	255-24-215-202
2270	255-24-215-202
2271	255-24-215-202
2272	255-53-243-148
2273	255-24-215-202
2274	255-51-172-246
2275	255-70-122-242
2276	255-24-215-202
2277	255-122-4-2
2278	255-24-215-202
2279	255-222-62-8
2280	255-128-254-83
2281	255-24-215-202
2282	255-128-254-83
2283	255-24-215-202
2284	255-122-4-2
2285	255-128-254-83
2286	255-128-254-83
2287	255-122-4-2
2288	255-24-215-202
2289	255-70-122-242
2290	255-53-243-148
2291	255-70-122-242
2292	255-70-122-242
2293	255-51-172-246
2294	255-70-122-242
2295	255-232-213-56
2296	255-24-215-202
2297	255-24-215-202
2298	255-24-215-202
2299	255-24-215-202
2300	255-70-122-242
2301	255-70-122-242
2302	255-70-122-242
2303	255-70-122-242
2304	255-24-215-202
2305	255-70-122-242
2306	255-70-122-242
2307	255-122-4-2
2308	255-232-213-56
2309	255-70-122-242
2310	255-24-215-202
2311	255-24-215-202
2312	255-70-122-242
2313	255-51-172-246
2314	255-128-254-83
2315	255-70-122-242
2316	255-70-122-242
2317	255-180-27-1
2318	255-24-215-202
2319	255-70-122-242
2320	255-128-254-83
2321	255-70-122-242
2322	255-70-122-242
2323	255-70-122-242
2324	255-51-172-246
2325	255-24-215-202
2326	255-51-172-246
2327	255-24-215-202
2328	255-24-215-202
2329	255-70-122-242
2330	255-51-172-246
2331	255-51-172-246
2332	255-70-122-242
2333	255-70-122-242
2334	255-70-122-242
2335	255-70-122-242
2336	255-24-215-202
2337	255-24-215-202
2338	255-24-215-202
2339	255-24-215-202
2340	255-24-215-202
2341	255-24-215-202
2342	255-24-215-202
2343	255-24-215-202
2344	255-24-215-202
2345	255-24-215-202
2346	255-24-215-202
2347	255-24-215-202
2348	255-70-122-242
2349	255-24-215-202
2350	255-24-215-202
2351	255-24-215-202
2352	255-24-215-202
2353	255-70-122-242
2354	255-70-122-242
2355	255-24-215-202
2356	255-70-122-242
2357	255-70-122-242
2358	255-24-215-202
2359	255-70-122-242
2360	255-70-122-242
2361	255-24-215-202
2362	255-24-215-202
2363	255-70-122-242
2364	255-70-122-242
2365	255-24-215-202
2366	255-24-215-202
2367	255-70-122-242
2368	255-232-213-56
2369	255-128-254-83
2370	255-128-254-83
2371	255-24-215-202
2372	255-24-215-202
2373	255-247-113-27
2374	255-24-215-202
2375	255-247-113-27
2376	255-70-122-242
2377	255-70-122-242
2378	255-70-122-242
2379	255-232-213-56
2380	255-128-254-83
2381	255-70-122-242
2382	255-232-213-56
2383	255-247-113-27
2384	255-70-122-242
2385	255-70-122-242
2386	255-70-122-242
2387	255-70-122-242
2388	255-70-122-242
2389	255-70-122-242
2390	255-24-215-202
2391	255-24-215-202
2392	255-70-122-242
2393	255-24-215-202
2394	255-24-215-202
2395	255-24-215-202
2396	255-24-215-202
2397	255-24-215-202
2398	255-24-215-202
2399	255-24-215-202
2400	255-70-122-242
2401	255-70-122-242
2402	255-24-215-202
2403	255-24-215-202
2404	255-24-215-202
2405	255-24-215-202
2406	255-24-215-202
2407	255-24-215-202
2408	255-24-215-202
2409	255-70-122-242
2410	255-24-215-202
2411	255-70-122-242
2412	255-24-215-202
2413	255-24-215-202
2414	255-24-215-202
2415	255-24-215-202
2416	255-70-122-242
2417	255-70-122-242
2418	255-24-215-202
2419	255-70-122-242
2420	255-70-122-242
2421	255-24-215-202
2422	255-24-215-202
2423	255-24-215-202
2424	255-70-122-242
2425	255-70-122-242
2426	255-70-122-242
2427	255-53-243-148
2428	255-24-215-202
2429	255-222-62-8
2430	255-53-243-148
2431	255-53-243-148
2432	255-70-122-242
2433	255-222-62-8
2434	255-70-122-242
2435	255-70-122-242
2436	255-70-122-242
2437	255-24-215-202
2438	255-70-122-242
2439	255-70-122-242
2440	255-70-122-242
2441	255-70-122-242
2442	255-24-215-202
2443	255-70-122-242
2444	255-24-215-202
2445	255-70-122-242
2446	255-24-215-202
2447	255-24-215-202
2448	255-53-243-148
2449	255-70-122-242
2450	255-222-62-8
2451	255-70-122-242
2452	255-51-172-246
2453	255-51-172-246
2454	255-51-172-246
2455	255-247-113-27
2456	255-24-215-202
2457	255-51-172-246
2458	255-70-122-242
2459	255-24-215-202
2460	255-70-122-242
2461	255-24-215-202
2462	255-70-122-242
2463	255-70-122-242
2464	255-24-215-202
2465	255-24-215-202
2466	255-24-215-202
2467	255-24-215-202
2468	255-24-215-202
2469	255-24-215-202
2470	255-24-215-202
2471	255-24-215-202
2472	255-24-215-202
2473	255-24-215-202
2474	255-70-122-242
2475	255-24-215-202
2476	255-70-122-242
2477	255-70-122-242
2478	255-24-215-202
2479	255-70-122-242
2480	255-70-122-242
2481	255-70-122-242
2482	255-70-122-242
2483	255-24-215-202
2484	255-70-122-242
2485	255-24-215-202
2486	255-24-215-202
2487	255-24-215-202
2488	255-24-215-202
2489	255-24-215-202
2490	255-24-215-202
2491	255-24-215-202
2492	255-24-215-202
2493	255-24-215-202
2494	255-24-215-202
2495	255-24-215-202
2496	255-24-215-202
2497	255-24-215-202
2498	255-24-215-202
2499	255-24-215-202
2500	255-70-122-242
2501	255-70-122-242
2502	255-24-215-202
2503	255-70-122-242
2504	255-70-122-242
2505	255-24-215-202
2506	255-70-122-242
2507	255-24-215-202
2508	255-24-215-202
2509	255-24-215-202
2510	255-70-122-242
2511	255-24-215-202
2512	255-70-122-242
2513	255-24-215-202
2514	255-24-215-202
2515	255-24-215-202
2516	255-24-215-202
2517	255-24-215-202
2518	255-24-215-202
2519	255-24-215-202
2520	255-24-215-202
2521	255-24-215-202
2522	255-24-215-202
2523	255-24-215-202
2524	255-24-215-202
2525	255-24-215-202
2526	255-24-215-202
2527	255-24-215-202
2528	255-70-122-242
2529	255-24-215-202
2530	255-24-215-202
2531	255-24-215-202
2532	255-70-122-242
2533	255-24-215-202
2534	255-24-215-202
2535	255-24-215-202
2536	255-24-215-202
2537	255-24-215-202
2538	255-24-215-202
2539	255-24-215-202
2540	255-70-122-242
2541	255-70-122-242
2542	255-24-215-202
2543	255-24-215-202
2544	255-24-215-202
2545	255-24-215-202
2546	255-70-122-242
2547	255-24-215-202
2548	255-24-215-202
2549	255-24-215-202
2550	255-24-215-202
2551	255-24-215-202
2552	255-24-215-202
2553	255-70-122-242
2554	255-70-122-242
2555	255-24-215-202
2556	255-24-215-202
2557	255-70-122-242
2558	255-70-122-242
2559	255-24-215-202
2560	255-70-122-242
2561	255-24-215-202
2562	255-24-215-202
2563	255-70-122-242
2564	255-70-122-242
2565	255-24-215-202
2566	255-70-122-242
2567	255-24-215-202
2568	255-24-215-202
2569	255-70-122-242
2570	255-70-122-242
2571	255-24-215-202
2572	255-24-215-202
2573	255-70-122-242
2574	255-24-215-202
2575	255-24-215-202
2576	255-24-215-202
2577	255-24-215-202
2578	255-70-122-242
2579	255-24-215-202
2580	255-70-122-242
2581	255-70-122-242
2582	255-70-122-242
2583	255-70-122-242
2584	255-70-122-242
2585	255-70-122-242
2586	255-24-215-202
2587	255-232-213-56
2588	255-70-122-242
2589	255-70-122-242
2590	255-70-122-242
2591	255-222-62-8
2592	255-24-215-202
2593	255-24-215-202
2594	255-24-215-202
2595	255-24-215-202
2596	255-24-215-202
2597	255-24-215-202
2598	255-24-215-202
2599	255-51-172-246
2600	255-53-243-148
2601	255-24-215-202
2602	255-53-243-148
2603	255-24-215-202
2604	255-24-215-202
2605	255-24-215-202
2606	255-24-215-202
2607	255-70-122-242
2608	255-24-215-202
2609	255-70-122-242
2610	255-70-122-242
2611	255-122-4-2
2612	255-24-215-202
2613	255-70-122-242
2614	255-70-122-242
2615	255-70-122-242
2616	255-70-122-242
2617	255-24-215-202
2618	255-24-215-202
2619	255-232-213-56
2620	255-232-213-56
2621	255-24-215-202
2622	255-70-122-242
2623	255-24-215-202
2624	255-70-122-242
2625	255-70-122-242
2626	255-70-122-242
2627	255-70-122-242
2628	255-128-254-83
2629	255-128-254-83
2630	255-122-4-2
2631	255-24-215-202
2632	255-122-4-2
2633	255-128-254-83
2634	255-180-27-1
2635	255-24-215-202
2636	255-247-113-27
2637	255-24-215-202
2638	255-24-215-202
2639	255-24-215-202
2640	255-24-215-202
2641	255-24-215-202
2642	255-24-215-202
2643	255-24-215-202
2644	255-70-122-242
2645	255-70-122-242
2646	255-70-122-242
2647	255-70-122-242
2648	255-70-122-242
2649	255-70-122-242
2650	255-70-122-242
2651	255-70-122-242
2652	255-24-215-202
2653	255-70-122-242
2654	255-51-172-246
2655	255-24-215-202
2656	255-51-172-246
2657	255-70-122-242
2658	255-24-215-202
2659	255-24-215-202
2660	255-24-215-202
2661	255-24-215-202
2662	255-24-215-202
2663	255-24-215-202
2664	255-24-215-202
2665	255-24-215-202
2666	255-24-215-202
2667	255-24-215-202
2668	255-24-215-202
2669	255-24-215-202
2670	255-24-215-202
2671	255-24-215-202
2672	255-24-215-202
2673	255-24-215-202
2674	255-24-215-202
2675	255-24-215-202
2676	255-24-215-202
2677	255-24-215-202
2678	255-70-122-242
2679	255-70-122-242
2680	255-70-122-242
2681	255-70-122-242
2682	255-24-215-202
2683	255-24-215-202
2684	255-24-215-202
2685	255-70-122-242
2686	255-24-215-202
2687	255-24-215-202
2688	255-70-122-242
2689	255-70-122-242
2690	255-70-122-242
2691	255-70-122-242
2692	255-128-254-83
2693	255-53-243-148
2694	255-128-254-83
2695	255-128-254-83
2696	255-24-215-202
2697	255-24-215-202
2698	255-70-122-242
2699	255-24-215-202
2700	255-24-215-202
2701	255-232-213-56
2702	255-24-215-202
2703	255-24-215-202
2704	255-70-122-242
2705	255-70-122-242
2706	255-70-122-242
2707	255-232-213-56
2708	255-232-213-56
2709	255-232-213-56
2710	255-247-113-27
2711	255-70-122-242
2712	255-24-215-202
2713	255-24-215-202
2714	255-24-215-202
2715	255-122-4-2
2716	255-70-122-242
2717	255-24-215-202
2718	255-70-122-242
2719	255-70-122-242
2720	255-70-122-242
2721	255-70-122-242
2722	255-24-215-202
2723	255-70-122-242
2724	255-24-215-202
2725	255-70-122-242
2726	255-24-215-202
2727	255-24-215-202
2728	255-24-215-202
2729	255-24-215-202
2730	255-70-122-242
2731	255-24-215-202
2732	255-24-215-202
2733	255-70-122-242
2734	255-24-215-202
2735	255-24-215-202
2736	255-24-215-202
2737	255-24-215-202
2738	255-24-215-202
2739	255-70-122-242
2740	255-24-215-202
2741	255-70-122-242
2742	255-70-122-242
2743	255-187-244-52
2744	255-24-215-202
2745	255-24-215-202
2746	255-53-243-148
2747	255-70-122-242
2748	255-24-215-202
2749	255-70-122-242
2750	255-232-213-56
2751	255-70-122-242
2752	255-51-172-246
2753	255-51-172-246
2754	255-70-122-242
2755	255-70-122-242
2756	255-24-215-202
2757	255-24-215-202
2758	255-24-215-202
2759	255-122-4-2
2760	255-70-122-242
2761	255-70-122-242
2762	255-51-172-246
2763	255-24-215-202
2764	255-247-113-27
2765	255-24-215-202
2766	255-51-172-246
2767	255-24-215-202
2768	255-24-215-202
2769	255-70-122-242
2770	255-24-215-202
2771	255-70-122-242
2772	255-24-215-202
2773	255-70-122-242
2774	255-70-122-242
2775	255-24-215-202
2776	255-70-122-242
2777	255-24-215-202
2778	255-24-215-202
2779	255-24-215-202
2780	255-70-122-242
2781	255-24-215-202
2782	255-70-122-242
2783	255-70-122-242
2784	255-24-215-202
2785	255-24-215-202
2786	255-70-122-242
2787	255-24-215-202
2788	255-24-215-202
2789	255-70-122-242
2790	255-24-215-202
2791	255-24-215-202
2792	255-70-122-242
2793	255-24-215-202
2794	255-24-215-202
2795	255-70-122-242
2796	255-53-243-148
2797	255-70-122-242
2798	255-70-122-242
2799	255-247-113-27
2800	255-232-213-56
2801	255-24-215-202
2802	255-70-122-242
2803	255-24-215-202
2804	255-24-215-202
2805	255-70-122-242
2806	255-24-215-202
2807	255-70-122-242
2808	255-24-215-202
2809	255-70-122-242
2810	255-24-215-202
2811	255-24-215-202
2812	255-24-215-202
2813	255-24-215-202
2814	255-70-122-242
2815	255-24-215-202
2816	255-70-122-242
2817	255-24-215-202
2818	255-70-122-242
2819	255-51-172-246
2820	255-24-215-202
2821	255-24-215-202
2822	255-24-215-202
2823	255-24-215-202
2824	255-70-122-242
2825	255-24-215-202
2826	255-24-215-202
2827	255-70-122-242
2828	255-70-122-242
2829	255-24-215-202
2830	255-70-122-242
2831	255-24-215-202
2832	255-70-122-242
2833	255-70-122-242
2834	255-24-215-202
2835	255-70-122-242
2836	255-122-4-2
2837	255-70-122-242
2838	255-122-4-2
2839	255-24-215-202
2840	255-24-215-202
2841	255-24-215-202
2842	255-70-122-242
2843	255-24-215-202
2844	255-24-215-202
2845	255-70-122-242
2846	255-24-215-202
2847	255-24-215-202
2848	255-24-215-202
2849	255-70-122-242
2850	255-24-215-202
2851	255-24-215-202
2852	255-70-122-242
2853	255-24-215-202
2854	255-70-122-242
2855	255-24-215-202
2856	255-24-215-202
2857	255-24-215-202
2858	255-70-122-242
2859	255-70-122-242
2860	255-24-215-202
2861	255-70-122-242
2862	255-70-122-242
2863	255-70-122-242
2864	255-70-122-242
2865	255-24-215-202
2866	255-70-122-242
2867	255-70-122-242
2868	255-70-122-242
2869	255-70-122-242
2870	255-70-122-242
2871	255-24-215-202
2873	255-24-215-202
2874	255-24-215-202
2875	255-24-215-202
2876	255-24-215-202
2877	255-24-215-202
2878	255-70-122-242
2879	255-70-122-242
2880	255-24-215-202
2881	255-24-215-202
2882	255-24-215-202
2883	255-24-215-202
2884	255-24-215-202
2885	255-24-215-202
2886	255-24-215-202
2887	255-24-215-202
2888	255-51-172-246
2889	255-70-122-242
2890	255-53-243-148
2891	255-24-215-202
2892	255-24-215-202
2893	255-24-215-202
2894	255-53-243-148
2895	255-24-215-202
2896	255-24-215-202
2897	255-128-254-83
2898	255-53-243-148
2899	255-70-122-242
2900	255-70-122-242
2901	255-24-215-202
2902	255-24-215-202
2903	255-24-215-202
2904	255-232-213-56
2905	255-24-215-202
2906	255-232-213-56
2907	255-232-213-56
2908	255-232-213-56
2909	255-24-215-202
2910	255-232-213-56
2911	255-232-213-56
2912	255-232-213-56
2913	255-24-215-202
2914	255-70-122-242
2915	255-24-215-202
2916	255-232-213-56
2917	255-24-215-202
2918	255-24-215-202
2919	255-70-122-242
2920	255-24-215-202
2921	255-70-122-242
2922	255-70-122-242
2923	255-128-254-83
2924	255-128-254-83
2925	255-128-254-83
2926	255-232-213-56
2927	255-24-215-202
2928	255-247-113-27
2929	255-24-215-202
2930	255-24-215-202
2931	255-70-122-242
2932	255-70-122-242
2933	255-24-215-202
2934	255-24-215-202
2935	255-70-122-242
2936	255-122-4-2
2937	255-247-113-27
2938	255-24-215-202
2939	255-24-215-202
2940	255-24-215-202
2941	255-24-215-202
2942	255-24-215-202
2943	255-24-215-202
2944	255-24-215-202
2945	255-70-122-242
2946	255-24-215-202
2947	255-70-122-242
2948	255-24-215-202
2949	255-24-215-202
2950	255-24-215-202
2951	255-70-122-242
2952	255-24-215-202
2953	255-70-122-242
2954	255-24-215-202
2955	255-70-122-242
2956	255-24-215-202
2957	255-24-215-202
2958	255-24-215-202
2959	255-70-122-242
2960	255-24-215-202
2961	255-24-215-202
2962	255-70-122-242
2963	255-70-122-242
2964	255-24-215-202
2965	255-24-215-202
2966	255-24-215-202
2967	255-70-122-242
2968	255-232-213-56
2969	255-128-254-83
2970	255-128-254-83
2971	255-232-213-56
2972	255-24-215-202
2973	255-70-122-242
2974	255-24-215-202
2975	255-24-215-202
2976	255-24-215-202
2977	255-24-215-202
2978	255-24-215-202
2979	255-70-122-242
2980	255-24-215-202
2981	255-232-213-56
2982	255-232-213-56
2983	255-128-254-83
2984	255-70-122-242
2985	255-24-215-202
2986	255-24-215-202
2987	255-24-215-202
2988	255-70-122-242
2989	255-70-122-242
2990	255-24-215-202
2991	255-24-215-202
2992	255-24-215-202
2993	255-24-215-202
2994	255-24-215-202
2995	255-24-215-202
2996	255-24-215-202
2997	255-24-215-202
2998	255-70-122-242
2999	255-24-215-202
3000	255-24-215-202
3001	255-24-215-202
3002	255-24-215-202
3003	255-24-215-202
3004	255-70-122-242
3005	255-24-215-202
3006	255-24-215-202
3007	255-70-122-242
3008	255-24-215-202
3009	255-24-215-202
3010	255-24-215-202
3011	255-247-113-27
3012	255-232-213-56
3013	255-70-122-242
3014	255-51-172-246
3015	255-232-213-56
3016	255-232-213-56
3017	255-232-213-56
3018	255-232-213-56
3019	255-232-213-56
3020	255-232-213-56
3021	255-24-215-202
3022	255-70-122-242
3023	255-122-4-2
3024	255-24-215-202
3025	255-128-254-83
3026	255-232-213-56
3027	255-128-254-83
3028	255-247-113-27
3029	255-232-213-56
3030	255-247-113-27
3031	255-24-215-202
3032	255-247-113-27
3033	255-247-113-27
3034	255-24-215-202
3035	255-70-122-242
3036	255-24-215-202
3037	255-24-215-202
3038	255-24-215-202
3039	255-24-215-202
3040	255-24-215-202
3041	255-24-215-202
3042	255-70-122-242
3043	255-24-215-202
3044	255-70-122-242
3045	255-24-215-202
3046	255-70-122-242
3047	255-70-122-242
3048	255-70-122-242
3049	255-24-215-202
3050	255-24-215-202
3051	255-24-215-202
3052	255-70-122-242
3053	255-24-215-202
3054	255-24-215-202
3055	255-24-215-202
3056	255-24-215-202
3057	255-70-122-242
3058	255-70-122-242
3059	255-232-213-56
3060	255-53-243-148
3061	255-232-213-56
3062	255-70-122-242
3063	255-70-122-242
3064	255-232-213-56
3065	255-70-122-242
3066	255-70-122-242
3067	255-232-213-56
3068	255-232-213-56
3069	255-70-122-242
3070	255-24-215-202
3071	255-24-215-202
3072	255-70-122-242
3073	255-70-122-242
3074	255-24-215-202
3075	255-70-122-242
3076	255-24-215-202
3077	255-24-215-202
3078	255-24-215-202
3079	255-70-122-242
3080	255-70-122-242
3081	255-70-122-242
3082	255-24-215-202
3083	255-70-122-242
3084	255-24-215-202
3085	255-24-215-202
3086	255-24-215-202
3087	255-24-215-202
3088	255-70-122-242
3089	255-24-215-202
3090	255-122-4-2
3091	255-70-122-242
3092	255-24-215-202
3093	255-24-215-202
3094	255-70-122-242
3095	255-24-215-202
3096	255-24-215-202
3097	255-24-215-202
3098	255-70-122-242
3099	255-24-215-202
3100	255-70-122-242
3101	255-24-215-202
3102	255-24-215-202
3103	255-24-215-202
3104	255-24-215-202
3105	255-24-215-202
3106	255-24-215-202
3107	255-24-215-202
3108	255-24-215-202
3109	255-70-122-242
3110	255-70-122-242
3111	255-70-122-242
3112	255-24-215-202
3113	255-70-122-242
3114	255-70-122-242
3115	255-24-215-202
3116	255-24-215-202
3117	255-70-122-242
3118	255-24-215-202
3119	255-24-215-202
3120	255-232-213-56
3121	255-24-215-202
3122	255-24-215-202
3123	255-24-215-202
3124	255-24-215-202
3125	255-24-215-202
3126	255-24-215-202
3127	255-24-215-202
3128	255-24-215-202
3129	255-24-215-202
3130	255-70-122-242
3131	255-24-215-202
3132	255-24-215-202
3133	255-51-172-246
3134	255-24-215-202
3135	255-128-254-83
3136	255-24-215-202
3137	255-24-215-202
3138	255-24-215-202
3139	255-24-215-202
3140	255-53-243-148
3141	255-70-122-242
3142	255-70-122-242
3143	255-70-122-242
3144	255-70-122-242
3145	255-70-122-242
3146	255-70-122-242
3147	255-70-122-242
3148	255-70-122-242
3149	255-70-122-242
3150	255-24-215-202
3151	255-70-122-242
3152	255-70-122-242
3153	255-128-254-83
3154	255-128-254-83
3155	255-232-213-56
3156	255-232-213-56
3157	255-128-254-83
3158	255-232-213-56
3159	255-187-244-52
3160	255-232-213-56
3161	255-24-215-202
3162	255-24-215-202
3163	255-24-215-202
3164	255-24-215-202
3165	255-232-213-56
3166	255-24-215-202
3167	255-24-215-202
3168	255-24-215-202
3169	255-70-122-242
3170	255-70-122-242
3171	255-70-122-242
3172	255-232-213-56
3173	255-53-243-148
3174	255-232-213-56
3175	255-24-215-202
3176	255-53-243-148
3177	255-24-215-202
3178	255-70-122-242
3179	255-53-243-148
3180	255-70-122-242
3181	255-232-213-56
3182	255-128-254-83
3183	255-232-213-56
3184	255-128-254-83
3185	255-128-254-83
3186	255-128-254-83
3187	255-232-213-56
3188	255-247-113-27
3189	255-24-215-202
3190	255-24-215-202
3191	255-232-213-56
3192	255-24-215-202
3193	255-232-213-56
3194	255-122-4-2
3195	255-128-254-83
3196	255-128-254-83
3197	255-24-215-202
3198	255-128-254-83
3199	255-24-215-202
3200	255-128-254-83
3201	255-128-254-83
3202	255-24-215-202
3203	255-24-215-202
3204	255-24-215-202
3205	255-24-215-202
3206	255-24-215-202
3207	255-70-122-242
3208	255-70-122-242
3209	255-24-215-202
3210	255-70-122-242
3211	255-70-122-242
3212	255-70-122-242
3213	255-70-122-242
3214	255-70-122-242
3215	255-70-122-242
3216	255-24-215-202
3217	255-70-122-242
3218	255-24-215-202
3219	255-24-215-202
3220	255-24-215-202
3221	255-24-215-202
3222	255-24-215-202
3223	255-70-122-242
3224	255-24-215-202
3225	255-247-113-27
3226	255-70-122-242
3227	255-24-215-202
3228	255-24-215-202
3229	255-24-215-202
3230	255-222-62-8
3231	255-70-122-242
3232	255-24-215-202
3233	255-70-122-242
3234	255-24-215-202
3235	255-222-62-8
3236	255-247-113-27
3237	255-24-215-202
3238	255-24-215-202
3239	255-128-254-83
3240	255-24-215-202
3241	255-24-215-202
3242	255-70-122-242
3243	255-122-4-2
3244	255-128-254-83
3246	255-24-215-202
3247	255-232-213-56
3248	255-232-213-56
3249	255-232-213-56
3250	255-232-213-56
3251	255-247-113-27
3252	255-232-213-56
3253	255-232-213-56
3254	255-232-213-56
3255	255-232-213-56
3256	255-232-213-56
3257	255-187-244-52
3258	255-232-213-56
3259	255-232-213-56
3260	255-232-213-56
3261	255-187-244-52
3262	255-247-113-27
3263	255-70-122-242
3264	255-70-122-242
3265	255-70-122-242
3266	255-24-215-202
3267	255-70-122-242
3268	255-24-215-202
3269	255-70-122-242
3270	255-24-215-202
3271	255-24-215-202
3272	255-70-122-242
3273	255-24-215-202
3274	255-24-215-202
3275	255-70-122-242
3276	255-24-215-202
3277	255-70-122-242
3278	255-24-215-202
3279	255-24-215-202
3280	255-70-122-242
3281	255-24-215-202
3282	255-24-215-202
3283	255-232-213-56
3284	255-53-243-148
3285	255-247-113-27
3286	255-24-215-202
3287	255-24-215-202
3288	255-24-215-202
3289	255-24-215-202
3290	255-70-122-242
3291	255-24-215-202
3292	255-70-122-242
3293	255-128-254-83
3294	255-70-122-242
3295	255-232-213-56
3296	255-232-213-56
3297	255-70-122-242
3298	255-187-244-52
3299	255-247-113-27
3300	255-232-213-56
3301	255-247-113-27
3302	255-24-215-202
3303	255-122-4-2
3304	255-128-254-83
3305	255-232-213-56
3306	255-128-254-83
3307	255-232-213-56
3308	255-128-254-83
3309	255-122-4-2
3310	255-247-113-27
3311	255-232-213-56
3312	255-247-113-27
3313	255-24-215-202
3314	255-24-215-202
3315	255-24-215-202
3316	255-24-215-202
3317	255-24-215-202
3318	255-70-122-242
3319	255-24-215-202
3320	255-70-122-242
3321	255-70-122-242
3322	255-70-122-242
3323	255-70-122-242
3324	255-70-122-242
3325	255-24-215-202
3326	255-70-122-242
3327	255-70-122-242
3328	255-70-122-242
3329	255-70-122-242
3330	255-70-122-242
3331	255-70-122-242
3332	255-70-122-242
3333	255-70-122-242
3334	255-24-215-202
3335	255-232-213-56
3336	255-70-122-242
3337	255-70-122-242
3338	255-70-122-242
3339	255-232-213-56
3340	255-70-122-242
3341	255-128-254-83
3342	255-24-215-202
3343	255-24-215-202
3344	255-232-213-56
3345	255-70-122-242
3346	255-70-122-242
3347	255-24-215-202
3348	255-24-215-202
3349	255-24-215-202
3350	255-70-122-242
3351	255-70-122-242
3352	255-70-122-242
3353	255-24-215-202
3354	255-24-215-202
3355	255-70-122-242
3356	255-24-215-202
3357	255-70-122-242
3358	255-70-122-242
3359	255-70-122-242
3360	255-24-215-202
3361	255-70-122-242
3362	255-24-215-202
3363	255-70-122-242
3364	255-70-122-242
3365	255-70-122-242
3366	255-122-4-2
3367	255-24-215-202
3368	255-24-215-202
3369	255-24-215-202
3370	255-70-122-242
3371	255-70-122-242
3372	255-24-215-202
3373	255-24-215-202
3374	255-70-122-242
3375	255-24-215-202
3376	255-24-215-202
3377	255-70-122-242
3378	255-24-215-202
3379	255-70-122-242
3380	255-24-215-202
3381	255-24-215-202
3382	255-70-122-242
3383	255-24-215-202
3384	255-24-215-202
3385	255-24-215-202
3386	255-70-122-242
3387	255-53-243-148
3388	255-24-215-202
3389	255-70-122-242
3390	255-24-215-202
3391	255-24-215-202
3392	255-70-122-242
3393	255-24-215-202
3394	255-232-213-56
3395	255-70-122-242
3396	255-24-215-202
3397	255-70-122-242
3398	255-232-213-56
3399	255-232-213-56
3400	255-24-215-202
3401	255-24-215-202
3402	255-70-122-242
3403	255-24-215-202
3404	255-24-215-202
3405	255-24-215-202
3406	255-24-215-202
3407	255-24-215-202
3408	255-187-244-52
3409	255-70-122-242
3410	255-24-215-202
3411	255-24-215-202
3412	255-24-215-202
3413	255-24-215-202
3414	255-24-215-202
3415	255-24-215-202
3416	255-24-215-202
3417	255-128-254-83
3418	255-70-122-242
3419	255-24-215-202
3420	255-232-213-56
3421	255-24-215-202
3422	255-70-122-242
3423	255-128-254-83
3424	255-24-215-202
3425	255-24-215-202
3426	255-70-122-242
3427	255-24-215-202
3428	255-53-243-148
3429	255-53-243-148
3430	255-128-254-83
3431	255-24-215-202
3432	255-232-213-56
3433	255-70-122-242
3434	255-70-122-242
3435	255-24-215-202
3436	255-70-122-242
3437	255-24-215-202
3438	255-70-122-242
3439	255-180-27-1
3440	255-70-122-242
3441	255-24-215-202
3442	255-232-213-56
3443	255-53-243-148
3444	255-128-254-83
3445	255-70-122-242
3446	255-24-215-202
3447	255-24-215-202
3448	255-24-215-202
3449	255-24-215-202
3450	255-24-215-202
3451	255-24-215-202
3452	255-128-254-83
3453	255-247-113-27
3454	255-128-254-83
3455	255-232-213-56
3456	255-128-254-83
3457	255-232-213-56
3458	255-128-254-83
3459	255-247-113-27
3460	255-128-254-83
3461	255-247-113-27
3462	255-128-254-83
3463	255-247-113-27
3464	255-24-215-202
3465	255-70-122-242
3466	255-70-122-242
3467	255-70-122-242
3468	255-70-122-242
3469	255-232-213-56
3470	255-24-215-202
3471	255-70-122-242
3472	255-70-122-242
3473	255-70-122-242
3474	255-232-213-56
3475	255-232-213-56
3476	255-232-213-56
3477	255-232-213-56
3478	255-70-122-242
3479	255-232-213-56
3480	255-232-213-56
3481	255-53-243-148
3482	255-53-243-148
3483	255-128-254-83
3484	255-128-254-83
3485	255-128-254-83
3486	255-187-244-52
3487	255-232-213-56
3488	255-232-213-56
3489	255-247-113-27
3490	255-247-113-27
3491	255-187-244-52
3492	255-187-244-52
3493	255-70-122-242
3494	255-70-122-242
3495	255-187-244-52
3496	255-122-4-2
3497	255-70-122-242
3498	255-70-122-242
3499	255-70-122-242
3500	255-24-215-202
3501	255-24-215-202
3502	255-128-254-83
3503	255-70-122-242
3504	255-53-243-148
3505	255-70-122-242
3506	255-70-122-242
3507	255-70-122-242
3508	255-24-215-202
3509	255-24-215-202
3510	255-70-122-242
3511	255-24-215-202
3512	255-70-122-242
3513	255-70-122-242
3514	255-70-122-242
3515	255-24-215-202
3516	255-70-122-242
3517	255-24-215-202
3518	255-70-122-242
3519	255-24-215-202
3520	255-70-122-242
3521	255-24-215-202
3522	255-24-215-202
3523	255-70-122-242
3524	255-70-122-242
3525	255-70-122-242
3526	255-70-122-242
3527	255-70-122-242
3528	255-232-213-56
3529	255-24-215-202
3530	255-24-215-202
3531	255-24-215-202
3532	255-187-244-52
3533	255-232-213-56
3534	255-232-213-56
3535	255-247-113-27
3536	255-232-213-56
3537	255-232-213-56
3538	255-232-213-56
3539	255-187-244-52
3540	255-187-244-52
3541	255-232-213-56
3542	255-247-113-27
3543	255-232-213-56
3544	255-187-244-52
3545	255-53-243-148
3546	255-247-113-27
3547	255-128-254-83
3548	255-232-213-56
3549	255-70-122-242
3550	255-70-122-242
3551	255-70-122-242
3552	255-51-172-246
3553	255-122-4-2
3554	255-128-254-83
3555	255-70-122-242
3556	255-24-215-202
3557	255-24-215-202
3558	255-70-122-242
3559	255-187-244-52
3560	255-70-122-242
3561	255-122-4-2
3562	255-70-122-242
3563	255-24-215-202
3564	255-70-122-242
3565	255-70-122-242
3566	255-24-215-202
3567	255-70-122-242
3568	255-70-122-242
3569	255-70-122-242
3570	255-70-122-242
3571	255-24-215-202
3572	255-24-215-202
3573	255-70-122-242
3574	255-70-122-242
3575	255-70-122-242
3576	255-70-122-242
3577	255-70-122-242
3578	255-24-215-202
3579	255-24-215-202
3580	255-24-215-202
3581	255-24-215-202
3582	255-53-243-148
3583	255-53-243-148
3584	255-70-122-242
3585	255-232-213-56
3586	255-128-254-83
3587	255-24-215-202
3588	255-24-215-202
3589	255-24-215-202
3590	255-232-213-56
3591	255-24-215-202
3592	255-24-215-202
3593	255-24-215-202
3594	255-24-215-202
3595	255-187-244-52
3596	255-53-243-148
3597	255-247-113-27
3598	255-128-254-83
3599	255-128-254-83
3600	255-70-122-242
3601	255-70-122-242
3602	255-70-122-242
3603	255-70-122-242
3604	255-70-122-242
3605	255-70-122-242
3606	255-70-122-242
3607	255-70-122-242
3608	255-70-122-242
3609	255-247-113-27
3610	255-187-244-52
3611	255-70-122-242
3612	255-70-122-242
3613	255-70-122-242
3614	255-187-244-52
3615	255-128-254-83
3616	255-232-213-56
3617	255-187-244-52
3618	255-24-215-202
3619	255-122-4-2
3620	255-187-244-52
3621	255-128-254-83
3622	255-232-213-56
3623	255-187-244-52
3624	255-128-254-83
3625	255-232-213-56
3626	255-232-213-56
3627	255-128-254-83
3628	255-232-213-56
3629	255-70-122-242
3630	255-232-213-56
3631	255-128-254-83
3632	255-232-213-56
3633	255-122-4-2
3634	255-247-113-27
3635	255-70-122-242
3636	255-70-122-242
3637	255-24-215-202
3638	255-70-122-242
3639	255-70-122-242
3640	255-70-122-242
3641	255-70-122-242
3642	255-70-122-242
3643	255-24-215-202
3644	255-70-122-242
3645	255-70-122-242
3646	255-70-122-242
3647	255-70-122-242
3648	255-70-122-242
3649	255-70-122-242
3650	255-24-215-202
3651	255-24-215-202
3652	255-24-215-202
3653	255-24-215-202
3654	255-24-215-202
3655	255-70-122-242
3656	255-222-62-8
3657	255-222-62-8
3658	255-180-27-1
3659	255-24-215-202
3660	255-70-122-242
3661	255-247-113-27
3662	255-70-122-242
3663	255-24-215-202
3664	255-70-122-242
3665	255-24-215-202
3666	255-70-122-242
3667	255-24-215-202
3668	255-24-215-202
3669	255-24-215-202
3670	255-232-213-56
3671	255-128-254-83
3672	255-70-122-242
3673	255-70-122-242
3674	255-128-254-83
3675	255-128-254-83
3676	255-53-243-148
3677	255-232-213-56
3678	255-24-215-202
3679	255-24-215-202
3680	255-70-122-242
3681	255-24-215-202
3682	255-70-122-242
3683	255-70-122-242
3684	255-70-122-242
3685	255-70-122-242
3686	255-70-122-242
3687	255-70-122-242
3688	255-70-122-242
3689	255-70-122-242
3690	255-70-122-242
3691	255-70-122-242
3692	255-70-122-242
3693	255-70-122-242
3694	255-70-122-242
3695	255-122-4-2
3696	255-24-215-202
3697	255-122-4-2
3698	255-70-122-242
3699	255-70-122-242
3700	255-70-122-242
3701	255-122-4-2
3702	255-122-4-2
3703	255-70-122-242
3704	255-24-215-202
3705	255-24-215-202
3706	255-70-122-242
3707	255-70-122-242
3708	255-70-122-242
3709	255-24-215-202
3710	255-24-215-202
3711	255-24-215-202
3712	255-24-215-202
3713	255-70-122-242
3714	255-24-215-202
3715	255-24-215-202
3716	255-24-215-202
3717	255-70-122-242
3718	255-24-215-202
3719	255-24-215-202
3720	255-24-215-202
3721	255-70-122-242
3722	255-24-215-202
3723	255-24-215-202
3724	255-70-122-242
3725	255-70-122-242
3726	255-24-215-202
3727	255-70-122-242
3728	255-70-122-242
3729	255-24-215-202
3730	255-24-215-202
3731	255-232-213-56
3732	255-232-213-56
3733	255-232-213-56
3734	255-70-122-242
3735	255-128-254-83
3736	255-53-243-148
3737	255-70-122-242
3738	255-70-122-242
3739	255-24-215-202
3740	255-70-122-242
3741	255-70-122-242
3742	255-24-215-202
3743	255-24-215-202
3744	255-70-122-242
3745	255-70-122-242
3746	255-24-215-202
3747	255-70-122-242
3748	255-70-122-242
3749	255-24-215-202
3750	255-70-122-242
3751	255-70-122-242
3752	255-70-122-242
3753	255-24-215-202
3754	255-70-122-242
3755	255-24-215-202
3756	255-24-215-202
3757	255-24-215-202
3758	255-24-215-202
3759	255-24-215-202
3760	255-24-215-202
3761	255-24-215-202
3762	255-24-215-202
3763	255-24-215-202
3764	255-128-254-83
3765	255-24-215-202
3766	255-187-244-52
3767	255-70-122-242
3768	255-24-215-202
3769	255-70-122-242
3770	255-24-215-202
3771	255-70-122-242
3772	255-24-215-202
3773	255-24-215-202
3774	255-70-122-242
3775	255-24-215-202
3776	255-24-215-202
3777	255-180-27-1
3778	255-180-27-1
3779	255-70-122-242
3780	255-70-122-242
3781	255-232-213-56
3782	255-128-254-83
3783	255-53-243-148
3784	255-232-213-56
3785	255-122-4-2
3786	255-128-254-83
3787	255-128-254-83
3788	255-53-243-148
3789	255-187-244-52
3790	255-232-213-56
3791	255-51-172-246
3792	255-24-215-202
3793	255-128-254-83
3794	255-128-254-83
3795	255-232-213-56
3796	255-24-215-202
3797	255-53-243-148
3798	255-24-215-202
3799	255-222-62-8
3800	255-53-243-148
3801	255-24-215-202
3802	255-24-215-202
3803	255-53-243-148
3804	255-70-122-242
3805	255-53-243-148
3806	255-24-215-202
3807	255-70-122-242
3808	255-70-122-242
3809	255-70-122-242
3810	255-70-122-242
3811	255-70-122-242
3812	255-70-122-242
3813	255-70-122-242
3814	255-128-254-83
3815	255-128-254-83
3816	255-70-122-242
3817	255-232-213-56
3818	255-70-122-242
3819	255-70-122-242
3820	255-232-213-56
3821	255-232-213-56
3822	255-232-213-56
3823	255-53-243-148
3824	255-53-243-148
3825	255-232-213-56
3826	255-128-254-83
3827	255-128-254-83
3828	255-70-122-242
3829	255-128-254-83
3830	255-128-254-83
3831	255-232-213-56
3832	255-232-213-56
3833	255-53-243-148
3834	255-187-244-52
3835	255-247-113-27
3836	255-232-213-56
3837	255-187-244-52
3838	255-187-244-52
3839	255-24-215-202
3840	255-187-244-52
3841	255-122-4-2
3842	255-70-122-242
3843	255-187-244-52
3844	255-187-244-52
3845	255-232-213-56
3846	255-232-213-56
3847	255-128-254-83
3848	255-247-113-27
3849	255-70-122-242
3850	255-70-122-242
3851	255-128-254-83
3852	255-128-254-83
3853	255-70-122-242
3854	255-24-215-202
3855	255-128-254-83
3856	255-70-122-242
3857	255-24-215-202
3858	255-24-215-202
3859	255-24-215-202
3860	255-128-254-83
3861	255-24-215-202
3862	255-70-122-242
3863	255-128-254-83
3864	255-128-254-83
3865	255-128-254-83
3866	255-24-215-202
3867	255-24-215-202
3868	255-128-254-83
3869	255-70-122-242
3870	255-24-215-202
3871	255-70-122-242
3872	255-70-122-242
3873	255-70-122-242
3874	255-70-122-242
3875	255-128-254-83
3876	255-128-254-83
3877	255-70-122-242
3878	255-70-122-242
3879	255-24-215-202
3880	255-24-215-202
3881	255-24-215-202
3882	255-70-122-242
3883	255-70-122-242
3884	255-70-122-242
3885	255-24-215-202
3886	255-70-122-242
3887	255-232-213-56
3888	255-70-122-242
3889	255-70-122-242
3890	255-70-122-242
3891	255-70-122-242
3892	255-70-122-242
3893	255-232-213-56
3894	255-128-254-83
3895	255-128-254-83
3896	255-232-213-56
3897	255-128-254-83
3898	255-128-254-83
3899	255-128-254-83
3900	255-128-254-83
3902	255-187-244-52
3903	255-187-244-52
3904	255-232-213-56
3905	255-247-113-27
3906	255-247-113-27
3907	255-187-244-52
3908	255-232-213-56
3909	255-232-213-56
3910	255-232-213-56
3911	255-232-213-56
3912	255-187-244-52
3913	255-232-213-56
3914	255-232-213-56
3915	255-70-122-242
3916	255-232-213-56
3917	255-128-254-83
3918	255-187-244-52
3919	255-128-254-83
3920	255-128-254-83
3921	255-53-243-148
3922	255-128-254-83
3923	255-128-254-83
3924	255-24-215-202
3925	255-24-215-202
3926	255-24-215-202
3927	255-24-215-202
3928	255-70-122-242
3929	255-24-215-202
3930	255-24-215-202
3931	255-122-4-2
3932	255-187-244-52
3933	255-70-122-242
3934	255-70-122-242
3935	255-70-122-242
3936	255-70-122-242
3937	255-70-122-242
3938	255-70-122-242
3939	255-70-122-242
3940	255-24-215-202
3941	255-70-122-242
3942	255-24-215-202
3943	255-24-215-202
3944	255-70-122-242
3945	255-24-215-202
3946	255-70-122-242
3947	255-24-215-202
3948	255-70-122-242
3949	255-70-122-242
3950	255-70-122-242
3951	255-24-215-202
3952	255-24-215-202
3953	255-24-215-202
3954	255-128-254-83
3955	255-232-213-56
3956	255-128-254-83
3957	255-128-254-83
3958	255-128-254-83
3959	255-24-215-202
3960	255-222-62-8
3961	255-253-171-51
3962	255-70-122-242
3963	255-53-243-148
3964	255-128-254-83
3965	255-128-254-83
3966	255-128-254-83
3967	255-70-122-242
3968	255-128-254-83
3969	255-128-254-83
3970	255-53-243-148
3971	255-51-172-246
3972	255-70-122-242
3973	255-53-243-148
3974	255-70-122-242
3975	255-128-254-83
3976	255-24-215-202
3977	255-187-244-52
3978	255-70-122-242
3979	255-70-122-242
3980	255-70-122-242
3981	255-187-244-52
3982	255-187-244-52
3983	255-128-254-83
3984	255-70-122-242
3985	255-128-254-83
3986	255-232-213-56
3987	255-24-215-202
3988	255-232-213-56
3989	255-187-244-52
3990	255-128-254-83
3991	255-128-254-83
3992	255-24-215-202
3993	255-187-244-52
3994	255-128-254-83
3995	255-128-254-83
3996	255-232-213-56
3997	255-70-122-242
3998	255-128-254-83
3999	255-70-122-242
4000	255-128-254-83
4001	255-232-213-56
4002	255-24-215-202
4003	255-232-213-56
4004	255-122-4-2
4005	255-24-215-202
4006	255-24-215-202
4007	255-24-215-202
4008	255-70-122-242
4009	255-24-215-202
4010	255-24-215-202
4011	255-24-215-202
4012	255-24-215-202
4013	255-24-215-202
4014	255-70-122-242
4015	255-24-215-202
4016	255-24-215-202
4017	255-70-122-242
4018	255-70-122-242
4019	255-24-215-202
4020	255-24-215-202
4021	255-24-215-202
4022	255-24-215-202
4023	255-70-122-242
4024	255-24-215-202
4025	255-70-122-242
4026	255-180-27-1
4027	255-24-215-202
4028	255-24-215-202
4029	255-24-215-202
4030	255-24-215-202
4031	255-70-122-242
4032	255-222-62-8
4033	255-24-215-202
4034	255-24-215-202
4035	255-24-215-202
4036	255-70-122-242
4037	255-222-62-8
4038	255-222-62-8
4039	255-128-254-83
4040	255-128-254-83
4041	255-180-27-1
4042	255-24-215-202
4043	255-70-122-242
4044	255-232-213-56
4045	255-24-215-202
4046	255-24-215-202
4047	255-70-122-242
4048	255-24-215-202
4049	255-24-215-202
4050	255-24-215-202
4051	255-70-122-242
4052	255-128-254-83
4053	255-24-215-202
4054	255-128-254-83
4055	255-24-215-202
4056	255-70-122-242
4057	255-128-254-83
4058	255-70-122-242
4059	255-70-122-242
4060	255-24-215-202
4061	255-70-122-242
4062	255-70-122-242
4063	255-70-122-242
4064	255-24-215-202
4065	255-70-122-242
4066	255-24-215-202
4067	255-70-122-242
4068	255-70-122-242
4069	255-70-122-242
4070	255-24-215-202
4071	255-70-122-242
4072	255-70-122-242
4073	255-70-122-242
4074	255-70-122-242
4075	255-70-122-242
4076	255-70-122-242
4077	255-70-122-242
4078	255-70-122-242
4079	255-70-122-242
4080	255-24-215-202
4081	255-122-4-2
4082	255-70-122-242
4083	255-70-122-242
4084	255-24-215-202
4085	255-122-4-2
4086	255-122-4-2
4087	255-24-215-202
4088	255-24-215-202
4089	255-24-215-202
4090	255-24-215-202
4091	255-24-215-202
4092	255-24-215-202
4093	255-24-215-202
4094	255-24-215-202
4095	255-24-215-202
4096	255-51-172-246
4097	255-24-215-202
4098	255-70-122-242
4099	255-70-122-242
4100	255-70-122-242
4101	255-24-215-202
4102	255-24-215-202
4103	255-70-122-242
4104	255-24-215-202
4105	255-24-215-202
4106	255-70-122-242
4107	255-232-213-56
4108	255-232-213-56
4109	255-232-213-56
4110	255-232-213-56
4111	255-232-213-56
4112	255-232-213-56
4113	255-232-213-56
4114	255-70-122-242
4115	255-222-62-8
4116	255-222-62-8
4117	255-70-122-242
4118	255-232-213-56
4119	255-222-62-8
4120	255-232-213-56
4121	255-70-122-242
4122	255-70-122-242
4123	255-70-122-242
4124	255-70-122-242
4125	255-24-215-202
4126	255-232-213-56
4127	255-24-215-202
4128	255-70-122-242
4129	255-70-122-242
4130	255-232-213-56
4131	255-24-215-202
4132	255-24-215-202
4133	255-232-213-56
4134	255-70-122-242
4135	255-24-215-202
4136	255-232-213-56
4137	255-24-215-202
4138	255-24-215-202
4139	255-24-215-202
4140	255-222-62-8
4141	255-24-215-202
4142	255-24-215-202
4143	255-70-122-242
4144	255-24-215-202
4145	255-70-122-242
4146	255-24-215-202
4147	255-24-215-202
4148	255-24-215-202
4149	255-24-215-202
4150	255-24-215-202
4151	255-24-215-202
4152	255-70-122-242
4153	255-53-243-148
4154	255-128-254-83
4155	255-70-122-242
4156	255-128-254-83
4157	255-128-254-83
4158	255-128-254-83
4159	255-128-254-83
4160	255-128-254-83
4161	255-128-254-83
4162	255-70-122-242
4163	255-70-122-242
4164	255-24-215-202
4165	255-24-215-202
4166	255-24-215-202
4167	255-70-122-242
4168	255-70-122-242
4169	255-24-215-202
4170	255-24-215-202
4171	255-70-122-242
4172	255-24-215-202
4173	255-232-213-56
4174	255-232-213-56
4175	255-70-122-242
4176	255-232-213-56
4177	255-232-213-56
4178	255-232-213-56
4179	255-232-213-56
4180	255-70-122-242
4181	255-24-215-202
4182	255-53-243-148
4183	255-24-215-202
4184	255-128-254-83
4185	255-128-254-83
4186	255-128-254-83
4187	255-24-215-202
4188	255-187-244-52
4189	255-232-213-56
4190	255-24-215-202
4191	255-70-122-242
4192	255-128-254-83
4193	255-232-213-56
4194	255-128-254-83
4195	255-128-254-83
4196	255-187-244-52
4197	255-187-244-52
4198	255-122-4-2
4199	255-232-213-56
4200	255-128-254-83
4201	255-70-122-242
4202	255-232-213-56
4203	255-70-122-242
4204	255-70-122-242
4205	255-70-122-242
4206	255-70-122-242
4207	255-24-215-202
4208	255-70-122-242
4209	255-24-215-202
4210	255-24-215-202
4211	255-24-215-202
4212	255-24-215-202
4213	255-24-215-202
4214	255-24-215-202
4215	255-51-172-246
4216	255-24-215-202
4217	255-128-254-83
4218	255-128-254-83
4219	255-24-215-202
4220	255-24-215-202
4221	255-24-215-202
4222	255-70-122-242
4223	255-128-254-83
4224	255-128-254-83
4225	255-24-215-202
4226	255-128-254-83
4227	255-222-62-8
4228	255-24-215-202
4229	255-24-215-202
4230	255-24-215-202
4231	255-24-215-202
4232	255-70-122-242
4233	255-70-122-242
4234	255-70-122-242
4235	255-70-122-242
4236	255-70-122-242
4237	255-70-122-242
4238	255-232-213-56
4239	255-70-122-242
4240	255-24-215-202
4241	255-70-122-242
4242	255-70-122-242
4243	255-70-122-242
4244	255-70-122-242
4245	255-70-122-242
4246	255-24-215-202
4247	255-24-215-202
4248	255-24-215-202
4249	255-232-213-56
4250	255-24-215-202
4251	255-232-213-56
4252	255-128-254-83
4253	255-24-215-202
4254	255-128-254-83
4255	255-128-254-83
4256	255-128-254-83
4257	255-187-244-52
4258	255-128-254-83
4259	255-70-122-242
4260	255-187-244-52
4261	255-53-243-148
4262	255-187-244-52
4263	255-128-254-83
4264	255-187-244-52
4265	255-232-213-56
4266	255-232-213-56
4267	255-122-4-2
4268	255-232-213-56
4269	255-232-213-56
4270	255-232-213-56
4271	255-232-213-56
4272	255-232-213-56
4273	255-247-113-27
4274	255-247-113-27
4275	255-187-244-52
4276	255-232-213-56
4277	255-232-213-56
4278	255-232-213-56
4279	255-232-213-56
4280	255-232-213-56
4281	255-232-213-56
4282	255-232-213-56
4283	255-24-215-202
4284	255-53-243-148
4285	255-232-213-56
4286	255-53-243-148
4287	255-24-215-202
4288	255-24-215-202
4289	255-128-254-83
4290	255-24-215-202
4291	255-24-215-202
4292	255-24-215-202
4293	255-24-215-202
4294	255-70-122-242
4295	255-24-215-202
4296	255-24-215-202
4297	255-24-215-202
4298	255-24-215-202
4299	255-24-215-202
4300	255-70-122-242
4301	255-70-122-242
4302	255-24-215-202
4303	255-70-122-242
4304	255-24-215-202
4305	255-70-122-242
4306	255-24-215-202
4307	255-70-122-242
4308	255-70-122-242
4309	255-70-122-242
4310	255-70-122-242
4311	255-24-215-202
4312	255-24-215-202
4313	255-24-215-202
4314	255-70-122-242
4315	255-24-215-202
4316	255-24-215-202
4317	255-24-215-202
4318	255-24-215-202
4319	255-232-213-56
4320	255-24-215-202
4322	255-128-254-83
4323	255-128-254-83
4324	255-128-254-83
4325	255-128-254-83
4326	255-53-243-148
4327	255-24-215-202
4328	255-128-254-83
4329	255-70-122-242
4330	255-24-215-202
4331	255-24-215-202
4332	255-70-122-242
4333	255-128-254-83
4334	255-70-122-242
4335	255-24-215-202
4336	255-24-215-202
4337	255-24-215-202
4338	255-24-215-202
4339	255-232-213-56
4340	255-232-213-56
4341	255-232-213-56
4342	255-24-215-202
4343	255-128-254-83
4344	255-70-122-242
4345	255-24-215-202
4346	255-232-213-56
4347	255-232-213-56
4348	255-128-254-83
4349	255-24-215-202
4350	255-128-254-83
4351	255-53-243-148
4352	255-247-113-27
4353	255-128-254-83
4354	255-232-213-56
4355	255-232-213-56
4356	255-232-213-56
4357	255-70-122-242
4358	255-128-254-83
4359	255-24-215-202
4360	255-24-215-202
4361	255-24-215-202
4362	255-70-122-242
4363	255-70-122-242
4364	255-24-215-202
4365	255-53-243-148
4366	255-24-215-202
4367	255-24-215-202
4368	255-24-215-202
4369	255-70-122-242
4370	255-24-215-202
4371	255-24-215-202
4372	255-24-215-202
4373	255-24-215-202
4374	255-70-122-242
4375	255-24-215-202
4376	255-70-122-242
4377	255-24-215-202
4378	255-24-215-202
4379	255-24-215-202
4380	255-70-122-242
4381	255-24-215-202
4382	255-222-62-8
4383	255-232-213-56
4384	255-128-254-83
4385	255-180-27-1
4386	255-24-215-202
4387	255-128-254-83
4388	255-24-215-202
4389	255-24-215-202
4390	255-24-215-202
4391	255-24-215-202
4392	255-24-215-202
4393	255-24-215-202
4394	255-53-243-148
4395	255-128-254-83
4396	255-70-122-242
4397	255-70-122-242
4398	255-128-254-83
4399	255-70-122-242
4400	255-70-122-242
4401	255-24-215-202
4402	255-24-215-202
4403	255-70-122-242
4404	255-70-122-242
4405	255-70-122-242
4406	255-70-122-242
4407	255-24-215-202
4408	255-24-215-202
4409	255-70-122-242
4410	255-24-215-202
4411	255-70-122-242
4412	255-70-122-242
4413	255-70-122-242
4414	255-24-215-202
4415	255-24-215-202
4416	255-232-213-56
4417	255-70-122-242
4418	255-70-122-242
4419	255-70-122-242
4420	255-24-215-202
4421	255-70-122-242
4422	255-24-215-202
4423	255-70-122-242
4424	255-70-122-242
4425	255-24-215-202
4426	255-24-215-202
4427	255-24-215-202
4428	255-24-215-202
4429	255-24-215-202
4430	255-24-215-202
4431	255-70-122-242
4432	255-24-215-202
4433	255-24-215-202
4434	255-24-215-202
4435	255-24-215-202
4436	255-24-215-202
4437	255-128-254-83
4438	255-24-215-202
4439	255-24-215-202
4440	255-24-215-202
4441	255-24-215-202
4442	255-24-215-202
4443	255-24-215-202
4444	255-24-215-202
4445	255-24-215-202
4446	255-24-215-202
4447	255-24-215-202
4448	255-24-215-202
4449	255-24-215-202
4450	255-24-215-202
4451	255-70-122-242
4452	255-24-215-202
4453	255-70-122-242
4454	255-24-215-202
4455	255-70-122-242
4456	255-70-122-242
4457	255-70-122-242
4458	255-70-122-242
4459	255-70-122-242
4460	255-70-122-242
4461	255-70-122-242
4462	255-232-213-56
4463	255-232-213-56
4464	255-70-122-242
4465	255-128-254-83
4466	255-128-254-83
4467	255-232-213-56
4468	255-70-122-242
4469	255-232-213-56
4470	255-70-122-242
4471	255-24-215-202
4472	255-70-122-242
4473	255-24-215-202
4474	255-70-122-242
4475	255-70-122-242
4476	255-70-122-242
4477	255-24-215-202
4478	255-24-215-202
4479	255-24-215-202
4480	255-222-62-8
4481	255-222-62-8
4482	255-70-122-242
4483	255-222-62-8
4484	255-24-215-202
4485	255-24-215-202
4486	255-222-62-8
4487	255-24-215-202
4488	255-24-215-202
4489	255-24-215-202
4490	255-70-122-242
4491	255-24-215-202
4492	255-24-215-202
4493	255-70-122-242
4494	255-70-122-242
4495	255-70-122-242
4496	255-70-122-242
4497	255-70-122-242
4498	255-70-122-242
4499	255-70-122-242
4500	255-232-213-56
4501	255-128-254-83
4502	255-128-254-83
4503	255-128-254-83
4504	255-24-215-202
4505	255-232-213-56
4506	255-24-215-202
4507	255-232-213-56
4508	255-128-254-83
4509	255-24-215-202
4510	255-128-254-83
4511	255-128-254-83
4512	255-128-254-83
4513	255-24-215-202
4514	255-128-254-83
4515	255-24-215-202
4516	255-24-215-202
4517	255-128-254-83
4518	255-24-215-202
4519	255-128-254-83
4520	255-24-215-202
4521	255-70-122-242
4522	255-70-122-242
4523	255-24-215-202
4524	255-70-122-242
4525	255-24-215-202
4526	255-70-122-242
4527	255-70-122-242
4528	255-24-215-202
4529	255-24-215-202
4530	255-24-215-202
4531	255-122-4-2
4532	255-70-122-242
4533	255-70-122-242
4534	255-128-254-83
4535	255-128-254-83
4536	255-70-122-242
4537	255-70-122-242
4538	255-128-254-83
4539	255-70-122-242
4540	255-70-122-242
4541	255-247-113-27
4542	255-122-4-2
4543	255-70-122-242
4544	255-24-215-202
4545	255-128-254-83
4546	255-247-113-27
4547	255-24-215-202
4548	255-24-215-202
4549	255-24-215-202
4550	255-24-215-202
4551	255-24-215-202
4552	255-24-215-202
4553	255-247-113-27
4554	255-24-215-202
4555	255-128-254-83
4556	255-128-254-83
4557	255-24-215-202
4558	255-24-215-202
4559	255-128-254-83
4560	255-24-215-202
4561	255-128-254-83
4562	255-24-215-202
4563	255-24-215-202
4564	255-70-122-242
4565	255-70-122-242
4566	255-24-215-202
4567	255-24-215-202
4568	255-70-122-242
4569	255-70-122-242
4570	255-70-122-242
4571	255-70-122-242
4572	255-128-254-83
4573	255-24-215-202
4574	255-24-215-202
4575	255-70-122-242
4576	255-232-213-56
4577	255-232-213-56
4578	255-128-254-83
4579	255-70-122-242
4580	255-24-215-202
4581	255-128-254-83
4582	255-70-122-242
4583	255-70-122-242
4584	255-247-113-27
4585	255-70-122-242
4586	255-70-122-242
4587	255-70-122-242
4588	255-128-254-83
4589	255-70-122-242
4590	255-70-122-242
4591	255-122-4-2
4592	255-128-254-83
4593	255-232-213-56
4594	255-232-213-56
4595	255-128-254-83
4596	255-232-213-56
4597	255-187-244-52
4598	255-128-254-83
4599	255-232-213-56
4600	255-187-244-52
4601	255-232-213-56
4602	255-187-244-52
4603	255-247-113-27
4604	255-232-213-56
4605	255-232-213-56
4606	255-232-213-56
4607	255-232-213-56
4608	255-232-213-56
4609	255-51-172-246
4610	255-232-213-56
4611	255-247-113-27
4612	255-24-215-202
4613	255-187-244-52
4614	255-232-213-56
4615	255-128-254-83
4616	255-128-254-83
4617	255-253-171-51
4618	255-24-215-202
4619	255-24-215-202
4620	255-128-254-83
4621	255-24-215-202
4622	255-24-215-202
4623	255-24-215-202
4624	255-24-215-202
4625	255-122-4-2
4626	255-128-254-83
4627	255-24-215-202
4628	255-24-215-202
4629	255-24-215-202
4630	255-122-4-2
4631	255-70-122-242
4632	255-70-122-242
4633	255-70-122-242
4634	255-70-122-242
4635	255-24-215-202
4636	255-24-215-202
4637	255-70-122-242
4638	255-70-122-242
4639	255-24-215-202
4640	255-24-215-202
4641	255-24-215-202
4642	255-24-215-202
4643	255-70-122-242
4644	255-24-215-202
4645	255-24-215-202
4646	255-24-215-202
4647	255-222-62-8
4648	255-222-62-8
4649	255-222-62-8
4650	255-232-213-56
4651	255-128-254-83
4652	255-128-254-83
4653	255-24-215-202
4654	255-24-215-202
4655	255-24-215-202
4656	255-24-215-202
4657	255-24-215-202
4658	255-128-254-83
4659	255-24-215-202
4660	255-24-215-202
4661	255-24-215-202
4662	255-24-215-202
4663	255-24-215-202
4664	255-24-215-202
4665	255-24-215-202
4666	255-24-215-202
4667	255-232-213-56
4668	255-24-215-202
4669	255-24-215-202
4670	255-232-213-56
4671	255-24-215-202
4672	255-53-243-148
4673	255-187-244-52
4674	255-128-254-83
4675	255-53-243-148
4676	255-51-172-246
4677	255-53-243-148
4678	255-53-243-148
4679	255-24-215-202
4680	255-128-254-83
4681	255-128-254-83
4682	255-128-254-83
4683	255-232-213-56
4684	255-232-213-56
4685	255-24-215-202
4686	255-232-213-56
4687	255-24-215-202
4688	255-24-215-202
4689	255-24-215-202
4690	255-70-122-242
4691	255-24-215-202
4692	255-24-215-202
4693	255-24-215-202
4694	255-24-215-202
4695	255-128-254-83
4696	255-24-215-202
4697	255-24-215-202
4698	255-24-215-202
4699	255-24-215-202
4700	255-24-215-202
4701	255-24-215-202
4702	255-24-215-202
4703	255-24-215-202
4704	255-24-215-202
4705	255-24-215-202
4706	255-70-122-242
4707	255-24-215-202
4708	255-70-122-242
4709	255-24-215-202
4710	255-24-215-202
4711	255-24-215-202
4712	255-24-215-202
4713	255-24-215-202
4714	255-70-122-242
4715	255-70-122-242
4716	255-222-62-8
4717	255-222-62-8
4718	255-128-254-83
4719	255-128-254-83
4720	255-128-254-83
4721	255-128-254-83
4722	255-24-215-202
4723	255-24-215-202
4724	255-70-122-242
4725	255-70-122-242
4726	255-70-122-242
4727	255-232-213-56
4728	255-128-254-83
4729	255-128-254-83
4730	255-70-122-242
4731	255-24-215-202
4732	255-24-215-202
4733	255-24-215-202
4734	255-24-215-202
4735	255-24-215-202
4736	255-70-122-242
4737	255-180-27-1
4738	255-24-215-202
4739	255-70-122-242
4740	255-24-215-202
4741	255-70-122-242
4742	255-70-122-242
4743	255-24-215-202
4744	255-24-215-202
4745	255-24-215-202
4746	255-24-215-202
4747	255-24-215-202
4748	255-24-215-202
4749	255-24-215-202
4750	255-24-215-202
4751	255-24-215-202
4752	255-24-215-202
4753	255-24-215-202
4754	255-24-215-202
4755	255-24-215-202
4756	255-24-215-202
4757	255-24-215-202
4758	255-24-215-202
4759	255-24-215-202
4760	255-24-215-202
4761	255-24-215-202
4762	255-24-215-202
4763	255-70-122-242
4764	255-53-243-148
4765	255-70-122-242
4766	255-24-215-202
4767	255-24-215-202
4768	255-24-215-202
4769	255-24-215-202
4770	255-70-122-242
4771	255-24-215-202
4772	255-24-215-202
4773	255-24-215-202
4774	255-24-215-202
4775	255-70-122-242
4776	255-24-215-202
4777	255-70-122-242
4778	255-24-215-202
4779	255-70-122-242
4780	255-70-122-242
4781	255-70-122-242
4782	255-24-215-202
4783	255-70-122-242
4784	255-70-122-242
4785	255-232-213-56
4786	255-232-213-56
4787	255-24-215-202
4788	255-24-215-202
4789	255-70-122-242
4790	255-232-213-56
4791	255-70-122-242
4792	255-70-122-242
4793	255-24-215-202
4794	255-70-122-242
4795	255-24-215-202
4796	255-222-62-8
4797	255-24-215-202
4798	255-24-215-202
4799	255-24-215-202
4800	255-24-215-202
4801	255-232-213-56
4802	255-24-215-202
4803	255-24-215-202
4804	255-70-122-242
4805	255-24-215-202
4806	255-24-215-202
4807	255-24-215-202
4808	255-70-122-242
4809	255-24-215-202
4810	255-70-122-242
4811	255-24-215-202
4812	255-232-213-56
4813	255-70-122-242
4814	255-70-122-242
4815	255-24-215-202
4816	255-24-215-202
4817	255-232-213-56
4818	255-24-215-202
4819	255-70-122-242
4820	255-232-213-56
4821	255-232-213-56
4822	255-24-215-202
4823	255-70-122-242
4824	255-128-254-83
4825	255-128-254-83
4826	255-128-254-83
4827	255-128-254-83
4828	255-70-122-242
4829	255-24-215-202
4830	255-24-215-202
4831	255-24-215-202
4832	255-24-215-202
4833	255-24-215-202
4834	255-24-215-202
4835	255-24-215-202
4836	255-24-215-202
4837	255-24-215-202
4838	255-70-122-242
4839	255-70-122-242
4840	255-24-215-202
4841	255-24-215-202
4842	255-70-122-242
4843	255-24-215-202
4844	255-24-215-202
4845	255-24-215-202
4846	255-24-215-202
4847	255-70-122-242
4848	255-70-122-242
4849	255-70-122-242
4850	255-232-213-56
4851	255-232-213-56
4852	255-70-122-242
4853	255-70-122-242
4854	255-70-122-242
4855	255-128-254-83
4856	255-24-215-202
4857	255-128-254-83
4858	255-232-213-56
4859	255-232-213-56
4860	255-247-113-27
4861	255-232-213-56
4862	255-187-244-52
4863	255-24-215-202
4864	255-24-215-202
4865	255-24-215-202
4866	255-24-215-202
4867	255-24-215-202
4868	255-24-215-202
4869	255-128-254-83
4870	255-24-215-202
4871	255-70-122-242
4872	255-24-215-202
4873	255-247-113-27
4874	255-128-254-83
4875	255-128-254-83
4876	255-232-213-56
4877	255-232-213-56
4878	255-232-213-56
4880	255-70-122-242
4881	255-24-215-202
4882	255-70-122-242
4883	255-70-122-242
4884	255-24-215-202
4885	255-70-122-242
4886	255-70-122-242
4887	255-24-215-202
4888	255-70-122-242
4889	255-70-122-242
4890	255-70-122-242
4891	255-70-122-242
4892	255-24-215-202
4893	255-232-213-56
4894	255-70-122-242
4895	255-128-254-83
4896	255-70-122-242
4897	255-232-213-56
4898	255-53-243-148
4899	255-232-213-56
4900	255-232-213-56
4901	255-128-254-83
4902	255-232-213-56
4903	255-232-213-56
4904	255-232-213-56
4905	255-232-213-56
4906	255-247-113-27
4907	255-187-244-52
4908	255-232-213-56
4909	255-232-213-56
4910	255-232-213-56
4911	255-128-254-83
4912	255-232-213-56
4913	255-53-243-148
4914	255-247-113-27
4915	255-187-244-52
4916	255-53-243-148
4917	255-128-254-83
4918	255-128-254-83
4919	255-232-213-56
4920	255-128-254-83
4921	255-128-254-83
4922	255-24-215-202
4923	255-24-215-202
4924	255-24-215-202
4925	255-24-215-202
4926	255-24-215-202
4927	255-187-244-52
4928	255-247-113-27
4929	255-128-254-83
4930	255-128-254-83
4931	255-24-215-202
4932	255-24-215-202
4933	255-53-243-148
4934	255-70-122-242
4935	255-24-215-202
4936	255-70-122-242
4937	255-70-122-242
4938	255-24-215-202
4939	255-70-122-242
4940	255-24-215-202
4941	255-24-215-202
4942	255-24-215-202
4943	255-70-122-242
4944	255-70-122-242
4945	255-70-122-242
4946	255-70-122-242
4947	255-222-62-8
4948	255-232-213-56
4949	255-70-122-242
4950	255-24-215-202
4951	255-24-215-202
4952	255-128-254-83
4953	255-24-215-202
4954	255-24-215-202
4955	255-24-215-202
4956	255-232-213-56
4957	255-128-254-83
4958	255-247-113-27
4959	255-247-113-27
4960	255-232-213-56
4961	255-24-215-202
4962	255-247-113-27
4963	255-232-213-56
4964	255-232-213-56
4965	255-247-113-27
4966	255-232-213-56
4967	255-187-244-52
4968	255-232-213-56
4969	255-232-213-56
4970	255-232-213-56
4971	255-187-244-52
4972	255-232-213-56
4973	255-128-254-83
4974	255-247-113-27
4975	255-128-254-83
4976	255-53-243-148
4977	255-253-171-51
4978	255-53-243-148
4979	255-24-215-202
4980	255-232-213-56
4981	255-24-215-202
4982	255-232-213-56
4983	255-232-213-56
4984	255-24-215-202
4985	255-24-215-202
4986	255-24-215-202
4987	255-24-215-202
4988	255-24-215-202
4989	255-24-215-202
4990	255-122-4-2
4991	255-128-254-83
4992	255-70-122-242
4993	255-24-215-202
4994	255-24-215-202
4995	255-70-122-242
4996	255-70-122-242
4997	255-24-215-202
4998	255-70-122-242
4999	255-70-122-242
5000	255-70-122-242
5001	255-24-215-202
5002	255-70-122-242
5003	255-24-215-202
5004	255-70-122-242
5005	255-24-215-202
5006	255-70-122-242
5007	255-24-215-202
5008	255-24-215-202
5009	255-222-62-8
5010	255-24-215-202
5011	255-24-215-202
5012	255-128-254-83
5013	255-128-254-83
5014	255-128-254-83
5015	255-24-215-202
5016	255-24-215-202
5017	255-128-254-83
5018	255-24-215-202
5019	255-24-215-202
5020	255-24-215-202
5021	255-222-62-8
5022	255-24-215-202
5023	255-222-62-8
5024	255-187-244-52
5025	255-222-62-8
5026	255-24-215-202
5027	255-70-122-242
5028	255-24-215-202
5029	255-24-215-202
5030	255-70-122-242
5031	255-24-215-202
5032	255-70-122-242
5033	255-24-215-202
5034	255-247-113-27
5035	255-24-215-202
5036	255-24-215-202
5037	255-70-122-242
5038	255-70-122-242
5039	255-70-122-242
5040	255-70-122-242
5041	255-24-215-202
5042	255-70-122-242
5043	255-70-122-242
5044	255-70-122-242
5045	255-70-122-242
5046	255-24-215-202
5047	255-24-215-202
5048	255-24-215-202
5049	255-24-215-202
5050	255-70-122-242
5051	255-70-122-242
5052	255-24-215-202
5053	255-24-215-202
5054	255-70-122-242
5055	255-53-243-148
5056	255-70-122-242
5057	255-24-215-202
5058	255-24-215-202
5059	255-24-215-202
5060	255-24-215-202
5061	255-24-215-202
5062	255-24-215-202
5063	255-24-215-202
5064	255-24-215-202
5065	255-70-122-242
5066	255-70-122-242
5067	255-70-122-242
5068	255-24-215-202
5069	255-70-122-242
5070	255-70-122-242
5071	255-70-122-242
5072	255-70-122-242
5073	255-222-62-8
5074	255-24-215-202
5075	255-70-122-242
5076	255-222-62-8
5077	255-70-122-242
5078	255-70-122-242
5079	255-70-122-242
5080	255-70-122-242
5081	255-222-62-8
5082	255-70-122-242
5083	255-24-215-202
5084	255-24-215-202
5085	255-70-122-242
5086	255-232-213-56
5087	255-232-213-56
5088	255-232-213-56
5089	255-232-213-56
5090	255-70-122-242
5091	255-232-213-56
5092	255-232-213-56
5093	255-232-213-56
5094	255-128-254-83
5095	255-128-254-83
5096	255-128-254-83
5097	255-24-215-202
5098	255-24-215-202
5099	255-24-215-202
5100	255-24-215-202
5101	255-24-215-202
5102	255-24-215-202
5103	255-24-215-202
5104	255-24-215-202
5105	255-24-215-202
5106	255-24-215-202
5107	255-24-215-202
5108	255-70-122-242
5109	255-70-122-242
5110	255-24-215-202
5111	255-24-215-202
5112	255-70-122-242
5113	255-247-113-27
5114	255-24-215-202
5115	255-70-122-242
5116	255-70-122-242
5117	255-70-122-242
5118	255-70-122-242
5119	255-24-215-202
5120	255-24-215-202
5121	255-24-215-202
5122	255-122-4-2
5123	255-232-213-56
5124	255-24-215-202
5125	255-232-213-56
5126	255-232-213-56
5127	255-232-213-56
5128	255-232-213-56
5129	255-128-254-83
5130	255-24-215-202
5131	255-24-215-202
5132	255-24-215-202
5133	255-24-215-202
5134	255-24-215-202
5135	255-24-215-202
5136	255-24-215-202
5137	255-24-215-202
5138	255-24-215-202
5139	255-70-122-242
5140	255-24-215-202
5141	255-24-215-202
5142	255-24-215-202
5143	255-70-122-242
5144	255-70-122-242
5145	255-24-215-202
5146	255-24-215-202
5147	255-24-215-202
5148	255-24-215-202
5149	255-24-215-202
5150	255-70-122-242
5151	255-24-215-202
5152	255-70-122-242
5153	255-24-215-202
5154	255-70-122-242
5155	255-70-122-242
5156	255-70-122-242
5157	255-70-122-242
5158	255-70-122-242
5159	255-70-122-242
5160	255-70-122-242
5161	255-232-213-56
5162	255-24-215-202
5163	255-232-213-56
5164	255-128-254-83
5165	255-128-254-83
5166	255-24-215-202
5167	255-70-122-242
5168	255-232-213-56
5169	255-128-254-83
5170	255-24-215-202
5171	255-24-215-202
5172	255-128-254-83
5173	255-24-215-202
5174	255-24-215-202
5175	255-232-213-56
5176	255-24-215-202
5177	255-232-213-56
5178	255-24-215-202
5179	255-24-215-202
5180	255-53-243-148
5181	255-70-122-242
5182	255-24-215-202
5183	255-70-122-242
5184	255-70-122-242
5185	255-70-122-242
5186	255-70-122-242
5187	255-70-122-242
5188	255-24-215-202
5189	255-24-215-202
5190	255-70-122-242
5191	255-70-122-242
5192	255-24-215-202
5193	255-232-213-56
5194	255-70-122-242
5195	255-232-213-56
5196	255-232-213-56
5197	255-232-213-56
5198	255-232-213-56
5199	255-187-244-52
5200	255-232-213-56
5201	255-232-213-56
5202	255-232-213-56
5203	255-70-122-242
5204	255-232-213-56
5205	255-247-113-27
5206	255-232-213-56
5207	255-24-215-202
5208	255-24-215-202
5209	255-24-215-202
5210	255-24-215-202
5211	255-24-215-202
5212	255-24-215-202
5213	255-70-122-242
5214	255-232-213-56
5215	255-70-122-242
5216	255-70-122-242
5217	255-128-254-83
5218	255-70-122-242
5219	255-24-215-202
5220	255-70-122-242
5221	255-222-62-8
5222	255-24-215-202
5223	255-24-215-202
5224	255-70-122-242
5225	255-24-215-202
5226	255-24-215-202
5227	255-24-215-202
5228	255-24-215-202
5229	255-128-254-83
5230	255-232-213-56
5231	255-24-215-202
5232	255-24-215-202
5233	255-122-4-2
5234	255-70-122-242
5235	255-24-215-202
5236	255-24-215-202
5237	255-232-213-56
5238	255-128-254-83
5239	255-232-213-56
5240	255-232-213-56
5241	255-232-213-56
5242	255-247-113-27
5243	255-232-213-56
5244	255-247-113-27
5245	255-232-213-56
5246	255-247-113-27
5247	255-24-215-202
5248	255-232-213-56
5249	255-232-213-56
5250	255-24-215-202
5251	255-24-215-202
5252	255-24-215-202
5253	255-24-215-202
5255	255-70-122-242
5256	255-70-122-242
5257	255-24-215-202
5258	255-128-254-83
5259	255-53-243-148
5260	255-53-243-148
5261	255-70-122-242
5262	255-24-215-202
5263	255-70-122-242
5264	255-70-122-242
5265	255-70-122-242
5266	255-53-243-148
5267	255-24-215-202
5268	255-24-215-202
5269	255-70-122-242
5270	255-24-215-202
5271	255-70-122-242
5272	255-70-122-242
5273	255-70-122-242
5274	255-70-122-242
5275	255-24-215-202
5276	255-70-122-242
5277	255-70-122-242
5278	255-70-122-242
5279	255-222-62-8
5280	255-53-243-148
5281	255-70-122-242
5282	255-232-213-56
5283	255-232-213-56
5284	255-24-215-202
5285	255-24-215-202
5286	255-70-122-242
5287	255-247-113-27
5288	255-24-215-202
5289	255-24-215-202
5290	255-24-215-202
5291	255-24-215-202
5292	255-70-122-242
5293	255-70-122-242
5294	255-24-215-202
5295	255-70-122-242
5296	255-70-122-242
5297	255-70-122-242
5298	255-70-122-242
5299	255-70-122-242
5300	255-70-122-242
5301	255-70-122-242
5302	255-70-122-242
5303	255-122-4-2
5304	255-70-122-242
5305	255-70-122-242
5306	255-70-122-242
5307	255-70-122-242
5308	255-70-122-242
5309	255-70-122-242
5310	255-24-215-202
5311	255-24-215-202
5312	255-24-215-202
5313	255-53-243-148
5314	255-24-215-202
5315	255-70-122-242
5316	255-70-122-242
5317	255-24-215-202
5318	255-70-122-242
5319	255-70-122-242
5320	255-24-215-202
5321	255-24-215-202
5322	255-70-122-242
5323	255-70-122-242
5324	255-70-122-242
5325	255-70-122-242
5326	255-70-122-242
5327	255-70-122-242
5328	255-24-215-202
5329	255-24-215-202
5330	255-70-122-242
5331	255-70-122-242
5332	255-24-215-202
5333	255-70-122-242
5334	255-24-215-202
5335	255-24-215-202
5336	255-222-62-8
5337	255-53-243-148
5338	255-128-254-83
5339	255-128-254-83
5340	255-232-213-56
5341	255-53-243-148
5342	255-122-4-2
5343	255-128-254-83
5344	255-128-254-83
5345	255-122-4-2
5346	255-232-213-56
5347	255-232-213-56
5348	255-232-213-56
5349	255-232-213-56
5350	255-232-213-56
5351	255-232-213-56
5352	255-232-213-56
5353	255-232-213-56
5354	255-232-213-56
5355	255-232-213-56
5356	255-232-213-56
5357	255-128-254-83
5358	255-128-254-83
5359	255-187-244-52
5360	255-70-122-242
5361	255-232-213-56
5362	255-24-215-202
5363	255-51-172-246
5364	255-24-215-202
5365	255-24-215-202
5366	255-24-215-202
5367	255-24-215-202
5368	255-24-215-202
5369	255-24-215-202
5370	255-70-122-242
5371	255-24-215-202
5372	255-24-215-202
5373	255-24-215-202
5374	255-24-215-202
5375	255-70-122-242
5376	255-24-215-202
5377	255-53-243-148
5378	255-24-215-202
5379	255-24-215-202
5380	255-128-254-83
5381	255-128-254-83
5382	255-70-122-242
5383	255-128-254-83
5384	255-53-243-148
5385	255-128-254-83
5386	255-128-254-83
5387	255-128-254-83
5388	255-247-113-27
5389	255-24-215-202
5390	255-232-213-56
5391	255-232-213-56
5392	255-128-254-83
5393	255-128-254-83
5394	255-232-213-56
5395	255-128-254-83
5396	255-70-122-242
5397	255-232-213-56
5398	255-128-254-83
5399	255-232-213-56
5400	255-24-215-202
5401	255-128-254-83
5402	255-24-215-202
5403	255-24-215-202
5404	255-24-215-202
5405	255-51-172-246
5406	255-24-215-202
5407	255-24-215-202
5408	255-24-215-202
5409	255-24-215-202
5410	255-24-215-202
5411	255-51-172-246
5412	255-24-215-202
5413	255-24-215-202
5414	255-24-215-202
5415	255-24-215-202
5416	255-70-122-242
5417	255-24-215-202
5418	255-24-215-202
5419	255-70-122-242
5420	255-24-215-202
5421	255-70-122-242
5422	255-24-215-202
5423	255-24-215-202
5424	255-70-122-242
5425	255-24-215-202
5426	255-70-122-242
5427	255-24-215-202
5428	255-24-215-202
5429	255-70-122-242
5430	255-24-215-202
5431	255-70-122-242
5432	255-24-215-202
5433	255-128-254-83
5434	255-128-254-83
5435	255-24-215-202
5436	255-24-215-202
5437	255-128-254-83
5438	255-232-213-56
5439	255-24-215-202
5440	255-247-113-27
5441	255-24-215-202
5442	255-128-254-83
5443	255-24-215-202
5444	255-128-254-83
5445	255-247-113-27
5446	255-51-172-246
5447	255-24-215-202
5448	255-24-215-202
5449	255-128-254-83
5450	255-24-215-202
5451	255-53-243-148
5452	255-24-215-202
5453	255-70-122-242
5454	255-24-215-202
5455	255-70-122-242
5456	255-70-122-242
5457	255-24-215-202
5458	255-122-4-2
5459	255-53-243-148
5460	255-24-215-202
5461	255-122-4-2
5462	255-70-122-242
5463	255-24-215-202
5464	255-24-215-202
5465	255-232-213-56
5466	255-232-213-56
5467	255-232-213-56
5468	255-232-213-56
5469	255-232-213-56
5470	255-128-254-83
5471	255-232-213-56
5472	255-232-213-56
5473	255-247-113-27
5474	255-232-213-56
5475	255-232-213-56
5476	255-53-243-148
5477	255-24-215-202
5478	255-24-215-202
5479	255-24-215-202
5480	255-122-4-2
5481	255-24-215-202
5482	255-24-215-202
5483	255-70-122-242
5484	255-128-254-83
5485	255-70-122-242
5486	255-232-213-56
5487	255-128-254-83
5488	255-128-254-83
5489	255-70-122-242
5490	255-53-243-148
5491	255-128-254-83
5492	255-128-254-83
5493	255-128-254-83
5494	255-128-254-83
5495	255-70-122-242
5496	255-70-122-242
5497	255-24-215-202
5498	255-232-213-56
5499	255-70-122-242
5500	255-128-254-83
5501	255-128-254-83
5502	255-128-254-83
5503	255-24-215-202
5504	255-24-215-202
5505	255-24-215-202
5506	255-24-215-202
5507	255-24-215-202
5508	255-247-113-27
5509	255-232-213-56
5510	255-232-213-56
5511	255-24-215-202
5512	255-70-122-242
5513	255-24-215-202
5514	255-24-215-202
5515	255-24-215-202
5516	255-24-215-202
5517	255-70-122-242
5518	255-70-122-242
5519	255-232-213-56
5520	255-128-254-83
5521	255-122-4-2
5522	255-70-122-242
5523	255-70-122-242
5524	255-70-122-242
5525	255-24-215-202
5526	255-222-62-8
5527	255-70-122-242
5528	255-232-213-56
5529	255-232-213-56
5530	255-24-215-202
5531	255-24-215-202
5532	255-24-215-202
5533	255-232-213-56
5534	255-128-254-83
5535	255-53-243-148
5536	255-232-213-56
5537	255-232-213-56
5538	255-232-213-56
5539	255-128-254-83
5540	255-232-213-56
5541	255-128-254-83
5542	255-24-215-202
5543	255-24-215-202
5544	255-232-213-56
5545	255-24-215-202
5546	255-24-215-202
5547	255-53-243-148
5548	255-24-215-202
5549	255-232-213-56
5550	255-24-215-202
5551	255-24-215-202
5552	255-24-215-202
5553	255-24-215-202
5554	255-70-122-242
5555	255-70-122-242
5556	255-70-122-242
5557	255-70-122-242
5558	255-70-122-242
5559	255-70-122-242
5560	255-70-122-242
5561	255-70-122-242
5562	255-53-243-148
5563	255-70-122-242
5564	255-70-122-242
5565	255-70-122-242
5566	255-70-122-242
5567	255-70-122-242
5568	255-70-122-242
5569	255-70-122-242
5570	255-128-254-83
5571	255-232-213-56
5572	255-128-254-83
5573	255-70-122-242
5574	255-222-62-8
5575	255-128-254-83
5576	255-128-254-83
5577	255-53-243-148
5578	255-24-215-202
5579	255-24-215-202
5580	255-128-254-83
5581	255-53-243-148
5582	255-53-243-148
5583	255-128-254-83
5584	255-232-213-56
5585	255-53-243-148
5586	255-128-254-83
5587	255-232-213-56
5588	255-24-215-202
5589	255-232-213-56
5590	255-24-215-202
5591	255-24-215-202
5592	255-232-213-56
5593	255-128-254-83
5594	255-24-215-202
5595	255-51-172-246
5596	255-51-172-246
5597	255-24-215-202
5598	255-51-172-246
5599	255-24-215-202
5600	255-24-215-202
5601	255-24-215-202
5602	255-51-172-246
5603	255-24-215-202
5604	255-24-215-202
5605	255-24-215-202
5606	255-24-215-202
5607	255-24-215-202
5608	255-24-215-202
5609	255-24-215-202
5610	255-24-215-202
5611	255-24-215-202
5612	255-24-215-202
5613	255-51-172-246
5614	255-24-215-202
5615	255-24-215-202
5616	255-24-215-202
5617	255-24-215-202
5618	255-24-215-202
5619	255-24-215-202
5620	255-70-122-242
5621	255-128-254-83
5622	255-53-243-148
5623	255-128-254-83
5624	255-128-254-83
5625	255-232-213-56
5626	255-232-213-56
5627	255-24-215-202
5628	255-232-213-56
5629	255-232-213-56
5630	255-232-213-56
5631	255-53-243-148
5632	255-128-254-83
5633	255-70-122-242
5634	255-128-254-83
5635	255-128-254-83
5636	255-128-254-83
5637	255-24-215-202
5638	255-232-213-56
5639	255-24-215-202
5640	255-24-215-202
5641	255-24-215-202
5642	255-51-172-246
5643	255-24-215-202
5644	255-24-215-202
5645	255-24-215-202
5646	255-24-215-202
5647	255-24-215-202
5648	255-24-215-202
5649	255-24-215-202
5650	255-24-215-202
5651	255-24-215-202
5652	255-24-215-202
5653	255-24-215-202
5654	255-53-243-148
5655	255-122-4-2
5656	255-53-243-148
5657	255-24-215-202
5658	255-70-122-242
5659	255-24-215-202
5660	255-24-215-202
5661	255-70-122-242
5662	255-24-215-202
5663	255-24-215-202
5664	255-24-215-202
5665	255-24-215-202
5666	255-24-215-202
5667	255-128-254-83
5668	255-128-254-83
5669	255-24-215-202
5670	255-24-215-202
5671	255-128-254-83
5672	255-247-113-27
5673	255-24-215-202
5674	255-128-254-83
5675	255-53-243-148
5676	255-24-215-202
5677	255-51-172-246
5678	255-24-215-202
5679	255-24-215-202
5680	255-24-215-202
5681	255-128-254-83
5682	255-24-215-202
5683	255-24-215-202
5684	255-128-254-83
5685	255-24-215-202
5686	255-24-215-202
5687	255-70-122-242
5688	255-24-215-202
5689	255-24-215-202
5690	255-232-213-56
5691	255-232-213-56
5692	255-24-215-202
5693	255-232-213-56
5694	255-232-213-56
5695	255-247-113-27
5696	255-232-213-56
5697	255-247-113-27
5698	255-232-213-56
5699	255-232-213-56
5700	255-247-113-27
5701	255-232-213-56
5702	255-128-254-83
5703	255-247-113-27
5704	255-70-122-242
5705	255-128-254-83
5706	255-247-113-27
5707	255-247-113-27
5708	255-247-113-27
5709	255-24-215-202
5710	255-24-215-202
5711	255-24-215-202
5712	255-24-215-202
5713	255-24-215-202
5714	255-53-243-148
5715	255-232-213-56
5716	255-232-213-56
5717	255-128-254-83
5718	255-128-254-83
5719	255-128-254-83
5720	255-232-213-56
5721	255-53-243-148
5722	255-53-243-148
5723	255-122-4-2
5724	255-53-243-148
5725	255-232-213-56
5726	255-53-243-148
5727	255-70-122-242
5728	255-128-254-83
5729	255-128-254-83
5730	255-128-254-83
5731	255-232-213-56
5732	255-24-215-202
5733	255-128-254-83
5734	255-70-122-242
5735	255-70-122-242
5736	255-232-213-56
5737	255-24-215-202
5738	255-24-215-202
5739	255-24-215-202
5740	255-232-213-56
5741	255-187-244-52
5742	255-24-215-202
5743	255-232-213-56
5744	255-232-213-56
5745	255-232-213-56
5746	255-232-213-56
5747	255-232-213-56
5748	255-232-213-56
5749	255-247-113-27
5750	255-247-113-27
5751	255-187-244-52
5752	255-128-254-83
5753	255-232-213-56
5754	255-70-122-242
5755	255-128-254-83
5756	255-232-213-56
5757	255-247-113-27
5758	255-128-254-83
5759	255-24-215-202
5760	255-24-215-202
5761	255-24-215-202
5762	255-53-243-148
5763	255-128-254-83
5764	255-222-62-8
5765	255-70-122-242
5766	255-53-243-148
5767	255-128-254-83
5768	255-232-213-56
5769	255-24-215-202
5770	255-232-213-56
5771	255-128-254-83
5772	255-128-254-83
5773	255-232-213-56
5774	255-232-213-56
5775	255-232-213-56
5776	255-232-213-56
5777	255-232-213-56
5778	255-232-213-56
5779	255-128-254-83
5780	255-128-254-83
5781	255-128-254-83
5782	255-24-215-202
5783	255-24-215-202
5784	255-24-215-202
5785	255-24-215-202
5786	255-247-113-27
5787	255-24-215-202
5788	255-128-254-83
5789	255-24-215-202
5790	255-24-215-202
5791	255-24-215-202
5792	255-24-215-202
5793	255-24-215-202
5794	255-232-213-56
5795	255-128-254-83
5796	255-53-243-148
5797	255-24-215-202
5798	255-128-254-83
5799	255-70-122-242
5800	255-128-254-83
5801	255-70-122-242
5802	255-128-254-83
5803	255-232-213-56
5804	255-53-243-148
5805	255-70-122-242
5806	255-70-122-242
5807	255-232-213-56
5808	255-70-122-242
5809	255-128-254-83
5810	255-24-215-202
5811	255-53-243-148
5812	255-128-254-83
5813	255-53-243-148
5814	255-128-254-83
5815	255-53-243-148
5816	255-24-215-202
5817	255-232-213-56
5818	255-24-215-202
5819	255-128-254-83
5820	255-24-215-202
5821	255-232-213-56
5822	255-247-113-27
5823	255-24-215-202
5824	255-128-254-83
5825	255-232-213-56
5826	255-128-254-83
5827	255-24-215-202
5828	255-128-254-83
5829	255-128-254-83
5830	255-128-254-83
5831	255-128-254-83
5832	255-128-254-83
5833	255-247-113-27
5834	255-232-213-56
5835	255-24-215-202
5836	255-24-215-202
5837	255-24-215-202
5838	255-70-122-242
5839	255-24-215-202
5840	255-24-215-202
5841	255-24-215-202
5842	255-24-215-202
5843	255-24-215-202
5844	255-24-215-202
5845	255-51-172-246
5846	255-24-215-202
5847	255-24-215-202
5848	255-24-215-202
5849	255-24-215-202
5850	255-24-215-202
5851	255-24-215-202
5852	255-51-172-246
5853	255-24-215-202
5854	255-24-215-202
5855	255-24-215-202
5856	255-24-215-202
5857	255-128-254-83
5858	255-70-122-242
5859	255-24-215-202
5860	255-24-215-202
5861	255-70-122-242
5862	255-70-122-242
5863	255-53-243-148
5864	255-24-215-202
5865	255-70-122-242
5866	255-128-254-83
5867	255-128-254-83
5868	255-128-254-83
5869	255-232-213-56
5870	255-128-254-83
5871	255-128-254-83
5872	255-128-254-83
5873	255-24-215-202
5874	255-128-254-83
5875	255-232-213-56
5876	255-24-215-202
5877	255-24-215-202
5878	255-128-254-83
5879	255-24-215-202
5880	255-128-254-83
5881	255-24-215-202
5882	255-53-243-148
5883	255-128-254-83
5884	255-128-254-83
5885	255-128-254-83
5886	255-24-215-202
5887	255-128-254-83
5888	255-70-122-242
5889	255-70-122-242
5890	255-24-215-202
5891	255-24-215-202
5892	255-24-215-202
5893	255-24-215-202
5894	255-24-215-202
5895	255-24-215-202
5896	255-24-215-202
5897	255-24-215-202
5898	255-24-215-202
5899	255-24-215-202
5900	255-70-122-242
5901	255-24-215-202
5902	255-70-122-242
5903	255-24-215-202
5904	255-24-215-202
5905	255-70-122-242
5906	255-24-215-202
5907	255-24-215-202
5908	255-24-215-202
5909	255-24-215-202
5910	255-24-215-202
5911	255-24-215-202
5912	255-70-122-242
5913	255-24-215-202
5914	255-128-254-83
5915	255-128-254-83
5916	255-128-254-83
5917	255-24-215-202
5918	255-128-254-83
5919	255-247-113-27
5920	255-24-215-202
5921	255-247-113-27
5922	255-24-215-202
5923	255-70-122-242
5924	255-24-215-202
5925	255-24-215-202
5926	255-24-215-202
5927	255-24-215-202
5928	255-24-215-202
5929	255-128-254-83
5930	255-128-254-83
5931	255-24-215-202
5932	255-53-243-148
5933	255-128-254-83
5934	255-53-243-148
5935	255-24-215-202
5936	255-70-122-242
5937	255-70-122-242
5938	255-24-215-202
5939	255-24-215-202
5940	255-53-243-148
5941	255-24-215-202
5942	255-24-215-202
5943	255-247-113-27
5944	255-24-215-202
5945	255-24-215-202
5946	255-70-122-242
5947	255-24-215-202
5948	255-232-213-56
5949	255-232-213-56
5950	255-232-213-56
5951	255-24-215-202
5952	255-232-213-56
5953	255-232-213-56
5954	255-232-213-56
5955	255-232-213-56
5956	255-232-213-56
5957	255-24-215-202
5958	255-232-213-56
5959	255-232-213-56
5960	255-247-113-27
5961	255-247-113-27
5962	255-247-113-27
5963	255-24-215-202
5964	255-247-113-27
5965	255-247-113-27
5966	255-24-215-202
5967	255-24-215-202
5968	255-128-254-83
5969	255-232-213-56
5970	255-128-254-83
5971	255-232-213-56
5972	255-53-243-148
5973	255-24-215-202
5974	255-53-243-148
5975	255-24-215-202
5976	255-128-254-83
5977	255-128-254-83
5978	255-53-243-148
5979	255-53-243-148
5980	255-53-243-148
5981	255-128-254-83
5982	255-232-213-56
5983	255-232-213-56
5984	255-232-213-56
5985	255-70-122-242
5986	255-128-254-83
5987	255-24-215-202
5988	255-24-215-202
5989	255-24-215-202
5990	255-24-215-202
5991	255-247-113-27
5992	255-232-213-56
5993	255-24-215-202
5994	255-187-244-52
5995	255-24-215-202
5996	255-247-113-27
5997	255-247-113-27
5998	255-232-213-56
5999	255-247-113-27
6000	255-232-213-56
6001	255-232-213-56
6002	255-232-213-56
6003	255-232-213-56
6004	255-232-213-56
6005	255-232-213-56
6006	255-128-254-83
6007	255-128-254-83
6008	255-128-254-83
6009	255-128-254-83
6010	255-247-113-27
6011	255-128-254-83
6012	255-232-213-56
6013	255-232-213-56
6014	255-24-215-202
6015	255-128-254-83
6016	255-70-122-242
6017	255-70-122-242
6018	255-70-122-242
6019	255-70-122-242
6020	255-70-122-242
6021	255-70-122-242
6022	255-232-213-56
6023	255-232-213-56
6024	255-128-254-83
6025	255-53-243-148
6026	255-232-213-56
6027	255-232-213-56
6028	255-232-213-56
6029	255-24-215-202
6030	255-232-213-56
6031	255-232-213-56
6032	255-70-122-242
6033	255-24-215-202
6034	255-24-215-202
6035	255-128-254-83
6036	255-128-254-83
6037	255-122-4-2
6038	255-232-213-56
6039	255-24-215-202
6040	255-232-213-56
6041	255-24-215-202
6042	255-232-213-56
6043	255-247-113-27
6044	255-24-215-202
6045	255-247-113-27
6046	255-187-244-52
6047	255-24-215-202
6048	255-24-215-202
6049	255-24-215-202
6050	255-70-122-242
6051	255-70-122-242
6052	255-70-122-242
6053	255-232-213-56
6054	255-70-122-242
6055	255-232-213-56
6056	255-53-243-148
6057	255-24-215-202
6058	255-53-243-148
6059	255-128-254-83
6060	255-128-254-83
6061	255-53-243-148
6062	255-24-215-202
6063	255-128-254-83
6064	255-24-215-202
6065	255-232-213-56
6066	255-232-213-56
6067	255-128-254-83
6068	255-128-254-83
6069	255-128-254-83
6070	255-180-27-1
6071	255-24-215-202
6072	255-24-215-202
6073	255-24-215-202
6074	255-70-122-242
6075	255-24-215-202
6076	255-70-122-242
6077	255-24-215-202
6078	255-24-215-202
6079	255-70-122-242
6080	255-24-215-202
6081	255-70-122-242
6082	255-24-215-202
6083	255-24-215-202
6084	255-24-215-202
6085	255-24-215-202
6086	255-24-215-202
6087	255-24-215-202
6088	255-128-254-83
6089	255-24-215-202
6090	255-24-215-202
6091	255-51-172-246
6092	255-24-215-202
6093	255-53-243-148
6094	255-24-215-202
6095	255-24-215-202
6096	255-24-215-202
6097	255-24-215-202
6098	255-24-215-202
6099	255-24-215-202
6100	255-70-122-242
6101	255-24-215-202
6102	255-128-254-83
6103	255-53-243-148
6104	255-70-122-242
6105	255-53-243-148
6106	255-232-213-56
6107	255-70-122-242
6108	255-24-215-202
6109	255-24-215-202
6110	255-24-215-202
6111	255-122-4-2
6112	255-70-122-242
6113	255-70-122-242
6114	255-128-254-83
6115	255-232-213-56
6116	255-70-122-242
6117	255-128-254-83
6118	255-128-254-83
6119	255-24-215-202
6120	255-53-243-148
6121	255-232-213-56
6122	255-128-254-83
6123	255-128-254-83
6124	255-24-215-202
6125	255-53-243-148
6126	255-24-215-202
6127	255-24-215-202
6128	255-70-122-242
6129	255-24-215-202
6130	255-70-122-242
6131	255-70-122-242
6132	255-24-215-202
6133	255-70-122-242
6134	255-24-215-202
6135	255-24-215-202
6136	255-70-122-242
6137	255-187-244-52
6138	255-24-215-202
6139	255-128-254-83
6140	255-128-254-83
6141	255-24-215-202
6142	255-122-4-2
6143	255-70-122-242
6144	255-24-215-202
6145	255-247-113-27
6146	255-24-215-202
6147	255-70-122-242
6148	255-24-215-202
6149	255-24-215-202
6150	255-70-122-242
6151	255-24-215-202
6152	255-70-122-242
6153	255-128-254-83
6154	255-70-122-242
6155	255-53-243-148
6156	255-128-254-83
6157	255-128-254-83
6158	255-128-254-83
6159	255-122-4-2
6160	255-122-4-2
6161	255-24-215-202
6162	255-24-215-202
6163	255-24-215-202
6164	255-24-215-202
6165	255-128-254-83
6166	255-24-215-202
6167	255-24-215-202
6168	255-24-215-202
6169	255-24-215-202
6170	255-24-215-202
6171	255-24-215-202
6172	255-70-122-242
6173	255-128-254-83
6174	255-232-213-56
6175	255-53-243-148
6176	255-24-215-202
6177	255-24-215-202
6178	255-24-215-202
6179	255-53-243-148
6180	255-24-215-202
6181	255-24-215-202
6182	255-24-215-202
6183	255-24-215-202
6184	255-24-215-202
6185	255-53-243-148
6186	255-24-215-202
6187	255-24-215-202
6188	255-24-215-202
6189	255-70-122-242
6190	255-232-213-56
6191	255-70-122-242
6192	255-24-215-202
6193	255-24-215-202
6194	255-24-215-202
6195	255-128-254-83
6196	255-247-113-27
6197	255-122-4-2
6198	255-232-213-56
6199	255-232-213-56
6200	255-128-254-83
6201	255-232-213-56
6202	255-232-213-56
6203	255-232-213-56
6204	255-70-122-242
6205	255-128-254-83
6206	255-53-243-148
6207	255-232-213-56
6208	255-122-4-2
6209	255-232-213-56
6210	255-128-254-83
6211	255-53-243-148
6212	255-247-113-27
6213	255-247-113-27
6214	255-70-122-242
6215	255-53-243-148
6216	255-180-27-1
6217	255-122-4-2
6218	255-24-215-202
6219	255-24-215-202
6220	255-24-215-202
6221	255-70-122-242
6222	255-24-215-202
6223	255-24-215-202
6224	255-128-254-83
6225	255-128-254-83
6226	255-232-213-56
6227	255-232-213-56
6228	255-70-122-242
6229	255-247-113-27
6230	255-24-215-202
6231	255-53-243-148
6232	255-24-215-202
6233	255-24-215-202
6234	255-70-122-242
6235	255-24-215-202
6236	255-128-254-83
6237	255-232-213-56
6238	255-232-213-56
6239	255-128-254-83
6240	255-128-254-83
6241	255-70-122-242
6242	255-24-215-202
6243	255-24-215-202
6244	255-24-215-202
6245	255-24-215-202
6246	255-24-215-202
6247	255-24-215-202
6248	255-24-215-202
6249	255-70-122-242
6250	255-128-254-83
6251	255-70-122-242
6252	255-232-213-56
6253	255-247-113-27
6254	255-24-215-202
6255	255-128-254-83
6256	255-232-213-56
6257	255-232-213-56
6258	255-24-215-202
6259	255-232-213-56
6260	255-128-254-83
6261	255-128-254-83
6262	255-232-213-56
6263	255-232-213-56
6264	255-232-213-56
6265	255-128-254-83
6266	255-128-254-83
6267	255-128-254-83
6268	255-128-254-83
6269	255-24-215-202
6270	255-128-254-83
6271	255-122-4-2
6272	255-180-27-1
6273	255-70-122-242
6274	255-70-122-242
6275	255-70-122-242
6276	255-24-215-202
6277	255-128-254-83
6278	255-24-215-202
6279	255-128-254-83
6280	255-128-254-83
6281	255-128-254-83
6282	255-128-254-83
6283	255-24-215-202
6284	255-24-215-202
6285	255-24-215-202
6286	255-232-213-56
6287	255-128-254-83
6288	255-24-215-202
6289	255-24-215-202
6290	255-24-215-202
6291	255-24-215-202
6292	255-232-213-56
6293	255-24-215-202
6294	255-24-215-202
6295	255-24-215-202
6296	255-24-215-202
6297	255-128-254-83
6298	255-24-215-202
6299	255-70-122-242
6300	255-232-213-56
6301	255-24-215-202
6302	255-128-254-83
6303	255-70-122-242
6304	255-70-122-242
6305	255-70-122-242
6306	255-232-213-56
6307	255-24-215-202
6308	255-232-213-56
6309	255-128-254-83
6310	255-128-254-83
6311	255-128-254-83
6312	255-232-213-56
6313	255-128-254-83
6314	255-232-213-56
6315	255-187-244-52
6316	255-232-213-56
6317	255-24-215-202
6318	255-70-122-242
6319	255-232-213-56
6320	255-53-243-148
6321	255-128-254-83
6322	255-232-213-56
6323	255-128-254-83
6324	255-53-243-148
6325	255-232-213-56
6326	255-51-172-246
6327	255-232-213-56
6328	255-232-213-56
6329	255-51-172-246
6330	255-128-254-83
6331	255-24-215-202
6332	255-128-254-83
6333	255-24-215-202
6334	255-24-215-202
6335	255-70-122-242
6336	255-24-215-202
6337	255-70-122-242
6338	255-24-215-202
6339	255-24-215-202
6340	255-70-122-242
6341	255-24-215-202
6342	255-70-122-242
6343	255-24-215-202
6344	255-24-215-202
6345	255-24-215-202
6346	255-180-27-1
6347	255-24-215-202
6348	255-24-215-202
6349	255-24-215-202
6350	255-53-243-148
6351	255-24-215-202
6352	255-53-243-148
6353	255-53-243-148
6354	255-128-254-83
6355	255-128-254-83
6356	255-53-243-148
6357	255-24-215-202
6358	255-70-122-242
6359	255-70-122-242
6360	255-24-215-202
6361	255-70-122-242
6362	255-70-122-242
6363	255-70-122-242
6364	255-70-122-242
6365	255-128-254-83
6366	255-70-122-242
6367	255-128-254-83
6368	255-247-113-27
6369	255-128-254-83
6370	255-24-215-202
6371	255-247-113-27
6372	255-24-215-202
6373	255-232-213-56
6374	255-53-243-148
6375	255-24-215-202
6376	255-232-213-56
6377	255-24-215-202
6378	255-53-243-148
6379	255-128-254-83
6380	255-70-122-242
6381	255-24-215-202
6382	255-24-215-202
6383	255-53-243-148
6384	255-24-215-202
6385	255-24-215-202
6386	255-24-215-202
6387	255-70-122-242
6388	255-24-215-202
6389	255-128-254-83
6390	255-53-243-148
6391	255-24-215-202
6392	255-24-215-202
6393	255-53-243-148
6394	255-53-243-148
6395	255-24-215-202
6396	255-70-122-242
6397	255-70-122-242
6398	255-24-215-202
6399	255-24-215-202
6400	255-24-215-202
6401	255-24-215-202
6402	255-24-215-202
6403	255-53-243-148
6404	255-122-4-2
6405	255-128-254-83
6406	255-128-254-83
6407	255-24-215-202
6408	255-51-172-246
6409	255-51-172-246
6410	255-187-244-52
6411	255-24-215-202
6412	255-187-244-52
6413	255-24-215-202
6414	255-24-215-202
6415	255-24-215-202
6416	255-24-215-202
6417	255-24-215-202
6418	255-24-215-202
6419	255-51-172-246
6420	255-70-122-242
6421	255-232-213-56
6422	255-232-213-56
6423	255-128-254-83
6424	255-128-254-83
6425	255-128-254-83
6426	255-24-215-202
6427	255-53-243-148
6428	255-24-215-202
6429	255-53-243-148
6430	255-53-243-148
6431	255-53-243-148
6432	255-128-254-83
6433	255-70-122-242
6434	255-53-243-148
6435	255-24-215-202
6436	255-53-243-148
6437	255-24-215-202
6438	255-24-215-202
6439	255-24-215-202
6440	255-53-243-148
6441	255-70-122-242
6442	255-24-215-202
6443	255-24-215-202
6444	255-247-113-27
6445	255-128-254-83
6446	255-128-254-83
6447	255-24-215-202
6448	255-122-4-2
6449	255-128-254-83
6450	255-128-254-83
6451	255-247-113-27
6452	255-232-213-56
6453	255-128-254-83
6454	255-232-213-56
6455	255-232-213-56
6456	255-53-243-148
6457	255-232-213-56
6458	255-232-213-56
6459	255-232-213-56
6460	255-128-254-83
6461	255-232-213-56
6462	255-232-213-56
6463	255-70-122-242
6464	255-70-122-242
6465	255-53-243-148
6466	255-187-244-52
6467	255-247-113-27
6468	255-53-243-148
6469	255-70-122-242
6470	255-247-113-27
6471	255-232-213-56
6472	255-53-243-148
6473	255-232-213-56
6474	255-232-213-56
6475	255-122-4-2
6476	255-122-4-2
6477	255-122-4-2
6478	255-24-215-202
6479	255-24-215-202
6480	255-122-4-2
6481	255-24-215-202
6482	255-24-215-202
6483	255-180-27-1
6484	255-24-215-202
6485	255-24-215-202
6486	255-180-27-1
6487	255-70-122-242
6488	255-128-254-83
6489	255-232-213-56
6490	255-128-254-83
6491	255-128-254-83
6492	255-53-243-148
6493	255-51-172-246
6494	255-53-243-148
6495	255-180-27-1
6496	255-180-27-1
6497	255-24-215-202
6498	255-70-122-242
6499	255-122-4-2
6500	255-53-243-148
6501	255-24-215-202
6502	255-24-215-202
6503	255-24-215-202
6504	255-122-4-2
6505	255-122-4-2
6506	255-122-4-2
6507	255-187-244-52
6508	255-70-122-242
6509	255-232-213-56
6510	255-222-62-8
6511	255-53-243-148
6512	255-24-215-202
6513	255-232-213-56
6514	255-122-4-2
6515	255-24-215-202
6516	255-53-243-148
6517	255-122-4-2
6518	255-70-122-242
6519	255-53-243-148
6520	255-122-4-2
6521	255-187-244-52
6522	255-232-213-56
6523	255-187-244-52
6524	255-128-254-83
6525	255-128-254-83
6526	255-232-213-56
6527	255-232-213-56
6528	255-247-113-27
6529	255-24-215-202
6530	255-222-62-8
6531	255-180-27-1
6532	255-24-215-202
6533	255-232-213-56
6534	255-70-122-242
6535	255-70-122-242
6536	255-70-122-242
6537	255-232-213-56
6538	255-128-254-83
6539	255-128-254-83
6540	255-24-215-202
6541	255-180-27-1
6542	255-128-254-83
6543	255-53-243-148
6544	255-128-254-83
6545	255-180-27-1
6546	255-180-27-1
6547	255-232-213-56
6548	255-128-254-83
6549	255-247-113-27
6550	255-24-215-202
6551	255-247-113-27
6552	255-24-215-202
6553	255-128-254-83
6554	255-232-213-56
6555	255-24-215-202
6556	255-24-215-202
6557	255-24-215-202
6558	255-24-215-202
6559	255-24-215-202
6560	255-24-215-202
6561	255-24-215-202
6562	255-232-213-56
6563	255-180-27-1
6564	255-180-27-1
6565	255-222-62-8
6566	255-122-4-2
6567	255-70-122-242
6568	255-70-122-242
6569	255-53-243-148
6570	255-24-215-202
6571	255-24-215-202
6572	255-70-122-242
6573	255-24-215-202
6574	255-24-215-202
6575	255-53-243-148
6576	255-128-254-83
6577	255-232-213-56
6578	255-24-215-202
6580	255-24-215-202
6581	255-232-213-56
6582	255-128-254-83
6583	255-128-254-83
6584	255-128-254-83
6585	255-24-215-202
6586	255-53-243-148
6587	255-24-215-202
6588	255-24-215-202
6589	255-24-215-202
6590	255-70-122-242
6591	255-24-215-202
6592	255-24-215-202
6593	255-232-213-56
6594	255-70-122-242
6595	255-24-215-202
6596	255-24-215-202
6597	255-70-122-242
6598	255-24-215-202
6599	255-24-215-202
6600	255-70-122-242
6601	255-24-215-202
6602	255-24-215-202
6603	255-24-215-202
6604	255-24-215-202
6605	255-24-215-202
6606	255-24-215-202
6607	255-53-243-148
6608	255-24-215-202
6609	255-24-215-202
6610	255-128-254-83
6611	255-128-254-83
6612	255-128-254-83
6613	255-24-215-202
6614	255-24-215-202
6615	255-24-215-202
6616	255-128-254-83
6617	255-53-243-148
6618	255-128-254-83
6619	255-24-215-202
6620	255-24-215-202
6621	255-70-122-242
6622	255-24-215-202
6623	255-70-122-242
6624	255-70-122-242
6625	255-70-122-242
6626	255-70-122-242
6627	255-70-122-242
6628	255-232-213-56
6629	255-232-213-56
6630	255-232-213-56
6631	255-70-122-242
6632	255-187-244-52
6633	255-24-215-202
6634	255-24-215-202
6635	255-53-243-148
6636	255-24-215-202
6637	255-24-215-202
6638	255-24-215-202
6639	255-24-215-202
6640	255-70-122-242
6641	255-24-215-202
6642	255-128-254-83
6643	255-24-215-202
6644	255-24-215-202
6645	255-24-215-202
6646	255-24-215-202
6647	255-24-215-202
6648	255-24-215-202
6649	255-53-243-148
6650	255-128-254-83
6651	255-128-254-83
6652	255-70-122-242
6653	255-53-243-148
6654	255-70-122-242
6655	255-70-122-242
6656	255-24-215-202
6657	255-128-254-83
6658	255-24-215-202
6659	255-70-122-242
6660	255-24-215-202
6661	255-24-215-202
6662	255-128-254-83
6663	255-128-254-83
6664	255-128-254-83
6665	255-187-244-52
6666	255-122-4-2
6667	255-187-244-52
6668	255-122-4-2
6669	255-51-172-246
6670	255-24-215-202
6671	255-70-122-242
6672	255-70-122-242
6673	255-24-215-202
6674	255-24-215-202
6677	255-24-215-202
6678	255-232-213-56
6679	255-128-254-83
6680	255-128-254-83
6681	255-24-215-202
6682	255-24-215-202
6683	255-24-215-202
6684	255-128-254-83
6685	255-70-122-242
6686	255-53-243-148
6687	255-24-215-202
6688	255-24-215-202
6689	255-53-243-148
6690	255-24-215-202
6691	255-70-122-242
6692	255-24-215-202
6693	255-24-215-202
6694	255-53-243-148
6695	255-53-243-148
6696	255-24-215-202
6697	255-53-243-148
6698	255-70-122-242
6699	255-232-213-56
6700	255-187-244-52
6701	255-232-213-56
6702	255-232-213-56
6703	255-187-244-52
6704	255-232-213-56
6705	255-70-122-242
6706	255-232-213-56
6707	255-232-213-56
6708	255-247-113-27
6709	255-70-122-242
6710	255-232-213-56
6711	255-247-113-27
6712	255-232-213-56
6714	255-187-244-52
6715	255-24-215-202
6716	255-247-113-27
6717	255-24-215-202
6718	255-70-122-242
6719	255-53-243-148
6720	255-187-244-52
6721	255-24-215-202
6722	255-24-215-202
6723	255-53-243-148
6724	255-24-215-202
6725	255-24-215-202
6726	255-24-215-202
6727	255-24-215-202
6728	255-128-254-83
6729	255-128-254-83
6730	255-232-213-56
6731	255-232-213-56
6732	255-24-215-202
6733	255-70-122-242
6734	255-180-27-1
6735	255-180-27-1
6736	255-180-27-1
6737	255-70-122-242
6738	255-180-27-1
6739	255-24-215-202
6740	255-24-215-202
6741	255-24-215-202
6742	255-128-254-83
6743	255-187-244-52
6744	255-70-122-242
6745	255-187-244-52
6746	255-187-244-52
6747	255-24-215-202
6748	255-187-244-52
6749	255-187-244-52
6750	255-51-172-246
6751	255-70-122-242
6752	255-187-244-52
6753	255-247-113-27
6754	255-187-244-52
6755	255-187-244-52
6756	255-247-113-27
6757	255-128-254-83
6758	255-247-113-27
6759	255-24-215-202
6760	255-187-244-52
6761	255-247-113-27
6762	255-122-4-2
6763	255-24-215-202
6764	255-247-113-27
6765	255-53-243-148
6766	255-70-122-242
6767	255-53-243-148
6768	255-187-244-52
6769	255-122-4-2
6770	255-53-243-148
6771	255-187-244-52
6772	255-232-213-56
6773	255-187-244-52
6774	255-24-215-202
6775	255-187-244-52
6776	255-128-254-83
6777	255-24-215-202
6778	255-24-215-202
6779	255-232-213-56
6780	255-180-27-1
6781	255-70-122-242
6782	255-70-122-242
6783	255-232-213-56
6784	255-70-122-242
6785	255-232-213-56
6786	255-70-122-242
6787	255-53-243-148
6788	255-24-215-202
6789	255-24-215-202
6790	255-247-113-27
6791	255-128-254-83
6792	255-24-215-202
6793	255-53-243-148
6795	255-24-215-202
6796	255-122-4-2
6797	255-24-215-202
6798	255-53-243-148
6799	255-24-215-202
6800	255-70-122-242
6801	255-53-243-148
6802	255-24-215-202
6803	255-24-215-202
6804	255-70-122-242
6805	255-24-215-202
6806	255-24-215-202
6807	255-24-215-202
6808	255-24-215-202
6809	255-24-215-202
6810	255-24-215-202
6811	255-128-254-83
6812	255-24-215-202
6813	255-128-254-83
6814	255-24-215-202
6815	255-53-243-148
6816	255-70-122-242
6817	255-24-215-202
6818	255-70-122-242
6819	255-70-122-242
6820	255-24-215-202
6821	255-70-122-242
6822	255-70-122-242
6823	255-70-122-242
6824	255-70-122-242
6825	255-70-122-242
6826	255-24-215-202
6827	255-24-215-202
6828	255-70-122-242
6829	255-24-215-202
6830	255-24-215-202
6831	255-70-122-242
6832	255-24-215-202
6833	255-24-215-202
6834	255-24-215-202
6835	255-128-254-83
6836	255-70-122-242
6837	255-24-215-202
6838	255-53-243-148
6839	255-122-4-2
6840	255-128-254-83
6841	255-128-254-83
6842	255-128-254-83
6843	255-24-215-202
6844	255-128-254-83
6845	255-24-215-202
6846	255-128-254-83
6847	255-24-215-202
6849	255-70-122-242
6850	255-24-215-202
6851	255-53-243-148
6852	255-70-122-242
6853	255-70-122-242
6854	255-70-122-242
6855	255-24-215-202
6856	255-70-122-242
6857	255-232-213-56
6858	255-232-213-56
6859	255-128-254-83
6860	255-24-215-202
6861	255-53-243-148
6862	255-53-243-148
6863	255-24-215-202
6864	255-24-215-202
6865	255-53-243-148
6866	255-24-215-202
6867	255-53-243-148
6868	255-24-215-202
6869	255-24-215-202
6870	255-53-243-148
6871	255-53-243-148
6872	255-128-254-83
6873	255-70-122-242
6874	255-128-254-83
6875	255-70-122-242
6876	255-24-215-202
6877	255-53-243-148
6878	255-24-215-202
6879	255-232-213-56
6880	255-24-215-202
6881	255-24-215-202
6882	255-122-4-2
6883	255-128-254-83
6884	255-24-215-202
6885	255-128-254-83
6886	255-232-213-56
6887	255-128-254-83
6888	255-24-215-202
6889	255-122-4-2
6890	255-53-243-148
6891	255-70-122-242
6892	255-24-215-202
6893	255-24-215-202
6894	255-51-172-246
6895	255-122-4-2
6896	255-24-215-202
6897	255-24-215-202
6898	255-24-215-202
6899	255-128-254-83
6900	255-24-215-202
6901	255-24-215-202
6902	255-24-215-202
6903	255-122-4-2
6904	255-24-215-202
6905	255-24-215-202
6906	255-53-243-148
6907	255-53-243-148
6908	255-24-215-202
6909	255-53-243-148
6910	255-122-4-2
6911	255-187-244-52
6912	255-70-122-242
6913	255-70-122-242
6914	255-53-243-148
6915	255-70-122-242
6916	255-128-254-83
6917	255-70-122-242
6918	255-128-254-83
6919	255-128-254-83
6920	255-128-254-83
6921	255-24-215-202
6922	255-128-254-83
6923	255-53-243-148
6924	255-53-243-148
6925	255-128-254-83
6926	255-53-243-148
6927	255-128-254-83
6928	255-70-122-242
6929	255-128-254-83
6930	255-128-254-83
6931	255-187-244-52
6932	255-53-243-148
6933	255-232-213-56
6934	255-232-213-56
6935	255-232-213-56
6936	255-128-254-83
6937	255-247-113-27
6938	255-232-213-56
6939	255-247-113-27
6940	255-24-215-202
6941	255-247-113-27
6942	255-24-215-202
6943	255-187-244-52
6944	255-24-215-202
6945	255-247-113-27
6946	255-232-213-56
6947	255-51-172-246
6948	255-51-172-246
6949	255-247-113-27
6950	255-24-215-202
6951	255-24-215-202
6952	255-247-113-27
6953	255-24-215-202
6954	255-53-243-148
6955	255-24-215-202
6956	255-247-113-27
6957	255-24-215-202
6958	255-51-172-246
6959	255-24-215-202
6960	255-70-122-242
6961	255-24-215-202
6962	255-24-215-202
6963	255-180-27-1
6964	255-24-215-202
6965	255-70-122-242
6966	255-128-254-83
6967	255-232-213-56
6968	255-232-213-56
6969	255-24-215-202
6970	255-180-27-1
6971	255-70-122-242
6972	255-122-4-2
6973	255-122-4-2
6974	255-24-215-202
6975	255-70-122-242
6976	255-128-254-83
6977	255-24-215-202
6978	255-24-215-202
6979	255-187-244-52
6980	255-24-215-202
6981	255-24-215-202
6982	255-187-244-52
6983	255-24-215-202
6984	255-187-244-52
6985	255-51-172-246
6986	255-24-215-202
6987	255-247-113-27
6988	255-24-215-202
6989	255-53-243-148
6990	255-247-113-27
6991	255-24-215-202
6992	255-53-243-148
6993	255-24-215-202
6994	255-232-213-56
6995	255-24-215-202
6996	255-53-243-148
6997	255-24-215-202
6998	255-24-215-202
6999	255-128-254-83
7000	255-24-215-202
7001	255-24-215-202
7002	255-24-215-202
7003	255-187-244-52
7004	255-24-215-202
7005	255-180-27-1
7006	255-180-27-1
7007	255-24-215-202
7008	255-24-215-202
7009	255-180-27-1
7010	255-24-215-202
7011	255-70-122-242
7012	255-232-213-56
7013	255-70-122-242
7014	255-128-254-83
7015	255-128-254-83
7016	255-128-254-83
7017	255-53-243-148
7018	255-53-243-148
7019	255-128-254-83
7020	255-24-215-202
7021	255-24-215-202
7022	255-232-213-56
7023	255-24-215-202
7024	255-24-215-202
7025	255-24-215-202
7026	255-128-254-83
7027	255-24-215-202
7028	255-232-213-56
7029	255-24-215-202
7030	255-24-215-202
7031	255-24-215-202
7032	255-128-254-83
7033	255-24-215-202
7034	255-24-215-202
7035	255-24-215-202
7036	255-24-215-202
7037	255-24-215-202
7038	255-24-215-202
7039	255-24-215-202
7040	255-128-254-83
7041	255-24-215-202
7042	255-24-215-202
7043	255-53-243-148
7044	255-232-213-56
7045	255-128-254-83
7046	255-232-213-56
7047	255-24-215-202
7048	255-24-215-202
7049	255-24-215-202
7050	255-24-215-202
7051	255-70-122-242
7052	255-70-122-242
7053	255-24-215-202
7054	255-70-122-242
7055	255-24-215-202
7056	255-70-122-242
7057	255-24-215-202
7058	255-70-122-242
7059	255-24-215-202
7060	255-24-215-202
7061	255-24-215-202
7062	255-24-215-202
7063	255-24-215-202
7064	255-24-215-202
7065	255-24-215-202
7066	255-24-215-202
7067	255-24-215-202
7068	255-24-215-202
7069	255-24-215-202
7070	255-24-215-202
7071	255-24-215-202
7072	255-24-215-202
7073	255-24-215-202
7074	255-24-215-202
7075	255-24-215-202
7076	255-53-243-148
7077	255-70-122-242
7078	255-70-122-242
7079	255-53-243-148
7080	255-70-122-242
7081	255-70-122-242
7082	255-70-122-242
7083	255-53-243-148
7084	255-24-215-202
7085	255-70-122-242
7086	255-70-122-242
7087	255-70-122-242
7088	255-70-122-242
7089	255-70-122-242
7090	255-70-122-242
7091	255-70-122-242
7092	255-70-122-242
7093	255-128-254-83
7094	255-24-215-202
7095	255-24-215-202
7096	255-70-122-242
7097	255-70-122-242
7098	255-24-215-202
7099	255-24-215-202
7100	255-24-215-202
7101	255-24-215-202
7102	255-24-215-202
7103	255-53-243-148
7104	255-24-215-202
7105	255-24-215-202
7106	255-24-215-202
7107	255-24-215-202
7108	255-24-215-202
7109	255-24-215-202
7110	255-70-122-242
7111	255-128-254-83
7112	255-70-122-242
7113	255-70-122-242
7114	255-128-254-83
7115	255-128-254-83
7116	255-24-215-202
7117	255-128-254-83
7118	255-53-243-148
7119	255-53-243-148
7120	255-128-254-83
7121	255-128-254-83
7122	255-24-215-202
7123	255-51-172-246
7124	255-51-172-246
7125	255-24-215-202
7126	255-24-215-202
7127	255-24-215-202
7128	255-232-213-56
7129	255-128-254-83
7130	255-128-254-83
7131	255-128-254-83
7132	255-128-254-83
7133	255-247-113-27
7134	255-128-254-83
7135	255-247-113-27
7136	255-128-254-83
7137	255-128-254-83
7138	255-24-215-202
7139	255-53-243-148
7140	255-53-243-148
7141	255-53-243-148
7142	255-24-215-202
7143	255-70-122-242
7144	255-53-243-148
7145	255-70-122-242
7146	255-70-122-242
7147	255-70-122-242
7148	255-70-122-242
7149	255-70-122-242
7150	255-70-122-242
7151	255-70-122-242
7152	255-70-122-242
7153	255-70-122-242
7154	255-70-122-242
7155	255-128-254-83
7156	255-128-254-83
7157	255-128-254-83
7158	255-122-4-2
7159	255-70-122-242
7160	255-128-254-83
7161	255-232-213-56
7162	255-128-254-83
7163	255-128-254-83
7164	255-232-213-56
7165	255-232-213-56
7166	255-128-254-83
7167	255-232-213-56
7168	255-232-213-56
7169	255-232-213-56
7170	255-232-213-56
7171	255-24-215-202
7172	255-232-213-56
7173	255-232-213-56
7174	255-187-244-52
7175	255-232-213-56
7176	255-51-172-246
7177	255-187-244-52
7178	255-247-113-27
7179	255-70-122-242
7180	255-70-122-242
7181	255-187-244-52
7182	255-51-172-246
7183	255-24-215-202
7184	255-70-122-242
7185	255-70-122-242
7186	255-24-215-202
7187	255-24-215-202
7188	255-24-215-202
7189	255-24-215-202
7190	255-128-254-83
7191	255-70-122-242
7192	255-24-215-202
7194	255-24-215-202
7195	255-187-244-52
7196	255-51-172-246
7197	255-24-215-202
7198	255-70-122-242
7199	255-51-172-246
7200	255-187-244-52
7201	255-187-244-52
7202	255-24-215-202
7203	255-51-172-246
7204	255-24-215-202
7205	255-51-172-246
7206	255-24-215-202
7207	255-24-215-202
7208	255-51-172-246
7209	255-232-213-56
7210	255-70-122-242
7211	255-24-215-202
7212	255-180-27-1
7213	255-128-254-83
7214	255-24-215-202
7215	255-24-215-202
7216	255-24-215-202
7217	255-180-27-1
7218	255-24-215-202
7219	255-232-213-56
7220	255-24-215-202
7221	255-24-215-202
7222	255-180-27-1
7223	255-70-122-242
7224	255-70-122-242
7225	255-70-122-242
7226	255-232-213-56
7227	255-232-213-56
7228	255-24-215-202
7229	255-24-215-202
7231	255-232-213-56
7232	255-24-215-202
7233	255-51-172-246
7234	255-70-122-242
7235	255-70-122-242
7236	255-24-215-202
7237	255-24-215-202
7238	255-24-215-202
7239	255-24-215-202
7240	255-24-215-202
7241	255-24-215-202
7242	255-128-254-83
7243	255-51-172-246
7244	255-53-243-148
7245	255-53-243-148
7246	255-128-254-83
7247	255-24-215-202
7248	255-247-113-27
7249	255-24-215-202
7250	255-128-254-83
7251	255-24-215-202
7252	255-24-215-202
7253	255-24-215-202
7254	255-24-215-202
7255	255-24-215-202
7256	255-70-122-242
7257	255-70-122-242
7258	255-70-122-242
7259	255-70-122-242
7260	255-24-215-202
7261	255-24-215-202
7262	255-70-122-242
7263	255-24-215-202
7264	255-24-215-202
7265	255-24-215-202
7266	255-24-215-202
7267	255-24-215-202
7268	255-70-122-242
7269	255-24-215-202
7270	255-24-215-202
7271	255-24-215-202
7272	255-24-215-202
7273	255-24-215-202
7274	255-24-215-202
7275	255-24-215-202
7276	255-24-215-202
7277	255-24-215-202
7278	255-24-215-202
7279	255-24-215-202
7280	255-24-215-202
7281	255-24-215-202
7282	255-24-215-202
7284	255-128-254-83
7285	255-70-122-242
7286	255-70-122-242
7287	255-24-215-202
7288	255-24-215-202
7289	255-232-213-56
7290	255-128-254-83
7291	255-128-254-83
7292	255-128-254-83
7293	255-24-215-202
7294	255-24-215-202
7295	255-24-215-202
7296	255-24-215-202
7297	255-24-215-202
7298	255-24-215-202
7299	255-24-215-202
7300	255-51-172-246
7301	255-24-215-202
7302	255-24-215-202
7303	255-24-215-202
7304	255-24-215-202
7305	255-24-215-202
7308	255-70-122-242
7309	255-70-122-242
7310	255-128-254-83
7311	255-24-215-202
7312	255-247-113-27
7313	255-24-215-202
7314	255-24-215-202
7315	255-70-122-242
7316	255-70-122-242
7317	255-70-122-242
7318	255-70-122-242
7319	255-70-122-242
7320	255-128-254-83
7321	255-128-254-83
7322	255-24-215-202
7323	255-128-254-83
7324	255-70-122-242
7325	255-24-215-202
7326	255-232-213-56
7327	255-232-213-56
7328	255-232-213-56
7329	255-232-213-56
7330	255-232-213-56
7331	255-24-215-202
7332	255-70-122-242
7333	255-232-213-56
7334	255-70-122-242
7335	255-24-215-202
7336	255-70-122-242
7337	255-70-122-242
7338	255-24-215-202
7339	255-24-215-202
7340	255-24-215-202
7341	255-24-215-202
7343	255-24-215-202
7344	255-24-215-202
7345	255-128-254-83
7346	255-232-213-56
7347	255-24-215-202
7348	255-24-215-202
7349	255-24-215-202
7350	255-24-215-202
7351	255-24-215-202
7352	255-24-215-202
7353	255-24-215-202
7354	255-70-122-242
7355	255-232-213-56
7356	255-24-215-202
7357	255-24-215-202
7358	255-24-215-202
7359	255-24-215-202
7360	255-24-215-202
7361	255-70-122-242
7362	255-70-122-242
7363	255-70-122-242
7364	255-70-122-242
7365	255-187-244-52
7366	255-128-254-83
7367	255-128-254-83
7368	255-128-254-83
7369	255-232-213-56
7371	255-24-215-202
7372	255-70-122-242
7373	255-24-215-202
7374	255-24-215-202
7375	255-128-254-83
7376	255-247-113-27
7377	255-24-215-202
7378	255-24-215-202
7379	255-24-215-202
7380	255-24-215-202
7381	255-24-215-202
7382	255-232-213-56
7383	255-24-215-202
7384	255-70-122-242
7385	255-51-172-246
7386	255-24-215-202
7387	255-24-215-202
7388	255-128-254-83
7389	255-24-215-202
7390	255-128-254-83
7391	255-24-215-202
7392	255-24-215-202
7393	255-128-254-83
7394	255-24-215-202
7395	255-24-215-202
7396	255-24-215-202
7397	255-128-254-83
7398	255-24-215-202
7399	255-53-243-148
7400	255-24-215-202
7401	255-53-243-148
7402	255-53-243-148
7403	255-53-243-148
7404	255-187-244-52
7405	255-70-122-242
7406	255-24-215-202
7407	255-128-254-83
7408	255-232-213-56
7409	255-122-4-2
7410	255-128-254-83
7411	255-24-215-202
7412	255-128-254-83
7413	255-122-4-2
7414	255-24-215-202
7415	255-232-213-56
7416	255-232-213-56
7417	255-24-215-202
7418	255-24-215-202
7419	255-24-215-202
7420	255-24-215-202
7421	255-70-122-242
7422	255-24-215-202
7423	255-70-122-242
7424	255-70-122-242
7425	255-24-215-202
7426	255-24-215-202
7427	255-70-122-242
7428	255-24-215-202
7429	255-24-215-202
7430	255-24-215-202
7431	255-70-122-242
7432	255-24-215-202
7433	255-24-215-202
7434	255-70-122-242
7435	255-24-215-202
7436	255-24-215-202
7437	255-24-215-202
7438	255-128-254-83
7439	255-51-172-246
7440	255-24-215-202
7441	255-53-243-148
7442	255-24-215-202
7443	255-24-215-202
7444	255-24-215-202
7445	255-24-215-202
7446	255-24-215-202
7447	255-24-215-202
7448	255-53-243-148
7449	255-128-254-83
7450	255-53-243-148
7451	255-128-254-83
7452	255-24-215-202
7453	255-24-215-202
7454	255-232-213-56
7455	255-128-254-83
7456	255-24-215-202
7457	255-24-215-202
7458	255-24-215-202
7459	255-24-215-202
7460	255-24-215-202
7461	255-24-215-202
7462	255-51-172-246
7463	255-24-215-202
7464	255-24-215-202
7465	255-24-215-202
7466	255-24-215-202
7467	255-24-215-202
7468	255-24-215-202
7469	255-24-215-202
7470	255-24-215-202
7471	255-24-215-202
7472	255-24-215-202
7473	255-24-215-202
7474	255-24-215-202
7475	255-122-4-2
7476	255-128-254-83
7477	255-222-62-8
7478	255-122-4-2
7479	255-122-4-2
7480	255-24-215-202
7481	255-24-215-202
7482	255-70-122-242
7483	255-128-254-83
7484	255-232-213-56
7485	255-247-113-27
7486	255-70-122-242
7487	255-24-215-202
7488	255-232-213-56
7489	255-232-213-56
7490	255-128-254-83
7491	255-24-215-202
7492	255-128-254-83
7493	255-53-243-148
7494	255-128-254-83
7495	255-53-243-148
7496	255-53-243-148
7497	255-122-4-2
7498	255-128-254-83
7499	255-128-254-83
7500	255-24-215-202
7501	255-122-4-2
7502	255-53-243-148
7503	255-247-113-27
7504	255-24-215-202
7505	255-247-113-27
7506	255-24-215-202
7507	255-70-122-242
7508	255-253-171-51
7509	255-232-213-56
7510	255-70-122-242
7511	255-70-122-242
7512	255-232-213-56
7513	255-70-122-242
7514	255-232-213-56
7515	255-232-213-56
7516	255-51-172-246
7517	255-232-213-56
7518	255-24-215-202
7519	255-70-122-242
7520	255-24-215-202
7521	255-70-122-242
7522	255-24-215-202
7524	255-70-122-242
7525	255-24-215-202
7526	255-122-4-2
7527	255-232-213-56
7528	255-24-215-202
7529	255-24-215-202
7530	255-232-213-56
7531	255-24-215-202
7532	255-24-215-202
7533	255-24-215-202
7534	255-24-215-202
7535	255-24-215-202
7536	255-24-215-202
7537	255-24-215-202
7538	255-24-215-202
7539	255-70-122-242
7540	255-70-122-242
7541	255-70-122-242
7542	255-70-122-242
7543	255-70-122-242
7546	255-70-122-242
7547	255-232-213-56
7548	255-128-254-83
7549	255-128-254-83
7550	255-128-254-83
7551	255-128-254-83
7552	255-232-213-56
7553	255-24-215-202
7554	255-70-122-242
7555	255-128-254-83
7556	255-24-215-202
7557	255-247-113-27
7558	255-24-215-202
7559	255-24-215-202
7560	255-24-215-202
7561	255-24-215-202
7562	255-24-215-202
7563	255-24-215-202
7564	255-24-215-202
7565	255-24-215-202
7566	255-24-215-202
7567	255-247-113-27
7568	255-24-215-202
7569	255-247-113-27
7570	255-24-215-202
7571	255-247-113-27
7572	255-24-215-202
7573	255-24-215-202
7574	255-24-215-202
7575	255-232-213-56
7576	255-24-215-202
7577	255-24-215-202
7578	255-247-113-27
7579	255-24-215-202
7580	255-232-213-56
7581	255-24-215-202
7582	255-232-213-56
7583	255-247-113-27
7584	255-247-113-27
7585	255-70-122-242
7586	255-24-215-202
7587	255-24-215-202
7588	255-24-215-202
7589	255-247-113-27
7590	255-24-215-202
7591	255-24-215-202
7592	255-24-215-202
7593	255-70-122-242
7594	255-24-215-202
7595	255-24-215-202
7596	255-24-215-202
7597	255-24-215-202
7598	255-53-243-148
7599	255-24-215-202
7600	255-24-215-202
7601	255-51-172-246
7602	255-24-215-202
7603	255-24-215-202
7604	255-24-215-202
7605	255-24-215-202
7606	255-24-215-202
7607	255-70-122-242
7608	255-70-122-242
7609	255-70-122-242
7610	255-24-215-202
7611	255-24-215-202
7612	255-70-122-242
7613	255-53-243-148
7614	255-70-122-242
7615	255-24-215-202
7616	255-53-243-148
7617	255-24-215-202
7618	255-53-243-148
7619	255-24-215-202
7620	255-24-215-202
7621	255-24-215-202
7622	255-24-215-202
7623	255-24-215-202
7624	255-24-215-202
7625	255-187-244-52
7626	255-53-243-148
7627	255-24-215-202
7628	255-24-215-202
7629	255-53-243-148
7630	255-122-4-2
7631	255-128-254-83
7632	255-24-215-202
7633	255-247-113-27
7634	255-247-113-27
7635	255-232-213-56
7636	255-24-215-202
7637	255-128-254-83
7638	255-222-62-8
7639	255-232-213-56
7640	255-24-215-202
7641	255-24-215-202
7642	255-24-215-202
7643	255-24-215-202
7644	255-24-215-202
7645	255-70-122-242
7646	255-24-215-202
7647	255-70-122-242
7648	255-24-215-202
7649	255-24-215-202
7650	255-24-215-202
7651	255-24-215-202
7652	255-24-215-202
7653	255-24-215-202
7654	255-24-215-202
7655	255-24-215-202
7656	255-24-215-202
7657	255-51-172-246
7658	255-53-243-148
7659	255-24-215-202
7660	255-222-62-8
7661	255-24-215-202
7662	255-24-215-202
7663	255-128-254-83
7664	255-24-215-202
7665	255-53-243-148
7666	255-128-254-83
7667	255-128-254-83
7668	255-128-254-83
7669	255-24-215-202
7670	255-51-172-246
7671	255-24-215-202
7672	255-24-215-202
7673	255-128-254-83
7674	255-128-254-83
7675	255-247-113-27
7676	255-53-243-148
7677	255-232-213-56
7678	255-232-213-56
7679	255-24-215-202
7680	255-24-215-202
7681	255-24-215-202
7682	255-24-215-202
7683	255-24-215-202
7684	255-53-243-148
7685	255-53-243-148
7686	255-128-254-83
7687	255-24-215-202
7688	255-51-172-246
7689	255-24-215-202
7690	255-24-215-202
7691	255-51-172-246
7692	255-24-215-202
7693	255-24-215-202
7694	255-24-215-202
7695	255-24-215-202
7696	255-24-215-202
7697	255-24-215-202
7698	255-24-215-202
7699	255-24-215-202
7700	255-122-4-2
7701	255-70-122-242
7702	255-70-122-242
7703	255-253-171-51
7704	255-24-215-202
7705	255-70-122-242
7706	255-70-122-242
7707	255-70-122-242
7708	255-24-215-202
7709	255-70-122-242
7710	255-70-122-242
7711	255-53-243-148
7712	255-70-122-242
7713	255-53-243-148
7714	255-24-215-202
7715	255-128-254-83
7716	255-24-215-202
7717	255-232-213-56
7718	255-247-113-27
7719	255-24-215-202
7720	255-24-215-202
7721	255-247-113-27
7722	255-24-215-202
7723	255-53-243-148
7724	255-24-215-202
7725	255-187-244-52
7726	255-247-113-27
7727	255-24-215-202
7728	255-70-122-242
7729	255-247-113-27
7730	255-187-244-52
7731	255-128-254-83
7732	255-53-243-148
7733	255-122-4-2
7734	255-53-243-148
7735	255-24-215-202
7736	255-122-4-2
7737	255-53-243-148
7738	255-24-215-202
7739	255-53-243-148
7740	255-53-243-148
7741	255-53-243-148
7742	255-232-213-56
7743	255-128-254-83
7744	255-128-254-83
7745	255-70-122-242
7746	255-24-215-202
7747	255-70-122-242
7748	255-70-122-242
7749	255-128-254-83
7750	255-247-113-27
7751	255-247-113-27
7752	255-70-122-242
7753	255-70-122-242
7754	255-24-215-202
7755	255-247-113-27
7756	255-24-215-202
7757	255-247-113-27
7758	255-24-215-202
7759	255-24-215-202
7760	255-24-215-202
7761	255-24-215-202
7762	255-24-215-202
7763	255-247-113-27
7764	255-128-254-83
7765	255-128-254-83
7766	255-128-254-83
7767	255-128-254-83
7768	255-128-254-83
7769	255-128-254-83
7770	255-128-254-83
7771	255-70-122-242
7772	255-24-215-202
7773	255-24-215-202
7774	255-70-122-242
7775	255-70-122-242
7776	255-187-244-52
7777	255-70-122-242
7778	255-70-122-242
7779	255-70-122-242
7780	255-70-122-242
7781	255-70-122-242
7782	255-70-122-242
7783	255-70-122-242
7784	255-232-213-56
7785	255-232-213-56
7786	255-24-215-202
7787	255-232-213-56
7788	255-24-215-202
7789	255-128-254-83
7790	255-232-213-56
7791	255-24-215-202
7792	255-24-215-202
7793	255-24-215-202
7794	255-24-215-202
7795	255-24-215-202
7796	255-24-215-202
7797	255-70-122-242
7798	255-232-213-56
7799	255-70-122-242
7800	255-70-122-242
7801	255-70-122-242
7802	255-70-122-242
7803	255-128-254-83
7804	255-24-215-202
7805	255-70-122-242
7806	255-24-215-202
7807	255-24-215-202
7808	255-24-215-202
7809	255-24-215-202
7810	255-24-215-202
7811	255-24-215-202
7812	255-24-215-202
7813	255-24-215-202
7814	255-24-215-202
7815	255-24-215-202
7816	255-232-213-56
7817	255-24-215-202
7818	255-24-215-202
7819	255-24-215-202
7820	255-24-215-202
7821	255-24-215-202
7822	255-24-215-202
7823	255-24-215-202
7824	255-24-215-202
7825	255-24-215-202
7826	255-24-215-202
7827	255-24-215-202
7828	255-24-215-202
7829	255-24-215-202
7830	255-70-122-242
7831	255-70-122-242
7832	255-24-215-202
7833	255-70-122-242
7834	255-70-122-242
7835	255-247-113-27
7836	255-70-122-242
7837	255-24-215-202
7838	255-222-62-8
7839	255-247-113-27
7840	255-247-113-27
7841	255-128-254-83
7842	255-128-254-83
7843	255-70-122-242
7844	255-24-215-202
7845	255-180-27-1
7846	255-70-122-242
7847	255-187-244-52
7848	255-24-215-202
7849	255-24-215-202
7850	255-24-215-202
7851	255-24-215-202
7852	255-247-113-27
7853	255-24-215-202
7854	255-24-215-202
7855	255-24-215-202
7856	255-24-215-202
7857	255-24-215-202
7858	255-51-172-246
7859	255-24-215-202
7860	255-24-215-202
7861	255-24-215-202
7862	255-24-215-202
7863	255-24-215-202
7864	255-24-215-202
7865	255-70-122-242
7866	255-24-215-202
7867	255-128-254-83
7868	255-70-122-242
7869	255-70-122-242
7870	255-70-122-242
7871	255-53-243-148
7872	255-128-254-83
7873	255-53-243-148
7874	255-24-215-202
7875	255-122-4-2
7876	255-24-215-202
7877	255-24-215-202
7878	255-24-215-202
7879	255-24-215-202
7880	255-122-4-2
7881	255-128-254-83
7882	255-53-243-148
7883	255-128-254-83
7884	255-128-254-83
7885	255-53-243-148
7886	255-128-254-83
7887	255-128-254-83
7888	255-24-215-202
7889	255-70-122-242
7890	255-70-122-242
7891	255-70-122-242
7892	255-70-122-242
7893	255-232-213-56
7894	255-247-113-27
7895	255-24-215-202
7896	255-24-215-202
7897	255-24-215-202
7898	255-70-122-242
7899	255-247-113-27
7900	255-24-215-202
7901	255-70-122-242
7902	255-70-122-242
7903	255-70-122-242
7904	255-24-215-202
7905	255-24-215-202
7906	255-24-215-202
7907	255-24-215-202
7908	255-24-215-202
7909	255-24-215-202
7910	255-24-215-202
7911	255-24-215-202
7912	255-24-215-202
7913	255-24-215-202
7914	255-24-215-202
7915	255-51-172-246
7916	255-24-215-202
7917	255-122-4-2
7918	255-24-215-202
7919	255-24-215-202
7920	255-24-215-202
7921	255-70-122-242
7922	255-24-215-202
7923	255-24-215-202
7924	255-128-254-83
7925	255-247-113-27
7926	255-128-254-83
7927	255-53-243-148
7928	255-53-243-148
7929	255-53-243-148
7930	255-232-213-56
7931	255-128-254-83
7932	255-232-213-56
7933	255-128-254-83
7934	255-128-254-83
7935	255-128-254-83
7936	255-53-243-148
7937	255-232-213-56
7938	255-232-213-56
7939	255-24-215-202
7940	255-24-215-202
7941	255-24-215-202
7942	255-24-215-202
7943	255-24-215-202
7944	255-51-172-246
7945	255-24-215-202
7946	255-24-215-202
7947	255-24-215-202
7948	255-24-215-202
7949	255-24-215-202
7950	255-70-122-242
7951	255-24-215-202
7952	255-24-215-202
7953	255-24-215-202
7954	255-24-215-202
7955	255-24-215-202
7956	255-24-215-202
7957	255-24-215-202
7958	255-122-4-2
7959	255-122-4-2
7960	255-187-244-52
7961	255-122-4-2
7962	255-24-215-202
7963	255-70-122-242
7964	255-70-122-242
7965	255-24-215-202
7966	255-70-122-242
7967	255-70-122-242
7968	255-70-122-242
7969	255-70-122-242
7970	255-70-122-242
7971	255-70-122-242
7972	255-70-122-242
7973	255-51-172-246
7974	255-51-172-246
7975	255-70-122-242
7976	255-53-243-148
7977	255-70-122-242
7978	255-70-122-242
7979	255-51-172-246
7980	255-128-254-83
7981	255-128-254-83
7982	255-128-254-83
7983	255-24-215-202
7984	255-24-215-202
7985	255-24-215-202
7986	255-24-215-202
7987	255-24-215-202
7988	255-24-215-202
7989	255-24-215-202
7990	255-24-215-202
7991	255-247-113-27
7992	255-24-215-202
7993	255-24-215-202
7994	255-24-215-202
7995	255-24-215-202
7996	255-24-215-202
7997	255-70-122-242
7998	255-24-215-202
7999	255-128-254-83
8000	255-24-215-202
8001	255-128-254-83
8002	255-53-243-148
8003	255-53-243-148
8004	255-53-243-148
8005	255-122-4-2
8006	255-70-122-242
8007	255-128-254-83
8009	255-70-122-242
8010	255-70-122-242
8011	255-70-122-242
8012	255-247-113-27
8013	255-70-122-242
8014	255-70-122-242
8015	255-70-122-242
8016	255-70-122-242
8017	255-70-122-242
8018	255-70-122-242
8019	255-70-122-242
8020	255-70-122-242
8021	255-70-122-242
8022	255-232-213-56
8023	255-24-215-202
8024	255-247-113-27
8025	255-24-215-202
8026	255-24-215-202
8027	255-24-215-202
8028	255-24-215-202
8029	255-24-215-202
8030	255-24-215-202
8031	255-247-113-27
8032	255-24-215-202
8033	255-247-113-27
8034	255-247-113-27
8035	255-24-215-202
8036	255-24-215-202
8037	255-24-215-202
8038	255-24-215-202
8039	255-53-243-148
8040	255-53-243-148
8041	255-24-215-202
8042	255-53-243-148
8043	255-70-122-242
8044	255-187-244-52
8045	255-187-244-52
8046	255-247-113-27
8047	255-232-213-56
8048	255-122-4-2
8049	255-247-113-27
8050	255-128-254-83
8051	255-247-113-27
8052	255-122-4-2
8053	255-24-215-202
8054	255-232-213-56
8055	255-53-243-148
8056	255-53-243-148
8057	255-128-254-83
8058	255-70-122-242
8059	255-70-122-242
8060	255-24-215-202
8061	255-70-122-242
8062	255-70-122-242
8063	255-128-254-83
8064	255-232-213-56
8065	255-24-215-202
8066	255-232-213-56
8067	255-70-122-242
8068	255-70-122-242
8069	255-70-122-242
8070	255-247-113-27
8071	255-24-215-202
8072	255-70-122-242
8073	255-247-113-27
8074	255-247-113-27
8075	255-247-113-27
8076	255-232-213-56
8077	255-247-113-27
8078	255-24-215-202
8079	255-187-244-52
8080	255-232-213-56
8081	255-24-215-202
8082	255-232-213-56
8083	255-247-113-27
8084	255-24-215-202
8085	255-24-215-202
8086	255-247-113-27
8087	255-247-113-27
8088	255-24-215-202
8089	255-24-215-202
8090	255-24-215-202
8091	255-180-27-1
8092	255-70-122-242
8093	255-70-122-242
8094	255-70-122-242
8095	255-70-122-242
8096	255-70-122-242
8097	255-70-122-242
8098	255-24-215-202
8099	255-70-122-242
8100	255-24-215-202
8101	255-53-243-148
8102	255-70-122-242
8103	255-53-243-148
8104	255-53-243-148
8105	255-232-213-56
8106	255-24-215-202
8107	255-232-213-56
8108	255-247-113-27
8109	255-24-215-202
8110	255-247-113-27
8111	255-24-215-202
8112	255-24-215-202
8113	255-24-215-202
8114	255-24-215-202
8115	255-24-215-202
8116	255-24-215-202
8117	255-24-215-202
8118	255-24-215-202
8119	255-24-215-202
8120	255-24-215-202
8121	255-24-215-202
8122	255-24-215-202
8123	255-232-213-56
8124	255-24-215-202
8125	255-247-113-27
8126	255-70-122-242
8127	255-247-113-27
8128	255-24-215-202
8129	255-128-254-83
8130	255-247-113-27
8131	255-128-254-83
8132	255-70-122-242
8133	255-24-215-202
8134	255-24-215-202
8135	255-24-215-202
8136	255-24-215-202
8137	255-247-113-27
8138	255-24-215-202
8139	255-24-215-202
8140	255-24-215-202
8141	255-128-254-83
8142	255-122-4-2
8143	255-24-215-202
8144	255-128-254-83
8145	255-24-215-202
8146	255-180-27-1
8147	255-24-215-202
8148	255-24-215-202
8149	255-128-254-83
8150	255-24-215-202
8151	255-247-113-27
8152	255-24-215-202
8153	255-24-215-202
8154	255-24-215-202
8155	255-24-215-202
8156	255-24-215-202
8157	255-24-215-202
8158	255-70-122-242
8159	255-24-215-202
8160	255-53-243-148
8161	255-70-122-242
8162	255-24-215-202
8163	255-24-215-202
8164	255-53-243-148
8165	255-53-243-148
8166	255-24-215-202
8167	255-24-215-202
8168	255-24-215-202
8169	255-24-215-202
8170	255-128-254-83
8171	255-128-254-83
8172	255-70-122-242
8173	255-128-254-83
8174	255-70-122-242
8175	255-24-215-202
8176	255-53-243-148
8177	255-53-243-148
8178	255-70-122-242
8179	255-53-243-148
8180	255-70-122-242
8181	255-128-254-83
8182	255-53-243-148
8183	255-24-215-202
8184	255-24-215-202
8185	255-247-113-27
8186	255-180-27-1
8187	255-247-113-27
8188	255-70-122-242
8189	255-180-27-1
8190	255-70-122-242
8191	255-24-215-202
8192	255-70-122-242
8193	255-232-213-56
8194	255-232-213-56
8195	255-24-215-202
8196	255-24-215-202
8197	255-24-215-202
8198	255-70-122-242
8199	255-70-122-242
8200	255-24-215-202
8201	255-24-215-202
8202	255-24-215-202
8203	255-24-215-202
8204	255-24-215-202
8205	255-187-244-52
8206	255-70-122-242
8207	255-24-215-202
8208	255-24-215-202
8209	255-24-215-202
8210	255-187-244-52
8211	255-70-122-242
8212	255-70-122-242
8213	255-24-215-202
8214	255-53-243-148
8215	255-53-243-148
8216	255-128-254-83
8217	255-53-243-148
8218	255-70-122-242
8219	255-122-4-2
8220	255-70-122-242
8221	255-24-215-202
8222	255-24-215-202
8223	255-122-4-2
8224	255-247-113-27
8225	255-53-243-148
8226	255-128-254-83
8227	255-128-254-83
8228	255-232-213-56
8229	255-232-213-56
8230	255-232-213-56
8231	255-247-113-27
8232	255-128-254-83
8233	255-128-254-83
8234	255-128-254-83
8235	255-24-215-202
8236	255-247-113-27
8237	255-24-215-202
8238	255-24-215-202
8239	255-24-215-202
8240	255-24-215-202
8241	255-24-215-202
8242	255-24-215-202
8243	255-24-215-202
8244	255-24-215-202
8245	255-24-215-202
8246	255-24-215-202
8247	255-24-215-202
8248	255-24-215-202
8249	255-24-215-202
8250	255-24-215-202
8251	255-24-215-202
8252	255-24-215-202
8253	255-24-215-202
8254	255-24-215-202
8255	255-24-215-202
8256	255-24-215-202
8257	255-24-215-202
8258	255-53-243-148
8259	255-232-213-56
8260	255-70-122-242
8261	255-24-215-202
8262	255-24-215-202
8263	255-24-215-202
8264	255-180-27-1
8265	255-70-122-242
8266	255-24-215-202
8267	255-180-27-1
8268	255-70-122-242
8269	255-53-243-148
8270	255-70-122-242
8271	255-70-122-242
8272	255-70-122-242
8273	255-53-243-148
8274	255-232-213-56
8275	255-24-215-202
8276	255-24-215-202
8277	255-247-113-27
8278	255-24-215-202
8279	255-24-215-202
8280	255-24-215-202
8281	255-24-215-202
8282	255-24-215-202
8283	255-24-215-202
8284	255-70-122-242
8285	255-24-215-202
8286	255-70-122-242
8287	255-24-215-202
8288	255-70-122-242
8289	255-70-122-242
8290	255-24-215-202
8291	255-24-215-202
8292	255-128-254-83
8293	255-24-215-202
8294	255-128-254-83
8295	255-24-215-202
8296	255-53-243-148
8297	255-53-243-148
8298	255-247-113-27
8299	255-53-243-148
8300	255-70-122-242
8301	255-70-122-242
8302	255-70-122-242
8303	255-24-215-202
8304	255-70-122-242
8305	255-70-122-242
8306	255-24-215-202
8307	255-70-122-242
8308	255-70-122-242
8309	255-70-122-242
8310	255-70-122-242
8311	255-70-122-242
8312	255-70-122-242
8313	255-70-122-242
8314	255-70-122-242
8315	255-70-122-242
8316	255-70-122-242
8317	255-24-215-202
8318	255-24-215-202
8319	255-128-254-83
8320	255-232-213-56
8321	255-24-215-202
8322	255-24-215-202
8323	255-24-215-202
8324	255-24-215-202
8325	255-24-215-202
8326	255-128-254-83
8327	255-24-215-202
8328	255-24-215-202
8329	255-232-213-56
8330	255-24-215-202
8331	255-24-215-202
8332	255-70-122-242
8333	255-70-122-242
8334	255-128-254-83
8335	255-128-254-83
8336	255-128-254-83
8337	255-70-122-242
8338	255-24-215-202
8339	255-70-122-242
8340	255-24-215-202
8341	255-128-254-83
8342	255-70-122-242
8343	255-70-122-242
8344	255-70-122-242
8345	255-70-122-242
8346	255-70-122-242
8347	255-70-122-242
8348	255-232-213-56
8349	255-24-215-202
8350	255-24-215-202
8351	255-247-113-27
8352	255-247-113-27
8353	255-24-215-202
8354	255-70-122-242
8355	255-24-215-202
8356	255-70-122-242
8357	255-24-215-202
8358	255-70-122-242
8359	255-70-122-242
8360	255-70-122-242
8361	255-70-122-242
8362	255-247-113-27
8364	255-24-215-202
8365	255-222-62-8
8366	255-70-122-242
8367	255-247-113-27
8368	255-24-215-202
8369	255-53-243-148
8370	255-70-122-242
8371	255-247-113-27
8372	255-70-122-242
8373	255-247-113-27
8374	255-232-213-56
8375	255-128-254-83
8376	255-128-254-83
8377	255-128-254-83
8378	255-128-254-83
8379	255-128-254-83
8380	255-70-122-242
8381	255-247-113-27
8382	255-128-254-83
8383	255-70-122-242
8385	255-247-113-27
8386	255-70-122-242
8387	255-70-122-242
8388	255-247-113-27
8389	255-232-213-56
8390	255-24-215-202
8391	255-24-215-202
8392	255-232-213-56
8393	255-70-122-242
8394	255-24-215-202
8395	255-247-113-27
8396	255-232-213-56
8397	255-24-215-202
8398	255-247-113-27
8399	255-24-215-202
8400	255-247-113-27
8401	255-24-215-202
8402	255-24-215-202
8403	255-128-254-83
8404	255-24-215-202
8405	255-180-27-1
8406	255-24-215-202
8407	255-70-122-242
8408	255-70-122-242
8409	255-247-113-27
8410	255-247-113-27
8411	255-70-122-242
8412	255-128-254-83
8413	255-128-254-83
8414	255-70-122-242
8415	255-24-215-202
8416	255-24-215-202
8417	255-128-254-83
8418	255-24-215-202
8419	255-128-254-83
8420	255-24-215-202
8421	255-128-254-83
8422	255-128-254-83
8423	255-24-215-202
8424	255-122-4-2
8425	255-24-215-202
8426	255-128-254-83
8427	255-24-215-202
8428	255-24-215-202
8429	255-24-215-202
8430	255-24-215-202
8431	255-24-215-202
8432	255-24-215-202
8433	255-24-215-202
8434	255-24-215-202
8435	255-24-215-202
8436	255-53-243-148
8437	255-24-215-202
8438	255-24-215-202
8439	255-24-215-202
8440	255-24-215-202
8441	255-24-215-202
8442	255-24-215-202
8443	255-24-215-202
8444	255-24-215-202
8445	255-53-243-148
8446	255-53-243-148
8447	255-53-243-148
8448	255-70-122-242
8449	255-70-122-242
8450	255-53-243-148
8451	255-24-215-202
8452	255-53-243-148
8453	255-53-243-148
8454	255-24-215-202
8455	255-24-215-202
8456	255-24-215-202
8457	255-70-122-242
8458	255-70-122-242
8459	255-70-122-242
8460	255-24-215-202
8461	255-24-215-202
8462	255-24-215-202
8463	255-232-213-56
8464	255-24-215-202
8465	255-24-215-202
8466	255-24-215-202
8467	255-24-215-202
8468	255-128-254-83
8469	255-24-215-202
8470	255-24-215-202
8471	255-24-215-202
8472	255-128-254-83
8473	255-24-215-202
8474	255-24-215-202
8475	255-24-215-202
8476	255-24-215-202
8477	255-24-215-202
8478	255-24-215-202
8479	255-247-113-27
8480	255-24-215-202
8481	255-187-244-52
8482	255-24-215-202
8483	255-24-215-202
8484	255-70-122-242
8485	255-53-243-148
8486	255-70-122-242
8487	255-53-243-148
8488	255-70-122-242
8489	255-70-122-242
8490	255-70-122-242
8491	255-70-122-242
8492	255-70-122-242
8493	255-70-122-242
8494	255-128-254-83
8495	255-232-213-56
8496	255-128-254-83
8497	255-70-122-242
8498	255-24-215-202
8499	255-70-122-242
8500	255-24-215-202
8501	255-247-113-27
8502	255-24-215-202
8503	255-24-215-202
8504	255-24-215-202
8505	255-24-215-202
8506	255-24-215-202
8507	255-24-215-202
8508	255-24-215-202
8509	255-24-215-202
8510	255-24-215-202
8511	255-24-215-202
8512	255-24-215-202
8513	255-24-215-202
8514	255-24-215-202
8515	255-24-215-202
8516	255-24-215-202
8517	255-24-215-202
8518	255-53-243-148
8519	255-187-244-52
8520	255-53-243-148
8521	255-53-243-148
8522	255-53-243-148
8523	255-24-215-202
8524	255-232-213-56
8525	255-24-215-202
8526	255-24-215-202
8527	255-70-122-242
8528	255-24-215-202
8529	255-70-122-242
8530	255-70-122-242
8531	255-70-122-242
8532	255-70-122-242
8533	255-70-122-242
8534	255-70-122-242
8535	255-247-113-27
8536	255-24-215-202
8537	255-24-215-202
8538	255-247-113-27
8539	255-24-215-202
8540	255-24-215-202
8541	255-247-113-27
8542	255-24-215-202
8543	255-70-122-242
8544	255-128-254-83
8545	255-128-254-83
8546	255-24-215-202
8547	255-70-122-242
8548	255-24-215-202
8549	255-128-254-83
8550	255-53-243-148
8551	255-128-254-83
8552	255-24-215-202
8553	255-70-122-242
8554	255-24-215-202
8555	255-53-243-148
8556	255-53-243-148
8557	255-24-215-202
8558	255-24-215-202
8559	255-70-122-242
8560	255-128-254-83
8561	255-53-243-148
8562	255-70-122-242
8563	255-247-113-27
8564	255-70-122-242
8565	255-24-215-202
8566	255-232-213-56
8567	255-24-215-202
8568	255-24-215-202
8569	255-24-215-202
8570	255-70-122-242
8571	255-24-215-202
8572	255-247-113-27
8573	255-24-215-202
8574	255-128-254-83
8575	255-128-254-83
8576	255-70-122-242
8577	255-128-254-83
8578	255-128-254-83
8579	255-53-243-148
8580	255-53-243-148
8581	255-70-122-242
8582	255-53-243-148
8583	255-70-122-242
8585	255-70-122-242
8586	255-24-215-202
8587	255-24-215-202
8588	255-70-122-242
8589	255-24-215-202
8590	255-70-122-242
8591	255-24-215-202
8592	255-53-243-148
8593	255-247-113-27
8594	255-70-122-242
8595	255-70-122-242
8596	255-24-215-202
8597	255-24-215-202
8598	255-24-215-202
8599	255-232-213-56
8600	255-24-215-202
8601	255-180-27-1
8602	255-180-27-1
8603	255-24-215-202
8604	255-247-113-27
8605	255-70-122-242
8606	255-70-122-242
8607	255-70-122-242
8608	255-70-122-242
8609	255-70-122-242
8610	255-70-122-242
8611	255-232-213-56
8612	255-232-213-56
8613	255-232-213-56
8614	255-232-213-56
8615	255-24-215-202
8616	255-128-254-83
8617	255-24-215-202
8618	255-247-113-27
8619	255-24-215-202
8620	255-70-122-242
8621	255-24-215-202
8622	255-24-215-202
8623	255-24-215-202
8624	255-24-215-202
8625	255-24-215-202
8626	255-24-215-202
8627	255-180-27-1
8628	255-247-113-27
8629	255-180-27-1
8630	255-180-27-1
8631	255-180-27-1
8632	255-24-215-202
8633	255-70-122-242
8634	255-180-27-1
8635	255-128-254-83
8636	255-128-254-83
8637	255-70-122-242
8638	255-128-254-83
8639	255-24-215-202
8640	255-24-215-202
8641	255-24-215-202
8642	255-128-254-83
8643	255-247-113-27
8644	255-128-254-83
8645	255-128-254-83
8646	255-24-215-202
8647	255-24-215-202
8648	255-24-215-202
8649	255-24-215-202
8650	255-24-215-202
8651	255-70-122-242
8652	255-24-215-202
8653	255-24-215-202
8654	255-232-213-56
8655	255-24-215-202
8656	255-70-122-242
8657	255-24-215-202
8658	255-53-243-148
8659	255-24-215-202
8660	255-247-113-27
8661	255-24-215-202
8662	255-53-243-148
8663	255-24-215-202
8664	255-53-243-148
8665	255-53-243-148
8666	255-53-243-148
8667	255-247-113-27
8668	255-122-4-2
8669	255-70-122-242
8670	255-24-215-202
8671	255-53-243-148
8672	255-24-215-202
8673	255-24-215-202
8674	255-128-254-83
8675	255-24-215-202
8676	255-24-215-202
8677	255-24-215-202
8678	255-24-215-202
8679	255-24-215-202
8680	255-247-113-27
8681	255-232-213-56
8682	255-24-215-202
8683	255-70-122-242
8684	255-24-215-202
8685	255-232-213-56
8686	255-247-113-27
8687	255-24-215-202
8688	255-24-215-202
8689	255-24-215-202
8690	255-24-215-202
8691	255-24-215-202
8692	255-128-254-83
8693	255-128-254-83
8694	255-24-215-202
8695	255-128-254-83
8696	255-24-215-202
8697	255-24-215-202
8698	255-70-122-242
8699	255-24-215-202
8700	255-122-4-2
8701	255-53-243-148
8704	255-24-215-202
8705	255-24-215-202
8706	255-70-122-242
8707	255-70-122-242
8708	255-70-122-242
8709	255-128-254-83
8710	255-128-254-83
8711	255-247-113-27
8712	255-24-215-202
8713	255-24-215-202
8714	255-24-215-202
8715	255-24-215-202
8716	255-24-215-202
8717	255-53-243-148
8718	255-24-215-202
8719	255-53-243-148
8720	255-24-215-202
8721	255-24-215-202
8722	255-24-215-202
8723	255-24-215-202
8724	255-24-215-202
8725	255-24-215-202
8726	255-24-215-202
8727	255-128-254-83
8728	255-24-215-202
8729	255-122-4-2
8730	255-247-113-27
8731	255-24-215-202
8732	255-232-213-56
8733	255-232-213-56
8734	255-247-113-27
8735	255-24-215-202
8736	255-24-215-202
8737	255-24-215-202
8738	255-24-215-202
8739	255-24-215-202
8740	255-24-215-202
8741	255-24-215-202
8742	255-53-243-148
8743	255-24-215-202
8744	255-70-122-242
8745	255-247-113-27
8746	255-70-122-242
8747	255-24-215-202
8748	255-24-215-202
8749	255-232-213-56
8750	255-247-113-27
8751	255-247-113-27
8752	255-24-215-202
8753	255-24-215-202
8754	255-24-215-202
8755	255-24-215-202
8756	255-24-215-202
8757	255-24-215-202
8758	255-24-215-202
8759	255-24-215-202
8760	255-24-215-202
8761	255-53-243-148
8762	255-70-122-242
8763	255-70-122-242
8764	255-222-62-8
8765	255-70-122-242
8766	255-70-122-242
8767	255-70-122-242
8768	255-70-122-242
8769	255-70-122-242
8770	255-247-113-27
8771	255-232-213-56
8772	255-24-215-202
8773	255-247-113-27
8774	255-70-122-242
8775	255-70-122-242
8776	255-70-122-242
8777	255-24-215-202
8778	255-70-122-242
8779	255-24-215-202
8780	255-70-122-242
8781	255-53-243-148
8782	255-24-215-202
8783	255-24-215-202
8784	255-70-122-242
8785	255-70-122-242
8786	255-51-172-246
8787	255-70-122-242
8788	255-53-243-148
8789	255-128-254-83
8790	255-70-122-242
8791	255-53-243-148
8792	255-24-215-202
8793	255-70-122-242
8794	255-70-122-242
8795	255-70-122-242
8796	255-232-213-56
8797	255-232-213-56
8798	255-232-213-56
8799	255-24-215-202
8800	255-232-213-56
8801	255-53-243-148
8802	255-247-113-27
8803	255-128-254-83
8804	255-24-215-202
8805	255-24-215-202
8806	255-70-122-242
8807	255-24-215-202
8808	255-24-215-202
8809	255-24-215-202
8810	255-232-213-56
8811	255-24-215-202
8812	255-24-215-202
8813	255-232-213-56
8814	255-232-213-56
8815	255-128-254-83
8816	255-128-254-83
8817	255-53-243-148
8818	255-53-243-148
8819	255-53-243-148
8820	255-70-122-242
8821	255-70-122-242
8822	255-247-113-27
8823	255-128-254-83
8824	255-24-215-202
8825	255-247-113-27
8826	255-24-215-202
8827	255-24-215-202
8828	255-128-254-83
8829	255-24-215-202
8830	255-24-215-202
8831	255-24-215-202
8832	255-24-215-202
8833	255-70-122-242
8834	255-53-243-148
8835	255-53-243-148
8836	255-53-243-148
8837	255-53-243-148
8838	255-128-254-83
8839	255-128-254-83
8840	255-53-243-148
8841	255-24-215-202
8842	255-70-122-242
8843	255-24-215-202
8844	255-24-215-202
8845	255-24-215-202
8846	255-53-243-148
8847	255-24-215-202
8848	255-70-122-242
8849	255-128-254-83
8850	255-24-215-202
8851	255-24-215-202
8852	255-70-122-242
8853	255-70-122-242
8854	255-24-215-202
8855	255-24-215-202
8856	255-70-122-242
8857	255-24-215-202
8858	255-70-122-242
8859	255-128-254-83
8860	255-128-254-83
8861	255-24-215-202
8862	255-24-215-202
8863	255-128-254-83
8864	255-122-4-2
8865	255-247-113-27
8866	255-24-215-202
8867	255-24-215-202
8868	255-128-254-83
8869	255-180-27-1
8870	255-70-122-242
8871	255-70-122-242
8872	255-70-122-242
8873	255-53-243-148
8874	255-232-213-56
8875	255-53-243-148
8876	255-232-213-56
8877	255-128-254-83
8878	255-247-113-27
8879	255-247-113-27
8880	255-24-215-202
8881	255-24-215-202
8882	255-24-215-202
8883	255-24-215-202
8884	255-187-244-52
8885	255-128-254-83
8886	255-70-122-242
8887	255-70-122-242
8888	255-70-122-242
8889	255-247-113-27
8890	255-24-215-202
8891	255-128-254-83
8892	255-232-213-56
8893	255-53-243-148
8894	255-247-113-27
8895	255-122-4-2
8896	255-122-4-2
8897	255-24-215-202
8898	255-24-215-202
8899	255-70-122-242
8900	255-24-215-202
8901	255-24-215-202
8902	255-70-122-242
8903	255-24-215-202
8904	255-24-215-202
8905	255-70-122-242
8906	255-70-122-242
8907	255-232-213-56
8908	255-247-113-27
8909	255-24-215-202
8910	255-24-215-202
8911	255-24-215-202
8912	255-24-215-202
8913	255-24-215-202
8914	255-70-122-242
8915	255-24-215-202
8916	255-70-122-242
8917	255-70-122-242
8918	255-70-122-242
8919	255-70-122-242
8920	255-70-122-242
8921	255-232-213-56
8922	255-70-122-242
8923	255-180-27-1
8924	255-24-215-202
8925	255-24-215-202
8926	255-247-113-27
8927	255-24-215-202
8928	255-128-254-83
8929	255-24-215-202
8930	255-24-215-202
8931	255-70-122-242
8932	255-24-215-202
8933	255-24-215-202
8934	255-24-215-202
8935	255-24-215-202
8936	255-128-254-83
8937	255-128-254-83
8938	255-128-254-83
8939	255-70-122-242
8940	255-247-113-27
8941	255-128-254-83
8942	255-128-254-83
8943	255-51-172-246
8944	255-24-215-202
8945	255-24-215-202
8946	255-70-122-242
8947	255-128-254-83
8948	255-128-254-83
8949	255-128-254-83
8950	255-247-113-27
8951	255-247-113-27
8952	255-24-215-202
8953	255-128-254-83
8954	255-122-4-2
8955	255-232-213-56
8956	255-70-122-242
8957	255-232-213-56
8958	255-24-215-202
8959	255-232-213-56
8960	255-24-215-202
8961	255-24-215-202
8962	255-70-122-242
8963	255-70-122-242
8964	255-24-215-202
8965	255-24-215-202
8966	255-24-215-202
8967	255-24-215-202
8968	255-24-215-202
8969	255-128-254-83
8970	255-24-215-202
8971	255-24-215-202
8972	255-53-243-148
8973	255-24-215-202
8974	255-24-215-202
8975	255-24-215-202
8976	255-24-215-202
8977	255-70-122-242
8978	255-247-113-27
8979	255-122-4-2
8980	255-24-215-202
8981	255-122-4-2
8982	255-24-215-202
8983	255-128-254-83
8984	255-70-122-242
8985	255-70-122-242
8986	255-24-215-202
8987	255-53-243-148
8988	255-128-254-83
8989	255-128-254-83
8990	255-53-243-148
8991	255-53-243-148
8992	255-128-254-83
8993	255-232-213-56
8994	255-70-122-242
8995	255-70-122-242
8996	255-24-215-202
8997	255-24-215-202
8998	255-24-215-202
8999	255-24-215-202
9000	255-24-215-202
9001	255-24-215-202
9002	255-24-215-202
9003	255-24-215-202
9004	255-24-215-202
9005	255-24-215-202
9006	255-70-122-242
9007	255-24-215-202
9008	255-24-215-202
9009	255-24-215-202
9010	255-70-122-242
9011	255-128-254-83
9012	255-122-4-2
9013	255-70-122-242
9014	255-70-122-242
9015	255-70-122-242
9016	255-24-215-202
9017	255-24-215-202
9018	255-70-122-242
9019	255-232-213-56
9020	255-24-215-202
9021	255-24-215-202
9022	255-53-243-148
9023	255-232-213-56
9024	255-128-254-83
9025	255-128-254-83
9026	255-128-254-83
9027	255-128-254-83
9028	255-70-122-242
9029	255-51-172-246
9030	255-122-4-2
9031	255-24-215-202
9032	255-128-254-83
9033	255-24-215-202
9034	255-24-215-202
9035	255-128-254-83
9036	255-128-254-83
9037	255-232-213-56
9038	255-53-243-148
9039	255-187-244-52
9040	255-247-113-27
9041	255-128-254-83
9042	255-24-215-202
9043	255-70-122-242
9044	255-70-122-242
9045	255-70-122-242
9046	255-24-215-202
9047	255-70-122-242
9048	255-232-213-56
9049	255-24-215-202
9050	255-24-215-202
9051	255-70-122-242
9052	255-70-122-242
9053	255-70-122-242
9054	255-232-213-56
9055	255-232-213-56
9056	255-232-213-56
9057	255-232-213-56
9058	255-24-215-202
9059	255-24-215-202
9060	255-128-254-83
9061	255-128-254-83
9062	255-70-122-242
9063	255-51-172-246
9064	255-128-254-83
9065	255-24-215-202
9066	255-128-254-83
9067	255-53-243-148
9068	255-128-254-83
9069	255-24-215-202
9070	255-24-215-202
9071	255-53-243-148
9072	255-24-215-202
9073	255-128-254-83
9074	255-128-254-83
9075	255-53-243-148
9076	255-232-213-56
9077	255-24-215-202
9078	255-24-215-202
9079	255-232-213-56
9080	255-53-243-148
9081	255-247-113-27
9082	255-128-254-83
9083	255-232-213-56
9084	255-70-122-242
9085	255-128-254-83
9086	255-24-215-202
9087	255-70-122-242
9088	255-128-254-83
9089	255-247-113-27
9090	255-232-213-56
9091	255-24-215-202
9092	255-128-254-83
9093	255-128-254-83
9094	255-128-254-83
9095	255-128-254-83
9096	255-128-254-83
9097	255-128-254-83
9098	255-24-215-202
9099	255-232-213-56
9100	255-24-215-202
9101	255-24-215-202
9102	255-24-215-202
9103	255-24-215-202
9104	255-24-215-202
9105	255-24-215-202
9106	255-24-215-202
9107	255-24-215-202
9108	255-24-215-202
9109	255-24-215-202
9110	255-24-215-202
9111	255-24-215-202
9112	255-24-215-202
9113	255-53-243-148
9114	255-24-215-202
9115	255-24-215-202
9116	255-24-215-202
9117	255-24-215-202
9118	255-24-215-202
9119	255-53-243-148
9120	255-70-122-242
9121	255-24-215-202
9122	255-24-215-202
9123	255-70-122-242
9124	255-24-215-202
9125	255-24-215-202
9126	255-187-244-52
9127	255-24-215-202
9128	255-128-254-83
9129	255-128-254-83
9130	255-128-254-83
9131	255-128-254-83
9132	255-232-213-56
9133	255-24-215-202
9134	255-24-215-202
9135	255-70-122-242
9136	255-24-215-202
9137	255-24-215-202
9138	255-24-215-202
9139	255-247-113-27
9140	255-24-215-202
9141	255-70-122-242
9142	255-24-215-202
9143	255-24-215-202
9144	255-24-215-202
9145	255-24-215-202
9146	255-70-122-242
9147	255-24-215-202
9148	255-70-122-242
9149	255-24-215-202
9150	255-24-215-202
9151	255-70-122-242
9152	255-70-122-242
9153	255-180-27-1
9154	255-70-122-242
9155	255-70-122-242
9156	255-24-215-202
9157	255-232-213-56
9158	255-232-213-56
9159	255-128-254-83
9160	255-128-254-83
9161	255-247-113-27
9162	255-24-215-202
9163	255-53-243-148
9164	255-53-243-148
9165	255-53-243-148
9166	255-53-243-148
9167	255-187-244-52
9168	255-24-215-202
9169	255-24-215-202
9170	255-128-254-83
9171	255-24-215-202
9172	255-24-215-202
9173	255-24-215-202
9174	255-24-215-202
9175	255-70-122-242
9176	255-24-215-202
9177	255-232-213-56
9179	255-70-122-242
9180	255-70-122-242
9181	255-70-122-242
9182	255-232-213-56
9183	255-128-254-83
9184	255-128-254-83
9185	255-24-215-202
9186	255-128-254-83
9187	255-128-254-83
9188	255-128-254-83
9189	255-247-113-27
9190	255-51-172-246
9191	255-24-215-202
9192	255-128-254-83
9193	255-53-243-148
9194	255-53-243-148
9195	255-53-243-148
9196	255-53-243-148
9197	255-128-254-83
9198	255-53-243-148
9199	255-232-213-56
9200	255-232-213-56
9201	255-24-215-202
9202	255-70-122-242
9203	255-232-213-56
9204	255-232-213-56
9205	255-70-122-242
9206	255-70-122-242
9207	255-24-215-202
9208	255-24-215-202
9209	255-24-215-202
9210	255-70-122-242
9211	255-24-215-202
9212	255-24-215-202
9213	255-24-215-202
9214	255-24-215-202
9215	255-24-215-202
9216	255-24-215-202
9217	255-24-215-202
9218	255-24-215-202
9219	255-24-215-202
9220	255-24-215-202
9221	255-24-215-202
9222	255-24-215-202
9223	255-24-215-202
9224	255-53-243-148
9225	255-70-122-242
9226	255-128-254-83
9227	255-70-122-242
9228	255-53-243-148
9229	255-128-254-83
9230	255-128-254-83
9231	255-128-254-83
9232	255-128-254-83
9233	255-53-243-148
9234	255-70-122-242
9235	255-122-4-2
9237	255-70-122-242
9238	255-247-113-27
9239	255-24-215-202
9241	255-70-122-242
9242	255-232-213-56
9243	255-24-215-202
9244	255-128-254-83
9245	255-128-254-83
9246	255-128-254-83
9247	255-232-213-56
9248	255-24-215-202
9249	255-24-215-202
9250	255-24-215-202
9251	255-24-215-202
9252	255-128-254-83
9253	255-24-215-202
9254	255-24-215-202
9255	255-24-215-202
9256	255-24-215-202
9257	255-24-215-202
9258	255-128-254-83
9259	255-53-243-148
9260	255-24-215-202
9261	255-53-243-148
9262	255-128-254-83
9263	255-128-254-83
9264	255-24-215-202
9265	255-24-215-202
9266	255-24-215-202
9267	255-70-122-242
9268	255-24-215-202
9269	255-24-215-202
9270	255-70-122-242
9271	255-128-254-83
9272	255-247-113-27
9273	255-232-213-56
9274	255-247-113-27
9275	255-70-122-242
9276	255-247-113-27
9277	255-24-215-202
9278	255-247-113-27
9279	255-247-113-27
9280	255-24-215-202
9281	255-247-113-27
9282	255-232-213-56
9283	255-232-213-56
9284	255-70-122-242
9285	255-247-113-27
9286	255-24-215-202
9287	255-232-213-56
9288	255-247-113-27
9289	255-24-215-202
9290	255-70-122-242
9291	255-187-244-52
9292	255-70-122-242
9293	255-53-243-148
9294	255-70-122-242
9295	255-70-122-242
9296	255-70-122-242
9297	255-232-213-56
9298	255-24-215-202
9299	255-53-243-148
9300	255-232-213-56
9301	255-24-215-202
9302	255-232-213-56
9303	255-128-254-83
9304	255-128-254-83
9305	255-24-215-202
9306	255-232-213-56
9307	255-24-215-202
9308	255-24-215-202
9309	255-70-122-242
9310	255-24-215-202
9311	255-24-215-202
9312	255-24-215-202
9313	255-24-215-202
9314	255-24-215-202
9315	255-24-215-202
9316	255-24-215-202
9317	255-24-215-202
9318	255-24-215-202
9319	255-24-215-202
9320	255-24-215-202
9321	255-24-215-202
9322	255-24-215-202
9323	255-24-215-202
9324	255-24-215-202
9325	255-53-243-148
9326	255-24-215-202
9327	255-24-215-202
9328	255-24-215-202
9329	255-128-254-83
9330	255-70-122-242
9331	255-53-243-148
9332	255-53-243-148
9333	255-128-254-83
9334	255-128-254-83
9335	255-122-4-2
9336	255-24-215-202
9337	255-70-122-242
9338	255-24-215-202
9339	255-70-122-242
9340	255-232-213-56
9341	255-70-122-242
9342	255-187-244-52
9343	255-128-254-83
9344	255-232-213-56
9345	255-24-215-202
9346	255-24-215-202
9347	255-70-122-242
9348	255-24-215-202
9349	255-24-215-202
9350	255-24-215-202
9351	255-24-215-202
9352	255-122-4-2
9353	255-24-215-202
9354	255-24-215-202
9355	255-128-254-83
9356	255-128-254-83
9357	255-128-254-83
9358	255-24-215-202
9359	255-24-215-202
9360	255-24-215-202
9361	255-122-4-2
9362	255-128-254-83
9363	255-51-172-246
9364	255-24-215-202
9365	255-24-215-202
9366	255-70-122-242
9367	255-51-172-246
9368	255-128-254-83
9369	255-122-4-2
9370	255-247-113-27
9371	255-70-122-242
9372	255-70-122-242
9373	255-24-215-202
9374	255-24-215-202
9375	255-24-215-202
9376	255-24-215-202
9377	255-232-213-56
9378	255-247-113-27
9379	255-232-213-56
9380	255-24-215-202
9381	255-70-122-242
9382	255-70-122-242
9383	255-128-254-83
9384	255-187-244-52
9385	255-187-244-52
9386	255-70-122-242
9387	255-70-122-242
9388	255-24-215-202
9389	255-128-254-83
9390	255-51-172-246
9391	255-24-215-202
9392	255-24-215-202
9393	255-24-215-202
9394	255-24-215-202
9395	255-24-215-202
9396	255-128-254-83
9397	255-24-215-202
9398	255-24-215-202
9399	255-24-215-202
9400	255-24-215-202
9401	255-24-215-202
9402	255-24-215-202
9403	255-24-215-202
9404	255-24-215-202
9405	255-24-215-202
9406	255-24-215-202
9407	255-24-215-202
9408	255-24-215-202
9409	255-51-172-246
9410	255-51-172-246
9411	255-24-215-202
9412	255-24-215-202
9413	255-24-215-202
9414	255-24-215-202
9415	255-24-215-202
9416	255-24-215-202
9417	255-24-215-202
9418	255-24-215-202
9419	255-24-215-202
9420	255-53-243-148
9421	255-128-254-83
9422	255-53-243-148
9423	255-53-243-148
9424	255-53-243-148
9425	255-53-243-148
9426	255-128-254-83
9427	255-247-113-27
9428	255-70-122-242
9429	255-70-122-242
9430	255-128-254-83
9431	255-232-213-56
9432	255-232-213-56
9433	255-24-215-202
9434	255-24-215-202
9435	255-24-215-202
9436	255-24-215-202
9437	255-128-254-83
9438	255-24-215-202
9439	255-24-215-202
9440	255-128-254-83
9441	255-53-243-148
9442	255-53-243-148
9443	255-24-215-202
9444	255-51-172-246
9445	255-122-4-2
9446	255-24-215-202
9447	255-53-243-148
9448	255-122-4-2
9449	255-53-243-148
9450	255-53-243-148
9451	255-24-215-202
9452	255-24-215-202
9453	255-24-215-202
9454	255-247-113-27
9455	255-70-122-242
9456	255-70-122-242
9457	255-70-122-242
9458	255-128-254-83
9459	255-232-213-56
9460	255-247-113-27
9461	255-247-113-27
9462	255-122-4-2
9463	255-247-113-27
9464	255-128-254-83
9465	255-53-243-148
9466	255-24-215-202
9467	255-247-113-27
9468	255-24-215-202
9469	255-247-113-27
9470	255-70-122-242
9471	255-24-215-202
9472	255-70-122-242
9473	255-128-254-83
9474	255-232-213-56
9475	255-70-122-242
9476	255-232-213-56
9477	255-53-243-148
9478	255-24-215-202
9479	255-24-215-202
9480	255-24-215-202
9481	255-24-215-202
9482	255-232-213-56
9483	255-24-215-202
9484	255-24-215-202
9485	255-128-254-83
9486	255-24-215-202
9487	255-24-215-202
9488	255-187-244-52
9489	255-232-213-56
9490	255-128-254-83
9491	255-122-4-2
9492	255-187-244-52
9493	255-187-244-52
9494	255-128-254-83
9495	255-70-122-242
9496	255-24-215-202
9497	255-128-254-83
9498	255-24-215-202
9499	255-24-215-202
9500	255-24-215-202
9501	255-24-215-202
9502	255-24-215-202
9503	255-70-122-242
9504	255-51-172-246
9505	255-24-215-202
9506	255-24-215-202
9507	255-24-215-202
9508	255-24-215-202
9509	255-24-215-202
9510	255-24-215-202
9511	255-24-215-202
9512	255-24-215-202
9513	255-24-215-202
9514	255-24-215-202
9515	255-24-215-202
9516	255-51-172-246
9517	255-24-215-202
9518	255-24-215-202
9519	255-24-215-202
9520	255-51-172-246
9521	255-24-215-202
9522	255-128-254-83
9523	255-24-215-202
9524	255-70-122-242
9525	255-51-172-246
9526	255-24-215-202
9527	255-24-215-202
9528	255-70-122-242
9529	255-24-215-202
9530	255-24-215-202
9531	255-53-243-148
9532	255-187-244-52
9533	255-53-243-148
9534	255-53-243-148
9535	255-53-243-148
9536	255-24-215-202
9537	255-122-4-2
9538	255-247-113-27
9539	255-24-215-202
9540	255-122-4-2
9541	255-232-213-56
9542	255-53-243-148
9543	255-53-243-148
9544	255-128-254-83
9545	255-53-243-148
9546	255-53-243-148
9547	255-128-254-83
9548	255-128-254-83
9549	255-70-122-242
9550	255-24-215-202
9551	255-24-215-202
9552	255-24-215-202
9553	255-24-215-202
9554	255-187-244-52
9555	255-24-215-202
9556	255-53-243-148
9557	255-24-215-202
9558	255-53-243-148
9559	255-53-243-148
9560	255-70-122-242
9561	255-187-244-52
9562	255-24-215-202
9563	255-53-243-148
9564	255-24-215-202
9565	255-128-254-83
9566	255-53-243-148
9567	255-51-172-246
9568	255-128-254-83
9569	255-24-215-202
9570	255-70-122-242
9571	255-70-122-242
9572	255-24-215-202
9573	255-24-215-202
9574	255-24-215-202
9575	255-24-215-202
9576	255-232-213-56
9577	255-232-213-56
9578	255-232-213-56
9579	255-128-254-83
9580	255-232-213-56
9581	255-24-215-202
9582	255-247-113-27
9583	255-53-243-148
9584	255-53-243-148
9585	255-53-243-148
9586	255-53-243-148
9587	255-24-215-202
9588	255-24-215-202
9589	255-24-215-202
9590	255-24-215-202
9591	255-232-213-56
9592	255-24-215-202
9593	255-70-122-242
9594	255-128-254-83
9596	255-24-215-202
9597	255-70-122-242
9598	255-70-122-242
9599	255-24-215-202
9600	255-232-213-56
9601	255-232-213-56
9602	255-70-122-242
9603	255-232-213-56
9604	255-70-122-242
9605	255-232-213-56
9606	255-232-213-56
9607	255-24-215-202
9608	255-232-213-56
9609	255-253-171-51
9610	255-24-215-202
9611	255-24-215-202
9612	255-24-215-202
9613	255-24-215-202
9614	255-24-215-202
9615	255-24-215-202
9616	255-24-215-202
9617	255-24-215-202
9618	255-24-215-202
9619	255-128-254-83
9620	255-24-215-202
9621	255-24-215-202
9622	255-24-215-202
9623	255-24-215-202
9624	255-24-215-202
9625	255-24-215-202
9626	255-24-215-202
9627	255-24-215-202
9628	255-24-215-202
9629	255-24-215-202
9630	255-24-215-202
9631	255-24-215-202
9632	255-24-215-202
9633	255-24-215-202
9634	255-24-215-202
9635	255-187-244-52
9636	255-187-244-52
9637	255-232-213-56
9638	255-247-113-27
9639	255-187-244-52
9640	255-187-244-52
9641	255-187-244-52
9642	255-70-122-242
9643	255-247-113-27
9644	255-24-215-202
9645	255-24-215-202
9646	255-128-254-83
9647	255-70-122-242
9648	255-24-215-202
9649	255-70-122-242
9650	255-70-122-242
9651	255-24-215-202
9652	255-24-215-202
9653	255-70-122-242
9654	255-24-215-202
9655	255-24-215-202
9656	255-24-215-202
9657	255-24-215-202
9658	255-24-215-202
9659	255-24-215-202
9660	255-24-215-202
9661	255-24-215-202
9662	255-70-122-242
9663	255-24-215-202
9664	255-24-215-202
9665	255-24-215-202
9666	255-232-213-56
9667	255-24-215-202
9668	255-24-215-202
9669	255-24-215-202
9670	255-24-215-202
9671	255-122-4-2
9672	255-53-243-148
9673	255-53-243-148
9674	255-53-243-148
9675	255-53-243-148
9676	255-187-244-52
9677	255-53-243-148
9678	255-70-122-242
9679	255-24-215-202
9680	255-122-4-2
9681	255-70-122-242
9682	255-70-122-242
9683	255-128-254-83
9684	255-128-254-83
9685	255-53-243-148
9686	255-128-254-83
9687	255-128-254-83
9688	255-128-254-83
9689	255-232-213-56
9690	255-70-122-242
9691	255-24-215-202
9692	255-24-215-202
9693	255-24-215-202
9694	255-187-244-52
9695	255-24-215-202
9696	255-53-243-148
9697	255-70-122-242
9698	255-24-215-202
9699	255-24-215-202
9700	255-53-243-148
9701	255-70-122-242
9702	255-53-243-148
9703	255-53-243-148
9704	255-24-215-202
9705	255-53-243-148
9706	255-187-244-52
9707	255-70-122-242
9708	255-70-122-242
9709	255-24-215-202
9710	255-24-215-202
9711	255-128-254-83
9712	255-24-215-202
9713	255-128-254-83
9714	255-128-254-83
9715	255-232-213-56
9716	255-70-122-242
9717	255-128-254-83
9718	255-70-122-242
9719	255-122-4-2
9720	255-128-254-83
9721	255-122-4-2
9722	255-24-215-202
9723	255-24-215-202
9724	255-187-244-52
9725	255-51-172-246
9726	255-24-215-202
9727	255-53-243-148
9728	255-53-243-148
9729	255-24-215-202
9730	255-24-215-202
9731	255-24-215-202
9732	255-24-215-202
9733	255-24-215-202
9734	255-24-215-202
9735	255-70-122-242
9736	255-70-122-242
9737	255-24-215-202
9738	255-24-215-202
9739	255-24-215-202
9741	255-70-122-242
9742	255-232-213-56
9743	255-232-213-56
9744	255-232-213-56
9745	255-232-213-56
9746	255-128-254-83
9747	255-70-122-242
9748	255-70-122-242
9749	255-232-213-56
9750	255-232-213-56
9751	255-24-215-202
9752	255-232-213-56
9753	255-232-213-56
9754	255-24-215-202
9755	255-247-113-27
9756	255-24-215-202
9757	255-24-215-202
9758	255-128-254-83
9759	255-24-215-202
9760	255-70-122-242
9761	255-24-215-202
9762	255-70-122-242
9763	255-24-215-202
9764	255-24-215-202
9765	255-24-215-202
9766	255-24-215-202
9767	255-53-243-148
9768	255-24-215-202
9769	255-24-215-202
9770	255-24-215-202
9771	255-128-254-83
9772	255-24-215-202
9773	255-24-215-202
9774	255-24-215-202
9775	255-24-215-202
9776	255-24-215-202
9777	255-24-215-202
9778	255-24-215-202
9779	255-24-215-202
9780	255-70-122-242
9781	255-24-215-202
9782	255-24-215-202
9783	255-24-215-202
9784	255-24-215-202
9785	255-24-215-202
9786	255-128-254-83
9787	255-24-215-202
9788	255-24-215-202
9789	255-24-215-202
9790	255-24-215-202
9791	255-24-215-202
9792	255-128-254-83
9793	255-128-254-83
9794	255-24-215-202
9795	255-24-215-202
9796	255-128-254-83
9797	255-187-244-52
9798	255-24-215-202
9799	255-24-215-202
9800	255-187-244-52
9801	255-24-215-202
9802	255-128-254-83
9803	255-53-243-148
9804	255-247-113-27
9805	255-24-215-202
9806	255-24-215-202
9807	255-180-27-1
9808	255-180-27-1
9809	255-24-215-202
9810	255-180-27-1
9811	255-24-215-202
9812	255-24-215-202
9813	255-24-215-202
9814	255-70-122-242
9815	255-70-122-242
9816	255-24-215-202
9817	255-24-215-202
9818	255-253-171-51
9819	255-24-215-202
9820	255-24-215-202
9821	255-24-215-202
9822	255-24-215-202
9823	255-24-215-202
9824	255-24-215-202
9825	255-24-215-202
9826	255-24-215-202
9827	255-180-27-1
9828	255-24-215-202
9829	255-122-4-2
9830	255-24-215-202
9831	255-24-215-202
9832	255-24-215-202
9833	255-24-215-202
9834	255-128-254-83
9835	255-24-215-202
9836	255-24-215-202
9837	255-247-113-27
9838	255-53-243-148
9839	255-128-254-83
9840	255-24-215-202
9841	255-24-215-202
9842	255-24-215-202
9843	255-24-215-202
9844	255-122-4-2
9845	255-53-243-148
9846	255-70-122-242
9847	255-122-4-2
9848	255-70-122-242
9849	255-122-4-2
9850	255-128-254-83
9851	255-247-113-27
9852	255-24-215-202
9853	255-247-113-27
9854	255-122-4-2
9855	255-128-254-83
9856	255-247-113-27
9857	255-128-254-83
9858	255-128-254-83
9859	255-70-122-242
9860	255-128-254-83
9861	255-232-213-56
9862	255-24-215-202
9863	255-128-254-83
9864	255-24-215-202
9865	255-24-215-202
9866	255-24-215-202
9867	255-232-213-56
9868	255-70-122-242
9869	255-24-215-202
9870	255-24-215-202
9871	255-70-122-242
9872	255-24-215-202
9873	255-24-215-202
9874	255-53-243-148
9875	255-24-215-202
9876	255-24-215-202
9877	255-24-215-202
9878	255-24-215-202
9879	255-24-215-202
9880	255-24-215-202
9881	255-24-215-202
9882	255-24-215-202
9883	255-24-215-202
9884	255-24-215-202
9885	255-24-215-202
9886	255-187-244-52
9887	255-187-244-52
9888	255-24-215-202
9889	255-122-4-2
9890	255-247-113-27
9891	255-70-122-242
9892	255-24-215-202
9893	255-24-215-202
9894	255-24-215-202
9895	255-70-122-242
9896	255-24-215-202
9897	255-24-215-202
9898	255-24-215-202
9899	255-128-254-83
9900	255-247-113-27
9901	255-232-213-56
9902	255-232-213-56
9903	255-232-213-56
9904	255-53-243-148
9905	255-24-215-202
9906	255-24-215-202
9907	255-187-244-52
9908	255-24-215-202
9909	255-187-244-52
9910	255-24-215-202
9911	255-24-215-202
9912	255-24-215-202
9913	255-53-243-148
9914	255-51-172-246
9915	255-24-215-202
9916	255-187-244-52
9917	255-70-122-242
9918	255-24-215-202
9919	255-24-215-202
9920	255-24-215-202
9921	255-24-215-202
9922	255-128-254-83
9923	255-232-213-56
9924	255-24-215-202
9925	255-24-215-202
9926	255-247-113-27
9927	255-128-254-83
9928	255-51-172-246
9929	255-70-122-242
9930	255-70-122-242
9931	255-128-254-83
9932	255-70-122-242
9933	255-70-122-242
9934	255-70-122-242
9935	255-70-122-242
9936	255-70-122-242
9937	255-128-254-83
9938	255-128-254-83
9939	255-232-213-56
9940	255-24-215-202
9941	255-24-215-202
9942	255-232-213-56
9943	255-24-215-202
9944	255-24-215-202
9945	255-232-213-56
9946	255-24-215-202
9947	255-24-215-202
9948	255-24-215-202
9949	255-232-213-56
9950	255-24-215-202
9951	255-247-113-27
9952	255-70-122-242
9953	255-24-215-202
9954	255-232-213-56
9955	255-24-215-202
9956	255-24-215-202
9957	255-24-215-202
9958	255-247-113-27
9959	255-24-215-202
9960	255-24-215-202
9961	255-24-215-202
9962	255-24-215-202
9963	255-24-215-202
9964	255-24-215-202
9965	255-24-215-202
9966	255-24-215-202
9967	255-247-113-27
9968	255-24-215-202
9969	255-70-122-242
9970	255-24-215-202
9971	255-24-215-202
9972	255-24-215-202
9973	255-70-122-242
9974	255-70-122-242
9975	255-70-122-242
9976	255-70-122-242
9977	255-24-215-202
9978	255-24-215-202
9979	255-128-254-83
9980	255-70-122-242
9981	255-70-122-242
9982	255-24-215-202
9983	255-128-254-83
9984	255-53-243-148
9985	255-24-215-202
9986	255-128-254-83
9987	255-247-113-27
9988	255-53-243-148
9989	255-247-113-27
9990	255-128-254-83
9991	255-24-215-202
9992	255-232-213-56
9993	255-53-243-148
9994	255-70-122-242
9995	255-222-62-8
9996	255-24-215-202
9997	255-24-215-202
9998	255-24-215-202
9999	255-70-122-242
10000	255-24-215-202
10001	255-24-215-202
10002	255-247-113-27
10003	255-24-215-202
10004	255-24-215-202
10005	255-24-215-202
10006	255-24-215-202
10007	255-24-215-202
10008	255-24-215-202
10009	255-24-215-202
10010	255-24-215-202
10011	255-24-215-202
10012	255-24-215-202
10013	255-24-215-202
10014	255-24-215-202
10015	255-24-215-202
10016	255-24-215-202
10017	255-24-215-202
10018	255-232-213-56
10019	255-128-254-83
10020	255-53-243-148
10021	255-53-243-148
10022	255-128-254-83
10023	255-24-215-202
10024	255-180-27-1
10025	255-24-215-202
10026	255-70-122-242
10027	255-70-122-242
10028	255-53-243-148
10029	255-24-215-202
10030	255-24-215-202
10031	255-128-254-83
10032	255-232-213-56
10033	255-53-243-148
10034	255-70-122-242
10035	255-128-254-83
10036	255-232-213-56
10037	255-232-213-56
10038	255-122-4-2
10039	255-222-62-8
10040	255-24-215-202
10041	255-24-215-202
10042	255-24-215-202
10043	255-24-215-202
10044	255-24-215-202
10045	255-24-215-202
10046	255-24-215-202
10047	255-24-215-202
10048	255-24-215-202
10049	255-24-215-202
10050	255-24-215-202
10051	255-24-215-202
10052	255-24-215-202
10053	255-24-215-202
10054	255-24-215-202
10055	255-247-113-27
10056	255-53-243-148
10057	255-24-215-202
10058	255-24-215-202
10059	255-53-243-148
10060	255-24-215-202
10061	255-24-215-202
10062	255-187-244-52
10063	255-24-215-202
10064	255-24-215-202
10065	255-24-215-202
10066	255-24-215-202
10067	255-24-215-202
10068	255-53-243-148
10069	255-24-215-202
10070	255-24-215-202
10071	255-70-122-242
10072	255-24-215-202
10073	255-24-215-202
10074	255-24-215-202
10075	255-247-113-27
10076	255-187-244-52
10077	255-24-215-202
10078	255-187-244-52
10079	255-24-215-202
10080	255-247-113-27
10081	255-24-215-202
10082	255-24-215-202
10083	255-24-215-202
10084	255-24-215-202
10085	255-70-122-242
10086	255-128-254-83
10087	255-24-215-202
10088	255-128-254-83
10089	255-247-113-27
10090	255-24-215-202
10091	255-247-113-27
10092	255-24-215-202
10093	255-24-215-202
10094	255-24-215-202
10095	255-24-215-202
10096	255-232-213-56
10097	255-232-213-56
10098	255-232-213-56
10099	255-70-122-242
10100	255-24-215-202
10101	255-53-243-148
10102	255-53-243-148
10103	255-232-213-56
10104	255-24-215-202
10105	255-24-215-202
10106	255-70-122-242
10107	255-24-215-202
10108	255-222-62-8
10109	255-70-122-242
10110	255-70-122-242
10111	255-70-122-242
10112	255-128-254-83
10113	255-128-254-83
10114	255-232-213-56
10115	255-128-254-83
10116	255-24-215-202
10117	255-24-215-202
10118	255-232-213-56
10119	255-24-215-202
10120	255-232-213-56
10121	255-232-213-56
10122	255-24-215-202
10123	255-24-215-202
10124	255-232-213-56
10125	255-24-215-202
10126	255-247-113-27
10127	255-70-122-242
10128	255-70-122-242
10129	255-70-122-242
10130	255-24-215-202
10131	255-232-213-56
10132	255-24-215-202
10133	255-24-215-202
10134	255-232-213-56
10135	255-24-215-202
10136	255-24-215-202
10137	255-24-215-202
10138	255-24-215-202
10139	255-247-113-27
10140	255-247-113-27
10141	255-24-215-202
10142	255-70-122-242
10143	255-24-215-202
10144	255-232-213-56
10145	255-24-215-202
10146	255-232-213-56
10147	255-70-122-242
10148	255-70-122-242
10149	255-247-113-27
10150	255-222-62-8
10151	255-128-254-83
10152	255-222-62-8
10153	255-247-113-27
10154	255-24-215-202
10155	255-70-122-242
10156	255-70-122-242
10157	255-232-213-56
10158	255-24-215-202
10159	255-24-215-202
10160	255-24-215-202
10161	255-24-215-202
10162	255-24-215-202
10163	255-24-215-202
10164	255-24-215-202
10165	255-24-215-202
10166	255-24-215-202
10167	255-24-215-202
10168	255-24-215-202
10169	255-232-213-56
10170	255-70-122-242
10171	255-24-215-202
10172	255-24-215-202
10173	255-24-215-202
10174	255-24-215-202
10175	255-24-215-202
10176	255-24-215-202
10177	255-24-215-202
10178	255-24-215-202
10179	255-70-122-242
10180	255-122-4-2
10181	255-122-4-2
10182	255-53-243-148
10183	255-53-243-148
10184	255-24-215-202
10185	255-24-215-202
10186	255-24-215-202
10187	255-24-215-202
10188	255-24-215-202
10189	255-70-122-242
10190	255-70-122-242
10191	255-70-122-242
10192	255-70-122-242
10193	255-70-122-242
10194	255-70-122-242
10195	255-70-122-242
10196	255-187-244-52
10197	255-128-254-83
10198	255-232-213-56
10199	255-70-122-242
10200	255-70-122-242
10201	255-24-215-202
10202	255-24-215-202
10203	255-24-215-202
10204	255-24-215-202
10205	255-24-215-202
10206	255-24-215-202
10207	255-70-122-242
10208	255-24-215-202
10209	255-187-244-52
10210	255-24-215-202
10211	255-53-243-148
10212	255-24-215-202
10213	255-24-215-202
10214	255-24-215-202
10215	255-24-215-202
10216	255-24-215-202
10217	255-24-215-202
10218	255-53-243-148
10219	255-122-4-2
10220	255-24-215-202
10221	255-53-243-148
10222	255-187-244-52
10223	255-187-244-52
10224	255-24-215-202
10225	255-70-122-242
10226	255-24-215-202
10227	255-70-122-242
10228	255-24-215-202
10229	255-24-215-202
10230	255-24-215-202
10231	255-24-215-202
10232	255-24-215-202
10233	255-24-215-202
10234	255-24-215-202
10235	255-24-215-202
10236	255-70-122-242
10237	255-24-215-202
10238	255-70-122-242
10239	255-232-213-56
10240	255-24-215-202
10241	255-247-113-27
10242	255-24-215-202
10243	255-24-215-202
10244	255-24-215-202
10245	255-24-215-202
10246	255-247-113-27
10247	255-24-215-202
10248	255-24-215-202
10249	255-187-244-52
10250	255-24-215-202
10251	255-247-113-27
10252	255-24-215-202
10253	255-70-122-242
10254	255-53-243-148
10255	255-128-254-83
10256	255-24-215-202
10257	255-128-254-83
10258	255-128-254-83
10259	255-128-254-83
10260	255-70-122-242
10261	255-70-122-242
10262	255-122-4-2
10263	255-53-243-148
10264	255-53-243-148
10265	255-122-4-2
10266	255-247-113-27
10267	255-70-122-242
10268	255-70-122-242
10269	255-70-122-242
10270	255-70-122-242
10271	255-24-215-202
10272	255-24-215-202
10273	255-24-215-202
10274	255-222-62-8
10275	255-53-243-148
10276	255-128-254-83
10277	255-53-243-148
10278	255-232-213-56
10279	255-24-215-202
10280	255-24-215-202
10281	255-24-215-202
10282	255-24-215-202
10283	255-70-122-242
10284	255-128-254-83
10285	255-128-254-83
10286	255-128-254-83
10287	255-128-254-83
10288	255-232-213-56
10289	255-232-213-56
10290	255-24-215-202
10291	255-232-213-56
10292	255-128-254-83
10293	255-24-215-202
10294	255-24-215-202
10295	255-24-215-202
10296	255-24-215-202
10297	255-232-213-56
10298	255-70-122-242
10299	255-70-122-242
10300	255-70-122-242
10301	255-70-122-242
10302	255-70-122-242
10303	255-70-122-242
10304	255-222-62-8
10305	255-232-213-56
10306	255-232-213-56
10307	255-232-213-56
10308	255-70-122-242
10309	255-24-215-202
10310	255-70-122-242
10311	255-24-215-202
10312	255-247-113-27
10313	255-122-4-2
10314	255-70-122-242
10315	255-24-215-202
10316	255-24-215-202
10317	255-247-113-27
10318	255-247-113-27
10319	255-24-215-202
10320	255-53-243-148
10321	255-70-122-242
10322	255-24-215-202
10323	255-24-215-202
10324	255-24-215-202
10325	255-222-62-8
10326	255-24-215-202
10327	255-24-215-202
10328	255-70-122-242
10329	255-222-62-8
10330	255-70-122-242
10331	255-70-122-242
10332	255-232-213-56
10333	255-232-213-56
10334	255-24-215-202
10335	255-70-122-242
10336	255-70-122-242
10337	255-24-215-202
10338	255-24-215-202
10339	255-24-215-202
10340	255-24-215-202
10341	255-24-215-202
10342	255-24-215-202
10343	255-24-215-202
10344	255-24-215-202
10345	255-24-215-202
10346	255-24-215-202
10347	255-24-215-202
10348	255-24-215-202
10349	255-24-215-202
10350	255-24-215-202
10351	255-70-122-242
10352	255-24-215-202
10353	255-70-122-242
10354	255-128-254-83
10355	255-53-243-148
10356	255-70-122-242
10357	255-232-213-56
10358	255-232-213-56
10359	255-70-122-242
10360	255-180-27-1
10361	255-232-213-56
10362	255-24-215-202
10363	255-232-213-56
10364	255-24-215-202
10365	255-24-215-202
10366	255-24-215-202
10367	255-24-215-202
10368	255-24-215-202
10369	255-70-122-242
10370	255-70-122-242
10371	255-24-215-202
10372	255-70-122-242
10373	255-70-122-242
10374	255-53-243-148
10375	255-122-4-2
10376	255-187-244-52
10377	255-128-254-83
10378	255-53-243-148
10379	255-232-213-56
10380	255-70-122-242
10381	255-24-215-202
10382	255-24-215-202
10383	255-24-215-202
10384	255-24-215-202
10385	255-24-215-202
10386	255-24-215-202
10387	255-24-215-202
10388	255-24-215-202
10389	255-70-122-242
10390	255-24-215-202
10391	255-70-122-242
10392	255-232-213-56
10393	255-232-213-56
10394	255-232-213-56
10395	255-232-213-56
10396	255-24-215-202
10397	255-24-215-202
10398	255-24-215-202
10399	255-24-215-202
10400	255-128-254-83
10401	255-24-215-202
10402	255-70-122-242
10403	255-247-113-27
10404	255-70-122-242
10405	255-232-213-56
10406	255-70-122-242
10407	255-70-122-242
10408	255-128-254-83
10409	255-232-213-56
10410	255-232-213-56
10411	255-128-254-83
10412	255-53-243-148
10413	255-247-113-27
10414	255-247-113-27
10415	255-70-122-242
10416	255-24-215-202
10417	255-24-215-202
10418	255-24-215-202
10419	255-24-215-202
10420	255-247-113-27
10421	255-122-4-2
10422	255-122-4-2
10423	255-128-254-83
10424	255-128-254-83
10425	255-232-213-56
10426	255-24-215-202
10427	255-70-122-242
10428	255-128-254-83
10429	255-24-215-202
10430	255-187-244-52
10431	255-24-215-202
10432	255-187-244-52
10433	255-232-213-56
10434	255-24-215-202
10435	255-70-122-242
10436	255-24-215-202
10437	255-70-122-242
10438	255-70-122-242
10439	255-70-122-242
10440	255-70-122-242
10441	255-70-122-242
10442	255-128-254-83
10443	255-128-254-83
10444	255-24-215-202
10445	255-232-213-56
10446	255-232-213-56
10447	255-232-213-56
10448	255-24-215-202
10449	255-128-254-83
10450	255-24-215-202
10451	255-24-215-202
10452	255-24-215-202
10453	255-24-215-202
10454	255-180-27-1
10455	255-247-113-27
10456	255-232-213-56
10457	255-232-213-56
10458	255-70-122-242
10459	255-232-213-56
10460	255-24-215-202
10461	255-53-243-148
10462	255-128-254-83
10463	255-247-113-27
10464	255-232-213-56
10465	255-232-213-56
10466	255-232-213-56
10467	255-128-254-83
10468	255-232-213-56
10469	255-70-122-242
10470	255-24-215-202
10471	255-232-213-56
10472	255-24-215-202
10473	255-24-215-202
10474	255-24-215-202
10475	255-24-215-202
10476	255-247-113-27
10477	255-24-215-202
10478	255-24-215-202
10479	255-24-215-202
10480	255-70-122-242
10481	255-128-254-83
10482	255-70-122-242
10483	255-70-122-242
10484	255-24-215-202
10485	255-70-122-242
10486	255-128-254-83
10487	255-232-213-56
10488	255-232-213-56
10489	255-70-122-242
10490	255-232-213-56
10491	255-70-122-242
10492	255-232-213-56
10493	255-24-215-202
10494	255-24-215-202
10495	255-232-213-56
10496	255-24-215-202
10497	255-24-215-202
10498	255-24-215-202
10499	255-24-215-202
10500	255-24-215-202
10501	255-24-215-202
10502	255-24-215-202
10503	255-70-122-242
10504	255-24-215-202
10505	255-232-213-56
10506	255-232-213-56
10507	255-128-254-83
10508	255-70-122-242
10509	255-128-254-83
10510	255-232-213-56
10511	255-24-215-202
10512	255-24-215-202
10513	255-128-254-83
10514	255-122-4-2
10516	255-24-215-202
10517	255-70-122-242
10518	255-122-4-2
10519	255-24-215-202
10520	255-70-122-242
10521	255-247-113-27
10522	255-70-122-242
10523	255-70-122-242
10524	255-24-215-202
10525	255-24-215-202
10526	255-70-122-242
10527	255-24-215-202
10528	255-24-215-202
10529	255-24-215-202
10530	255-24-215-202
10531	255-24-215-202
10532	255-24-215-202
10533	255-24-215-202
10534	255-24-215-202
10535	255-24-215-202
10536	255-24-215-202
10537	255-70-122-242
10538	255-122-4-2
10539	255-70-122-242
10540	255-70-122-242
10541	255-24-215-202
10542	255-232-213-56
10543	255-232-213-56
10544	255-24-215-202
10545	255-24-215-202
10546	255-24-215-202
10547	255-247-113-27
10548	255-24-215-202
10549	255-247-113-27
10550	255-70-122-242
10551	255-53-243-148
10552	255-70-122-242
10553	255-70-122-242
10554	255-24-215-202
10555	255-24-215-202
10556	255-24-215-202
10557	255-24-215-202
10558	255-70-122-242
10560	255-24-215-202
10561	255-24-215-202
10562	255-247-113-27
10563	255-70-122-242
10564	255-128-254-83
10565	255-53-243-148
10566	255-70-122-242
10567	255-70-122-242
10568	255-24-215-202
10569	255-247-113-27
10570	255-247-113-27
10571	255-247-113-27
10572	255-247-113-27
10573	255-70-122-242
10574	255-232-213-56
10575	255-53-243-148
10576	255-24-215-202
10577	255-232-213-56
10578	255-24-215-202
10579	255-24-215-202
10580	255-128-254-83
10581	255-70-122-242
10582	255-247-113-27
10583	255-70-122-242
10584	255-51-172-246
10585	255-70-122-242
10586	255-70-122-242
10587	255-70-122-242
10588	255-128-254-83
10589	255-128-254-83
10590	255-232-213-56
10591	255-232-213-56
10592	255-70-122-242
10593	255-232-213-56
10594	255-128-254-83
10595	255-232-213-56
10596	255-232-213-56
10597	255-232-213-56
10598	255-24-215-202
10599	255-24-215-202
10600	255-232-213-56
10601	255-24-215-202
10602	255-53-243-148
10603	255-128-254-83
10604	255-128-254-83
10605	255-232-213-56
10606	255-24-215-202
10607	255-232-213-56
10608	255-232-213-56
10609	255-232-213-56
10610	255-232-213-56
10611	255-70-122-242
10612	255-70-122-242
10613	255-70-122-242
10614	255-70-122-242
10615	255-70-122-242
10616	255-70-122-242
10617	255-24-215-202
10618	255-24-215-202
10619	255-24-215-202
10620	255-24-215-202
10621	255-24-215-202
10622	255-24-215-202
10623	255-24-215-202
10624	255-70-122-242
10625	255-232-213-56
10626	255-232-213-56
10627	255-53-243-148
10628	255-53-243-148
10629	255-232-213-56
10631	255-70-122-242
10632	255-232-213-56
10633	255-232-213-56
10634	255-24-215-202
10635	255-70-122-242
10636	255-232-213-56
10637	255-232-213-56
10638	255-24-215-202
10639	255-24-215-202
10640	255-24-215-202
10641	255-24-215-202
10642	255-70-122-242
10643	255-24-215-202
10644	255-24-215-202
10645	255-24-215-202
10646	255-70-122-242
10647	255-24-215-202
10648	255-24-215-202
10649	255-24-215-202
10650	255-128-254-83
10651	255-128-254-83
10652	255-24-215-202
10653	255-53-243-148
10654	255-24-215-202
10655	255-232-213-56
10656	255-24-215-202
10657	255-232-213-56
10658	255-232-213-56
10659	255-232-213-56
10660	255-24-215-202
10661	255-24-215-202
10662	255-24-215-202
10663	255-122-4-2
10664	255-51-172-246
10666	255-24-215-202
10667	255-24-215-202
10668	255-122-4-2
10669	255-24-215-202
10670	255-24-215-202
10671	255-24-215-202
10672	255-24-215-202
10673	255-24-215-202
10674	255-24-215-202
10675	255-222-62-8
10676	255-222-62-8
10677	255-180-27-1
10678	255-180-27-1
10679	255-70-122-242
10681	255-24-215-202
10682	255-232-213-56
10683	255-53-243-148
10684	255-128-254-83
10685	255-24-215-202
10686	255-232-213-56
10687	255-70-122-242
10688	255-24-215-202
10689	255-232-213-56
10690	255-247-113-27
10691	255-232-213-56
10692	255-24-215-202
10693	255-247-113-27
10694	255-24-215-202
10695	255-24-215-202
10696	255-70-122-242
10697	255-24-215-202
10698	255-24-215-202
10699	255-24-215-202
10700	255-24-215-202
10701	255-180-27-1
10702	255-24-215-202
10703	255-24-215-202
10704	255-24-215-202
10705	255-24-215-202
10706	255-222-62-8
10707	255-70-122-242
10708	255-232-213-56
10709	255-70-122-242
10710	255-232-213-56
10711	255-70-122-242
10712	255-70-122-242
10713	255-70-122-242
10714	255-24-215-202
10715	255-24-215-202
10716	255-70-122-242
10717	255-222-62-8
10718	255-24-215-202
10719	255-247-113-27
10720	255-24-215-202
10721	255-24-215-202
10722	255-70-122-242
10724	255-70-122-242
10726	255-24-215-202
10727	255-70-122-242
10728	255-24-215-202
10729	255-24-215-202
10730	255-70-122-242
10731	255-70-122-242
10732	255-70-122-242
10733	255-70-122-242
10734	255-180-27-1
10735	255-187-244-52
10736	255-232-213-56
10737	255-232-213-56
10738	255-128-254-83
10739	255-232-213-56
10740	255-232-213-56
10741	255-247-113-27
10742	255-232-213-56
10743	255-24-215-202
10744	255-24-215-202
10745	255-24-215-202
10746	255-24-215-202
10747	255-24-215-202
10748	255-24-215-202
10749	255-70-122-242
10750	255-24-215-202
10751	255-24-215-202
10752	255-24-215-202
10753	255-24-215-202
10754	255-70-122-242
10755	255-24-215-202
10756	255-232-213-56
10757	255-232-213-56
10758	255-232-213-56
10759	255-128-254-83
10760	255-24-215-202
10761	255-232-213-56
10762	255-232-213-56
10763	255-24-215-202
10764	255-24-215-202
10765	255-232-213-56
10766	255-232-213-56
10767	255-128-254-83
10768	255-232-213-56
10769	255-24-215-202
10770	255-24-215-202
10771	255-128-254-83
10772	255-128-254-83
10773	255-70-122-242
10774	255-70-122-242
10775	255-70-122-242
10776	255-24-215-202
10777	255-70-122-242
10778	255-70-122-242
10779	255-24-215-202
10780	255-70-122-242
10781	255-24-215-202
10782	255-24-215-202
10783	255-24-215-202
10784	255-24-215-202
10785	255-24-215-202
10786	255-24-215-202
10787	255-24-215-202
10788	255-24-215-202
10789	255-24-215-202
10790	255-180-27-1
10791	255-24-215-202
10792	255-24-215-202
10793	255-70-122-242
10794	255-24-215-202
10795	255-24-215-202
10796	255-232-213-56
10797	255-128-254-83
10798	255-232-213-56
10799	255-232-213-56
10800	255-232-213-56
10801	255-232-213-56
10802	255-232-213-56
10803	255-232-213-56
10804	255-24-215-202
10805	255-24-215-202
10806	255-24-215-202
10807	255-24-215-202
10808	255-70-122-242
10809	255-24-215-202
10810	255-24-215-202
10811	255-24-215-202
10812	255-70-122-242
10813	255-24-215-202
10814	255-24-215-202
10815	255-24-215-202
10816	255-24-215-202
10817	255-24-215-202
10818	255-128-254-83
10819	255-222-62-8
10820	255-24-215-202
10821	255-24-215-202
10822	255-70-122-242
10823	255-24-215-202
10824	255-70-122-242
10825	255-24-215-202
10826	255-24-215-202
10827	255-24-215-202
10828	255-24-215-202
10829	255-24-215-202
10830	255-24-215-202
10831	255-24-215-202
10832	255-24-215-202
10833	255-24-215-202
10834	255-24-215-202
10835	255-24-215-202
10836	255-122-4-2
10837	255-24-215-202
10838	255-232-213-56
10839	255-70-122-242
10840	255-24-215-202
10841	255-70-122-242
10842	255-70-122-242
10843	255-128-254-83
10844	255-24-215-202
10845	255-222-62-8
10846	255-24-215-202
10847	255-70-122-242
10848	255-70-122-242
10849	255-128-254-83
10850	255-70-122-242
10851	255-70-122-242
10852	255-24-215-202
10853	255-70-122-242
10854	255-128-254-83
10855	255-53-243-148
10856	255-70-122-242
10857	255-70-122-242
10858	255-247-113-27
10859	255-247-113-27
10860	255-247-113-27
10861	255-128-254-83
10862	255-70-122-242
10863	255-70-122-242
10864	255-232-213-56
10865	255-232-213-56
10866	255-24-215-202
10867	255-24-215-202
10868	255-24-215-202
10869	255-24-215-202
10870	255-24-215-202
10871	255-24-215-202
10872	255-24-215-202
10873	255-24-215-202
10874	255-24-215-202
10875	255-24-215-202
10876	255-232-213-56
10877	255-180-27-1
10878	255-232-213-56
10879	255-180-27-1
10880	255-180-27-1
10881	255-187-244-52
10882	255-232-213-56
10883	255-128-254-83
10884	255-232-213-56
10885	255-232-213-56
10886	255-128-254-83
10887	255-232-213-56
10888	255-128-254-83
10889	255-128-254-83
10890	255-128-254-83
10891	255-128-254-83
10892	255-128-254-83
10893	255-128-254-83
10894	255-128-254-83
10895	255-128-254-83
10896	255-232-213-56
10897	255-70-122-242
10898	255-24-215-202
10899	255-24-215-202
10900	255-24-215-202
10901	255-24-215-202
10902	255-232-213-56
10903	255-24-215-202
10904	255-24-215-202
10905	255-24-215-202
10906	255-24-215-202
10907	255-24-215-202
10908	255-24-215-202
10909	255-24-215-202
10910	255-24-215-202
10911	255-24-215-202
10912	255-24-215-202
10913	255-24-215-202
10914	255-24-215-202
10915	255-24-215-202
10916	255-24-215-202
10917	255-24-215-202
10918	255-24-215-202
10919	255-24-215-202
10920	255-24-215-202
10921	255-24-215-202
10922	255-24-215-202
10923	255-24-215-202
10924	255-24-215-202
10925	255-24-215-202
10926	255-53-243-148
10927	255-24-215-202
10928	255-53-243-148
10929	255-232-213-56
10930	255-187-244-52
10931	255-128-254-83
10932	255-128-254-83
10933	255-70-122-242
10934	255-70-122-242
10935	255-232-213-56
10936	255-128-254-83
10937	255-232-213-56
10938	255-70-122-242
10939	255-180-27-1
10940	255-24-215-202
10941	255-24-215-202
10942	255-24-215-202
10943	255-24-215-202
10944	255-24-215-202
10945	255-24-215-202
10946	255-24-215-202
10947	255-24-215-202
10948	255-24-215-202
10949	255-24-215-202
10950	255-70-122-242
10951	255-24-215-202
10953	255-247-113-27
10954	255-24-215-202
10955	255-232-213-56
10956	255-24-215-202
10957	255-24-215-202
10958	255-24-215-202
10959	255-24-215-202
10960	255-24-215-202
10961	255-24-215-202
10962	255-24-215-202
10963	255-24-215-202
10964	255-24-215-202
10965	255-24-215-202
10966	255-222-62-8
10967	255-222-62-8
10968	255-222-62-8
10969	255-70-122-242
10970	255-70-122-242
10971	255-70-122-242
10972	255-70-122-242
10973	255-70-122-242
10974	255-51-172-246
10975	255-247-113-27
10976	255-247-113-27
10977	255-70-122-242
10978	255-70-122-242
10979	255-24-215-202
10980	255-247-113-27
10981	255-70-122-242
10982	255-24-215-202
10983	255-24-215-202
10984	255-24-215-202
10985	255-24-215-202
10986	255-128-254-83
10987	255-24-215-202
10988	255-24-215-202
10989	255-24-215-202
10990	255-24-215-202
10991	255-128-254-83
10992	255-128-254-83
10993	255-128-254-83
10994	255-70-122-242
10995	255-222-62-8
10996	255-247-113-27
10997	255-247-113-27
10998	255-53-243-148
10999	255-53-243-148
11000	255-70-122-242
11001	255-70-122-242
11002	255-24-215-202
11003	255-70-122-242
11004	255-24-215-202
11005	255-128-254-83
11006	255-70-122-242
11007	255-24-215-202
11008	255-70-122-242
11009	255-24-215-202
11010	255-24-215-202
11011	255-24-215-202
11012	255-24-215-202
11013	255-180-27-1
11014	255-180-27-1
11015	255-180-27-1
11016	255-128-254-83
11017	255-24-215-202
11018	255-70-122-242
11019	255-24-215-202
11020	255-24-215-202
11021	255-70-122-242
11022	255-232-213-56
11023	255-24-215-202
11024	255-24-215-202
11025	255-24-215-202
11026	255-24-215-202
11027	255-24-215-202
11028	255-24-215-202
11029	255-24-215-202
11030	255-24-215-202
11031	255-24-215-202
11032	255-24-215-202
11033	255-24-215-202
11034	255-24-215-202
11035	255-232-213-56
11036	255-247-113-27
11037	255-128-254-83
11038	255-232-213-56
11039	255-232-213-56
11040	255-232-213-56
11041	255-232-213-56
11042	255-180-27-1
11043	255-24-215-202
11044	255-24-215-202
11045	255-24-215-202
11046	255-24-215-202
11047	255-24-215-202
11048	255-24-215-202
11049	255-24-215-202
11050	255-24-215-202
11051	255-24-215-202
11052	255-24-215-202
11053	255-24-215-202
11054	255-247-113-27
11055	255-24-215-202
11056	255-128-254-83
11057	255-232-213-56
11058	255-232-213-56
11059	255-24-215-202
11060	255-232-213-56
11061	255-232-213-56
11062	255-24-215-202
11063	255-24-215-202
11064	255-232-213-56
11065	255-24-215-202
11066	255-232-213-56
11067	255-247-113-27
11068	255-70-122-242
11069	255-24-215-202
11070	255-24-215-202
11071	255-24-215-202
11072	255-24-215-202
11073	255-24-215-202
11074	255-24-215-202
11075	255-222-62-8
11076	255-180-27-1
11077	255-247-113-27
11078	255-247-113-27
11079	255-247-113-27
11080	255-70-122-242
11081	255-222-62-8
11082	255-70-122-242
11083	255-70-122-242
11084	255-70-122-242
11085	255-70-122-242
11086	255-70-122-242
11087	255-232-213-56
11088	255-24-215-202
11089	255-128-254-83
11090	255-128-254-83
11091	255-24-215-202
11092	255-24-215-202
11093	255-128-254-83
11094	255-128-254-83
11095	255-24-215-202
11096	255-24-215-202
11097	255-128-254-83
11098	255-70-122-242
11099	255-24-215-202
11100	255-70-122-242
11101	255-24-215-202
11102	255-53-243-148
11103	255-187-244-52
11104	255-247-113-27
11105	255-128-254-83
11106	255-128-254-83
11107	255-53-243-148
11108	255-24-215-202
11109	255-232-213-56
11110	255-232-213-56
11111	255-128-254-83
11112	255-70-122-242
11113	255-70-122-242
11114	255-70-122-242
11115	255-70-122-242
11116	255-24-215-202
11117	255-24-215-202
11118	255-24-215-202
11119	255-24-215-202
11120	255-24-215-202
11121	255-232-213-56
11122	255-24-215-202
11123	255-24-215-202
11124	255-24-215-202
11125	255-24-215-202
11126	255-24-215-202
11127	255-24-215-202
11128	255-24-215-202
11129	255-70-122-242
11130	255-24-215-202
11131	255-24-215-202
11132	255-128-254-83
11133	255-24-215-202
11134	255-24-215-202
11135	255-24-215-202
11136	255-24-215-202
11137	255-24-215-202
11138	255-24-215-202
11139	255-70-122-242
11140	255-24-215-202
11141	255-24-215-202
11142	255-24-215-202
11143	255-128-254-83
11144	255-24-215-202
11145	255-24-215-202
11146	255-70-122-242
11147	255-24-215-202
11148	255-24-215-202
11149	255-24-215-202
11150	255-24-215-202
11151	255-24-215-202
11152	255-24-215-202
11153	255-24-215-202
11154	255-24-215-202
11155	255-24-215-202
11156	255-24-215-202
11157	255-24-215-202
11158	255-24-215-202
11159	255-232-213-56
11160	255-24-215-202
11161	255-232-213-56
11162	255-232-213-56
11163	255-70-122-242
11164	255-128-254-83
11165	255-180-27-1
11166	255-232-213-56
11167	255-232-213-56
11168	255-24-215-202
11169	255-24-215-202
11170	255-180-27-1
11171	255-70-122-242
11172	255-24-215-202
11173	255-24-215-202
11174	255-24-215-202
11175	255-24-215-202
11176	255-24-215-202
11177	255-24-215-202
11178	255-24-215-202
11179	255-24-215-202
11180	255-24-215-202
11181	255-24-215-202
11182	255-24-215-202
11183	255-24-215-202
11184	255-247-113-27
11185	255-247-113-27
11186	255-24-215-202
11187	255-247-113-27
11188	255-222-62-8
11189	255-232-213-56
11190	255-70-122-242
11191	255-232-213-56
11192	255-232-213-56
11193	255-232-213-56
11194	255-232-213-56
11195	255-232-213-56
11196	255-232-213-56
11197	255-232-213-56
11198	255-128-254-83
11199	255-128-254-83
11200	255-128-254-83
11201	255-232-213-56
11202	255-232-213-56
11203	255-24-215-202
11205	255-70-122-242
11206	255-247-113-27
11207	255-24-215-202
11208	255-24-215-202
11209	255-128-254-83
11210	255-24-215-202
11211	255-128-254-83
11212	255-70-122-242
11213	255-70-122-242
11214	255-232-213-56
11215	255-128-254-83
11216	255-247-113-27
11217	255-128-254-83
11218	255-128-254-83
11219	255-128-254-83
11220	255-24-215-202
11221	255-24-215-202
11222	255-24-215-202
11223	255-24-215-202
11224	255-24-215-202
11225	255-24-215-202
11226	255-53-243-148
11227	255-53-243-148
11228	255-232-213-56
11229	255-232-213-56
11230	255-24-215-202
11231	255-247-113-27
11232	255-128-254-83
11233	255-24-215-202
11234	255-24-215-202
11235	255-70-122-242
11236	255-232-213-56
11237	255-222-62-8
11238	255-24-215-202
11239	255-222-62-8
11240	255-70-122-242
11241	255-70-122-242
11242	255-232-213-56
11243	255-222-62-8
11244	255-24-215-202
11245	255-70-122-242
11246	255-70-122-242
11247	255-24-215-202
11248	255-70-122-242
11249	255-222-62-8
11250	255-24-215-202
11251	255-24-215-202
11252	255-24-215-202
11253	255-24-215-202
11254	255-70-122-242
11255	255-70-122-242
11256	255-70-122-242
11257	255-232-213-56
11258	255-70-122-242
11259	255-24-215-202
11260	255-222-62-8
11261	255-24-215-202
11262	255-24-215-202
11263	255-222-62-8
11264	255-24-215-202
11265	255-70-122-242
11266	255-24-215-202
11267	255-24-215-202
11268	255-24-215-202
11269	255-24-215-202
11270	255-24-215-202
11271	255-24-215-202
11272	255-24-215-202
11273	255-24-215-202
11274	255-24-215-202
11275	255-24-215-202
11276	255-24-215-202
11277	255-24-215-202
11278	255-70-122-242
11279	255-70-122-242
11280	255-70-122-242
11281	255-24-215-202
11282	255-24-215-202
11283	255-24-215-202
11284	255-70-122-242
11285	255-180-27-1
11286	255-24-215-202
11287	255-24-215-202
11288	255-24-215-202
11289	255-24-215-202
11290	255-232-213-56
11291	255-24-215-202
11292	255-70-122-242
11293	255-24-215-202
11294	255-24-215-202
11295	255-24-215-202
11296	255-70-122-242
11297	255-24-215-202
11298	255-24-215-202
11299	255-24-215-202
11300	255-24-215-202
11301	255-24-215-202
11302	255-70-122-242
11303	255-70-122-242
11304	255-24-215-202
11305	255-24-215-202
11306	255-24-215-202
11307	255-24-215-202
11308	255-24-215-202
11309	255-24-215-202
11310	255-24-215-202
11311	255-247-113-27
11312	255-247-113-27
11313	255-24-215-202
11314	255-128-254-83
11315	255-70-122-242
11316	255-70-122-242
11317	255-247-113-27
11318	255-128-254-83
11319	255-232-213-56
11320	255-24-215-202
11321	255-128-254-83
11322	255-232-213-56
11323	255-128-254-83
11324	255-24-215-202
11325	255-53-243-148
11326	255-24-215-202
11327	255-128-254-83
11328	255-70-122-242
11329	255-128-254-83
11330	255-128-254-83
11331	255-247-113-27
11332	255-128-254-83
11333	255-128-254-83
11334	255-24-215-202
11335	255-128-254-83
11336	255-128-254-83
11337	255-128-254-83
11338	255-128-254-83
11339	255-128-254-83
11340	255-232-213-56
11341	255-70-122-242
11342	255-247-113-27
11343	255-51-172-246
11344	255-232-213-56
11345	255-24-215-202
11346	255-70-122-242
11347	255-222-62-8
11348	255-70-122-242
11349	255-232-213-56
11350	255-222-62-8
11351	255-232-213-56
11352	255-222-62-8
11353	255-222-62-8
11354	255-222-62-8
11355	255-70-122-242
11356	255-180-27-1
11357	255-24-215-202
11358	255-222-62-8
11359	255-24-215-202
11360	255-24-215-202
11361	255-24-215-202
11362	255-24-215-202
11363	255-24-215-202
11364	255-24-215-202
11365	255-24-215-202
11366	255-24-215-202
11367	255-24-215-202
11368	255-24-215-202
11369	255-24-215-202
11370	255-24-215-202
11371	255-24-215-202
11372	255-70-122-242
11373	255-70-122-242
11374	255-24-215-202
11376	255-24-215-202
11377	255-24-215-202
11378	255-24-215-202
11379	255-222-62-8
11380	255-70-122-242
11381	255-222-62-8
11382	255-70-122-242
11383	255-222-62-8
11384	255-222-62-8
11385	255-24-215-202
11386	255-53-243-148
11387	255-222-62-8
11388	255-70-122-242
11389	255-24-215-202
11390	255-24-215-202
11391	255-24-215-202
11392	255-24-215-202
11393	255-24-215-202
11394	255-24-215-202
11395	255-24-215-202
11396	255-24-215-202
11397	255-24-215-202
11398	255-24-215-202
11399	255-232-213-56
11400	255-232-213-56
11401	255-247-113-27
11402	255-24-215-202
11403	255-247-113-27
11404	255-232-213-56
11405	255-24-215-202
11406	255-232-213-56
11407	255-24-215-202
11408	255-222-62-8
11411	255-232-213-56
11412	255-24-215-202
11413	255-24-215-202
11416	255-70-122-242
11420	255-24-215-202
11421	255-24-215-202
11422	255-180-27-1
11424	255-24-215-202
11425	255-180-27-1
11426	255-24-215-202
11427	255-24-215-202
11429	255-24-215-202
11430	255-232-213-56
11433	255-180-27-1
11434	255-222-62-8
11435	255-180-27-1
11437	255-24-215-202
11439	255-24-215-202
11441	255-232-213-56
11442	255-24-215-202
11443	255-232-213-56
11444	255-247-113-27
11446	255-24-215-202
11447	255-24-215-202
11449	255-24-215-202
11451	255-24-215-202
11452	255-70-122-242
11453	255-222-62-8
11454	255-222-62-8
11455	255-180-27-1
11456	255-24-215-202
11457	255-24-215-202
11458	255-24-215-202
11459	255-232-213-56
11460	255-247-113-27
11462	255-70-122-242
11463	255-70-122-242
11464	255-70-122-242
11465	255-24-215-202
11467	255-24-215-202
11468	255-24-215-202
11470	255-24-215-202
11471	255-24-215-202
11486	255-24-215-202
