label_id	max_midgut_endo	best_midgut_type	colour_midgut
1	1.4584354339590993e-14	clade1sub11	232-213-56-255
2	2.3134383004278946e-13	clade1sub11	232-213-56-255
3	1.6369759329641372e-14	clade1sub7	24-215-202-255
4	2.877646590978873e-06	clade1sub3	70-122-242-255
5	3.0546221517684055e-29	clade1sub14	247-113-27-255
6	3.0110558843161856e-18	clade1sub3	70-122-242-255
7	1.9374208197336057e-07	clade1sub3	70-122-242-255
8	8.588417934550232e-19	clade1sub7	24-215-202-255
9	3.9170380137395846e-28	clade1sub7	24-215-202-255
10	6.263123708852905e-25	clade1sub7	24-215-202-255
11	2.6264636955121577e-25	clade1sub7	24-215-202-255
12	1.5005481496383018e-23	clade1sub7	24-215-202-255
13	5.84050609556535e-24	clade1sub7	24-215-202-255
14	1.6871571923976094e-17	clade1sub7	24-215-202-255
15	9.93248655141106e-25	clade1sub7	24-215-202-255
16	1.2873843139634845e-19	clade1sub3	70-122-242-255
17	6.110181208324257e-20	clade1sub7	24-215-202-255
18	1.5022965354994974e-29	clade1sub3	70-122-242-255
19	6.095529678711838e-16	clade1sub7	24-215-202-255
20	1.0494581672263664e-24	clade1sub3	70-122-242-255
21	2.4979195211118194e-25	clade1sub3	70-122-242-255
22	4.587408546614093e-28	clade1sub7	24-215-202-255
23	2.139531819580394e-25	clade1sub7	24-215-202-255
24	1.0213623911142085e-15	clade1sub7	24-215-202-255
25	1.7584825877005263e-10	clade1sub3	70-122-242-255
26	6.395695982385796e-08	clade1sub11	232-213-56-255
27	1.8609694017388737e-21	clade1sub14	247-113-27-255
28	2.5060212928347692e-09	clade1sub11	232-213-56-255
29	1.8582935531697238e-11	clade1sub7	24-215-202-255
30	3.5061677839453463e-17	clade1sub3	70-122-242-255
31	3.4438709335907136e-14	clade1sub3	70-122-242-255
32	9.869708221870056e-05	clade1sub12	128-254-83-255
33	1.040637751574468e-31	clade1sub3	70-122-242-255
34	4.130037909469415e-08	clade1sub7	24-215-202-255
35	4.80728404619835e-07	clade1sub18	122-4-2-255
36	8.07088784120854e-08	clade1sub17	222-62-8-255
37	5.16287851514376e-13	clade1sub3	70-122-242-255
38	2.831900924542586e-23	clade1sub7	24-215-202-255
39	2.787588448244014e-19	clade1sub3	70-122-242-255
41	1.833938374109178e-07	clade1sub12	128-254-83-255
42	1.147087653006054e-29	clade1sub7	24-215-202-255
43	2.5113802955958185e-16	clade1sub3	70-122-242-255
44	2.587833141307808e-13	clade1sub7	24-215-202-255
45	1.3558422073047587e-20	clade1sub7	24-215-202-255
46	0.0003201675261582	clade1sub11	232-213-56-255
47	1.051680958530528e-19	clade1sub3	70-122-242-255
48	1.7317589115041252e-05	clade1sub13	180-27-1-255
49	1.1238212427814694e-10	clade1sub3	70-122-242-255
50	1.2598622431082044e-32	clade1sub3	70-122-242-255
51	3.2206364648790664e-23	clade1sub7	24-215-202-255
52	2.535597776981091e-19	clade1sub7	24-215-202-255
53	3.455691672073635e-17	clade1sub7	24-215-202-255
54	3.21435315053399e-28	clade1sub7	24-215-202-255
55	5.172733690735743e-21	clade1sub7	24-215-202-255
56	1.8840517619939984e-06	clade1sub3	70-122-242-255
57	1.0414484035633226e-11	clade1sub11	232-213-56-255
58	4.3737119529076726e-20	clade1sub3	70-122-242-255
59	1.1391441431536562e-14	clade1sub3	70-122-242-255
60	1.1530718267765942e-13	clade1sub3	70-122-242-255
61	8.315332210558183e-24	clade1sub7	24-215-202-255
62	0.0030901400033663	clade1sub18	122-4-2-255
68	3.638996269470356e-05	clade1sub12	128-254-83-255
69	4.563747601363883e-19	clade1sub3	70-122-242-255
70	4.481390545972701e-18	clade1sub7	24-215-202-255
71	5.116086668326451e-05	clade1sub11	232-213-56-255
72	8.470104247376483e-08	clade1sub3	70-122-242-255
73	1.925413033838717e-21	clade1sub7	24-215-202-255
74	0.2075723070294009	clade1sub12	128-254-83-255
75	7.738102771048107e-05	clade1sub18	122-4-2-255
77	5.714573754506598e-29	clade1sub7	24-215-202-255
78	0.2203051976778453	clade1sub18	122-4-2-255
79	2.446041507738039e-30	clade1sub3	70-122-242-255
80	3.994073597932021e-20	clade1sub7	24-215-202-255
81	0.0120677201662544	clade1sub19	187-244-52-255
82	2.767615240993663e-17	clade1sub7	24-215-202-255
83	0.027961052056047	clade1sub19	187-244-52-255
84	6.222026890275437e-25	clade1sub3	70-122-242-255
85	3.3883645796990107e-16	clade1sub3	70-122-242-255
86	0.3414750282506845	clade1sub12	128-254-83-255
87	1.2919436861968688e-11	clade1sub3	70-122-242-255
88	0.0007565772298337	clade1sub12	128-254-83-255
89	4.889364206709951e-13	clade1sub11	232-213-56-255
90	5.488618176379303e-23	clade1sub3	70-122-242-255
91	4.122341783311745e-12	clade1sub11	232-213-56-255
92	1.4293415441954036e-13	clade1sub11	232-213-56-255
93	0.0105688900019705	clade1sub19	187-244-52-255
94	3.7068291804133664e-11	clade1sub14	247-113-27-255
95	0.0001623515591371	clade1sub7	24-215-202-255
96	2.5817019324850578e-17	clade1sub3	70-122-242-255
97	1.9831652221612223e-18	clade1sub17	222-62-8-255
98	0.0067637300053064	clade1sub19	187-244-52-255
99	0.0026792802045986	clade1sub19	187-244-52-255
100	0.0011104223970191	clade1sub12	128-254-83-255
101	1.0448663021100697e-06	clade1sub7	24-215-202-255
102	8.06505077590266e-08	clade1sub7	24-215-202-255
103	4.973011606037693e-16	clade1sub7	24-215-202-255
104	9.819183946793515e-21	clade1sub7	24-215-202-255
105	6.797209298330786e-12	clade1sub4	53-243-148-255
106	0.0006240965490654	clade1sub12	128-254-83-255
107	0.0027549205205411	clade1sub7	24-215-202-255
109	0.0127925362554567	clade1sub12	128-254-83-255
110	1.1443270146172537e-21	clade1sub7	24-215-202-255
111	1.4076309761805316e-07	clade1sub12	128-254-83-255
112	2.6691510148596922e-11	clade1sub11	232-213-56-255
113	1.3057533028746701e-21	clade1sub7	24-215-202-255
115	1.1380133444287755e-09	clade1sub3	70-122-242-255
116	2.751944746258528e-16	clade1sub7	24-215-202-255
117	1.716253205458201e-12	clade1sub11	232-213-56-255
118	5.587853142157685e-20	clade1sub3	70-122-242-255
119	1.5475079089112458e-10	clade1sub3	70-122-242-255
120	2.0707334180149863e-14	clade1sub3	70-122-242-255
121	3.3356340490029074e-27	clade1sub7	24-215-202-255
122	4.834377552222698e-18	clade1sub7	24-215-202-255
123	4.8852592548359576e-14	clade1sub7	24-215-202-255
124	4.2083159855804115e-25	clade1sub7	24-215-202-255
125	0.1585737649184	clade1sub11	232-213-56-255
127	1.327282788661541e-07	clade1sub7	24-215-202-255
128	1.5566635525914057e-11	clade1sub7	24-215-202-255
129	0.0031984851207805	clade1sub11	232-213-56-255
130	6.758753859846751e-11	clade1sub3	70-122-242-255
131	0.0325644596146485	clade1sub11	232-213-56-255
132	2.5338997371241253e-24	clade1sub7	24-215-202-255
133	7.47989877505783e-08	clade1sub7	24-215-202-255
134	3.264646121253288e-15	clade1sub7	24-215-202-255
135	5.141617171373752e-15	clade1sub7	24-215-202-255
136	3.4460482587123668e-15	clade1sub7	24-215-202-255
137	9.78794457083992e-20	clade1sub7	24-215-202-255
138	8.328457501156579e-20	clade1sub7	24-215-202-255
139	1.0278838159871614e-14	clade1sub14	247-113-27-255
140	1.7157191213190186e-11	clade1sub14	247-113-27-255
141	4.713224898178671e-13	clade1sub3	70-122-242-255
142	0.0300332422113841	clade1sub12	128-254-83-255
143	2.0134388135964303e-11	clade1sub3	70-122-242-255
144	3.2520201140794476e-08	clade1sub4	53-243-148-255
145	2.066735717311497e-20	clade1sub7	24-215-202-255
146	8.737184994934864e-19	clade1sub7	24-215-202-255
147	1.1057320373381512e-08	clade1sub11	232-213-56-255
148	1.2042488373236332e-14	clade1sub7	24-215-202-255
149	4.487799790971683e-19	clade1sub7	24-215-202-255
150	6.250574136354278e-12	clade1sub7	24-215-202-255
151	0.0191910904875682	clade1sub12	128-254-83-255
152	4.059120185482999e-10	clade1sub14	247-113-27-255
153	0.1325108957187201	clade1sub12	128-254-83-255
154	3.073484308242756e-09	clade1sub14	247-113-27-255
155	1.113725002824889e-09	clade1sub3	70-122-242-255
156	0.0008582641893521	clade1sub11	232-213-56-255
157	1.6812445256874843e-08	clade1sub3	70-122-242-255
158	7.844148990876244e-13	clade1sub7	24-215-202-255
159	0.014740214261965	clade1sub12	128-254-83-255
160	1.957143645951277e-23	clade1sub3	70-122-242-255
161	0.0001470405101298	clade1sub12	128-254-83-255
162	7.357101025745411e-12	clade1sub7	24-215-202-255
163	6.662995994474057e-17	clade1sub7	24-215-202-255
164	0.0001812700511038	clade1sub12	128-254-83-255
165	2.32980428152948e-19	clade1sub7	24-215-202-255
166	1.1856592188718332e-07	clade1sub3	70-122-242-255
167	5.060470820490154e-06	clade1sub4	53-243-148-255
168	6.200295516977518e-12	clade1sub7	24-215-202-255
169	5.247366456296353e-13	clade1sub7	24-215-202-255
170	0.000196895579581	clade1sub11	232-213-56-255
171	1.4923078801805326e-16	clade1sub3	70-122-242-255
172	3.1354557459640047e-18	clade1sub13	180-27-1-255
173	0.0008257595529845	clade1sub14	247-113-27-255
174	1.6109467388863277e-06	clade1sub12	128-254-83-255
175	0.1081853482204539	clade1sub12	128-254-83-255
176	1.1894841665822592e-05	clade1sub7	24-215-202-255
177	1.758518392910832e-09	clade1sub12	128-254-83-255
178	1.208919573333175e-12	clade1sub3	70-122-242-255
179	0.0007399218891095	clade1sub3	70-122-242-255
180	1.8729635083904133e-05	clade1sub3	70-122-242-255
181	6.395972733993795e-11	clade1sub4	53-243-148-255
182	4.953435584186224e-12	clade1sub7	24-215-202-255
183	0.0040377741853208	clade1sub11	232-213-56-255
184	6.104601021228043e-05	clade1sub3	70-122-242-255
185	1.2864089040199126e-10	clade1sub13	180-27-1-255
186	0.0036948876203177	clade1sub12	128-254-83-255
187	7.687800839513173e-21	clade1sub7	24-215-202-255
188	1.4535892798994922e-13	clade1sub12	128-254-83-255
189	9.611678104165655e-09	clade1sub7	24-215-202-255
190	2.2781408174567862e-06	clade1sub14	247-113-27-255
191	0.0001037749849393	clade1sub18	122-4-2-255
192	9.910234035879321e-14	clade1sub7	24-215-202-255
193	1.775853205805254e-05	clade1sub14	247-113-27-255
194	8.601046895143762e-05	clade1sub3	70-122-242-255
195	0.000105072782872	clade1sub11	232-213-56-255
197	2.100268477086722e-12	clade1sub3	70-122-242-255
198	3.6870167935332647e-06	clade1sub11	232-213-56-255
199	3.042704112947857e-05	clade1sub11	232-213-56-255
200	0.0018375745598941	clade1sub11	232-213-56-255
201	3.0423914562727207e-06	clade1sub11	232-213-56-255
202	4.1455221853291626e-12	clade1sub3	70-122-242-255
203	8.259450612268453e-14	clade1sub7	24-215-202-255
204	7.764815679651451e-06	clade1sub3	70-122-242-255
205	9.11915683677586e-06	clade1sub7	24-215-202-255
206	0.0059588587542445	clade1sub11	232-213-56-255
207	9.217410033698957e-06	clade1sub18	122-4-2-255
208	1.0936640664831195e-16	clade1sub7	24-215-202-255
209	4.044743680156359e-05	clade1sub11	232-213-56-255
210	5.127366088371433e-22	clade1sub7	24-215-202-255
211	1.6040083188659106e-05	clade1sub3	70-122-242-255
212	0.0001028477268342	clade1sub11	232-213-56-255
213	0.0024789095190642	clade1sub12	128-254-83-255
214	9.329316558858543e-06	clade1sub11	232-213-56-255
215	1.2462265834842765e-06	clade1sub7	24-215-202-255
216	0.1347585519141867	clade1sub12	128-254-83-255
217	0.0005498184242196	clade1sub12	128-254-83-255
218	0.0855764282913361	clade1sub12	128-254-83-255
219	3.846404384393964e-06	clade1sub3	70-122-242-255
220	0.0737527552346622	clade1sub11	232-213-56-255
221	1.1933038862000534e-05	clade1sub3	70-122-242-255
222	1.0864575185454812e-10	clade1sub7	24-215-202-255
223	8.339122091546148e-06	clade1sub3	70-122-242-255
224	1.7292265279954184e-06	clade1sub12	128-254-83-255
225	6.738103182556342e-14	clade1sub7	24-215-202-255
226	5.02817955654677e-10	clade1sub14	247-113-27-255
227	9.142891291848427e-10	clade1sub14	247-113-27-255
228	0.0195801007508311	clade1sub14	247-113-27-255
229	0.1595811357663089	clade1sub12	128-254-83-255
230	8.230699892410858e-06	clade1sub18	122-4-2-255
231	6.241386102669702e-05	clade1sub3	70-122-242-255
232	0.0017994793953224	clade1sub7	24-215-202-255
233	0.2302331271526772	clade1sub12	128-254-83-255
235	0.0001603479044918	clade1sub3	70-122-242-255
236	2.479483880691658e-05	clade1sub7	24-215-202-255
237	3.050571228911068e-05	clade1sub11	232-213-56-255
238	0.001449098181221	clade1sub11	232-213-56-255
239	1.8770518810909407e-09	clade1sub14	247-113-27-255
240	3.993102890788246e-11	clade1sub14	247-113-27-255
241	1.2509256670524358e-06	clade1sub14	247-113-27-255
242	3.612548508802661e-18	clade1sub7	24-215-202-255
243	1.4324430887404099e-09	clade1sub7	24-215-202-255
244	5.002583321420884e-10	clade1sub3	70-122-242-255
245	9.764235874251736e-14	clade1sub7	24-215-202-255
246	4.0355066680943225e-19	clade1sub7	24-215-202-255
247	5.557920347447466e-05	clade1sub7	24-215-202-255
248	0.2127004676324951	clade1sub12	128-254-83-255
249	1.5316835685949478e-14	clade1sub7	24-215-202-255
250	2.1846603495586136e-06	clade1sub14	247-113-27-255
251	1.406780377666498e-08	clade1sub12	128-254-83-255
252	1.0755941395122247e-09	clade1sub3	70-122-242-255
253	1.138541599800692e-15	clade1sub7	24-215-202-255
254	3.838225580632164e-11	clade1sub7	24-215-202-255
255	4.7574385522657135e-14	clade1sub7	24-215-202-255
256	2.226602358174718e-16	clade1sub7	24-215-202-255
257	1.6548911034168223e-14	clade1sub7	24-215-202-255
258	7.555828306551753e-07	clade1sub7	24-215-202-255
259	1.0154884124259864e-06	clade1sub3	70-122-242-255
260	5.663595506651613e-05	clade1sub3	70-122-242-255
261	5.9962906612048146e-12	clade1sub3	70-122-242-255
262	2.5779994876830002e-12	clade1sub7	24-215-202-255
263	2.2850280836922959e-07	clade1sub14	247-113-27-255
264	1.874939276463828e-15	clade1sub3	70-122-242-255
265	8.043933181897016e-13	clade1sub7	24-215-202-255
266	5.875838448192997e-05	clade1sub3	70-122-242-255
267	1.3709142748951745e-13	clade1sub7	24-215-202-255
268	2.5645956039697184e-14	clade1sub7	24-215-202-255
269	8.392243273976992e-05	clade1sub19	187-244-52-255
270	0.5003633865903316	clade1sub7	24-215-202-255
271	3.2379456745032066e-15	clade1sub14	247-113-27-255
272	3.26057024052699e-10	clade1sub3	70-122-242-255
273	0.0002577893829474	clade1sub19	187-244-52-255
274	0.0036867722432936	clade1sub3	70-122-242-255
275	6.543042096871106e-11	clade1sub7	24-215-202-255
276	5.897521682208393e-12	clade1sub7	24-215-202-255
277	1.9899546223519998e-07	clade1sub7	24-215-202-255
278	7.378988880480781e-13	clade1sub7	24-215-202-255
279	4.666986417442808e-09	clade1sub4	53-243-148-255
280	0.0127636202865583	clade1sub3	70-122-242-255
281	0.024629368431569	clade1sub7	24-215-202-255
282	1.776933929698739e-19	clade1sub7	24-215-202-255
283	7.234352092944645e-09	clade1sub14	247-113-27-255
284	5.0221796445499987e-14	clade1sub7	24-215-202-255
285	2.963504539314125e-12	clade1sub7	24-215-202-255
286	4.918787643908943e-07	clade1sub7	24-215-202-255
287	1.6013076863889043e-09	clade1sub12	128-254-83-255
288	1.2776809719302677e-13	clade1sub3	70-122-242-255
289	1.3233262134372897e-15	clade1sub7	24-215-202-255
290	0.0024048458071236	clade1sub14	247-113-27-255
291	0.0002292741706721	clade1sub3	70-122-242-255
292	1.1312617137997698e-11	clade1sub17	222-62-8-255
294	1.1810693057721577e-12	clade1sub7	24-215-202-255
296	0.0025800041193865	clade1sub12	128-254-83-255
297	0.0011339258509379	clade1sub4	53-243-148-255
298	0.0107384825587301	clade1sub12	128-254-83-255
299	1.32722389286668e-11	clade1sub14	247-113-27-255
300	2.5633017237913614e-07	clade1sub14	247-113-27-255
301	0.0013537163977979	clade1sub3	70-122-242-255
302	0.0041974222612198	clade1sub4	53-243-148-255
303	0.0139518399811442	clade1sub12	128-254-83-255
304	1.3163390146780144e-08	clade1sub11	232-213-56-255
305	6.849343766571643e-13	clade1sub7	24-215-202-255
307	3.2357448550260764e-07	clade1sub7	24-215-202-255
308	7.244129030762943e-21	clade1sub7	24-215-202-255
309	0.0188171446486358	clade1sub7	24-215-202-255
310	5.099835315439217e-13	clade1sub7	24-215-202-255
312	0.0026783505283394	clade1sub7	24-215-202-255
313	1.95140017583742e-07	clade1sub4	53-243-148-255
314	0.0179988164154854	clade1sub12	128-254-83-255
315	0.0924524913959185	clade1sub7	24-215-202-255
317	9.66534640430621e-07	clade1sub4	53-243-148-255
318	1.1171696913292803e-07	clade1sub11	232-213-56-255
319	4.126817143864703e-23	clade1sub7	24-215-202-255
320	0.0194163689319354	clade1sub3	70-122-242-255
321	7.161834316163842e-12	clade1sub7	24-215-202-255
322	1.3778121221830524e-06	clade1sub19	187-244-52-255
323	0.0092701619501931	clade1sub7	24-215-202-255
324	8.607228059312245e-13	clade1sub7	24-215-202-255
325	5.759119325513266e-17	clade1sub7	24-215-202-255
326	8.30218204849623e-08	clade1sub7	24-215-202-255
327	0.0109294767270288	clade1sub4	53-243-148-255
328	0.0028421004265057	clade1sub7	24-215-202-255
329	9.800878480883717e-07	clade1sub3	70-122-242-255
330	0.0086266889550371	clade1sub18	122-4-2-255
331	8.273489009659045e-15	clade1sub7	24-215-202-255
332	1.1101618938228344e-16	clade1sub7	24-215-202-255
333	0.5818218824579509	clade1sub7	24-215-202-255
334	0.0011910988259268	clade1sub11	232-213-56-255
335	0.1225302827739	clade1sub12	128-254-83-255
336	2.926636450498052e-26	clade1sub13	180-27-1-255
337	0.0084029140913882	clade1sub3	70-122-242-255
338	2.9974735105506215e-17	clade1sub7	24-215-202-255
339	1.5593788657642233e-08	clade1sub11	232-213-56-255
340	0.0015905633607116	clade1sub11	232-213-56-255
342	4.049652505104111e-07	clade1sub11	232-213-56-255
343	0.0349248516252215	clade1sub12	128-254-83-255
344	1.983122065006703e-06	clade1sub3	70-122-242-255
345	1.6232399937047268e-15	clade1sub7	24-215-202-255
346	8.476684519881154e-18	clade1sub7	24-215-202-255
347	0.0001842796948397	clade1sub18	122-4-2-255
348	7.050421042850848e-05	clade1sub11	232-213-56-255
349	4.926134407258785e-09	clade1sub7	24-215-202-255
350	2.7525630545243745e-17	clade1sub7	24-215-202-255
351	2.7942510729134906e-12	clade1sub7	24-215-202-255
352	2.496601113283905e-07	clade1sub4	53-243-148-255
353	1.0243614412826417e-13	clade1sub11	232-213-56-255
354	3.553193646578877e-11	clade1sub14	247-113-27-255
355	0.0174076733093574	clade1sub3	70-122-242-255
356	1.0669691137203965e-08	clade1sub11	232-213-56-255
357	1.0714665134877614e-12	clade1sub14	247-113-27-255
358	7.56799687988901e-10	clade1sub7	24-215-202-255
359	1.592789080656325e-16	clade1sub3	70-122-242-255
360	0.2431787380581364	clade1sub4	53-243-148-255
361	4.619095525968037e-05	clade1sub14	247-113-27-255
362	0.0003570002411677	clade1sub7	24-215-202-255
364	4.586241836995634e-08	clade1sub4	53-243-148-255
365	2.2670931175144823e-10	clade1sub11	232-213-56-255
366	2.77911191094716e-13	clade1sub7	24-215-202-255
367	1.0693074158863799e-10	clade1sub11	232-213-56-255
368	7.823876824527223e-06	clade1sub3	70-122-242-255
369	0.0107616922970104	clade1sub7	24-215-202-255
370	7.509327591097022e-06	clade1sub3	70-122-242-255
371	7.616493260841344e-15	clade1sub3	70-122-242-255
372	6.772583397165586e-14	clade1sub7	24-215-202-255
373	2.6286821195562122e-09	clade1sub11	232-213-56-255
374	4.6331926340521204e-14	clade1sub3	70-122-242-255
375	2.2063569360165347e-08	clade1sub7	24-215-202-255
376	1.4830271397732662e-06	clade1sub3	70-122-242-255
378	4.455222042034279e-08	clade1sub3	70-122-242-255
379	0.0688113363115284	clade1sub12	128-254-83-255
380	0.5070201782965381	clade1sub12	128-254-83-255
381	0.0002316704984865	clade1sub12	128-254-83-255
382	0.00124359700056	clade1sub7	24-215-202-255
383	1.439001594891995e-16	clade1sub3	70-122-242-255
384	1.4304347122297873e-07	clade1sub2	51-172-246-255
385	0.8963922477818987	clade1sub7	24-215-202-255
386	3.588248344316235e-17	clade1sub7	24-215-202-255
387	8.486812976736593e-07	clade1sub7	24-215-202-255
388	1.5266629629150078e-06	clade1sub12	128-254-83-255
389	0.0001059442556494	clade1sub12	128-254-83-255
390	8.416590122540474e-11	clade1sub14	247-113-27-255
391	0.0041870194866161	clade1sub12	128-254-83-255
392	4.418091892737825e-12	clade1sub7	24-215-202-255
393	4.1149506394667846e-11	clade1sub2	51-172-246-255
395	0.0086440136806457	clade1sub12	128-254-83-255
396	1.2621623031580365e-12	clade1sub7	24-215-202-255
397	7.473532621555103e-06	clade1sub12	128-254-83-255
398	0.0063259930231964	clade1sub7	24-215-202-255
399	3.973755746787681e-07	clade1sub3	70-122-242-255
400	6.523028936244506e-12	clade1sub7	24-215-202-255
401	1.079113546336179e-15	clade1sub7	24-215-202-255
402	2.0482210239511402e-10	clade1sub7	24-215-202-255
403	3.6566348985423823e-19	clade1sub7	24-215-202-255
404	0.0004953744521019	clade1sub7	24-215-202-255
405	1.0093371854024875e-07	clade1sub7	24-215-202-255
406	1.7669644203430394e-09	clade1sub11	232-213-56-255
408	5.16003190812317e-17	clade1sub7	24-215-202-255
409	3.7354354519240494e-20	clade1sub7	24-215-202-255
410	2.5539212555639786e-08	clade1sub7	24-215-202-255
411	0.9987618868054728	clade1sub7	24-215-202-255
412	2.3566529104690003e-09	clade1sub11	232-213-56-255
413	1.933391165131072e-12	clade1sub3	70-122-242-255
414	6.419699097308488e-09	clade1sub7	24-215-202-255
415	2.2529052404632982e-06	clade1sub7	24-215-202-255
416	8.899195365747039e-05	clade1sub7	24-215-202-255
417	0.0266185345522062	clade1sub4	53-243-148-255
418	0.0432894219287681	clade1sub17	222-62-8-255
419	7.192473676986203e-06	clade1sub12	128-254-83-255
420	0.0003523638144558	clade1sub4	53-243-148-255
421	1.8427993768840427e-09	clade1sub17	222-62-8-255
422	2.3404376568242097e-30	clade1sub17	222-62-8-255
423	5.397496957261426e-16	clade1sub7	24-215-202-255
424	1.1005641691144747e-18	clade1sub13	180-27-1-255
425	1.3079710543211347e-25	clade1sub3	70-122-242-255
426	8.040419019914238e-08	clade1sub7	24-215-202-255
427	2.2717630826032206e-10	clade1sub7	24-215-202-255
428	1.22152572295487e-12	clade1sub13	180-27-1-255
429	0.0064831851287522	clade1sub7	24-215-202-255
430	3.4055848569043494e-11	clade1sub7	24-215-202-255
431	7.51099405032753e-11	clade1sub7	24-215-202-255
432	6.62693743071078e-10	clade1sub11	232-213-56-255
433	4.797183914848027e-15	clade1sub3	70-122-242-255
434	2.6977174682231996e-13	clade1sub3	70-122-242-255
435	1.24308397207304e-10	clade1sub3	70-122-242-255
436	1.988262589185993e-09	clade1sub3	70-122-242-255
437	2.1093292691769344e-10	clade1sub3	70-122-242-255
438	7.815387688105296e-11	clade1sub3	70-122-242-255
439	3.206377057948905e-10	clade1sub11	232-213-56-255
440	7.29950077351133e-17	clade1sub11	232-213-56-255
441	1.289723024878172e-07	clade1sub11	232-213-56-255
442	1.7295144735563683e-11	clade1sub11	232-213-56-255
443	3.0007713423378775e-15	clade1sub11	232-213-56-255
444	8.757960213919493e-13	clade1sub7	24-215-202-255
445	6.314659513383522e-17	clade1sub11	232-213-56-255
446	1.6132673378710288e-17	clade1sub7	24-215-202-255
447	1.4672449052632452e-16	clade1sub3	70-122-242-255
448	3.000757128960202e-17	clade1sub7	24-215-202-255
449	2.6425963845329614e-13	clade1sub11	232-213-56-255
450	3.27847647906474e-12	clade1sub17	222-62-8-255
451	1.2238534406540244e-14	clade1sub3	70-122-242-255
452	8.298215475173925e-13	clade1sub3	70-122-242-255
453	1.966580007193567e-10	clade1sub3	70-122-242-255
454	3.100495548757461e-15	clade1sub7	24-215-202-255
455	3.9731426489972446e-08	clade1sub3	70-122-242-255
456	8.9119534735491e-10	clade1sub3	70-122-242-255
457	6.97135768714434e-07	clade1sub3	70-122-242-255
458	2.915493772907368e-17	clade1sub7	24-215-202-255
459	3.0708979029052e-08	clade1sub3	70-122-242-255
460	0.0007588157176862	clade1sub3	70-122-242-255
461	1.3736210689645898e-07	clade1sub3	70-122-242-255
462	3.241075639434255e-10	clade1sub12	128-254-83-255
463	6.488291171423225e-14	clade1sub11	232-213-56-255
464	2.5290847961993163e-16	clade1sub3	70-122-242-255
465	5.699167877507064e-16	clade1sub3	70-122-242-255
466	6.4321332050872135e-12	clade1sub13	180-27-1-255
467	1.2554242977364804e-14	clade1sub3	70-122-242-255
468	2.897668918498932e-17	clade1sub3	70-122-242-255
469	1.3413449232180646e-10	clade1sub11	232-213-56-255
470	1.4045857526838066e-14	clade1sub11	232-213-56-255
471	1.4596916139132393e-18	clade1sub7	24-215-202-255
472	1.7196305999073085e-18	clade1sub11	232-213-56-255
473	3.5368120714147923e-19	clade1sub7	24-215-202-255
474	4.101022376218091e-15	clade1sub11	232-213-56-255
475	6.102162648248506e-13	clade1sub11	232-213-56-255
476	2.533858877260025e-14	clade1sub17	222-62-8-255
477	2.002746357297101e-09	clade1sub17	222-62-8-255
478	1.7381750753405984e-11	clade1sub11	232-213-56-255
479	5.752617635354277e-12	clade1sub11	232-213-56-255
480	2.809614578394596e-11	clade1sub11	232-213-56-255
481	4.289104736116138e-14	clade1sub7	24-215-202-255
482	3.431352618425652e-11	clade1sub11	232-213-56-255
483	2.4430279862923902e-20	clade1sub7	24-215-202-255
484	4.007866197273247e-16	clade1sub7	24-215-202-255
485	2.6258005514849334e-19	clade1sub7	24-215-202-255
486	9.703664794321037e-22	clade1sub3	70-122-242-255
487	2.459080004132385e-15	clade1sub3	70-122-242-255
488	1.3297965601040218e-08	clade1sub11	232-213-56-255
489	1.3533826225184961e-08	clade1sub11	232-213-56-255
490	9.560600473393563e-10	clade1sub11	232-213-56-255
491	1.8765449255061144e-19	clade1sub17	222-62-8-255
492	8.925361035980404e-09	clade1sub3	70-122-242-255
493	3.720866009891348e-06	clade1sub3	70-122-242-255
494	1.2040226303273556e-09	clade1sub3	70-122-242-255
495	5.497052789165667e-07	clade1sub3	70-122-242-255
496	4.274905570714329e-12	clade1sub7	24-215-202-255
497	3.172913712541826e-08	clade1sub7	24-215-202-255
498	1.0067174355885612e-07	clade1sub3	70-122-242-255
499	3.420239558553912e-05	clade1sub3	70-122-242-255
500	8.726436614867156e-17	clade1sub7	24-215-202-255
501	2.1799962592762982e-09	clade1sub3	70-122-242-255
502	7.481688376010953e-19	clade1sub3	70-122-242-255
504	5.019672139265342e-09	clade1sub3	70-122-242-255
505	2.921759708887368e-18	clade1sub3	70-122-242-255
507	1.4573508455302012e-16	clade1sub11	232-213-56-255
508	1.091335589434222e-25	clade1sub7	24-215-202-255
509	1.5737646806148662e-19	clade1sub7	24-215-202-255
510	1.1217373783873116e-20	clade1sub12	128-254-83-255
511	1.9621831127270496e-12	clade1sub13	180-27-1-255
512	1.9101722655904733e-13	clade1sub7	24-215-202-255
513	4.9564646517006165e-27	clade1sub7	24-215-202-255
514	2.337714721093501e-21	clade1sub7	24-215-202-255
515	3.874415625949469e-13	clade1sub13	180-27-1-255
516	2.6263582373782936e-13	clade1sub11	232-213-56-255
517	2.028022289229024e-14	clade1sub7	24-215-202-255
518	4.319997925178026e-20	clade1sub7	24-215-202-255
519	5.773975444290562e-12	clade1sub17	222-62-8-255
520	2.4988862891211096e-12	clade1sub11	232-213-56-255
521	6.661672878478783e-13	clade1sub7	24-215-202-255
522	7.487863081726647e-13	clade1sub17	222-62-8-255
523	4.409179173424132e-13	clade1sub11	232-213-56-255
524	5.059283758049926e-10	clade1sub3	70-122-242-255
525	4.625717874200738e-09	clade1sub17	222-62-8-255
526	2.3479356096958866e-10	clade1sub11	232-213-56-255
527	2.628834533975596e-12	clade1sub11	232-213-56-255
529	2.725686973519255e-13	clade1sub7	24-215-202-255
530	7.538437961631324e-15	clade1sub11	232-213-56-255
531	2.5072636116824265e-16	clade1sub11	232-213-56-255
532	3.162891793731874e-27	clade1sub7	24-215-202-255
533	9.835364166631123e-24	clade1sub7	24-215-202-255
534	6.3606641468215216e-21	clade1sub3	70-122-242-255
535	5.7157994056421775e-28	clade1sub7	24-215-202-255
536	2.0744901258616152e-08	clade1sub17	222-62-8-255
537	3.037952475106633e-19	clade1sub3	70-122-242-255
538	1.7300829446173058e-15	clade1sub3	70-122-242-255
539	1.2742988261631465e-12	clade1sub3	70-122-242-255
540	1.264264031362741e-08	clade1sub3	70-122-242-255
541	0.0013704201954413	clade1sub3	70-122-242-255
542	1.1118888264673271e-19	clade1sub13	180-27-1-255
543	2.001828121046307e-24	clade1sub13	180-27-1-255
544	1.3308563942999668e-16	clade1sub13	180-27-1-255
545	1.9287372866604949e-07	clade1sub3	70-122-242-255
546	1.9743626843280665e-08	clade1sub3	70-122-242-255
547	5.663627792640828e-25	clade1sub7	24-215-202-255
548	6.77500431209439e-07	clade1sub3	70-122-242-255
549	1.6257907055936826e-22	clade1sub7	24-215-202-255
550	1.5184844092749692e-20	clade1sub7	24-215-202-255
551	1.9725479064970978e-13	clade1sub17	222-62-8-255
552	1.090158405356268e-05	clade1sub3	70-122-242-255
553	1.1600912941054618e-11	clade1sub3	70-122-242-255
554	3.0943143595768585e-10	clade1sub3	70-122-242-255
555	8.696879132332638e-05	clade1sub3	70-122-242-255
556	7.925678128371666e-13	clade1sub7	24-215-202-255
557	3.706051476840745e-13	clade1sub3	70-122-242-255
558	6.135740293608909e-07	clade1sub3	70-122-242-255
559	1.1946350971243201e-18	clade1sub7	24-215-202-255
560	9.442267532369676e-16	clade1sub7	24-215-202-255
561	0.0003789949753464	clade1sub3	70-122-242-255
562	1.9967424726768448e-06	clade1sub3	70-122-242-255
563	7.26403849995338e-16	clade1sub4	53-243-148-255
564	1.8089058786761164e-05	clade1sub12	128-254-83-255
565	6.298056042137238e-13	clade1sub11	232-213-56-255
566	1.782270345136021e-13	clade1sub3	70-122-242-255
567	7.565135378009399e-18	clade1sub17	222-62-8-255
568	9.487983490985044e-18	clade1sub14	247-113-27-255
569	2.206025995935353e-19	clade1sub7	24-215-202-255
570	2.1655438506701969e-13	clade1sub17	222-62-8-255
571	2.0018524246547808e-14	clade1sub13	180-27-1-255
572	1.3182860125432576e-16	clade1sub7	24-215-202-255
573	2.0985122896127416e-24	clade1sub7	24-215-202-255
574	1.8786980535336758e-14	clade1sub7	24-215-202-255
575	1.5317772853030283e-08	clade1sub11	232-213-56-255
576	2.7664949814763166e-17	clade1sub7	24-215-202-255
577	1.4150827047440516e-13	clade1sub7	24-215-202-255
578	9.87221848601122e-15	clade1sub11	232-213-56-255
579	6.824907806611355e-17	clade1sub11	232-213-56-255
580	2.2230774012594e-17	clade1sub11	232-213-56-255
581	2.2867213711098892e-14	clade1sub17	222-62-8-255
582	1.0890840569561368e-24	clade1sub7	24-215-202-255
583	1.041856222094262e-20	clade1sub2	51-172-246-255
584	1.4204538671266409e-18	clade1sub7	24-215-202-255
585	1.7246976071302867e-10	clade1sub17	222-62-8-255
586	2.228362623557844e-08	clade1sub3	70-122-242-255
587	2.1923722633073123e-16	clade1sub7	24-215-202-255
588	5.43650056189085e-10	clade1sub17	222-62-8-255
589	2.1865183757702566e-08	clade1sub11	232-213-56-255
590	1.1269037194526648e-15	clade1sub13	180-27-1-255
591	0.0002299235003144	clade1sub12	128-254-83-255
592	1.767539055760249e-18	clade1sub7	24-215-202-255
593	1.5122229988068654e-10	clade1sub17	222-62-8-255
594	1.5639911603759992e-09	clade1sub17	222-62-8-255
595	2.9987373820058127e-21	clade1sub7	24-215-202-255
596	6.4112349978007295e-12	clade1sub7	24-215-202-255
597	8.213483399584125e-21	clade1sub7	24-215-202-255
598	3.9693271261645554e-22	clade1sub7	24-215-202-255
599	4.2605614336709593e-23	clade1sub7	24-215-202-255
600	6.4087023913206545e-22	clade1sub7	24-215-202-255
601	1.0286320619172737e-15	clade1sub11	232-213-56-255
602	2.248481338906793e-23	clade1sub7	24-215-202-255
603	1.6169046356650974e-21	clade1sub7	24-215-202-255
604	4.209671596996959e-25	clade1sub7	24-215-202-255
605	3.71029041716768e-18	clade1sub7	24-215-202-255
606	1.3324066192901558e-14	clade1sub7	24-215-202-255
607	3.6808367491380563e-22	clade1sub7	24-215-202-255
608	1.3440218037634302e-19	clade1sub13	180-27-1-255
609	2.451689764774142e-15	clade1sub7	24-215-202-255
610	1.6254510923379874e-14	clade1sub7	24-215-202-255
611	1.3343667981761411e-18	clade1sub13	180-27-1-255
612	5.109405126945433e-19	clade1sub3	70-122-242-255
613	1.2434304978368717e-17	clade1sub17	222-62-8-255
614	1.1948976538530948e-17	clade1sub11	232-213-56-255
615	8.288015607204231e-17	clade1sub7	24-215-202-255
616	6.156137922432467e-15	clade1sub17	222-62-8-255
617	1.1854197490818814e-10	clade1sub11	232-213-56-255
618	1.4043865002511143e-09	clade1sub11	232-213-56-255
619	4.545002374917754e-20	clade1sub17	222-62-8-255
620	4.7826190024932835e-20	clade1sub7	24-215-202-255
621	1.694727780513634e-13	clade1sub11	232-213-56-255
622	2.5246541104207525e-06	clade1sub3	70-122-242-255
623	2.0082051349819808e-10	clade1sub3	70-122-242-255
624	1.5356795502212487e-05	clade1sub3	70-122-242-255
625	2.0863547386784115e-11	clade1sub11	232-213-56-255
626	5.1138681093802325e-11	clade1sub3	70-122-242-255
627	0.0001139558478166	clade1sub3	70-122-242-255
628	2.9785583587439877e-10	clade1sub3	70-122-242-255
629	9.95698300307245e-07	clade1sub3	70-122-242-255
630	1.7390753904235875e-09	clade1sub3	70-122-242-255
631	3.295804064520405e-13	clade1sub7	24-215-202-255
632	1.9176413193806124e-17	clade1sub7	24-215-202-255
633	8.461764405977743e-20	clade1sub7	24-215-202-255
634	2.340657909770272e-15	clade1sub3	70-122-242-255
635	5.430338596888345e-19	clade1sub3	70-122-242-255
636	1.3926321433527062e-17	clade1sub3	70-122-242-255
637	3.7075716438136743e-13	clade1sub3	70-122-242-255
638	1.0047672739044965e-21	clade1sub3	70-122-242-255
639	1.5013782131417523e-22	clade1sub7	24-215-202-255
640	5.1663835398972465e-24	clade1sub7	24-215-202-255
641	1.0885865039458592e-23	clade1sub7	24-215-202-255
642	1.593293335806649e-19	clade1sub3	70-122-242-255
643	1.1405180048964071e-14	clade1sub3	70-122-242-255
644	2.6126774124231492e-24	clade1sub7	24-215-202-255
645	4.662412024174911e-21	clade1sub3	70-122-242-255
646	1.733277885383433e-17	clade1sub7	24-215-202-255
647	1.834247440338611e-21	clade1sub13	180-27-1-255
648	3.110032049968116e-22	clade1sub7	24-215-202-255
649	1.721926451211451e-23	clade1sub13	180-27-1-255
650	6.488316544532634e-11	clade1sub13	180-27-1-255
651	2.342314312319457e-23	clade1sub3	70-122-242-255
652	4.080595582119933e-20	clade1sub13	180-27-1-255
653	9.598177662991345e-16	clade1sub13	180-27-1-255
654	5.20751145299528e-17	clade1sub7	24-215-202-255
655	5.035383579091231e-32	clade1sub7	24-215-202-255
656	1.0121569795221086e-16	clade1sub13	180-27-1-255
657	1.171594454011436e-14	clade1sub13	180-27-1-255
658	1.1697694487147841e-20	clade1sub13	180-27-1-255
659	1.5815777070203041e-18	clade1sub13	180-27-1-255
660	2.90880841431719e-14	clade1sub11	232-213-56-255
661	5.406649864762826e-20	clade1sub13	180-27-1-255
662	2.0261173774684697e-13	clade1sub17	222-62-8-255
663	1.4196517260778328e-13	clade1sub7	24-215-202-255
664	3.1167643304551304e-14	clade1sub7	24-215-202-255
665	1.1339626872748464e-11	clade1sub7	24-215-202-255
666	3.298551066896028e-21	clade1sub7	24-215-202-255
667	1.3183466676661664e-11	clade1sub11	232-213-56-255
668	5.837074141479965e-26	clade1sub7	24-215-202-255
669	3.958823390558907e-14	clade1sub7	24-215-202-255
670	6.60803285148808e-25	clade1sub7	24-215-202-255
671	2.5374457579865581e-23	clade1sub7	24-215-202-255
672	9.399091940332079e-32	clade1sub7	24-215-202-255
673	3.878704000070263e-28	clade1sub7	24-215-202-255
674	4.002745357593053e-20	clade1sub7	24-215-202-255
675	1.8316140107245121e-22	clade1sub7	24-215-202-255
676	1.2833323427592696e-25	clade1sub7	24-215-202-255
677	9.68553755105852e-09	clade1sub3	70-122-242-255
678	5.921733480826613e-26	clade1sub7	24-215-202-255
679	2.6069442194930555e-14	clade1sub3	70-122-242-255
680	3.4878362623902246e-24	clade1sub7	24-215-202-255
681	1.028111981036008e-11	clade1sub3	70-122-242-255
682	2.5562845228487155e-23	clade1sub7	24-215-202-255
683	4.098686724997794e-20	clade1sub7	24-215-202-255
684	1.8155227167454368e-17	clade1sub7	24-215-202-255
685	1.443718220862061e-26	clade1sub7	24-215-202-255
686	1.8234827606878315e-16	clade1sub3	70-122-242-255
687	1.2334307661826262e-14	clade1sub7	24-215-202-255
688	7.291317560527001e-16	clade1sub13	180-27-1-255
689	4.608707918524926e-26	clade1sub7	24-215-202-255
690	4.151000211855186e-13	clade1sub7	24-215-202-255
691	2.89832998321018e-18	clade1sub13	180-27-1-255
692	1.904970809962852e-12	clade1sub13	180-27-1-255
693	1.178318081349087e-15	clade1sub7	24-215-202-255
694	3.121774142065915e-13	clade1sub3	70-122-242-255
695	5.317005686893114e-12	clade1sub7	24-215-202-255
696	1.608099378656702e-15	clade1sub7	24-215-202-255
697	1.3819053388005357e-18	clade1sub3	70-122-242-255
698	2.595919440154452e-16	clade1sub3	70-122-242-255
699	1.2062237266948297e-13	clade1sub7	24-215-202-255
700	5.45069438514517e-09	clade1sub3	70-122-242-255
701	3.006400392699974e-17	clade1sub7	24-215-202-255
702	1.0311006290223462e-14	clade1sub3	70-122-242-255
703	2.3029689965949685e-13	clade1sub3	70-122-242-255
704	8.010237206892595e-11	clade1sub3	70-122-242-255
705	1.0356044278116568e-11	clade1sub7	24-215-202-255
706	2.1612237993273232e-24	clade1sub7	24-215-202-255
707	2.1782980954885072e-26	clade1sub7	24-215-202-255
708	3.986287004895168e-23	clade1sub7	24-215-202-255
709	1.1191024254959565e-12	clade1sub7	24-215-202-255
710	4.029301054015031e-25	clade1sub7	24-215-202-255
711	5.14577404520468e-19	clade1sub7	24-215-202-255
712	5.964844901498562e-08	clade1sub3	70-122-242-255
713	7.978907882097171e-24	clade1sub7	24-215-202-255
714	1.2525454114527125e-15	clade1sub7	24-215-202-255
715	6.756305096642339e-30	clade1sub7	24-215-202-255
716	1.5431514023788998e-18	clade1sub7	24-215-202-255
717	5.086830130567576e-13	clade1sub7	24-215-202-255
718	1.7963175379903058e-05	clade1sub7	24-215-202-255
719	5.7351766332432335e-27	clade1sub7	24-215-202-255
720	5.659918479139844e-18	clade1sub7	24-215-202-255
721	1.716568710685169e-28	clade1sub7	24-215-202-255
722	2.0402247967248412e-23	clade1sub7	24-215-202-255
723	9.190638528085652e-22	clade1sub7	24-215-202-255
724	2.8823299275830535e-29	clade1sub7	24-215-202-255
725	5.185651381960694e-13	clade1sub7	24-215-202-255
726	1.1267562042257173e-15	clade1sub13	180-27-1-255
727	1.1304552391161709e-13	clade1sub7	24-215-202-255
728	1.8847724212267103e-15	clade1sub7	24-215-202-255
729	1.0013755761219657e-12	clade1sub13	180-27-1-255
730	2.9678108247944125e-18	clade1sub13	180-27-1-255
731	1.4222404498248052e-16	clade1sub13	180-27-1-255
732	5.752962560144095e-12	clade1sub13	180-27-1-255
733	4.611474110976586e-13	clade1sub7	24-215-202-255
734	7.433891088566165e-24	clade1sub13	180-27-1-255
735	5.320335885841469e-16	clade1sub7	24-215-202-255
736	8.082418338951916e-24	clade1sub7	24-215-202-255
737	3.0868209067073265e-26	clade1sub7	24-215-202-255
738	2.6013528448640046e-16	clade1sub13	180-27-1-255
739	9.727674602511466e-17	clade1sub13	180-27-1-255
740	7.653286074138821e-21	clade1sub7	24-215-202-255
741	2.085729528009002e-24	clade1sub13	180-27-1-255
742	3.676152559781423e-29	clade1sub7	24-215-202-255
743	2.1100343220347948e-22	clade1sub13	180-27-1-255
744	3.661067854215136e-27	clade1sub3	70-122-242-255
745	3.971224167926552e-28	clade1sub7	24-215-202-255
746	1.8164430002389438e-28	clade1sub3	70-122-242-255
747	1.0358797110158299e-13	clade1sub3	70-122-242-255
748	3.974108087959348e-12	clade1sub12	128-254-83-255
749	5.781262431753842e-17	clade1sub3	70-122-242-255
750	3.193243853325584e-13	clade1sub7	24-215-202-255
751	4.0026253366266737e-10	clade1sub7	24-215-202-255
752	1.0740809546177333e-15	clade1sub7	24-215-202-255
753	9.584886483460944e-05	clade1sub12	128-254-83-255
754	5.2456793292208313e-11	clade1sub7	24-215-202-255
755	2.23204800817792e-05	clade1sub3	70-122-242-255
756	9.938604593215099e-08	clade1sub3	70-122-242-255
757	1.2477744053862215e-10	clade1sub3	70-122-242-255
758	1.463460021162667e-15	clade1sub7	24-215-202-255
759	1.0949836538500661e-16	clade1sub7	24-215-202-255
760	9.579748558211557e-16	clade1sub7	24-215-202-255
761	1.8263921804917717e-18	clade1sub17	222-62-8-255
762	4.10299843270171e-10	clade1sub11	232-213-56-255
763	4.958291552339214e-13	clade1sub7	24-215-202-255
764	1.130603839747822e-11	clade1sub17	222-62-8-255
765	4.5400481680352665e-17	clade1sub3	70-122-242-255
766	9.297523854385943e-10	clade1sub7	24-215-202-255
767	3.913143856179982e-20	clade1sub7	24-215-202-255
768	1.7546566515424017e-23	clade1sub7	24-215-202-255
769	1.6559544112696067e-14	clade1sub7	24-215-202-255
770	1.3961201139772e-09	clade1sub2	51-172-246-255
771	5.061148067863159e-20	clade1sub7	24-215-202-255
773	1.4763108563016917e-11	clade1sub2	51-172-246-255
774	1.7394289384684335e-25	clade1sub7	24-215-202-255
775	1.0026967669855516e-15	clade1sub14	247-113-27-255
776	3.350019695048714e-25	clade1sub7	24-215-202-255
777	4.667009888288494e-22	clade1sub7	24-215-202-255
778	4.13242571623024e-24	clade1sub7	24-215-202-255
779	1.8348529231940435e-25	clade1sub7	24-215-202-255
780	1.8113849976167009e-25	clade1sub14	247-113-27-255
781	1.32905421532234e-26	clade1sub7	24-215-202-255
782	4.2201587901637766e-26	clade1sub13	180-27-1-255
783	5.975170405593646e-16	clade1sub13	180-27-1-255
784	1.3086951923201414e-27	clade1sub7	24-215-202-255
785	5.627947104138252e-25	clade1sub3	70-122-242-255
786	3.0088832278213174e-27	clade1sub13	180-27-1-255
787	1.0746298612308187e-24	clade1sub3	70-122-242-255
788	8.247529926475836e-23	clade1sub13	180-27-1-255
789	4.3839429870865074e-14	clade1sub7	24-215-202-255
790	5.376497743724778e-19	clade1sub13	180-27-1-255
791	2.203706062117378e-07	clade1sub7	24-215-202-255
792	1.3411581684902068e-15	clade1sub7	24-215-202-255
793	8.926514771886842e-14	clade1sub7	24-215-202-255
794	1.074477516190326e-12	clade1sub7	24-215-202-255
795	2.8665210342084863e-16	clade1sub7	24-215-202-255
796	3.531088982306585e-15	clade1sub7	24-215-202-255
797	1.2622061371919065e-21	clade1sub7	24-215-202-255
798	6.779950560363132e-11	clade1sub11	232-213-56-255
799	1.999335495131895e-11	clade1sub11	232-213-56-255
800	7.547268725709436e-10	clade1sub3	70-122-242-255
801	9.081118321587945e-14	clade1sub3	70-122-242-255
802	5.266386904206259e-13	clade1sub17	222-62-8-255
803	1.0157306296893762e-11	clade1sub7	24-215-202-255
804	1.4110498967964347e-16	clade1sub7	24-215-202-255
805	9.189680063070442e-18	clade1sub7	24-215-202-255
806	8.036695807679297e-10	clade1sub3	70-122-242-255
807	0.0001697639586737	clade1sub3	70-122-242-255
808	4.319372915305577e-15	clade1sub3	70-122-242-255
809	3.7371824111871486e-18	clade1sub3	70-122-242-255
810	3.651553445708187e-26	clade1sub3	70-122-242-255
811	5.708160014947158e-20	clade1sub7	24-215-202-255
812	1.133467223196606e-26	clade1sub7	24-215-202-255
813	2.4067496669415773e-17	clade1sub7	24-215-202-255
814	2.986905282201605e-22	clade1sub7	24-215-202-255
815	2.0743673559160152e-19	clade1sub3	70-122-242-255
816	9.190522138747837e-19	clade1sub7	24-215-202-255
817	1.3644409438652254e-20	clade1sub3	70-122-242-255
818	1.540620231690842e-23	clade1sub7	24-215-202-255
819	6.173459698257819e-22	clade1sub7	24-215-202-255
820	1.6578769083589378e-19	clade1sub7	24-215-202-255
821	2.60966281945156e-26	clade1sub13	180-27-1-255
822	1.3126661610586045e-21	clade1sub7	24-215-202-255
823	1.2023292417685672e-19	clade1sub7	24-215-202-255
824	6.2131075537637945e-22	clade1sub3	70-122-242-255
825	9.334423614760863e-25	clade1sub7	24-215-202-255
826	1.0933233598947336e-24	clade1sub13	180-27-1-255
827	8.896538482729082e-27	clade1sub7	24-215-202-255
828	1.1946817169654892e-30	clade1sub7	24-215-202-255
829	5.093429038545818e-25	clade1sub13	180-27-1-255
830	3.4005443582435114e-24	clade1sub7	24-215-202-255
831	4.580796435331175e-23	clade1sub13	180-27-1-255
832	2.2438643358185765e-31	clade1sub7	24-215-202-255
833	3.685508735268136e-24	clade1sub3	70-122-242-255
834	7.41035665080638e-23	clade1sub13	180-27-1-255
835	2.486190598208744e-19	clade1sub13	180-27-1-255
836	8.579424963939894e-29	clade1sub7	24-215-202-255
837	3.802264816826533e-31	clade1sub7	24-215-202-255
838	7.356854035993748e-18	clade1sub13	180-27-1-255
839	1.0263017565224515e-28	clade1sub7	24-215-202-255
840	3.4269427630183717e-31	clade1sub3	70-122-242-255
841	2.8079942157588607e-27	clade1sub7	24-215-202-255
842	2.1880381760590423e-16	clade1sub7	24-215-202-255
843	6.092792747033945e-28	clade1sub7	24-215-202-255
844	2.2958067942125803e-15	clade1sub7	24-215-202-255
845	2.6515493494116124e-29	clade1sub3	70-122-242-255
846	4.894496744454e-20	clade1sub7	24-215-202-255
847	2.1087010683604062e-20	clade1sub7	24-215-202-255
848	2.0638835724679538e-17	clade1sub7	24-215-202-255
849	1.8870486780149264e-22	clade1sub7	24-215-202-255
850	2.3852403255729297e-14	clade1sub3	70-122-242-255
851	7.049202981932953e-15	clade1sub14	247-113-27-255
852	3.370505612767492e-26	clade1sub14	247-113-27-255
853	1.5278550960379688e-13	clade1sub7	24-215-202-255
854	3.471081127652301e-09	clade1sub11	232-213-56-255
855	2.6057023559827992e-23	clade1sub7	24-215-202-255
856	6.8063561520002e-14	clade1sub2	51-172-246-255
857	5.782318942946194e-28	clade1sub7	24-215-202-255
858	1.9809065070887067e-24	clade1sub7	24-215-202-255
859	2.821847793367836e-24	clade1sub7	24-215-202-255
860	1.0161246368598204e-22	clade1sub7	24-215-202-255
861	6.0160611354537636e-24	clade1sub7	24-215-202-255
862	1.3070213683244906e-24	clade1sub7	24-215-202-255
863	2.666006895948978e-25	clade1sub7	24-215-202-255
864	7.615588221776279e-18	clade1sub7	24-215-202-255
865	2.1462865976118337e-27	clade1sub7	24-215-202-255
866	4.552872818228219e-25	clade1sub7	24-215-202-255
867	1.7006437449511706e-28	clade1sub7	24-215-202-255
868	3.6859929894910425e-25	clade1sub7	24-215-202-255
869	7.574065344908178e-24	clade1sub3	70-122-242-255
870	2.1845215435774328e-26	clade1sub7	24-215-202-255
871	1.0182297728189764e-09	clade1sub3	70-122-242-255
872	2.694997206676259e-21	clade1sub7	24-215-202-255
873	1.5478158300369629e-18	clade1sub3	70-122-242-255
874	2.835188510900255e-22	clade1sub7	24-215-202-255
875	4.0168768344045835e-22	clade1sub3	70-122-242-255
876	5.0545972429430274e-23	clade1sub7	24-215-202-255
877	2.701947156077938e-24	clade1sub7	24-215-202-255
878	6.430834217827648e-21	clade1sub13	180-27-1-255
879	3.9397942634075396e-20	clade1sub7	24-215-202-255
880	6.781880247136122e-21	clade1sub7	24-215-202-255
881	3.426482319581031e-21	clade1sub7	24-215-202-255
882	9.950699406415961e-25	clade1sub7	24-215-202-255
883	3.8286579106810303e-23	clade1sub7	24-215-202-255
884	5.0955466076695265e-18	clade1sub7	24-215-202-255
885	2.4118453117202652e-14	clade1sub7	24-215-202-255
886	7.983502615550383e-22	clade1sub7	24-215-202-255
887	4.844624464356507e-20	clade1sub7	24-215-202-255
888	8.379556129056937e-19	clade1sub13	180-27-1-255
889	4.1885197079038694e-20	clade1sub7	24-215-202-255
890	9.026807314334213e-18	clade1sub13	180-27-1-255
891	2.6381821512712645e-18	clade1sub7	24-215-202-255
892	3.661909970868121e-18	clade1sub7	24-215-202-255
893	9.383883178464656e-15	clade1sub3	70-122-242-255
894	3.9823757770633493e-13	clade1sub7	24-215-202-255
895	8.950492029175714e-17	clade1sub7	24-215-202-255
896	4.1463432499206763e-19	clade1sub3	70-122-242-255
897	6.060205829309391e-15	clade1sub3	70-122-242-255
898	2.3575919196981378e-17	clade1sub3	70-122-242-255
899	2.9190554772706744e-17	clade1sub3	70-122-242-255
900	3.4109774031948135e-13	clade1sub7	24-215-202-255
901	7.61852633506939e-13	clade1sub3	70-122-242-255
902	4.0872046351250655e-18	clade1sub7	24-215-202-255
903	4.429134342615552e-17	clade1sub3	70-122-242-255
904	4.293476120843873e-18	clade1sub7	24-215-202-255
905	2.998702736611097e-19	clade1sub7	24-215-202-255
906	9.378305128274771e-15	clade1sub7	24-215-202-255
907	1.2109464329177671e-14	clade1sub3	70-122-242-255
908	8.349030503717468e-21	clade1sub7	24-215-202-255
909	4.1633494767436084e-14	clade1sub7	24-215-202-255
910	9.45073182926391e-20	clade1sub7	24-215-202-255
911	2.9409544118372592e-15	clade1sub7	24-215-202-255
912	5.6711922705068e-18	clade1sub3	70-122-242-255
913	2.459715827359776e-30	clade1sub7	24-215-202-255
914	7.182590181168646e-26	clade1sub7	24-215-202-255
915	1.068398854208344e-11	clade1sub3	70-122-242-255
916	2.9097966145052514e-20	clade1sub7	24-215-202-255
917	1.3415667718052216e-09	clade1sub3	70-122-242-255
918	8.787122406940459e-21	clade1sub7	24-215-202-255
919	2.41094761709503e-09	clade1sub3	70-122-242-255
920	1.5742845689251515e-27	clade1sub3	70-122-242-255
921	2.3984029621938973e-21	clade1sub7	24-215-202-255
922	1.7960399551614913e-33	clade1sub3	70-122-242-255
923	1.786816294631661e-20	clade1sub3	70-122-242-255
924	1.4384311641903771e-19	clade1sub17	222-62-8-255
925	2.53239526006704e-27	clade1sub14	247-113-27-255
926	5.076506971189661e-32	clade1sub7	24-215-202-255
927	2.025443908355913e-33	clade1sub7	24-215-202-255
928	1.9175771678677444e-27	clade1sub7	24-215-202-255
929	1.3431368853495608e-29	clade1sub3	70-122-242-255
930	4.6166588967399735e-32	clade1sub7	24-215-202-255
931	2.4785552130941256e-32	clade1sub7	24-215-202-255
932	5.262193287594222e-25	clade1sub7	24-215-202-255
933	1.0561383019191537e-31	clade1sub3	70-122-242-255
934	6.245235269306644e-32	clade1sub7	24-215-202-255
935	4.7609080886683835e-16	clade1sub7	24-215-202-255
936	3.942625283063154e-20	clade1sub7	24-215-202-255
937	5.298476401183016e-28	clade1sub3	70-122-242-255
938	6.930272000362587e-30	clade1sub3	70-122-242-255
939	1.1986420620464327e-24	clade1sub13	180-27-1-255
940	2.6924350278676205e-23	clade1sub7	24-215-202-255
941	1.0105738629680876e-19	clade1sub7	24-215-202-255
942	1.6792826187477356e-26	clade1sub13	180-27-1-255
943	2.2405011775528785e-23	clade1sub13	180-27-1-255
944	2.876965531519994e-27	clade1sub13	180-27-1-255
945	6.429044582104022e-26	clade1sub13	180-27-1-255
946	2.4281199650398178e-21	clade1sub13	180-27-1-255
947	7.772346484371856e-25	clade1sub7	24-215-202-255
948	8.889288020424335e-30	clade1sub7	24-215-202-255
949	3.2308872237992394e-26	clade1sub3	70-122-242-255
950	1.7478174007709373e-25	clade1sub7	24-215-202-255
951	1.7742875470085364e-31	clade1sub7	24-215-202-255
952	3.6463991874600556e-29	clade1sub3	70-122-242-255
953	3.0149913793489058e-21	clade1sub2	51-172-246-255
954	8.009172684840276e-29	clade1sub7	24-215-202-255
955	1.5939704370100898e-29	clade1sub13	180-27-1-255
956	2.7621086370232555e-27	clade1sub7	24-215-202-255
957	2.2455140774652795e-32	clade1sub3	70-122-242-255
958	1.1007980308778914e-25	clade1sub7	24-215-202-255
959	5.775695627054355e-29	clade1sub3	70-122-242-255
960	8.149224827322786e-20	clade1sub7	24-215-202-255
961	1.8292624994772783e-25	clade1sub7	24-215-202-255
962	2.992487817879736e-29	clade1sub3	70-122-242-255
963	4.974606899952681e-20	clade1sub7	24-215-202-255
964	1.3475697762560723e-22	clade1sub7	24-215-202-255
965	6.530615867621468e-29	clade1sub3	70-122-242-255
966	8.364750759424818e-27	clade1sub3	70-122-242-255
967	1.2099666161764781e-23	clade1sub3	70-122-242-255
968	3.609813653459204e-20	clade1sub7	24-215-202-255
969	2.2306372933947065e-19	clade1sub7	24-215-202-255
970	8.488989039831889e-17	clade1sub7	24-215-202-255
971	2.2518120006838862e-20	clade1sub7	24-215-202-255
972	3.848242244843725e-17	clade1sub7	24-215-202-255
973	4.2684627059271576e-14	clade1sub3	70-122-242-255
974	1.4782914351422893e-22	clade1sub7	24-215-202-255
975	6.018291173063513e-11	clade1sub7	24-215-202-255
976	1.1587116015323305e-17	clade1sub3	70-122-242-255
977	1.5358968893530473e-19	clade1sub3	70-122-242-255
978	4.2532084789639435e-14	clade1sub14	247-113-27-255
979	8.065064519097176e-13	clade1sub3	70-122-242-255
980	4.8919116780172726e-08	clade1sub3	70-122-242-255
981	3.728216962389738e-18	clade1sub17	222-62-8-255
982	2.4673958862590014e-17	clade1sub7	24-215-202-255
983	7.397550688635648e-18	clade1sub7	24-215-202-255
984	9.66930327784875e-18	clade1sub7	24-215-202-255
985	3.621318039590113e-17	clade1sub7	24-215-202-255
986	3.1840797559716606e-21	clade1sub3	70-122-242-255
987	4.907778111646066e-11	clade1sub7	24-215-202-255
988	1.4831650160832857e-13	clade1sub7	24-215-202-255
989	1.896322707562614e-08	clade1sub3	70-122-242-255
990	2.2054479238972732e-14	clade1sub7	24-215-202-255
991	3.275382626487516e-13	clade1sub17	222-62-8-255
992	9.231543694440316e-19	clade1sub7	24-215-202-255
993	4.130660831168088e-18	clade1sub14	247-113-27-255
994	1.7979870030565582e-24	clade1sub13	180-27-1-255
995	1.986595926505097e-27	clade1sub7	24-215-202-255
996	2.448933951151165e-22	clade1sub3	70-122-242-255
997	9.379766300079634e-13	clade1sub11	232-213-56-255
998	1.4072594889925503e-14	clade1sub7	24-215-202-255
999	9.741727431698376e-18	clade1sub7	24-215-202-255
1000	5.01494591474333e-14	clade1sub7	24-215-202-255
1001	1.088255768825682e-19	clade1sub7	24-215-202-255
1002	1.0250111948671836e-21	clade1sub7	24-215-202-255
1003	3.5444130535323635e-14	clade1sub7	24-215-202-255
1004	5.204576319338543e-25	clade1sub7	24-215-202-255
1005	3.150455764036899e-22	clade1sub7	24-215-202-255
1006	5.84888493956783e-14	clade1sub2	51-172-246-255
1007	1.0944452213164667e-24	clade1sub7	24-215-202-255
1008	1.2554520402477148e-21	clade1sub7	24-215-202-255
1009	3.2400244778384444e-20	clade1sub7	24-215-202-255
1010	3.747826461829487e-23	clade1sub7	24-215-202-255
1011	7.637469914982227e-20	clade1sub7	24-215-202-255
1012	8.932081093178662e-26	clade1sub7	24-215-202-255
1013	2.803757261190934e-23	clade1sub3	70-122-242-255
1014	4.269667605590017e-24	clade1sub7	24-215-202-255
1015	1.2591194446587916e-20	clade1sub7	24-215-202-255
1016	1.2448110439404927e-24	clade1sub7	24-215-202-255
1017	6.0299550499847784e-30	clade1sub7	24-215-202-255
1018	2.883106916735641e-29	clade1sub7	24-215-202-255
1019	3.116211466294848e-27	clade1sub7	24-215-202-255
1020	1.0543883923558022e-31	clade1sub3	70-122-242-255
1021	1.0345278277336246e-35	clade1sub3	70-122-242-255
1022	1.089342508591362e-30	clade1sub3	70-122-242-255
1023	1.1464933910660605e-32	clade1sub7	24-215-202-255
1024	2.48718450687858e-32	clade1sub3	70-122-242-255
1025	1.1704001851515152e-30	clade1sub3	70-122-242-255
1026	2.059688722832526e-25	clade1sub3	70-122-242-255
1027	2.5462082135648546e-18	clade1sub7	24-215-202-255
1028	2.872117354642597e-23	clade1sub3	70-122-242-255
1029	1.1485809097562463e-20	clade1sub7	24-215-202-255
1030	7.124212239563495e-23	clade1sub7	24-215-202-255
1031	3.8424338732111296e-16	clade1sub7	24-215-202-255
1032	1.910713428821199e-13	clade1sub7	24-215-202-255
1033	1.9950479953429652e-14	clade1sub7	24-215-202-255
1034	5.1390217943008295e-15	clade1sub7	24-215-202-255
1035	1.4709464865785053e-18	clade1sub7	24-215-202-255
1036	4.2132584548560694e-11	clade1sub3	70-122-242-255
1037	1.7759966579600402e-14	clade1sub7	24-215-202-255
1038	8.899498323463642e-07	clade1sub3	70-122-242-255
1039	3.1371451878443174e-14	clade1sub3	70-122-242-255
1040	2.9408629046796117e-24	clade1sub7	24-215-202-255
1041	4.435595364434873e-20	clade1sub7	24-215-202-255
1042	8.615067349238128e-22	clade1sub7	24-215-202-255
1043	1.1619281079676872e-21	clade1sub7	24-215-202-255
1044	1.5570706472877383e-09	clade1sub17	222-62-8-255
1045	2.3791107873705835e-23	clade1sub7	24-215-202-255
1046	2.481372758906829e-13	clade1sub3	70-122-242-255
1047	3.492696681082203e-16	clade1sub3	70-122-242-255
1048	4.921092183854477e-20	clade1sub7	24-215-202-255
1049	3.4118519161885504e-15	clade1sub7	24-215-202-255
1050	1.830575692010112e-22	clade1sub3	70-122-242-255
1051	7.009873960832278e-20	clade1sub7	24-215-202-255
1052	5.068531744770531e-19	clade1sub3	70-122-242-255
1053	1.5085491243819762e-20	clade1sub7	24-215-202-255
1054	1.1716565673418885e-22	clade1sub7	24-215-202-255
1055	8.247575053681785e-23	clade1sub7	24-215-202-255
1056	5.072423150153602e-22	clade1sub3	70-122-242-255
1057	7.722480828736537e-17	clade1sub3	70-122-242-255
1058	1.2573378504946247e-20	clade1sub7	24-215-202-255
1059	6.224785926209566e-22	clade1sub3	70-122-242-255
1060	5.4484988985293846e-18	clade1sub7	24-215-202-255
1061	9.792983096143801e-22	clade1sub3	70-122-242-255
1062	4.849806356629796e-23	clade1sub7	24-215-202-255
1063	4.538254369872773e-19	clade1sub7	24-215-202-255
1064	3.8988519668472685e-21	clade1sub7	24-215-202-255
1065	2.81143013020824e-26	clade1sub7	24-215-202-255
1066	6.644833464425078e-18	clade1sub7	24-215-202-255
1067	1.484992738743979e-20	clade1sub7	24-215-202-255
1068	2.1475910329152e-22	clade1sub7	24-215-202-255
1069	3.3627667916143657e-26	clade1sub7	24-215-202-255
1070	4.053261999514577e-28	clade1sub3	70-122-242-255
1071	3.009662073039429e-27	clade1sub7	24-215-202-255
1072	5.5181068637136315e-25	clade1sub7	24-215-202-255
1073	7.705777218934077e-27	clade1sub13	180-27-1-255
1074	1.349247361624017e-23	clade1sub7	24-215-202-255
1075	5.589238965928534e-26	clade1sub7	24-215-202-255
1076	1.650262227906914e-31	clade1sub7	24-215-202-255
1077	3.810319547553765e-26	clade1sub3	70-122-242-255
1078	5.052879397770552e-25	clade1sub3	70-122-242-255
1079	1.0282113766773644e-25	clade1sub7	24-215-202-255
1080	6.262521604589476e-24	clade1sub7	24-215-202-255
1081	3.3150141395965685e-26	clade1sub7	24-215-202-255
1082	2.476915367019033e-17	clade1sub7	24-215-202-255
1083	1.5388252889817014e-33	clade1sub3	70-122-242-255
1084	8.258596037673933e-21	clade1sub7	24-215-202-255
1085	1.2729250996900284e-22	clade1sub7	24-215-202-255
1086	4.933571002978685e-16	clade1sub7	24-215-202-255
1087	1.7504745219773554e-16	clade1sub7	24-215-202-255
1088	2.0683877824208653e-25	clade1sub3	70-122-242-255
1089	9.89203618863918e-21	clade1sub13	180-27-1-255
1090	1.031081810454386e-18	clade1sub13	180-27-1-255
1091	3.731294664986871e-12	clade1sub17	222-62-8-255
1092	1.0582594061288599e-13	clade1sub11	232-213-56-255
1093	1.3133302739425548e-24	clade1sub3	70-122-242-255
1094	1.2619609675598439e-21	clade1sub14	247-113-27-255
1095	7.129261059404413e-13	clade1sub14	247-113-27-255
1096	2.376313515580817e-22	clade1sub14	247-113-27-255
1097	8.867435128512202e-25	clade1sub3	70-122-242-255
1098	8.919190914913974e-16	clade1sub2	51-172-246-255
1099	7.351886787485732e-26	clade1sub7	24-215-202-255
1100	5.344726081866669e-17	clade1sub14	247-113-27-255
1101	8.54260195516221e-20	clade1sub3	70-122-242-255
1102	6.536369645683902e-25	clade1sub3	70-122-242-255
1103	2.099876690696753e-20	clade1sub7	24-215-202-255
1104	1.322842913451902e-24	clade1sub3	70-122-242-255
1105	3.789827252451752e-25	clade1sub7	24-215-202-255
1106	3.124832259925303e-26	clade1sub3	70-122-242-255
1107	2.1669502788046136e-20	clade1sub3	70-122-242-255
1108	1.4437355683102876e-23	clade1sub7	24-215-202-255
1109	4.0157616321305144e-23	clade1sub7	24-215-202-255
1110	1.0047880049728503e-11	clade1sub7	24-215-202-255
1111	1.3353686564916091e-24	clade1sub7	24-215-202-255
1112	1.3092950935016931e-24	clade1sub7	24-215-202-255
1113	1.0945185974206497e-25	clade1sub7	24-215-202-255
1114	1.527778501704713e-08	clade1sub7	24-215-202-255
1115	6.977082373829169e-22	clade1sub7	24-215-202-255
1116	2.205182970792379e-17	clade1sub7	24-215-202-255
1117	2.424367842255995e-17	clade1sub7	24-215-202-255
1118	2.975992428891136e-18	clade1sub3	70-122-242-255
1119	1.7675889117655025e-13	clade1sub3	70-122-242-255
1120	4.159861332092717e-15	clade1sub7	24-215-202-255
1121	1.8532095480809496e-17	clade1sub3	70-122-242-255
1122	2.0286885206465504e-14	clade1sub7	24-215-202-255
1123	1.0198987060218039e-13	clade1sub3	70-122-242-255
1124	1.2243843712058054e-16	clade1sub3	70-122-242-255
1125	4.0357253588925985e-21	clade1sub7	24-215-202-255
1126	6.4021532461833875e-18	clade1sub3	70-122-242-255
1127	6.776549563577457e-19	clade1sub3	70-122-242-255
1128	4.496104372305011e-21	clade1sub3	70-122-242-255
1129	1.4130696549582977e-12	clade1sub7	24-215-202-255
1130	2.2346103309787165e-22	clade1sub7	24-215-202-255
1131	5.479335610876922e-22	clade1sub7	24-215-202-255
1132	3.689367225997097e-18	clade1sub3	70-122-242-255
1133	5.12648200238987e-19	clade1sub7	24-215-202-255
1134	3.1832329317017156e-17	clade1sub3	70-122-242-255
1135	1.4472040171998981e-19	clade1sub7	24-215-202-255
1136	1.501159670411854e-15	clade1sub3	70-122-242-255
1137	1.1992148786554577e-19	clade1sub7	24-215-202-255
1138	4.14986306796473e-17	clade1sub7	24-215-202-255
1139	1.9512378680005397e-14	clade1sub7	24-215-202-255
1140	1.0494215597787213e-15	clade1sub7	24-215-202-255
1141	5.354726904607572e-19	clade1sub7	24-215-202-255
1142	1.4937175619776954e-17	clade1sub7	24-215-202-255
1143	4.409824021530785e-19	clade1sub3	70-122-242-255
1144	2.715404256795973e-16	clade1sub7	24-215-202-255
1145	3.718892194382362e-17	clade1sub7	24-215-202-255
1146	1.0851071556416728e-17	clade1sub7	24-215-202-255
1147	3.648994463268476e-19	clade1sub7	24-215-202-255
1148	2.2538607200968645e-14	clade1sub7	24-215-202-255
1149	3.8667447388743024e-20	clade1sub3	70-122-242-255
1150	2.450851678880717e-19	clade1sub7	24-215-202-255
1151	9.474395305903624e-15	clade1sub7	24-215-202-255
1152	1.2842619681943673e-17	clade1sub7	24-215-202-255
1153	1.2108572815296404e-15	clade1sub7	24-215-202-255
1154	3.2020755278111314e-20	clade1sub7	24-215-202-255
1155	1.4891502003901625e-19	clade1sub7	24-215-202-255
1156	1.876406224355144e-15	clade1sub7	24-215-202-255
1157	2.906200951202449e-18	clade1sub7	24-215-202-255
1158	6.213490272864249e-22	clade1sub7	24-215-202-255
1159	1.0821281852935008e-22	clade1sub3	70-122-242-255
1160	1.1353493016779466e-19	clade1sub7	24-215-202-255
1161	1.663866698894252e-21	clade1sub3	70-122-242-255
1162	1.176584377808192e-22	clade1sub7	24-215-202-255
1163	1.1562277836833568e-17	clade1sub3	70-122-242-255
1164	5.827542882570501e-29	clade1sub3	70-122-242-255
1165	1.994110557957653e-21	clade1sub7	24-215-202-255
1166	1.6949314611653164e-21	clade1sub3	70-122-242-255
1167	1.9152864309213127e-22	clade1sub3	70-122-242-255
1168	9.537523432815684e-20	clade1sub3	70-122-242-255
1169	1.2705866751824368e-10	clade1sub3	70-122-242-255
1170	3.1586790331326777e-29	clade1sub3	70-122-242-255
1171	1.2484200202621806e-25	clade1sub3	70-122-242-255
1172	1.060912891524879e-23	clade1sub3	70-122-242-255
1173	1.1258462195636097e-07	clade1sub3	70-122-242-255
1174	2.3346246767392718e-11	clade1sub7	24-215-202-255
1175	2.3939577380182482e-18	clade1sub3	70-122-242-255
1176	1.294199813866438e-15	clade1sub3	70-122-242-255
1177	6.08179543095312e-32	clade1sub7	24-215-202-255
1178	1.0976974963849814e-28	clade1sub3	70-122-242-255
1179	5.388411739935574e-29	clade1sub3	70-122-242-255
1180	9.567789391042866e-30	clade1sub3	70-122-242-255
1181	2.3133059638625726e-32	clade1sub7	24-215-202-255
1182	1.4104186413550686e-29	clade1sub13	180-27-1-255
1183	3.3040821259963586e-32	clade1sub3	70-122-242-255
1184	4.430394896140291e-36	clade1sub7	24-215-202-255
1185	8.462143217412393e-36	clade1sub7	24-215-202-255
1186	2.076803675899538e-31	clade1sub3	70-122-242-255
1187	4.7750767645841766e-30	clade1sub3	70-122-242-255
1188	7.831121597664523e-31	clade1sub7	24-215-202-255
1189	1.1215875291433834e-30	clade1sub3	70-122-242-255
1190	3.004483304557453e-32	clade1sub7	24-215-202-255
1191	6.0270923707431496e-30	clade1sub3	70-122-242-255
1192	1.722185999160842e-28	clade1sub7	24-215-202-255
1193	4.163193663521368e-21	clade1sub7	24-215-202-255
1194	7.887316122087056e-19	clade1sub3	70-122-242-255
1195	7.954092737941769e-26	clade1sub7	24-215-202-255
1196	8.678189508788067e-26	clade1sub7	24-215-202-255
1197	4.551117678130333e-19	clade1sub7	24-215-202-255
1198	2.9892913355672643e-16	clade1sub3	70-122-242-255
1199	1.8095697161425134e-18	clade1sub7	24-215-202-255
1200	1.6715813860540886e-29	clade1sub3	70-122-242-255
1201	1.237081783980686e-24	clade1sub7	24-215-202-255
1202	9.62609939054535e-22	clade1sub3	70-122-242-255
1203	1.587825210461966e-23	clade1sub3	70-122-242-255
1204	6.897029820161965e-23	clade1sub7	24-215-202-255
1205	3.4409168033141616e-25	clade1sub3	70-122-242-255
1206	2.916832229382968e-29	clade1sub3	70-122-242-255
1207	2.0529896583663144e-23	clade1sub7	24-215-202-255
1208	1.0527489717518244e-22	clade1sub7	24-215-202-255
1209	1.8860840538973205e-18	clade1sub7	24-215-202-255
1210	1.1841542997095073e-21	clade1sub7	24-215-202-255
1211	4.399781955430528e-26	clade1sub7	24-215-202-255
1212	1.1223774467310803e-26	clade1sub3	70-122-242-255
1213	2.2628732896024005e-17	clade1sub7	24-215-202-255
1214	5.013874696919769e-26	clade1sub7	24-215-202-255
1215	5.362529575873924e-30	clade1sub3	70-122-242-255
1216	5.921837743372434e-18	clade1sub7	24-215-202-255
1217	1.6900039474435428e-25	clade1sub3	70-122-242-255
1218	4.7828580691209954e-23	clade1sub7	24-215-202-255
1219	1.5190363270163555e-14	clade1sub7	24-215-202-255
1220	1.283439341903871e-22	clade1sub3	70-122-242-255
1221	3.531953865610093e-18	clade1sub7	24-215-202-255
1222	2.6722992798735643e-15	clade1sub7	24-215-202-255
1223	1.845591208262786e-22	clade1sub3	70-122-242-255
1224	3.001832172425022e-26	clade1sub7	24-215-202-255
1225	2.8683750583329163e-18	clade1sub7	24-215-202-255
1226	1.6352081253788568e-22	clade1sub7	24-215-202-255
1227	2.2050682590534047e-16	clade1sub7	24-215-202-255
1228	1.314067034511838e-19	clade1sub7	24-215-202-255
1229	1.2511594265128528e-20	clade1sub7	24-215-202-255
1230	1.3656161618909037e-23	clade1sub7	24-215-202-255
1231	1.4516454489108336e-23	clade1sub7	24-215-202-255
1232	5.861505980549976e-22	clade1sub3	70-122-242-255
1233	4.3215994379571595e-18	clade1sub7	24-215-202-255
1234	1.2421602479792402e-19	clade1sub7	24-215-202-255
1235	9.357122924718692e-23	clade1sub7	24-215-202-255
1236	3.206732337357484e-24	clade1sub7	24-215-202-255
1237	1.1534622655584089e-21	clade1sub3	70-122-242-255
1238	8.396381653974647e-24	clade1sub7	24-215-202-255
1239	1.7901683969717282e-21	clade1sub3	70-122-242-255
1240	2.4313715826473183e-11	clade1sub7	24-215-202-255
1241	9.497017348786641e-24	clade1sub7	24-215-202-255
1242	1.3247538466499344e-13	clade1sub3	70-122-242-255
1243	1.1597107443438242e-22	clade1sub3	70-122-242-255
1244	2.1787912371834307e-29	clade1sub3	70-122-242-255
1245	3.1131975169696915e-19	clade1sub7	24-215-202-255
1246	3.1470776844441004e-18	clade1sub7	24-215-202-255
1247	1.0044133928044064e-18	clade1sub7	24-215-202-255
1248	8.16896872206302e-23	clade1sub7	24-215-202-255
1249	1.84248653393232e-17	clade1sub17	222-62-8-255
1250	1.9099831476095374e-15	clade1sub7	24-215-202-255
1251	5.331235565368519e-27	clade1sub3	70-122-242-255
1252	2.6625340835088816e-29	clade1sub3	70-122-242-255
1253	2.723277683773489e-11	clade1sub3	70-122-242-255
1254	3.4347651738619654e-08	clade1sub17	222-62-8-255
1255	4.756989661071421e-07	clade1sub11	232-213-56-255
1256	5.417888109901977e-13	clade1sub7	24-215-202-255
1257	4.675754698303392e-16	clade1sub7	24-215-202-255
1258	2.209021970301163e-12	clade1sub14	247-113-27-255
1259	2.0104196848375916e-19	clade1sub2	51-172-246-255
1260	7.00302624210997e-24	clade1sub3	70-122-242-255
1261	3.0618950307583053e-18	clade1sub17	222-62-8-255
1262	4.597267486578273e-23	clade1sub14	247-113-27-255
1263	3.4257328536958e-20	clade1sub3	70-122-242-255
1264	2.7640662775444955e-31	clade1sub3	70-122-242-255
1265	1.0883507814595197e-31	clade1sub3	70-122-242-255
1266	1.6609086166983897e-11	clade1sub17	222-62-8-255
1267	9.344578619644e-10	clade1sub14	247-113-27-255
1268	1.997580482612202e-09	clade1sub3	70-122-242-255
1269	8.520974911201835e-14	clade1sub7	24-215-202-255
1270	1.0725517564424266e-17	clade1sub7	24-215-202-255
1271	2.68399482335616e-07	clade1sub7	24-215-202-255
1272	1.0024377332497806e-12	clade1sub7	24-215-202-255
1273	1.0462040109009902e-17	clade1sub7	24-215-202-255
1274	5.2231150096134834e-18	clade1sub7	24-215-202-255
1275	8.402046664008492e-16	clade1sub7	24-215-202-255
1276	6.416013728582179e-18	clade1sub14	247-113-27-255
1277	9.52790430095616e-15	clade1sub3	70-122-242-255
1278	5.33221735928907e-21	clade1sub7	24-215-202-255
1279	4.3334711669394403e-23	clade1sub7	24-215-202-255
1280	5.980137325147545e-16	clade1sub7	24-215-202-255
1281	1.4025412602950435e-26	clade1sub3	70-122-242-255
1282	1.6911953740372647e-19	clade1sub7	24-215-202-255
1283	1.22674036733514e-22	clade1sub7	24-215-202-255
1284	1.4948285768320468e-23	clade1sub3	70-122-242-255
1285	6.359119827061701e-22	clade1sub14	247-113-27-255
1286	3.9300999832481947e-19	clade1sub7	24-215-202-255
1287	9.373907209207006e-19	clade1sub7	24-215-202-255
1288	2.477983204188296e-26	clade1sub3	70-122-242-255
1289	5.9709180269109174e-27	clade1sub7	24-215-202-255
1290	6.587089789891442e-18	clade1sub7	24-215-202-255
1291	2.8100410854782936e-26	clade1sub3	70-122-242-255
1292	1.6081911474547892e-27	clade1sub7	24-215-202-255
1293	5.945201947803588e-30	clade1sub7	24-215-202-255
1294	1.2486704528293761e-29	clade1sub3	70-122-242-255
1295	4.144126883922318e-31	clade1sub3	70-122-242-255
1296	1.5963672175744796e-35	clade1sub3	70-122-242-255
1297	1.547892651955147e-30	clade1sub3	70-122-242-255
1298	2.031877996829877e-32	clade1sub3	70-122-242-255
1299	2.240139998987747e-26	clade1sub7	24-215-202-255
1300	2.2586632963722946e-33	clade1sub7	24-215-202-255
1301	4.863731308700198e-28	clade1sub7	24-215-202-255
1302	9.15278525084174e-36	clade1sub7	24-215-202-255
1303	8.528296757862276e-32	clade1sub7	24-215-202-255
1304	3.799995821256628e-35	clade1sub3	70-122-242-255
1305	4.912776631923481e-26	clade1sub3	70-122-242-255
1306	4.337289280664661e-31	clade1sub3	70-122-242-255
1307	7.60829311144504e-33	clade1sub3	70-122-242-255
1308	2.8468085221502347e-32	clade1sub17	222-62-8-255
1309	5.838891019081553e-31	clade1sub17	222-62-8-255
1310	2.2041594800910484e-30	clade1sub7	24-215-202-255
1311	3.137762075494289e-31	clade1sub3	70-122-242-255
1312	6.379673590741449e-28	clade1sub7	24-215-202-255
1313	9.956414792957007e-29	clade1sub7	24-215-202-255
1314	1.558552881667203e-29	clade1sub7	24-215-202-255
1315	1.795770834905372e-32	clade1sub3	70-122-242-255
1316	2.5651276927548144e-31	clade1sub7	24-215-202-255
1317	1.1996496279942338e-14	clade1sub7	24-215-202-255
1318	1.636531504477817e-22	clade1sub7	24-215-202-255
1319	3.0499370800608264e-13	clade1sub17	222-62-8-255
1320	6.218322868420948e-13	clade1sub3	70-122-242-255
1321	9.29444251356544e-11	clade1sub11	232-213-56-255
1322	1.680978879665449e-16	clade1sub3	70-122-242-255
1323	3.239263829275829e-13	clade1sub7	24-215-202-255
1324	7.415287700102883e-10	clade1sub11	232-213-56-255
1325	8.860957746366733e-06	clade1sub3	70-122-242-255
1326	5.29618672183708e-13	clade1sub3	70-122-242-255
1327	1.81345551812737e-16	clade1sub7	24-215-202-255
1328	5.005805123034893e-16	clade1sub3	70-122-242-255
1329	9.95121438074877e-19	clade1sub7	24-215-202-255
1330	1.7837826441398563e-15	clade1sub7	24-215-202-255
1331	1.2391954653855691e-13	clade1sub3	70-122-242-255
1332	7.325586882181999e-14	clade1sub7	24-215-202-255
1333	5.338725750275288e-13	clade1sub7	24-215-202-255
1334	3.9183161420594817e-11	clade1sub3	70-122-242-255
1335	6.689663465060422e-16	clade1sub3	70-122-242-255
1336	5.031240790429424e-13	clade1sub7	24-215-202-255
1337	4.3663177570672565e-14	clade1sub7	24-215-202-255
1338	1.9575816134768867e-11	clade1sub7	24-215-202-255
1339	1.35836796520335e-13	clade1sub7	24-215-202-255
1340	1.824826334983317e-14	clade1sub7	24-215-202-255
1341	1.6889263779078082e-19	clade1sub3	70-122-242-255
1342	3.6827423131276645e-16	clade1sub7	24-215-202-255
1343	1.5443853454055682e-22	clade1sub3	70-122-242-255
1344	1.8303614216705321e-19	clade1sub3	70-122-242-255
1345	2.269304254255586e-16	clade1sub7	24-215-202-255
1346	6.816038291901482e-15	clade1sub7	24-215-202-255
1347	2.5236418818436125e-16	clade1sub3	70-122-242-255
1348	3.441601907817658e-16	clade1sub3	70-122-242-255
1349	4.501805830387319e-18	clade1sub7	24-215-202-255
1350	3.86456217387834e-16	clade1sub7	24-215-202-255
1351	2.342471469052088e-19	clade1sub7	24-215-202-255
1352	1.7958619497334122e-20	clade1sub7	24-215-202-255
1353	1.8325242553369013e-15	clade1sub7	24-215-202-255
1354	1.3077140527571376e-17	clade1sub7	24-215-202-255
1355	5.022835644751405e-15	clade1sub3	70-122-242-255
1356	1.3872497369539848e-14	clade1sub3	70-122-242-255
1357	3.2385266231868294e-18	clade1sub7	24-215-202-255
1358	6.894951820779837e-18	clade1sub7	24-215-202-255
1359	6.941470492762895e-18	clade1sub7	24-215-202-255
1360	3.480940663298657e-16	clade1sub7	24-215-202-255
1361	1.5127948305781427e-20	clade1sub7	24-215-202-255
1362	1.9872817422745148e-21	clade1sub7	24-215-202-255
1363	4.5600935741749127e-20	clade1sub7	24-215-202-255
1364	2.430670647893083e-20	clade1sub7	24-215-202-255
1365	3.835402244566414e-23	clade1sub7	24-215-202-255
1366	2.88073686607442e-22	clade1sub7	24-215-202-255
1367	2.8854168731504884e-18	clade1sub3	70-122-242-255
1368	6.792027086311972e-23	clade1sub7	24-215-202-255
1369	5.413880191384109e-28	clade1sub7	24-215-202-255
1370	3.209820628331581e-28	clade1sub7	24-215-202-255
1371	6.394368762717998e-24	clade1sub3	70-122-242-255
1372	3.764273905207609e-25	clade1sub7	24-215-202-255
1373	9.333858109142856e-26	clade1sub7	24-215-202-255
1374	3.4341320355483257e-22	clade1sub3	70-122-242-255
1375	1.7533889514309937e-18	clade1sub3	70-122-242-255
1376	9.413778136756792e-22	clade1sub14	247-113-27-255
1377	6.077964726999084e-15	clade1sub7	24-215-202-255
1378	6.555396826826377e-17	clade1sub7	24-215-202-255
1379	3.953058674860048e-17	clade1sub7	24-215-202-255
1380	2.514407572744732e-11	clade1sub17	222-62-8-255
1381	1.511071600007062e-12	clade1sub11	232-213-56-255
1382	6.647097231165632e-16	clade1sub3	70-122-242-255
1383	3.659526756587271e-15	clade1sub14	247-113-27-255
1384	2.3774709555059945e-14	clade1sub7	24-215-202-255
1385	9.466252762138398e-16	clade1sub3	70-122-242-255
1386	1.849602361994306e-16	clade1sub3	70-122-242-255
1387	9.473418918705648e-13	clade1sub3	70-122-242-255
1388	2.567090503183265e-19	clade1sub3	70-122-242-255
1389	4.345117881437831e-13	clade1sub3	70-122-242-255
1390	8.659476229247734e-19	clade1sub3	70-122-242-255
1391	1.4114501153389422e-13	clade1sub3	70-122-242-255
1392	1.3604961294784106e-11	clade1sub3	70-122-242-255
1393	8.145762297454262e-20	clade1sub3	70-122-242-255
1394	7.555346777873275e-19	clade1sub3	70-122-242-255
1395	1.9551306498732396e-14	clade1sub7	24-215-202-255
1396	2.3344193472259233e-22	clade1sub3	70-122-242-255
1397	8.103677863375806e-22	clade1sub7	24-215-202-255
1398	1.227062617330555e-06	clade1sub3	70-122-242-255
1399	3.338693312214149e-18	clade1sub7	24-215-202-255
1400	1.7288660996516147e-24	clade1sub7	24-215-202-255
1401	8.599718904786104e-09	clade1sub7	24-215-202-255
1402	1.35478944208304e-24	clade1sub7	24-215-202-255
1403	6.460308140912445e-22	clade1sub7	24-215-202-255
1404	2.1074701828732047e-21	clade1sub7	24-215-202-255
1405	6.8152073483905035e-18	clade1sub7	24-215-202-255
1406	3.692308736308412e-27	clade1sub7	24-215-202-255
1407	9.853516252793103e-20	clade1sub3	70-122-242-255
1408	3.860159344010965e-09	clade1sub3	70-122-242-255
1409	8.992012928228221e-17	clade1sub7	24-215-202-255
1410	3.8329214156624486e-21	clade1sub7	24-215-202-255
1411	1.2716548349827485e-06	clade1sub17	222-62-8-255
1412	8.858556226587026e-16	clade1sub7	24-215-202-255
1413	2.337889827575105e-17	clade1sub7	24-215-202-255
1414	8.801686968268631e-10	clade1sub7	24-215-202-255
1415	1.2785684658618365e-19	clade1sub7	24-215-202-255
1416	1.0665617410931862e-12	clade1sub3	70-122-242-255
1417	2.3647112536572805e-15	clade1sub3	70-122-242-255
1418	9.173887459208986e-12	clade1sub3	70-122-242-255
1419	2.347988456574129e-13	clade1sub3	70-122-242-255
1420	4.9150161487333074e-14	clade1sub3	70-122-242-255
1421	1.6825775496618442e-16	clade1sub7	24-215-202-255
1422	3.657627746583603e-13	clade1sub7	24-215-202-255
1423	2.2198258738434622e-20	clade1sub7	24-215-202-255
1424	2.5385815499876577e-13	clade1sub7	24-215-202-255
1425	1.8290413283969968e-15	clade1sub7	24-215-202-255
1426	1.8063006878651232e-19	clade1sub7	24-215-202-255
1427	9.82513628420506e-15	clade1sub7	24-215-202-255
1428	1.9641453619356503e-14	clade1sub7	24-215-202-255
1429	4.48958189697178e-12	clade1sub2	51-172-246-255
1430	9.582026013041063e-15	clade1sub7	24-215-202-255
1431	6.331041669693271e-15	clade1sub2	51-172-246-255
1432	1.4235785284145352e-12	clade1sub2	51-172-246-255
1433	6.645046428101903e-15	clade1sub7	24-215-202-255
1434	4.67995438002671e-14	clade1sub2	51-172-246-255
1435	7.401836906935568e-15	clade1sub7	24-215-202-255
1436	6.145295708032376e-14	clade1sub7	24-215-202-255
1437	1.2252492324363775e-16	clade1sub7	24-215-202-255
1438	3.3881403258052163e-14	clade1sub7	24-215-202-255
1439	2.4745491116822425e-17	clade1sub7	24-215-202-255
1440	3.979528167773893e-17	clade1sub7	24-215-202-255
1441	2.2192830490149564e-11	clade1sub2	51-172-246-255
1442	8.486477604616384e-15	clade1sub7	24-215-202-255
1443	5.1984589955484325e-15	clade1sub7	24-215-202-255
1444	2.3478315506974764e-16	clade1sub7	24-215-202-255
1445	1.107249815798886e-14	clade1sub2	51-172-246-255
1446	2.858237743107055e-16	clade1sub7	24-215-202-255
1447	7.337471753450169e-19	clade1sub7	24-215-202-255
1448	7.940281044778203e-15	clade1sub7	24-215-202-255
1449	6.283949357914865e-20	clade1sub7	24-215-202-255
1450	2.4302690408721335e-17	clade1sub7	24-215-202-255
1451	1.3116789370190908e-18	clade1sub7	24-215-202-255
1452	7.395202449846377e-19	clade1sub7	24-215-202-255
1453	2.4677166330827262e-20	clade1sub7	24-215-202-255
1454	4.087895572538901e-17	clade1sub7	24-215-202-255
1455	6.944104152759717e-22	clade1sub7	24-215-202-255
1456	6.282686405774698e-19	clade1sub7	24-215-202-255
1457	3.087857928852153e-22	clade1sub7	24-215-202-255
1458	4.6944025257142135e-21	clade1sub3	70-122-242-255
1459	1.573046735137387e-21	clade1sub7	24-215-202-255
1460	4.132890401668888e-20	clade1sub7	24-215-202-255
1461	2.214116372220052e-22	clade1sub7	24-215-202-255
1462	1.0170471337432624e-22	clade1sub7	24-215-202-255
1463	2.9106210960529147e-17	clade1sub3	70-122-242-255
1464	8.45809374679063e-23	clade1sub3	70-122-242-255
1465	5.116133116402594e-22	clade1sub7	24-215-202-255
1466	5.117553291762159e-25	clade1sub7	24-215-202-255
1467	5.616578872121206e-22	clade1sub3	70-122-242-255
1468	3.3085619646673545e-22	clade1sub3	70-122-242-255
1469	3.731052388750137e-22	clade1sub7	24-215-202-255
1470	4.5558430589287653e-23	clade1sub7	24-215-202-255
1471	2.401921752944055e-12	clade1sub3	70-122-242-255
1472	8.461211808308982e-23	clade1sub7	24-215-202-255
1473	9.217649428557748e-25	clade1sub7	24-215-202-255
1474	7.764257881959799e-19	clade1sub7	24-215-202-255
1475	3.3436152435072944e-19	clade1sub7	24-215-202-255
1476	2.6252802321375743e-28	clade1sub3	70-122-242-255
1477	1.1382539038400655e-20	clade1sub3	70-122-242-255
1478	2.3949048309941462e-20	clade1sub7	24-215-202-255
1479	2.8313287264373895e-29	clade1sub14	247-113-27-255
1480	1.146999530050073e-25	clade1sub3	70-122-242-255
1481	3.173888410873194e-28	clade1sub14	247-113-27-255
1482	7.116208886953139e-26	clade1sub3	70-122-242-255
1483	3.3612566732824744e-30	clade1sub3	70-122-242-255
1484	4.2827897543533083e-29	clade1sub3	70-122-242-255
1485	2.8541811180426445e-31	clade1sub3	70-122-242-255
1486	8.65855231715937e-29	clade1sub13	180-27-1-255
1487	2.1300974769388844e-26	clade1sub7	24-215-202-255
1488	5.468232944815066e-24	clade1sub3	70-122-242-255
1489	6.342280360787335e-32	clade1sub7	24-215-202-255
1490	9.96740765199064e-28	clade1sub7	24-215-202-255
1491	1.2374308569662901e-29	clade1sub3	70-122-242-255
1492	1.393291911645451e-26	clade1sub3	70-122-242-255
1493	4.634346631815396e-31	clade1sub7	24-215-202-255
1494	6.637074434648672e-27	clade1sub7	24-215-202-255
1495	1.5960539768287527e-26	clade1sub3	70-122-242-255
1496	4.249940768900716e-30	clade1sub7	24-215-202-255
1497	8.498701146938311e-24	clade1sub7	24-215-202-255
1498	5.382267397880194e-28	clade1sub7	24-215-202-255
1499	2.463754871837557e-19	clade1sub7	24-215-202-255
1500	1.6776597602681627e-20	clade1sub7	24-215-202-255
1501	1.0899384179297504e-27	clade1sub3	70-122-242-255
1502	1.3900532920201482e-21	clade1sub3	70-122-242-255
1503	4.418593756410185e-23	clade1sub7	24-215-202-255
1504	1.4105806471705234e-19	clade1sub7	24-215-202-255
1505	5.8626189154332765e-18	clade1sub7	24-215-202-255
1506	5.896505161050472e-25	clade1sub7	24-215-202-255
1507	2.2090543441133498e-18	clade1sub7	24-215-202-255
1508	3.038947788476513e-16	clade1sub3	70-122-242-255
1509	8.01726057931138e-22	clade1sub3	70-122-242-255
1510	1.7763965660494248e-19	clade1sub3	70-122-242-255
1511	3.1311605639806923e-18	clade1sub3	70-122-242-255
1512	2.617803068455741e-16	clade1sub7	24-215-202-255
1513	2.0475018526417545e-19	clade1sub7	24-215-202-255
1514	1.5681382867162576e-20	clade1sub7	24-215-202-255
1515	1.3589626790151074e-20	clade1sub7	24-215-202-255
1516	2.326588211837364e-18	clade1sub7	24-215-202-255
1517	1.5233278061611445e-22	clade1sub7	24-215-202-255
1518	3.637159640378737e-21	clade1sub7	24-215-202-255
1519	4.3172321251896075e-21	clade1sub3	70-122-242-255
1520	1.3911779511151e-19	clade1sub7	24-215-202-255
1521	1.2360641343198139e-21	clade1sub7	24-215-202-255
1522	1.7558344087777446e-16	clade1sub7	24-215-202-255
1523	2.3359700370454915e-22	clade1sub3	70-122-242-255
1524	4.928023808275793e-19	clade1sub7	24-215-202-255
1525	2.2741643204267817e-19	clade1sub7	24-215-202-255
1526	7.343292053870789e-22	clade1sub3	70-122-242-255
1527	3.2057190403759613e-24	clade1sub3	70-122-242-255
1528	2.2890676908455127e-22	clade1sub3	70-122-242-255
1529	6.584971299032226e-21	clade1sub7	24-215-202-255
1530	4.3578528551555216e-18	clade1sub7	24-215-202-255
1531	1.4031870924460456e-22	clade1sub3	70-122-242-255
1532	1.047374288732846e-22	clade1sub7	24-215-202-255
1533	7.420958420286502e-21	clade1sub7	24-215-202-255
1534	1.2670644183171268e-21	clade1sub7	24-215-202-255
1535	5.221085620652564e-24	clade1sub3	70-122-242-255
1536	1.7065978179953994e-18	clade1sub7	24-215-202-255
1537	1.8623590947247132e-19	clade1sub3	70-122-242-255
1538	6.777682680925536e-25	clade1sub3	70-122-242-255
1539	7.047534771190099e-19	clade1sub7	24-215-202-255
1540	1.1582290836615865e-21	clade1sub7	24-215-202-255
1541	3.0938791524228442e-24	clade1sub7	24-215-202-255
1542	1.7678770893966862e-22	clade1sub7	24-215-202-255
1543	4.2067434694175085e-25	clade1sub7	24-215-202-255
1544	1.4413267796947461e-22	clade1sub7	24-215-202-255
1545	8.227055421416066e-21	clade1sub3	70-122-242-255
1546	2.2342695838634514e-25	clade1sub3	70-122-242-255
1547	0.0001088576497317	clade1sub17	222-62-8-255
1548	5.63262960069206e-24	clade1sub3	70-122-242-255
1549	4.5276297517464777e-17	clade1sub3	70-122-242-255
1550	6.4936770862780114e-15	clade1sub3	70-122-242-255
1551	1.5078088843011073e-21	clade1sub3	70-122-242-255
1552	1.9976761598850674e-11	clade1sub3	70-122-242-255
1553	1.0710305663277337e-06	clade1sub3	70-122-242-255
1554	3.7626489476730965e-07	clade1sub3	70-122-242-255
1555	7.514952416225253e-11	clade1sub3	70-122-242-255
1556	1.2351173386638226e-13	clade1sub3	70-122-242-255
1557	1.1379873783563444e-08	clade1sub3	70-122-242-255
1558	1.4947663447110674e-29	clade1sub3	70-122-242-255
1559	8.478509326846232e-30	clade1sub17	222-62-8-255
1560	2.3757637152698477e-33	clade1sub3	70-122-242-255
1561	3.4810076068677664e-23	clade1sub3	70-122-242-255
1562	6.233265575656484e-29	clade1sub3	70-122-242-255
1563	9.572076887483527e-26	clade1sub7	24-215-202-255
1564	3.886091970971738e-27	clade1sub3	70-122-242-255
1565	2.3311102041822742e-32	clade1sub7	24-215-202-255
1566	5.529379019300041e-25	clade1sub7	24-215-202-255
1567	4.794396948066148e-23	clade1sub3	70-122-242-255
1568	1.0472418763622675e-25	clade1sub7	24-215-202-255
1569	1.0330771548333009e-10	clade1sub7	24-215-202-255
1570	1.1396731590465108e-25	clade1sub3	70-122-242-255
1571	3.347026473110873e-26	clade1sub7	24-215-202-255
1572	4.6624971252044074e-20	clade1sub7	24-215-202-255
1573	1.7716983836995577e-21	clade1sub7	24-215-202-255
1574	1.4652699393488362e-24	clade1sub3	70-122-242-255
1575	2.8200397651745027e-11	clade1sub7	24-215-202-255
1576	1.4505097812351724e-24	clade1sub7	24-215-202-255
1577	1.927987946012904e-22	clade1sub3	70-122-242-255
1578	3.909637420151451e-23	clade1sub7	24-215-202-255
1579	3.8560650110139074e-11	clade1sub7	24-215-202-255
1580	1.0128844659965111e-16	clade1sub7	24-215-202-255
1581	8.555621172634076e-24	clade1sub7	24-215-202-255
1582	1.3426942270183414e-06	clade1sub7	24-215-202-255
1583	1.2741135978476047e-26	clade1sub3	70-122-242-255
1584	1.937007405434209e-11	clade1sub2	51-172-246-255
1585	1.1923683747730525e-21	clade1sub7	24-215-202-255
1586	2.1052586444539338e-11	clade1sub7	24-215-202-255
1587	2.5015343435275023e-09	clade1sub11	232-213-56-255
1588	5.682416100874696e-10	clade1sub11	232-213-56-255
1589	6.435536235282268e-07	clade1sub12	128-254-83-255
1590	2.6616368450390768e-15	clade1sub7	24-215-202-255
1591	5.766379240491764e-13	clade1sub7	24-215-202-255
1592	8.376867651409553e-16	clade1sub3	70-122-242-255
1593	5.660021318279031e-13	clade1sub3	70-122-242-255
1594	2.6450400649190902e-14	clade1sub11	232-213-56-255
1595	1.8304534010593572e-19	clade1sub3	70-122-242-255
1596	5.3780574131271526e-18	clade1sub14	247-113-27-255
1597	3.753444541522643e-20	clade1sub3	70-122-242-255
1598	6.382954182686552e-24	clade1sub3	70-122-242-255
1599	1.4639965962780533e-19	clade1sub14	247-113-27-255
1600	1.5440530140643317e-29	clade1sub3	70-122-242-255
1601	4.6835596286748406e-20	clade1sub3	70-122-242-255
1602	1.1217117798549986e-28	clade1sub3	70-122-242-255
1603	1.5742238087433168e-29	clade1sub3	70-122-242-255
1604	3.612457227840157e-26	clade1sub3	70-122-242-255
1605	4.753031465036148e-12	clade1sub11	232-213-56-255
1606	1.6584049192072154e-13	clade1sub11	232-213-56-255
1607	1.9647324090570825e-12	clade1sub11	232-213-56-255
1608	4.509826483226886e-12	clade1sub14	247-113-27-255
1609	8.067393945142344e-10	clade1sub3	70-122-242-255
1610	3.281306074513094e-08	clade1sub7	24-215-202-255
1611	2.1894537992036604e-06	clade1sub17	222-62-8-255
1612	8.712447752949639e-05	clade1sub12	128-254-83-255
1613	2.8230959127922913e-13	clade1sub3	70-122-242-255
1614	4.4857068674226047e-10	clade1sub17	222-62-8-255
1615	5.325101865537419e-16	clade1sub3	70-122-242-255
1616	4.018084662558702e-09	clade1sub7	24-215-202-255
1617	3.161683707650876e-09	clade1sub12	128-254-83-255
1618	1.674435268068855e-12	clade1sub7	24-215-202-255
1619	3.5541048483769846e-14	clade1sub7	24-215-202-255
1620	7.546126672728977e-16	clade1sub7	24-215-202-255
1621	2.4104562929449656e-14	clade1sub3	70-122-242-255
1622	4.5617703654451476e-20	clade1sub7	24-215-202-255
1623	4.722689199751208e-18	clade1sub3	70-122-242-255
1624	1.5295225013933482e-16	clade1sub3	70-122-242-255
1625	3.698900441296867e-22	clade1sub7	24-215-202-255
1626	1.400791721128551e-17	clade1sub3	70-122-242-255
1627	4.223817500570836e-16	clade1sub7	24-215-202-255
1628	2.7741419399625773e-22	clade1sub3	70-122-242-255
1629	3.2448421107267068e-21	clade1sub7	24-215-202-255
1630	7.440628555583755e-21	clade1sub3	70-122-242-255
1631	8.313620220896196e-20	clade1sub7	24-215-202-255
1632	6.099759896528726e-22	clade1sub7	24-215-202-255
1633	3.526344552188405e-26	clade1sub3	70-122-242-255
1634	9.710300140934416e-24	clade1sub7	24-215-202-255
1635	6.843006391364287e-28	clade1sub3	70-122-242-255
1636	1.715982485158988e-20	clade1sub3	70-122-242-255
1637	3.034275643123233e-29	clade1sub3	70-122-242-255
1638	9.624361145944804e-23	clade1sub7	24-215-202-255
1639	5.735723419594288e-31	clade1sub3	70-122-242-255
1640	2.0421296885724477e-28	clade1sub3	70-122-242-255
1641	1.215660733675868e-33	clade1sub3	70-122-242-255
1642	6.795385867934799e-27	clade1sub3	70-122-242-255
1643	3.696919501101533e-19	clade1sub3	70-122-242-255
1644	3.874336784308919e-28	clade1sub7	24-215-202-255
1645	3.4896259755025546e-27	clade1sub3	70-122-242-255
1646	2.732768937664547e-24	clade1sub7	24-215-202-255
1647	4.302958685296104e-28	clade1sub3	70-122-242-255
1648	3.4927419149246106e-27	clade1sub3	70-122-242-255
1649	5.56262281534572e-30	clade1sub7	24-215-202-255
1650	8.382166240162706e-32	clade1sub7	24-215-202-255
1651	3.1912947845721517e-27	clade1sub3	70-122-242-255
1652	4.5504650130241056e-27	clade1sub3	70-122-242-255
1653	5.620050205606939e-31	clade1sub7	24-215-202-255
1654	1.8115151638755075e-32	clade1sub3	70-122-242-255
1655	3.514086917602966e-28	clade1sub3	70-122-242-255
1656	6.638624305821705e-29	clade1sub3	70-122-242-255
1657	1.953088446665778e-32	clade1sub7	24-215-202-255
1658	5.029947730447998e-19	clade1sub3	70-122-242-255
1659	3.1359703713117637e-10	clade1sub7	24-215-202-255
1660	1.581059888388694e-10	clade1sub11	232-213-56-255
1661	9.249647827278238e-05	clade1sub3	70-122-242-255
1662	9.37716915581107e-12	clade1sub11	232-213-56-255
1663	4.431112130164085e-12	clade1sub11	232-213-56-255
1664	0.0003103277818725	clade1sub3	70-122-242-255
1665	2.106383667130927e-06	clade1sub12	128-254-83-255
1666	1.0182267642249103e-13	clade1sub11	232-213-56-255
1667	0.0039197754646132	clade1sub3	70-122-242-255
1668	4.17423525991968e-06	clade1sub3	70-122-242-255
1669	5.098377692650633e-07	clade1sub3	70-122-242-255
1670	2.873188927333733e-12	clade1sub3	70-122-242-255
1671	9.321789136423547e-15	clade1sub7	24-215-202-255
1672	1.3306124324481255e-06	clade1sub3	70-122-242-255
1673	2.280165859813092e-09	clade1sub3	70-122-242-255
1674	1.220133306413571e-15	clade1sub7	24-215-202-255
1675	3.439948608813996e-15	clade1sub7	24-215-202-255
1676	6.096127263282778e-13	clade1sub3	70-122-242-255
1677	1.7607184289726434e-12	clade1sub7	24-215-202-255
1678	2.5520614396896775e-18	clade1sub3	70-122-242-255
1679	5.035378424504191e-15	clade1sub7	24-215-202-255
1680	1.1224942685249616e-11	clade1sub7	24-215-202-255
1681	5.051604078127848e-13	clade1sub3	70-122-242-255
1682	4.698572350970441e-07	clade1sub3	70-122-242-255
1683	6.867118085920445e-13	clade1sub2	51-172-246-255
1684	1.949668926017671e-16	clade1sub7	24-215-202-255
1685	1.787877438497499e-13	clade1sub3	70-122-242-255
1686	1.20868437717494e-13	clade1sub7	24-215-202-255
1687	1.4166029690323002e-16	clade1sub3	70-122-242-255
1688	5.00662869912832e-20	clade1sub3	70-122-242-255
1689	7.348168784868701e-15	clade1sub7	24-215-202-255
1690	2.45064679351207e-19	clade1sub7	24-215-202-255
1691	1.456776728550072e-16	clade1sub3	70-122-242-255
1692	4.678129157804418e-16	clade1sub7	24-215-202-255
1693	4.391000765027028e-17	clade1sub7	24-215-202-255
1694	1.0287690449429801e-21	clade1sub7	24-215-202-255
1695	4.540069820649577e-17	clade1sub3	70-122-242-255
1696	1.7397071795375363e-14	clade1sub2	51-172-246-255
1697	7.020261258746885e-20	clade1sub7	24-215-202-255
1698	1.19238125830507e-15	clade1sub3	70-122-242-255
1699	6.2995887112066114e-18	clade1sub7	24-215-202-255
1700	2.863677476195028e-19	clade1sub3	70-122-242-255
1701	8.885501824224805e-17	clade1sub7	24-215-202-255
1702	2.6812436176344726e-17	clade1sub7	24-215-202-255
1703	9.69817073332409e-16	clade1sub7	24-215-202-255
1704	6.779558519225522e-17	clade1sub7	24-215-202-255
1705	8.083948720003738e-20	clade1sub7	24-215-202-255
1706	4.9321949915071735e-18	clade1sub7	24-215-202-255
1707	3.1398302139303304e-17	clade1sub7	24-215-202-255
1708	2.229547302567032e-21	clade1sub7	24-215-202-255
1709	3.648781521915173e-17	clade1sub7	24-215-202-255
1710	1.621761217949165e-20	clade1sub7	24-215-202-255
1711	1.216001732600124e-21	clade1sub7	24-215-202-255
1712	2.5432729811802122e-23	clade1sub7	24-215-202-255
1713	1.04471105046707e-22	clade1sub7	24-215-202-255
1714	7.910120584849185e-27	clade1sub7	24-215-202-255
1715	1.332670594757409e-21	clade1sub7	24-215-202-255
1716	2.0840705218973864e-21	clade1sub7	24-215-202-255
1717	9.797166719876846e-25	clade1sub3	70-122-242-255
1718	1.0272099799032512e-23	clade1sub7	24-215-202-255
1719	2.3177352247121016e-24	clade1sub7	24-215-202-255
1720	2.6977423497249198e-30	clade1sub7	24-215-202-255
1721	2.6085492569721822e-20	clade1sub7	24-215-202-255
1722	1.2595863128121357e-21	clade1sub7	24-215-202-255
1723	9.144417839747527e-24	clade1sub3	70-122-242-255
1724	2.1316773654009507e-21	clade1sub7	24-215-202-255
1725	4.63464604525133e-34	clade1sub7	24-215-202-255
1726	5.5913473929629695e-28	clade1sub3	70-122-242-255
1727	2.8917122043447333e-19	clade1sub7	24-215-202-255
1728	5.876441814636557e-19	clade1sub7	24-215-202-255
1729	1.3624700027250218e-23	clade1sub7	24-215-202-255
1730	1.7824238119354802e-25	clade1sub7	24-215-202-255
1731	2.238483885001828e-17	clade1sub7	24-215-202-255
1732	2.0482742944002143e-20	clade1sub7	24-215-202-255
1733	2.643010942757292e-11	clade1sub7	24-215-202-255
1734	1.758354462705457e-14	clade1sub7	24-215-202-255
1735	1.4339701931744883e-11	clade1sub7	24-215-202-255
1736	2.6565974772236427e-11	clade1sub3	70-122-242-255
1737	5.857930007888744e-12	clade1sub3	70-122-242-255
1738	7.085338734965558e-11	clade1sub3	70-122-242-255
1739	8.21694792762916e-10	clade1sub3	70-122-242-255
1740	9.641862694956642e-09	clade1sub11	232-213-56-255
1741	1.2320025678777877e-17	clade1sub3	70-122-242-255
1742	7.652649104499577e-11	clade1sub3	70-122-242-255
1743	1.907419569340844e-09	clade1sub3	70-122-242-255
1744	9.133416873074457e-19	clade1sub7	24-215-202-255
1745	6.5703965565242704e-15	clade1sub3	70-122-242-255
1746	4.5988829695977025e-14	clade1sub3	70-122-242-255
1747	1.0970940704207745e-21	clade1sub3	70-122-242-255
1748	2.3867890465195426e-21	clade1sub7	24-215-202-255
1749	2.3919894871850957e-21	clade1sub7	24-215-202-255
1750	6.918459724618213e-13	clade1sub3	70-122-242-255
1751	2.1925109315956164e-15	clade1sub7	24-215-202-255
1752	3.206430963736826e-19	clade1sub7	24-215-202-255
1753	6.183044595759133e-18	clade1sub7	24-215-202-255
1754	3.9460346575343186e-24	clade1sub7	24-215-202-255
1755	2.8674425665679507e-06	clade1sub17	222-62-8-255
1756	2.013583234079446e-21	clade1sub7	24-215-202-255
1757	5.174603878588122e-12	clade1sub7	24-215-202-255
1758	3.1761390439439467e-12	clade1sub3	70-122-242-255
1759	1.451437794637002e-14	clade1sub7	24-215-202-255
1760	3.4911388961176932e-09	clade1sub17	222-62-8-255
1761	2.1821327634767738e-11	clade1sub7	24-215-202-255
1762	1.8745522664572838e-10	clade1sub3	70-122-242-255
1763	2.712961465670802e-09	clade1sub3	70-122-242-255
1764	1.0115849402476955e-09	clade1sub3	70-122-242-255
1765	4.9647212808559695e-11	clade1sub3	70-122-242-255
1766	7.049165347037821e-16	clade1sub3	70-122-242-255
1767	3.793388967580533e-13	clade1sub3	70-122-242-255
1768	9.243549750130477e-13	clade1sub7	24-215-202-255
1769	2.1649148403849066e-12	clade1sub3	70-122-242-255
1770	2.9070515991215647e-16	clade1sub7	24-215-202-255
1771	7.907755318517687e-20	clade1sub3	70-122-242-255
1772	1.5748786771827045e-17	clade1sub7	24-215-202-255
1773	1.2041857529134446e-10	clade1sub3	70-122-242-255
1774	5.504633368955064e-14	clade1sub3	70-122-242-255
1775	4.746811279270788e-22	clade1sub7	24-215-202-255
1776	1.1841231544233303e-10	clade1sub7	24-215-202-255
1777	1.7258437859096992e-14	clade1sub7	24-215-202-255
1778	8.439103992951879e-18	clade1sub7	24-215-202-255
1779	1.187555489080576e-14	clade1sub7	24-215-202-255
1780	5.4298659386866665e-17	clade1sub2	51-172-246-255
1781	9.479711045522445e-18	clade1sub2	51-172-246-255
1782	1.524929512151104e-13	clade1sub2	51-172-246-255
1783	3.7138578880662815e-12	clade1sub2	51-172-246-255
1784	2.347403350557736e-14	clade1sub2	51-172-246-255
1785	2.8545027600657657e-11	clade1sub2	51-172-246-255
1786	1.7911684447902865e-14	clade1sub7	24-215-202-255
1787	1.814642404929063e-13	clade1sub7	24-215-202-255
1788	3.792648088311512e-14	clade1sub7	24-215-202-255
1789	1.1780447332450122e-16	clade1sub2	51-172-246-255
1790	9.03385896364536e-12	clade1sub7	24-215-202-255
1791	2.5028781502367308e-11	clade1sub7	24-215-202-255
1792	5.828148133176556e-18	clade1sub7	24-215-202-255
1793	5.057861129554184e-17	clade1sub7	24-215-202-255
1794	2.311296054498063e-17	clade1sub7	24-215-202-255
1795	2.2148803295620806e-16	clade1sub7	24-215-202-255
1796	2.9496359977310088e-21	clade1sub7	24-215-202-255
1797	1.9227198308963643e-16	clade1sub7	24-215-202-255
1798	5.284279507856951e-15	clade1sub7	24-215-202-255
1799	1.849005284821094e-17	clade1sub7	24-215-202-255
1800	4.338338574975387e-18	clade1sub7	24-215-202-255
1801	1.468715358195498e-24	clade1sub7	24-215-202-255
1802	7.807411473650026e-21	clade1sub3	70-122-242-255
1804	2.1291299878528204e-19	clade1sub7	24-215-202-255
1805	1.0512392402220566e-19	clade1sub7	24-215-202-255
1806	7.226362861162899e-19	clade1sub7	24-215-202-255
1807	5.939726282549559e-20	clade1sub7	24-215-202-255
1808	3.0840239562913333e-20	clade1sub3	70-122-242-255
1809	2.8059497657370575e-22	clade1sub7	24-215-202-255
1810	3.717151017165973e-21	clade1sub3	70-122-242-255
1811	8.681113823705493e-22	clade1sub7	24-215-202-255
1812	7.302680251107278e-25	clade1sub3	70-122-242-255
1813	5.100399495285855e-24	clade1sub3	70-122-242-255
1814	2.5427520516526844e-25	clade1sub3	70-122-242-255
1815	1.6909450302210045e-21	clade1sub7	24-215-202-255
1816	8.403594317348594e-21	clade1sub7	24-215-202-255
1817	9.455418467010701e-19	clade1sub7	24-215-202-255
1818	9.563775954221314e-21	clade1sub7	24-215-202-255
1819	8.668378117885513e-18	clade1sub7	24-215-202-255
1820	1.465895695480881e-20	clade1sub7	24-215-202-255
1821	1.0731748840234916e-21	clade1sub7	24-215-202-255
1822	2.108393543311241e-07	clade1sub7	24-215-202-255
1823	3.163417059615083e-08	clade1sub3	70-122-242-255
1824	3.016841844726292e-21	clade1sub7	24-215-202-255
1825	3.5559460969455804e-25	clade1sub3	70-122-242-255
1826	4.3274824211058893e-29	clade1sub3	70-122-242-255
1827	2.1793891861041027e-25	clade1sub3	70-122-242-255
1828	4.704000495563378e-23	clade1sub7	24-215-202-255
1829	2.3240534918705788e-26	clade1sub3	70-122-242-255
1830	4.4958433209650025e-24	clade1sub7	24-215-202-255
1831	3.625363770840764e-25	clade1sub3	70-122-242-255
1832	5.1037182335261046e-20	clade1sub3	70-122-242-255
1833	3.4004117802555005e-23	clade1sub7	24-215-202-255
1834	8.282959226600511e-21	clade1sub7	24-215-202-255
1835	3.4464812940524465e-23	clade1sub7	24-215-202-255
1836	1.3993900933416618e-25	clade1sub3	70-122-242-255
1837	1.1849577136987645e-17	clade1sub7	24-215-202-255
1838	1.2157449149075053e-24	clade1sub3	70-122-242-255
1839	6.529160662612594e-26	clade1sub7	24-215-202-255
1840	3.245136779642463e-23	clade1sub3	70-122-242-255
1841	4.861128893452433e-21	clade1sub7	24-215-202-255
1842	1.2264744841954893e-17	clade1sub7	24-215-202-255
1843	3.9168795367553185e-24	clade1sub7	24-215-202-255
1844	1.6035187264955455e-27	clade1sub3	70-122-242-255
1845	1.5493285643963991e-25	clade1sub7	24-215-202-255
1846	2.137194170089823e-17	clade1sub7	24-215-202-255
1847	3.4767136633031947e-25	clade1sub3	70-122-242-255
1848	1.0961472285646312e-27	clade1sub7	24-215-202-255
1849	1.87794401876896e-26	clade1sub3	70-122-242-255
1850	7.841687277056785e-18	clade1sub7	24-215-202-255
1851	7.990999690733126e-17	clade1sub3	70-122-242-255
1852	1.8461188673721602e-24	clade1sub7	24-215-202-255
1853	3.275878367435127e-19	clade1sub7	24-215-202-255
1854	1.2547698528418349e-21	clade1sub7	24-215-202-255
1855	1.862598822725504e-19	clade1sub7	24-215-202-255
1856	3.80799078365385e-22	clade1sub7	24-215-202-255
1857	3.080647916548812e-19	clade1sub3	70-122-242-255
1858	2.897562048657405e-20	clade1sub7	24-215-202-255
1859	2.168637247949128e-19	clade1sub7	24-215-202-255
1860	2.66329608593745e-23	clade1sub7	24-215-202-255
1861	6.6588302307627e-22	clade1sub7	24-215-202-255
1862	1.3089992027896794e-19	clade1sub7	24-215-202-255
1863	6.2262015130466825e-22	clade1sub7	24-215-202-255
1864	2.1862936689557188e-20	clade1sub7	24-215-202-255
1865	4.308544940689874e-19	clade1sub7	24-215-202-255
1866	1.6874438950811915e-16	clade1sub7	24-215-202-255
1867	1.853434479223148e-18	clade1sub7	24-215-202-255
1868	2.574135891468368e-23	clade1sub7	24-215-202-255
1869	6.638116552542369e-20	clade1sub7	24-215-202-255
1870	1.5747372194803198e-19	clade1sub3	70-122-242-255
1871	8.623267047646861e-20	clade1sub7	24-215-202-255
1872	5.297587563885916e-20	clade1sub7	24-215-202-255
1873	4.93347149151002e-16	clade1sub7	24-215-202-255
1874	4.58021459598946e-19	clade1sub7	24-215-202-255
1875	8.170972140891942e-18	clade1sub7	24-215-202-255
1876	1.2072403257998596e-20	clade1sub7	24-215-202-255
1877	3.307486245425672e-21	clade1sub7	24-215-202-255
1878	5.3704306741991024e-18	clade1sub7	24-215-202-255
1879	1.333725826293735e-17	clade1sub7	24-215-202-255
1880	1.3240014574286865e-22	clade1sub7	24-215-202-255
1881	2.177172756762881e-15	clade1sub2	51-172-246-255
1882	1.1921505047703379e-17	clade1sub7	24-215-202-255
1883	1.1759776247757434e-21	clade1sub7	24-215-202-255
1884	2.2135425584656435e-18	clade1sub7	24-215-202-255
1885	4.733617325625644e-28	clade1sub7	24-215-202-255
1886	5.1191552215121423e-20	clade1sub3	70-122-242-255
1887	6.919405636339869e-16	clade1sub3	70-122-242-255
1888	2.26754780917104e-19	clade1sub7	24-215-202-255
1889	2.259666111918348e-28	clade1sub3	70-122-242-255
1890	1.3306306051108396e-23	clade1sub7	24-215-202-255
1891	2.244607806969556e-22	clade1sub3	70-122-242-255
1892	3.452002514890963e-20	clade1sub7	24-215-202-255
1893	4.078498596846421e-18	clade1sub7	24-215-202-255
1894	3.5976727067699974e-21	clade1sub7	24-215-202-255
1895	2.5834940401613823e-19	clade1sub7	24-215-202-255
1896	3.643376488458929e-21	clade1sub3	70-122-242-255
1897	4.184032886713381e-22	clade1sub3	70-122-242-255
1898	4.687978155105615e-19	clade1sub7	24-215-202-255
1899	1.257760784322012e-18	clade1sub7	24-215-202-255
1900	9.336087225176917e-18	clade1sub3	70-122-242-255
1901	2.1032344032245157e-18	clade1sub7	24-215-202-255
1902	3.06501191891388e-12	clade1sub7	24-215-202-255
1903	2.316243614803211e-18	clade1sub3	70-122-242-255
1904	5.8114931105324765e-16	clade1sub7	24-215-202-255
1905	3.21996661685686e-09	clade1sub3	70-122-242-255
1906	2.7521182357215928e-11	clade1sub7	24-215-202-255
1907	3.115688594347156e-15	clade1sub3	70-122-242-255
1908	2.235561283236841e-19	clade1sub3	70-122-242-255
1909	1.5047160367014734e-14	clade1sub7	24-215-202-255
1910	2.6962293527575034e-26	clade1sub3	70-122-242-255
1911	2.2813835308152367e-24	clade1sub3	70-122-242-255
1912	3.184878915031391e-23	clade1sub3	70-122-242-255
1913	1.133789589805553e-31	clade1sub3	70-122-242-255
1914	9.037103620122299e-29	clade1sub17	222-62-8-255
1915	3.31019389452813e-29	clade1sub3	70-122-242-255
1916	1.3820696558504585e-25	clade1sub3	70-122-242-255
1917	3.909720954734424e-32	clade1sub3	70-122-242-255
1918	2.0062393052388956e-25	clade1sub3	70-122-242-255
1919	8.014375653036922e-30	clade1sub3	70-122-242-255
1920	7.953186102522333e-34	clade1sub3	70-122-242-255
1921	6.616673769824911e-30	clade1sub3	70-122-242-255
1922	2.2970982267586518e-29	clade1sub7	24-215-202-255
1923	5.365174820827969e-28	clade1sub7	24-215-202-255
1924	6.856795542936485e-26	clade1sub3	70-122-242-255
1925	2.0299176454548638e-30	clade1sub7	24-215-202-255
1926	1.1760886682990316e-32	clade1sub7	24-215-202-255
1927	2.3557058500818408e-32	clade1sub7	24-215-202-255
1928	1.355903405579574e-24	clade1sub3	70-122-242-255
1929	1.5264360840882472e-23	clade1sub3	70-122-242-255
1930	7.009312441419337e-27	clade1sub3	70-122-242-255
1931	1.2851543728722239e-09	clade1sub3	70-122-242-255
1932	1.183950277706522e-23	clade1sub3	70-122-242-255
1933	1.7217143941896417e-21	clade1sub3	70-122-242-255
1934	3.852763563612488e-20	clade1sub7	24-215-202-255
1935	2.4365644533312213e-18	clade1sub7	24-215-202-255
1936	1.242727504790864e-21	clade1sub7	24-215-202-255
1937	1.049273724677021e-23	clade1sub3	70-122-242-255
1938	4.0588925538081786e-21	clade1sub7	24-215-202-255
1939	2.6435629766732277e-18	clade1sub7	24-215-202-255
1940	2.452303523323973e-14	clade1sub7	24-215-202-255
1941	2.1961170655675748e-11	clade1sub3	70-122-242-255
1942	5.3176716073825554e-08	clade1sub2	51-172-246-255
1943	1.505265243098945e-26	clade1sub3	70-122-242-255
1944	2.437544221969845e-15	clade1sub3	70-122-242-255
1945	6.705306770263559e-14	clade1sub7	24-215-202-255
1946	1.093868143821974e-09	clade1sub7	24-215-202-255
1947	4.731651410144959e-15	clade1sub18	122-4-2-255
1948	3.642662759972873e-12	clade1sub3	70-122-242-255
1949	2.617564427209653e-13	clade1sub17	222-62-8-255
1950	0.0018326543650731	clade1sub3	70-122-242-255
1951	7.415971036844577e-11	clade1sub2	51-172-246-255
1952	6.24981543667031e-05	clade1sub7	24-215-202-255
1953	2.1602347001670279e-10	clade1sub7	24-215-202-255
1954	6.893944184724254e-15	clade1sub3	70-122-242-255
1955	8.383359738690374e-13	clade1sub3	70-122-242-255
1956	8.199923990957925e-16	clade1sub7	24-215-202-255
1957	4.495032177514757e-17	clade1sub7	24-215-202-255
1958	7.406795659925038e-23	clade1sub3	70-122-242-255
1959	3.8959143996345945e-18	clade1sub17	222-62-8-255
1960	7.929220384606701e-30	clade1sub3	70-122-242-255
1961	5.802094337415776e-27	clade1sub3	70-122-242-255
1962	1.8070809954563742e-28	clade1sub7	24-215-202-255
1963	6.141116023815197e-25	clade1sub3	70-122-242-255
1964	3.72106692209748e-12	clade1sub11	232-213-56-255
1965	2.5853320911570728e-12	clade1sub11	232-213-56-255
1966	6.180413386474532e-15	clade1sub7	24-215-202-255
1967	4.5511613636599906e-10	clade1sub3	70-122-242-255
1968	0.0006919788039607	clade1sub3	70-122-242-255
1969	0.0063305445351023	clade1sub12	128-254-83-255
1970	0.2860167644735513	clade1sub2	51-172-246-255
1971	3.5654379303557104e-10	clade1sub17	222-62-8-255
1972	2.486145604326711e-06	clade1sub12	128-254-83-255
1973	4.497209162088589e-10	clade1sub12	128-254-83-255
1974	0.0812795998021885	clade1sub3	70-122-242-255
1975	3.6529049064520245e-07	clade1sub17	222-62-8-255
1976	4.389623423182331e-11	clade1sub17	222-62-8-255
1977	1.6948525706626702e-09	clade1sub3	70-122-242-255
1978	2.3972424873756428e-14	clade1sub7	24-215-202-255
1979	1.6387525599840222e-15	clade1sub3	70-122-242-255
1980	3.3292502003329417e-15	clade1sub3	70-122-242-255
1981	3.5709399866125737e-20	clade1sub7	24-215-202-255
1982	1.87681793581574e-14	clade1sub3	70-122-242-255
1983	1.3111299365490474e-13	clade1sub3	70-122-242-255
1984	1.1560457524953354e-18	clade1sub7	24-215-202-255
1985	5.328278729766163e-22	clade1sub3	70-122-242-255
1986	1.8725506120842123e-18	clade1sub3	70-122-242-255
1987	2.1509838331875603e-13	clade1sub7	24-215-202-255
1988	2.1803991237670595e-16	clade1sub7	24-215-202-255
1989	1.1959925721865848e-20	clade1sub3	70-122-242-255
1990	4.437195354705501e-19	clade1sub3	70-122-242-255
1991	3.552908943796645e-28	clade1sub7	24-215-202-255
1992	4.5135729943082036e-26	clade1sub7	24-215-202-255
1993	7.473151652226835e-19	clade1sub7	24-215-202-255
1994	9.833735161105776e-22	clade1sub7	24-215-202-255
1995	3.02215797213074e-25	clade1sub3	70-122-242-255
1996	2.650738988212053e-19	clade1sub7	24-215-202-255
1997	4.550152025083003e-20	clade1sub3	70-122-242-255
1998	1.693859783392345e-20	clade1sub3	70-122-242-255
1999	7.231414787835735e-25	clade1sub3	70-122-242-255
2000	3.311931346389364e-21	clade1sub7	24-215-202-255
2001	1.1677477527391093e-21	clade1sub3	70-122-242-255
2002	3.463761940709472e-23	clade1sub7	24-215-202-255
2003	1.373058907130279e-20	clade1sub3	70-122-242-255
2004	2.632934498424193e-27	clade1sub7	24-215-202-255
2005	4.7235065848612395e-24	clade1sub3	70-122-242-255
2006	2.2902906392373067e-27	clade1sub7	24-215-202-255
2007	6.867297753756377e-28	clade1sub7	24-215-202-255
2008	4.339605156294572e-26	clade1sub3	70-122-242-255
2009	9.096411462986662e-27	clade1sub3	70-122-242-255
2010	8.584682803663363e-28	clade1sub7	24-215-202-255
2011	1.8592151683599664e-25	clade1sub3	70-122-242-255
2012	3.587477186470501e-28	clade1sub3	70-122-242-255
2013	4.502000260557827e-27	clade1sub3	70-122-242-255
2014	7.37339427344124e-28	clade1sub3	70-122-242-255
2015	4.997941077801309e-32	clade1sub3	70-122-242-255
2016	1.3360016120262515e-25	clade1sub3	70-122-242-255
2017	4.7074663208588865e-27	clade1sub3	70-122-242-255
2018	3.2330391687837987e-32	clade1sub17	222-62-8-255
2019	2.845782173414701e-29	clade1sub7	24-215-202-255
2020	4.9202370711685616e-29	clade1sub3	70-122-242-255
2021	1.319713816318941e-23	clade1sub7	24-215-202-255
2022	9.053298577602316e-30	clade1sub7	24-215-202-255
2023	1.4331417340997436e-27	clade1sub3	70-122-242-255
2024	2.283746804862333e-06	clade1sub12	128-254-83-255
2025	3.6310464730820735e-17	clade1sub7	24-215-202-255
2026	1.3509549368358061e-09	clade1sub3	70-122-242-255
2027	0.0014895682501761	clade1sub2	51-172-246-255
2028	0.1241806797769341	clade1sub12	128-254-83-255
2029	1.8886834110494374e-12	clade1sub3	70-122-242-255
2030	1.6672715232689107e-05	clade1sub3	70-122-242-255
2031	7.288817532070767e-08	clade1sub3	70-122-242-255
2032	4.993034955278151e-06	clade1sub14	247-113-27-255
2033	3.656222558604668e-08	clade1sub13	180-27-1-255
2034	7.672775473625241e-08	clade1sub3	70-122-242-255
2035	1.7955349303690847e-11	clade1sub3	70-122-242-255
2036	2.6765010445391263e-10	clade1sub3	70-122-242-255
2037	2.7882603338850976e-08	clade1sub3	70-122-242-255
2038	1.033002125175778e-08	clade1sub3	70-122-242-255
2039	1.075976599265584e-12	clade1sub3	70-122-242-255
2040	1.144668477866327e-12	clade1sub3	70-122-242-255
2041	3.574436656494287e-15	clade1sub7	24-215-202-255
2042	3.025795342122092e-11	clade1sub3	70-122-242-255
2043	3.939546681371885e-17	clade1sub3	70-122-242-255
2044	3.682395535583885e-15	clade1sub3	70-122-242-255
2045	4.694256749997736e-18	clade1sub3	70-122-242-255
2046	6.09741035081684e-14	clade1sub2	51-172-246-255
2047	1.1731808508265256e-12	clade1sub7	24-215-202-255
2048	2.327653349134936e-18	clade1sub7	24-215-202-255
2049	1.196225969334527e-16	clade1sub7	24-215-202-255
2050	2.0976684842263068e-17	clade1sub7	24-215-202-255
2051	4.1873154163438095e-18	clade1sub7	24-215-202-255
2052	5.544230834187937e-18	clade1sub7	24-215-202-255
2053	1.4411887020747015e-17	clade1sub3	70-122-242-255
2054	4.087553497965361e-20	clade1sub7	24-215-202-255
2055	4.313279200192111e-17	clade1sub7	24-215-202-255
2056	1.8458125977939127e-20	clade1sub7	24-215-202-255
2057	1.9948425864234928e-17	clade1sub2	51-172-246-255
2058	2.447790947419326e-20	clade1sub7	24-215-202-255
2059	3.224974310734624e-23	clade1sub7	24-215-202-255
2060	1.7486452144333972e-21	clade1sub7	24-215-202-255
2061	3.1629544287806178e-18	clade1sub7	24-215-202-255
2062	1.3668170208398309e-21	clade1sub7	24-215-202-255
2063	1.353701719466287e-22	clade1sub7	24-215-202-255
2064	4.724478515283991e-22	clade1sub7	24-215-202-255
2065	1.834281070864717e-15	clade1sub7	24-215-202-255
2066	1.4717696652691705e-21	clade1sub7	24-215-202-255
2067	2.249579636001582e-16	clade1sub7	24-215-202-255
2068	1.8819930566619482e-23	clade1sub7	24-215-202-255
2069	8.731567887171754e-20	clade1sub7	24-215-202-255
2070	4.700089128372744e-23	clade1sub7	24-215-202-255
2071	3.1466044677930096e-20	clade1sub3	70-122-242-255
2072	6.6049836527547e-22	clade1sub7	24-215-202-255
2073	3.451804359701245e-22	clade1sub7	24-215-202-255
2074	9.886431600720033e-22	clade1sub7	24-215-202-255
2075	3.0112241704234187e-25	clade1sub7	24-215-202-255
2076	1.948277196184543e-27	clade1sub7	24-215-202-255
2077	2.0062895059847142e-22	clade1sub7	24-215-202-255
2078	1.140770061544885e-30	clade1sub3	70-122-242-255
2079	3.0738766949236303e-20	clade1sub7	24-215-202-255
2080	2.956928392442658e-28	clade1sub7	24-215-202-255
2081	7.791428085485139e-18	clade1sub7	24-215-202-255
2082	1.1939825040519235e-30	clade1sub7	24-215-202-255
2083	6.665908161527087e-29	clade1sub3	70-122-242-255
2084	6.580785941273621e-25	clade1sub7	24-215-202-255
2085	1.8928738675096312e-21	clade1sub7	24-215-202-255
2086	9.58005863188473e-14	clade1sub7	24-215-202-255
2087	2.829128678065285e-06	clade1sub3	70-122-242-255
2088	1.4262003049234905e-08	clade1sub14	247-113-27-255
2089	1.534450286105188e-07	clade1sub14	247-113-27-255
2090	1.7651625082248683e-14	clade1sub3	70-122-242-255
2091	2.270442290667844e-08	clade1sub3	70-122-242-255
2092	5.137158518625728e-07	clade1sub13	180-27-1-255
2093	1.661221882167451e-08	clade1sub7	24-215-202-255
2094	4.282883608670008e-10	clade1sub7	24-215-202-255
2095	2.1834470280428174e-08	clade1sub3	70-122-242-255
2096	1.2573640782714389e-05	clade1sub3	70-122-242-255
2097	0.0374264853198806	clade1sub2	51-172-246-255
2098	0.0001057284370876	clade1sub3	70-122-242-255
2099	0.0100558645789846	clade1sub2	51-172-246-255
2100	1.650844212064761e-13	clade1sub7	24-215-202-255
2101	0.0307928071757417	clade1sub13	180-27-1-255
2102	1.1369678259354932e-11	clade1sub3	70-122-242-255
2103	2.231881616977757e-20	clade1sub7	24-215-202-255
2104	1.1947410966751056e-06	clade1sub12	128-254-83-255
2105	2.0680215252528053e-08	clade1sub12	128-254-83-255
2106	1.1311262164870633e-18	clade1sub7	24-215-202-255
2107	1.5857066163433407e-07	clade1sub12	128-254-83-255
2108	1.2653991541762442e-17	clade1sub7	24-215-202-255
2109	3.181344282496389e-10	clade1sub17	222-62-8-255
2110	2.056229981585558e-11	clade1sub12	128-254-83-255
2111	1.8186424867912825e-15	clade1sub7	24-215-202-255
2112	5.538158171719456e-11	clade1sub3	70-122-242-255
2113	2.820779600302233e-11	clade1sub2	51-172-246-255
2114	1.0633829164583808e-11	clade1sub12	128-254-83-255
2115	1.9989098641686575e-16	clade1sub7	24-215-202-255
2116	5.799190414814329e-12	clade1sub7	24-215-202-255
2117	4.733390544273692e-10	clade1sub2	51-172-246-255
2118	2.162114402993558e-11	clade1sub3	70-122-242-255
2119	8.115392836828737e-10	clade1sub2	51-172-246-255
2120	1.2860651534823289e-11	clade1sub3	70-122-242-255
2121	3.558809246778862e-14	clade1sub7	24-215-202-255
2122	1.7681127419491392e-18	clade1sub3	70-122-242-255
2123	4.7135206756256375e-14	clade1sub7	24-215-202-255
2124	5.5878786458468366e-11	clade1sub3	70-122-242-255
2125	1.7913947884340634e-15	clade1sub7	24-215-202-255
2126	7.256155149390866e-17	clade1sub3	70-122-242-255
2127	1.239994014699154e-13	clade1sub3	70-122-242-255
2128	2.4408068563426017e-22	clade1sub7	24-215-202-255
2129	2.4600093462614638e-17	clade1sub2	51-172-246-255
2130	1.5912463022819816e-18	clade1sub7	24-215-202-255
2131	5.096386816571072e-15	clade1sub7	24-215-202-255
2132	5.357321377764253e-13	clade1sub7	24-215-202-255
2133	2.6450789824649184e-18	clade1sub7	24-215-202-255
2134	8.264042307474006e-13	clade1sub7	24-215-202-255
2135	4.8279319849791543e-14	clade1sub7	24-215-202-255
2136	4.998467984965069e-14	clade1sub7	24-215-202-255
2137	4.978334942743542e-16	clade1sub7	24-215-202-255
2138	2.462526443442717e-16	clade1sub7	24-215-202-255
2139	3.355937416664053e-16	clade1sub3	70-122-242-255
2140	4.7960987003675405e-19	clade1sub7	24-215-202-255
2141	1.8121825471828977e-18	clade1sub7	24-215-202-255
2142	1.9314559905864675e-20	clade1sub7	24-215-202-255
2143	6.521099058306336e-18	clade1sub3	70-122-242-255
2144	1.3651795744782483e-16	clade1sub7	24-215-202-255
2145	1.0474231329522013e-20	clade1sub7	24-215-202-255
2146	4.249256096651095e-18	clade1sub3	70-122-242-255
2147	7.828915577225463e-20	clade1sub7	24-215-202-255
2148	2.5778505836395936e-18	clade1sub7	24-215-202-255
2149	1.2209522258953536e-21	clade1sub3	70-122-242-255
2150	1.8848082024406827e-18	clade1sub7	24-215-202-255
2151	4.745247250314472e-23	clade1sub7	24-215-202-255
2152	2.7446089196104435e-22	clade1sub3	70-122-242-255
2153	1.0138371202444734e-24	clade1sub7	24-215-202-255
2154	7.505469335919031e-17	clade1sub3	70-122-242-255
2155	4.369753974667155e-21	clade1sub7	24-215-202-255
2156	9.58801580406781e-26	clade1sub7	24-215-202-255
2157	7.156786217755798e-20	clade1sub3	70-122-242-255
2158	1.7431071225083718e-23	clade1sub7	24-215-202-255
2159	1.3365520084643442e-19	clade1sub7	24-215-202-255
2160	1.031531407576676e-21	clade1sub7	24-215-202-255
2161	2.990758313173108e-20	clade1sub7	24-215-202-255
2162	6.76087429629831e-15	clade1sub7	24-215-202-255
2163	1.0324568801381442e-06	clade1sub4	53-243-148-255
2164	0.0014946784142656	clade1sub18	122-4-2-255
2165	0.0125013414336908	clade1sub12	128-254-83-255
2166	1.3602437246648274e-22	clade1sub7	24-215-202-255
2167	1.2732524687465348e-23	clade1sub7	24-215-202-255
2168	1.1261035442718868e-25	clade1sub3	70-122-242-255
2169	1.6342849982565634e-17	clade1sub7	24-215-202-255
2170	4.1139737455006826e-25	clade1sub3	70-122-242-255
2171	2.2197537293227e-25	clade1sub3	70-122-242-255
2172	9.004007948520894e-27	clade1sub7	24-215-202-255
2173	2.0035370763159901e-19	clade1sub3	70-122-242-255
2174	6.911759929956352e-21	clade1sub7	24-215-202-255
2175	3.0714427092754036e-20	clade1sub7	24-215-202-255
2176	8.999766814173111e-29	clade1sub7	24-215-202-255
2177	1.2876726847697412e-15	clade1sub7	24-215-202-255
2178	4.096437515194102e-18	clade1sub7	24-215-202-255
2179	1.6146276142929818e-13	clade1sub7	24-215-202-255
2180	6.727708753309871e-16	clade1sub7	24-215-202-255
2181	9.363161819383728e-24	clade1sub3	70-122-242-255
2182	1.9708499677252922e-23	clade1sub3	70-122-242-255
2183	3.0150214263174297e-21	clade1sub3	70-122-242-255
2184	6.011820600742787e-19	clade1sub7	24-215-202-255
2185	1.0884094529363343e-26	clade1sub3	70-122-242-255
2186	2.36449531740182e-17	clade1sub7	24-215-202-255
2187	5.816056542586798e-17	clade1sub7	24-215-202-255
2188	5.819895380716153e-20	clade1sub7	24-215-202-255
2189	5.2701461884182666e-15	clade1sub3	70-122-242-255
2190	7.754932494389099e-21	clade1sub7	24-215-202-255
2191	1.754505470044593e-20	clade1sub7	24-215-202-255
2192	6.601770862329139e-19	clade1sub7	24-215-202-255
2193	7.822336067112625e-20	clade1sub7	24-215-202-255
2194	2.476330713548897e-21	clade1sub7	24-215-202-255
2195	1.6129081276985894e-20	clade1sub7	24-215-202-255
2196	6.442348925357348e-21	clade1sub3	70-122-242-255
2197	1.9988068337885312e-18	clade1sub7	24-215-202-255
2198	3.8012846717780962e-22	clade1sub3	70-122-242-255
2199	4.553248866326142e-19	clade1sub7	24-215-202-255
2200	1.112721891755255e-20	clade1sub7	24-215-202-255
2201	1.240765563978872e-21	clade1sub7	24-215-202-255
2202	1.2043847935656813e-18	clade1sub7	24-215-202-255
2203	3.9536034329432036e-20	clade1sub3	70-122-242-255
2204	4.222566667810736e-20	clade1sub7	24-215-202-255
2205	1.0478069756428973e-21	clade1sub3	70-122-242-255
2206	7.970041305513623e-20	clade1sub7	24-215-202-255
2207	2.982061134187337e-20	clade1sub7	24-215-202-255
2208	6.798981539188103e-16	clade1sub7	24-215-202-255
2209	1.0576664630255832e-21	clade1sub7	24-215-202-255
2210	6.78329307591085e-20	clade1sub7	24-215-202-255
2211	1.297970541936561e-19	clade1sub7	24-215-202-255
2212	4.6692090163811115e-17	clade1sub7	24-215-202-255
2213	3.88391446186708e-19	clade1sub7	24-215-202-255
2214	2.692932211754763e-15	clade1sub3	70-122-242-255
2215	5.495074011655808e-19	clade1sub7	24-215-202-255
2216	4.0458641045620696e-19	clade1sub7	24-215-202-255
2217	1.017874489037518e-18	clade1sub7	24-215-202-255
2218	1.7259559603001704e-19	clade1sub7	24-215-202-255
2219	5.2301237357030514e-20	clade1sub7	24-215-202-255
2220	1.6705599696089012e-15	clade1sub7	24-215-202-255
2221	5.9764867271327524e-18	clade1sub7	24-215-202-255
2222	1.206361521593182e-18	clade1sub7	24-215-202-255
2223	1.7335066393107836e-21	clade1sub7	24-215-202-255
2224	2.160124244569814e-16	clade1sub7	24-215-202-255
2225	4.282746464542001e-19	clade1sub3	70-122-242-255
2226	5.8148309205802955e-24	clade1sub7	24-215-202-255
2227	2.0638814152030682e-19	clade1sub7	24-215-202-255
2228	3.0303653717579304e-17	clade1sub3	70-122-242-255
2229	1.127717980220834e-21	clade1sub3	70-122-242-255
2230	4.3248141975281e-15	clade1sub3	70-122-242-255
2231	7.283206342257773e-18	clade1sub7	24-215-202-255
2232	1.3497538447029043e-14	clade1sub3	70-122-242-255
2233	1.7160811862462714e-10	clade1sub3	70-122-242-255
2234	6.658781445542036e-11	clade1sub3	70-122-242-255
2235	2.287922773578855e-15	clade1sub3	70-122-242-255
2236	2.402285504380819e-12	clade1sub3	70-122-242-255
2237	1.956853894828067e-06	clade1sub3	70-122-242-255
2238	3.259362071923757e-17	clade1sub7	24-215-202-255
2239	8.68114241396731e-20	clade1sub3	70-122-242-255
2240	1.3869841468605658e-12	clade1sub7	24-215-202-255
2241	1.1992519763597564e-14	clade1sub7	24-215-202-255
2242	1.5659716571022878e-17	clade1sub17	222-62-8-255
2243	5.130675619679149e-27	clade1sub7	24-215-202-255
2244	3.4552736200342606e-32	clade1sub3	70-122-242-255
2245	1.1704246237262067e-27	clade1sub7	24-215-202-255
2246	4.795476504929421e-30	clade1sub3	70-122-242-255
2247	3.0789797831688208e-25	clade1sub3	70-122-242-255
2248	1.0871908399875796e-24	clade1sub3	70-122-242-255
2249	3.49233066199684e-29	clade1sub3	70-122-242-255
2250	2.9958108911735207e-27	clade1sub3	70-122-242-255
2251	5.537074378756893e-30	clade1sub3	70-122-242-255
2252	2.856263224637513e-29	clade1sub3	70-122-242-255
2253	2.4039294132705196e-26	clade1sub3	70-122-242-255
2254	1.005092490953022e-27	clade1sub3	70-122-242-255
2255	1.2466468665191366e-30	clade1sub3	70-122-242-255
2256	3.828238396638083e-18	clade1sub3	70-122-242-255
2257	5.092850035940367e-23	clade1sub3	70-122-242-255
2258	2.23755710956978e-25	clade1sub7	24-215-202-255
2259	1.2070108040759783e-27	clade1sub3	70-122-242-255
2260	7.094605923740951e-23	clade1sub7	24-215-202-255
2261	1.2402658409776448e-20	clade1sub3	70-122-242-255
2262	2.4386780462391867e-21	clade1sub7	24-215-202-255
2263	9.470976490325076e-25	clade1sub7	24-215-202-255
2264	2.134439598974137e-18	clade1sub7	24-215-202-255
2265	3.1463040241835988e-21	clade1sub7	24-215-202-255
2266	1.592576146957213e-22	clade1sub7	24-215-202-255
2267	6.139983016668772e-12	clade1sub3	70-122-242-255
2268	1.630017603579904e-17	clade1sub3	70-122-242-255
2269	4.097863715960096e-17	clade1sub7	24-215-202-255
2270	8.770567807960861e-19	clade1sub7	24-215-202-255
2271	1.3580202392784376e-24	clade1sub7	24-215-202-255
2272	2.2032686502565405e-05	clade1sub4	53-243-148-255
2273	8.373834428611513e-20	clade1sub7	24-215-202-255
2274	1.4074258685275052e-09	clade1sub2	51-172-246-255
2275	1.3549491490211797e-22	clade1sub3	70-122-242-255
2276	1.535692824371257e-20	clade1sub7	24-215-202-255
2277	5.1144069814296775e-14	clade1sub18	122-4-2-255
2278	2.5758162077339412e-20	clade1sub7	24-215-202-255
2279	2.248400539430939e-07	clade1sub17	222-62-8-255
2280	2.9993287596242677e-05	clade1sub12	128-254-83-255
2281	7.795636168915357e-18	clade1sub7	24-215-202-255
2282	1.1793765790956637e-07	clade1sub12	128-254-83-255
2283	2.674008708705937e-15	clade1sub7	24-215-202-255
2284	0.0028208264757878	clade1sub18	122-4-2-255
2285	0.017490321647443	clade1sub12	128-254-83-255
2286	0.0004961807257774	clade1sub12	128-254-83-255
2287	0.0002282944479961	clade1sub18	122-4-2-255
2288	1.0413044808648446e-11	clade1sub7	24-215-202-255
2289	7.22115981081872e-08	clade1sub3	70-122-242-255
2290	3.996227952569208e-07	clade1sub4	53-243-148-255
2291	0.0001974230625804	clade1sub3	70-122-242-255
2292	4.8653979178265206e-14	clade1sub3	70-122-242-255
2293	6.818091576759128e-08	clade1sub2	51-172-246-255
2294	1.83702324429355e-11	clade1sub3	70-122-242-255
2295	1.0431693248445825e-10	clade1sub11	232-213-56-255
2296	2.489055448045037e-17	clade1sub7	24-215-202-255
2297	9.77439294520832e-15	clade1sub7	24-215-202-255
2298	1.8673111428098622e-16	clade1sub7	24-215-202-255
2299	1.3995702521957388e-15	clade1sub7	24-215-202-255
2300	2.0334054614921944e-19	clade1sub3	70-122-242-255
2301	1.5412086780882926e-25	clade1sub3	70-122-242-255
2302	1.461532473232636e-20	clade1sub3	70-122-242-255
2303	3.265986094147929e-25	clade1sub3	70-122-242-255
2304	8.732353443573079e-26	clade1sub7	24-215-202-255
2305	1.816220801388108e-31	clade1sub3	70-122-242-255
2306	2.672827738635987e-26	clade1sub3	70-122-242-255
2307	4.906217817720878e-05	clade1sub18	122-4-2-255
2308	7.1890987105104645e-09	clade1sub11	232-213-56-255
2309	3.899959632432476e-05	clade1sub3	70-122-242-255
2310	2.2371064273159986e-12	clade1sub7	24-215-202-255
2311	5.512043376468171e-15	clade1sub7	24-215-202-255
2312	1.2718409111398408e-10	clade1sub3	70-122-242-255
2313	0.2838592101675093	clade1sub2	51-172-246-255
2314	0.12984708601736	clade1sub12	128-254-83-255
2315	1.1251332231664563e-06	clade1sub3	70-122-242-255
2316	5.133906738817895e-08	clade1sub3	70-122-242-255
2317	0.0046590240879192	clade1sub13	180-27-1-255
2318	0.0129371182110237	clade1sub7	24-215-202-255
2319	0.0035362000204543	clade1sub3	70-122-242-255
2320	2.102007748714348e-05	clade1sub12	128-254-83-255
2321	4.383013977794886e-12	clade1sub3	70-122-242-255
2322	4.44957113771486e-07	clade1sub3	70-122-242-255
2323	2.302567697721649e-05	clade1sub3	70-122-242-255
2324	4.0004445263964813e-07	clade1sub2	51-172-246-255
2325	9.251220432558835e-13	clade1sub7	24-215-202-255
2326	6.70908928490086e-09	clade1sub2	51-172-246-255
2327	9.015530750785406e-16	clade1sub7	24-215-202-255
2328	2.35996109497438e-13	clade1sub7	24-215-202-255
2329	1.837133437399799e-11	clade1sub3	70-122-242-255
2330	4.2448932900365727e-14	clade1sub2	51-172-246-255
2331	2.8166810937966196e-11	clade1sub2	51-172-246-255
2332	8.009540881081479e-11	clade1sub3	70-122-242-255
2333	5.669013101602531e-12	clade1sub3	70-122-242-255
2334	7.240173159884015e-11	clade1sub3	70-122-242-255
2335	2.818778610926212e-15	clade1sub3	70-122-242-255
2336	2.3111803974281187e-19	clade1sub7	24-215-202-255
2337	4.983826162061643e-15	clade1sub7	24-215-202-255
2338	1.3311461803841835e-22	clade1sub7	24-215-202-255
2339	4.240047895825076e-15	clade1sub7	24-215-202-255
2340	2.9947191285552336e-21	clade1sub7	24-215-202-255
2341	1.408847056644542e-20	clade1sub7	24-215-202-255
2342	2.3540701326148774e-17	clade1sub7	24-215-202-255
2343	1.2385074821221453e-18	clade1sub7	24-215-202-255
2344	3.37391270598455e-20	clade1sub7	24-215-202-255
2345	6.180740052412451e-25	clade1sub7	24-215-202-255
2346	9.455065447275556e-21	clade1sub7	24-215-202-255
2347	1.5138948758894817e-23	clade1sub7	24-215-202-255
2348	1.096078279721891e-25	clade1sub3	70-122-242-255
2349	1.7005901264006597e-22	clade1sub7	24-215-202-255
2350	5.4933800589218294e-24	clade1sub7	24-215-202-255
2351	1.0605967091182883e-20	clade1sub7	24-215-202-255
2352	4.086580963376583e-19	clade1sub7	24-215-202-255
2353	7.1315598291443395e-28	clade1sub3	70-122-242-255
2354	4.450981454754711e-23	clade1sub3	70-122-242-255
2355	8.466854373985068e-28	clade1sub7	24-215-202-255
2356	3.565856754508413e-28	clade1sub3	70-122-242-255
2357	7.281823808016438e-33	clade1sub3	70-122-242-255
2358	5.07549152759675e-21	clade1sub7	24-215-202-255
2359	1.6902557937067676e-30	clade1sub3	70-122-242-255
2360	3.5077103197578957e-28	clade1sub3	70-122-242-255
2361	8.607444561234969e-31	clade1sub7	24-215-202-255
2362	3.032070926214597e-28	clade1sub7	24-215-202-255
2363	5.95947821318892e-29	clade1sub3	70-122-242-255
2364	1.700645959667798e-28	clade1sub3	70-122-242-255
2365	3.8273810511767765e-29	clade1sub7	24-215-202-255
2366	8.477884041758762e-19	clade1sub7	24-215-202-255
2367	4.856001070053102e-11	clade1sub3	70-122-242-255
2368	3.5316688496226323e-06	clade1sub11	232-213-56-255
2369	2.66857709160734e-06	clade1sub12	128-254-83-255
2370	0.0007525046528217	clade1sub12	128-254-83-255
2371	2.677562763605977e-09	clade1sub7	24-215-202-255
2372	1.1214788383442953e-13	clade1sub7	24-215-202-255
2373	1.2012077191822878e-08	clade1sub14	247-113-27-255
2374	1.8815520371947548e-11	clade1sub7	24-215-202-255
2375	2.5574895075746867e-10	clade1sub14	247-113-27-255
2376	4.49585639203784e-08	clade1sub3	70-122-242-255
2377	0.00010980458554	clade1sub3	70-122-242-255
2378	2.976211933236833e-07	clade1sub3	70-122-242-255
2379	3.940670398237004e-05	clade1sub11	232-213-56-255
2380	4.172880067645685e-05	clade1sub12	128-254-83-255
2381	9.808511362057229e-09	clade1sub3	70-122-242-255
2382	3.949411855299265e-05	clade1sub11	232-213-56-255
2383	1.899106296937763e-09	clade1sub14	247-113-27-255
2384	4.5568161947240756e-11	clade1sub3	70-122-242-255
2385	4.315196918668803e-09	clade1sub3	70-122-242-255
2386	4.4298413074688454e-14	clade1sub3	70-122-242-255
2387	1.2989466949281522e-11	clade1sub3	70-122-242-255
2388	6.744019226685903e-13	clade1sub3	70-122-242-255
2389	1.3067690938333861e-13	clade1sub3	70-122-242-255
2390	3.8886700725536583e-19	clade1sub7	24-215-202-255
2391	6.888004599163639e-15	clade1sub7	24-215-202-255
2392	1.9871363437608325e-18	clade1sub3	70-122-242-255
2393	8.166538959180485e-20	clade1sub7	24-215-202-255
2394	5.272315157954067e-16	clade1sub7	24-215-202-255
2395	1.951102190523187e-21	clade1sub7	24-215-202-255
2396	7.9937908006184e-15	clade1sub7	24-215-202-255
2397	2.9472999993306345e-22	clade1sub7	24-215-202-255
2398	2.1632364307446092e-19	clade1sub7	24-215-202-255
2399	1.3090239532247802e-20	clade1sub7	24-215-202-255
2400	5.274248109071105e-19	clade1sub3	70-122-242-255
2401	3.168857944319925e-23	clade1sub3	70-122-242-255
2402	4.8002344623645255e-24	clade1sub7	24-215-202-255
2403	1.7898024993851567e-21	clade1sub7	24-215-202-255
2404	6.47328912146453e-17	clade1sub7	24-215-202-255
2405	4.736615703986576e-22	clade1sub7	24-215-202-255
2406	1.0298360604894379e-24	clade1sub7	24-215-202-255
2407	2.25387397502236e-18	clade1sub7	24-215-202-255
2408	1.2513063017912326e-21	clade1sub7	24-215-202-255
2409	2.2280333646611657e-19	clade1sub3	70-122-242-255
2410	8.8404900462752e-24	clade1sub7	24-215-202-255
2411	2.2085800807839938e-29	clade1sub3	70-122-242-255
2412	1.1193093884568984e-17	clade1sub7	24-215-202-255
2413	1.7952116782093746e-23	clade1sub7	24-215-202-255
2414	6.4407757967239095e-21	clade1sub7	24-215-202-255
2415	1.7391016391793441e-28	clade1sub7	24-215-202-255
2416	2.126100478490995e-29	clade1sub3	70-122-242-255
2417	3.072514895377368e-27	clade1sub3	70-122-242-255
2418	5.615704343456684e-20	clade1sub7	24-215-202-255
2419	5.198938995270796e-31	clade1sub3	70-122-242-255
2420	2.067461576430536e-29	clade1sub3	70-122-242-255
2421	6.1186292806404335e-22	clade1sub7	24-215-202-255
2422	3.064530024710423e-27	clade1sub7	24-215-202-255
2423	1.4831006327139488e-25	clade1sub7	24-215-202-255
2424	7.036459771459615e-16	clade1sub3	70-122-242-255
2425	1.0774242504166049e-21	clade1sub3	70-122-242-255
2426	7.177862437398141e-24	clade1sub3	70-122-242-255
2427	6.385046415464428e-07	clade1sub4	53-243-148-255
2428	2.3841145979859497e-22	clade1sub7	24-215-202-255
2429	3.151524223682525e-16	clade1sub17	222-62-8-255
2430	9.772560220006044e-08	clade1sub4	53-243-148-255
2431	3.197827752197538e-06	clade1sub4	53-243-148-255
2432	1.0097937244333031e-10	clade1sub3	70-122-242-255
2433	1.5067198694973528e-11	clade1sub17	222-62-8-255
2434	1.0128738099205445e-07	clade1sub3	70-122-242-255
2435	0.0015563135528702	clade1sub3	70-122-242-255
2436	9.915044801974196e-09	clade1sub3	70-122-242-255
2437	4.2501681080840486e-13	clade1sub7	24-215-202-255
2438	2.406684969014742e-07	clade1sub3	70-122-242-255
2439	5.007494946893251e-18	clade1sub3	70-122-242-255
2440	1.7149194889588786e-05	clade1sub3	70-122-242-255
2441	4.421455418049131e-06	clade1sub3	70-122-242-255
2442	7.317773155922227e-10	clade1sub7	24-215-202-255
2443	1.5433788572044523e-10	clade1sub3	70-122-242-255
2444	8.301089249945074e-13	clade1sub7	24-215-202-255
2445	1.7769930043359453e-05	clade1sub3	70-122-242-255
2446	1.390633725538416e-10	clade1sub7	24-215-202-255
2447	1.3807874342202169e-13	clade1sub7	24-215-202-255
2448	4.7840502888484256e-08	clade1sub4	53-243-148-255
2449	2.2426593853486032e-18	clade1sub3	70-122-242-255
2450	3.60588146086403e-07	clade1sub17	222-62-8-255
2451	1.640919140818888e-12	clade1sub3	70-122-242-255
2452	3.2191168540217603e-10	clade1sub2	51-172-246-255
2453	1.4647846028179617e-11	clade1sub2	51-172-246-255
2454	4.4993595821021074e-10	clade1sub2	51-172-246-255
2455	4.3943541790222015e-15	clade1sub14	247-113-27-255
2456	7.331154085596332e-16	clade1sub7	24-215-202-255
2457	2.0357985100124124e-09	clade1sub2	51-172-246-255
2458	9.857123546668397e-13	clade1sub3	70-122-242-255
2459	2.5369977576784896e-10	clade1sub7	24-215-202-255
2460	0.0001369066494226	clade1sub3	70-122-242-255
2461	2.5987772465952614e-14	clade1sub7	24-215-202-255
2462	0.0001520240765219	clade1sub3	70-122-242-255
2463	3.613484779418909e-11	clade1sub3	70-122-242-255
2464	3.5436988101828514e-11	clade1sub7	24-215-202-255
2465	1.0810178332965725e-16	clade1sub7	24-215-202-255
2466	3.657612959569343e-15	clade1sub7	24-215-202-255
2467	4.6511061682192086e-11	clade1sub7	24-215-202-255
2468	2.1017969623425522e-14	clade1sub7	24-215-202-255
2469	1.6858786520371072e-14	clade1sub7	24-215-202-255
2470	1.1881019884848055e-11	clade1sub7	24-215-202-255
2471	1.984298948885891e-12	clade1sub7	24-215-202-255
2472	5.911973108398427e-17	clade1sub7	24-215-202-255
2473	2.5809168549995697e-17	clade1sub7	24-215-202-255
2474	4.577514984025315e-14	clade1sub3	70-122-242-255
2475	4.3196979131180394e-20	clade1sub7	24-215-202-255
2476	3.9593903288505485e-16	clade1sub3	70-122-242-255
2477	2.4972868214860286e-17	clade1sub3	70-122-242-255
2478	1.3931879521228048e-18	clade1sub7	24-215-202-255
2479	4.6983519941587774e-20	clade1sub3	70-122-242-255
2480	5.0684358454613317e-17	clade1sub3	70-122-242-255
2481	1.3321641544821026e-19	clade1sub3	70-122-242-255
2482	4.029100807331146e-20	clade1sub3	70-122-242-255
2483	1.6983028833340866e-17	clade1sub7	24-215-202-255
2484	1.3761508386217033e-17	clade1sub3	70-122-242-255
2485	1.0619816602141952e-17	clade1sub7	24-215-202-255
2486	4.2982719934975443e-23	clade1sub7	24-215-202-255
2487	7.951336499030419e-22	clade1sub7	24-215-202-255
2488	9.438501204846273e-27	clade1sub7	24-215-202-255
2489	2.87818960738402e-15	clade1sub7	24-215-202-255
2490	7.787687659472836e-24	clade1sub7	24-215-202-255
2491	6.523135579065005e-23	clade1sub7	24-215-202-255
2492	1.6271924152644024e-22	clade1sub7	24-215-202-255
2493	4.168421283739828e-18	clade1sub7	24-215-202-255
2494	6.954868896981038e-18	clade1sub7	24-215-202-255
2495	5.2282298276994645e-25	clade1sub7	24-215-202-255
2496	8.092809826414913e-21	clade1sub7	24-215-202-255
2497	4.484773223159543e-15	clade1sub7	24-215-202-255
2498	6.629653106306384e-15	clade1sub7	24-215-202-255
2499	8.465277913076646e-13	clade1sub7	24-215-202-255
2500	6.565312415811325e-21	clade1sub3	70-122-242-255
2501	3.2394024874091442e-15	clade1sub3	70-122-242-255
2502	5.882072543408729e-18	clade1sub7	24-215-202-255
2503	1.3266899143329424e-21	clade1sub3	70-122-242-255
2504	1.4181250476787742e-23	clade1sub3	70-122-242-255
2505	3.3258172612031693e-19	clade1sub7	24-215-202-255
2506	3.022510266911044e-27	clade1sub3	70-122-242-255
2507	1.7335848970111877e-17	clade1sub7	24-215-202-255
2508	1.48640835440665e-20	clade1sub7	24-215-202-255
2509	8.933106126685865e-16	clade1sub7	24-215-202-255
2510	2.0668536582293126e-22	clade1sub3	70-122-242-255
2511	8.207853143467478e-25	clade1sub7	24-215-202-255
2512	3.6018175277622784e-19	clade1sub3	70-122-242-255
2513	2.0629745654915183e-27	clade1sub7	24-215-202-255
2514	1.099512111064299e-13	clade1sub7	24-215-202-255
2515	3.3278051205221644e-21	clade1sub7	24-215-202-255
2516	1.0316547831030514e-16	clade1sub7	24-215-202-255
2517	7.294330174388254e-15	clade1sub7	24-215-202-255
2518	7.286988387964439e-21	clade1sub7	24-215-202-255
2519	2.3867035335087198e-20	clade1sub7	24-215-202-255
2520	1.9195662414032416e-20	clade1sub7	24-215-202-255
2521	1.1986903974688555e-19	clade1sub7	24-215-202-255
2522	5.770382252831747e-20	clade1sub7	24-215-202-255
2523	1.145669147219375e-21	clade1sub7	24-215-202-255
2524	8.135065744364139e-19	clade1sub7	24-215-202-255
2525	1.4445906281680598e-20	clade1sub7	24-215-202-255
2526	1.2556891979787871e-20	clade1sub7	24-215-202-255
2527	6.09125575640024e-14	clade1sub7	24-215-202-255
2528	5.706690107214257e-19	clade1sub3	70-122-242-255
2529	3.628371947457057e-14	clade1sub7	24-215-202-255
2530	1.830826435721405e-21	clade1sub7	24-215-202-255
2531	2.2897348801768697e-22	clade1sub7	24-215-202-255
2532	3.0901597578248645e-22	clade1sub3	70-122-242-255
2533	9.319570775850192e-21	clade1sub7	24-215-202-255
2534	7.235746730383206e-25	clade1sub7	24-215-202-255
2535	1.3180449526954161e-21	clade1sub7	24-215-202-255
2536	1.0914577662789425e-15	clade1sub7	24-215-202-255
2537	1.0431899879626748e-18	clade1sub7	24-215-202-255
2538	4.232613205667479e-13	clade1sub7	24-215-202-255
2539	1.3062676013692473e-19	clade1sub7	24-215-202-255
2540	2.0804781691069138e-17	clade1sub3	70-122-242-255
2541	5.458873563598608e-17	clade1sub3	70-122-242-255
2542	3.149223332404518e-20	clade1sub7	24-215-202-255
2543	7.389156464073393e-19	clade1sub7	24-215-202-255
2544	2.233947433057896e-18	clade1sub7	24-215-202-255
2545	8.398476264278957e-13	clade1sub7	24-215-202-255
2546	9.459109435484112e-19	clade1sub3	70-122-242-255
2547	3.530264672794249e-16	clade1sub7	24-215-202-255
2548	4.5333614133460193e-17	clade1sub7	24-215-202-255
2549	5.134554076507043e-21	clade1sub7	24-215-202-255
2550	2.882083978657945e-21	clade1sub7	24-215-202-255
2551	2.711272369547012e-23	clade1sub7	24-215-202-255
2552	3.935584872273785e-18	clade1sub7	24-215-202-255
2553	4.000743406324208e-14	clade1sub3	70-122-242-255
2554	7.423700798184816e-18	clade1sub3	70-122-242-255
2555	5.705248737378431e-17	clade1sub7	24-215-202-255
2556	4.722250074741932e-17	clade1sub7	24-215-202-255
2557	1.8174317110691766e-16	clade1sub3	70-122-242-255
2558	4.361262443917466e-16	clade1sub3	70-122-242-255
2559	2.956231729260171e-21	clade1sub7	24-215-202-255
2560	2.287059330243209e-13	clade1sub3	70-122-242-255
2561	2.4351600892165956e-17	clade1sub7	24-215-202-255
2562	6.025418094023241e-15	clade1sub7	24-215-202-255
2563	3.760569292417929e-14	clade1sub3	70-122-242-255
2564	8.349859543366375e-11	clade1sub3	70-122-242-255
2565	4.210805648419199e-16	clade1sub7	24-215-202-255
2566	1.5896786675753777e-12	clade1sub3	70-122-242-255
2567	6.791419187963274e-09	clade1sub7	24-215-202-255
2568	1.9092345646864345e-20	clade1sub7	24-215-202-255
2569	1.7514943979906245e-08	clade1sub3	70-122-242-255
2570	6.073409125217272e-12	clade1sub3	70-122-242-255
2571	1.3967764451597195e-11	clade1sub7	24-215-202-255
2572	6.20179802804812e-21	clade1sub7	24-215-202-255
2573	1.3355320170253973e-13	clade1sub3	70-122-242-255
2574	5.1669679053656415e-28	clade1sub7	24-215-202-255
2575	1.4764181648537756e-32	clade1sub7	24-215-202-255
2576	1.5049632455815296e-32	clade1sub7	24-215-202-255
2577	7.872039129356949e-31	clade1sub7	24-215-202-255
2578	3.023869561126901e-26	clade1sub3	70-122-242-255
2579	1.1859035356955931e-16	clade1sub7	24-215-202-255
2580	5.7454555620838665e-27	clade1sub3	70-122-242-255
2581	6.878864587034184e-21	clade1sub3	70-122-242-255
2582	9.236740212421948e-31	clade1sub3	70-122-242-255
2583	3.175717782007844e-17	clade1sub3	70-122-242-255
2584	3.402931162198734e-25	clade1sub3	70-122-242-255
2585	2.0112477539136778e-29	clade1sub3	70-122-242-255
2586	4.7484739000220905e-27	clade1sub7	24-215-202-255
2587	1.031495005018211e-12	clade1sub11	232-213-56-255
2588	1.2503618406315079e-27	clade1sub3	70-122-242-255
2589	7.864953846630897e-18	clade1sub3	70-122-242-255
2590	4.3903438458102155e-32	clade1sub3	70-122-242-255
2591	3.1417045074909787e-10	clade1sub17	222-62-8-255
2592	2.3262727488187124e-25	clade1sub7	24-215-202-255
2593	2.3092225740897827e-27	clade1sub7	24-215-202-255
2594	1.114521395271714e-24	clade1sub7	24-215-202-255
2595	6.660487416402679e-27	clade1sub7	24-215-202-255
2596	8.209480595235141e-28	clade1sub7	24-215-202-255
2597	1.9978972729416636e-08	clade1sub7	24-215-202-255
2598	2.090616733334841e-17	clade1sub7	24-215-202-255
2599	6.016845869582831e-19	clade1sub2	51-172-246-255
2600	0.0035893775550537	clade1sub4	53-243-148-255
2601	1.802306513691217e-23	clade1sub7	24-215-202-255
2602	1.0241988714544001e-13	clade1sub4	53-243-148-255
2603	3.9543485519327345e-21	clade1sub7	24-215-202-255
2604	1.247085741115382e-17	clade1sub7	24-215-202-255
2605	9.756903900130686e-15	clade1sub7	24-215-202-255
2606	2.7401742319695856e-12	clade1sub7	24-215-202-255
2607	2.608769654923502e-15	clade1sub3	70-122-242-255
2608	1.0942767729194156e-16	clade1sub7	24-215-202-255
2609	1.9761609756895025e-13	clade1sub3	70-122-242-255
2610	3.414120377366766e-09	clade1sub3	70-122-242-255
2611	0.0263284290946618	clade1sub18	122-4-2-255
2612	2.8580948230735253e-13	clade1sub7	24-215-202-255
2613	9.461559784132561e-09	clade1sub3	70-122-242-255
2614	7.034249542566954e-07	clade1sub3	70-122-242-255
2615	1.6477317391820896e-05	clade1sub3	70-122-242-255
2616	8.050549325391924e-10	clade1sub3	70-122-242-255
2617	4.355880349649613e-11	clade1sub7	24-215-202-255
2618	4.471605588865688e-15	clade1sub7	24-215-202-255
2619	6.488084158317354e-09	clade1sub11	232-213-56-255
2620	0.0034321963256603	clade1sub11	232-213-56-255
2621	1.2643968726204824e-14	clade1sub7	24-215-202-255
2622	4.386132947624284e-26	clade1sub3	70-122-242-255
2623	1.6013923824992071e-22	clade1sub7	24-215-202-255
2624	1.6733146427973504e-26	clade1sub3	70-122-242-255
2625	2.6743835973809186e-29	clade1sub3	70-122-242-255
2626	2.7756335076521853e-24	clade1sub3	70-122-242-255
2627	2.258076707234432e-25	clade1sub3	70-122-242-255
2628	0.0018383268572448	clade1sub12	128-254-83-255
2629	7.775228765811229e-05	clade1sub12	128-254-83-255
2630	5.889983393420008e-06	clade1sub18	122-4-2-255
2631	2.3463800555615653e-15	clade1sub7	24-215-202-255
2632	1.405631950506501e-06	clade1sub18	122-4-2-255
2633	1.257327666628112e-11	clade1sub12	128-254-83-255
2634	4.1832262139542647e-14	clade1sub13	180-27-1-255
2635	2.43205516382328e-17	clade1sub7	24-215-202-255
2636	4.6244272761688604e-11	clade1sub14	247-113-27-255
2637	5.035456044209962e-15	clade1sub7	24-215-202-255
2638	2.263237244607475e-13	clade1sub7	24-215-202-255
2639	7.330732953133262e-18	clade1sub7	24-215-202-255
2640	8.618809106003936e-11	clade1sub7	24-215-202-255
2641	2.6758743335309444e-09	clade1sub7	24-215-202-255
2642	9.691343390988088e-12	clade1sub7	24-215-202-255
2643	8.340684432677174e-18	clade1sub7	24-215-202-255
2644	6.216789897575775e-12	clade1sub3	70-122-242-255
2645	0.0020784604566864	clade1sub3	70-122-242-255
2646	2.6929764321869585e-05	clade1sub3	70-122-242-255
2647	9.5651974413912e-07	clade1sub3	70-122-242-255
2648	5.841644341346566e-07	clade1sub3	70-122-242-255
2649	5.455577620809132e-05	clade1sub3	70-122-242-255
2650	6.464270236601338e-06	clade1sub3	70-122-242-255
2651	8.171271683649097e-10	clade1sub3	70-122-242-255
2652	4.0633085701060606e-10	clade1sub7	24-215-202-255
2653	2.523806589389869e-11	clade1sub3	70-122-242-255
2654	2.224903083090506e-12	clade1sub2	51-172-246-255
2655	1.5470170034262682e-12	clade1sub7	24-215-202-255
2656	1.5650134083027146e-09	clade1sub2	51-172-246-255
2657	5.503880813026714e-08	clade1sub3	70-122-242-255
2658	2.7447181658372263e-14	clade1sub7	24-215-202-255
2659	7.071084773040813e-13	clade1sub7	24-215-202-255
2660	2.7223833803974424e-19	clade1sub7	24-215-202-255
2661	3.8832750443494894e-14	clade1sub7	24-215-202-255
2662	1.0703203207786596e-17	clade1sub7	24-215-202-255
2663	2.108529696328336e-17	clade1sub7	24-215-202-255
2664	1.622291635797413e-17	clade1sub7	24-215-202-255
2665	2.970283352180549e-18	clade1sub7	24-215-202-255
2666	5.5447854166443225e-24	clade1sub7	24-215-202-255
2667	8.209774788523758e-13	clade1sub7	24-215-202-255
2668	6.756476518169101e-17	clade1sub7	24-215-202-255
2669	2.8604226846558627e-17	clade1sub7	24-215-202-255
2670	3.4848988819988534e-21	clade1sub7	24-215-202-255
2671	1.4351151317578708e-24	clade1sub7	24-215-202-255
2672	1.1258561599243931e-22	clade1sub7	24-215-202-255
2673	1.2622310269680643e-20	clade1sub7	24-215-202-255
2674	4.410031603068523e-22	clade1sub7	24-215-202-255
2675	2.4418853168596938e-23	clade1sub7	24-215-202-255
2676	6.361100469985669e-21	clade1sub7	24-215-202-255
2677	2.315002455772073e-22	clade1sub7	24-215-202-255
2678	1.9314724664583447e-28	clade1sub3	70-122-242-255
2679	1.7774279923709928e-21	clade1sub3	70-122-242-255
2680	2.0208858203260725e-21	clade1sub3	70-122-242-255
2681	3.2669276696174076e-28	clade1sub3	70-122-242-255
2682	4.39743113394439e-27	clade1sub7	24-215-202-255
2683	2.519947238563781e-23	clade1sub7	24-215-202-255
2684	1.2535599446004167e-26	clade1sub7	24-215-202-255
2685	1.0336716123143643e-32	clade1sub3	70-122-242-255
2686	2.1652848377435477e-23	clade1sub7	24-215-202-255
2687	8.602587741746353e-22	clade1sub7	24-215-202-255
2688	1.3556407889090146e-16	clade1sub3	70-122-242-255
2689	2.66082647229305e-23	clade1sub3	70-122-242-255
2690	2.200108390888174e-26	clade1sub3	70-122-242-255
2691	8.558231856451171e-11	clade1sub3	70-122-242-255
2692	6.066364078686217e-07	clade1sub12	128-254-83-255
2693	0.0018907549017579	clade1sub4	53-243-148-255
2694	0.0141559916463111	clade1sub12	128-254-83-255
2695	5.680444161111635e-05	clade1sub12	128-254-83-255
2696	4.523488371978394e-13	clade1sub7	24-215-202-255
2697	6.5336855628405776e-18	clade1sub7	24-215-202-255
2698	4.910695356144956e-08	clade1sub3	70-122-242-255
2699	1.0975515314562983e-14	clade1sub7	24-215-202-255
2700	6.926084149602004e-14	clade1sub7	24-215-202-255
2701	5.914994565057797e-08	clade1sub11	232-213-56-255
2702	6.222095623638466e-15	clade1sub7	24-215-202-255
2703	5.712356077562499e-08	clade1sub7	24-215-202-255
2704	3.5544358881873623e-10	clade1sub3	70-122-242-255
2705	9.850228873927657e-08	clade1sub3	70-122-242-255
2706	1.2523226608330496e-08	clade1sub3	70-122-242-255
2707	8.481660712652115e-08	clade1sub11	232-213-56-255
2708	1.5865648027089263e-06	clade1sub11	232-213-56-255
2709	4.2265367518183805e-06	clade1sub11	232-213-56-255
2710	6.53527841176296e-06	clade1sub14	247-113-27-255
2711	0.0003769479693335	clade1sub3	70-122-242-255
2712	6.156223123436861e-15	clade1sub7	24-215-202-255
2713	2.9690580294910043e-16	clade1sub7	24-215-202-255
2714	5.8221474195464345e-19	clade1sub7	24-215-202-255
2715	5.489647211430681e-11	clade1sub18	122-4-2-255
2716	2.16452778392489e-19	clade1sub3	70-122-242-255
2717	1.6722661059375917e-15	clade1sub7	24-215-202-255
2718	1.5355261353081852e-16	clade1sub3	70-122-242-255
2719	1.0457279835677743e-16	clade1sub3	70-122-242-255
2720	2.798785804577543e-16	clade1sub3	70-122-242-255
2721	1.8010903735112322e-16	clade1sub3	70-122-242-255
2722	4.963283633741462e-16	clade1sub7	24-215-202-255
2723	5.156305141765664e-23	clade1sub3	70-122-242-255
2724	1.0064219340400119e-17	clade1sub7	24-215-202-255
2725	8.427335998952123e-21	clade1sub3	70-122-242-255
2726	3.8893999240056097e-22	clade1sub7	24-215-202-255
2727	5.069509581959191e-19	clade1sub7	24-215-202-255
2728	7.379860290373923e-26	clade1sub7	24-215-202-255
2729	1.2397058473086072e-24	clade1sub7	24-215-202-255
2730	1.3540459544029588e-25	clade1sub3	70-122-242-255
2731	3.9445215480708335e-18	clade1sub7	24-215-202-255
2732	1.2797416496452037e-23	clade1sub7	24-215-202-255
2733	3.9161489988300425e-30	clade1sub3	70-122-242-255
2734	8.880574686638795e-27	clade1sub7	24-215-202-255
2735	4.197528756541844e-26	clade1sub7	24-215-202-255
2736	3.2696009418365187e-21	clade1sub7	24-215-202-255
2737	8.13202799218067e-24	clade1sub7	24-215-202-255
2738	9.141918233882892e-34	clade1sub7	24-215-202-255
2739	2.994914552502854e-28	clade1sub3	70-122-242-255
2740	9.123632930792554e-24	clade1sub7	24-215-202-255
2741	1.87808380637923e-30	clade1sub3	70-122-242-255
2742	2.3957863432473305e-27	clade1sub3	70-122-242-255
2743	9.517553266887957e-14	clade1sub19	187-244-52-255
2744	1.639602194002893e-25	clade1sub7	24-215-202-255
2745	9.558459237038129e-16	clade1sub7	24-215-202-255
2746	4.684866909024565e-06	clade1sub4	53-243-148-255
2747	3.09078355512692e-06	clade1sub3	70-122-242-255
2748	8.730904658413934e-05	clade1sub7	24-215-202-255
2749	3.54451046709212e-08	clade1sub3	70-122-242-255
2750	2.549197270889397e-07	clade1sub11	232-213-56-255
2751	2.8534448743173403e-10	clade1sub3	70-122-242-255
2752	0.0001300031676412	clade1sub2	51-172-246-255
2753	1.9450859990146344e-11	clade1sub2	51-172-246-255
2754	0.0010168155117535	clade1sub3	70-122-242-255
2755	0.001578435791145	clade1sub3	70-122-242-255
2756	1.0676304319225657e-16	clade1sub7	24-215-202-255
2757	1.7546013076047874e-17	clade1sub7	24-215-202-255
2758	2.8431899016938235e-10	clade1sub7	24-215-202-255
2759	8.28255904018371e-05	clade1sub18	122-4-2-255
2760	0.0003386784952682	clade1sub3	70-122-242-255
2761	6.950830824109995e-06	clade1sub3	70-122-242-255
2762	1.2470376512927514e-08	clade1sub2	51-172-246-255
2763	1.276330149125439e-05	clade1sub7	24-215-202-255
2764	0.0003054122722655	clade1sub14	247-113-27-255
2765	1.1754041151390581e-07	clade1sub7	24-215-202-255
2766	3.1830611696058285e-14	clade1sub2	51-172-246-255
2767	8.364399682087342e-13	clade1sub7	24-215-202-255
2768	3.674043560472524e-19	clade1sub7	24-215-202-255
2769	3.034514131726016e-18	clade1sub3	70-122-242-255
2770	5.4207118215506386e-18	clade1sub7	24-215-202-255
2771	5.263097369758149e-18	clade1sub3	70-122-242-255
2772	7.184532689974618e-15	clade1sub7	24-215-202-255
2773	2.7020577659164358e-18	clade1sub3	70-122-242-255
2774	3.389083036300814e-19	clade1sub3	70-122-242-255
2775	9.146895690318298e-17	clade1sub7	24-215-202-255
2776	9.344806969255389e-18	clade1sub3	70-122-242-255
2777	3.012657674987735e-23	clade1sub7	24-215-202-255
2778	1.5479259494108437e-20	clade1sub7	24-215-202-255
2779	4.283159688349835e-20	clade1sub7	24-215-202-255
2780	2.614570597713284e-18	clade1sub3	70-122-242-255
2781	1.7077581156100332e-19	clade1sub7	24-215-202-255
2782	1.6330528618698646e-19	clade1sub3	70-122-242-255
2783	1.3343070064746889e-21	clade1sub3	70-122-242-255
2784	1.1398788533302767e-19	clade1sub7	24-215-202-255
2785	2.848554516564235e-22	clade1sub7	24-215-202-255
2786	5.569645024818424e-22	clade1sub3	70-122-242-255
2787	2.146601082690764e-18	clade1sub7	24-215-202-255
2788	5.749497907238806e-18	clade1sub7	24-215-202-255
2789	1.0833835896709264e-20	clade1sub3	70-122-242-255
2790	2.7969928913774564e-15	clade1sub7	24-215-202-255
2791	1.4094255824689684e-16	clade1sub7	24-215-202-255
2792	3.7121631544629314e-19	clade1sub3	70-122-242-255
2793	6.666872825188764e-18	clade1sub7	24-215-202-255
2794	2.1069762365963646e-20	clade1sub7	24-215-202-255
2795	7.905133763986456e-14	clade1sub3	70-122-242-255
2796	1.7465911025442063e-10	clade1sub4	53-243-148-255
2797	2.3906411359532637e-10	clade1sub3	70-122-242-255
2798	7.455411381609954e-10	clade1sub3	70-122-242-255
2799	5.5148889729819424e-08	clade1sub14	247-113-27-255
2800	1.2217125895239217e-07	clade1sub11	232-213-56-255
2801	1.942012569435393e-11	clade1sub7	24-215-202-255
2802	2.240536630051885e-15	clade1sub3	70-122-242-255
2803	1.1962289236153432e-10	clade1sub7	24-215-202-255
2804	2.3588784990766197e-18	clade1sub7	24-215-202-255
2805	4.957319075806307e-25	clade1sub3	70-122-242-255
2806	1.026466086194214e-23	clade1sub7	24-215-202-255
2807	2.276474911301713e-22	clade1sub3	70-122-242-255
2808	1.0947543332191391e-18	clade1sub7	24-215-202-255
2809	3.064172291067623e-22	clade1sub3	70-122-242-255
2810	2.5090564112348948e-17	clade1sub7	24-215-202-255
2811	2.1126854084168122e-15	clade1sub7	24-215-202-255
2812	2.9896894371411486e-16	clade1sub7	24-215-202-255
2813	1.4997376938731984e-15	clade1sub7	24-215-202-255
2814	1.1648913616071002e-24	clade1sub3	70-122-242-255
2815	6.949854945610778e-16	clade1sub7	24-215-202-255
2816	8.994039682198886e-23	clade1sub3	70-122-242-255
2817	6.571093563554129e-14	clade1sub7	24-215-202-255
2818	3.251810147951119e-20	clade1sub3	70-122-242-255
2819	8.065905594944244e-17	clade1sub2	51-172-246-255
2820	3.419865426304581e-18	clade1sub7	24-215-202-255
2821	7.305339390150455e-17	clade1sub7	24-215-202-255
2822	1.5505217317577884e-17	clade1sub7	24-215-202-255
2823	8.551726264385809e-19	clade1sub7	24-215-202-255
2824	2.686123212201637e-21	clade1sub3	70-122-242-255
2825	4.2135664261156185e-20	clade1sub7	24-215-202-255
2826	4.507159606932921e-21	clade1sub7	24-215-202-255
2827	9.309062602841293e-13	clade1sub3	70-122-242-255
2828	8.475481388651064e-22	clade1sub3	70-122-242-255
2829	2.236963377735465e-20	clade1sub7	24-215-202-255
2830	1.8915293403356044e-21	clade1sub3	70-122-242-255
2831	2.929927157024488e-17	clade1sub7	24-215-202-255
2832	3.4915873784833825e-22	clade1sub3	70-122-242-255
2833	8.334113365639849e-16	clade1sub3	70-122-242-255
2834	9.491586234416196e-13	clade1sub7	24-215-202-255
2835	4.274712639754812e-21	clade1sub3	70-122-242-255
2836	3.75441935468697e-10	clade1sub18	122-4-2-255
2837	3.8399539869603605e-13	clade1sub3	70-122-242-255
2838	5.317250513317521e-11	clade1sub18	122-4-2-255
2839	1.1830791931178688e-19	clade1sub7	24-215-202-255
2840	2.1686156420076082e-20	clade1sub7	24-215-202-255
2841	1.2228200872903656e-18	clade1sub7	24-215-202-255
2842	1.5260536025212592e-14	clade1sub3	70-122-242-255
2843	1.0324799256434353e-21	clade1sub7	24-215-202-255
2844	3.405934559204758e-20	clade1sub7	24-215-202-255
2845	3.0936030045750007e-15	clade1sub3	70-122-242-255
2846	1.9767074787545502e-16	clade1sub7	24-215-202-255
2847	3.5135324438385643e-16	clade1sub7	24-215-202-255
2848	3.4992140698867614e-15	clade1sub7	24-215-202-255
2849	6.023945443870394e-17	clade1sub3	70-122-242-255
2850	3.3427801584989774e-15	clade1sub7	24-215-202-255
2851	6.5664574021706856e-18	clade1sub7	24-215-202-255
2852	1.850650138265656e-18	clade1sub3	70-122-242-255
2853	8.282005375083131e-24	clade1sub7	24-215-202-255
2854	1.223738340567726e-12	clade1sub3	70-122-242-255
2855	8.183891853754827e-14	clade1sub7	24-215-202-255
2856	1.4826671005927676e-14	clade1sub7	24-215-202-255
2857	2.894692246257129e-19	clade1sub7	24-215-202-255
2858	7.077942567999585e-16	clade1sub3	70-122-242-255
2859	5.112973616605977e-12	clade1sub3	70-122-242-255
2860	2.518350539418871e-11	clade1sub7	24-215-202-255
2861	6.782749122526561e-09	clade1sub3	70-122-242-255
2862	3.144216889396665e-12	clade1sub3	70-122-242-255
2863	1.796093304917765e-12	clade1sub3	70-122-242-255
2864	2.2592711675047485e-13	clade1sub3	70-122-242-255
2865	2.3803579249150773e-21	clade1sub7	24-215-202-255
2866	9.850245553743545e-12	clade1sub3	70-122-242-255
2867	1.5092720949868947e-24	clade1sub3	70-122-242-255
2868	4.869712232862522e-27	clade1sub3	70-122-242-255
2869	3.935219814910615e-28	clade1sub3	70-122-242-255
2870	3.4063939313560573e-26	clade1sub3	70-122-242-255
2871	1.4811994052010324e-25	clade1sub7	24-215-202-255
2873	2.5201557350344712e-20	clade1sub7	24-215-202-255
2874	9.940198562727272e-23	clade1sub7	24-215-202-255
2875	2.817805964867252e-22	clade1sub7	24-215-202-255
2876	4.29193235100369e-18	clade1sub7	24-215-202-255
2877	2.471814853055131e-28	clade1sub7	24-215-202-255
2878	1.754351554020174e-26	clade1sub3	70-122-242-255
2879	2.2011853609671426e-23	clade1sub3	70-122-242-255
2880	1.6756669182002299e-22	clade1sub7	24-215-202-255
2881	1.6540056714695122e-26	clade1sub7	24-215-202-255
2882	3.3759958341801587e-22	clade1sub7	24-215-202-255
2883	1.454088007267988e-25	clade1sub7	24-215-202-255
2884	1.8919745398250325e-21	clade1sub7	24-215-202-255
2885	2.5838555895878945e-23	clade1sub7	24-215-202-255
2886	9.690536173837521e-19	clade1sub7	24-215-202-255
2887	2.935452781237674e-20	clade1sub7	24-215-202-255
2888	7.123047152888027e-10	clade1sub2	51-172-246-255
2889	2.4461055721292934e-19	clade1sub3	70-122-242-255
2890	4.7139484926295714e-07	clade1sub4	53-243-148-255
2891	2.891113771005802e-17	clade1sub7	24-215-202-255
2892	1.9380806209252576e-17	clade1sub7	24-215-202-255
2893	7.9524862077867075e-22	clade1sub7	24-215-202-255
2894	1.7263915521215663e-16	clade1sub4	53-243-148-255
2895	5.309875479598565e-19	clade1sub7	24-215-202-255
2896	7.067578255978426e-15	clade1sub7	24-215-202-255
2897	5.371314915225816e-12	clade1sub12	128-254-83-255
2898	5.3103007302995005e-11	clade1sub4	53-243-148-255
2899	1.7690034370647622e-10	clade1sub3	70-122-242-255
2900	1.560256106794458e-13	clade1sub3	70-122-242-255
2901	4.306050040064981e-12	clade1sub7	24-215-202-255
2902	2.9911015385087856e-08	clade1sub7	24-215-202-255
2903	3.302333185347957e-14	clade1sub7	24-215-202-255
2904	2.785791296084875e-06	clade1sub11	232-213-56-255
2905	1.0650215073110931e-06	clade1sub7	24-215-202-255
2906	1.8748041475259407e-08	clade1sub11	232-213-56-255
2907	1.3775341797373556e-09	clade1sub11	232-213-56-255
2908	4.5696213893884596e-09	clade1sub11	232-213-56-255
2909	8.85894642551338e-14	clade1sub7	24-215-202-255
2910	2.1428573323982743e-08	clade1sub11	232-213-56-255
2911	9.111635665072842e-11	clade1sub11	232-213-56-255
2912	0.000117051048951	clade1sub11	232-213-56-255
2913	2.857974062747788e-13	clade1sub7	24-215-202-255
2914	2.631183713239713e-06	clade1sub3	70-122-242-255
2915	2.1582677998816519e-10	clade1sub7	24-215-202-255
2916	1.1106742088014233e-08	clade1sub11	232-213-56-255
2917	1.6407819046274447e-19	clade1sub7	24-215-202-255
2918	1.1499165030082348e-23	clade1sub7	24-215-202-255
2919	1.7036761005753527e-11	clade1sub3	70-122-242-255
2920	6.863025743303082e-20	clade1sub7	24-215-202-255
2921	2.5566488986931897e-23	clade1sub3	70-122-242-255
2922	1.0474822391448403e-19	clade1sub3	70-122-242-255
2923	0.0004555650168507	clade1sub12	128-254-83-255
2924	0.0443861206513579	clade1sub12	128-254-83-255
2925	0.0436455229390585	clade1sub12	128-254-83-255
2926	1.0632250673008344e-11	clade1sub11	232-213-56-255
2927	3.9086536425275197e-13	clade1sub7	24-215-202-255
2928	3.1792086505066616e-10	clade1sub14	247-113-27-255
2929	1.1022688395096785e-18	clade1sub7	24-215-202-255
2930	1.4091544286075644e-09	clade1sub7	24-215-202-255
2931	2.422765692545103e-11	clade1sub3	70-122-242-255
2932	1.6897305674724128e-10	clade1sub3	70-122-242-255
2933	9.001188375536622e-13	clade1sub7	24-215-202-255
2934	2.5166319827585614e-11	clade1sub7	24-215-202-255
2935	4.346994885712757e-07	clade1sub3	70-122-242-255
2936	0.0167447829717246	clade1sub18	122-4-2-255
2937	2.49839397990908e-05	clade1sub14	247-113-27-255
2938	4.157329960476681e-08	clade1sub7	24-215-202-255
2939	1.0145448525767735e-15	clade1sub7	24-215-202-255
2940	2.933805938483709e-13	clade1sub7	24-215-202-255
2941	9.259318391945584e-18	clade1sub7	24-215-202-255
2942	1.5143308941809258e-17	clade1sub7	24-215-202-255
2943	2.1563371928960288e-19	clade1sub7	24-215-202-255
2944	2.5860350896935864e-21	clade1sub7	24-215-202-255
2945	5.842744074286781e-20	clade1sub3	70-122-242-255
2946	1.1262140433533302e-15	clade1sub7	24-215-202-255
2947	1.7879710612870053e-22	clade1sub3	70-122-242-255
2948	3.889497569982816e-20	clade1sub7	24-215-202-255
2949	1.23400794740217e-13	clade1sub7	24-215-202-255
2950	2.3186411758049167e-25	clade1sub7	24-215-202-255
2951	5.489112093014652e-15	clade1sub3	70-122-242-255
2952	6.514109709094496e-14	clade1sub7	24-215-202-255
2953	1.0005413370305236e-22	clade1sub3	70-122-242-255
2954	1.8008373312763541e-19	clade1sub7	24-215-202-255
2955	1.3259826942823149e-21	clade1sub3	70-122-242-255
2956	4.306615933258455e-25	clade1sub7	24-215-202-255
2957	5.580871407908184e-17	clade1sub7	24-215-202-255
2958	1.5719134684113578e-18	clade1sub7	24-215-202-255
2959	9.368462647262155e-21	clade1sub3	70-122-242-255
2960	7.218129286841755e-23	clade1sub7	24-215-202-255
2961	5.176044095724478e-19	clade1sub7	24-215-202-255
2962	1.125002273436136e-24	clade1sub3	70-122-242-255
2963	1.0870520686231433e-18	clade1sub3	70-122-242-255
2964	7.826618374004388e-24	clade1sub7	24-215-202-255
2965	4.3339514091618186e-21	clade1sub7	24-215-202-255
2966	1.8631284283279737e-19	clade1sub7	24-215-202-255
2967	1.4105183593570854e-20	clade1sub3	70-122-242-255
2968	4.401454653543304e-10	clade1sub11	232-213-56-255
2969	6.234608995613889e-07	clade1sub12	128-254-83-255
2970	0.0048080627748776	clade1sub12	128-254-83-255
2971	0.0004650850489519	clade1sub11	232-213-56-255
2972	3.6765224935020176e-14	clade1sub7	24-215-202-255
2973	7.405950062211244e-12	clade1sub3	70-122-242-255
2974	5.349676581097678e-16	clade1sub7	24-215-202-255
2975	3.407373902402414e-09	clade1sub7	24-215-202-255
2976	1.6068962226664645e-12	clade1sub7	24-215-202-255
2977	5.114647447035383e-13	clade1sub7	24-215-202-255
2978	1.1068325710898468e-11	clade1sub7	24-215-202-255
2979	3.2632097176446105e-07	clade1sub3	70-122-242-255
2980	6.785050093376097e-09	clade1sub7	24-215-202-255
2981	1.041933538826253e-08	clade1sub11	232-213-56-255
2982	2.344687591000157e-07	clade1sub11	232-213-56-255
2983	0.0001986430420579	clade1sub12	128-254-83-255
2984	8.062740077433004e-13	clade1sub3	70-122-242-255
2985	1.3393739506427048e-17	clade1sub7	24-215-202-255
2986	2.218969792771127e-16	clade1sub7	24-215-202-255
2987	1.9743740035801212e-20	clade1sub7	24-215-202-255
2988	8.794524515417207e-19	clade1sub3	70-122-242-255
2989	5.269967428755383e-15	clade1sub3	70-122-242-255
2990	2.367753048667069e-23	clade1sub7	24-215-202-255
2991	2.2605664073994475e-19	clade1sub7	24-215-202-255
2992	2.198845868260129e-21	clade1sub7	24-215-202-255
2993	3.2019579120289536e-22	clade1sub7	24-215-202-255
2994	2.882967794692343e-28	clade1sub7	24-215-202-255
2995	3.3067137410492177e-21	clade1sub7	24-215-202-255
2996	3.416853341443692e-23	clade1sub7	24-215-202-255
2997	4.650086350717018e-22	clade1sub7	24-215-202-255
2998	1.454810573489759e-23	clade1sub3	70-122-242-255
2999	9.434185612432894e-22	clade1sub7	24-215-202-255
3000	1.6066668162359287e-20	clade1sub7	24-215-202-255
3001	1.3932180210201555e-24	clade1sub7	24-215-202-255
3002	4.1229128668972558e-25	clade1sub7	24-215-202-255
3003	3.2399211209239217e-22	clade1sub7	24-215-202-255
3004	1.4662095277751742e-24	clade1sub3	70-122-242-255
3005	1.7693443428625581e-22	clade1sub7	24-215-202-255
3006	8.925893408263292e-25	clade1sub7	24-215-202-255
3007	8.877270566992203e-21	clade1sub3	70-122-242-255
3008	6.181513426945668e-27	clade1sub7	24-215-202-255
3009	6.529806909461594e-19	clade1sub7	24-215-202-255
3010	2.2696911826320533e-13	clade1sub7	24-215-202-255
3011	1.7743457890878939e-15	clade1sub14	247-113-27-255
3012	5.687950559546464e-12	clade1sub11	232-213-56-255
3013	2.1901110169825037e-06	clade1sub3	70-122-242-255
3014	8.105868253724674e-07	clade1sub2	51-172-246-255
3015	5.452114638960042e-08	clade1sub11	232-213-56-255
3016	3.43940790049332e-09	clade1sub11	232-213-56-255
3017	0.0006472370434269	clade1sub11	232-213-56-255
3018	5.090481857374945e-06	clade1sub11	232-213-56-255
3019	1.863537083529472e-07	clade1sub11	232-213-56-255
3020	1.0216941994326128e-08	clade1sub11	232-213-56-255
3021	1.0041863515596251e-06	clade1sub7	24-215-202-255
3022	1.217946161560077e-05	clade1sub3	70-122-242-255
3023	0.092793839181481	clade1sub18	122-4-2-255
3024	3.177612872758305e-05	clade1sub7	24-215-202-255
3025	0.0056603770733967	clade1sub12	128-254-83-255
3026	7.918469181927683e-09	clade1sub11	232-213-56-255
3027	0.1995510017296335	clade1sub12	128-254-83-255
3028	1.4552948897321594e-05	clade1sub14	247-113-27-255
3029	3.2550008736671554e-05	clade1sub11	232-213-56-255
3030	1.1446540119359067e-05	clade1sub14	247-113-27-255
3031	4.892199906735879e-05	clade1sub7	24-215-202-255
3032	1.0015310873152691e-06	clade1sub14	247-113-27-255
3033	0.0002681051831219	clade1sub14	247-113-27-255
3034	1.7704035861000889e-15	clade1sub7	24-215-202-255
3035	5.694464738576402e-14	clade1sub3	70-122-242-255
3036	1.7134510976932832e-15	clade1sub7	24-215-202-255
3037	1.6492393683483462e-19	clade1sub7	24-215-202-255
3038	1.155969715285187e-18	clade1sub7	24-215-202-255
3039	1.731252305282427e-16	clade1sub7	24-215-202-255
3040	2.0329644489219868e-16	clade1sub7	24-215-202-255
3041	4.472775067648062e-22	clade1sub7	24-215-202-255
3042	8.351920766654156e-20	clade1sub3	70-122-242-255
3043	1.3050609282161708e-16	clade1sub7	24-215-202-255
3044	1.7435123796100287e-18	clade1sub3	70-122-242-255
3045	8.247359633199956e-20	clade1sub7	24-215-202-255
3046	5.853820941530209e-21	clade1sub3	70-122-242-255
3047	1.2118269412863405e-18	clade1sub3	70-122-242-255
3048	5.1623262651174554e-17	clade1sub3	70-122-242-255
3049	1.6832014731905932e-21	clade1sub7	24-215-202-255
3050	1.1182774265512637e-18	clade1sub7	24-215-202-255
3051	7.357272121414624e-27	clade1sub7	24-215-202-255
3052	6.105710490678889e-11	clade1sub3	70-122-242-255
3053	4.904248202224543e-18	clade1sub7	24-215-202-255
3054	2.749567031498564e-13	clade1sub7	24-215-202-255
3055	8.638585954871823e-19	clade1sub7	24-215-202-255
3056	2.1305700207661747e-27	clade1sub7	24-215-202-255
3057	2.732184332699166e-16	clade1sub3	70-122-242-255
3058	1.0407909116022317e-07	clade1sub3	70-122-242-255
3059	3.713457162394976e-08	clade1sub11	232-213-56-255
3060	8.152953933014062e-06	clade1sub4	53-243-148-255
3061	1.1437180830088128e-06	clade1sub11	232-213-56-255
3062	5.088744659781031e-09	clade1sub3	70-122-242-255
3063	6.351194064128069e-12	clade1sub3	70-122-242-255
3064	8.78484636391632e-17	clade1sub11	232-213-56-255
3065	1.1126934258039447e-20	clade1sub3	70-122-242-255
3066	3.91411608395461e-16	clade1sub3	70-122-242-255
3067	1.060056723342616e-05	clade1sub11	232-213-56-255
3068	0.0002269583405092	clade1sub11	232-213-56-255
3069	4.9476290377201255e-20	clade1sub3	70-122-242-255
3070	7.707464164825776e-16	clade1sub7	24-215-202-255
3071	3.562812662879193e-16	clade1sub7	24-215-202-255
3072	7.597332710621875e-16	clade1sub3	70-122-242-255
3073	7.013740731360191e-19	clade1sub3	70-122-242-255
3074	2.79076830163118e-19	clade1sub7	24-215-202-255
3075	8.762561495010404e-20	clade1sub3	70-122-242-255
3076	3.1985973637057223e-13	clade1sub7	24-215-202-255
3077	1.1002618548888142e-25	clade1sub7	24-215-202-255
3078	9.272129138370842e-20	clade1sub7	24-215-202-255
3079	3.9503835384037776e-22	clade1sub3	70-122-242-255
3080	3.643238639355493e-18	clade1sub3	70-122-242-255
3081	1.2978334114499806e-23	clade1sub3	70-122-242-255
3082	2.3974192932106155e-12	clade1sub7	24-215-202-255
3083	1.6191428817783653e-18	clade1sub3	70-122-242-255
3084	0.0019696396994556	clade1sub7	24-215-202-255
3085	5.92736051451664e-18	clade1sub7	24-215-202-255
3086	6.785462822866327e-22	clade1sub7	24-215-202-255
3087	4.058495623957606e-18	clade1sub7	24-215-202-255
3088	1.874575679159426e-20	clade1sub3	70-122-242-255
3089	2.7089097814326776e-23	clade1sub7	24-215-202-255
3090	1.6297664799501425e-13	clade1sub18	122-4-2-255
3091	1.9691098558137323e-14	clade1sub3	70-122-242-255
3092	1.1660797648871696e-16	clade1sub7	24-215-202-255
3093	8.232650287012405e-14	clade1sub7	24-215-202-255
3094	2.744754210849501e-19	clade1sub3	70-122-242-255
3095	7.546161312884868e-21	clade1sub7	24-215-202-255
3096	1.955261333156363e-21	clade1sub7	24-215-202-255
3097	3.96363255568872e-24	clade1sub7	24-215-202-255
3098	2.3018676706189128e-15	clade1sub3	70-122-242-255
3099	9.284791638705076e-18	clade1sub7	24-215-202-255
3100	3.2448090498353744e-17	clade1sub3	70-122-242-255
3101	6.333646372339081e-16	clade1sub7	24-215-202-255
3102	2.196805759867652e-11	clade1sub7	24-215-202-255
3103	1.231804547663283e-19	clade1sub7	24-215-202-255
3104	3.405418239047469e-20	clade1sub7	24-215-202-255
3105	3.39641349416596e-18	clade1sub7	24-215-202-255
3106	8.914935763585493e-19	clade1sub7	24-215-202-255
3107	2.6351168067967714e-16	clade1sub7	24-215-202-255
3108	2.7829726113810158e-18	clade1sub7	24-215-202-255
3109	7.229783564827893e-16	clade1sub3	70-122-242-255
3110	1.2137455454198351e-11	clade1sub3	70-122-242-255
3111	1.2386520018228012e-19	clade1sub3	70-122-242-255
3112	7.830392038995491e-17	clade1sub7	24-215-202-255
3113	1.4106933754459184e-17	clade1sub3	70-122-242-255
3114	3.4031676111514213e-16	clade1sub3	70-122-242-255
3115	1.0124279626766162e-15	clade1sub7	24-215-202-255
3116	9.484050970578111e-10	clade1sub7	24-215-202-255
3117	3.0531189405197376e-08	clade1sub3	70-122-242-255
3118	3.816160189838933e-19	clade1sub7	24-215-202-255
3119	1.1855433124578865e-21	clade1sub7	24-215-202-255
3120	1.0381050669082536e-11	clade1sub11	232-213-56-255
3121	1.0963538095445737e-18	clade1sub7	24-215-202-255
3122	7.932521340307066e-21	clade1sub7	24-215-202-255
3123	1.554749031208966e-21	clade1sub7	24-215-202-255
3124	3.3706083089840998e-22	clade1sub7	24-215-202-255
3125	1.6189599835178752e-25	clade1sub7	24-215-202-255
3126	6.569308475265228e-24	clade1sub7	24-215-202-255
3127	2.270715221652608e-22	clade1sub7	24-215-202-255
3128	1.0448537071960774e-12	clade1sub7	24-215-202-255
3129	5.16721984021434e-20	clade1sub7	24-215-202-255
3130	5.249626154978209e-20	clade1sub3	70-122-242-255
3131	1.4200636880354813e-19	clade1sub7	24-215-202-255
3132	5.014481478308351e-19	clade1sub7	24-215-202-255
3133	1.2080840456616019e-11	clade1sub2	51-172-246-255
3134	7.83073871727869e-19	clade1sub7	24-215-202-255
3135	0.0001433790795887	clade1sub12	128-254-83-255
3136	1.502016608282232e-18	clade1sub7	24-215-202-255
3137	2.3829438688651348e-12	clade1sub7	24-215-202-255
3138	7.27782307552432e-13	clade1sub7	24-215-202-255
3139	3.083489072785417e-17	clade1sub7	24-215-202-255
3140	1.0188866159905273e-06	clade1sub4	53-243-148-255
3141	4.2640466595170826e-07	clade1sub3	70-122-242-255
3142	1.1987235510008055e-16	clade1sub3	70-122-242-255
3143	2.5428729718582444e-11	clade1sub3	70-122-242-255
3144	1.850714475842276e-17	clade1sub3	70-122-242-255
3145	2.533180799891756e-20	clade1sub3	70-122-242-255
3146	9.644000459498825e-18	clade1sub3	70-122-242-255
3147	9.104618147756252e-20	clade1sub3	70-122-242-255
3148	2.63526529621526e-16	clade1sub3	70-122-242-255
3149	2.4633490567261062e-20	clade1sub3	70-122-242-255
3150	1.2169439024812865e-19	clade1sub7	24-215-202-255
3151	3.234360364283621e-10	clade1sub3	70-122-242-255
3152	2.678652681797739e-07	clade1sub3	70-122-242-255
3153	8.863610549137736e-05	clade1sub12	128-254-83-255
3154	0.0677042703480837	clade1sub12	128-254-83-255
3155	0.0007135676927737	clade1sub11	232-213-56-255
3156	0.0023815423265954	clade1sub11	232-213-56-255
3157	0.4988838861748032	clade1sub12	128-254-83-255
3158	0.0001420870528205	clade1sub11	232-213-56-255
3159	0.0054317212111652	clade1sub19	187-244-52-255
3160	4.698094909955668e-08	clade1sub11	232-213-56-255
3161	4.4133043602032004e-12	clade1sub7	24-215-202-255
3162	8.360869185209882e-13	clade1sub7	24-215-202-255
3163	1.5082392760932834e-13	clade1sub7	24-215-202-255
3164	1.7511286361537788e-12	clade1sub7	24-215-202-255
3165	3.4844665720247416e-08	clade1sub11	232-213-56-255
3166	2.4287408569700586e-12	clade1sub7	24-215-202-255
3167	2.9299624102502337e-10	clade1sub7	24-215-202-255
3168	6.113165934258902e-10	clade1sub7	24-215-202-255
3169	2.298882407098917e-06	clade1sub3	70-122-242-255
3170	1.1096164592872616e-14	clade1sub3	70-122-242-255
3171	6.229663412412926e-07	clade1sub3	70-122-242-255
3172	1.1262091712036327e-10	clade1sub11	232-213-56-255
3173	7.120885745525013e-14	clade1sub4	53-243-148-255
3174	6.81569394276956e-12	clade1sub11	232-213-56-255
3175	3.5871459860273636e-20	clade1sub7	24-215-202-255
3176	7.205213282605404e-14	clade1sub4	53-243-148-255
3177	2.194519432772597e-18	clade1sub7	24-215-202-255
3178	6.909477980988654e-18	clade1sub3	70-122-242-255
3179	4.52435517169617e-06	clade1sub4	53-243-148-255
3180	2.986341503646675e-17	clade1sub3	70-122-242-255
3181	1.6502900100206843e-08	clade1sub11	232-213-56-255
3182	0.0429794146702849	clade1sub12	128-254-83-255
3183	0.0008087567099256	clade1sub11	232-213-56-255
3184	0.0502209256511744	clade1sub12	128-254-83-255
3185	0.0075790248151877	clade1sub12	128-254-83-255
3186	0.0438645801559026	clade1sub12	128-254-83-255
3187	3.4638902431452176e-10	clade1sub11	232-213-56-255
3188	4.8897844120334846e-11	clade1sub14	247-113-27-255
3189	6.227754395371314e-15	clade1sub7	24-215-202-255
3190	1.3198536954285262e-10	clade1sub7	24-215-202-255
3191	7.87366752742372e-12	clade1sub11	232-213-56-255
3192	3.13928041754126e-07	clade1sub7	24-215-202-255
3193	0.0566983136548054	clade1sub11	232-213-56-255
3194	1.0008703913810294e-06	clade1sub18	122-4-2-255
3195	0.0079674638314862	clade1sub12	128-254-83-255
3196	0.0079674638314862	clade1sub12	128-254-83-255
3197	2.564427246466607e-05	clade1sub7	24-215-202-255
3198	0.1039584237418688	clade1sub12	128-254-83-255
3199	1.2721972551805758e-17	clade1sub7	24-215-202-255
3200	0.0297069302998981	clade1sub12	128-254-83-255
3201	0.0107543417644975	clade1sub12	128-254-83-255
3202	3.0562620267910637e-21	clade1sub7	24-215-202-255
3203	2.599243249539509e-25	clade1sub7	24-215-202-255
3204	5.733534046208999e-23	clade1sub7	24-215-202-255
3205	9.224768683874828e-21	clade1sub7	24-215-202-255
3206	3.0086242597862668e-21	clade1sub7	24-215-202-255
3207	8.473330080613601e-24	clade1sub3	70-122-242-255
3208	1.5969432856676917e-29	clade1sub3	70-122-242-255
3209	3.003768746152646e-19	clade1sub7	24-215-202-255
3210	7.184768454090219e-23	clade1sub3	70-122-242-255
3211	1.7292886415073314e-22	clade1sub3	70-122-242-255
3212	1.3345147389154602e-21	clade1sub3	70-122-242-255
3213	7.150256740274818e-22	clade1sub3	70-122-242-255
3214	1.0758263154445548e-19	clade1sub3	70-122-242-255
3215	9.144665684658808e-24	clade1sub3	70-122-242-255
3216	2.5538685002732813e-18	clade1sub7	24-215-202-255
3217	7.313944478941959e-22	clade1sub3	70-122-242-255
3218	6.59618311231731e-25	clade1sub7	24-215-202-255
3219	4.0642585617021117e-26	clade1sub7	24-215-202-255
3220	1.5055254204668633e-21	clade1sub7	24-215-202-255
3221	3.4514914554033885e-24	clade1sub7	24-215-202-255
3222	8.125362942413182e-27	clade1sub7	24-215-202-255
3223	2.529644676995175e-12	clade1sub3	70-122-242-255
3224	2.720422546746914e-28	clade1sub7	24-215-202-255
3225	1.60634117460401e-16	clade1sub14	247-113-27-255
3226	3.9684942167753e-28	clade1sub3	70-122-242-255
3227	3.8603809209659924e-13	clade1sub7	24-215-202-255
3228	2.166990139125533e-28	clade1sub7	24-215-202-255
3229	5.06221336453866e-21	clade1sub7	24-215-202-255
3230	4.805296711137229e-08	clade1sub17	222-62-8-255
3231	5.3588570679955654e-12	clade1sub3	70-122-242-255
3232	2.3788902343492444e-15	clade1sub7	24-215-202-255
3233	3.5308514992220643e-22	clade1sub3	70-122-242-255
3234	4.497421008291387e-21	clade1sub7	24-215-202-255
3235	5.2068655958829245e-09	clade1sub17	222-62-8-255
3236	1.6225482635633005e-13	clade1sub14	247-113-27-255
3237	3.9556805115863086e-12	clade1sub7	24-215-202-255
3238	3.527260257567597e-18	clade1sub7	24-215-202-255
3239	0.0002000753805422	clade1sub12	128-254-83-255
3240	3.542912341061227e-13	clade1sub7	24-215-202-255
3241	3.7151879360042566e-17	clade1sub7	24-215-202-255
3242	2.5774207981060493e-11	clade1sub3	70-122-242-255
3243	4.9177451877016925e-09	clade1sub18	122-4-2-255
3244	0.0038292948020005	clade1sub12	128-254-83-255
3246	5.843990845015865e-11	clade1sub7	24-215-202-255
3247	1.3383249866490714e-10	clade1sub11	232-213-56-255
3248	2.8633702598697604e-07	clade1sub11	232-213-56-255
3249	2.1636741749742886e-10	clade1sub11	232-213-56-255
3250	2.466206820895663e-06	clade1sub11	232-213-56-255
3251	3.966637615801123e-08	clade1sub14	247-113-27-255
3252	1.0521536723059229e-08	clade1sub11	232-213-56-255
3253	4.283561107205287e-05	clade1sub11	232-213-56-255
3254	1.500260467483031e-09	clade1sub11	232-213-56-255
3255	1.6008530796866872e-08	clade1sub11	232-213-56-255
3256	3.48531857232269e-11	clade1sub11	232-213-56-255
3257	0.2718796309753416	clade1sub19	187-244-52-255
3258	1.2084871486550946e-07	clade1sub11	232-213-56-255
3259	0.0314709585535752	clade1sub11	232-213-56-255
3260	0.1203153686048649	clade1sub11	232-213-56-255
3261	0.0077733951016399	clade1sub19	187-244-52-255
3262	0.000841498384029	clade1sub14	247-113-27-255
3263	3.046164941750778e-20	clade1sub3	70-122-242-255
3264	4.095788050923043e-26	clade1sub3	70-122-242-255
3265	2.3070624029874847e-22	clade1sub3	70-122-242-255
3266	4.146699692575711e-19	clade1sub7	24-215-202-255
3267	5.606898846402318e-19	clade1sub3	70-122-242-255
3268	2.1832772195783647e-16	clade1sub7	24-215-202-255
3269	3.193898786137084e-17	clade1sub3	70-122-242-255
3270	2.603607579032672e-24	clade1sub7	24-215-202-255
3271	7.407723679460064e-22	clade1sub7	24-215-202-255
3272	2.6511550987079725e-25	clade1sub3	70-122-242-255
3273	1.1139621855586045e-20	clade1sub7	24-215-202-255
3274	2.0051922571038176e-27	clade1sub7	24-215-202-255
3275	2.5513505985658105e-23	clade1sub3	70-122-242-255
3276	4.713280797114959e-23	clade1sub7	24-215-202-255
3277	8.770644676358556e-17	clade1sub3	70-122-242-255
3278	4.570372560386657e-16	clade1sub7	24-215-202-255
3279	1.5253021107629333e-14	clade1sub7	24-215-202-255
3280	1.0884793865996401e-26	clade1sub3	70-122-242-255
3281	1.3795929875929564e-19	clade1sub7	24-215-202-255
3282	6.773111909144559e-19	clade1sub7	24-215-202-255
3283	7.507366872755523e-10	clade1sub11	232-213-56-255
3284	1.546842028479027e-05	clade1sub4	53-243-148-255
3285	2.973723455919194e-11	clade1sub14	247-113-27-255
3286	2.16784139516326e-13	clade1sub7	24-215-202-255
3287	5.692003960342183e-14	clade1sub7	24-215-202-255
3288	4.2268119109516315e-10	clade1sub7	24-215-202-255
3289	2.3583463704755743e-14	clade1sub7	24-215-202-255
3290	1.2307086199923795e-10	clade1sub3	70-122-242-255
3291	0.0002306535743815	clade1sub7	24-215-202-255
3292	9.79145751328577e-13	clade1sub3	70-122-242-255
3293	0.0125692548926665	clade1sub12	128-254-83-255
3294	3.161687424480669e-18	clade1sub3	70-122-242-255
3295	5.043576382074684e-06	clade1sub11	232-213-56-255
3296	4.6050943209750206e-07	clade1sub11	232-213-56-255
3297	5.161812896875875e-10	clade1sub3	70-122-242-255
3298	0.322793119825195	clade1sub19	187-244-52-255
3299	0.0043735133584381	clade1sub14	247-113-27-255
3300	2.70011419950113e-06	clade1sub11	232-213-56-255
3301	0.0820494107758542	clade1sub14	247-113-27-255
3302	2.130939155655087e-09	clade1sub7	24-215-202-255
3303	0.0646397645370612	clade1sub18	122-4-2-255
3304	0.2072507260091777	clade1sub12	128-254-83-255
3305	0.011012449141898	clade1sub11	232-213-56-255
3306	0.2596136489685848	clade1sub12	128-254-83-255
3307	0.2063756962678629	clade1sub11	232-213-56-255
3308	0.2140066455987889	clade1sub12	128-254-83-255
3309	0.0001805908363085	clade1sub18	122-4-2-255
3310	5.347164944546058e-08	clade1sub14	247-113-27-255
3311	0.0018860464555779	clade1sub11	232-213-56-255
3312	4.570076169803351e-08	clade1sub14	247-113-27-255
3313	4.005826284931381e-15	clade1sub7	24-215-202-255
3314	3.261100508082391e-14	clade1sub7	24-215-202-255
3315	1.03370137389791e-17	clade1sub7	24-215-202-255
3316	1.2376692353572066e-18	clade1sub7	24-215-202-255
3317	2.4842770765593043e-20	clade1sub7	24-215-202-255
3318	1.0299664413804022e-18	clade1sub3	70-122-242-255
3319	2.40466736156647e-22	clade1sub7	24-215-202-255
3320	1.7883554884489573e-17	clade1sub3	70-122-242-255
3321	7.354351768182939e-21	clade1sub3	70-122-242-255
3322	9.372188818268177e-24	clade1sub3	70-122-242-255
3323	1.407873743762163e-19	clade1sub3	70-122-242-255
3324	1.391318909231298e-18	clade1sub3	70-122-242-255
3325	7.128727756814186e-17	clade1sub7	24-215-202-255
3326	6.257927262784806e-22	clade1sub3	70-122-242-255
3327	1.5902908057589524e-20	clade1sub3	70-122-242-255
3328	3.5443889038159214e-16	clade1sub3	70-122-242-255
3329	3.4095776340401004e-09	clade1sub3	70-122-242-255
3330	5.075921783469205e-07	clade1sub3	70-122-242-255
3331	8.345682360308988e-17	clade1sub3	70-122-242-255
3332	1.5797978202807172e-20	clade1sub3	70-122-242-255
3333	2.1206268852998703e-14	clade1sub3	70-122-242-255
3334	1.7176117400989907e-16	clade1sub7	24-215-202-255
3335	1.2226770168662671e-09	clade1sub11	232-213-56-255
3336	3.462864928253963e-22	clade1sub3	70-122-242-255
3337	2.258442212416241e-25	clade1sub3	70-122-242-255
3338	1.1905088108780248e-24	clade1sub3	70-122-242-255
3339	6.30417035950984e-12	clade1sub11	232-213-56-255
3340	2.9830563631096185e-18	clade1sub3	70-122-242-255
3341	2.19850394857556e-08	clade1sub12	128-254-83-255
3342	1.401474954597227e-21	clade1sub7	24-215-202-255
3343	7.312317494116478e-14	clade1sub7	24-215-202-255
3344	1.0601295278583654e-09	clade1sub11	232-213-56-255
3345	3.771908980363099e-18	clade1sub3	70-122-242-255
3346	9.471959344136193e-18	clade1sub3	70-122-242-255
3347	1.3246961969574164e-21	clade1sub7	24-215-202-255
3348	4.1800873761163575e-24	clade1sub7	24-215-202-255
3349	1.232726323019579e-21	clade1sub7	24-215-202-255
3350	1.6276070501615782e-20	clade1sub3	70-122-242-255
3351	1.3198684817811529e-22	clade1sub3	70-122-242-255
3352	6.4799229898829305e-31	clade1sub3	70-122-242-255
3353	1.039954984472158e-28	clade1sub7	24-215-202-255
3354	1.602505296094617e-23	clade1sub7	24-215-202-255
3355	1.393428316383938e-32	clade1sub3	70-122-242-255
3356	7.206283427779121e-20	clade1sub7	24-215-202-255
3357	2.2002447581167263e-25	clade1sub3	70-122-242-255
3358	4.581192167244633e-27	clade1sub3	70-122-242-255
3359	7.592950893648892e-25	clade1sub3	70-122-242-255
3360	5.392307950813053e-27	clade1sub7	24-215-202-255
3361	2.100769324691818e-21	clade1sub3	70-122-242-255
3362	1.9210065317060432e-23	clade1sub7	24-215-202-255
3363	3.09973909154979e-23	clade1sub3	70-122-242-255
3364	3.0269833948689617e-19	clade1sub3	70-122-242-255
3365	2.185817679903363e-15	clade1sub3	70-122-242-255
3366	7.041918401652256e-07	clade1sub18	122-4-2-255
3367	1.3768925273862059e-12	clade1sub7	24-215-202-255
3368	3.0227945105534976e-19	clade1sub7	24-215-202-255
3369	5.67549272452406e-17	clade1sub7	24-215-202-255
3370	4.037112007982892e-16	clade1sub3	70-122-242-255
3371	1.7148356738010062e-20	clade1sub3	70-122-242-255
3372	2.020679352039897e-23	clade1sub7	24-215-202-255
3373	3.252357014082214e-23	clade1sub7	24-215-202-255
3374	3.241996112778577e-21	clade1sub3	70-122-242-255
3375	1.239387106573479e-10	clade1sub7	24-215-202-255
3376	3.5259496657645877e-15	clade1sub7	24-215-202-255
3377	2.671088152533688e-17	clade1sub3	70-122-242-255
3378	1.9276015842346031e-23	clade1sub7	24-215-202-255
3379	5.084224274876962e-18	clade1sub3	70-122-242-255
3380	5.669741607766812e-13	clade1sub7	24-215-202-255
3381	1.2444330600088509e-14	clade1sub7	24-215-202-255
3382	9.366720529982702e-19	clade1sub3	70-122-242-255
3383	2.5288367998877e-14	clade1sub7	24-215-202-255
3384	1.1464382369146288e-17	clade1sub7	24-215-202-255
3385	2.8147744301786014e-14	clade1sub7	24-215-202-255
3386	1.3337663598180488e-11	clade1sub3	70-122-242-255
3387	3.2587815227503516e-11	clade1sub4	53-243-148-255
3388	1.5517252641296733e-20	clade1sub7	24-215-202-255
3389	7.071433933644447e-12	clade1sub3	70-122-242-255
3390	6.661530070492819e-16	clade1sub7	24-215-202-255
3391	3.800458113099809e-12	clade1sub7	24-215-202-255
3392	3.562952437647096e-13	clade1sub3	70-122-242-255
3393	2.534234834589693e-11	clade1sub7	24-215-202-255
3394	6.441408562705239e-07	clade1sub11	232-213-56-255
3395	9.226497135228465e-09	clade1sub3	70-122-242-255
3396	2.0551742401395587e-23	clade1sub7	24-215-202-255
3397	5.3201242196356356e-24	clade1sub3	70-122-242-255
3398	2.898828338876189e-06	clade1sub11	232-213-56-255
3399	5.585461081622938e-14	clade1sub11	232-213-56-255
3400	6.495120449016238e-24	clade1sub7	24-215-202-255
3401	7.124532560703379e-26	clade1sub7	24-215-202-255
3402	7.671283109075322e-19	clade1sub3	70-122-242-255
3403	6.697822143727738e-20	clade1sub7	24-215-202-255
3404	1.277150797577007e-25	clade1sub7	24-215-202-255
3405	8.082988509491442e-25	clade1sub7	24-215-202-255
3406	5.723740340754421e-13	clade1sub7	24-215-202-255
3407	4.654968302355544e-24	clade1sub7	24-215-202-255
3408	1.2244679102042654e-12	clade1sub19	187-244-52-255
3409	1.2460331590646288e-29	clade1sub3	70-122-242-255
3410	3.872523235812952e-31	clade1sub7	24-215-202-255
3411	2.4406118900868343e-32	clade1sub7	24-215-202-255
3412	4.515779902272411e-21	clade1sub7	24-215-202-255
3413	8.670656137675917e-24	clade1sub7	24-215-202-255
3414	1.1159131712782529e-23	clade1sub7	24-215-202-255
3415	3.4287299164032944e-19	clade1sub7	24-215-202-255
3416	1.0275928663815863e-28	clade1sub7	24-215-202-255
3417	8.729050150895417e-07	clade1sub12	128-254-83-255
3418	5.508513100133606e-20	clade1sub3	70-122-242-255
3419	3.3424191140045446e-24	clade1sub7	24-215-202-255
3420	1.6452916378674392e-14	clade1sub11	232-213-56-255
3421	2.279199619711821e-18	clade1sub7	24-215-202-255
3422	1.4048520406795234e-20	clade1sub3	70-122-242-255
3423	7.177105794321865e-12	clade1sub12	128-254-83-255
3424	1.456585909288158e-13	clade1sub7	24-215-202-255
3425	6.749716019435473e-20	clade1sub7	24-215-202-255
3426	9.17574356183679e-13	clade1sub3	70-122-242-255
3427	1.369800484793287e-13	clade1sub7	24-215-202-255
3428	3.428226331837558e-07	clade1sub4	53-243-148-255
3429	2.513206821235898e-09	clade1sub4	53-243-148-255
3430	2.800205108169321e-06	clade1sub12	128-254-83-255
3431	1.4843063915407478e-15	clade1sub7	24-215-202-255
3432	3.5977921523711148e-06	clade1sub11	232-213-56-255
3433	1.4603872882649998e-10	clade1sub3	70-122-242-255
3434	8.573317856260045e-20	clade1sub3	70-122-242-255
3435	3.921105986263111e-24	clade1sub7	24-215-202-255
3436	1.6827948666615438e-14	clade1sub3	70-122-242-255
3437	2.973384699756364e-23	clade1sub7	24-215-202-255
3438	2.0885104561335432e-11	clade1sub3	70-122-242-255
3439	6.185782037015437e-19	clade1sub13	180-27-1-255
3440	6.502584604946788e-13	clade1sub3	70-122-242-255
3441	7.449469984115541e-18	clade1sub7	24-215-202-255
3442	0.002426985122755	clade1sub11	232-213-56-255
3443	0.0453192032279439	clade1sub4	53-243-148-255
3444	0.0338615444344784	clade1sub12	128-254-83-255
3445	1.7901125510939765e-11	clade1sub3	70-122-242-255
3446	6.080849485195129e-06	clade1sub7	24-215-202-255
3447	3.111597088518141e-13	clade1sub7	24-215-202-255
3448	7.467590303510123e-13	clade1sub7	24-215-202-255
3449	1.0749850158548417e-17	clade1sub7	24-215-202-255
3450	1.063086270400542e-09	clade1sub7	24-215-202-255
3451	1.4692207447730832e-14	clade1sub7	24-215-202-255
3452	0.012578724843764	clade1sub12	128-254-83-255
3453	7.868512532430534e-12	clade1sub14	247-113-27-255
3454	0.0217108867164358	clade1sub12	128-254-83-255
3455	0.0003562010110122	clade1sub11	232-213-56-255
3456	1.5186476876627017e-05	clade1sub12	128-254-83-255
3457	1.091946576159378e-08	clade1sub11	232-213-56-255
3458	0.0141047453764931	clade1sub12	128-254-83-255
3459	7.725403438795662e-11	clade1sub14	247-113-27-255
3460	3.567774746160844e-11	clade1sub12	128-254-83-255
3461	6.341524415571499e-14	clade1sub14	247-113-27-255
3462	5.029780103180775e-13	clade1sub12	128-254-83-255
3463	3.61837795699029e-12	clade1sub14	247-113-27-255
3464	2.2419619563505104e-16	clade1sub7	24-215-202-255
3465	2.946476379868853e-19	clade1sub3	70-122-242-255
3466	1.3093555759060792e-22	clade1sub3	70-122-242-255
3467	9.867208983615856e-20	clade1sub3	70-122-242-255
3468	2.249201607976666e-18	clade1sub3	70-122-242-255
3469	2.084505123726201e-16	clade1sub11	232-213-56-255
3470	7.696386305743425e-19	clade1sub7	24-215-202-255
3471	9.672060411579432e-22	clade1sub3	70-122-242-255
3472	1.1132926635415144e-15	clade1sub3	70-122-242-255
3473	4.783370821867644e-20	clade1sub3	70-122-242-255
3474	9.131139929007016e-07	clade1sub11	232-213-56-255
3475	1.6447874580854332e-06	clade1sub11	232-213-56-255
3476	6.815372076888071e-10	clade1sub11	232-213-56-255
3477	3.9507618809156756e-14	clade1sub11	232-213-56-255
3478	2.6535737857155283e-17	clade1sub3	70-122-242-255
3479	0.0001323964731598	clade1sub11	232-213-56-255
3480	9.77248089838612e-05	clade1sub11	232-213-56-255
3481	0.0012750914738838	clade1sub4	53-243-148-255
3482	0.0094252885622269	clade1sub4	53-243-148-255
3483	0.0758306872107922	clade1sub12	128-254-83-255
3484	0.3239212100841117	clade1sub12	128-254-83-255
3485	0.011885323997366	clade1sub12	128-254-83-255
3486	0.0983565923798529	clade1sub19	187-244-52-255
3487	1.3198375654382744e-14	clade1sub11	232-213-56-255
3488	4.3039112700471645e-08	clade1sub11	232-213-56-255
3489	6.98761732695621e-13	clade1sub14	247-113-27-255
3490	1.0189611404519823e-05	clade1sub14	247-113-27-255
3491	0.0003076323405187	clade1sub19	187-244-52-255
3492	0.0005997861657707	clade1sub19	187-244-52-255
3493	2.69545360521949e-05	clade1sub3	70-122-242-255
3494	2.5519639092380183e-08	clade1sub3	70-122-242-255
3495	8.114284478528695e-05	clade1sub19	187-244-52-255
3496	0.0539382832104037	clade1sub18	122-4-2-255
3497	1.2851573349964713e-13	clade1sub3	70-122-242-255
3498	1.646721513020514e-09	clade1sub3	70-122-242-255
3499	1.3041038824121439e-15	clade1sub3	70-122-242-255
3500	1.3905843193524686e-13	clade1sub7	24-215-202-255
3501	3.235147598142868e-11	clade1sub7	24-215-202-255
3502	1.9198484456681988e-10	clade1sub12	128-254-83-255
3503	1.25834074781263e-10	clade1sub3	70-122-242-255
3504	2.0944177854675344e-15	clade1sub4	53-243-148-255
3505	5.541935093142168e-28	clade1sub3	70-122-242-255
3506	4.913884547775828e-27	clade1sub3	70-122-242-255
3507	3.334120312765542e-31	clade1sub3	70-122-242-255
3508	3.602980383989572e-22	clade1sub7	24-215-202-255
3509	7.137531544694372e-18	clade1sub7	24-215-202-255
3510	5.65532552103119e-26	clade1sub3	70-122-242-255
3511	1.0397452253122747e-16	clade1sub7	24-215-202-255
3512	1.3514844375832186e-26	clade1sub3	70-122-242-255
3513	3.238693442703293e-25	clade1sub3	70-122-242-255
3514	5.7597130748930555e-22	clade1sub3	70-122-242-255
3515	2.1655335498254062e-27	clade1sub7	24-215-202-255
3516	1.081253660019374e-26	clade1sub3	70-122-242-255
3517	2.6288102082970433e-26	clade1sub7	24-215-202-255
3518	4.114884363940364e-24	clade1sub3	70-122-242-255
3519	1.1337880416868959e-21	clade1sub7	24-215-202-255
3520	7.621318923586331e-23	clade1sub3	70-122-242-255
3521	2.060984406960076e-30	clade1sub7	24-215-202-255
3522	4.8144251207133716e-30	clade1sub7	24-215-202-255
3523	6.174851533874058e-26	clade1sub3	70-122-242-255
3524	1.1203474282077867e-27	clade1sub3	70-122-242-255
3525	2.491243832496049e-20	clade1sub3	70-122-242-255
3526	1.0274080339641541e-18	clade1sub3	70-122-242-255
3527	1.7305180657195124e-16	clade1sub3	70-122-242-255
3528	3.4632745013269815e-11	clade1sub11	232-213-56-255
3529	7.084685006007459e-14	clade1sub7	24-215-202-255
3530	4.158173158437856e-15	clade1sub7	24-215-202-255
3531	1.7605339950016088e-15	clade1sub7	24-215-202-255
3532	0.0255148629045522	clade1sub19	187-244-52-255
3533	1.0201411188218717e-08	clade1sub11	232-213-56-255
3534	4.302864397470871e-09	clade1sub11	232-213-56-255
3535	4.724933723300582e-07	clade1sub14	247-113-27-255
3536	1.406219024713558e-09	clade1sub11	232-213-56-255
3537	1.7641062766609302e-08	clade1sub11	232-213-56-255
3538	2.15086096463624e-09	clade1sub11	232-213-56-255
3539	0.1157585810049611	clade1sub19	187-244-52-255
3540	0.8275424895052955	clade1sub19	187-244-52-255
3541	0.0049603396982351	clade1sub11	232-213-56-255
3542	0.0010076747763715	clade1sub14	247-113-27-255
3543	0.087394160602679	clade1sub11	232-213-56-255
3544	0.7144814825915784	clade1sub19	187-244-52-255
3545	0.1058882581167691	clade1sub4	53-243-148-255
3546	0.0153599107565439	clade1sub14	247-113-27-255
3547	0.0146161123467895	clade1sub12	128-254-83-255
3548	0.013721181218174	clade1sub11	232-213-56-255
3549	5.12542050287447e-09	clade1sub3	70-122-242-255
3550	0.0019649450035905	clade1sub3	70-122-242-255
3551	3.34774695734635e-14	clade1sub3	70-122-242-255
3552	0.0004778615678398	clade1sub2	51-172-246-255
3553	0.0034412850376376	clade1sub18	122-4-2-255
3554	0.1407754252448445	clade1sub12	128-254-83-255
3555	2.897885725637797e-08	clade1sub3	70-122-242-255
3556	1.7596928841641668e-05	clade1sub7	24-215-202-255
3557	2.3636047304414954e-26	clade1sub7	24-215-202-255
3558	1.190661936986342e-05	clade1sub3	70-122-242-255
3559	0.0005298151348381	clade1sub19	187-244-52-255
3560	4.817499648637248e-23	clade1sub3	70-122-242-255
3561	1.2460046727795615e-06	clade1sub18	122-4-2-255
3562	1.5338756549785632e-06	clade1sub3	70-122-242-255
3563	2.9430864784783627e-24	clade1sub7	24-215-202-255
3564	6.474195885074061e-23	clade1sub3	70-122-242-255
3565	2.3560447775110104e-06	clade1sub3	70-122-242-255
3566	1.3503194875862856e-12	clade1sub7	24-215-202-255
3567	1.682923819468662e-12	clade1sub3	70-122-242-255
3568	1.7154362796093947e-19	clade1sub3	70-122-242-255
3569	5.170550682457761e-09	clade1sub3	70-122-242-255
3570	3.198492711738584e-21	clade1sub3	70-122-242-255
3571	1.2321137070371262e-20	clade1sub7	24-215-202-255
3572	5.1114329144048216e-14	clade1sub7	24-215-202-255
3573	3.566863131610947e-19	clade1sub3	70-122-242-255
3574	4.3080944050806917e-11	clade1sub3	70-122-242-255
3575	1.9793689891296e-17	clade1sub3	70-122-242-255
3576	4.044525761844533e-28	clade1sub3	70-122-242-255
3577	3.600905122153028e-15	clade1sub3	70-122-242-255
3578	3.4148528845808514e-14	clade1sub7	24-215-202-255
3579	5.154352264706069e-13	clade1sub7	24-215-202-255
3580	6.210945099087919e-13	clade1sub7	24-215-202-255
3581	2.157957064855939e-13	clade1sub7	24-215-202-255
3582	8.040052862130118e-08	clade1sub4	53-243-148-255
3583	0.0001506624429514	clade1sub4	53-243-148-255
3584	1.2298853474589471e-11	clade1sub3	70-122-242-255
3585	1.986029910182297e-09	clade1sub11	232-213-56-255
3586	2.048246213493877e-05	clade1sub12	128-254-83-255
3587	8.944086288602062e-15	clade1sub7	24-215-202-255
3588	6.584424009410145e-13	clade1sub7	24-215-202-255
3589	9.031009575503128e-06	clade1sub7	24-215-202-255
3590	8.108223823381228e-07	clade1sub11	232-213-56-255
3591	3.1837912057671633e-11	clade1sub7	24-215-202-255
3592	1.0592083861498151e-11	clade1sub7	24-215-202-255
3593	5.590497917416122e-09	clade1sub7	24-215-202-255
3594	1.678130482369296e-05	clade1sub7	24-215-202-255
3595	0.0550560810993778	clade1sub19	187-244-52-255
3596	2.65408370171197e-13	clade1sub4	53-243-148-255
3597	1.1071227118683092e-16	clade1sub14	247-113-27-255
3598	5.30098249951645e-08	clade1sub12	128-254-83-255
3599	0.0013562344822448	clade1sub12	128-254-83-255
3600	2.2817724332182004e-08	clade1sub3	70-122-242-255
3601	6.247438980880747e-14	clade1sub3	70-122-242-255
3602	3.2455373845753766e-11	clade1sub3	70-122-242-255
3603	2.8552625539429718e-09	clade1sub3	70-122-242-255
3604	4.892958116242556e-05	clade1sub3	70-122-242-255
3605	0.0037232953299691	clade1sub3	70-122-242-255
3606	8.739445824334065e-11	clade1sub3	70-122-242-255
3607	0.0008684202850142	clade1sub3	70-122-242-255
3608	3.386808845920829e-10	clade1sub3	70-122-242-255
3609	1.5424249117531616e-05	clade1sub14	247-113-27-255
3610	0.8353020995844981	clade1sub19	187-244-52-255
3611	2.2386236461111926e-10	clade1sub3	70-122-242-255
3612	8.381389958496041e-06	clade1sub3	70-122-242-255
3613	5.011693089931528e-09	clade1sub3	70-122-242-255
3614	0.972858016830888	clade1sub19	187-244-52-255
3615	0.0263118997863543	clade1sub12	128-254-83-255
3616	0.004758785713522	clade1sub11	232-213-56-255
3617	0.983889291461673	clade1sub19	187-244-52-255
3618	1.4343811606038765e-08	clade1sub7	24-215-202-255
3619	0.004120996567889	clade1sub18	122-4-2-255
3620	0.1947029838660946	clade1sub19	187-244-52-255
3621	0.1480373813276007	clade1sub12	128-254-83-255
3622	0.003465474249894	clade1sub11	232-213-56-255
3623	0.0012780791487456	clade1sub19	187-244-52-255
3624	0.1212378973717576	clade1sub12	128-254-83-255
3625	0.1317831295523045	clade1sub11	232-213-56-255
3626	0.2710193696972109	clade1sub11	232-213-56-255
3627	0.3384044917719188	clade1sub12	128-254-83-255
3628	5.351626624382317e-07	clade1sub11	232-213-56-255
3629	0.0384038791484923	clade1sub3	70-122-242-255
3630	2.836596951877617e-09	clade1sub11	232-213-56-255
3631	0.0902688816861898	clade1sub12	128-254-83-255
3632	0.0062327635009528	clade1sub11	232-213-56-255
3633	0.0514226874321149	clade1sub18	122-4-2-255
3634	2.2679192125876068e-05	clade1sub14	247-113-27-255
3635	9.967520185390431e-10	clade1sub3	70-122-242-255
3636	9.746976957325631e-05	clade1sub3	70-122-242-255
3637	1.8528468911677383e-05	clade1sub7	24-215-202-255
3638	1.4300002208461292e-19	clade1sub3	70-122-242-255
3639	5.345677908729452e-17	clade1sub3	70-122-242-255
3640	4.9909478319753255e-21	clade1sub3	70-122-242-255
3641	9.735921890406209e-11	clade1sub3	70-122-242-255
3642	3.661649654021027e-18	clade1sub3	70-122-242-255
3643	6.0256805907459115e-24	clade1sub7	24-215-202-255
3644	2.175068891209575e-18	clade1sub3	70-122-242-255
3645	2.8006776958643934e-22	clade1sub3	70-122-242-255
3646	8.94867502296658e-22	clade1sub3	70-122-242-255
3647	2.243868696095515e-21	clade1sub3	70-122-242-255
3648	2.046534437471792e-09	clade1sub3	70-122-242-255
3649	9.075932574989736e-23	clade1sub3	70-122-242-255
3650	2.1592687454957814e-08	clade1sub7	24-215-202-255
3651	1.1707700052293766e-22	clade1sub7	24-215-202-255
3652	7.299978314113189e-11	clade1sub7	24-215-202-255
3653	8.738586779996767e-20	clade1sub7	24-215-202-255
3654	5.472605325972212e-08	clade1sub7	24-215-202-255
3655	2.6695474716907593e-14	clade1sub3	70-122-242-255
3656	8.612608799323876e-15	clade1sub17	222-62-8-255
3657	4.330924998020054e-24	clade1sub17	222-62-8-255
3658	1.0643466274475188e-25	clade1sub13	180-27-1-255
3659	1.7327020970522184e-15	clade1sub7	24-215-202-255
3660	7.024571990824285e-29	clade1sub3	70-122-242-255
3661	3.378059307153086e-26	clade1sub14	247-113-27-255
3662	9.056335134187814e-28	clade1sub3	70-122-242-255
3663	6.829205635456106e-28	clade1sub7	24-215-202-255
3664	1.947430171297735e-21	clade1sub3	70-122-242-255
3665	1.671051132496445e-27	clade1sub7	24-215-202-255
3666	2.9661529403304228e-21	clade1sub3	70-122-242-255
3667	1.679432679215221e-16	clade1sub7	24-215-202-255
3668	1.6102565763345392e-19	clade1sub7	24-215-202-255
3669	2.655174466980351e-23	clade1sub7	24-215-202-255
3670	1.7181083414024945e-05	clade1sub11	232-213-56-255
3671	1.6198407682359848e-17	clade1sub12	128-254-83-255
3672	2.884526941822695e-16	clade1sub3	70-122-242-255
3673	8.824991301912459e-14	clade1sub3	70-122-242-255
3674	2.597016175576784e-09	clade1sub12	128-254-83-255
3675	7.331878076994143e-12	clade1sub12	128-254-83-255
3676	3.5396623210380704e-14	clade1sub4	53-243-148-255
3677	1.2828657154582598e-05	clade1sub11	232-213-56-255
3678	3.1005283750145494e-12	clade1sub7	24-215-202-255
3679	1.3637061033809891e-09	clade1sub7	24-215-202-255
3680	1.9552142549719522e-14	clade1sub3	70-122-242-255
3681	1.6976726190031472e-20	clade1sub7	24-215-202-255
3682	2.8136121935988092e-30	clade1sub3	70-122-242-255
3683	2.1082846413196364e-21	clade1sub3	70-122-242-255
3684	2.3501348839373098e-23	clade1sub3	70-122-242-255
3685	6.70314097309543e-27	clade1sub3	70-122-242-255
3686	5.242078411877361e-29	clade1sub3	70-122-242-255
3687	2.6902275247477006e-24	clade1sub3	70-122-242-255
3688	1.5897736998982355e-25	clade1sub3	70-122-242-255
3689	1.9222799758228874e-24	clade1sub3	70-122-242-255
3690	1.1610285846395013e-25	clade1sub3	70-122-242-255
3691	1.4092549870605722e-20	clade1sub3	70-122-242-255
3692	3.5528907250285114e-20	clade1sub3	70-122-242-255
3693	2.1723052348486902e-11	clade1sub3	70-122-242-255
3694	6.979497987396263e-22	clade1sub3	70-122-242-255
3695	2.203958137773241e-05	clade1sub18	122-4-2-255
3696	2.0008676346496098e-18	clade1sub7	24-215-202-255
3697	2.64098336356649e-05	clade1sub18	122-4-2-255
3698	9.663282339336176e-05	clade1sub3	70-122-242-255
3699	3.221646727152135e-05	clade1sub3	70-122-242-255
3700	7.72196727078676e-05	clade1sub3	70-122-242-255
3701	2.14249866876664e-07	clade1sub18	122-4-2-255
3702	0.0015885980374523	clade1sub18	122-4-2-255
3703	1.6411235777672504e-06	clade1sub3	70-122-242-255
3704	5.58884326421759e-08	clade1sub7	24-215-202-255
3705	4.7651579728665146e-08	clade1sub7	24-215-202-255
3706	5.016088432666382e-10	clade1sub3	70-122-242-255
3707	6.098330001208517e-16	clade1sub3	70-122-242-255
3708	5.920347131180013e-20	clade1sub3	70-122-242-255
3709	2.7772744458885893e-23	clade1sub7	24-215-202-255
3710	9.067633567151538e-16	clade1sub7	24-215-202-255
3711	3.847557690389621e-25	clade1sub7	24-215-202-255
3712	7.158956883267641e-26	clade1sub7	24-215-202-255
3713	8.866895517490243e-24	clade1sub3	70-122-242-255
3714	9.892081673892452e-10	clade1sub7	24-215-202-255
3715	1.854345299320905e-18	clade1sub7	24-215-202-255
3716	9.357548962348118e-22	clade1sub7	24-215-202-255
3717	2.7200960360590166e-09	clade1sub3	70-122-242-255
3718	1.1130466821702603e-16	clade1sub7	24-215-202-255
3719	1.1223701618093562e-19	clade1sub7	24-215-202-255
3720	9.004214559236709e-13	clade1sub7	24-215-202-255
3721	1.5073830221201126e-16	clade1sub3	70-122-242-255
3722	2.3622466898383785e-07	clade1sub7	24-215-202-255
3723	1.8360648050841144e-18	clade1sub7	24-215-202-255
3724	5.215833707653511e-15	clade1sub3	70-122-242-255
3725	9.650614855006888e-20	clade1sub3	70-122-242-255
3726	2.7689380579970047e-18	clade1sub7	24-215-202-255
3727	1.282271850835682e-17	clade1sub3	70-122-242-255
3728	1.7405051005002837e-19	clade1sub3	70-122-242-255
3729	3.0207416605586294e-19	clade1sub7	24-215-202-255
3730	1.038409757882455e-06	clade1sub7	24-215-202-255
3731	7.245144753846914e-15	clade1sub11	232-213-56-255
3732	4.871770797379147e-12	clade1sub11	232-213-56-255
3733	1.5461680744162193e-14	clade1sub11	232-213-56-255
3734	7.332330578344995e-09	clade1sub3	70-122-242-255
3735	1.0806067873248929e-08	clade1sub12	128-254-83-255
3736	1.2999253652446283e-09	clade1sub4	53-243-148-255
3737	4.942642937785724e-13	clade1sub3	70-122-242-255
3738	2.8912624405823013e-18	clade1sub3	70-122-242-255
3739	2.933163329783177e-23	clade1sub7	24-215-202-255
3740	1.3062625393557982e-19	clade1sub3	70-122-242-255
3741	3.4931563374474494e-13	clade1sub3	70-122-242-255
3742	2.627555804120332e-25	clade1sub7	24-215-202-255
3743	7.144034686229652e-22	clade1sub7	24-215-202-255
3744	6.846901361278752e-13	clade1sub3	70-122-242-255
3745	6.950564094751796e-27	clade1sub3	70-122-242-255
3746	1.3589473675590469e-27	clade1sub7	24-215-202-255
3747	2.959403914567609e-31	clade1sub3	70-122-242-255
3748	9.781730084239984e-28	clade1sub3	70-122-242-255
3749	2.550646977451132e-27	clade1sub7	24-215-202-255
3750	4.4595847005448367e-32	clade1sub3	70-122-242-255
3751	1.3692481295871564e-15	clade1sub3	70-122-242-255
3752	2.7029124060789557e-21	clade1sub3	70-122-242-255
3753	6.1317171352547135e-22	clade1sub7	24-215-202-255
3754	1.9391489857918446e-16	clade1sub3	70-122-242-255
3755	1.438107032487164e-20	clade1sub7	24-215-202-255
3756	8.183468520609681e-16	clade1sub7	24-215-202-255
3757	1.4214459567330231e-16	clade1sub7	24-215-202-255
3758	5.605008503505968e-17	clade1sub7	24-215-202-255
3759	2.147730803624e-15	clade1sub7	24-215-202-255
3760	1.056985523527719e-12	clade1sub7	24-215-202-255
3761	4.0205882458910513e-14	clade1sub7	24-215-202-255
3762	1.898738133164381e-12	clade1sub7	24-215-202-255
3763	1.67892319254801e-10	clade1sub7	24-215-202-255
3764	8.386047312018263e-09	clade1sub12	128-254-83-255
3765	8.20224405369275e-14	clade1sub7	24-215-202-255
3766	1.8417938235325026e-12	clade1sub19	187-244-52-255
3767	3.139550942116489e-12	clade1sub3	70-122-242-255
3768	1.5519170476532837e-15	clade1sub7	24-215-202-255
3769	4.3934198633833206e-14	clade1sub3	70-122-242-255
3770	2.1983917334117648e-23	clade1sub7	24-215-202-255
3771	1.5449410285718337e-23	clade1sub3	70-122-242-255
3772	4.051776126847544e-30	clade1sub7	24-215-202-255
3773	2.3088538443151258e-33	clade1sub7	24-215-202-255
3774	4.845527193923304e-23	clade1sub3	70-122-242-255
3775	9.322056117566286e-12	clade1sub7	24-215-202-255
3776	4.0358363867011865e-27	clade1sub7	24-215-202-255
3777	5.95667102449036e-23	clade1sub13	180-27-1-255
3778	1.1282925691295817e-13	clade1sub13	180-27-1-255
3779	6.249698587122431e-10	clade1sub3	70-122-242-255
3780	2.040851246261538e-12	clade1sub3	70-122-242-255
3781	2.7583097973853888e-06	clade1sub11	232-213-56-255
3782	0.0009847042124483	clade1sub12	128-254-83-255
3783	0.0003782223203876	clade1sub4	53-243-148-255
3784	2.802674391257657e-05	clade1sub11	232-213-56-255
3785	0.0010253189687074	clade1sub18	122-4-2-255
3786	0.0964076102116313	clade1sub12	128-254-83-255
3787	6.539896214517745e-05	clade1sub12	128-254-83-255
3788	0.0547790495915818	clade1sub4	53-243-148-255
3789	0.0021384227180364	clade1sub19	187-244-52-255
3790	0.0002204878431938	clade1sub11	232-213-56-255
3791	2.681886674003313e-10	clade1sub2	51-172-246-255
3792	2.157464599988825e-11	clade1sub7	24-215-202-255
3793	0.1225302827739	clade1sub12	128-254-83-255
3794	0.0282257914057363	clade1sub12	128-254-83-255
3795	0.0004574773520779	clade1sub11	232-213-56-255
3796	7.55932803261247e-11	clade1sub7	24-215-202-255
3797	5.1533432206780166e-08	clade1sub4	53-243-148-255
3798	7.608333781565239e-12	clade1sub7	24-215-202-255
3799	2.2529113845036604e-10	clade1sub17	222-62-8-255
3800	9.86802457947792e-10	clade1sub4	53-243-148-255
3801	2.046722532393869e-13	clade1sub7	24-215-202-255
3802	3.096637632455466e-16	clade1sub7	24-215-202-255
3803	1.1215772074719889e-11	clade1sub4	53-243-148-255
3804	4.567257462310535e-19	clade1sub3	70-122-242-255
3805	6.811974127624028e-15	clade1sub4	53-243-148-255
3806	1.05736189495914e-20	clade1sub7	24-215-202-255
3807	2.0306221503431904e-14	clade1sub3	70-122-242-255
3808	6.536031031043704e-27	clade1sub3	70-122-242-255
3809	1.4319499598390058e-26	clade1sub3	70-122-242-255
3810	1.6994083282276588e-25	clade1sub3	70-122-242-255
3811	2.717996786902678e-26	clade1sub3	70-122-242-255
3812	2.8411473930362265e-23	clade1sub3	70-122-242-255
3813	2.6262226104807632e-23	clade1sub3	70-122-242-255
3814	2.7316327060849598e-11	clade1sub12	128-254-83-255
3815	9.8210418798543e-18	clade1sub12	128-254-83-255
3816	5.373069394011965e-15	clade1sub3	70-122-242-255
3817	1.5948071867102758e-15	clade1sub11	232-213-56-255
3818	1.3222709022154361e-15	clade1sub3	70-122-242-255
3819	1.572333988758815e-13	clade1sub3	70-122-242-255
3820	1.1084123700147084e-17	clade1sub11	232-213-56-255
3821	1.1693222673801179e-07	clade1sub11	232-213-56-255
3822	0.0054733927260838	clade1sub11	232-213-56-255
3823	9.703210835941072e-05	clade1sub4	53-243-148-255
3824	0.002291575893052	clade1sub4	53-243-148-255
3825	0.011632395678781	clade1sub11	232-213-56-255
3826	5.624024008251562e-05	clade1sub12	128-254-83-255
3827	0.2668600139943318	clade1sub12	128-254-83-255
3828	2.6350544796151257e-11	clade1sub3	70-122-242-255
3829	0.032169066470244	clade1sub12	128-254-83-255
3830	0.104843306844566	clade1sub12	128-254-83-255
3831	1.3183774906122096e-05	clade1sub11	232-213-56-255
3832	1.8910758522625386e-07	clade1sub11	232-213-56-255
3833	0.0083649084580325	clade1sub4	53-243-148-255
3834	0.0098350769461941	clade1sub19	187-244-52-255
3835	3.41844615142892e-06	clade1sub14	247-113-27-255
3836	8.137731804828675e-07	clade1sub11	232-213-56-255
3837	0.0001074802167656	clade1sub19	187-244-52-255
3838	0.3408360673968616	clade1sub19	187-244-52-255
3839	3.220909601862238e-06	clade1sub7	24-215-202-255
3840	0.1740723706412525	clade1sub19	187-244-52-255
3841	3.270061671238683e-06	clade1sub18	122-4-2-255
3842	0.0429940308873342	clade1sub3	70-122-242-255
3843	0.4529811391638758	clade1sub19	187-244-52-255
3844	0.0299350294348081	clade1sub19	187-244-52-255
3845	0.0036785606869357	clade1sub11	232-213-56-255
3846	0.0457246742824272	clade1sub11	232-213-56-255
3847	0.0011794242738	clade1sub12	128-254-83-255
3848	1.4415056575070182e-06	clade1sub14	247-113-27-255
3849	1.4647334987619068e-08	clade1sub3	70-122-242-255
3850	2.0353737539639587e-12	clade1sub3	70-122-242-255
3851	0.1450269279881208	clade1sub12	128-254-83-255
3852	0.0024315717825367	clade1sub12	128-254-83-255
3853	8.680311087141226e-06	clade1sub3	70-122-242-255
3854	3.825380650188193e-14	clade1sub7	24-215-202-255
3855	0.0011980870901141	clade1sub12	128-254-83-255
3856	3.3971664805008305e-11	clade1sub3	70-122-242-255
3857	2.4754411738231572e-14	clade1sub7	24-215-202-255
3858	9.19815006215586e-14	clade1sub7	24-215-202-255
3859	3.8045153434018463e-16	clade1sub7	24-215-202-255
3860	8.06973331281769e-10	clade1sub12	128-254-83-255
3861	4.637833115587268e-16	clade1sub7	24-215-202-255
3862	3.0261940683437657e-23	clade1sub3	70-122-242-255
3863	1.0700918441163608e-12	clade1sub12	128-254-83-255
3864	1.7938273316212073e-08	clade1sub12	128-254-83-255
3865	4.683873413250339e-05	clade1sub12	128-254-83-255
3866	1.6766658177214437e-14	clade1sub7	24-215-202-255
3867	4.068425244795246e-27	clade1sub7	24-215-202-255
3868	3.2006759009047264e-06	clade1sub12	128-254-83-255
3869	6.583032369567471e-20	clade1sub3	70-122-242-255
3870	1.1226868316036125e-13	clade1sub7	24-215-202-255
3871	4.908880226954613e-19	clade1sub3	70-122-242-255
3872	2.7728636704875555e-25	clade1sub3	70-122-242-255
3873	4.346017019804279e-26	clade1sub3	70-122-242-255
3874	4.962501101624885e-23	clade1sub3	70-122-242-255
3875	2.2363012606687164e-14	clade1sub12	128-254-83-255
3876	2.7717662971513166e-10	clade1sub12	128-254-83-255
3877	7.711362915337582e-19	clade1sub3	70-122-242-255
3878	1.851506454513211e-21	clade1sub3	70-122-242-255
3879	1.469637832966252e-13	clade1sub7	24-215-202-255
3880	2.4136706702882598e-29	clade1sub7	24-215-202-255
3881	1.3326831724773443e-22	clade1sub7	24-215-202-255
3882	1.740629608427624e-18	clade1sub3	70-122-242-255
3883	1.6262170039880986e-23	clade1sub3	70-122-242-255
3884	1.5963290548527056e-14	clade1sub3	70-122-242-255
3885	9.896053186362933e-30	clade1sub7	24-215-202-255
3886	1.987132591945561e-18	clade1sub3	70-122-242-255
3887	1.2457693569016745e-11	clade1sub11	232-213-56-255
3888	5.028613882426463e-25	clade1sub3	70-122-242-255
3889	5.688509074493612e-22	clade1sub3	70-122-242-255
3890	4.95395227927861e-23	clade1sub3	70-122-242-255
3891	5.5846616919360185e-18	clade1sub3	70-122-242-255
3892	2.0845370029809814e-12	clade1sub3	70-122-242-255
3893	1.5067298082183095e-10	clade1sub11	232-213-56-255
3894	2.50169243368506e-07	clade1sub12	128-254-83-255
3895	0.0004552591616203	clade1sub12	128-254-83-255
3896	0.0003400390788441	clade1sub11	232-213-56-255
3897	0.3100393794763695	clade1sub12	128-254-83-255
3898	7.72450632229331e-05	clade1sub12	128-254-83-255
3899	0.1088453086783424	clade1sub12	128-254-83-255
3900	0.0052026865673317	clade1sub12	128-254-83-255
3902	0.0010465347417652	clade1sub19	187-244-52-255
3903	0.9245641645712342	clade1sub19	187-244-52-255
3904	1.2642043782631794e-10	clade1sub11	232-213-56-255
3905	8.018997365897689e-07	clade1sub14	247-113-27-255
3906	7.936285897479836e-10	clade1sub14	247-113-27-255
3907	0.000563514321282	clade1sub19	187-244-52-255
3908	4.8832641311656074e-09	clade1sub11	232-213-56-255
3909	1.1881269517995669e-08	clade1sub11	232-213-56-255
3910	8.16497959386396e-12	clade1sub11	232-213-56-255
3911	5.090135499317984e-07	clade1sub11	232-213-56-255
3912	0.0008829111445623	clade1sub19	187-244-52-255
3913	2.774348688248415e-09	clade1sub11	232-213-56-255
3914	0.0247020006998676	clade1sub11	232-213-56-255
3915	7.514961135356849e-10	clade1sub3	70-122-242-255
3916	0.0926544322375877	clade1sub11	232-213-56-255
3917	0.0028691052254734	clade1sub12	128-254-83-255
3918	0.0212156838191558	clade1sub19	187-244-52-255
3919	0.0200962906906954	clade1sub12	128-254-83-255
3920	0.2056652973777779	clade1sub12	128-254-83-255
3921	0.0274848398392561	clade1sub4	53-243-148-255
3922	0.3252049228175039	clade1sub12	128-254-83-255
3923	0.1606223985239722	clade1sub12	128-254-83-255
3924	8.090026244627724e-18	clade1sub7	24-215-202-255
3925	2.457159587664284e-20	clade1sub7	24-215-202-255
3926	2.869905488475649e-20	clade1sub7	24-215-202-255
3927	4.393379057666743e-14	clade1sub7	24-215-202-255
3928	5.471411154847338e-13	clade1sub3	70-122-242-255
3929	3.0427152062993437e-12	clade1sub7	24-215-202-255
3930	1.6511182239923959e-16	clade1sub7	24-215-202-255
3931	1.1973198447271078e-05	clade1sub18	122-4-2-255
3932	2.8129016657097464e-08	clade1sub19	187-244-52-255
3933	8.707890689506302e-07	clade1sub3	70-122-242-255
3934	3.0830741717189884e-08	clade1sub3	70-122-242-255
3935	1.49989440215892e-17	clade1sub3	70-122-242-255
3936	1.9944145819975418e-10	clade1sub3	70-122-242-255
3937	1.734751153119332e-21	clade1sub3	70-122-242-255
3938	3.756981073884841e-09	clade1sub3	70-122-242-255
3939	1.4132705272226847e-11	clade1sub3	70-122-242-255
3940	1.8969216669811025e-21	clade1sub7	24-215-202-255
3941	3.2385262785613533e-15	clade1sub3	70-122-242-255
3942	1.461969529757545e-20	clade1sub7	24-215-202-255
3943	5.988667794404887e-16	clade1sub7	24-215-202-255
3944	1.496072825694682e-11	clade1sub3	70-122-242-255
3945	4.671489393210928e-16	clade1sub7	24-215-202-255
3946	1.1505479679294828e-18	clade1sub3	70-122-242-255
3947	6.738677884359484e-12	clade1sub7	24-215-202-255
3948	8.22535171528091e-16	clade1sub3	70-122-242-255
3949	8.95437997167079e-22	clade1sub3	70-122-242-255
3950	1.3539771795934459e-17	clade1sub3	70-122-242-255
3951	2.075501472834672e-17	clade1sub7	24-215-202-255
3952	1.0186288985434148e-15	clade1sub7	24-215-202-255
3953	4.081398956391646e-15	clade1sub7	24-215-202-255
3954	1.3859679267822845e-08	clade1sub12	128-254-83-255
3955	4.847472322501249e-12	clade1sub11	232-213-56-255
3956	5.610093067311797e-07	clade1sub12	128-254-83-255
3957	2.06172032565274e-09	clade1sub12	128-254-83-255
3958	3.165739177325079e-06	clade1sub12	128-254-83-255
3959	3.938884131514165e-09	clade1sub7	24-215-202-255
3960	4.698538129800493e-08	clade1sub17	222-62-8-255
3961	1.0227869164491556e-05	clade1sub16	253-171-51-255
3962	2.5019097563524232e-14	clade1sub3	70-122-242-255
3963	1.3695150600174588e-08	clade1sub4	53-243-148-255
3964	3.260421754524856e-05	clade1sub12	128-254-83-255
3965	0.0767161472292049	clade1sub12	128-254-83-255
3966	0.0442000122053839	clade1sub12	128-254-83-255
3967	0.0006714981970833	clade1sub3	70-122-242-255
3968	2.439481237368641e-06	clade1sub12	128-254-83-255
3969	4.6651126032621745e-12	clade1sub12	128-254-83-255
3970	1.1665786438254223e-09	clade1sub4	53-243-148-255
3971	0.0045780197999138	clade1sub2	51-172-246-255
3972	5.252066120324775e-10	clade1sub3	70-122-242-255
3973	3.1591539857544275e-10	clade1sub4	53-243-148-255
3974	0.0085185106587219	clade1sub3	70-122-242-255
3975	0.0044989205014358	clade1sub12	128-254-83-255
3976	1.0069513352192815e-13	clade1sub7	24-215-202-255
3977	0.015010716130884	clade1sub19	187-244-52-255
3978	0.0001406832758794	clade1sub3	70-122-242-255
3979	5.011779223218924e-09	clade1sub3	70-122-242-255
3980	0.0005789299704271	clade1sub3	70-122-242-255
3981	1.1243605597442498e-07	clade1sub19	187-244-52-255
3982	0.8275424895052955	clade1sub19	187-244-52-255
3983	0.0161753522248603	clade1sub12	128-254-83-255
3984	0.0168707941481706	clade1sub3	70-122-242-255
3985	0.0089552963444369	clade1sub12	128-254-83-255
3986	0.0059697904270104	clade1sub11	232-213-56-255
3987	1.8007168730589782e-17	clade1sub7	24-215-202-255
3988	0.0571864453075917	clade1sub11	232-213-56-255
3989	0.0093913370234094	clade1sub19	187-244-52-255
3990	0.1158120453955146	clade1sub12	128-254-83-255
3991	0.1183537166218391	clade1sub12	128-254-83-255
3992	3.2486732311231117e-21	clade1sub7	24-215-202-255
3993	0.2156285847579958	clade1sub19	187-244-52-255
3994	0.6567692516358441	clade1sub12	128-254-83-255
3995	0.0275899048947858	clade1sub12	128-254-83-255
3996	2.751423934404827e-10	clade1sub11	232-213-56-255
3997	1.0538684057920173e-12	clade1sub3	70-122-242-255
3998	0.0339721502531618	clade1sub12	128-254-83-255
3999	2.3759880187469816e-14	clade1sub3	70-122-242-255
4000	0.0342346096577657	clade1sub12	128-254-83-255
4001	7.110380157627816e-06	clade1sub11	232-213-56-255
4002	4.4522273758356184e-20	clade1sub7	24-215-202-255
4003	0.1048398005034942	clade1sub11	232-213-56-255
4004	0.0617450049998912	clade1sub18	122-4-2-255
4005	2.4175955032191474e-19	clade1sub7	24-215-202-255
4006	2.2392853150707695e-18	clade1sub7	24-215-202-255
4007	6.499389894132867e-17	clade1sub7	24-215-202-255
4008	1.9589265528036472e-11	clade1sub3	70-122-242-255
4009	9.088674542455672e-20	clade1sub7	24-215-202-255
4010	1.6980375073843782e-17	clade1sub7	24-215-202-255
4011	1.522336251889976e-12	clade1sub7	24-215-202-255
4012	2.343113109601776e-15	clade1sub7	24-215-202-255
4013	1.9008813229792304e-16	clade1sub7	24-215-202-255
4014	1.0521128833100142e-14	clade1sub3	70-122-242-255
4015	1.0763058505405134e-23	clade1sub7	24-215-202-255
4016	6.1454584371845515e-25	clade1sub7	24-215-202-255
4017	1.073734980371002e-12	clade1sub3	70-122-242-255
4018	1.936501815641705e-17	clade1sub3	70-122-242-255
4019	2.9639841260005505e-29	clade1sub7	24-215-202-255
4020	2.942459071629517e-24	clade1sub7	24-215-202-255
4021	1.1187736993776608e-20	clade1sub7	24-215-202-255
4022	4.5225983361898175e-22	clade1sub7	24-215-202-255
4023	3.776272792097537e-13	clade1sub3	70-122-242-255
4024	4.664816243195435e-22	clade1sub7	24-215-202-255
4025	6.748452245552183e-15	clade1sub3	70-122-242-255
4026	7.676389816589816e-23	clade1sub13	180-27-1-255
4027	2.973552670326381e-25	clade1sub7	24-215-202-255
4028	4.484389872326326e-25	clade1sub7	24-215-202-255
4029	9.635854820460646e-14	clade1sub7	24-215-202-255
4030	2.527269723599397e-25	clade1sub7	24-215-202-255
4031	4.927548320168509e-15	clade1sub3	70-122-242-255
4032	3.947669332220832e-09	clade1sub17	222-62-8-255
4033	6.239547008698794e-16	clade1sub7	24-215-202-255
4034	9.368944846880082e-25	clade1sub7	24-215-202-255
4035	4.0690982554303722e-16	clade1sub7	24-215-202-255
4036	0.0002091352932156	clade1sub3	70-122-242-255
4037	3.2111083690724962e-18	clade1sub17	222-62-8-255
4038	4.737014368075378e-16	clade1sub17	222-62-8-255
4039	8.45814988369746e-07	clade1sub12	128-254-83-255
4040	0.000171460503181	clade1sub12	128-254-83-255
4041	6.617759080225127e-26	clade1sub13	180-27-1-255
4042	3.78838470427909e-30	clade1sub7	24-215-202-255
4043	4.343647288099787e-22	clade1sub3	70-122-242-255
4044	3.734172899095925e-19	clade1sub11	232-213-56-255
4045	1.4119871615388403e-26	clade1sub7	24-215-202-255
4046	8.853228060849025e-24	clade1sub7	24-215-202-255
4047	7.714118251606808e-23	clade1sub3	70-122-242-255
4048	1.3849179235962192e-24	clade1sub7	24-215-202-255
4049	5.130472653250945e-20	clade1sub7	24-215-202-255
4050	1.105030709953694e-18	clade1sub7	24-215-202-255
4051	1.1077863779104211e-19	clade1sub3	70-122-242-255
4052	4.884593506783032e-15	clade1sub12	128-254-83-255
4053	1.3655624269127187e-20	clade1sub7	24-215-202-255
4054	4.878577426098711e-15	clade1sub12	128-254-83-255
4055	2.587109231384116e-13	clade1sub7	24-215-202-255
4056	5.373536779201755e-16	clade1sub3	70-122-242-255
4057	4.986159351680588e-15	clade1sub12	128-254-83-255
4058	8.629991819866361e-18	clade1sub3	70-122-242-255
4059	7.614040572462696e-06	clade1sub3	70-122-242-255
4060	2.387824904948136e-07	clade1sub7	24-215-202-255
4061	2.9546904542644883e-06	clade1sub3	70-122-242-255
4062	5.049646843433837e-13	clade1sub3	70-122-242-255
4063	3.181083641141867e-25	clade1sub3	70-122-242-255
4064	1.0211595393541716e-17	clade1sub7	24-215-202-255
4065	6.728915088876721e-25	clade1sub3	70-122-242-255
4066	1.6759807193705382e-16	clade1sub7	24-215-202-255
4067	7.298404673615447e-21	clade1sub3	70-122-242-255
4068	1.8847075634070882e-16	clade1sub3	70-122-242-255
4069	1.5142111265659231e-19	clade1sub3	70-122-242-255
4070	7.658249765980519e-18	clade1sub7	24-215-202-255
4071	4.2930339890217036e-20	clade1sub3	70-122-242-255
4072	1.445489571633844e-19	clade1sub3	70-122-242-255
4073	1.806899153777911e-15	clade1sub3	70-122-242-255
4074	3.3765070380553205e-05	clade1sub3	70-122-242-255
4075	0.0005883071571331	clade1sub3	70-122-242-255
4076	8.324308922667743e-15	clade1sub3	70-122-242-255
4077	2.0574762142448743e-14	clade1sub3	70-122-242-255
4078	1.0384192665305025e-13	clade1sub3	70-122-242-255
4079	3.064325481456643e-12	clade1sub3	70-122-242-255
4080	5.5152319132969867e-14	clade1sub7	24-215-202-255
4081	1.172822689100165e-06	clade1sub18	122-4-2-255
4082	4.400622222906362e-13	clade1sub3	70-122-242-255
4083	5.285945873125296e-12	clade1sub3	70-122-242-255
4084	2.2425781659974348e-08	clade1sub7	24-215-202-255
4085	3.360877082052649e-06	clade1sub18	122-4-2-255
4086	1.1407792238173462e-11	clade1sub18	122-4-2-255
4087	5.273028259272831e-09	clade1sub7	24-215-202-255
4088	6.47395116815113e-26	clade1sub7	24-215-202-255
4089	1.2440407720989385e-18	clade1sub7	24-215-202-255
4090	5.820137546277511e-23	clade1sub7	24-215-202-255
4091	7.872610543720119e-15	clade1sub7	24-215-202-255
4092	1.6851696553947963e-20	clade1sub7	24-215-202-255
4093	5.154255681666525e-18	clade1sub7	24-215-202-255
4094	1.539044464501637e-25	clade1sub7	24-215-202-255
4095	3.5860192346534427e-19	clade1sub7	24-215-202-255
4096	8.860057404724478e-18	clade1sub2	51-172-246-255
4097	3.667756089775051e-22	clade1sub7	24-215-202-255
4098	6.859378752032592e-23	clade1sub3	70-122-242-255
4099	6.25381720092655e-22	clade1sub3	70-122-242-255
4100	7.851040218909903e-21	clade1sub3	70-122-242-255
4101	3.4751279076395415e-21	clade1sub7	24-215-202-255
4102	9.520298559598433e-19	clade1sub7	24-215-202-255
4103	1.7059493815664395e-17	clade1sub3	70-122-242-255
4104	2.317033285467296e-20	clade1sub7	24-215-202-255
4105	2.9685506110761545e-13	clade1sub7	24-215-202-255
4106	2.3473034264111955e-15	clade1sub3	70-122-242-255
4107	9.617539874565252e-17	clade1sub11	232-213-56-255
4108	3.6531939985912446e-11	clade1sub11	232-213-56-255
4109	1.2869493256803812e-15	clade1sub11	232-213-56-255
4110	2.4600156945038512e-14	clade1sub11	232-213-56-255
4111	9.852406557890788e-12	clade1sub11	232-213-56-255
4112	8.020962935822555e-10	clade1sub11	232-213-56-255
4113	1.9023838225470787e-10	clade1sub11	232-213-56-255
4114	2.152262870540384e-12	clade1sub3	70-122-242-255
4115	1.6009355084862946e-13	clade1sub17	222-62-8-255
4116	2.108814801422664e-08	clade1sub17	222-62-8-255
4117	2.141084725542833e-19	clade1sub3	70-122-242-255
4118	3.359066489968307e-12	clade1sub11	232-213-56-255
4119	5.766579779951741e-13	clade1sub17	222-62-8-255
4120	9.305690623854415e-10	clade1sub11	232-213-56-255
4121	4.64427195611365e-13	clade1sub3	70-122-242-255
4122	1.0778476436947913e-18	clade1sub3	70-122-242-255
4123	7.022533658852485e-22	clade1sub3	70-122-242-255
4124	7.391464550357331e-17	clade1sub3	70-122-242-255
4125	2.949151786625657e-23	clade1sub7	24-215-202-255
4126	6.845683662573518e-14	clade1sub11	232-213-56-255
4127	4.092975589131392e-22	clade1sub7	24-215-202-255
4128	1.6943924352963722e-20	clade1sub3	70-122-242-255
4129	4.870969107673158e-24	clade1sub3	70-122-242-255
4130	5.364330277625002e-10	clade1sub11	232-213-56-255
4131	2.5667180476264888e-20	clade1sub7	24-215-202-255
4132	5.715661191034146e-21	clade1sub7	24-215-202-255
4133	5.160435917353811e-16	clade1sub11	232-213-56-255
4134	3.102167456621154e-11	clade1sub3	70-122-242-255
4135	3.1820603072740597e-21	clade1sub7	24-215-202-255
4136	5.737142969947131e-12	clade1sub11	232-213-56-255
4137	1.182098933266383e-14	clade1sub7	24-215-202-255
4138	3.1532169401184364e-14	clade1sub7	24-215-202-255
4139	3.4564802509292867e-14	clade1sub7	24-215-202-255
4140	2.3192903416363089e-07	clade1sub17	222-62-8-255
4141	3.4616677981527023e-19	clade1sub7	24-215-202-255
4142	4.995644472333385e-18	clade1sub7	24-215-202-255
4143	5.059068423748044e-17	clade1sub3	70-122-242-255
4144	3.776486400561016e-20	clade1sub7	24-215-202-255
4145	8.346548420772974e-25	clade1sub3	70-122-242-255
4146	2.6917064711675514e-30	clade1sub7	24-215-202-255
4147	4.5031611758349e-14	clade1sub7	24-215-202-255
4148	1.032672240562888e-28	clade1sub7	24-215-202-255
4149	2.513708920369554e-27	clade1sub7	24-215-202-255
4150	1.5536681636879744e-24	clade1sub7	24-215-202-255
4151	1.5322274886099262e-20	clade1sub7	24-215-202-255
4152	1.5714302847162677e-17	clade1sub3	70-122-242-255
4153	0.0016768172761563	clade1sub4	53-243-148-255
4154	4.819809710898012e-05	clade1sub12	128-254-83-255
4155	1.488398924001835e-12	clade1sub3	70-122-242-255
4156	0.0120142366597631	clade1sub12	128-254-83-255
4157	0.0551131414303772	clade1sub12	128-254-83-255
4158	1.6573467733051004e-06	clade1sub12	128-254-83-255
4159	0.032241246950532	clade1sub12	128-254-83-255
4160	0.06382838263848	clade1sub12	128-254-83-255
4161	1.1992964099718664e-07	clade1sub12	128-254-83-255
4162	5.8061702344470835e-28	clade1sub3	70-122-242-255
4163	7.576626516293426e-24	clade1sub3	70-122-242-255
4164	7.887483383878721e-23	clade1sub7	24-215-202-255
4165	7.446600619780391e-19	clade1sub7	24-215-202-255
4166	9.716307776951235e-32	clade1sub7	24-215-202-255
4167	1.2512856310522211e-24	clade1sub3	70-122-242-255
4168	1.8589343427309049e-29	clade1sub3	70-122-242-255
4169	2.3318716149737333e-24	clade1sub7	24-215-202-255
4170	2.4643057435255888e-25	clade1sub7	24-215-202-255
4171	1.385700125956032e-25	clade1sub3	70-122-242-255
4172	2.067257460597425e-21	clade1sub7	24-215-202-255
4173	1.485024300169903e-12	clade1sub11	232-213-56-255
4174	7.175356069375781e-15	clade1sub11	232-213-56-255
4175	3.807020185076984e-18	clade1sub3	70-122-242-255
4176	1.0625130185504256e-11	clade1sub11	232-213-56-255
4177	3.731512853371046e-12	clade1sub11	232-213-56-255
4178	2.1567744757476492e-09	clade1sub11	232-213-56-255
4179	2.3910363313023923e-13	clade1sub11	232-213-56-255
4180	2.9020136481252046e-09	clade1sub3	70-122-242-255
4181	1.7533703783181439e-15	clade1sub7	24-215-202-255
4182	5.980113547818245e-12	clade1sub4	53-243-148-255
4183	3.073325377920236e-12	clade1sub7	24-215-202-255
4184	0.006518014313803	clade1sub12	128-254-83-255
4185	0.3224509330281863	clade1sub12	128-254-83-255
4186	0.0418096614258126	clade1sub12	128-254-83-255
4187	1.4259772229346095e-06	clade1sub7	24-215-202-255
4188	0.0003218354879606	clade1sub19	187-244-52-255
4189	1.755433821460325e-08	clade1sub11	232-213-56-255
4190	7.552154113873897e-06	clade1sub7	24-215-202-255
4191	6.288551437759397e-12	clade1sub3	70-122-242-255
4192	0.0926983404379867	clade1sub12	128-254-83-255
4193	7.316845661957612e-05	clade1sub11	232-213-56-255
4194	0.0061327073261442	clade1sub12	128-254-83-255
4195	0.1433543272267158	clade1sub12	128-254-83-255
4196	0.1648981530552116	clade1sub19	187-244-52-255
4197	0.0311219288569793	clade1sub19	187-244-52-255
4198	0.016296404038485	clade1sub18	122-4-2-255
4199	0.0005545487950882	clade1sub11	232-213-56-255
4200	0.1221778315099093	clade1sub12	128-254-83-255
4201	5.593010969563697e-09	clade1sub3	70-122-242-255
4202	2.1313282280845184e-05	clade1sub11	232-213-56-255
4203	0.0002980975387515	clade1sub3	70-122-242-255
4204	0.0262001028864854	clade1sub3	70-122-242-255
4205	7.246055111531501e-10	clade1sub3	70-122-242-255
4206	0.0044716486587246	clade1sub3	70-122-242-255
4207	5.1116244943216336e-11	clade1sub7	24-215-202-255
4208	0.0002460687299173	clade1sub3	70-122-242-255
4209	3.508493075456422e-05	clade1sub7	24-215-202-255
4210	3.1022104148919275e-05	clade1sub7	24-215-202-255
4211	3.2399148385557694e-13	clade1sub7	24-215-202-255
4212	7.876235831345201e-16	clade1sub7	24-215-202-255
4213	6.587143929458395e-05	clade1sub7	24-215-202-255
4214	1.0575205464856041e-19	clade1sub7	24-215-202-255
4215	1.4740138463170338e-12	clade1sub2	51-172-246-255
4216	4.27156289428974e-21	clade1sub7	24-215-202-255
4217	5.6610137624038345e-14	clade1sub12	128-254-83-255
4218	6.617744162475665e-08	clade1sub12	128-254-83-255
4219	4.723809417910624e-22	clade1sub7	24-215-202-255
4220	2.775164347038256e-17	clade1sub7	24-215-202-255
4221	7.069449819407531e-16	clade1sub7	24-215-202-255
4222	4.4030120685393183e-14	clade1sub3	70-122-242-255
4223	1.501754568257179e-17	clade1sub12	128-254-83-255
4224	7.304741795807741e-12	clade1sub12	128-254-83-255
4225	1.6799400013172674e-16	clade1sub7	24-215-202-255
4226	5.561589684449616e-15	clade1sub12	128-254-83-255
4227	4.230287791458156e-19	clade1sub17	222-62-8-255
4228	1.1814397224822576e-09	clade1sub7	24-215-202-255
4229	8.839540943007911e-17	clade1sub7	24-215-202-255
4230	9.7129270240862e-08	clade1sub7	24-215-202-255
4231	1.4091613254096698e-11	clade1sub7	24-215-202-255
4232	1.5557117845537536e-16	clade1sub3	70-122-242-255
4233	4.449589714236077e-15	clade1sub3	70-122-242-255
4234	1.4704247866471997e-14	clade1sub3	70-122-242-255
4235	2.347050591870952e-19	clade1sub3	70-122-242-255
4236	1.4235888441107562e-11	clade1sub3	70-122-242-255
4237	7.83103413105852e-19	clade1sub3	70-122-242-255
4238	5.405486036914228e-09	clade1sub11	232-213-56-255
4239	1.4218570936602744e-12	clade1sub3	70-122-242-255
4240	1.6013950989741924e-19	clade1sub7	24-215-202-255
4241	1.3719583617535245e-21	clade1sub3	70-122-242-255
4242	5.321103592956728e-22	clade1sub3	70-122-242-255
4243	3.6231529675748008e-12	clade1sub3	70-122-242-255
4244	2.4203655488478595e-22	clade1sub3	70-122-242-255
4245	1.3847636692500917e-17	clade1sub3	70-122-242-255
4246	7.331934264972375e-24	clade1sub7	24-215-202-255
4247	4.455213538204744e-23	clade1sub7	24-215-202-255
4248	4.584082898242826e-12	clade1sub7	24-215-202-255
4249	3.0465709764274863e-09	clade1sub11	232-213-56-255
4250	3.306405478428725e-11	clade1sub7	24-215-202-255
4251	0.0015222694094057	clade1sub11	232-213-56-255
4252	0.0027893494225329	clade1sub12	128-254-83-255
4253	0.00023084209834	clade1sub7	24-215-202-255
4254	0.001102992273305	clade1sub12	128-254-83-255
4255	0.0884588874244456	clade1sub12	128-254-83-255
4256	2.83172214195336e-06	clade1sub12	128-254-83-255
4257	0.1865288779013963	clade1sub19	187-244-52-255
4258	0.0288022445052747	clade1sub12	128-254-83-255
4259	0.0370576057265165	clade1sub3	70-122-242-255
4260	0.0311219288569793	clade1sub19	187-244-52-255
4261	0.0087840094204259	clade1sub4	53-243-148-255
4262	0.6925135811580884	clade1sub19	187-244-52-255
4263	0.000513425286056	clade1sub12	128-254-83-255
4264	0.0018461751034267	clade1sub19	187-244-52-255
4265	1.0051234212188151e-09	clade1sub11	232-213-56-255
4266	1.4529903345466944e-07	clade1sub11	232-213-56-255
4267	0.2558302152886127	clade1sub18	122-4-2-255
4268	0.0016610103262167	clade1sub11	232-213-56-255
4269	1.731515429840602e-10	clade1sub11	232-213-56-255
4270	1.1090798550702562e-08	clade1sub11	232-213-56-255
4271	6.532947346741719e-07	clade1sub11	232-213-56-255
4272	3.02486162741482e-07	clade1sub11	232-213-56-255
4273	2.8583678435415797e-10	clade1sub14	247-113-27-255
4274	4.3565973415976156e-09	clade1sub14	247-113-27-255
4275	6.0084709661085e-09	clade1sub19	187-244-52-255
4276	0.0002972159511581	clade1sub11	232-213-56-255
4277	0.0001556809730228	clade1sub11	232-213-56-255
4278	2.983430063062791e-06	clade1sub11	232-213-56-255
4279	1.7233551374901302e-08	clade1sub11	232-213-56-255
4280	0.00875811959907	clade1sub11	232-213-56-255
4281	0.0004067750677115	clade1sub11	232-213-56-255
4282	0.006392936193322	clade1sub11	232-213-56-255
4283	1.85552443504793e-05	clade1sub7	24-215-202-255
4284	0.0262305978985759	clade1sub4	53-243-148-255
4285	0.1362599039734574	clade1sub11	232-213-56-255
4286	0.1822857661537335	clade1sub4	53-243-148-255
4287	8.079130066094584e-07	clade1sub7	24-215-202-255
4288	1.2925872091042016e-14	clade1sub7	24-215-202-255
4289	0.0332025242966788	clade1sub12	128-254-83-255
4290	2.088350460521174e-15	clade1sub7	24-215-202-255
4291	1.8577913712315988e-19	clade1sub7	24-215-202-255
4292	1.5995688238909396e-22	clade1sub7	24-215-202-255
4293	7.431993680355396e-21	clade1sub7	24-215-202-255
4294	3.6803030179160406e-05	clade1sub3	70-122-242-255
4295	1.2501722074736268e-11	clade1sub7	24-215-202-255
4296	1.1524332900424862e-10	clade1sub7	24-215-202-255
4297	8.102255663457979e-14	clade1sub7	24-215-202-255
4298	1.8180784941881671e-09	clade1sub7	24-215-202-255
4299	5.0464475979092064e-14	clade1sub7	24-215-202-255
4300	2.0441949081613503e-14	clade1sub3	70-122-242-255
4301	1.989365114111631e-09	clade1sub3	70-122-242-255
4302	7.388749625269907e-13	clade1sub7	24-215-202-255
4303	1.2120341114587599e-16	clade1sub3	70-122-242-255
4304	7.828896150809943e-18	clade1sub7	24-215-202-255
4305	6.735682189581224e-14	clade1sub3	70-122-242-255
4306	8.71974924838011e-12	clade1sub7	24-215-202-255
4307	1.208035326977731e-18	clade1sub3	70-122-242-255
4308	1.3803884796090705e-15	clade1sub3	70-122-242-255
4309	4.3784170942472703e-11	clade1sub3	70-122-242-255
4310	5.92337762418756e-16	clade1sub3	70-122-242-255
4311	1.4937658352894641e-13	clade1sub7	24-215-202-255
4312	1.0178852906911716e-19	clade1sub7	24-215-202-255
4313	1.0806164451333656e-16	clade1sub7	24-215-202-255
4314	1.516221355167497e-22	clade1sub3	70-122-242-255
4315	4.023700479735195e-20	clade1sub7	24-215-202-255
4316	3.3656416575583226e-22	clade1sub7	24-215-202-255
4317	1.246911109928838e-14	clade1sub7	24-215-202-255
4318	2.2949386742496615e-14	clade1sub7	24-215-202-255
4319	2.809631346640335e-09	clade1sub11	232-213-56-255
4320	0.0007050653424547	clade1sub7	24-215-202-255
4322	0.0087344646558273	clade1sub12	128-254-83-255
4323	0.0036549721490243	clade1sub12	128-254-83-255
4324	0.1247776961621907	clade1sub12	128-254-83-255
4325	0.0880469201725901	clade1sub12	128-254-83-255
4326	2.006205936946408e-08	clade1sub4	53-243-148-255
4327	6.004913669713227e-12	clade1sub7	24-215-202-255
4328	6.681165248215659e-06	clade1sub12	128-254-83-255
4329	0.0009144115307297	clade1sub3	70-122-242-255
4330	3.110144710569065e-06	clade1sub7	24-215-202-255
4331	0.0001280867621277	clade1sub7	24-215-202-255
4332	1.5397559478946155e-05	clade1sub3	70-122-242-255
4333	0.0017259788474685	clade1sub12	128-254-83-255
4334	3.4801782685401524e-08	clade1sub3	70-122-242-255
4335	1.3365114874004792e-20	clade1sub7	24-215-202-255
4336	1.8993728957710272e-20	clade1sub7	24-215-202-255
4337	2.825839847915657e-12	clade1sub7	24-215-202-255
4338	7.401536859515804e-07	clade1sub7	24-215-202-255
4339	0.0016130713176772	clade1sub11	232-213-56-255
4340	0.1342866321856929	clade1sub11	232-213-56-255
4341	0.0912217478551973	clade1sub11	232-213-56-255
4342	2.1785719305298998e-17	clade1sub7	24-215-202-255
4343	0.0509696697405433	clade1sub12	128-254-83-255
4344	0.0014851768211973	clade1sub3	70-122-242-255
4345	2.6538214936127972e-17	clade1sub7	24-215-202-255
4346	0.0130788268847247	clade1sub11	232-213-56-255
4347	0.0505435197294757	clade1sub11	232-213-56-255
4348	0.2250671732017821	clade1sub12	128-254-83-255
4349	3.6449054748176325e-20	clade1sub7	24-215-202-255
4350	0.0517845505297796	clade1sub12	128-254-83-255
4351	0.0263694436132804	clade1sub4	53-243-148-255
4352	7.540930601670701e-06	clade1sub14	247-113-27-255
4353	0.1775564843487787	clade1sub12	128-254-83-255
4354	0.1170820548076981	clade1sub11	232-213-56-255
4355	0.0096336733425492	clade1sub11	232-213-56-255
4356	0.0023851446982498	clade1sub11	232-213-56-255
4357	0.0006354422939105	clade1sub3	70-122-242-255
4358	0.1775564843487787	clade1sub12	128-254-83-255
4359	6.027170488158243e-15	clade1sub7	24-215-202-255
4360	6.219916888300426e-14	clade1sub7	24-215-202-255
4361	3.7004107317002823e-16	clade1sub7	24-215-202-255
4362	6.150540441078926e-13	clade1sub3	70-122-242-255
4363	4.93744708375731e-13	clade1sub3	70-122-242-255
4364	3.973249642592701e-10	clade1sub7	24-215-202-255
4365	2.373997398738576e-11	clade1sub4	53-243-148-255
4366	1.596074660569842e-09	clade1sub7	24-215-202-255
4367	1.4549618961445793e-15	clade1sub7	24-215-202-255
4368	1.562278469251017e-10	clade1sub7	24-215-202-255
4369	3.198949550862792e-18	clade1sub3	70-122-242-255
4370	3.5447909511991074e-10	clade1sub7	24-215-202-255
4371	3.039683328481913e-28	clade1sub7	24-215-202-255
4372	4.0693056965396055e-28	clade1sub7	24-215-202-255
4373	3.68518677416909e-23	clade1sub7	24-215-202-255
4374	1.6517384576267197e-23	clade1sub3	70-122-242-255
4375	2.418660789170358e-19	clade1sub7	24-215-202-255
4376	9.325658164103512e-22	clade1sub3	70-122-242-255
4377	3.5490793338679954e-25	clade1sub7	24-215-202-255
4378	4.071376718165397e-21	clade1sub7	24-215-202-255
4379	1.9919831998945277e-22	clade1sub7	24-215-202-255
4380	1.8177444234422432e-22	clade1sub3	70-122-242-255
4381	7.938321298017028e-14	clade1sub7	24-215-202-255
4382	7.340906432246604e-09	clade1sub17	222-62-8-255
4383	9.6646937580574e-09	clade1sub11	232-213-56-255
4384	0.0263881349758161	clade1sub12	128-254-83-255
4385	4.59074358436766e-27	clade1sub13	180-27-1-255
4386	1.2864520245537348e-29	clade1sub7	24-215-202-255
4387	0.0022530978309684	clade1sub12	128-254-83-255
4388	1.5510556374608908e-16	clade1sub7	24-215-202-255
4389	8.619976801033403e-18	clade1sub7	24-215-202-255
4390	3.263562457428075e-22	clade1sub7	24-215-202-255
4391	2.86283776865135e-15	clade1sub7	24-215-202-255
4392	1.021353229477502e-11	clade1sub7	24-215-202-255
4393	1.1955479409802174e-20	clade1sub7	24-215-202-255
4394	7.367940814655205e-09	clade1sub4	53-243-148-255
4395	2.1635560813852115e-10	clade1sub12	128-254-83-255
4396	3.787947282826925e-17	clade1sub3	70-122-242-255
4397	2.6453182780622165e-11	clade1sub3	70-122-242-255
4398	7.329366977498553e-06	clade1sub12	128-254-83-255
4399	4.8885233908907476e-18	clade1sub3	70-122-242-255
4400	1.5094992997910405e-15	clade1sub3	70-122-242-255
4401	3.3596515086943495e-07	clade1sub7	24-215-202-255
4402	2.833060495311672e-11	clade1sub7	24-215-202-255
4403	1.1045408162505945e-06	clade1sub3	70-122-242-255
4404	1.3976134719561581e-08	clade1sub3	70-122-242-255
4405	5.3352759640678304e-17	clade1sub3	70-122-242-255
4406	1.9516191472487828e-18	clade1sub3	70-122-242-255
4407	2.0070915965656334e-18	clade1sub7	24-215-202-255
4408	4.5679347716733784e-23	clade1sub7	24-215-202-255
4409	1.6341180283585806e-15	clade1sub3	70-122-242-255
4410	1.8210400231689517e-19	clade1sub7	24-215-202-255
4411	2.1366781229857002e-13	clade1sub3	70-122-242-255
4412	9.428774668125484e-20	clade1sub3	70-122-242-255
4413	4.175592806593156e-21	clade1sub3	70-122-242-255
4414	3.493652439341055e-15	clade1sub7	24-215-202-255
4415	1.0209502070510398e-17	clade1sub7	24-215-202-255
4416	1.1635094035338926e-05	clade1sub11	232-213-56-255
4417	2.2093440041380565e-05	clade1sub3	70-122-242-255
4418	7.497076519642358e-15	clade1sub3	70-122-242-255
4419	9.162245077668537e-14	clade1sub3	70-122-242-255
4420	4.4097374323019716e-18	clade1sub7	24-215-202-255
4421	2.506640419823343e-16	clade1sub3	70-122-242-255
4422	8.176455145778404e-14	clade1sub7	24-215-202-255
4423	9.097479270645622e-12	clade1sub3	70-122-242-255
4424	1.248270575685738e-12	clade1sub3	70-122-242-255
4425	6.47499656321848e-14	clade1sub7	24-215-202-255
4426	1.1133844862624187e-13	clade1sub7	24-215-202-255
4427	1.6929301522678316e-15	clade1sub7	24-215-202-255
4428	2.3083322838277765e-15	clade1sub7	24-215-202-255
4429	8.366134543011252e-14	clade1sub7	24-215-202-255
4430	6.264382792221413e-17	clade1sub7	24-215-202-255
4431	1.7005651492520664e-21	clade1sub3	70-122-242-255
4432	3.4430584978122015e-08	clade1sub7	24-215-202-255
4433	7.5420427394230765e-22	clade1sub7	24-215-202-255
4434	1.0154670982499355e-09	clade1sub7	24-215-202-255
4435	2.9847964498402495e-12	clade1sub7	24-215-202-255
4436	3.98578247687708e-14	clade1sub7	24-215-202-255
4437	1.9726466971394638e-13	clade1sub12	128-254-83-255
4438	3.610128562022797e-35	clade1sub7	24-215-202-255
4439	6.261724959689994e-17	clade1sub7	24-215-202-255
4440	6.83282187119235e-18	clade1sub7	24-215-202-255
4441	8.807091406117655e-26	clade1sub7	24-215-202-255
4442	1.1518377806278115e-19	clade1sub7	24-215-202-255
4443	1.1002941770720702e-16	clade1sub7	24-215-202-255
4444	7.317514168766863e-18	clade1sub7	24-215-202-255
4445	4.077897535275369e-17	clade1sub7	24-215-202-255
4446	4.379692379033975e-21	clade1sub7	24-215-202-255
4447	1.5200843959434415e-20	clade1sub7	24-215-202-255
4448	6.341639177692207e-25	clade1sub7	24-215-202-255
4449	3.4345090968650725e-18	clade1sub7	24-215-202-255
4450	5.242234028405186e-20	clade1sub7	24-215-202-255
4451	1.7628312518503865e-21	clade1sub3	70-122-242-255
4452	4.587741854947036e-24	clade1sub7	24-215-202-255
4453	3.537959117497445e-17	clade1sub3	70-122-242-255
4454	6.732658604256577e-17	clade1sub7	24-215-202-255
4455	2.310137430280931e-16	clade1sub3	70-122-242-255
4456	6.01974140379277e-16	clade1sub3	70-122-242-255
4457	3.1308489295105675e-25	clade1sub3	70-122-242-255
4458	2.1083146039111468e-12	clade1sub3	70-122-242-255
4459	7.02247877413382e-17	clade1sub3	70-122-242-255
4460	1.3639767179236002e-16	clade1sub3	70-122-242-255
4461	9.099012223860889e-14	clade1sub3	70-122-242-255
4462	5.568465672864986e-11	clade1sub11	232-213-56-255
4463	1.0185909030959995e-10	clade1sub11	232-213-56-255
4464	9.93680374897859e-06	clade1sub3	70-122-242-255
4465	8.155606576729445e-06	clade1sub12	128-254-83-255
4466	1.060566426606498e-06	clade1sub12	128-254-83-255
4467	1.8753285714350377e-05	clade1sub11	232-213-56-255
4468	3.6667910505956194e-13	clade1sub3	70-122-242-255
4469	2.9183649647535496e-17	clade1sub11	232-213-56-255
4470	3.1724726654632523e-22	clade1sub3	70-122-242-255
4471	4.399830098897308e-11	clade1sub7	24-215-202-255
4472	1.2384991989009824e-23	clade1sub3	70-122-242-255
4473	1.6880233032237048e-20	clade1sub7	24-215-202-255
4474	3.448288375105212e-24	clade1sub3	70-122-242-255
4475	8.440646559442615e-17	clade1sub3	70-122-242-255
4476	6.714274638397634e-13	clade1sub3	70-122-242-255
4477	5.109767449189197e-15	clade1sub7	24-215-202-255
4478	3.18094550749798e-20	clade1sub7	24-215-202-255
4479	9.661638870408478e-19	clade1sub7	24-215-202-255
4480	3.166672854643028e-12	clade1sub17	222-62-8-255
4481	5.424238198971975e-12	clade1sub17	222-62-8-255
4482	3.1972303979693293e-21	clade1sub3	70-122-242-255
4483	3.0457705570520163e-20	clade1sub17	222-62-8-255
4484	1.4036251770152982e-26	clade1sub7	24-215-202-255
4485	5.953414031382509e-26	clade1sub7	24-215-202-255
4486	3.712055307273911e-18	clade1sub17	222-62-8-255
4487	6.831427142257733e-24	clade1sub7	24-215-202-255
4488	1.543147567907425e-22	clade1sub7	24-215-202-255
4489	3.161936880099471e-23	clade1sub7	24-215-202-255
4490	7.914013252766433e-17	clade1sub3	70-122-242-255
4491	3.160307286047541e-24	clade1sub7	24-215-202-255
4492	4.2288695170418863e-23	clade1sub7	24-215-202-255
4493	9.575868274972623e-25	clade1sub3	70-122-242-255
4494	8.894842125669131e-23	clade1sub3	70-122-242-255
4495	6.404125491950713e-20	clade1sub3	70-122-242-255
4496	6.400828966097506e-21	clade1sub3	70-122-242-255
4497	8.670868976941905e-16	clade1sub3	70-122-242-255
4498	3.433100321016819e-15	clade1sub3	70-122-242-255
4499	3.3913371935716992e-15	clade1sub3	70-122-242-255
4500	4.048125863320009e-06	clade1sub11	232-213-56-255
4501	1.451529832189334e-07	clade1sub12	128-254-83-255
4502	8.5500635284417e-06	clade1sub12	128-254-83-255
4503	0.0004760286133101	clade1sub12	128-254-83-255
4504	5.244155547877504e-07	clade1sub7	24-215-202-255
4505	0.0348705630207225	clade1sub11	232-213-56-255
4506	7.029532201254322e-10	clade1sub7	24-215-202-255
4507	0.0348705630207225	clade1sub11	232-213-56-255
4508	0.0192045209721238	clade1sub12	128-254-83-255
4509	1.9845519206177302e-14	clade1sub7	24-215-202-255
4510	2.3376701523330417e-07	clade1sub12	128-254-83-255
4511	1.1821545130691703e-06	clade1sub12	128-254-83-255
4512	4.958133110516371e-05	clade1sub12	128-254-83-255
4513	4.8103482096321414e-20	clade1sub7	24-215-202-255
4514	1.191944088975335e-13	clade1sub12	128-254-83-255
4515	3.882045071087151e-22	clade1sub7	24-215-202-255
4516	1.901342391961876e-17	clade1sub7	24-215-202-255
4517	8.780011677367315e-09	clade1sub12	128-254-83-255
4518	5.437678719540156e-20	clade1sub7	24-215-202-255
4519	8.962440887071848e-07	clade1sub12	128-254-83-255
4520	3.366501125878309e-31	clade1sub7	24-215-202-255
4521	6.959974562518807e-30	clade1sub3	70-122-242-255
4522	3.12645766828437e-24	clade1sub3	70-122-242-255
4523	4.285911353860468e-17	clade1sub7	24-215-202-255
4524	7.334143099738037e-19	clade1sub3	70-122-242-255
4525	8.382998191611531e-22	clade1sub7	24-215-202-255
4526	5.2759466294221096e-11	clade1sub3	70-122-242-255
4527	3.7756480728585305e-18	clade1sub3	70-122-242-255
4528	3.673352458711342e-15	clade1sub7	24-215-202-255
4529	3.700796927976855e-15	clade1sub7	24-215-202-255
4530	7.34920330585116e-23	clade1sub7	24-215-202-255
4531	6.961193850619432e-05	clade1sub18	122-4-2-255
4532	4.1513647146593045e-06	clade1sub3	70-122-242-255
4533	4.527325695961313e-07	clade1sub3	70-122-242-255
4534	5.645895135948209e-06	clade1sub12	128-254-83-255
4535	0.004834037925695	clade1sub12	128-254-83-255
4536	3.104387610533833e-05	clade1sub3	70-122-242-255
4537	1.5334282322524143e-05	clade1sub3	70-122-242-255
4538	0.2668600139943318	clade1sub12	128-254-83-255
4539	0.0014108835498116	clade1sub3	70-122-242-255
4540	4.295747604810207e-10	clade1sub3	70-122-242-255
4541	4.251621054508903e-13	clade1sub14	247-113-27-255
4542	0.1108780688746913	clade1sub18	122-4-2-255
4543	3.817231883213232e-05	clade1sub3	70-122-242-255
4544	1.2975459001686292e-14	clade1sub7	24-215-202-255
4545	1.0906508149541844e-06	clade1sub12	128-254-83-255
4546	2.053784578567057e-09	clade1sub14	247-113-27-255
4547	6.959587467202459e-16	clade1sub7	24-215-202-255
4548	5.097653837522659e-07	clade1sub7	24-215-202-255
4549	1.1280881145351194e-15	clade1sub7	24-215-202-255
4550	1.12749533470054e-17	clade1sub7	24-215-202-255
4551	2.151369991530467e-09	clade1sub7	24-215-202-255
4552	9.352745034012471e-20	clade1sub7	24-215-202-255
4553	5.014814319839399e-20	clade1sub14	247-113-27-255
4554	1.898493878383935e-21	clade1sub7	24-215-202-255
4555	0.1192257543731713	clade1sub12	128-254-83-255
4556	1.2582229181187902e-05	clade1sub12	128-254-83-255
4557	2.450875188389594e-11	clade1sub7	24-215-202-255
4558	4.883182509628341e-18	clade1sub7	24-215-202-255
4559	9.837226640289447e-10	clade1sub12	128-254-83-255
4560	0.0003559743290308	clade1sub7	24-215-202-255
4561	2.9705474438768585e-07	clade1sub12	128-254-83-255
4562	1.0583486086540525e-13	clade1sub7	24-215-202-255
4563	2.8573569166071167e-10	clade1sub7	24-215-202-255
4564	3.1361914496507805e-14	clade1sub3	70-122-242-255
4565	4.4388343472254443e-13	clade1sub3	70-122-242-255
4566	6.857627648185723e-17	clade1sub7	24-215-202-255
4567	1.1075227181971177e-22	clade1sub7	24-215-202-255
4568	3.8184802293564065e-17	clade1sub3	70-122-242-255
4569	2.4716419862411217e-12	clade1sub3	70-122-242-255
4570	2.589087075075452e-07	clade1sub3	70-122-242-255
4571	1.1892371629121153e-06	clade1sub3	70-122-242-255
4572	6.025133853013233e-05	clade1sub12	128-254-83-255
4573	1.1945058975957395e-06	clade1sub7	24-215-202-255
4574	7.484234736945718e-07	clade1sub7	24-215-202-255
4575	7.058081737927585e-05	clade1sub3	70-122-242-255
4576	0.0028650621093933	clade1sub11	232-213-56-255
4577	0.0001105132034489	clade1sub11	232-213-56-255
4578	3.684873255278854e-06	clade1sub12	128-254-83-255
4579	3.6575230376291607e-14	clade1sub3	70-122-242-255
4580	8.340168319294218e-07	clade1sub7	24-215-202-255
4581	0.0003833979196105	clade1sub12	128-254-83-255
4582	2.8352827609041253e-13	clade1sub3	70-122-242-255
4583	1.140458240072716e-16	clade1sub3	70-122-242-255
4584	8.083141092347665e-12	clade1sub14	247-113-27-255
4585	2.3355831083091262e-06	clade1sub3	70-122-242-255
4586	2.0877899223952267e-09	clade1sub3	70-122-242-255
4587	0.0013305074268791	clade1sub3	70-122-242-255
4588	1.8643384449992743e-05	clade1sub12	128-254-83-255
4589	7.878416246570662e-08	clade1sub3	70-122-242-255
4590	8.59015391930154e-06	clade1sub3	70-122-242-255
4591	0.0022555753036342	clade1sub18	122-4-2-255
4592	0.2948274554874183	clade1sub12	128-254-83-255
4593	0.0218965871620339	clade1sub11	232-213-56-255
4594	0.0004580614831827	clade1sub11	232-213-56-255
4595	0.0002499597440818	clade1sub12	128-254-83-255
4596	0.01072312902042	clade1sub11	232-213-56-255
4597	2.2902882640459253e-09	clade1sub19	187-244-52-255
4598	3.084271366357584e-05	clade1sub12	128-254-83-255
4599	1.1975875176801709e-05	clade1sub11	232-213-56-255
4600	2.2121843905212438e-11	clade1sub19	187-244-52-255
4601	0.0003092142876339	clade1sub11	232-213-56-255
4602	2.662649138238213e-10	clade1sub19	187-244-52-255
4603	2.1761782261627687e-12	clade1sub14	247-113-27-255
4604	0.0038545028116869	clade1sub11	232-213-56-255
4605	3.928187718763821e-06	clade1sub11	232-213-56-255
4606	0.0002983186083438	clade1sub11	232-213-56-255
4607	0.0496490097664475	clade1sub11	232-213-56-255
4608	1.1922907796711187e-05	clade1sub11	232-213-56-255
4609	0.4614948705120977	clade1sub2	51-172-246-255
4610	0.0467895838415065	clade1sub11	232-213-56-255
4611	2.6437175843960413e-05	clade1sub14	247-113-27-255
4612	1.5330317519738266e-12	clade1sub7	24-215-202-255
4613	0.3518247239354788	clade1sub19	187-244-52-255
4614	0.0797338381368552	clade1sub11	232-213-56-255
4615	0.0104002657578171	clade1sub12	128-254-83-255
4616	0.3239212100841117	clade1sub12	128-254-83-255
4617	0.0021793414419516	clade1sub16	253-171-51-255
4618	2.122031426516685e-05	clade1sub7	24-215-202-255
4619	4.09819852834536e-16	clade1sub7	24-215-202-255
4620	0.0107816060355296	clade1sub12	128-254-83-255
4621	1.7585136320184422e-17	clade1sub7	24-215-202-255
4622	2.0362239123186944e-15	clade1sub7	24-215-202-255
4623	3.062294056042409e-18	clade1sub7	24-215-202-255
4624	2.012749857382424e-06	clade1sub7	24-215-202-255
4625	3.944783958820636e-06	clade1sub18	122-4-2-255
4626	7.466991699070421e-05	clade1sub12	128-254-83-255
4627	2.0133334253796504e-16	clade1sub7	24-215-202-255
4628	1.6821251188034653e-11	clade1sub7	24-215-202-255
4629	2.4039612567596757e-14	clade1sub7	24-215-202-255
4630	2.70883875651265e-10	clade1sub18	122-4-2-255
4631	1.5318768192992546e-10	clade1sub3	70-122-242-255
4632	2.194959273232972e-15	clade1sub3	70-122-242-255
4633	6.251335647087171e-20	clade1sub3	70-122-242-255
4634	4.656152806226933e-12	clade1sub3	70-122-242-255
4635	1.5209894978367482e-19	clade1sub7	24-215-202-255
4636	9.255529611559025e-19	clade1sub7	24-215-202-255
4637	7.339981216787377e-14	clade1sub3	70-122-242-255
4638	6.964169905893914e-11	clade1sub3	70-122-242-255
4639	2.945986126078115e-16	clade1sub7	24-215-202-255
4640	5.359722944555515e-24	clade1sub7	24-215-202-255
4641	3.208410649630801e-25	clade1sub7	24-215-202-255
4642	7.885508437858516e-27	clade1sub7	24-215-202-255
4643	7.964362404081703e-25	clade1sub3	70-122-242-255
4644	2.898390942019618e-20	clade1sub7	24-215-202-255
4645	1.96114057556018e-24	clade1sub7	24-215-202-255
4646	5.686653429594838e-15	clade1sub7	24-215-202-255
4647	1.345177150347819e-13	clade1sub17	222-62-8-255
4648	1.1038732486070443e-10	clade1sub17	222-62-8-255
4649	0.0002858325879052	clade1sub17	222-62-8-255
4650	2.654137615531861e-08	clade1sub11	232-213-56-255
4651	0.0036549721490243	clade1sub12	128-254-83-255
4652	0.1594218576350388	clade1sub12	128-254-83-255
4653	1.6068371529430064e-10	clade1sub7	24-215-202-255
4654	3.4821868426242154e-14	clade1sub7	24-215-202-255
4655	1.886158214594101e-12	clade1sub7	24-215-202-255
4656	1.8003332171709868e-07	clade1sub7	24-215-202-255
4657	8.837599555766202e-24	clade1sub7	24-215-202-255
4658	0.1557443596886301	clade1sub12	128-254-83-255
4659	8.433514621870696e-21	clade1sub7	24-215-202-255
4660	4.774142671626237e-18	clade1sub7	24-215-202-255
4661	4.559138505051044e-13	clade1sub7	24-215-202-255
4662	3.364213238655441e-19	clade1sub7	24-215-202-255
4663	1.0925507533299637e-19	clade1sub7	24-215-202-255
4664	4.2247430764234894e-14	clade1sub7	24-215-202-255
4665	8.71330204961584e-17	clade1sub7	24-215-202-255
4666	3.581450848775161e-16	clade1sub7	24-215-202-255
4667	2.56469962516679e-05	clade1sub11	232-213-56-255
4668	4.4155776730084637e-13	clade1sub7	24-215-202-255
4669	0.0001855150362614	clade1sub7	24-215-202-255
4670	0.0007736423593898	clade1sub11	232-213-56-255
4671	4.446200349689856e-17	clade1sub7	24-215-202-255
4672	0.0212771988899364	clade1sub4	53-243-148-255
4673	0.5444268387397516	clade1sub19	187-244-52-255
4674	0.0362825027832376	clade1sub12	128-254-83-255
4675	0.0032368295075318	clade1sub4	53-243-148-255
4676	0.345187075477695	clade1sub2	51-172-246-255
4677	0.0274848398392561	clade1sub4	53-243-148-255
4678	0.0369615898379028	clade1sub4	53-243-148-255
4679	2.0972998120774872e-16	clade1sub7	24-215-202-255
4680	0.0499821637690223	clade1sub12	128-254-83-255
4681	0.0299212422650748	clade1sub12	128-254-83-255
4682	0.7057068345176892	clade1sub12	128-254-83-255
4683	0.0009003831596767	clade1sub11	232-213-56-255
4684	2.558480605059677e-06	clade1sub11	232-213-56-255
4685	3.4377419961683916e-16	clade1sub7	24-215-202-255
4686	0.0216988355400978	clade1sub11	232-213-56-255
4687	2.6720306441472968e-05	clade1sub7	24-215-202-255
4688	9.910722443796592e-22	clade1sub7	24-215-202-255
4689	1.829516883670868e-20	clade1sub7	24-215-202-255
4690	1.237710419409686e-12	clade1sub3	70-122-242-255
4691	6.935344978776233e-12	clade1sub7	24-215-202-255
4692	2.034447660481873e-12	clade1sub7	24-215-202-255
4693	5.877139262566444e-13	clade1sub7	24-215-202-255
4694	4.5003771586730964e-18	clade1sub7	24-215-202-255
4695	2.0196663331156812e-14	clade1sub12	128-254-83-255
4696	1.8301918525296376e-17	clade1sub7	24-215-202-255
4697	3.256828890090773e-14	clade1sub7	24-215-202-255
4698	1.6986722583702522e-16	clade1sub7	24-215-202-255
4699	1.0447806041546683e-10	clade1sub7	24-215-202-255
4700	2.2038369853423435e-23	clade1sub7	24-215-202-255
4701	7.353491709923355e-18	clade1sub7	24-215-202-255
4702	8.549604235205154e-14	clade1sub7	24-215-202-255
4703	1.1879372167226677e-18	clade1sub7	24-215-202-255
4704	4.097209067928944e-24	clade1sub7	24-215-202-255
4705	4.186635688811549e-23	clade1sub7	24-215-202-255
4706	4.283824350457002e-33	clade1sub3	70-122-242-255
4707	7.44243278571361e-31	clade1sub7	24-215-202-255
4708	1.0447435260573424e-30	clade1sub3	70-122-242-255
4709	8.074058936545752e-27	clade1sub7	24-215-202-255
4710	2.028235935770222e-26	clade1sub7	24-215-202-255
4711	1.613399396719419e-25	clade1sub7	24-215-202-255
4712	5.343736930864062e-29	clade1sub7	24-215-202-255
4713	2.642796279357656e-26	clade1sub7	24-215-202-255
4714	2.661721420168325e-23	clade1sub3	70-122-242-255
4715	9.652980519183318e-26	clade1sub3	70-122-242-255
4716	2.187335556503616e-17	clade1sub17	222-62-8-255
4717	2.2836206059925176e-20	clade1sub17	222-62-8-255
4718	5.088789591005469e-06	clade1sub12	128-254-83-255
4719	1.0207449611984938e-08	clade1sub12	128-254-83-255
4720	5.350370299136391e-09	clade1sub12	128-254-83-255
4721	3.58635890506435e-05	clade1sub12	128-254-83-255
4722	7.212996575904729e-05	clade1sub7	24-215-202-255
4723	3.306691514640439e-09	clade1sub7	24-215-202-255
4724	1.9079075210294505e-06	clade1sub3	70-122-242-255
4725	1.7235234109184225e-07	clade1sub3	70-122-242-255
4726	9.695975525072948e-07	clade1sub3	70-122-242-255
4727	0.0001581725330178	clade1sub11	232-213-56-255
4728	7.964892947046529e-06	clade1sub12	128-254-83-255
4729	0.004606493907612	clade1sub12	128-254-83-255
4730	2.369879124004191e-05	clade1sub3	70-122-242-255
4731	8.5393842245032e-17	clade1sub7	24-215-202-255
4732	3.102957992850381e-22	clade1sub7	24-215-202-255
4733	2.5748561569919742e-24	clade1sub7	24-215-202-255
4734	1.571924073786208e-07	clade1sub7	24-215-202-255
4735	2.116323220721332e-17	clade1sub7	24-215-202-255
4736	0.045951369513955	clade1sub3	70-122-242-255
4737	2.841848876120052e-15	clade1sub13	180-27-1-255
4738	1.5268639051632155e-09	clade1sub7	24-215-202-255
4739	7.190919431820185e-08	clade1sub3	70-122-242-255
4740	9.014765043867e-05	clade1sub7	24-215-202-255
4741	2.7655672319235047e-19	clade1sub3	70-122-242-255
4742	9.831064884146212e-20	clade1sub3	70-122-242-255
4743	1.1333610649665198e-11	clade1sub7	24-215-202-255
4744	9.602822749842804e-11	clade1sub7	24-215-202-255
4745	4.320845116635781e-07	clade1sub7	24-215-202-255
4746	2.848267102054965e-21	clade1sub7	24-215-202-255
4747	2.75764775102914e-16	clade1sub7	24-215-202-255
4748	8.230947400832298e-17	clade1sub7	24-215-202-255
4749	1.0431261304345042e-14	clade1sub7	24-215-202-255
4750	1.2988749251128422e-19	clade1sub7	24-215-202-255
4751	3.198560643640469e-17	clade1sub7	24-215-202-255
4752	3.171403573411563e-18	clade1sub7	24-215-202-255
4753	5.065275040320274e-18	clade1sub7	24-215-202-255
4754	2.539290277353484e-19	clade1sub7	24-215-202-255
4755	2.7237349402393604e-19	clade1sub7	24-215-202-255
4756	5.15714836556277e-10	clade1sub7	24-215-202-255
4757	4.36718381383439e-17	clade1sub7	24-215-202-255
4758	9.15909768510081e-16	clade1sub7	24-215-202-255
4759	2.910497762399822e-17	clade1sub7	24-215-202-255
4760	1.1657088106873317e-17	clade1sub7	24-215-202-255
4761	3.5760625971118465e-20	clade1sub7	24-215-202-255
4762	9.570546025261114e-28	clade1sub7	24-215-202-255
4763	6.810068835071192e-12	clade1sub3	70-122-242-255
4764	1.5468719194120974e-07	clade1sub4	53-243-148-255
4765	1.13071577010764e-17	clade1sub3	70-122-242-255
4766	1.0419866078466385e-15	clade1sub7	24-215-202-255
4767	8.806740456709489e-28	clade1sub7	24-215-202-255
4768	6.086918150762139e-25	clade1sub7	24-215-202-255
4769	8.423365122177317e-21	clade1sub7	24-215-202-255
4770	5.521121398163382e-16	clade1sub3	70-122-242-255
4771	2.608629644810281e-31	clade1sub7	24-215-202-255
4772	5.34582338341989e-31	clade1sub7	24-215-202-255
4773	3.1663068007655557e-29	clade1sub7	24-215-202-255
4774	6.844128538525723e-28	clade1sub7	24-215-202-255
4775	3.6854805034549504e-20	clade1sub3	70-122-242-255
4776	4.3307271172772725e-18	clade1sub7	24-215-202-255
4777	5.115155185866763e-13	clade1sub3	70-122-242-255
4778	4.408585396137776e-25	clade1sub7	24-215-202-255
4779	4.323703802646768e-12	clade1sub3	70-122-242-255
4780	3.790847126270973e-21	clade1sub3	70-122-242-255
4781	2.3146096654585787e-25	clade1sub3	70-122-242-255
4782	4.8362931614205685e-25	clade1sub7	24-215-202-255
4783	9.164460413032852e-16	clade1sub3	70-122-242-255
4784	3.8352987479120017e-26	clade1sub3	70-122-242-255
4785	2.3449118016968787e-06	clade1sub11	232-213-56-255
4786	2.4664944833233742e-09	clade1sub11	232-213-56-255
4787	7.950915426829558e-19	clade1sub7	24-215-202-255
4788	2.6470582312775464e-13	clade1sub7	24-215-202-255
4789	4.211657137646211e-17	clade1sub3	70-122-242-255
4790	4.746514249903326e-13	clade1sub11	232-213-56-255
4791	2.382914126243599e-24	clade1sub3	70-122-242-255
4792	5.840727209608282e-23	clade1sub3	70-122-242-255
4793	1.2795397877511757e-22	clade1sub7	24-215-202-255
4794	2.5526581056389823e-24	clade1sub3	70-122-242-255
4795	4.493825204192103e-25	clade1sub7	24-215-202-255
4796	3.6956401295338827e-17	clade1sub17	222-62-8-255
4797	7.218486499085673e-27	clade1sub7	24-215-202-255
4798	2.140907777129622e-25	clade1sub7	24-215-202-255
4799	4.608451842690224e-28	clade1sub7	24-215-202-255
4800	1.1796432943431932e-27	clade1sub7	24-215-202-255
4801	5.743131678956119e-16	clade1sub11	232-213-56-255
4802	2.454420697634404e-28	clade1sub7	24-215-202-255
4803	2.2139977821079453e-19	clade1sub7	24-215-202-255
4804	9.842599670569343e-29	clade1sub3	70-122-242-255
4805	1.6410053492972564e-25	clade1sub7	24-215-202-255
4806	2.496030311404717e-28	clade1sub7	24-215-202-255
4807	1.141015928697085e-28	clade1sub7	24-215-202-255
4808	1.2390364830473523e-26	clade1sub3	70-122-242-255
4809	7.327231968975182e-21	clade1sub7	24-215-202-255
4810	4.1194882451103153e-23	clade1sub3	70-122-242-255
4811	4.261146107746704e-19	clade1sub7	24-215-202-255
4812	1.9696519536713265e-08	clade1sub11	232-213-56-255
4813	6.568578267655685e-19	clade1sub3	70-122-242-255
4814	2.255481707134797e-10	clade1sub3	70-122-242-255
4815	4.1925296035291964e-13	clade1sub7	24-215-202-255
4816	2.481223089852981e-11	clade1sub7	24-215-202-255
4817	6.110865468292131e-09	clade1sub11	232-213-56-255
4818	1.937591876615212e-08	clade1sub7	24-215-202-255
4819	1.7906688463649675e-11	clade1sub3	70-122-242-255
4820	0.0007513937216996	clade1sub11	232-213-56-255
4821	0.0163917245974861	clade1sub11	232-213-56-255
4822	3.132672713520148e-06	clade1sub7	24-215-202-255
4823	0.0009911616373662	clade1sub3	70-122-242-255
4824	0.0012039564170586	clade1sub12	128-254-83-255
4825	0.0285278750145644	clade1sub12	128-254-83-255
4826	0.1035584185105595	clade1sub12	128-254-83-255
4827	0.0200961198208176	clade1sub12	128-254-83-255
4828	5.278716484522435e-25	clade1sub3	70-122-242-255
4829	1.2267166565332516e-24	clade1sub7	24-215-202-255
4830	4.925363954336555e-25	clade1sub7	24-215-202-255
4831	1.028012991824164e-31	clade1sub7	24-215-202-255
4832	2.3499551472988776e-32	clade1sub7	24-215-202-255
4833	6.171608757241807e-17	clade1sub7	24-215-202-255
4834	3.1076126552267257e-26	clade1sub7	24-215-202-255
4835	3.4773465055560324e-24	clade1sub7	24-215-202-255
4836	2.6895499413750267e-24	clade1sub7	24-215-202-255
4837	3.143232233767399e-21	clade1sub7	24-215-202-255
4838	7.987020374912911e-15	clade1sub3	70-122-242-255
4839	1.8316634484052728e-16	clade1sub3	70-122-242-255
4840	1.5864449454546376e-10	clade1sub7	24-215-202-255
4841	6.007426819607735e-15	clade1sub7	24-215-202-255
4842	2.4514053610579956e-23	clade1sub3	70-122-242-255
4843	2.7906142713165912e-21	clade1sub7	24-215-202-255
4844	3.307771673954297e-23	clade1sub7	24-215-202-255
4845	1.9153784717251803e-15	clade1sub7	24-215-202-255
4846	2.9574419233820887e-15	clade1sub7	24-215-202-255
4847	5.527546953296391e-07	clade1sub3	70-122-242-255
4848	6.127396040724432e-07	clade1sub3	70-122-242-255
4849	1.9982971306803723e-11	clade1sub3	70-122-242-255
4850	0.0002068537931147	clade1sub11	232-213-56-255
4851	0.0434247638949345	clade1sub11	232-213-56-255
4852	1.835893636602471e-05	clade1sub3	70-122-242-255
4853	5.14326516805775e-17	clade1sub3	70-122-242-255
4854	2.8954788314785706e-07	clade1sub3	70-122-242-255
4855	0.0016286377397497	clade1sub12	128-254-83-255
4856	1.2301726673293097e-07	clade1sub7	24-215-202-255
4857	0.1469153184231751	clade1sub12	128-254-83-255
4858	0.0004809811387809	clade1sub11	232-213-56-255
4859	0.0033414914211524	clade1sub11	232-213-56-255
4860	3.250973077224686e-05	clade1sub14	247-113-27-255
4861	0.0002926542514447	clade1sub11	232-213-56-255
4862	0.0022474382997836	clade1sub19	187-244-52-255
4863	7.512646083319406e-06	clade1sub7	24-215-202-255
4864	5.5246795178640775e-21	clade1sub7	24-215-202-255
4865	1.1218553581643245e-18	clade1sub7	24-215-202-255
4866	1.963255046250221e-09	clade1sub7	24-215-202-255
4867	2.4123448214334308e-21	clade1sub7	24-215-202-255
4868	5.918381393659712e-19	clade1sub7	24-215-202-255
4869	0.1691459350164585	clade1sub12	128-254-83-255
4870	1.7818506430187785e-11	clade1sub7	24-215-202-255
4871	0.0004090653080416	clade1sub3	70-122-242-255
4872	2.7265698093049868e-17	clade1sub7	24-215-202-255
4873	1.2588463799729926e-07	clade1sub14	247-113-27-255
4874	0.0110323600455801	clade1sub12	128-254-83-255
4875	0.0535255229530917	clade1sub12	128-254-83-255
4876	0.000162238131471	clade1sub11	232-213-56-255
4877	2.5938774301356403e-09	clade1sub11	232-213-56-255
4878	1.3216244254985729e-08	clade1sub11	232-213-56-255
4880	1.3221590709384337e-12	clade1sub3	70-122-242-255
4881	4.574824664284163e-08	clade1sub7	24-215-202-255
4882	1.049540712365264e-12	clade1sub3	70-122-242-255
4883	2.702279384127611e-15	clade1sub3	70-122-242-255
4884	2.44820058320656e-11	clade1sub7	24-215-202-255
4885	1.2510962019532772e-09	clade1sub3	70-122-242-255
4886	3.34458329177381e-05	clade1sub3	70-122-242-255
4887	4.7849960898724865e-12	clade1sub7	24-215-202-255
4888	6.1222482482698495e-12	clade1sub3	70-122-242-255
4889	5.748204714581477e-15	clade1sub3	70-122-242-255
4890	1.2119551543434794e-12	clade1sub3	70-122-242-255
4891	5.1282392411187225e-11	clade1sub3	70-122-242-255
4892	3.3253353962106623e-16	clade1sub7	24-215-202-255
4893	1.0420502829641872e-07	clade1sub11	232-213-56-255
4894	3.7543665893424465e-09	clade1sub3	70-122-242-255
4895	0.0101898759845733	clade1sub12	128-254-83-255
4896	3.45084515310204e-08	clade1sub3	70-122-242-255
4897	2.733356388530532e-06	clade1sub11	232-213-56-255
4898	0.0001483409066561	clade1sub4	53-243-148-255
4899	7.155949129237052e-06	clade1sub11	232-213-56-255
4900	0.0002514447061322	clade1sub11	232-213-56-255
4901	0.0146962401424205	clade1sub12	128-254-83-255
4902	8.580985626453943e-08	clade1sub11	232-213-56-255
4903	0.0930467212813566	clade1sub11	232-213-56-255
4904	1.924876034764305e-05	clade1sub11	232-213-56-255
4905	2.963608186522513e-05	clade1sub11	232-213-56-255
4906	6.546799144799302e-08	clade1sub14	247-113-27-255
4907	0.8303477334751495	clade1sub19	187-244-52-255
4908	7.292485936413935e-05	clade1sub11	232-213-56-255
4909	3.0381864046360625e-08	clade1sub11	232-213-56-255
4910	7.553600919718094e-07	clade1sub11	232-213-56-255
4911	0.0013632694082002	clade1sub12	128-254-83-255
4912	0.0293622617053857	clade1sub11	232-213-56-255
4913	0.258071478548769	clade1sub4	53-243-148-255
4914	0.1035530842850895	clade1sub14	247-113-27-255
4915	0.0265049277914019	clade1sub19	187-244-52-255
4916	0.4604540809425613	clade1sub4	53-243-148-255
4917	0.2649024547404658	clade1sub12	128-254-83-255
4918	0.1749257713143838	clade1sub12	128-254-83-255
4919	0.0325644596146485	clade1sub11	232-213-56-255
4920	0.0036791873550382	clade1sub12	128-254-83-255
4921	0.2530655299634137	clade1sub12	128-254-83-255
4922	9.237585072384088e-19	clade1sub7	24-215-202-255
4923	6.757946565433421e-23	clade1sub7	24-215-202-255
4924	4.682709637116308e-24	clade1sub7	24-215-202-255
4925	6.287465197981332e-07	clade1sub7	24-215-202-255
4926	0.0005058843586552	clade1sub7	24-215-202-255
4927	0.0014514633880565	clade1sub19	187-244-52-255
4928	3.4366389828698364e-05	clade1sub14	247-113-27-255
4929	1.2608023368216664e-09	clade1sub12	128-254-83-255
4930	1.3519969237283108e-05	clade1sub12	128-254-83-255
4931	1.1539389229952196e-12	clade1sub7	24-215-202-255
4932	2.274576261468913e-15	clade1sub7	24-215-202-255
4933	6.060966491675241e-10	clade1sub4	53-243-148-255
4934	9.416309853989181e-14	clade1sub3	70-122-242-255
4935	3.4042395658271577e-15	clade1sub7	24-215-202-255
4936	2.756013556460412e-12	clade1sub3	70-122-242-255
4937	3.455133763758225e-12	clade1sub3	70-122-242-255
4938	3.6289937193032187e-19	clade1sub7	24-215-202-255
4939	1.0034386817863812e-12	clade1sub3	70-122-242-255
4940	1.4586477700069829e-18	clade1sub7	24-215-202-255
4941	3.114858194807241e-16	clade1sub7	24-215-202-255
4942	6.003760345837218e-20	clade1sub7	24-215-202-255
4943	4.509785614527232e-23	clade1sub3	70-122-242-255
4944	9.717756376977739e-22	clade1sub3	70-122-242-255
4945	1.267964379880861e-26	clade1sub3	70-122-242-255
4946	2.3109401750806402e-20	clade1sub3	70-122-242-255
4947	3.5319142665556124e-10	clade1sub17	222-62-8-255
4948	0.0007513937216996	clade1sub11	232-213-56-255
4949	2.7807704495049348e-12	clade1sub3	70-122-242-255
4950	0.0879036354970937	clade1sub7	24-215-202-255
4951	0.0950260122201294	clade1sub7	24-215-202-255
4952	0.00075142619193	clade1sub12	128-254-83-255
4953	7.528173003804299e-17	clade1sub7	24-215-202-255
4954	3.306691514640439e-09	clade1sub7	24-215-202-255
4955	1.9250675395172945e-05	clade1sub7	24-215-202-255
4956	0.0161069646549676	clade1sub11	232-213-56-255
4957	0.0446892892601933	clade1sub12	128-254-83-255
4958	0.0007543152406678	clade1sub14	247-113-27-255
4959	2.0040465741107523e-05	clade1sub14	247-113-27-255
4960	0.0010204009987283	clade1sub11	232-213-56-255
4961	2.5521383183353536e-16	clade1sub7	24-215-202-255
4962	1.2924699289333792e-06	clade1sub14	247-113-27-255
4963	0.0020939479459729	clade1sub11	232-213-56-255
4964	2.56469962516679e-05	clade1sub11	232-213-56-255
4965	1.3496003925338349e-05	clade1sub14	247-113-27-255
4966	0.000386044005519	clade1sub11	232-213-56-255
4967	0.0557244562188928	clade1sub19	187-244-52-255
4968	2.24104198297285e-08	clade1sub11	232-213-56-255
4969	0.0432052992038237	clade1sub11	232-213-56-255
4970	0.0001851735253225	clade1sub11	232-213-56-255
4971	0.1812467919108523	clade1sub19	187-244-52-255
4972	0.0228215698959176	clade1sub11	232-213-56-255
4973	0.0483755589341871	clade1sub12	128-254-83-255
4974	3.856895217997091e-06	clade1sub14	247-113-27-255
4975	0.2530655299634137	clade1sub12	128-254-83-255
4976	0.0182573787881028	clade1sub4	53-243-148-255
4977	0.0043046164547119	clade1sub16	253-171-51-255
4978	0.0068865882012356	clade1sub4	53-243-148-255
4979	1.0378881613094611e-14	clade1sub7	24-215-202-255
4980	0.0012638154182097	clade1sub11	232-213-56-255
4981	6.220815355451417e-17	clade1sub7	24-215-202-255
4982	0.0025007855256578	clade1sub11	232-213-56-255
4983	0.0731104472369523	clade1sub11	232-213-56-255
4984	6.6858089224491695e-18	clade1sub7	24-215-202-255
4985	3.9665044234384875e-21	clade1sub7	24-215-202-255
4986	1.126266856891946e-22	clade1sub7	24-215-202-255
4987	4.877270239970473e-18	clade1sub7	24-215-202-255
4988	1.7358094622243632e-21	clade1sub7	24-215-202-255
4989	1.0815693869379128e-10	clade1sub7	24-215-202-255
4990	9.03936223028608e-09	clade1sub18	122-4-2-255
4991	4.6079429833172816e-11	clade1sub12	128-254-83-255
4992	2.1633351771773508e-17	clade1sub3	70-122-242-255
4993	1.1944036603146328e-15	clade1sub7	24-215-202-255
4994	2.248312590917657e-15	clade1sub7	24-215-202-255
4995	2.1123106306577637e-17	clade1sub3	70-122-242-255
4996	1.4573977258328038e-15	clade1sub3	70-122-242-255
4997	1.9780559902581208e-17	clade1sub7	24-215-202-255
4998	1.7849289721912946e-19	clade1sub3	70-122-242-255
4999	4.048435863674187e-12	clade1sub3	70-122-242-255
5000	1.5998459953572463e-27	clade1sub3	70-122-242-255
5001	1.3829202120380547e-27	clade1sub7	24-215-202-255
5002	5.985602705294955e-16	clade1sub3	70-122-242-255
5003	1.507535440923013e-29	clade1sub7	24-215-202-255
5004	1.1146985733326252e-20	clade1sub3	70-122-242-255
5005	6.815513447797033e-28	clade1sub7	24-215-202-255
5006	3.10409076780954e-26	clade1sub3	70-122-242-255
5007	3.440203636207301e-28	clade1sub7	24-215-202-255
5008	9.282570722104619e-27	clade1sub7	24-215-202-255
5009	8.461542579617003e-19	clade1sub17	222-62-8-255
5010	3.400260278411215e-24	clade1sub7	24-215-202-255
5011	3.8840288226844336e-21	clade1sub7	24-215-202-255
5012	0.0940768450780012	clade1sub12	128-254-83-255
5013	0.2668600139943318	clade1sub12	128-254-83-255
5014	0.1566687072070883	clade1sub12	128-254-83-255
5015	2.7051762037534627e-19	clade1sub7	24-215-202-255
5016	2.020820596047575e-17	clade1sub7	24-215-202-255
5017	0.0078474320649664	clade1sub12	128-254-83-255
5018	9.384654563377816e-20	clade1sub7	24-215-202-255
5019	3.2979411938341266e-15	clade1sub7	24-215-202-255
5020	7.784543846559575e-16	clade1sub7	24-215-202-255
5021	0.0002083242421193	clade1sub17	222-62-8-255
5022	4.337819541988241e-07	clade1sub7	24-215-202-255
5023	0.0004164895703201	clade1sub17	222-62-8-255
5024	0.0114085548278194	clade1sub19	187-244-52-255
5025	0.002018105264405	clade1sub17	222-62-8-255
5026	1.251264271271582e-15	clade1sub7	24-215-202-255
5027	6.092882494832093e-11	clade1sub3	70-122-242-255
5028	3.187025320409348e-08	clade1sub7	24-215-202-255
5029	1.3208399145889406e-15	clade1sub7	24-215-202-255
5030	4.0412383912795245e-11	clade1sub3	70-122-242-255
5031	3.662847574986407e-07	clade1sub7	24-215-202-255
5032	1.2122980405037964e-12	clade1sub3	70-122-242-255
5033	3.1617073863036025e-08	clade1sub7	24-215-202-255
5034	1.6565358224143478e-08	clade1sub14	247-113-27-255
5035	3.79573744395445e-09	clade1sub7	24-215-202-255
5036	1.4690757071343685e-15	clade1sub7	24-215-202-255
5037	6.656505476903663e-13	clade1sub3	70-122-242-255
5038	4.7401138852346994e-17	clade1sub3	70-122-242-255
5039	2.5885010158530063e-16	clade1sub3	70-122-242-255
5040	5.529866556652396e-08	clade1sub3	70-122-242-255
5041	3.050499134946144e-12	clade1sub7	24-215-202-255
5042	1.5843152276673882e-19	clade1sub3	70-122-242-255
5043	2.5716037597674703e-19	clade1sub3	70-122-242-255
5044	9.890146400997967e-11	clade1sub3	70-122-242-255
5045	3.217891202772854e-10	clade1sub3	70-122-242-255
5046	5.449592572217541e-17	clade1sub7	24-215-202-255
5047	7.597819336316651e-17	clade1sub7	24-215-202-255
5048	8.945366977093015e-28	clade1sub7	24-215-202-255
5049	1.4435587332114447e-28	clade1sub7	24-215-202-255
5050	3.245931526434109e-10	clade1sub3	70-122-242-255
5051	5.093719328209454e-15	clade1sub3	70-122-242-255
5052	4.28503024225017e-14	clade1sub7	24-215-202-255
5053	2.8858555949130226e-14	clade1sub7	24-215-202-255
5054	1.887971800962625e-31	clade1sub3	70-122-242-255
5055	5.945378651482457e-12	clade1sub4	53-243-148-255
5056	3.073554993909169e-19	clade1sub3	70-122-242-255
5057	3.542678213308245e-17	clade1sub7	24-215-202-255
5058	5.524767425403711e-20	clade1sub7	24-215-202-255
5059	6.171199256467787e-26	clade1sub7	24-215-202-255
5060	1.3486760000518471e-20	clade1sub7	24-215-202-255
5061	2.324978595059852e-31	clade1sub7	24-215-202-255
5062	1.2741885375974967e-16	clade1sub7	24-215-202-255
5063	1.0500736098675664e-26	clade1sub7	24-215-202-255
5064	7.186466133276002e-21	clade1sub7	24-215-202-255
5065	1.3450811773598062e-13	clade1sub3	70-122-242-255
5066	8.509243619284937e-22	clade1sub3	70-122-242-255
5067	3.2176712127917967e-25	clade1sub3	70-122-242-255
5068	3.5317482544137255e-24	clade1sub7	24-215-202-255
5069	1.8534510248249872e-14	clade1sub3	70-122-242-255
5070	9.184148357531664e-23	clade1sub3	70-122-242-255
5071	4.445233335645808e-16	clade1sub3	70-122-242-255
5072	4.1698726533676017e-26	clade1sub3	70-122-242-255
5073	0.0002607632292907	clade1sub17	222-62-8-255
5074	7.439570877161731e-19	clade1sub7	24-215-202-255
5075	4.89267316355117e-23	clade1sub3	70-122-242-255
5076	3.694878078375149e-12	clade1sub17	222-62-8-255
5077	1.3015850314410665e-21	clade1sub3	70-122-242-255
5078	2.423342198032217e-21	clade1sub3	70-122-242-255
5079	9.223067849562099e-26	clade1sub3	70-122-242-255
5080	1.914805759148829e-21	clade1sub3	70-122-242-255
5081	1.4894382164773913e-21	clade1sub17	222-62-8-255
5082	2.808840467829014e-28	clade1sub3	70-122-242-255
5083	4.916581988851474e-26	clade1sub7	24-215-202-255
5084	5.774073624749852e-26	clade1sub7	24-215-202-255
5085	3.7774364062386883e-13	clade1sub3	70-122-242-255
5086	1.2015916829489777e-11	clade1sub11	232-213-56-255
5087	5.752101052270537e-05	clade1sub11	232-213-56-255
5088	1.6043872646740325e-05	clade1sub11	232-213-56-255
5089	3.8816785340624893e-08	clade1sub11	232-213-56-255
5090	6.534528884746717e-09	clade1sub3	70-122-242-255
5091	2.3345494262872897e-08	clade1sub11	232-213-56-255
5092	0.0001971386108428	clade1sub11	232-213-56-255
5093	0.0128120038221069	clade1sub11	232-213-56-255
5094	0.0343620788806431	clade1sub12	128-254-83-255
5095	0.025527375328982	clade1sub12	128-254-83-255
5096	0.0014751759845433	clade1sub12	128-254-83-255
5097	8.166998023413745e-18	clade1sub7	24-215-202-255
5098	1.702005438681562e-21	clade1sub7	24-215-202-255
5099	8.470264868475901e-21	clade1sub7	24-215-202-255
5100	1.7378875625623034e-22	clade1sub7	24-215-202-255
5101	1.3511958746540443e-28	clade1sub7	24-215-202-255
5102	1.873101627343812e-22	clade1sub7	24-215-202-255
5103	9.860939511410862e-28	clade1sub7	24-215-202-255
5104	9.660414660262889e-24	clade1sub7	24-215-202-255
5105	6.697277314031033e-21	clade1sub7	24-215-202-255
5106	2.4988072493166695e-20	clade1sub7	24-215-202-255
5107	2.284536462931603e-25	clade1sub7	24-215-202-255
5108	1.916313418952779e-26	clade1sub3	70-122-242-255
5109	2.2446289750415948e-23	clade1sub3	70-122-242-255
5110	1.7127666917134314e-24	clade1sub7	24-215-202-255
5111	3.112565462835796e-21	clade1sub7	24-215-202-255
5112	1.4837322834438271e-24	clade1sub3	70-122-242-255
5113	7.701049789074004e-13	clade1sub14	247-113-27-255
5114	5.842460640971881e-17	clade1sub7	24-215-202-255
5115	1.7101855311523957e-19	clade1sub3	70-122-242-255
5116	3.7594625269262004e-15	clade1sub3	70-122-242-255
5117	9.815214691834895e-17	clade1sub3	70-122-242-255
5118	4.6288452300743426e-15	clade1sub3	70-122-242-255
5119	8.962841041285457e-10	clade1sub7	24-215-202-255
5120	4.7672836956053945e-15	clade1sub7	24-215-202-255
5121	5.015176794280941e-08	clade1sub7	24-215-202-255
5122	6.018273991652424e-08	clade1sub18	122-4-2-255
5123	0.033854211383726	clade1sub11	232-213-56-255
5124	0.1822353875335895	clade1sub7	24-215-202-255
5125	0.0190361910600041	clade1sub11	232-213-56-255
5126	0.1061050950693968	clade1sub11	232-213-56-255
5127	0.0546903540109572	clade1sub11	232-213-56-255
5128	0.0445027854357896	clade1sub11	232-213-56-255
5129	0.0700149071491854	clade1sub12	128-254-83-255
5130	4.63763294619253e-16	clade1sub7	24-215-202-255
5131	1.1607936139111845e-13	clade1sub7	24-215-202-255
5132	1.0881153262426473e-21	clade1sub7	24-215-202-255
5133	9.573567601385522e-20	clade1sub7	24-215-202-255
5134	3.641423031623488e-25	clade1sub7	24-215-202-255
5135	2.04771156216955e-24	clade1sub7	24-215-202-255
5136	1.1465596148664553e-25	clade1sub7	24-215-202-255
5137	1.0893793283968891e-16	clade1sub7	24-215-202-255
5138	9.236467843947368e-25	clade1sub7	24-215-202-255
5139	2.7538081296073307e-21	clade1sub3	70-122-242-255
5140	2.0215703685992544e-21	clade1sub7	24-215-202-255
5141	1.916980095356262e-20	clade1sub7	24-215-202-255
5142	1.4482627356509333e-21	clade1sub7	24-215-202-255
5143	3.702543182977552e-21	clade1sub3	70-122-242-255
5144	4.1016404692434886e-14	clade1sub3	70-122-242-255
5145	2.938820960102284e-17	clade1sub7	24-215-202-255
5146	1.9160320762393498e-21	clade1sub7	24-215-202-255
5147	2.076903803800614e-18	clade1sub7	24-215-202-255
5148	4.475701024925927e-11	clade1sub7	24-215-202-255
5149	9.109700931981213e-17	clade1sub7	24-215-202-255
5150	1.540810347763676e-13	clade1sub3	70-122-242-255
5151	2.0141547503451146e-23	clade1sub7	24-215-202-255
5152	4.483990354218786e-06	clade1sub3	70-122-242-255
5153	1.6006859249396153e-08	clade1sub7	24-215-202-255
5154	3.149526427449717e-14	clade1sub3	70-122-242-255
5155	8.763289926155941e-17	clade1sub3	70-122-242-255
5156	1.076504789821728e-06	clade1sub3	70-122-242-255
5157	2.3455008859645453e-12	clade1sub3	70-122-242-255
5158	4.243549831582831e-17	clade1sub3	70-122-242-255
5159	0.0053654701467839	clade1sub3	70-122-242-255
5160	3.411619336586362e-11	clade1sub3	70-122-242-255
5161	0.06694106568518	clade1sub11	232-213-56-255
5162	7.39475599707222e-19	clade1sub7	24-215-202-255
5163	0.0040112139759383	clade1sub11	232-213-56-255
5164	0.1281465437141994	clade1sub12	128-254-83-255
5165	0.3555962838613518	clade1sub12	128-254-83-255
5166	4.654499999639644e-12	clade1sub7	24-215-202-255
5167	0.0556968064020367	clade1sub3	70-122-242-255
5168	0.156599400065111	clade1sub11	232-213-56-255
5169	0.0027009284195686	clade1sub12	128-254-83-255
5170	2.3109259872427023e-14	clade1sub7	24-215-202-255
5171	5.168744040499813e-19	clade1sub7	24-215-202-255
5172	0.0080534758345803	clade1sub12	128-254-83-255
5173	2.8196129669289866e-18	clade1sub7	24-215-202-255
5174	8.969725017091859e-24	clade1sub7	24-215-202-255
5175	1.873920655028434e-07	clade1sub11	232-213-56-255
5176	1.5591275614881527e-10	clade1sub7	24-215-202-255
5177	8.023453888313776e-10	clade1sub11	232-213-56-255
5178	8.584133397635207e-15	clade1sub7	24-215-202-255
5179	4.6188453659557215e-16	clade1sub7	24-215-202-255
5180	1.0715873708282907e-07	clade1sub4	53-243-148-255
5181	4.2714397479501275e-17	clade1sub3	70-122-242-255
5182	1.699522215708078e-16	clade1sub7	24-215-202-255
5183	9.038988597962506e-10	clade1sub3	70-122-242-255
5184	9.265184705229238e-15	clade1sub3	70-122-242-255
5185	2.750150532539892e-11	clade1sub3	70-122-242-255
5186	2.382464329276965e-05	clade1sub3	70-122-242-255
5187	1.08827077435065e-13	clade1sub3	70-122-242-255
5188	4.619233339436331e-09	clade1sub7	24-215-202-255
5189	0.0775290068276774	clade1sub7	24-215-202-255
5190	0.0006219931828787	clade1sub3	70-122-242-255
5191	1.900103283447412e-20	clade1sub3	70-122-242-255
5192	4.4686919432552535e-17	clade1sub7	24-215-202-255
5193	0.0742239543865361	clade1sub11	232-213-56-255
5194	1.3283210772140668e-07	clade1sub3	70-122-242-255
5195	0.0001217110867482	clade1sub11	232-213-56-255
5196	0.0617982940302881	clade1sub11	232-213-56-255
5197	1.2479425234384772e-05	clade1sub11	232-213-56-255
5198	2.5010488876401895e-05	clade1sub11	232-213-56-255
5199	0.0920707586563178	clade1sub19	187-244-52-255
5200	6.195469440684024e-06	clade1sub11	232-213-56-255
5201	4.35816001590662e-06	clade1sub11	232-213-56-255
5202	1.3031306378853606e-07	clade1sub11	232-213-56-255
5203	9.319188791022208e-11	clade1sub3	70-122-242-255
5204	2.67078317361524e-05	clade1sub11	232-213-56-255
5205	3.695732853919333e-08	clade1sub14	247-113-27-255
5206	0.0077548515305745	clade1sub11	232-213-56-255
5207	6.854303582291867e-20	clade1sub7	24-215-202-255
5208	6.956780779968038e-20	clade1sub7	24-215-202-255
5209	9.729825824052914e-17	clade1sub7	24-215-202-255
5210	1.379698663015628e-16	clade1sub7	24-215-202-255
5211	3.3678861924760737e-17	clade1sub7	24-215-202-255
5212	7.169603172174725e-09	clade1sub7	24-215-202-255
5213	4.254218203529511e-09	clade1sub3	70-122-242-255
5214	0.0076681182017787	clade1sub11	232-213-56-255
5215	7.0364582585008795e-09	clade1sub3	70-122-242-255
5216	2.2579740710534048e-11	clade1sub3	70-122-242-255
5217	9.524258596757456e-07	clade1sub12	128-254-83-255
5218	1.6321713220963036e-14	clade1sub3	70-122-242-255
5219	3.1043766295903294e-14	clade1sub7	24-215-202-255
5220	5.435067896043653e-13	clade1sub3	70-122-242-255
5221	0.0134291117863628	clade1sub17	222-62-8-255
5222	8.465024644922652e-19	clade1sub7	24-215-202-255
5223	2.959381115786905e-17	clade1sub7	24-215-202-255
5224	1.6648040222041142e-16	clade1sub3	70-122-242-255
5225	4.52922289217811e-21	clade1sub7	24-215-202-255
5226	2.245421147732601e-16	clade1sub7	24-215-202-255
5227	1.64527209892088e-20	clade1sub7	24-215-202-255
5228	8.579595134860373e-14	clade1sub7	24-215-202-255
5229	0.0015717492364921	clade1sub12	128-254-83-255
5230	0.0103483252537727	clade1sub11	232-213-56-255
5231	0.0005804874120236	clade1sub7	24-215-202-255
5232	0.0316864611682158	clade1sub7	24-215-202-255
5233	0.0001640923817223	clade1sub18	122-4-2-255
5234	0.1837226298980883	clade1sub3	70-122-242-255
5235	3.689495866368575e-19	clade1sub7	24-215-202-255
5236	4.7773918402974975e-11	clade1sub7	24-215-202-255
5237	0.0372311330699275	clade1sub11	232-213-56-255
5238	0.2668600139943318	clade1sub12	128-254-83-255
5239	0.0006735235897983	clade1sub11	232-213-56-255
5240	0.0003735098535967	clade1sub11	232-213-56-255
5241	0.156599400065111	clade1sub11	232-213-56-255
5242	9.230345133446249e-12	clade1sub14	247-113-27-255
5243	0.1684532671853304	clade1sub11	232-213-56-255
5244	1.9826634925954708e-11	clade1sub14	247-113-27-255
5245	0.0037262307444544	clade1sub11	232-213-56-255
5246	4.1411110582997e-06	clade1sub14	247-113-27-255
5247	8.859577616995218e-12	clade1sub7	24-215-202-255
5248	1.5715103316830294e-06	clade1sub11	232-213-56-255
5249	1.2529104971231943e-06	clade1sub11	232-213-56-255
5250	7.429103406770678e-18	clade1sub7	24-215-202-255
5251	4.9490239562298444e-23	clade1sub7	24-215-202-255
5252	1.0299433556715478e-19	clade1sub7	24-215-202-255
5253	6.917592693040501e-21	clade1sub7	24-215-202-255
5255	4.1361105541343825e-08	clade1sub3	70-122-242-255
5256	6.62412355236139e-10	clade1sub3	70-122-242-255
5257	2.4457014495396475e-09	clade1sub7	24-215-202-255
5258	0.0149751792589583	clade1sub12	128-254-83-255
5259	1.780685466475412e-09	clade1sub4	53-243-148-255
5260	3.872348236442639e-16	clade1sub4	53-243-148-255
5261	7.05395664512404e-14	clade1sub3	70-122-242-255
5262	1.0368652144867408e-08	clade1sub7	24-215-202-255
5263	1.9944412214862044e-06	clade1sub3	70-122-242-255
5264	2.148883752968572e-15	clade1sub3	70-122-242-255
5265	4.872692331242148e-13	clade1sub3	70-122-242-255
5266	4.955661308018319e-18	clade1sub4	53-243-148-255
5267	1.8104745288383582e-16	clade1sub7	24-215-202-255
5268	6.742150211004618e-22	clade1sub7	24-215-202-255
5269	9.881888801620198e-17	clade1sub3	70-122-242-255
5270	2.9530655006137653e-24	clade1sub7	24-215-202-255
5271	1.7351829663637213e-19	clade1sub3	70-122-242-255
5272	1.743153523631015e-13	clade1sub3	70-122-242-255
5273	2.0173011126015444e-24	clade1sub3	70-122-242-255
5274	3.538089312136925e-11	clade1sub3	70-122-242-255
5275	2.9305361077572715e-30	clade1sub7	24-215-202-255
5276	4.449849642795655e-19	clade1sub3	70-122-242-255
5277	5.978094294505568e-20	clade1sub3	70-122-242-255
5278	8.708503489915928e-24	clade1sub3	70-122-242-255
5279	3.025688157372468e-19	clade1sub17	222-62-8-255
5280	5.253058906923393e-07	clade1sub4	53-243-148-255
5281	7.94549510989038e-05	clade1sub3	70-122-242-255
5282	0.0408712292555274	clade1sub11	232-213-56-255
5283	0.0006511910299084	clade1sub11	232-213-56-255
5284	6.99348219835061e-19	clade1sub7	24-215-202-255
5285	9.834016642577866e-20	clade1sub7	24-215-202-255
5286	8.235980972325729e-09	clade1sub3	70-122-242-255
5287	1.0638848545443216e-18	clade1sub14	247-113-27-255
5288	4.963677207461098e-05	clade1sub7	24-215-202-255
5289	1.1842221889746912e-14	clade1sub7	24-215-202-255
5290	2.967753995429776e-18	clade1sub7	24-215-202-255
5291	2.254487662173578e-06	clade1sub7	24-215-202-255
5292	1.9467549014604886e-16	clade1sub3	70-122-242-255
5293	7.018176722142886e-12	clade1sub3	70-122-242-255
5294	2.1222636730165005e-18	clade1sub7	24-215-202-255
5295	1.2537972302741698e-12	clade1sub3	70-122-242-255
5296	4.99988901800487e-10	clade1sub3	70-122-242-255
5297	3.227255366139736e-22	clade1sub3	70-122-242-255
5298	5.581172846389366e-13	clade1sub3	70-122-242-255
5299	2.4624668549119057e-10	clade1sub3	70-122-242-255
5300	8.906416315749934e-14	clade1sub3	70-122-242-255
5301	4.2531153004839314e-12	clade1sub3	70-122-242-255
5302	4.4718300141305513e-07	clade1sub3	70-122-242-255
5303	0.0017088519382503	clade1sub18	122-4-2-255
5304	4.0019614927385406e-09	clade1sub3	70-122-242-255
5305	3.555854308681788e-23	clade1sub3	70-122-242-255
5306	1.813961690001572e-15	clade1sub3	70-122-242-255
5307	4.5871790000074645e-19	clade1sub3	70-122-242-255
5308	7.092545869390822e-05	clade1sub3	70-122-242-255
5309	5.623882266571583e-16	clade1sub3	70-122-242-255
5310	8.599972499552437e-14	clade1sub7	24-215-202-255
5311	4.743788590384233e-09	clade1sub7	24-215-202-255
5312	9.00517155910447e-09	clade1sub7	24-215-202-255
5313	8.04161270045978e-10	clade1sub4	53-243-148-255
5314	1.1703783855803666e-26	clade1sub7	24-215-202-255
5315	1.615482190767835e-22	clade1sub3	70-122-242-255
5316	5.914327465748005e-22	clade1sub3	70-122-242-255
5317	1.4525058493997816e-13	clade1sub7	24-215-202-255
5318	1.863066862183869e-20	clade1sub3	70-122-242-255
5319	1.1087966627810068e-15	clade1sub3	70-122-242-255
5320	8.747729106862518e-22	clade1sub7	24-215-202-255
5321	3.9061650440370625e-18	clade1sub7	24-215-202-255
5322	2.1993029284243693e-13	clade1sub3	70-122-242-255
5323	2.5626508501775507e-21	clade1sub3	70-122-242-255
5324	3.333149168193744e-10	clade1sub3	70-122-242-255
5325	3.330758259789505e-20	clade1sub3	70-122-242-255
5326	4.532815973738711e-23	clade1sub3	70-122-242-255
5327	2.2821206257830132e-11	clade1sub3	70-122-242-255
5328	8.468714861886946e-19	clade1sub7	24-215-202-255
5329	2.190202290314777e-18	clade1sub7	24-215-202-255
5330	5.518309511696552e-24	clade1sub3	70-122-242-255
5331	2.086684359550651e-24	clade1sub3	70-122-242-255
5332	1.4247233512343096e-19	clade1sub7	24-215-202-255
5333	1.3601273266856906e-23	clade1sub3	70-122-242-255
5334	3.279486418439531e-24	clade1sub7	24-215-202-255
5335	4.392398749813221e-25	clade1sub7	24-215-202-255
5336	3.582163130564017e-17	clade1sub17	222-62-8-255
5337	1.4367681237105907e-14	clade1sub4	53-243-148-255
5338	0.0015232750764077	clade1sub12	128-254-83-255
5339	0.2668600139943318	clade1sub12	128-254-83-255
5340	0.0081779672500617	clade1sub11	232-213-56-255
5341	0.031609448397914	clade1sub4	53-243-148-255
5342	0.0633271869245295	clade1sub18	122-4-2-255
5343	4.448250893545631e-05	clade1sub12	128-254-83-255
5344	7.406257074375121e-05	clade1sub12	128-254-83-255
5345	0.0156958121835587	clade1sub18	122-4-2-255
5346	0.0504762469420277	clade1sub11	232-213-56-255
5347	0.147831633304766	clade1sub11	232-213-56-255
5348	0.0062244993396533	clade1sub11	232-213-56-255
5349	3.9242832820914025e-06	clade1sub11	232-213-56-255
5350	0.0009651071497861	clade1sub11	232-213-56-255
5351	0.0011617067390854	clade1sub11	232-213-56-255
5352	4.493391043597917e-09	clade1sub11	232-213-56-255
5353	6.136804653313057e-06	clade1sub11	232-213-56-255
5354	5.798015395883529e-10	clade1sub11	232-213-56-255
5355	0.6376255890023967	clade1sub11	232-213-56-255
5356	0.0346531621160176	clade1sub11	232-213-56-255
5357	0.0270416204422683	clade1sub12	128-254-83-255
5358	5.060899645969412e-05	clade1sub12	128-254-83-255
5359	0.0005369057941969	clade1sub19	187-244-52-255
5360	1.4587088766193156e-05	clade1sub3	70-122-242-255
5361	4.738196031308322e-09	clade1sub11	232-213-56-255
5362	1.3360504053602993e-13	clade1sub7	24-215-202-255
5363	4.963335180681784e-15	clade1sub2	51-172-246-255
5364	8.706461590705866e-20	clade1sub7	24-215-202-255
5365	6.259294856718205e-17	clade1sub7	24-215-202-255
5366	6.028623792799565e-22	clade1sub7	24-215-202-255
5367	4.668606615937723e-18	clade1sub7	24-215-202-255
5368	1.6043592575995821e-22	clade1sub7	24-215-202-255
5369	1.592205622399168e-20	clade1sub7	24-215-202-255
5370	3.121517600654691e-15	clade1sub3	70-122-242-255
5371	1.376826388948598e-20	clade1sub7	24-215-202-255
5372	4.449393092012598e-23	clade1sub7	24-215-202-255
5373	2.1016225543587905e-18	clade1sub7	24-215-202-255
5374	9.797484458688148e-15	clade1sub7	24-215-202-255
5375	4.091431168509947e-13	clade1sub3	70-122-242-255
5376	1.1796283683057575e-16	clade1sub7	24-215-202-255
5377	7.605729518531914e-10	clade1sub4	53-243-148-255
5378	7.242280919787093e-07	clade1sub7	24-215-202-255
5379	1.697902370008222e-07	clade1sub7	24-215-202-255
5380	3.338079355704195e-11	clade1sub12	128-254-83-255
5381	0.1912816221187518	clade1sub12	128-254-83-255
5382	0.0006852122134049	clade1sub3	70-122-242-255
5383	0.0767166124452492	clade1sub12	128-254-83-255
5384	0.130952538351552	clade1sub4	53-243-148-255
5385	0.075816530773669	clade1sub12	128-254-83-255
5386	0.2668600139943318	clade1sub12	128-254-83-255
5387	0.2208725992576494	clade1sub12	128-254-83-255
5388	0.0290075322027468	clade1sub14	247-113-27-255
5389	9.838417810133211e-07	clade1sub7	24-215-202-255
5390	0.1235741993260831	clade1sub11	232-213-56-255
5391	0.0158614445125989	clade1sub11	232-213-56-255
5392	0.034144640620515	clade1sub12	128-254-83-255
5393	0.0283959870909432	clade1sub12	128-254-83-255
5394	0.00062553008381	clade1sub11	232-213-56-255
5395	0.2219056296497402	clade1sub12	128-254-83-255
5396	1.3660964857563813e-08	clade1sub3	70-122-242-255
5397	3.4307478438361614e-07	clade1sub11	232-213-56-255
5398	0.039256089906469	clade1sub12	128-254-83-255
5399	3.552286007386489e-05	clade1sub11	232-213-56-255
5400	1.0881929212270682e-09	clade1sub7	24-215-202-255
5401	9.63269400567204e-07	clade1sub12	128-254-83-255
5402	1.6280531911409513e-21	clade1sub7	24-215-202-255
5403	3.495684810726907e-11	clade1sub7	24-215-202-255
5404	4.26232036923107e-18	clade1sub7	24-215-202-255
5405	6.22838574770313e-13	clade1sub2	51-172-246-255
5406	3.802053986795727e-15	clade1sub7	24-215-202-255
5407	5.298624222907671e-19	clade1sub7	24-215-202-255
5408	2.3586117439740696e-12	clade1sub7	24-215-202-255
5409	1.2496267568115645e-17	clade1sub7	24-215-202-255
5410	1.3956734801040832e-19	clade1sub7	24-215-202-255
5411	2.878636347157612e-13	clade1sub2	51-172-246-255
5412	4.09379880774946e-23	clade1sub7	24-215-202-255
5413	2.636728806928549e-21	clade1sub7	24-215-202-255
5414	5.2544717784968595e-18	clade1sub7	24-215-202-255
5415	4.001484276097951e-15	clade1sub7	24-215-202-255
5416	4.242014815021024e-15	clade1sub3	70-122-242-255
5417	3.801575774346206e-18	clade1sub7	24-215-202-255
5418	1.26290184439715e-14	clade1sub7	24-215-202-255
5419	1.24111227300149e-07	clade1sub3	70-122-242-255
5420	7.697829187077664e-14	clade1sub7	24-215-202-255
5421	2.7250260246658025e-10	clade1sub3	70-122-242-255
5422	1.3272030946984818e-13	clade1sub7	24-215-202-255
5423	1.4491939748286805e-14	clade1sub7	24-215-202-255
5424	0.0365230937640944	clade1sub3	70-122-242-255
5425	4.608964110813151e-21	clade1sub7	24-215-202-255
5426	1.10574608215424e-06	clade1sub3	70-122-242-255
5427	2.6760714741983823e-24	clade1sub7	24-215-202-255
5428	5.7160097119494576e-08	clade1sub7	24-215-202-255
5429	0.0001010087212775	clade1sub3	70-122-242-255
5430	2.177634358428111e-19	clade1sub7	24-215-202-255
5431	0.0768999690558745	clade1sub3	70-122-242-255
5432	1.0207293274881567e-14	clade1sub7	24-215-202-255
5433	0.0748162300054029	clade1sub12	128-254-83-255
5434	0.2347855232293171	clade1sub12	128-254-83-255
5435	4.483305989635742e-13	clade1sub7	24-215-202-255
5436	1.4398328867272138e-14	clade1sub7	24-215-202-255
5437	0.0169807960286291	clade1sub12	128-254-83-255
5438	0.0170685982893518	clade1sub11	232-213-56-255
5439	3.069799674508773e-16	clade1sub7	24-215-202-255
5440	8.819522210354718e-09	clade1sub14	247-113-27-255
5441	9.711733410882805e-13	clade1sub7	24-215-202-255
5442	0.0030664308501082	clade1sub12	128-254-83-255
5443	1.6913994733184425e-18	clade1sub7	24-215-202-255
5444	3.086509263113915e-09	clade1sub12	128-254-83-255
5445	4.097864274854026e-19	clade1sub14	247-113-27-255
5446	0.007747362330292	clade1sub2	51-172-246-255
5447	1.2869747294915603e-14	clade1sub7	24-215-202-255
5448	1.2788427805170003e-10	clade1sub7	24-215-202-255
5449	0.1686544197504256	clade1sub12	128-254-83-255
5450	9.815924216360057e-12	clade1sub7	24-215-202-255
5451	2.851537430827495e-10	clade1sub4	53-243-148-255
5452	1.528882089942501e-17	clade1sub7	24-215-202-255
5453	1.4342906730830874e-08	clade1sub3	70-122-242-255
5454	3.4898899672119764e-12	clade1sub7	24-215-202-255
5455	8.161748643800013e-16	clade1sub3	70-122-242-255
5456	1.027366778846207e-07	clade1sub3	70-122-242-255
5457	4.682141387125391e-10	clade1sub7	24-215-202-255
5458	5.5382961874373365e-09	clade1sub18	122-4-2-255
5459	0.0027500584736465	clade1sub4	53-243-148-255
5460	5.271852130706984e-10	clade1sub7	24-215-202-255
5461	9.799099649079009e-09	clade1sub18	122-4-2-255
5462	0.0001031683281938	clade1sub3	70-122-242-255
5463	7.642104650870227e-25	clade1sub7	24-215-202-255
5464	1.5278576923674373e-20	clade1sub7	24-215-202-255
5465	0.0002514447061322	clade1sub11	232-213-56-255
5466	0.0719361671745247	clade1sub11	232-213-56-255
5467	8.910399170142439e-08	clade1sub11	232-213-56-255
5468	1.7201683845375028e-05	clade1sub11	232-213-56-255
5469	2.1133240309114806e-07	clade1sub11	232-213-56-255
5470	0.019500555184879	clade1sub12	128-254-83-255
5471	0.0013620243141266	clade1sub11	232-213-56-255
5472	4.402249061756867e-07	clade1sub11	232-213-56-255
5473	2.1720355496283616e-12	clade1sub14	247-113-27-255
5474	0.0014069890106594	clade1sub11	232-213-56-255
5475	1.3032033680334788e-06	clade1sub11	232-213-56-255
5476	0.0062665148580907	clade1sub4	53-243-148-255
5477	1.209699423616514e-17	clade1sub7	24-215-202-255
5478	3.4545374906543812e-18	clade1sub7	24-215-202-255
5479	1.0763929733919043e-19	clade1sub7	24-215-202-255
5480	2.02724248996692e-08	clade1sub18	122-4-2-255
5481	2.0528913481120284e-06	clade1sub7	24-215-202-255
5482	3.138964235128604e-11	clade1sub7	24-215-202-255
5483	1.094911439483996e-07	clade1sub3	70-122-242-255
5484	9.310727364595702e-14	clade1sub12	128-254-83-255
5485	6.068543451785387e-12	clade1sub3	70-122-242-255
5486	0.0100915832504384	clade1sub11	232-213-56-255
5487	0.1147118290223283	clade1sub12	128-254-83-255
5488	1.3063985000833971e-05	clade1sub12	128-254-83-255
5489	0.0018100674246845	clade1sub3	70-122-242-255
5490	3.376292126583987e-05	clade1sub4	53-243-148-255
5491	0.1968023053230074	clade1sub12	128-254-83-255
5492	0.2918550832265525	clade1sub12	128-254-83-255
5493	0.1775223975791476	clade1sub12	128-254-83-255
5494	0.1263459350556176	clade1sub12	128-254-83-255
5495	0.0028328125268236	clade1sub3	70-122-242-255
5496	0.0001724079044162	clade1sub3	70-122-242-255
5497	0.0157660420070537	clade1sub7	24-215-202-255
5498	0.0064903282030348	clade1sub11	232-213-56-255
5499	0.0065241086916055	clade1sub3	70-122-242-255
5500	0.0342346096577657	clade1sub12	128-254-83-255
5501	0.0342225374684382	clade1sub12	128-254-83-255
5502	0.0342346096577657	clade1sub12	128-254-83-255
5503	9.68947520849319e-14	clade1sub7	24-215-202-255
5504	1.2704270101731534e-15	clade1sub7	24-215-202-255
5505	6.674329004879186e-15	clade1sub7	24-215-202-255
5506	7.414970781952768e-16	clade1sub7	24-215-202-255
5507	4.028062558080908e-13	clade1sub7	24-215-202-255
5508	1.4046487867125488e-07	clade1sub14	247-113-27-255
5509	7.079392305825345e-06	clade1sub11	232-213-56-255
5510	5.474777688704265e-05	clade1sub11	232-213-56-255
5511	5.705259245864609e-17	clade1sub7	24-215-202-255
5512	2.6583042970457044e-07	clade1sub3	70-122-242-255
5513	2.470383021244203e-15	clade1sub7	24-215-202-255
5514	4.3369638830859066e-15	clade1sub7	24-215-202-255
5515	4.3369638830859066e-15	clade1sub7	24-215-202-255
5516	1.0171735017560973e-20	clade1sub7	24-215-202-255
5517	1.917147058205285e-08	clade1sub3	70-122-242-255
5518	3.8536707824655136e-08	clade1sub3	70-122-242-255
5519	0.0001093726176012	clade1sub11	232-213-56-255
5520	0.0173604948426526	clade1sub12	128-254-83-255
5521	0.036520255478215	clade1sub18	122-4-2-255
5522	4.730278034600328e-12	clade1sub3	70-122-242-255
5523	2.373968950790137e-10	clade1sub3	70-122-242-255
5524	8.43069915076363e-10	clade1sub3	70-122-242-255
5525	4.856819722432535e-28	clade1sub7	24-215-202-255
5526	7.699812086062413e-07	clade1sub17	222-62-8-255
5527	2.8610575404416785e-13	clade1sub3	70-122-242-255
5528	4.170724309395302e-11	clade1sub11	232-213-56-255
5529	5.55115020808339e-10	clade1sub11	232-213-56-255
5530	4.922119257767174e-08	clade1sub7	24-215-202-255
5531	4.65648196968654e-07	clade1sub7	24-215-202-255
5532	3.805328403216815e-07	clade1sub7	24-215-202-255
5533	0.0011920729877545	clade1sub11	232-213-56-255
5534	0.0189755382947422	clade1sub12	128-254-83-255
5535	0.0306810790119756	clade1sub4	53-243-148-255
5536	0.000579320471844	clade1sub11	232-213-56-255
5537	0.2100929200681345	clade1sub11	232-213-56-255
5538	0.2841831872028161	clade1sub11	232-213-56-255
5539	0.0112481944500312	clade1sub12	128-254-83-255
5540	3.882666520611677e-05	clade1sub11	232-213-56-255
5541	0.0153282454495576	clade1sub12	128-254-83-255
5542	1.1404830376759878e-08	clade1sub7	24-215-202-255
5543	2.9831772675139657e-19	clade1sub7	24-215-202-255
5544	5.700896959328174e-07	clade1sub11	232-213-56-255
5545	3.932499579777996e-18	clade1sub7	24-215-202-255
5546	8.415775529537565e-17	clade1sub7	24-215-202-255
5547	8.297568363640527e-06	clade1sub4	53-243-148-255
5548	4.751666088221068e-11	clade1sub7	24-215-202-255
5549	1.5229934574248482e-10	clade1sub11	232-213-56-255
5550	3.3300890720446948e-12	clade1sub7	24-215-202-255
5551	1.2588747128856494e-07	clade1sub7	24-215-202-255
5552	5.1162672539757285e-17	clade1sub7	24-215-202-255
5553	2.5615981396424044e-17	clade1sub7	24-215-202-255
5554	6.847784385350168e-11	clade1sub3	70-122-242-255
5555	1.4937190555093514e-06	clade1sub3	70-122-242-255
5556	2.5175794065205225e-11	clade1sub3	70-122-242-255
5557	1.2049600994379264e-16	clade1sub3	70-122-242-255
5558	4.740479234231027e-13	clade1sub3	70-122-242-255
5559	1.7737215397159067e-09	clade1sub3	70-122-242-255
5560	2.872297801960366e-13	clade1sub3	70-122-242-255
5561	2.4422333285310286e-20	clade1sub3	70-122-242-255
5562	3.429561196750238e-07	clade1sub4	53-243-148-255
5563	5.012646014140331e-15	clade1sub3	70-122-242-255
5564	5.705603063983661e-12	clade1sub3	70-122-242-255
5565	4.2421444227627594e-11	clade1sub3	70-122-242-255
5566	1.856171570784112e-13	clade1sub3	70-122-242-255
5567	1.764849146458766e-14	clade1sub3	70-122-242-255
5568	5.459187174122536e-06	clade1sub3	70-122-242-255
5569	7.06376114783971e-11	clade1sub3	70-122-242-255
5570	0.0666224116759682	clade1sub12	128-254-83-255
5571	1.5420719554066946e-05	clade1sub11	232-213-56-255
5572	1.6412494076390354e-14	clade1sub12	128-254-83-255
5573	8.153535146912717e-10	clade1sub3	70-122-242-255
5574	4.280909377615293e-15	clade1sub17	222-62-8-255
5575	1.6122163917516146e-05	clade1sub12	128-254-83-255
5576	3.529099282124121e-07	clade1sub12	128-254-83-255
5577	6.978331788437364e-05	clade1sub4	53-243-148-255
5578	8.744253928029508e-10	clade1sub7	24-215-202-255
5579	4.540773286550451e-13	clade1sub7	24-215-202-255
5580	9.04008976796221e-05	clade1sub12	128-254-83-255
5581	0.0592542655083919	clade1sub4	53-243-148-255
5582	0.0064750829435501	clade1sub4	53-243-148-255
5583	0.0778278541132036	clade1sub12	128-254-83-255
5584	2.869885550016779e-07	clade1sub11	232-213-56-255
5585	0.1892581545916306	clade1sub4	53-243-148-255
5586	0.0236242756891716	clade1sub12	128-254-83-255
5587	0.0059007033587612	clade1sub11	232-213-56-255
5588	6.282270066616148e-07	clade1sub7	24-215-202-255
5589	3.031710266557912e-05	clade1sub11	232-213-56-255
5590	6.616508522575068e-05	clade1sub7	24-215-202-255
5591	7.537377640899308e-09	clade1sub7	24-215-202-255
5592	4.321645860738646e-08	clade1sub11	232-213-56-255
5593	4.352712806622002e-07	clade1sub12	128-254-83-255
5594	5.2010307892870094e-14	clade1sub7	24-215-202-255
5595	2.100190815115982e-13	clade1sub2	51-172-246-255
5596	3.647229931280651e-17	clade1sub2	51-172-246-255
5597	4.13658222290329e-12	clade1sub7	24-215-202-255
5598	2.4362904718361067e-16	clade1sub2	51-172-246-255
5599	8.277623946208281e-21	clade1sub7	24-215-202-255
5600	4.449672664368635e-19	clade1sub7	24-215-202-255
5601	1.3515608296261422e-11	clade1sub7	24-215-202-255
5602	4.173027314555698e-14	clade1sub2	51-172-246-255
5603	1.913838925727033e-14	clade1sub7	24-215-202-255
5604	7.433128552667189e-22	clade1sub7	24-215-202-255
5605	1.4516566942815634e-20	clade1sub7	24-215-202-255
5606	1.2015890969073949e-17	clade1sub7	24-215-202-255
5607	7.309258151969706e-17	clade1sub7	24-215-202-255
5608	6.073807279431285e-19	clade1sub7	24-215-202-255
5609	4.9501970984130276e-17	clade1sub7	24-215-202-255
5610	2.486355790468247e-17	clade1sub7	24-215-202-255
5611	4.7309524114389814e-20	clade1sub7	24-215-202-255
5612	3.894874897912043e-12	clade1sub7	24-215-202-255
5613	1.943987538821978e-12	clade1sub2	51-172-246-255
5614	4.557558699514322e-09	clade1sub7	24-215-202-255
5615	1.3241130814855889e-11	clade1sub7	24-215-202-255
5616	3.5140845567744946e-08	clade1sub7	24-215-202-255
5617	1.4721305370551172e-08	clade1sub7	24-215-202-255
5618	1.425272012173397e-15	clade1sub7	24-215-202-255
5619	6.364375807080295e-09	clade1sub7	24-215-202-255
5620	4.3348928615760075e-07	clade1sub3	70-122-242-255
5621	0.2229359998966416	clade1sub12	128-254-83-255
5622	4.804184852557166e-06	clade1sub4	53-243-148-255
5623	0.0338473274171141	clade1sub12	128-254-83-255
5624	0.0333710457264234	clade1sub12	128-254-83-255
5625	0.1908969937161894	clade1sub11	232-213-56-255
5626	0.0056873240834591	clade1sub11	232-213-56-255
5627	2.9349232905497376e-15	clade1sub7	24-215-202-255
5628	0.0541356251811081	clade1sub11	232-213-56-255
5629	0.0167079431790673	clade1sub11	232-213-56-255
5630	0.0319815150294771	clade1sub11	232-213-56-255
5631	0.0128880276162525	clade1sub4	53-243-148-255
5632	0.1357400716293114	clade1sub12	128-254-83-255
5633	4.101995441304945e-05	clade1sub3	70-122-242-255
5634	0.1281947634182804	clade1sub12	128-254-83-255
5635	0.2114167653784628	clade1sub12	128-254-83-255
5636	1.07800121780316e-06	clade1sub12	128-254-83-255
5637	1.7619184878824145e-08	clade1sub7	24-215-202-255
5638	6.661595694369105e-05	clade1sub11	232-213-56-255
5639	5.892579623328716e-22	clade1sub7	24-215-202-255
5640	4.883852952158734e-25	clade1sub7	24-215-202-255
5641	3.573456268439892e-15	clade1sub7	24-215-202-255
5642	1.1096404813619148e-13	clade1sub2	51-172-246-255
5643	9.426765753576129e-22	clade1sub7	24-215-202-255
5644	2.7317883397947177e-19	clade1sub7	24-215-202-255
5645	1.8255674474058868e-17	clade1sub7	24-215-202-255
5646	1.4893134040357e-18	clade1sub7	24-215-202-255
5647	2.442094436892262e-14	clade1sub7	24-215-202-255
5648	1.7739778028476046e-14	clade1sub7	24-215-202-255
5649	2.0981392685672112e-16	clade1sub7	24-215-202-255
5650	1.4882930718051425e-18	clade1sub7	24-215-202-255
5651	5.0545471294513725e-17	clade1sub7	24-215-202-255
5652	5.593685273652205e-17	clade1sub7	24-215-202-255
5653	2.2383468618711853e-19	clade1sub7	24-215-202-255
5654	3.7392417278121606e-05	clade1sub4	53-243-148-255
5655	4.234790502009964e-09	clade1sub18	122-4-2-255
5656	1.1891552709742586e-05	clade1sub4	53-243-148-255
5657	3.489752179748787e-07	clade1sub7	24-215-202-255
5658	7.707958270146256e-09	clade1sub3	70-122-242-255
5659	3.6840093859512966e-25	clade1sub7	24-215-202-255
5660	4.5653554282589554e-20	clade1sub7	24-215-202-255
5661	4.918277398621534e-10	clade1sub3	70-122-242-255
5662	8.865848532275314e-08	clade1sub7	24-215-202-255
5663	7.636230686581153e-06	clade1sub7	24-215-202-255
5664	5.453379456795652e-15	clade1sub7	24-215-202-255
5665	8.401864905835172e-13	clade1sub7	24-215-202-255
5666	1.2914598638555741e-19	clade1sub7	24-215-202-255
5667	0.2668600139943318	clade1sub12	128-254-83-255
5668	0.1164010767962968	clade1sub12	128-254-83-255
5669	4.843495615151627e-19	clade1sub7	24-215-202-255
5670	3.5376549861588075e-08	clade1sub7	24-215-202-255
5671	0.0001006572325651	clade1sub12	128-254-83-255
5672	1.978488035694741e-20	clade1sub14	247-113-27-255
5673	5.288794329564051e-14	clade1sub7	24-215-202-255
5674	8.402555287472519e-12	clade1sub12	128-254-83-255
5675	3.75835343032337e-12	clade1sub4	53-243-148-255
5676	5.59737177959995e-17	clade1sub7	24-215-202-255
5677	1.7377494504319024e-06	clade1sub2	51-172-246-255
5678	1.3764449021694734e-10	clade1sub7	24-215-202-255
5679	9.566916575756715e-11	clade1sub7	24-215-202-255
5680	3.5185796678601834e-10	clade1sub7	24-215-202-255
5681	2.984456432281267e-07	clade1sub12	128-254-83-255
5682	2.321946432909013e-11	clade1sub7	24-215-202-255
5683	9.263106451598488e-09	clade1sub7	24-215-202-255
5684	1.234318991172958e-05	clade1sub12	128-254-83-255
5685	2.7683159695451047e-12	clade1sub7	24-215-202-255
5686	4.0516848885465486e-11	clade1sub7	24-215-202-255
5687	2.018860191376457e-11	clade1sub3	70-122-242-255
5688	1.0579985566745826e-24	clade1sub7	24-215-202-255
5689	2.412692147888582e-23	clade1sub7	24-215-202-255
5690	5.04204463053131e-08	clade1sub11	232-213-56-255
5691	1.7466187353020655e-06	clade1sub11	232-213-56-255
5692	9.150319411360621e-13	clade1sub7	24-215-202-255
5693	1.2554513650871636e-07	clade1sub11	232-213-56-255
5694	7.954870953850604e-06	clade1sub11	232-213-56-255
5695	0.0072374471069944	clade1sub14	247-113-27-255
5696	8.94298327317987e-07	clade1sub11	232-213-56-255
5697	4.294645014962012e-05	clade1sub14	247-113-27-255
5698	0.0316435602013457	clade1sub11	232-213-56-255
5699	0.0002915237376444	clade1sub11	232-213-56-255
5700	9.354005811975272e-07	clade1sub14	247-113-27-255
5701	4.620280156702473e-08	clade1sub11	232-213-56-255
5702	0.0690393261923439	clade1sub12	128-254-83-255
5703	0.0015616858669615	clade1sub14	247-113-27-255
5704	2.4714315086839223e-05	clade1sub3	70-122-242-255
5705	0.0008779031986882	clade1sub12	128-254-83-255
5706	4.755252291672799e-08	clade1sub14	247-113-27-255
5707	1.8250381933353535e-05	clade1sub14	247-113-27-255
5708	1.0661504175010443e-10	clade1sub14	247-113-27-255
5709	2.0536091395540923e-18	clade1sub7	24-215-202-255
5710	3.0355169898632307e-21	clade1sub7	24-215-202-255
5711	2.6754115876551726e-20	clade1sub7	24-215-202-255
5712	1.190332302259935e-18	clade1sub7	24-215-202-255
5713	3.1363855376787033e-23	clade1sub7	24-215-202-255
5714	1.5537906606285227e-05	clade1sub4	53-243-148-255
5715	1.1465651605130113e-08	clade1sub11	232-213-56-255
5716	1.3935108794736364e-05	clade1sub11	232-213-56-255
5717	1.142494331771408e-05	clade1sub12	128-254-83-255
5718	0.0001351045365076	clade1sub12	128-254-83-255
5719	0.0002650501831712	clade1sub12	128-254-83-255
5720	0.000440420569844	clade1sub11	232-213-56-255
5721	0.0884199861178209	clade1sub4	53-243-148-255
5722	0.0034762421675831	clade1sub4	53-243-148-255
5723	0.0018449410475544	clade1sub18	122-4-2-255
5724	0.0047654784885742	clade1sub4	53-243-148-255
5725	0.162775963654715	clade1sub11	232-213-56-255
5726	0.0182739337271275	clade1sub4	53-243-148-255
5727	8.9512636831157e-06	clade1sub3	70-122-242-255
5728	0.3009251405914623	clade1sub12	128-254-83-255
5729	0.0273196605681278	clade1sub12	128-254-83-255
5730	0.177683542605731	clade1sub12	128-254-83-255
5731	0.015472865642394	clade1sub11	232-213-56-255
5732	1.1713616581186627e-07	clade1sub7	24-215-202-255
5733	0.0169994685607783	clade1sub12	128-254-83-255
5734	0.0751719223857074	clade1sub3	70-122-242-255
5735	0.001479969285026	clade1sub3	70-122-242-255
5736	0.1463027671077387	clade1sub11	232-213-56-255
5737	8.634816161144809e-13	clade1sub7	24-215-202-255
5738	1.6870800737489382e-20	clade1sub7	24-215-202-255
5739	1.446937117776491e-14	clade1sub7	24-215-202-255
5740	0.4308119349455127	clade1sub11	232-213-56-255
5741	0.2563512373335558	clade1sub19	187-244-52-255
5742	8.863798519154111e-05	clade1sub7	24-215-202-255
5743	4.9190566649009184e-05	clade1sub11	232-213-56-255
5744	2.3221401871439477e-06	clade1sub11	232-213-56-255
5745	0.0007163609545135	clade1sub11	232-213-56-255
5746	0.0062919750028827	clade1sub11	232-213-56-255
5747	1.3074546813368975e-05	clade1sub11	232-213-56-255
5748	0.0063316626402827	clade1sub11	232-213-56-255
5749	2.702508168921665e-05	clade1sub14	247-113-27-255
5750	0.0001127939314325	clade1sub14	247-113-27-255
5751	0.0134730560636962	clade1sub19	187-244-52-255
5752	0.1322122116144647	clade1sub12	128-254-83-255
5753	3.814267771720267e-05	clade1sub11	232-213-56-255
5754	4.526687045770091e-06	clade1sub3	70-122-242-255
5755	0.0591967272649643	clade1sub12	128-254-83-255
5756	3.632667951485346e-07	clade1sub11	232-213-56-255
5757	0.0012444282526716	clade1sub14	247-113-27-255
5758	0.0003923163240693	clade1sub12	128-254-83-255
5759	6.008736833734335e-16	clade1sub7	24-215-202-255
5760	5.492419834928595e-07	clade1sub7	24-215-202-255
5761	1.964501353809873e-18	clade1sub7	24-215-202-255
5762	0.0009208580521443	clade1sub4	53-243-148-255
5763	6.2809498232180986e-06	clade1sub12	128-254-83-255
5764	6.391067432987912e-07	clade1sub17	222-62-8-255
5765	6.796977603635562e-05	clade1sub3	70-122-242-255
5766	0.0002834083383897	clade1sub4	53-243-148-255
5767	0.0157131497872764	clade1sub12	128-254-83-255
5768	0.0001146722135592	clade1sub11	232-213-56-255
5769	0.0076708168805382	clade1sub7	24-215-202-255
5770	0.1160146235504593	clade1sub11	232-213-56-255
5771	0.0806004948665972	clade1sub12	128-254-83-255
5772	0.0279883730615874	clade1sub12	128-254-83-255
5773	0.0201816551401749	clade1sub11	232-213-56-255
5774	0.000458383992937	clade1sub11	232-213-56-255
5775	0.0012139012488709	clade1sub11	232-213-56-255
5776	5.267948700569834e-06	clade1sub11	232-213-56-255
5777	3.3237387188069307e-06	clade1sub11	232-213-56-255
5778	0.0118242891471129	clade1sub11	232-213-56-255
5779	0.0031630196764086	clade1sub12	128-254-83-255
5780	0.0201400690632471	clade1sub12	128-254-83-255
5781	0.00025826779162	clade1sub12	128-254-83-255
5782	3.6010654730055636e-17	clade1sub7	24-215-202-255
5783	2.469801305830944e-20	clade1sub7	24-215-202-255
5784	2.06849266086798e-18	clade1sub7	24-215-202-255
5785	7.98634972730075e-20	clade1sub7	24-215-202-255
5786	2.864875107061708e-08	clade1sub14	247-113-27-255
5787	1.6736348974819218e-21	clade1sub7	24-215-202-255
5788	1.5236538061747372e-06	clade1sub12	128-254-83-255
5789	3.187228922431396e-18	clade1sub7	24-215-202-255
5790	1.5727624559136462e-13	clade1sub7	24-215-202-255
5791	3.5235444790895657e-19	clade1sub7	24-215-202-255
5792	1.286574911667306e-05	clade1sub7	24-215-202-255
5793	3.867805142263474e-17	clade1sub7	24-215-202-255
5794	5.922930264415393e-06	clade1sub11	232-213-56-255
5795	0.0038505127106659	clade1sub12	128-254-83-255
5796	1.5132647421819856e-05	clade1sub4	53-243-148-255
5797	9.027081613100262e-16	clade1sub7	24-215-202-255
5798	4.105007534050165e-09	clade1sub12	128-254-83-255
5799	0.0018853771579239	clade1sub3	70-122-242-255
5800	2.364445819557629e-07	clade1sub12	128-254-83-255
5801	2.150125407196203e-06	clade1sub3	70-122-242-255
5802	4.843044759071322e-06	clade1sub12	128-254-83-255
5803	3.878737805110396e-06	clade1sub11	232-213-56-255
5804	2.860093146086469e-07	clade1sub4	53-243-148-255
5805	2.389855753789336e-07	clade1sub3	70-122-242-255
5806	8.29185124492796e-08	clade1sub3	70-122-242-255
5807	2.518900500285923e-05	clade1sub11	232-213-56-255
5808	3.5973728441729483e-06	clade1sub3	70-122-242-255
5809	0.0011990595461839	clade1sub12	128-254-83-255
5810	2.181624508821079e-15	clade1sub7	24-215-202-255
5811	0.0001973450188156	clade1sub4	53-243-148-255
5812	0.0002674415047412	clade1sub12	128-254-83-255
5813	3.3022478075292973e-08	clade1sub4	53-243-148-255
5814	0.0059887516173435	clade1sub12	128-254-83-255
5815	2.457242049550779e-07	clade1sub4	53-243-148-255
5816	0.0031491932806331	clade1sub7	24-215-202-255
5817	8.75583660049181e-16	clade1sub11	232-213-56-255
5818	4.0554032149331205e-06	clade1sub7	24-215-202-255
5819	4.426504460249635e-06	clade1sub12	128-254-83-255
5820	9.540992500436225e-14	clade1sub7	24-215-202-255
5821	5.02076145543903e-08	clade1sub11	232-213-56-255
5822	0.0006417840700553	clade1sub14	247-113-27-255
5823	4.30889016705634e-08	clade1sub7	24-215-202-255
5824	0.001803173170456	clade1sub12	128-254-83-255
5825	0.0447723644163431	clade1sub11	232-213-56-255
5826	0.1023770480396161	clade1sub12	128-254-83-255
5827	6.377928488829318e-15	clade1sub7	24-215-202-255
5828	0.0216362457979531	clade1sub12	128-254-83-255
5829	0.1411828490447878	clade1sub12	128-254-83-255
5830	0.0050509937458597	clade1sub12	128-254-83-255
5831	1.2837317902386378e-08	clade1sub12	128-254-83-255
5832	4.158816518796253e-06	clade1sub12	128-254-83-255
5833	6.4946628042547576e-15	clade1sub14	247-113-27-255
5834	3.950003618728749e-12	clade1sub11	232-213-56-255
5835	2.0735672210818068e-17	clade1sub7	24-215-202-255
5836	1.3223111876624617e-15	clade1sub7	24-215-202-255
5837	4.668399951893733e-19	clade1sub7	24-215-202-255
5838	3.771170618633497e-16	clade1sub3	70-122-242-255
5839	6.344197469887562e-19	clade1sub7	24-215-202-255
5840	6.058534445596274e-20	clade1sub7	24-215-202-255
5841	6.653621531119969e-20	clade1sub7	24-215-202-255
5842	9.918421824409253e-16	clade1sub7	24-215-202-255
5843	9.709074467672144e-22	clade1sub7	24-215-202-255
5844	9.47882625205731e-21	clade1sub7	24-215-202-255
5845	7.569200641961446e-14	clade1sub2	51-172-246-255
5846	1.5937374949352174e-20	clade1sub7	24-215-202-255
5847	2.8176447982365925e-17	clade1sub7	24-215-202-255
5848	3.31499672512431e-16	clade1sub7	24-215-202-255
5849	5.200226428895767e-22	clade1sub7	24-215-202-255
5850	1.75761792644023e-23	clade1sub7	24-215-202-255
5851	1.7596579941374738e-20	clade1sub7	24-215-202-255
5852	9.134421857767326e-19	clade1sub2	51-172-246-255
5853	1.2689855569488377e-17	clade1sub7	24-215-202-255
5854	2.4272091344619678e-17	clade1sub7	24-215-202-255
5855	3.4093177424089456e-20	clade1sub7	24-215-202-255
5856	8.53244835384429e-12	clade1sub7	24-215-202-255
5857	3.675694175410802e-08	clade1sub12	128-254-83-255
5858	1.0322081691747324e-08	clade1sub3	70-122-242-255
5859	3.036888826919784e-09	clade1sub7	24-215-202-255
5860	8.674571371367239e-13	clade1sub7	24-215-202-255
5861	1.1479562462924936e-10	clade1sub3	70-122-242-255
5862	3.601872761944317e-11	clade1sub3	70-122-242-255
5863	3.766627395927549e-07	clade1sub4	53-243-148-255
5864	1.1445488478049604e-08	clade1sub7	24-215-202-255
5865	8.17203739566439e-12	clade1sub3	70-122-242-255
5866	0.1305598100210488	clade1sub12	128-254-83-255
5867	0.0338473274171141	clade1sub12	128-254-83-255
5868	0.0706925341212581	clade1sub12	128-254-83-255
5869	0.2259919420364839	clade1sub11	232-213-56-255
5870	0.0806004948665972	clade1sub12	128-254-83-255
5871	0.1598430955611539	clade1sub12	128-254-83-255
5872	0.0837069366333884	clade1sub12	128-254-83-255
5873	3.153048632649397e-12	clade1sub7	24-215-202-255
5874	0.0837069366333884	clade1sub12	128-254-83-255
5875	0.1895039264862214	clade1sub11	232-213-56-255
5876	5.191634906439202e-06	clade1sub7	24-215-202-255
5877	1.4543778658649034e-12	clade1sub7	24-215-202-255
5878	0.1668115371286848	clade1sub12	128-254-83-255
5879	1.5610706085661793e-05	clade1sub7	24-215-202-255
5880	0.1603251999840181	clade1sub12	128-254-83-255
5881	1.0501240525491924e-15	clade1sub7	24-215-202-255
5882	0.0036907963019626	clade1sub4	53-243-148-255
5883	0.0694890750337811	clade1sub12	128-254-83-255
5884	0.1140782934295391	clade1sub12	128-254-83-255
5885	0.041362349644241	clade1sub12	128-254-83-255
5886	5.448529880484072e-08	clade1sub7	24-215-202-255
5887	3.707013067670377e-21	clade1sub12	128-254-83-255
5888	4.336727690820092e-21	clade1sub3	70-122-242-255
5889	2.130386524148757e-25	clade1sub3	70-122-242-255
5890	1.05934958679522e-21	clade1sub7	24-215-202-255
5891	1.0556320124942337e-19	clade1sub7	24-215-202-255
5892	1.3487274387021546e-24	clade1sub7	24-215-202-255
5893	1.6181072089525234e-20	clade1sub7	24-215-202-255
5894	1.6139551205776057e-23	clade1sub7	24-215-202-255
5895	3.114022213168502e-20	clade1sub7	24-215-202-255
5896	1.867062579883482e-23	clade1sub7	24-215-202-255
5897	3.743551673548951e-13	clade1sub7	24-215-202-255
5898	3.7528172326350913e-20	clade1sub7	24-215-202-255
5899	4.098874467433784e-22	clade1sub7	24-215-202-255
5900	6.648209405637567e-14	clade1sub3	70-122-242-255
5901	2.5409266694144866e-10	clade1sub7	24-215-202-255
5902	2.162805161975879e-13	clade1sub3	70-122-242-255
5903	8.47457681587839e-08	clade1sub7	24-215-202-255
5904	4.461432721581759e-11	clade1sub7	24-215-202-255
5905	1.2617102936245276e-09	clade1sub3	70-122-242-255
5906	1.0501932680862459e-09	clade1sub7	24-215-202-255
5907	7.201670905202631e-25	clade1sub7	24-215-202-255
5908	7.12094279588064e-09	clade1sub7	24-215-202-255
5909	1.818124245419169e-10	clade1sub7	24-215-202-255
5910	5.266633892420288e-16	clade1sub7	24-215-202-255
5911	5.07371152107791e-07	clade1sub7	24-215-202-255
5912	0.0003001352045418	clade1sub3	70-122-242-255
5913	5.968318495517093e-13	clade1sub7	24-215-202-255
5914	0.2668600139943318	clade1sub12	128-254-83-255
5915	0.3230960394752212	clade1sub12	128-254-83-255
5916	4.9389419131129876e-08	clade1sub12	128-254-83-255
5917	8.39509908805882e-24	clade1sub7	24-215-202-255
5918	0.2484378347050989	clade1sub12	128-254-83-255
5919	4.376670604918473e-06	clade1sub14	247-113-27-255
5920	7.456721283471134e-16	clade1sub7	24-215-202-255
5921	2.6224333669234914e-06	clade1sub14	247-113-27-255
5922	1.3977684176947637e-17	clade1sub7	24-215-202-255
5923	6.007777287945315e-12	clade1sub3	70-122-242-255
5924	1.216043111258166e-19	clade1sub7	24-215-202-255
5925	2.30649994028074e-06	clade1sub7	24-215-202-255
5926	1.9040287308684776e-19	clade1sub7	24-215-202-255
5927	9.14161080895149e-25	clade1sub7	24-215-202-255
5928	8.39391081198768e-13	clade1sub7	24-215-202-255
5929	2.9960379579257844e-05	clade1sub12	128-254-83-255
5930	6.476675913869465e-06	clade1sub12	128-254-83-255
5931	9.601885391530683e-07	clade1sub7	24-215-202-255
5932	2.8269140069289603e-06	clade1sub4	53-243-148-255
5933	0.0003821790620739	clade1sub12	128-254-83-255
5934	1.1573127375551478e-16	clade1sub4	53-243-148-255
5935	1.3595360132744563e-10	clade1sub7	24-215-202-255
5936	8.657245302927534e-09	clade1sub3	70-122-242-255
5937	3.759136636703183e-09	clade1sub3	70-122-242-255
5938	6.90139750166325e-10	clade1sub7	24-215-202-255
5939	1.7059669586395928e-12	clade1sub7	24-215-202-255
5940	2.8090134985777825e-07	clade1sub4	53-243-148-255
5941	1.5878082405204339e-09	clade1sub7	24-215-202-255
5942	6.894347841772713e-10	clade1sub7	24-215-202-255
5943	1.2613485754307696e-08	clade1sub14	247-113-27-255
5944	3.819450422269709e-08	clade1sub7	24-215-202-255
5945	1.789086407303049e-09	clade1sub7	24-215-202-255
5946	4.095673626889861e-05	clade1sub3	70-122-242-255
5947	9.004090968538428e-24	clade1sub7	24-215-202-255
5948	8.507569344005059e-06	clade1sub11	232-213-56-255
5949	9.337919720266652e-05	clade1sub11	232-213-56-255
5950	2.757069020980954e-09	clade1sub11	232-213-56-255
5951	2.575070242137486e-08	clade1sub7	24-215-202-255
5952	0.0005925095897912	clade1sub11	232-213-56-255
5953	0.0010732460148325	clade1sub11	232-213-56-255
5954	0.0001113149220528	clade1sub11	232-213-56-255
5955	1.7835169005549877e-06	clade1sub11	232-213-56-255
5956	5.532096916145852e-05	clade1sub11	232-213-56-255
5957	2.7303720238403782e-06	clade1sub7	24-215-202-255
5958	0.0001427516586724	clade1sub11	232-213-56-255
5959	0.0004163247040035	clade1sub11	232-213-56-255
5960	5.52103671186532e-10	clade1sub14	247-113-27-255
5961	1.3292475271669803e-06	clade1sub14	247-113-27-255
5962	8.680781848686823e-08	clade1sub14	247-113-27-255
5963	7.83979946661851e-08	clade1sub7	24-215-202-255
5964	9.105271914524988e-06	clade1sub14	247-113-27-255
5965	7.345145412338155e-07	clade1sub14	247-113-27-255
5966	1.0929293082515126e-20	clade1sub7	24-215-202-255
5967	3.692319028404031e-21	clade1sub7	24-215-202-255
5968	0.0003161887945276	clade1sub12	128-254-83-255
5969	1.985087385968853e-08	clade1sub11	232-213-56-255
5970	0.0021247211319994	clade1sub12	128-254-83-255
5971	3.040706325947992e-07	clade1sub11	232-213-56-255
5972	0.0670927045324195	clade1sub4	53-243-148-255
5973	0.0046610854453141	clade1sub7	24-215-202-255
5974	0.0921450837967614	clade1sub4	53-243-148-255
5975	0.0025063904666062	clade1sub7	24-215-202-255
5976	0.0530909834908717	clade1sub12	128-254-83-255
5977	0.0833719833762226	clade1sub12	128-254-83-255
5978	1.5312733966676583e-09	clade1sub4	53-243-148-255
5979	0.1578476891498377	clade1sub4	53-243-148-255
5980	0.0992370951745111	clade1sub4	53-243-148-255
5981	0.0833719833762226	clade1sub12	128-254-83-255
5982	0.2967239419894875	clade1sub11	232-213-56-255
5983	0.2259919420364839	clade1sub11	232-213-56-255
5984	0.0246951755378991	clade1sub11	232-213-56-255
5985	0.0034545330497036	clade1sub3	70-122-242-255
5986	0.063183712871088	clade1sub12	128-254-83-255
5987	1.6179690733691743e-16	clade1sub7	24-215-202-255
5988	4.4405148183860884e-13	clade1sub7	24-215-202-255
5989	4.583372604288875e-20	clade1sub7	24-215-202-255
5990	2.120670565255688e-10	clade1sub7	24-215-202-255
5991	0.0001712237703773	clade1sub14	247-113-27-255
5992	7.542272508202909e-06	clade1sub11	232-213-56-255
5993	3.968077106165993e-13	clade1sub7	24-215-202-255
5994	4.804738409894493e-06	clade1sub19	187-244-52-255
5995	3.0541360844161013e-06	clade1sub7	24-215-202-255
5996	2.0060004887593736e-08	clade1sub14	247-113-27-255
5997	0.0025328115520537	clade1sub14	247-113-27-255
5998	3.899614153447061e-12	clade1sub11	232-213-56-255
5999	0.0007322247036869	clade1sub14	247-113-27-255
6000	1.2553786358805178e-07	clade1sub11	232-213-56-255
6001	3.110540796720151e-07	clade1sub11	232-213-56-255
6002	0.0004555060418704	clade1sub11	232-213-56-255
6003	6.57414589637472e-07	clade1sub11	232-213-56-255
6004	3.2950061242442678e-06	clade1sub11	232-213-56-255
6005	1.0557856475430934e-06	clade1sub11	232-213-56-255
6006	0.0021056986493305	clade1sub12	128-254-83-255
6007	0.0604022015685984	clade1sub12	128-254-83-255
6008	0.0701302384848081	clade1sub12	128-254-83-255
6009	0.0478402865511412	clade1sub12	128-254-83-255
6010	0.0015710502563033	clade1sub14	247-113-27-255
6011	0.0085780131665546	clade1sub12	128-254-83-255
6012	0.0007515321665272	clade1sub11	232-213-56-255
6013	1.882601110177641e-05	clade1sub11	232-213-56-255
6014	3.9759932369041285e-17	clade1sub7	24-215-202-255
6015	0.0289397493089264	clade1sub12	128-254-83-255
6016	2.9781537052133156e-11	clade1sub3	70-122-242-255
6017	1.135453211699209e-07	clade1sub3	70-122-242-255
6018	9.69972544992982e-16	clade1sub3	70-122-242-255
6019	3.3295443374874982e-06	clade1sub3	70-122-242-255
6020	9.57173215911508e-08	clade1sub3	70-122-242-255
6021	4.637128208102041e-12	clade1sub3	70-122-242-255
6022	0.007085797597437	clade1sub11	232-213-56-255
6023	0.0022087245633567	clade1sub11	232-213-56-255
6024	0.0023004372538742	clade1sub12	128-254-83-255
6025	0.0546876673618825	clade1sub4	53-243-148-255
6026	0.0011085420849582	clade1sub11	232-213-56-255
6027	0.0011865580340347	clade1sub11	232-213-56-255
6028	0.00540034105542	clade1sub11	232-213-56-255
6029	5.5910379233543e-06	clade1sub7	24-215-202-255
6030	0.0003081348047929	clade1sub11	232-213-56-255
6031	0.0074668042905811	clade1sub11	232-213-56-255
6032	0.0007697072745413	clade1sub3	70-122-242-255
6033	1.4387539231154642e-11	clade1sub7	24-215-202-255
6034	1.156409565175108e-08	clade1sub7	24-215-202-255
6035	0.0770973540657006	clade1sub12	128-254-83-255
6036	0.4729527840750709	clade1sub12	128-254-83-255
6037	0.0104348623245936	clade1sub18	122-4-2-255
6038	0.0001884394128434	clade1sub11	232-213-56-255
6039	1.118741157412422e-16	clade1sub7	24-215-202-255
6040	2.434954458881389e-08	clade1sub11	232-213-56-255
6041	6.789958653401207e-20	clade1sub7	24-215-202-255
6042	0.0019156054638493	clade1sub11	232-213-56-255
6043	6.357873814342282e-06	clade1sub14	247-113-27-255
6044	1.0596121715624573e-18	clade1sub7	24-215-202-255
6045	0.005432866792325	clade1sub14	247-113-27-255
6046	5.796804861100092e-07	clade1sub19	187-244-52-255
6047	4.736237563688186e-23	clade1sub7	24-215-202-255
6048	8.654526465929861e-21	clade1sub7	24-215-202-255
6049	1.4828059144101542e-18	clade1sub7	24-215-202-255
6050	3.3538566935090576e-11	clade1sub3	70-122-242-255
6051	2.0346611100023924e-06	clade1sub3	70-122-242-255
6052	0.0004923378884124	clade1sub3	70-122-242-255
6053	1.6847830001456962e-10	clade1sub11	232-213-56-255
6054	3.5889612669601627e-12	clade1sub3	70-122-242-255
6055	8.273233773688205e-12	clade1sub11	232-213-56-255
6056	0.0006099234369971	clade1sub4	53-243-148-255
6057	4.112766243760676e-09	clade1sub7	24-215-202-255
6058	7.093869272787836e-06	clade1sub4	53-243-148-255
6059	0.0002938390122236	clade1sub12	128-254-83-255
6060	0.0086615331174718	clade1sub12	128-254-83-255
6061	4.11961518562227e-05	clade1sub4	53-243-148-255
6062	2.641627814951127e-07	clade1sub7	24-215-202-255
6063	1.444210638917839e-05	clade1sub12	128-254-83-255
6064	3.73365416330684e-16	clade1sub7	24-215-202-255
6065	0.0004196146162781	clade1sub11	232-213-56-255
6066	0.0001841835330397	clade1sub11	232-213-56-255
6067	0.0004194634865052	clade1sub12	128-254-83-255
6068	2.3229767041240152e-10	clade1sub12	128-254-83-255
6069	3.2892104872741367e-09	clade1sub12	128-254-83-255
6070	9.025124376830907e-22	clade1sub13	180-27-1-255
6071	7.717374098290401e-15	clade1sub7	24-215-202-255
6072	1.4678710304091355e-11	clade1sub7	24-215-202-255
6073	1.4721296070327628e-17	clade1sub7	24-215-202-255
6074	7.581935086749658e-14	clade1sub3	70-122-242-255
6075	1.9592622001841056e-18	clade1sub7	24-215-202-255
6076	1.2773706720798207e-16	clade1sub3	70-122-242-255
6077	5.4722965206203527e-17	clade1sub7	24-215-202-255
6078	3.359590296656132e-24	clade1sub7	24-215-202-255
6079	2.2242949355256033e-16	clade1sub3	70-122-242-255
6080	3.574672565117242e-20	clade1sub7	24-215-202-255
6081	9.46167783471567e-13	clade1sub3	70-122-242-255
6082	5.837973781097558e-16	clade1sub7	24-215-202-255
6083	9.803062224176046e-24	clade1sub7	24-215-202-255
6084	1.2624334862820845e-21	clade1sub7	24-215-202-255
6085	9.822934342333913e-24	clade1sub7	24-215-202-255
6086	1.679851518899752e-24	clade1sub7	24-215-202-255
6087	3.813772296289312e-17	clade1sub7	24-215-202-255
6088	1.5954913036552417e-18	clade1sub12	128-254-83-255
6089	1.1942388465232941e-19	clade1sub7	24-215-202-255
6090	4.518602927358948e-13	clade1sub7	24-215-202-255
6091	3.72398745939041e-10	clade1sub2	51-172-246-255
6092	2.7642072561585852e-08	clade1sub7	24-215-202-255
6093	1.8879601230505942e-14	clade1sub4	53-243-148-255
6094	1.2352361125334544e-14	clade1sub7	24-215-202-255
6095	2.0696967552609235e-09	clade1sub7	24-215-202-255
6096	5.263512927581176e-11	clade1sub7	24-215-202-255
6097	1.5220617809714178e-10	clade1sub7	24-215-202-255
6098	5.932291413916829e-14	clade1sub7	24-215-202-255
6099	2.0591166213204845e-17	clade1sub7	24-215-202-255
6100	9.049737451310681e-13	clade1sub3	70-122-242-255
6101	2.8431331087601204e-11	clade1sub7	24-215-202-255
6102	0.0004253543355333	clade1sub12	128-254-83-255
6103	1.3446328043516266e-07	clade1sub4	53-243-148-255
6104	1.6158334882273322e-08	clade1sub3	70-122-242-255
6105	0.012094682275214	clade1sub4	53-243-148-255
6106	0.0255061180218029	clade1sub11	232-213-56-255
6107	2.8459643716281948e-06	clade1sub3	70-122-242-255
6108	6.871607308270848e-15	clade1sub7	24-215-202-255
6109	1.258897483620083e-13	clade1sub7	24-215-202-255
6110	1.3650844640866897e-15	clade1sub7	24-215-202-255
6111	3.929456578101567e-07	clade1sub18	122-4-2-255
6112	5.2514013564944265e-11	clade1sub3	70-122-242-255
6113	0.0044105423347966	clade1sub3	70-122-242-255
6114	6.342771364314754e-07	clade1sub12	128-254-83-255
6115	0.0101539419730855	clade1sub11	232-213-56-255
6116	1.53226718557698e-05	clade1sub3	70-122-242-255
6117	0.056966822347068	clade1sub12	128-254-83-255
6118	0.0004762893994004	clade1sub12	128-254-83-255
6119	0.0006189607128588	clade1sub7	24-215-202-255
6120	7.493174608111029e-11	clade1sub4	53-243-148-255
6121	0.0005121001355423	clade1sub11	232-213-56-255
6122	0.0069819489224828	clade1sub12	128-254-83-255
6123	0.0006447991220061	clade1sub12	128-254-83-255
6124	8.827135225607361e-10	clade1sub7	24-215-202-255
6125	4.266615497616642e-09	clade1sub4	53-243-148-255
6126	7.10005971834991e-23	clade1sub7	24-215-202-255
6127	5.1332274363682474e-14	clade1sub7	24-215-202-255
6128	3.1035929217599343e-22	clade1sub3	70-122-242-255
6129	7.873028978489133e-21	clade1sub7	24-215-202-255
6130	1.5000570304301857e-23	clade1sub3	70-122-242-255
6131	5.675912458374621e-22	clade1sub3	70-122-242-255
6132	1.634779165908909e-26	clade1sub7	24-215-202-255
6133	1.1300669107635331e-10	clade1sub3	70-122-242-255
6134	5.181339505451347e-19	clade1sub7	24-215-202-255
6135	6.1906882360182805e-15	clade1sub7	24-215-202-255
6136	5.504614193586499e-16	clade1sub3	70-122-242-255
6137	0.0008497788502703	clade1sub19	187-244-52-255
6138	6.145021431092206e-13	clade1sub7	24-215-202-255
6139	6.053720529818402e-11	clade1sub12	128-254-83-255
6140	4.208736570506494e-09	clade1sub12	128-254-83-255
6141	4.607904223857791e-10	clade1sub7	24-215-202-255
6142	0.0003552471009881	clade1sub18	122-4-2-255
6143	6.456181469493044e-11	clade1sub3	70-122-242-255
6144	2.3187288395628444e-13	clade1sub7	24-215-202-255
6145	3.0652074093535683e-16	clade1sub14	247-113-27-255
6146	2.3066000917128823e-10	clade1sub7	24-215-202-255
6147	2.744539235860497e-13	clade1sub3	70-122-242-255
6148	1.1438026553282491e-13	clade1sub7	24-215-202-255
6149	2.318607231864624e-13	clade1sub7	24-215-202-255
6150	2.4671067099092816e-10	clade1sub3	70-122-242-255
6151	1.194101810534452e-08	clade1sub7	24-215-202-255
6152	2.8949314708638954e-10	clade1sub3	70-122-242-255
6153	0.037050430283266	clade1sub12	128-254-83-255
6154	0.001751735119738	clade1sub3	70-122-242-255
6155	4.453255268678852e-06	clade1sub4	53-243-148-255
6156	0.037050430283266	clade1sub12	128-254-83-255
6157	0.2208725992576494	clade1sub12	128-254-83-255
6158	0.0014737394393698	clade1sub12	128-254-83-255
6159	0.0051595758539815	clade1sub18	122-4-2-255
6160	0.1159924294784067	clade1sub18	122-4-2-255
6161	5.515599542714602e-07	clade1sub7	24-215-202-255
6162	1.942733262132285e-15	clade1sub7	24-215-202-255
6163	4.700894483182861e-11	clade1sub7	24-215-202-255
6164	1.1861443619301956e-21	clade1sub7	24-215-202-255
6165	0.0069948565572919	clade1sub12	128-254-83-255
6166	2.674448695116473e-12	clade1sub7	24-215-202-255
6167	1.4543685660028223e-20	clade1sub7	24-215-202-255
6168	1.2090747429112704e-22	clade1sub7	24-215-202-255
6169	1.2975148729194249e-12	clade1sub7	24-215-202-255
6170	1.1873400626477972e-11	clade1sub7	24-215-202-255
6171	1.88364961182494e-17	clade1sub7	24-215-202-255
6172	1.6688472545136902e-06	clade1sub3	70-122-242-255
6173	1.1673114163596704e-05	clade1sub12	128-254-83-255
6174	0.0001575114801676	clade1sub11	232-213-56-255
6175	5.820985784430333e-07	clade1sub4	53-243-148-255
6176	3.8399626888189456e-09	clade1sub7	24-215-202-255
6177	2.268725102977749e-16	clade1sub7	24-215-202-255
6178	2.2300838520212465e-06	clade1sub7	24-215-202-255
6179	5.5576212733283094e-14	clade1sub4	53-243-148-255
6180	4.871940596352965e-18	clade1sub7	24-215-202-255
6181	3.235484044533563e-17	clade1sub7	24-215-202-255
6182	9.456799312828698e-11	clade1sub7	24-215-202-255
6183	1.0109882832466333e-08	clade1sub7	24-215-202-255
6184	6.604563147021887e-15	clade1sub7	24-215-202-255
6185	7.382673450355535e-07	clade1sub4	53-243-148-255
6186	1.095883686239459e-13	clade1sub7	24-215-202-255
6187	1.9815158540275493e-15	clade1sub7	24-215-202-255
6188	5.5126307201455704e-14	clade1sub7	24-215-202-255
6189	6.116974549846821e-11	clade1sub3	70-122-242-255
6190	0.0035142884188865	clade1sub11	232-213-56-255
6191	2.4671067099092816e-10	clade1sub3	70-122-242-255
6192	9.86908633717578e-10	clade1sub7	24-215-202-255
6193	7.512416807773495e-17	clade1sub7	24-215-202-255
6194	7.642840752090015e-22	clade1sub7	24-215-202-255
6195	0.037050430283266	clade1sub12	128-254-83-255
6196	3.261596789192093e-05	clade1sub14	247-113-27-255
6197	0.0131844699296775	clade1sub18	122-4-2-255
6198	0.0021981519725403	clade1sub11	232-213-56-255
6199	0.0005909362985402	clade1sub11	232-213-56-255
6200	0.0148391544654632	clade1sub12	128-254-83-255
6201	0.0018040622728566	clade1sub11	232-213-56-255
6202	0.0003718003203818	clade1sub11	232-213-56-255
6203	0.0012844155252676	clade1sub11	232-213-56-255
6204	0.0001729042075833	clade1sub3	70-122-242-255
6205	0.0632312792430118	clade1sub12	128-254-83-255
6206	0.1518457359421103	clade1sub4	53-243-148-255
6207	8.531833784735413e-06	clade1sub11	232-213-56-255
6208	0.0084115900126523	clade1sub18	122-4-2-255
6209	0.0031500328598685	clade1sub11	232-213-56-255
6210	0.0182038422296089	clade1sub12	128-254-83-255
6211	0.0274848398392561	clade1sub4	53-243-148-255
6212	0.0001501368670855	clade1sub14	247-113-27-255
6213	0.0047938393865152	clade1sub14	247-113-27-255
6214	0.0018267282746414	clade1sub3	70-122-242-255
6215	0.0028745473222593	clade1sub4	53-243-148-255
6216	1.050074534803803e-05	clade1sub13	180-27-1-255
6217	0.0039613115377436	clade1sub18	122-4-2-255
6218	3.057379689991712e-08	clade1sub7	24-215-202-255
6219	6.7790164118142145e-15	clade1sub7	24-215-202-255
6220	1.7752530025378023e-16	clade1sub7	24-215-202-255
6221	9.06755750316438e-18	clade1sub3	70-122-242-255
6222	5.109209865478024e-16	clade1sub7	24-215-202-255
6223	1.0604002458264555e-10	clade1sub7	24-215-202-255
6224	0.0445162202866074	clade1sub12	128-254-83-255
6225	0.0001193272241755	clade1sub12	128-254-83-255
6226	1.843624770666982e-06	clade1sub11	232-213-56-255
6227	0.0010958689554292	clade1sub11	232-213-56-255
6228	0.0001784693205812	clade1sub3	70-122-242-255
6229	1.572457253772705e-08	clade1sub14	247-113-27-255
6230	5.0091484482206633e-11	clade1sub7	24-215-202-255
6231	1.7844709644286725e-12	clade1sub4	53-243-148-255
6232	2.507751527136147e-16	clade1sub7	24-215-202-255
6233	9.864333909237509e-06	clade1sub7	24-215-202-255
6234	3.215423548602592e-15	clade1sub3	70-122-242-255
6235	1.2748980770149551e-09	clade1sub7	24-215-202-255
6236	0.0341906732404692	clade1sub12	128-254-83-255
6237	0.4112166321115724	clade1sub11	232-213-56-255
6238	0.1846981747415184	clade1sub11	232-213-56-255
6239	0.009627416997255	clade1sub12	128-254-83-255
6240	0.0339914669343635	clade1sub12	128-254-83-255
6241	5.159787790398346e-07	clade1sub3	70-122-242-255
6242	4.17100517437168e-07	clade1sub7	24-215-202-255
6243	6.947371658523199e-13	clade1sub7	24-215-202-255
6244	2.3227264006577964e-14	clade1sub7	24-215-202-255
6245	2.5521072755133833e-13	clade1sub7	24-215-202-255
6246	8.085231258788334e-05	clade1sub7	24-215-202-255
6247	1.4363327750396423e-16	clade1sub7	24-215-202-255
6248	4.613797741900695e-13	clade1sub7	24-215-202-255
6249	2.6701875463941928e-05	clade1sub3	70-122-242-255
6250	0.0653000952561419	clade1sub12	128-254-83-255
6251	2.6277528209595183e-05	clade1sub3	70-122-242-255
6252	0.0005099239168876	clade1sub11	232-213-56-255
6253	0.0011106661759924	clade1sub14	247-113-27-255
6254	0.0018389818106646	clade1sub7	24-215-202-255
6255	0.0422376026339186	clade1sub12	128-254-83-255
6256	0.0002245728517168	clade1sub11	232-213-56-255
6257	0.0104726257816652	clade1sub11	232-213-56-255
6258	7.083270232320508e-06	clade1sub7	24-215-202-255
6259	3.335670508617652e-06	clade1sub11	232-213-56-255
6260	0.0740952888063208	clade1sub12	128-254-83-255
6261	0.005237682706687	clade1sub12	128-254-83-255
6262	0.0012101709016067	clade1sub11	232-213-56-255
6263	0.0097347610792209	clade1sub11	232-213-56-255
6264	0.0028437693464623	clade1sub11	232-213-56-255
6265	0.0003884134459443	clade1sub12	128-254-83-255
6266	6.231869018140851e-05	clade1sub12	128-254-83-255
6267	0.0046000794085507	clade1sub12	128-254-83-255
6268	0.0001417206146212	clade1sub12	128-254-83-255
6269	2.838637629480467e-07	clade1sub7	24-215-202-255
6270	0.0006940167836937	clade1sub12	128-254-83-255
6271	9.617061751079693e-06	clade1sub18	122-4-2-255
6272	2.491135262224802e-09	clade1sub13	180-27-1-255
6273	6.002372770521279e-07	clade1sub3	70-122-242-255
6274	1.5777517789639112e-08	clade1sub3	70-122-242-255
6275	0.0030763131279407	clade1sub3	70-122-242-255
6276	5.647199442937917e-11	clade1sub7	24-215-202-255
6277	0.9173572671787036	clade1sub12	128-254-83-255
6278	0.0001320825032822	clade1sub7	24-215-202-255
6279	0.5273891987172733	clade1sub12	128-254-83-255
6280	1.686402021422209e-07	clade1sub12	128-254-83-255
6281	6.022760982922117e-06	clade1sub12	128-254-83-255
6282	0.0523928980915101	clade1sub12	128-254-83-255
6283	2.1726769647594568e-06	clade1sub7	24-215-202-255
6284	0.001570154354278	clade1sub7	24-215-202-255
6285	0.0032148681750088	clade1sub7	24-215-202-255
6286	0.0938131397114088	clade1sub11	232-213-56-255
6287	6.399315304916135e-05	clade1sub12	128-254-83-255
6288	2.4446624522991403e-10	clade1sub7	24-215-202-255
6289	8.140214853286571e-15	clade1sub7	24-215-202-255
6290	5.720820955664518e-19	clade1sub7	24-215-202-255
6291	2.6451998208164382e-14	clade1sub7	24-215-202-255
6292	1.0502527916965542e-06	clade1sub11	232-213-56-255
6293	6.853764818487996e-17	clade1sub7	24-215-202-255
6294	6.401727165499494e-16	clade1sub7	24-215-202-255
6295	1.2025821925388529e-12	clade1sub7	24-215-202-255
6296	2.655909512755001e-21	clade1sub7	24-215-202-255
6297	0.0003584623932	clade1sub12	128-254-83-255
6298	3.726577187839281e-17	clade1sub7	24-215-202-255
6299	7.149779953638327e-09	clade1sub3	70-122-242-255
6300	1.2756943458393544e-06	clade1sub11	232-213-56-255
6301	8.655601785479579e-16	clade1sub7	24-215-202-255
6302	0.000608617083229	clade1sub12	128-254-83-255
6303	1.6213815917776276e-09	clade1sub3	70-122-242-255
6304	3.859028907379665e-09	clade1sub3	70-122-242-255
6305	2.0472750371144175e-10	clade1sub3	70-122-242-255
6306	0.0002983315858898	clade1sub11	232-213-56-255
6307	5.2294405479923216e-11	clade1sub7	24-215-202-255
6308	4.277386342297823e-08	clade1sub11	232-213-56-255
6309	0.030398879878926	clade1sub12	128-254-83-255
6310	0.0021837253709861	clade1sub12	128-254-83-255
6311	0.3750108508565485	clade1sub12	128-254-83-255
6312	1.2850125921194393e-05	clade1sub11	232-213-56-255
6313	2.6773545375483336e-05	clade1sub12	128-254-83-255
6314	3.7356647536741314e-07	clade1sub11	232-213-56-255
6315	7.295092017212242e-05	clade1sub19	187-244-52-255
6316	5.316695227518072e-06	clade1sub11	232-213-56-255
6317	8.390055581950033e-18	clade1sub7	24-215-202-255
6318	4.9232652299217255e-14	clade1sub3	70-122-242-255
6319	1.4502266861664348e-09	clade1sub11	232-213-56-255
6320	5.511275096045204e-05	clade1sub4	53-243-148-255
6321	0.1746874193537253	clade1sub12	128-254-83-255
6322	0.0270679933098874	clade1sub11	232-213-56-255
6323	0.0323962626168651	clade1sub12	128-254-83-255
6324	4.6623769251186054e-07	clade1sub4	53-243-148-255
6325	0.0039026414832887	clade1sub11	232-213-56-255
6326	0.0008964373537624	clade1sub2	51-172-246-255
6327	2.309118363588542e-08	clade1sub11	232-213-56-255
6328	3.1075178399461344e-05	clade1sub11	232-213-56-255
6329	7.400658442127212e-07	clade1sub2	51-172-246-255
6330	0.0011774184678088	clade1sub12	128-254-83-255
6331	3.322764329708012e-07	clade1sub7	24-215-202-255
6332	1.084123988028266e-07	clade1sub12	128-254-83-255
6333	3.970685100175005e-17	clade1sub7	24-215-202-255
6334	3.725405013429618e-23	clade1sub7	24-215-202-255
6335	3.737013862325619e-17	clade1sub3	70-122-242-255
6336	1.1121056373857177e-13	clade1sub7	24-215-202-255
6337	2.4765976166275783e-18	clade1sub3	70-122-242-255
6338	4.337394806172326e-13	clade1sub7	24-215-202-255
6339	2.3970967188567137e-22	clade1sub7	24-215-202-255
6340	8.914349502091985e-19	clade1sub3	70-122-242-255
6341	1.3378296839844352e-18	clade1sub7	24-215-202-255
6342	2.2130444903786506e-15	clade1sub3	70-122-242-255
6343	1.6932066392004618e-23	clade1sub7	24-215-202-255
6344	1.2801189612183911e-14	clade1sub7	24-215-202-255
6345	2.487220436186793e-11	clade1sub7	24-215-202-255
6346	1.4611529025121897e-12	clade1sub13	180-27-1-255
6347	1.2844046931011794e-18	clade1sub7	24-215-202-255
6348	8.745122776708015e-14	clade1sub7	24-215-202-255
6349	2.791185164215479e-07	clade1sub7	24-215-202-255
6350	0.0001302785664888	clade1sub4	53-243-148-255
6351	1.1180545912305485e-05	clade1sub7	24-215-202-255
6352	6.128361838116397e-14	clade1sub4	53-243-148-255
6353	4.3573878874712395e-11	clade1sub4	53-243-148-255
6354	2.9476203618687425e-10	clade1sub12	128-254-83-255
6355	5.735252275561382e-12	clade1sub12	128-254-83-255
6356	1.3444717054817651e-14	clade1sub4	53-243-148-255
6357	0.0007850414218998	clade1sub7	24-215-202-255
6358	1.0084914754249076e-05	clade1sub3	70-122-242-255
6359	1.1329262168903955e-06	clade1sub3	70-122-242-255
6360	3.853922401454536e-07	clade1sub7	24-215-202-255
6361	3.119407165494903e-06	clade1sub3	70-122-242-255
6362	3.4993240417039106e-10	clade1sub3	70-122-242-255
6363	3.7539846098923693e-07	clade1sub3	70-122-242-255
6364	0.3869139559878685	clade1sub3	70-122-242-255
6365	1.4587269331074642e-05	clade1sub12	128-254-83-255
6366	0.003081410239048	clade1sub3	70-122-242-255
6367	0.4437998482277669	clade1sub12	128-254-83-255
6368	0.0853274231485937	clade1sub14	247-113-27-255
6369	0.0064833269096293	clade1sub12	128-254-83-255
6370	0.0001416245866167	clade1sub7	24-215-202-255
6371	0.0059829384484554	clade1sub14	247-113-27-255
6372	5.906100017684628e-07	clade1sub7	24-215-202-255
6373	5.342971388948704e-05	clade1sub11	232-213-56-255
6374	7.010398889779005e-10	clade1sub4	53-243-148-255
6375	6.809999940133528e-15	clade1sub7	24-215-202-255
6376	5.558621855504457e-07	clade1sub11	232-213-56-255
6377	5.966570458052154e-14	clade1sub7	24-215-202-255
6378	1.2292986901920613e-15	clade1sub4	53-243-148-255
6379	1.092440307781783e-22	clade1sub12	128-254-83-255
6380	2.2953684203824942e-14	clade1sub3	70-122-242-255
6381	7.224363948552498e-14	clade1sub7	24-215-202-255
6382	8.188528355317176e-16	clade1sub7	24-215-202-255
6383	5.2262323625258656e-17	clade1sub4	53-243-148-255
6384	3.734889049430418e-26	clade1sub7	24-215-202-255
6385	6.006596595128229e-25	clade1sub7	24-215-202-255
6386	1.0470397977573208e-19	clade1sub7	24-215-202-255
6387	5.093118536769622e-20	clade1sub3	70-122-242-255
6388	1.314109030045343e-13	clade1sub7	24-215-202-255
6389	1.060315535122828e-10	clade1sub12	128-254-83-255
6390	5.056917169745042e-12	clade1sub4	53-243-148-255
6391	1.3455296762913373e-13	clade1sub7	24-215-202-255
6392	1.148072700697408e-12	clade1sub7	24-215-202-255
6393	9.567363563714741e-11	clade1sub4	53-243-148-255
6394	1.077705550706271e-09	clade1sub4	53-243-148-255
6395	3.3857821396735013e-14	clade1sub7	24-215-202-255
6396	5.30717959840159e-10	clade1sub3	70-122-242-255
6397	1.6780022995147892e-13	clade1sub3	70-122-242-255
6398	1.26225631240009e-11	clade1sub7	24-215-202-255
6399	1.422308898928833e-12	clade1sub7	24-215-202-255
6400	3.366600943400668e-10	clade1sub7	24-215-202-255
6401	7.974876297799305e-12	clade1sub7	24-215-202-255
6402	1.8428548949286126e-10	clade1sub7	24-215-202-255
6403	0.0083969993154599	clade1sub4	53-243-148-255
6404	0.0287475520631368	clade1sub18	122-4-2-255
6405	0.3239212100841117	clade1sub12	128-254-83-255
6406	0.0046792256781182	clade1sub12	128-254-83-255
6407	0.0335769044742614	clade1sub7	24-215-202-255
6408	0.502466446761736	clade1sub2	51-172-246-255
6409	9.896099391350796e-06	clade1sub2	51-172-246-255
6410	0.613855062442232	clade1sub19	187-244-52-255
6411	1.2236620394646505e-07	clade1sub7	24-215-202-255
6412	0.4435374692698779	clade1sub19	187-244-52-255
6413	5.925909440480595e-12	clade1sub7	24-215-202-255
6414	0.0052808198394858	clade1sub7	24-215-202-255
6415	8.969347213936032e-17	clade1sub7	24-215-202-255
6416	7.164373676379677e-20	clade1sub7	24-215-202-255
6417	6.538654986600789e-13	clade1sub7	24-215-202-255
6418	4.47570077177196e-14	clade1sub7	24-215-202-255
6419	1.8586707399815498e-05	clade1sub2	51-172-246-255
6420	3.468542017635786e-12	clade1sub3	70-122-242-255
6421	1.3982788346295897e-05	clade1sub11	232-213-56-255
6422	6.635286251451697e-05	clade1sub11	232-213-56-255
6423	0.1775223975791476	clade1sub12	128-254-83-255
6424	0.0118314275390818	clade1sub12	128-254-83-255
6425	0.0061164466305525	clade1sub12	128-254-83-255
6426	9.68750658909012e-08	clade1sub7	24-215-202-255
6427	3.8266638074173605e-09	clade1sub4	53-243-148-255
6428	8.508502299469175e-08	clade1sub7	24-215-202-255
6429	9.59649396441536e-09	clade1sub4	53-243-148-255
6430	1.0807684361982745e-08	clade1sub4	53-243-148-255
6431	5.050462853863404e-08	clade1sub4	53-243-148-255
6432	2.5203965373443083e-10	clade1sub12	128-254-83-255
6433	1.6604213188984492e-09	clade1sub3	70-122-242-255
6434	7.546231520760597e-14	clade1sub4	53-243-148-255
6435	2.1070314466815746e-08	clade1sub7	24-215-202-255
6436	1.1418008385583e-08	clade1sub4	53-243-148-255
6437	1.4385963064855754e-18	clade1sub7	24-215-202-255
6438	9.435142272966873e-13	clade1sub7	24-215-202-255
6439	2.055535348104413e-12	clade1sub7	24-215-202-255
6440	4.2429131690604055e-08	clade1sub4	53-243-148-255
6441	7.914843580190898e-11	clade1sub3	70-122-242-255
6442	8.65968021378789e-12	clade1sub7	24-215-202-255
6443	9.690582436161763e-14	clade1sub7	24-215-202-255
6444	1.334200604692731e-09	clade1sub14	247-113-27-255
6445	0.0166665244681985	clade1sub12	128-254-83-255
6446	0.0635810364235772	clade1sub12	128-254-83-255
6447	3.884506738595423e-17	clade1sub7	24-215-202-255
6448	0.0039404563644735	clade1sub18	122-4-2-255
6449	0.0138137416457489	clade1sub12	128-254-83-255
6450	0.0304663417266819	clade1sub12	128-254-83-255
6451	4.518332787385127e-06	clade1sub14	247-113-27-255
6452	0.0092126233365403	clade1sub11	232-213-56-255
6453	0.0236511367686458	clade1sub12	128-254-83-255
6454	0.0008210063393143	clade1sub11	232-213-56-255
6455	0.0003609086883828	clade1sub11	232-213-56-255
6456	0.1183105821838556	clade1sub4	53-243-148-255
6457	0.0073885542035206	clade1sub11	232-213-56-255
6458	8.61122713871109e-06	clade1sub11	232-213-56-255
6459	4.71882486956353e-05	clade1sub11	232-213-56-255
6460	0.0390515676584072	clade1sub12	128-254-83-255
6461	4.184947470700525e-05	clade1sub11	232-213-56-255
6462	1.5585836300641017e-05	clade1sub11	232-213-56-255
6463	9.240880296725436e-07	clade1sub3	70-122-242-255
6464	2.438992028612169e-06	clade1sub3	70-122-242-255
6465	3.510440695132297e-05	clade1sub4	53-243-148-255
6466	0.0004256875290346	clade1sub19	187-244-52-255
6467	0.0004602171572586	clade1sub14	247-113-27-255
6468	0.0219947991500545	clade1sub4	53-243-148-255
6469	1.0831942106805153e-05	clade1sub3	70-122-242-255
6470	0.0001099318034717	clade1sub14	247-113-27-255
6471	2.598157333960946e-06	clade1sub11	232-213-56-255
6472	0.0039033564660553	clade1sub4	53-243-148-255
6473	3.731848010816057e-05	clade1sub11	232-213-56-255
6474	6.387466256530485e-05	clade1sub11	232-213-56-255
6475	0.0118995010728139	clade1sub18	122-4-2-255
6476	0.0005631106283448	clade1sub18	122-4-2-255
6477	0.0377553462774573	clade1sub18	122-4-2-255
6478	0.0008094132848925	clade1sub7	24-215-202-255
6479	0.0001383989845721	clade1sub7	24-215-202-255
6480	0.0093906511660581	clade1sub18	122-4-2-255
6481	0.0097733099719991	clade1sub7	24-215-202-255
6482	4.2442215369607084e-18	clade1sub7	24-215-202-255
6483	1.1401637376736427e-16	clade1sub13	180-27-1-255
6484	3.410565420539984e-15	clade1sub7	24-215-202-255
6485	3.9005350307948496e-14	clade1sub7	24-215-202-255
6486	5.225286888756686e-15	clade1sub13	180-27-1-255
6487	9.110291808330099e-08	clade1sub3	70-122-242-255
6488	0.0056435552928822	clade1sub12	128-254-83-255
6489	1.594932703445741e-05	clade1sub11	232-213-56-255
6490	1.9396017985106933e-05	clade1sub12	128-254-83-255
6491	0.0553926700239224	clade1sub12	128-254-83-255
6492	0.0384540643933474	clade1sub4	53-243-148-255
6493	9.2639757778951e-08	clade1sub2	51-172-246-255
6494	9.095730928877937e-08	clade1sub4	53-243-148-255
6495	4.682200174501368e-05	clade1sub13	180-27-1-255
6496	9.281885144416084e-05	clade1sub13	180-27-1-255
6497	0.0046275938619379	clade1sub7	24-215-202-255
6498	3.9498975720058616e-10	clade1sub3	70-122-242-255
6499	0.0001947213242767	clade1sub18	122-4-2-255
6500	1.3574576282148252e-05	clade1sub4	53-243-148-255
6501	7.134516457176064e-10	clade1sub7	24-215-202-255
6502	0.0007135514656705	clade1sub7	24-215-202-255
6503	9.433813424852541e-15	clade1sub7	24-215-202-255
6504	0.0692473159515136	clade1sub18	122-4-2-255
6505	0.0462445583128682	clade1sub18	122-4-2-255
6506	0.0097127635032308	clade1sub18	122-4-2-255
6507	0.0021799037524762	clade1sub19	187-244-52-255
6508	1.3866938708234256e-05	clade1sub3	70-122-242-255
6509	0.0011513619334998	clade1sub11	232-213-56-255
6510	0.000692580920447	clade1sub17	222-62-8-255
6511	0.0006756046250686	clade1sub4	53-243-148-255
6512	1.718963293824376e-05	clade1sub7	24-215-202-255
6513	2.889342607731169e-06	clade1sub11	232-213-56-255
6514	0.0156838031158235	clade1sub18	122-4-2-255
6515	0.0059038178143832	clade1sub7	24-215-202-255
6516	0.0010132220009758	clade1sub4	53-243-148-255
6517	5.511404796119397e-05	clade1sub18	122-4-2-255
6518	1.3904755715344764e-06	clade1sub3	70-122-242-255
6519	0.0007934769318754	clade1sub4	53-243-148-255
6520	0.0003191600665996	clade1sub18	122-4-2-255
6521	0.000274367210576	clade1sub19	187-244-52-255
6522	5.279553839198448e-06	clade1sub11	232-213-56-255
6523	0.0546006122584024	clade1sub19	187-244-52-255
6524	0.0008260703428672	clade1sub12	128-254-83-255
6525	0.0006275432003489	clade1sub12	128-254-83-255
6526	1.0390972746870122e-05	clade1sub11	232-213-56-255
6527	0.0005945155873368	clade1sub11	232-213-56-255
6528	0.000135888493618	clade1sub14	247-113-27-255
6529	4.050341804238155e-15	clade1sub7	24-215-202-255
6530	3.081595719614642e-05	clade1sub17	222-62-8-255
6531	5.900753000974864e-17	clade1sub13	180-27-1-255
6532	2.0136270123226702e-14	clade1sub7	24-215-202-255
6533	0.0005051714634019	clade1sub11	232-213-56-255
6534	2.8384686472187047e-12	clade1sub3	70-122-242-255
6535	1.1423073953128395e-11	clade1sub3	70-122-242-255
6536	1.2292456336122195e-10	clade1sub3	70-122-242-255
6537	0.0476469449472304	clade1sub11	232-213-56-255
6538	9.01409622166853e-10	clade1sub12	128-254-83-255
6539	6.738737961260315e-08	clade1sub12	128-254-83-255
6540	1.0839268475797162e-08	clade1sub7	24-215-202-255
6541	0.0039854319303987	clade1sub13	180-27-1-255
6542	0.0026864645230641	clade1sub12	128-254-83-255
6543	4.242514057074471e-12	clade1sub4	53-243-148-255
6544	7.109501636967545e-10	clade1sub12	128-254-83-255
6545	0.1998022532461974	clade1sub13	180-27-1-255
6546	0.0255784810542889	clade1sub13	180-27-1-255
6547	0.1576110101136466	clade1sub11	232-213-56-255
6548	0.0048430733160148	clade1sub12	128-254-83-255
6549	0.0053135139216584	clade1sub14	247-113-27-255
6550	2.8949706586556663e-05	clade1sub7	24-215-202-255
6551	1.7935007740194875e-05	clade1sub14	247-113-27-255
6552	3.7373021853051304e-19	clade1sub7	24-215-202-255
6553	0.174106751014905	clade1sub12	128-254-83-255
6554	0.0034718040239211	clade1sub11	232-213-56-255
6555	5.0816003550781887e-20	clade1sub7	24-215-202-255
6556	1.6617703157672449e-13	clade1sub7	24-215-202-255
6557	1.0279075044530604e-21	clade1sub7	24-215-202-255
6558	3.4861783725865183e-06	clade1sub7	24-215-202-255
6559	0.0284772432468494	clade1sub7	24-215-202-255
6560	8.477864385010755e-15	clade1sub7	24-215-202-255
6561	2.1445753410329148e-18	clade1sub7	24-215-202-255
6562	5.6932471025102965e-05	clade1sub11	232-213-56-255
6563	3.588841514287005e-20	clade1sub13	180-27-1-255
6564	1.503797645861723e-17	clade1sub13	180-27-1-255
6565	3.0800964947839927e-06	clade1sub17	222-62-8-255
6566	0.0021114859211771	clade1sub18	122-4-2-255
6567	9.023115777239147e-09	clade1sub3	70-122-242-255
6568	1.7013691718592738e-07	clade1sub3	70-122-242-255
6569	3.4526834458590464e-06	clade1sub4	53-243-148-255
6570	2.439764354093075e-15	clade1sub7	24-215-202-255
6571	1.0899523175783661e-15	clade1sub7	24-215-202-255
6572	1.2645501854491022e-09	clade1sub3	70-122-242-255
6573	2.0379724106772098e-13	clade1sub7	24-215-202-255
6574	2.0607367914110458e-12	clade1sub7	24-215-202-255
6575	2.471323357366671e-08	clade1sub4	53-243-148-255
6576	0.0072251436422684	clade1sub12	128-254-83-255
6577	0.0865890227611553	clade1sub11	232-213-56-255
6578	9.520880337297628e-05	clade1sub7	24-215-202-255
6580	0.0063923509443404	clade1sub7	24-215-202-255
6581	0.0041750108020937	clade1sub11	232-213-56-255
6582	0.1035185649385877	clade1sub12	128-254-83-255
6583	0.1329403637046605	clade1sub12	128-254-83-255
6584	0.0215085634847109	clade1sub12	128-254-83-255
6585	2.291001108942703e-12	clade1sub7	24-215-202-255
6586	1.8596138207747935e-10	clade1sub4	53-243-148-255
6587	1.416249480796954e-11	clade1sub7	24-215-202-255
6588	1.7964887842870173e-14	clade1sub7	24-215-202-255
6589	1.4754576228948248e-16	clade1sub7	24-215-202-255
6590	3.052090131831806e-20	clade1sub3	70-122-242-255
6591	1.6774968848045532e-18	clade1sub7	24-215-202-255
6592	1.366096314741058e-21	clade1sub7	24-215-202-255
6593	3.2053744836986595e-08	clade1sub11	232-213-56-255
6594	1.4938463493300232e-16	clade1sub3	70-122-242-255
6595	2.694163903904018e-16	clade1sub7	24-215-202-255
6596	8.125954919057211e-19	clade1sub7	24-215-202-255
6597	1.1285741828938256e-17	clade1sub3	70-122-242-255
6598	7.915440650344807e-16	clade1sub7	24-215-202-255
6599	1.6432715739145165e-21	clade1sub7	24-215-202-255
6600	9.560234086484285e-16	clade1sub3	70-122-242-255
6601	1.1490836425460908e-17	clade1sub7	24-215-202-255
6602	7.137136156799421e-17	clade1sub7	24-215-202-255
6603	1.0931384916592293e-11	clade1sub7	24-215-202-255
6604	1.1063995680736688e-16	clade1sub7	24-215-202-255
6605	7.267747726242063e-14	clade1sub7	24-215-202-255
6606	9.948776384080224e-09	clade1sub7	24-215-202-255
6607	2.001229723071321e-06	clade1sub4	53-243-148-255
6608	0.0187032134431578	clade1sub7	24-215-202-255
6609	6.46853255217865e-05	clade1sub7	24-215-202-255
6610	9.839761483435337e-13	clade1sub12	128-254-83-255
6611	4.3765042755071465e-06	clade1sub12	128-254-83-255
6612	2.370821502505168e-12	clade1sub12	128-254-83-255
6613	0.0242613258219585	clade1sub7	24-215-202-255
6614	3.0373526515970136e-10	clade1sub7	24-215-202-255
6615	9.498945920091814e-13	clade1sub7	24-215-202-255
6616	3.7604314725474996e-12	clade1sub12	128-254-83-255
6617	1.7692460274153167e-10	clade1sub4	53-243-148-255
6618	0.0011023587321598	clade1sub12	128-254-83-255
6619	8.772545457438768e-16	clade1sub7	24-215-202-255
6620	0.0001113784228392	clade1sub7	24-215-202-255
6621	1.7282662861389148e-17	clade1sub3	70-122-242-255
6622	5.515170822602536e-12	clade1sub7	24-215-202-255
6623	2.6476811355418076e-14	clade1sub3	70-122-242-255
6624	0.0013498422964985	clade1sub3	70-122-242-255
6625	2.6861518050126552e-05	clade1sub3	70-122-242-255
6626	0.0002117158641948	clade1sub3	70-122-242-255
6627	0.0003024065827555	clade1sub3	70-122-242-255
6628	0.000364626671214	clade1sub11	232-213-56-255
6629	0.0012561642799983	clade1sub11	232-213-56-255
6630	3.701432444533754e-07	clade1sub11	232-213-56-255
6631	6.112872391474273e-11	clade1sub3	70-122-242-255
6632	4.236989533970957e-09	clade1sub19	187-244-52-255
6633	1.4128782148398974e-17	clade1sub7	24-215-202-255
6634	1.0802002232040131e-14	clade1sub7	24-215-202-255
6635	1.431464818457654e-05	clade1sub4	53-243-148-255
6636	3.9601880801688477e-14	clade1sub7	24-215-202-255
6637	1.2752531883359686e-17	clade1sub7	24-215-202-255
6638	4.712633405598737e-15	clade1sub7	24-215-202-255
6639	1.5135539140161608e-13	clade1sub7	24-215-202-255
6640	4.771303774625006e-17	clade1sub3	70-122-242-255
6641	2.649440086300098e-15	clade1sub7	24-215-202-255
6642	2.5782088411129964e-12	clade1sub12	128-254-83-255
6643	1.0823682481769711e-14	clade1sub7	24-215-202-255
6644	2.5409459366768777e-17	clade1sub7	24-215-202-255
6645	2.3741999929974926e-20	clade1sub7	24-215-202-255
6646	2.1627364500962003e-18	clade1sub7	24-215-202-255
6647	3.5090261477175094e-17	clade1sub7	24-215-202-255
6648	4.185255596040167e-11	clade1sub7	24-215-202-255
6649	2.470879775507051e-07	clade1sub4	53-243-148-255
6650	2.842857474022416e-13	clade1sub12	128-254-83-255
6651	9.934085915527228e-12	clade1sub12	128-254-83-255
6652	1.856063500142776e-11	clade1sub3	70-122-242-255
6653	2.3098407619164425e-08	clade1sub4	53-243-148-255
6654	3.66109206839576e-12	clade1sub3	70-122-242-255
6655	2.8917572426435584e-11	clade1sub3	70-122-242-255
6656	8.013676407453425e-13	clade1sub7	24-215-202-255
6657	9.12896192215192e-12	clade1sub12	128-254-83-255
6658	1.331011282856504e-06	clade1sub7	24-215-202-255
6659	6.286211210247255e-05	clade1sub3	70-122-242-255
6660	1.848183705993036e-09	clade1sub7	24-215-202-255
6661	2.2202123604314274e-13	clade1sub7	24-215-202-255
6662	1.8370756337666736e-06	clade1sub12	128-254-83-255
6663	7.096034099449966e-06	clade1sub12	128-254-83-255
6664	0.0274899044176157	clade1sub12	128-254-83-255
6665	0.1346037257641417	clade1sub19	187-244-52-255
6666	0.107690380874705	clade1sub18	122-4-2-255
6667	0.1238400846466845	clade1sub19	187-244-52-255
6668	0.1413668283892321	clade1sub18	122-4-2-255
6669	1.2312057441941112e-05	clade1sub2	51-172-246-255
6670	6.50939060509884e-10	clade1sub7	24-215-202-255
6671	1.655704056843734e-07	clade1sub3	70-122-242-255
6672	1.717136717917163e-06	clade1sub3	70-122-242-255
6673	1.0388820596974114e-15	clade1sub7	24-215-202-255
6674	1.3603757120499382e-09	clade1sub7	24-215-202-255
6677	1.3282167308429192e-13	clade1sub7	24-215-202-255
6678	0.0594161469325872	clade1sub11	232-213-56-255
6679	0.0038319275644	clade1sub12	128-254-83-255
6680	0.0415490483906095	clade1sub12	128-254-83-255
6681	6.650088590127618e-08	clade1sub7	24-215-202-255
6682	6.10328327899481e-10	clade1sub7	24-215-202-255
6683	0.0238144570380372	clade1sub7	24-215-202-255
6684	0.2003444310152483	clade1sub12	128-254-83-255
6685	4.768505340678124e-12	clade1sub3	70-122-242-255
6686	6.2780763737450595e-09	clade1sub4	53-243-148-255
6687	9.26660323788236e-13	clade1sub7	24-215-202-255
6688	9.54035500369669e-13	clade1sub7	24-215-202-255
6689	3.926088822640898e-12	clade1sub4	53-243-148-255
6690	1.5718919075708482e-16	clade1sub7	24-215-202-255
6691	6.285350281580601e-14	clade1sub3	70-122-242-255
6692	1.2008127501409757e-15	clade1sub7	24-215-202-255
6693	2.691522713055969e-15	clade1sub7	24-215-202-255
6694	3.1809718539539344e-06	clade1sub4	53-243-148-255
6695	1.8824475547762376e-06	clade1sub4	53-243-148-255
6696	3.5145519503423554e-09	clade1sub7	24-215-202-255
6697	0.0001145563181984	clade1sub4	53-243-148-255
6698	0.0001446774132246	clade1sub3	70-122-242-255
6699	0.0088254063517175	clade1sub11	232-213-56-255
6700	0.1386727676356602	clade1sub19	187-244-52-255
6701	0.0025338269969755	clade1sub11	232-213-56-255
6702	4.472646686770165e-05	clade1sub11	232-213-56-255
6703	0.1623427116377318	clade1sub19	187-244-52-255
6704	8.149453470813195e-08	clade1sub11	232-213-56-255
6705	0.0002084485101299	clade1sub3	70-122-242-255
6706	0.0009785235625784	clade1sub11	232-213-56-255
6707	5.487146899846568e-06	clade1sub11	232-213-56-255
6708	0.0227004206282008	clade1sub14	247-113-27-255
6709	1.4162423636111406e-05	clade1sub3	70-122-242-255
6710	7.117331023024713e-07	clade1sub11	232-213-56-255
6711	6.480478960241165e-05	clade1sub14	247-113-27-255
6712	3.59042156061142e-06	clade1sub11	232-213-56-255
6714	0.0007568587751373	clade1sub19	187-244-52-255
6715	9.61219674344965e-05	clade1sub7	24-215-202-255
6716	6.996946491991775e-08	clade1sub14	247-113-27-255
6717	1.6984446470649649e-06	clade1sub7	24-215-202-255
6718	9.75445869801709e-08	clade1sub3	70-122-242-255
6719	1.511061971170652e-05	clade1sub4	53-243-148-255
6720	1.1478956120614145e-07	clade1sub19	187-244-52-255
6721	5.535781540379347e-06	clade1sub7	24-215-202-255
6722	2.5183760272327803e-05	clade1sub7	24-215-202-255
6723	0.0002739779447133	clade1sub4	53-243-148-255
6724	4.510941119529199e-06	clade1sub7	24-215-202-255
6725	7.603773428588115e-17	clade1sub7	24-215-202-255
6726	3.928168865439353e-17	clade1sub7	24-215-202-255
6727	4.8224581899457805e-17	clade1sub7	24-215-202-255
6728	0.0002180306442359	clade1sub12	128-254-83-255
6729	4.6395308567307053e-07	clade1sub12	128-254-83-255
6730	0.0209481567063365	clade1sub11	232-213-56-255
6731	0.0574999869696318	clade1sub11	232-213-56-255
6732	0.001349114310811	clade1sub7	24-215-202-255
6733	0.0019916119747281	clade1sub3	70-122-242-255
6734	2.445240256309651e-05	clade1sub13	180-27-1-255
6735	0.0002120162314304	clade1sub13	180-27-1-255
6736	0.0001330317352377	clade1sub13	180-27-1-255
6737	3.8999643304543083e-07	clade1sub3	70-122-242-255
6738	0.0019399048440299	clade1sub13	180-27-1-255
6739	6.240658217173199e-06	clade1sub7	24-215-202-255
6740	3.903744009749461e-08	clade1sub7	24-215-202-255
6741	5.1211758323386077e-11	clade1sub7	24-215-202-255
6742	1.837669879157476e-05	clade1sub12	128-254-83-255
6743	0.1757310117939467	clade1sub19	187-244-52-255
6744	2.203905700424059e-05	clade1sub3	70-122-242-255
6745	0.0002176161011886	clade1sub19	187-244-52-255
6746	0.0148376252405352	clade1sub19	187-244-52-255
6747	0.0005912116088441	clade1sub7	24-215-202-255
6748	4.632062593790398e-05	clade1sub19	187-244-52-255
6749	0.0143899250432012	clade1sub19	187-244-52-255
6750	0.0002639711559412	clade1sub2	51-172-246-255
6751	1.22965863199645e-09	clade1sub3	70-122-242-255
6752	2.300210966497648e-06	clade1sub19	187-244-52-255
6753	7.961672196640552e-06	clade1sub14	247-113-27-255
6754	4.197453568751902e-12	clade1sub19	187-244-52-255
6755	1.3909792398747516e-08	clade1sub19	187-244-52-255
6756	2.921632270751997e-09	clade1sub14	247-113-27-255
6757	0.004025462549478	clade1sub12	128-254-83-255
6758	1.3923019533200497e-07	clade1sub14	247-113-27-255
6759	3.980255022308989e-11	clade1sub7	24-215-202-255
6760	2.1527311379070527e-05	clade1sub19	187-244-52-255
6761	4.307219277302598e-07	clade1sub14	247-113-27-255
6762	0.000120558768596	clade1sub18	122-4-2-255
6763	1.7487231679455812e-05	clade1sub7	24-215-202-255
6764	3.426143088049438e-05	clade1sub14	247-113-27-255
6765	3.35735033615569e-05	clade1sub4	53-243-148-255
6766	3.684402875175026e-05	clade1sub3	70-122-242-255
6767	2.442917615278984e-05	clade1sub4	53-243-148-255
6768	7.427267793569899e-07	clade1sub19	187-244-52-255
6769	5.652288778278364e-05	clade1sub18	122-4-2-255
6770	2.23856722788014e-07	clade1sub4	53-243-148-255
6771	0.0006531931405027	clade1sub19	187-244-52-255
6772	4.317764911838696e-06	clade1sub11	232-213-56-255
6773	0.0050379675119594	clade1sub19	187-244-52-255
6774	0.0003946143575596	clade1sub7	24-215-202-255
6775	0.0013655965910209	clade1sub19	187-244-52-255
6776	0.0465074328947398	clade1sub12	128-254-83-255
6777	2.509455999294045e-16	clade1sub7	24-215-202-255
6778	2.5003284657158037e-15	clade1sub7	24-215-202-255
6779	1.941570063777014e-06	clade1sub11	232-213-56-255
6780	1.6139472224015694e-16	clade1sub13	180-27-1-255
6781	1.2419093514840917e-06	clade1sub3	70-122-242-255
6782	0.0015033965540946	clade1sub3	70-122-242-255
6783	0.0380241230315517	clade1sub11	232-213-56-255
6784	0.0012240614039726	clade1sub3	70-122-242-255
6785	0.0116552790097101	clade1sub11	232-213-56-255
6786	0.0004571170677805	clade1sub3	70-122-242-255
6787	3.656826934141572e-06	clade1sub4	53-243-148-255
6788	5.207979338536057e-13	clade1sub7	24-215-202-255
6789	9.831296119948315e-12	clade1sub7	24-215-202-255
6790	4.096034980903415e-16	clade1sub14	247-113-27-255
6791	0.0022595245969489	clade1sub12	128-254-83-255
6792	1.6430723779061118e-14	clade1sub7	24-215-202-255
6793	2.978903200511344e-09	clade1sub4	53-243-148-255
6795	2.1445166017017482e-11	clade1sub7	24-215-202-255
6796	0.0006972586475029	clade1sub18	122-4-2-255
6797	2.9094485671665345e-15	clade1sub7	24-215-202-255
6798	4.234929331715771e-06	clade1sub4	53-243-148-255
6799	1.6419965962777297e-15	clade1sub7	24-215-202-255
6800	8.44824785552926e-12	clade1sub3	70-122-242-255
6801	8.593872366173794e-08	clade1sub4	53-243-148-255
6802	1.5142169287488526e-16	clade1sub7	24-215-202-255
6803	1.1415832579068708e-13	clade1sub7	24-215-202-255
6804	7.218449383598972e-16	clade1sub3	70-122-242-255
6805	5.875440865164472e-18	clade1sub7	24-215-202-255
6806	2.9581161265384477e-09	clade1sub7	24-215-202-255
6807	1.4721841359070614e-14	clade1sub7	24-215-202-255
6808	6.679334843636263e-10	clade1sub7	24-215-202-255
6809	2.0784013336633208e-10	clade1sub7	24-215-202-255
6810	8.751593804112785e-07	clade1sub7	24-215-202-255
6811	0.0014684705133492	clade1sub12	128-254-83-255
6812	9.078597159801937e-08	clade1sub7	24-215-202-255
6813	0.0002719325635232	clade1sub12	128-254-83-255
6814	6.577432132419255e-05	clade1sub7	24-215-202-255
6815	0.0590915160420334	clade1sub4	53-243-148-255
6816	2.06412922749746e-11	clade1sub3	70-122-242-255
6817	1.7823333056313548e-12	clade1sub7	24-215-202-255
6818	6.295305884388473e-20	clade1sub3	70-122-242-255
6819	6.312182523929431e-17	clade1sub3	70-122-242-255
6820	5.59613360305262e-16	clade1sub7	24-215-202-255
6821	5.1128129221823744e-14	clade1sub3	70-122-242-255
6822	1.5700913922959214e-11	clade1sub3	70-122-242-255
6823	6.016811180262397e-16	clade1sub3	70-122-242-255
6824	4.692853813681587e-21	clade1sub3	70-122-242-255
6825	6.2040473187081924e-18	clade1sub3	70-122-242-255
6826	5.137489457794756e-16	clade1sub7	24-215-202-255
6827	3.8302039949988434e-15	clade1sub7	24-215-202-255
6828	1.3974403686571546e-18	clade1sub3	70-122-242-255
6829	2.358643789066632e-18	clade1sub7	24-215-202-255
6830	1.332570476847046e-13	clade1sub7	24-215-202-255
6831	1.5592380670103873e-21	clade1sub3	70-122-242-255
6832	1.3782661594056661e-12	clade1sub7	24-215-202-255
6833	1.6752208577611693e-19	clade1sub7	24-215-202-255
6834	1.6058583355755506e-16	clade1sub7	24-215-202-255
6835	1.3504481199115642e-10	clade1sub12	128-254-83-255
6836	1.358819415438919e-16	clade1sub3	70-122-242-255
6837	2.2755729211512183e-14	clade1sub7	24-215-202-255
6838	3.2014581926480862e-06	clade1sub4	53-243-148-255
6839	0.0025388925876145	clade1sub18	122-4-2-255
6840	5.739142424035502e-10	clade1sub12	128-254-83-255
6841	2.749251018778355e-09	clade1sub12	128-254-83-255
6842	1.8957506273921596e-14	clade1sub12	128-254-83-255
6843	0.0024524620857842	clade1sub7	24-215-202-255
6844	1.4829133088755906e-13	clade1sub12	128-254-83-255
6845	4.70204686578847e-14	clade1sub7	24-215-202-255
6846	9.12896192215192e-12	clade1sub12	128-254-83-255
6847	7.128845126248608e-14	clade1sub7	24-215-202-255
6849	2.3317760674126573e-12	clade1sub3	70-122-242-255
6850	6.948835737720873e-06	clade1sub7	24-215-202-255
6851	3.000571072996093e-13	clade1sub4	53-243-148-255
6852	4.6748874289161146e-14	clade1sub3	70-122-242-255
6853	2.0943459541278512e-14	clade1sub3	70-122-242-255
6854	1.2143487011336968e-16	clade1sub3	70-122-242-255
6855	2.2361503791304115e-07	clade1sub7	24-215-202-255
6856	2.922699237320377e-06	clade1sub3	70-122-242-255
6857	3.884377812680493e-05	clade1sub11	232-213-56-255
6858	0.0019939328232988	clade1sub11	232-213-56-255
6859	6.646224636657496e-05	clade1sub12	128-254-83-255
6860	1.3212224637080522e-19	clade1sub7	24-215-202-255
6861	4.200863748188851e-17	clade1sub4	53-243-148-255
6862	8.96784774953366e-10	clade1sub4	53-243-148-255
6863	6.33175950447035e-16	clade1sub7	24-215-202-255
6864	5.518360201865767e-20	clade1sub7	24-215-202-255
6865	1.668890012868501e-14	clade1sub4	53-243-148-255
6866	6.878592309138288e-14	clade1sub7	24-215-202-255
6867	1.4511066078043216e-11	clade1sub4	53-243-148-255
6868	1.609264593921128e-15	clade1sub7	24-215-202-255
6869	3.8077354666030804e-14	clade1sub7	24-215-202-255
6870	1.8614871501545968e-10	clade1sub4	53-243-148-255
6871	2.029728524394626e-09	clade1sub4	53-243-148-255
6872	7.339704285608897e-11	clade1sub12	128-254-83-255
6873	0.0017161550836407	clade1sub3	70-122-242-255
6874	2.479241851447044e-10	clade1sub12	128-254-83-255
6875	1.9938578878041594e-06	clade1sub3	70-122-242-255
6876	4.0383425131843374e-12	clade1sub7	24-215-202-255
6877	1.6475630548857907e-09	clade1sub4	53-243-148-255
6878	2.061131562225293e-12	clade1sub7	24-215-202-255
6879	0.0561994429985258	clade1sub11	232-213-56-255
6880	5.643238081913993e-09	clade1sub7	24-215-202-255
6881	2.8692974145079805e-13	clade1sub7	24-215-202-255
6882	1.5053022071722349e-05	clade1sub18	122-4-2-255
6883	4.671040876873625e-07	clade1sub12	128-254-83-255
6884	5.29655969336934e-06	clade1sub7	24-215-202-255
6885	0.0024588952885653	clade1sub12	128-254-83-255
6886	0.0086912794874198	clade1sub11	232-213-56-255
6887	0.0296931236724581	clade1sub12	128-254-83-255
6888	0.0002753206543365	clade1sub7	24-215-202-255
6889	0.0994185146571519	clade1sub18	122-4-2-255
6890	0.0211545497514299	clade1sub4	53-243-148-255
6891	5.543666807646843e-05	clade1sub3	70-122-242-255
6892	0.001665388671417	clade1sub7	24-215-202-255
6893	9.451009573441566e-05	clade1sub7	24-215-202-255
6894	0.0021911485826166	clade1sub2	51-172-246-255
6895	7.642236231138667e-06	clade1sub18	122-4-2-255
6896	5.211928689522146e-08	clade1sub7	24-215-202-255
6897	7.590738943383657e-09	clade1sub7	24-215-202-255
6898	9.496548020248743e-08	clade1sub7	24-215-202-255
6899	0.004185565056321	clade1sub12	128-254-83-255
6900	0.0023781983345429	clade1sub7	24-215-202-255
6901	2.280811865990677e-06	clade1sub7	24-215-202-255
6902	2.360661482766333e-05	clade1sub7	24-215-202-255
6903	0.0159394336043602	clade1sub18	122-4-2-255
6904	2.7618140129051544e-10	clade1sub7	24-215-202-255
6905	2.44097361000778e-07	clade1sub7	24-215-202-255
6906	1.7444962252092044e-05	clade1sub4	53-243-148-255
6907	0.0004532205125032	clade1sub4	53-243-148-255
6908	0.0013878039089935	clade1sub7	24-215-202-255
6909	1.1564338370105442e-06	clade1sub4	53-243-148-255
6910	1.1955430512117802e-07	clade1sub18	122-4-2-255
6911	3.6198372200796406e-11	clade1sub19	187-244-52-255
6912	2.5879390826188388e-14	clade1sub3	70-122-242-255
6913	2.0110483384830118e-11	clade1sub3	70-122-242-255
6914	1.1485845827792565e-07	clade1sub4	53-243-148-255
6915	9.999844668714322e-12	clade1sub3	70-122-242-255
6916	9.12896192215192e-12	clade1sub12	128-254-83-255
6917	1.2046749180398828e-10	clade1sub3	70-122-242-255
6918	6.273056327442352e-11	clade1sub12	128-254-83-255
6919	1.5202624525234166e-13	clade1sub12	128-254-83-255
6920	8.98318587986931e-11	clade1sub12	128-254-83-255
6921	6.160917328348872e-16	clade1sub7	24-215-202-255
6922	1.793580421087162e-05	clade1sub12	128-254-83-255
6923	1.1385096104831462e-10	clade1sub4	53-243-148-255
6924	1.1385096104831462e-10	clade1sub4	53-243-148-255
6925	1.3428033957396005e-13	clade1sub12	128-254-83-255
6926	0.0001657720390377	clade1sub4	53-243-148-255
6927	6.750265610727972e-06	clade1sub12	128-254-83-255
6928	3.1204247068607403e-09	clade1sub3	70-122-242-255
6929	0.0070703059656095	clade1sub12	128-254-83-255
6930	0.0246730198298228	clade1sub12	128-254-83-255
6931	9.956448139164118e-07	clade1sub19	187-244-52-255
6932	0.0007190342866484	clade1sub4	53-243-148-255
6933	0.003771170972536	clade1sub11	232-213-56-255
6934	0.0159266091538009	clade1sub11	232-213-56-255
6935	0.1083074957749355	clade1sub11	232-213-56-255
6936	0.059046508565835	clade1sub12	128-254-83-255
6937	4.4100138321433276e-08	clade1sub14	247-113-27-255
6938	0.0020337209305801	clade1sub11	232-213-56-255
6939	1.517203135389742e-05	clade1sub14	247-113-27-255
6940	5.904981736466821e-09	clade1sub7	24-215-202-255
6941	0.0002934070874818	clade1sub14	247-113-27-255
6942	3.551636987621132e-09	clade1sub7	24-215-202-255
6943	7.855628571840217e-07	clade1sub19	187-244-52-255
6944	2.0897105132540522e-09	clade1sub7	24-215-202-255
6945	6.350502106148855e-09	clade1sub14	247-113-27-255
6946	3.7148262383538583e-06	clade1sub11	232-213-56-255
6947	9.679747744734708e-10	clade1sub2	51-172-246-255
6948	8.5831101335398e-09	clade1sub2	51-172-246-255
6949	1.984756722974505e-05	clade1sub14	247-113-27-255
6950	5.337573779604329e-13	clade1sub7	24-215-202-255
6951	8.314638079557674e-13	clade1sub7	24-215-202-255
6952	1.192429256382507e-05	clade1sub14	247-113-27-255
6953	2.673510906746619e-14	clade1sub7	24-215-202-255
6954	0.0002782853623273	clade1sub4	53-243-148-255
6955	1.795452163997358e-08	clade1sub7	24-215-202-255
6956	3.411044431253182e-09	clade1sub14	247-113-27-255
6957	1.7579709622018781e-12	clade1sub7	24-215-202-255
6958	4.349304603940602e-05	clade1sub2	51-172-246-255
6959	1.0135007694366004e-06	clade1sub7	24-215-202-255
6960	2.8900689951996727e-06	clade1sub3	70-122-242-255
6961	5.622137763192706e-13	clade1sub7	24-215-202-255
6962	2.4958641394324616e-16	clade1sub7	24-215-202-255
6963	1.6551704274778193e-13	clade1sub13	180-27-1-255
6964	2.5603403604354965e-11	clade1sub7	24-215-202-255
6965	4.503917025860612e-11	clade1sub3	70-122-242-255
6966	0.0048772225710159	clade1sub12	128-254-83-255
6967	0.0051238446941783	clade1sub11	232-213-56-255
6968	0.0008112137944306	clade1sub11	232-213-56-255
6969	1.2710524398995707e-06	clade1sub7	24-215-202-255
6970	0.0007754869966043	clade1sub13	180-27-1-255
6971	7.456505806932253e-05	clade1sub3	70-122-242-255
6972	0.0160419241807274	clade1sub18	122-4-2-255
6973	4.0769082724300237e-07	clade1sub18	122-4-2-255
6974	1.0578968869917577e-08	clade1sub7	24-215-202-255
6975	0.0031293474138247	clade1sub3	70-122-242-255
6976	0.0004708742705084	clade1sub12	128-254-83-255
6977	1.576576074114205e-12	clade1sub7	24-215-202-255
6978	1.4811898270826874e-09	clade1sub7	24-215-202-255
6979	8.792429055439062e-07	clade1sub19	187-244-52-255
6980	5.040042782836644e-10	clade1sub7	24-215-202-255
6981	4.379100710369231e-18	clade1sub7	24-215-202-255
6982	0.0001199642053901	clade1sub19	187-244-52-255
6983	0.0001729214036402	clade1sub7	24-215-202-255
6984	1.3782195246281578e-06	clade1sub19	187-244-52-255
6985	2.1067374518513816e-10	clade1sub2	51-172-246-255
6986	0.0015701667277091	clade1sub7	24-215-202-255
6987	1.56370831372051e-06	clade1sub14	247-113-27-255
6988	2.386639999113975e-05	clade1sub7	24-215-202-255
6989	0.0061292131100786	clade1sub4	53-243-148-255
6990	5.7411370801797294e-08	clade1sub14	247-113-27-255
6991	2.996329044790457e-07	clade1sub7	24-215-202-255
6992	1.77352968102988e-05	clade1sub4	53-243-148-255
6993	4.081671469482928e-08	clade1sub7	24-215-202-255
6994	2.55829707439625e-07	clade1sub11	232-213-56-255
6995	2.1127893999803794e-07	clade1sub7	24-215-202-255
6996	1.7785548210229463e-05	clade1sub4	53-243-148-255
6997	0.000950296691987	clade1sub7	24-215-202-255
6998	0.0001333461716393	clade1sub7	24-215-202-255
6999	0.0019907248448542	clade1sub12	128-254-83-255
7000	8.415300379453708e-15	clade1sub7	24-215-202-255
7001	4.2936815043541824e-11	clade1sub7	24-215-202-255
7002	1.2559325428155343e-16	clade1sub7	24-215-202-255
7003	0.000234699577312	clade1sub19	187-244-52-255
7004	7.135296760279833e-09	clade1sub7	24-215-202-255
7005	6.975728507841466e-16	clade1sub13	180-27-1-255
7006	1.0366217024413329e-08	clade1sub13	180-27-1-255
7007	2.6701948720660684e-08	clade1sub7	24-215-202-255
7008	2.312333946587238e-09	clade1sub7	24-215-202-255
7009	2.1039979650042208e-11	clade1sub13	180-27-1-255
7010	4.1057926098030336e-19	clade1sub7	24-215-202-255
7011	1.756586846526514e-08	clade1sub3	70-122-242-255
7012	2.427778891750693e-05	clade1sub11	232-213-56-255
7013	0.0001805597094449	clade1sub3	70-122-242-255
7014	0.0001318011432494	clade1sub12	128-254-83-255
7015	2.6892050344855257e-05	clade1sub12	128-254-83-255
7016	0.0004323633978895	clade1sub12	128-254-83-255
7017	2.2566665653981763e-06	clade1sub4	53-243-148-255
7018	3.039208650972744e-05	clade1sub4	53-243-148-255
7019	0.0068073391125498	clade1sub12	128-254-83-255
7020	4.837591077464535e-11	clade1sub7	24-215-202-255
7021	2.6250737324655318e-17	clade1sub7	24-215-202-255
7022	2.6122919677422894e-08	clade1sub11	232-213-56-255
7023	4.6509058702651454e-20	clade1sub7	24-215-202-255
7024	1.7801526031920266e-17	clade1sub7	24-215-202-255
7025	3.557470117982083e-16	clade1sub7	24-215-202-255
7026	0.0002720759648424	clade1sub12	128-254-83-255
7027	6.1794507092116e-13	clade1sub7	24-215-202-255
7028	2.0596397501183307e-07	clade1sub11	232-213-56-255
7029	8.390032128841084e-13	clade1sub7	24-215-202-255
7030	2.9608992950846533e-12	clade1sub7	24-215-202-255
7031	2.5673339762882426e-17	clade1sub7	24-215-202-255
7032	2.632395305532747e-10	clade1sub12	128-254-83-255
7033	2.7203174572126256e-12	clade1sub7	24-215-202-255
7034	3.547922243192838e-09	clade1sub7	24-215-202-255
7035	1.1877067129623698e-11	clade1sub7	24-215-202-255
7036	8.351944575722092e-11	clade1sub7	24-215-202-255
7037	3.529240206807637e-09	clade1sub7	24-215-202-255
7038	2.273858704110231e-14	clade1sub7	24-215-202-255
7039	5.21345661376352e-11	clade1sub7	24-215-202-255
7040	0.0104606477733734	clade1sub12	128-254-83-255
7041	9.39376717955919e-10	clade1sub7	24-215-202-255
7042	0.0001131910748511	clade1sub7	24-215-202-255
7043	0.000193679763403	clade1sub4	53-243-148-255
7044	3.5457831570171795e-05	clade1sub11	232-213-56-255
7045	0.0015476267970447	clade1sub12	128-254-83-255
7046	9.413174614998512e-05	clade1sub11	232-213-56-255
7047	0.004655879493828	clade1sub7	24-215-202-255
7048	6.344319072304008e-20	clade1sub7	24-215-202-255
7049	3.0979370589046153e-19	clade1sub7	24-215-202-255
7050	4.461042138238916e-23	clade1sub7	24-215-202-255
7051	7.858763237277516e-19	clade1sub3	70-122-242-255
7052	8.530901978510335e-18	clade1sub3	70-122-242-255
7053	5.6590327111991394e-18	clade1sub7	24-215-202-255
7054	3.832418461517547e-15	clade1sub3	70-122-242-255
7055	2.759960965225892e-17	clade1sub7	24-215-202-255
7056	3.145809878567003e-18	clade1sub3	70-122-242-255
7057	6.326830720772454e-13	clade1sub7	24-215-202-255
7058	8.814039248894476e-17	clade1sub3	70-122-242-255
7059	1.6825261621092078e-18	clade1sub7	24-215-202-255
7060	7.894362244699019e-24	clade1sub7	24-215-202-255
7061	1.4619574006212941e-22	clade1sub7	24-215-202-255
7062	3.5782048126718355e-17	clade1sub7	24-215-202-255
7063	1.4747406071412501e-19	clade1sub7	24-215-202-255
7064	1.5904743112302297e-17	clade1sub7	24-215-202-255
7065	3.564374805812524e-25	clade1sub7	24-215-202-255
7066	1.0945154271681072e-20	clade1sub7	24-215-202-255
7067	4.7565208785427866e-11	clade1sub7	24-215-202-255
7068	1.4735694095426542e-16	clade1sub7	24-215-202-255
7069	7.537685066993493e-24	clade1sub7	24-215-202-255
7070	3.446424499389379e-21	clade1sub7	24-215-202-255
7071	8.970324392971193e-14	clade1sub7	24-215-202-255
7072	3.2534553290512294e-15	clade1sub7	24-215-202-255
7073	1.4574246074042575e-08	clade1sub7	24-215-202-255
7074	1.019208401612989e-06	clade1sub7	24-215-202-255
7075	2.44465505887836e-13	clade1sub7	24-215-202-255
7076	0.0001058289597605	clade1sub4	53-243-148-255
7077	6.503831379929437e-13	clade1sub3	70-122-242-255
7078	2.07563989803083e-12	clade1sub3	70-122-242-255
7079	2.778632382627216e-11	clade1sub4	53-243-148-255
7080	2.435315313576804e-16	clade1sub3	70-122-242-255
7081	4.343154131263541e-06	clade1sub3	70-122-242-255
7082	3.1747421037431217e-15	clade1sub3	70-122-242-255
7083	8.752055866339816e-17	clade1sub4	53-243-148-255
7084	1.6622316557882786e-16	clade1sub7	24-215-202-255
7085	2.512920851851828e-05	clade1sub3	70-122-242-255
7086	8.286248699861678e-09	clade1sub3	70-122-242-255
7087	8.209121032389134e-16	clade1sub3	70-122-242-255
7088	3.324651372289394e-18	clade1sub3	70-122-242-255
7089	2.044439715961886e-12	clade1sub3	70-122-242-255
7090	2.628499999657843e-13	clade1sub3	70-122-242-255
7091	6.301196966638311e-18	clade1sub3	70-122-242-255
7092	1.142630233066343e-19	clade1sub3	70-122-242-255
7093	4.346880556591187e-06	clade1sub12	128-254-83-255
7094	1.3328945199126886e-10	clade1sub7	24-215-202-255
7095	3.760558295438117e-09	clade1sub7	24-215-202-255
7096	1.1455974550730201e-15	clade1sub3	70-122-242-255
7097	5.323374549675999e-17	clade1sub3	70-122-242-255
7098	2.4722243844289924e-14	clade1sub7	24-215-202-255
7099	7.162688922150748e-12	clade1sub7	24-215-202-255
7100	2.211192585096762e-15	clade1sub7	24-215-202-255
7101	1.1994883473112832e-12	clade1sub7	24-215-202-255
7102	9.317038511377479e-16	clade1sub7	24-215-202-255
7103	7.415594466669778e-11	clade1sub4	53-243-148-255
7104	8.610662512254503e-15	clade1sub7	24-215-202-255
7105	4.627012481851744e-14	clade1sub7	24-215-202-255
7106	7.757127404739236e-22	clade1sub7	24-215-202-255
7107	1.7264451619454774e-14	clade1sub7	24-215-202-255
7108	6.979261968574079e-07	clade1sub7	24-215-202-255
7109	1.4039217464068229e-12	clade1sub7	24-215-202-255
7110	2.6197669923404936e-08	clade1sub3	70-122-242-255
7111	0.0037608851998318	clade1sub12	128-254-83-255
7112	5.459773975156196e-05	clade1sub3	70-122-242-255
7113	2.393651393651181e-09	clade1sub3	70-122-242-255
7114	3.996869361010053e-09	clade1sub12	128-254-83-255
7115	0.0002526570189544	clade1sub12	128-254-83-255
7116	9.37861082693429e-13	clade1sub7	24-215-202-255
7117	0.0004302516384085	clade1sub12	128-254-83-255
7118	0.0001381763887913	clade1sub4	53-243-148-255
7119	3.218266076469394e-06	clade1sub4	53-243-148-255
7120	0.0013471228557845	clade1sub12	128-254-83-255
7121	0.267145284013451	clade1sub12	128-254-83-255
7122	1.6282763374858008e-07	clade1sub7	24-215-202-255
7123	0.0264335352201606	clade1sub2	51-172-246-255
7124	0.1861793848761211	clade1sub2	51-172-246-255
7125	2.852213724720622e-09	clade1sub7	24-215-202-255
7126	1.910300056484956e-10	clade1sub7	24-215-202-255
7127	1.2191434169387554e-08	clade1sub7	24-215-202-255
7128	0.0014179707604492	clade1sub11	232-213-56-255
7129	2.88920879601124e-06	clade1sub12	128-254-83-255
7130	1.0027967729372532e-05	clade1sub12	128-254-83-255
7131	0.0008273167247962	clade1sub12	128-254-83-255
7132	0.0003119502859475	clade1sub12	128-254-83-255
7133	0.061081882080525	clade1sub14	247-113-27-255
7134	0.0010791577028006	clade1sub12	128-254-83-255
7135	0.0047800929671076	clade1sub14	247-113-27-255
7136	0.2197744836201493	clade1sub12	128-254-83-255
7137	2.968448886192902e-05	clade1sub12	128-254-83-255
7138	1.4093035311942893e-07	clade1sub7	24-215-202-255
7139	0.0006671111463182	clade1sub4	53-243-148-255
7140	0.0012718257109467	clade1sub4	53-243-148-255
7141	2.572489846691137e-10	clade1sub4	53-243-148-255
7142	5.227162354245844e-11	clade1sub7	24-215-202-255
7143	4.55332737170973e-13	clade1sub3	70-122-242-255
7144	6.13343564961166e-08	clade1sub4	53-243-148-255
7145	6.751171395401541e-15	clade1sub3	70-122-242-255
7146	4.066812813639146e-15	clade1sub3	70-122-242-255
7147	2.8344668433403906e-12	clade1sub3	70-122-242-255
7148	5.669787558460195e-12	clade1sub3	70-122-242-255
7149	1.107987679834971e-13	clade1sub3	70-122-242-255
7150	4.5188806820058217e-10	clade1sub3	70-122-242-255
7151	5.7230566125274077e-11	clade1sub3	70-122-242-255
7152	2.587753212085808e-07	clade1sub3	70-122-242-255
7153	2.5450682617606662e-09	clade1sub3	70-122-242-255
7154	4.5188806820058217e-10	clade1sub3	70-122-242-255
7155	1.2988602088826436e-12	clade1sub12	128-254-83-255
7156	5.188581522902552e-10	clade1sub12	128-254-83-255
7157	0.0002007642667901	clade1sub12	128-254-83-255
7158	0.0379295550381286	clade1sub18	122-4-2-255
7159	1.2792308491925426e-05	clade1sub3	70-122-242-255
7160	0.0002785697399098	clade1sub12	128-254-83-255
7161	3.307113041822254e-05	clade1sub11	232-213-56-255
7162	0.0585971717158408	clade1sub12	128-254-83-255
7163	0.0287099538192028	clade1sub12	128-254-83-255
7164	0.0059588587542445	clade1sub11	232-213-56-255
7165	0.0005080551894947	clade1sub11	232-213-56-255
7166	0.0065897327443948	clade1sub12	128-254-83-255
7167	0.0001687600054419	clade1sub11	232-213-56-255
7168	2.915956368870404e-07	clade1sub11	232-213-56-255
7169	0.0297746270278661	clade1sub11	232-213-56-255
7170	9.586685203295908e-08	clade1sub11	232-213-56-255
7171	0.0374863487574296	clade1sub7	24-215-202-255
7172	1.14950012131047e-05	clade1sub11	232-213-56-255
7173	2.762142781435786e-09	clade1sub11	232-213-56-255
7174	1.3233665988529898e-06	clade1sub19	187-244-52-255
7175	0.0006434797769295	clade1sub11	232-213-56-255
7176	0.0008934084602037	clade1sub2	51-172-246-255
7177	4.057248769018313e-09	clade1sub19	187-244-52-255
7178	8.697533630265903e-08	clade1sub14	247-113-27-255
7179	3.632204549447242e-12	clade1sub3	70-122-242-255
7180	9.311715291435085e-08	clade1sub3	70-122-242-255
7181	1.5881868216671454e-11	clade1sub19	187-244-52-255
7182	0.0003359791271041	clade1sub2	51-172-246-255
7183	4.557710196503493e-08	clade1sub7	24-215-202-255
7184	1.5477591457498325e-12	clade1sub3	70-122-242-255
7185	1.601478160456797e-08	clade1sub3	70-122-242-255
7186	1.758417497202333e-11	clade1sub7	24-215-202-255
7187	3.5946168550631486e-08	clade1sub7	24-215-202-255
7188	3.3981247140772644e-07	clade1sub7	24-215-202-255
7189	9.433115126273878e-13	clade1sub7	24-215-202-255
7190	0.0745064391557516	clade1sub12	128-254-83-255
7191	2.0761926865431384e-15	clade1sub3	70-122-242-255
7192	2.555039084403644e-06	clade1sub7	24-215-202-255
7194	4.9247271960592274e-17	clade1sub7	24-215-202-255
7195	0.0391474578263934	clade1sub19	187-244-52-255
7196	5.276067005811909e-05	clade1sub2	51-172-246-255
7197	5.679889970964301e-10	clade1sub7	24-215-202-255
7198	3.6813283060236087e-06	clade1sub3	70-122-242-255
7199	0.0092552711685414	clade1sub2	51-172-246-255
7200	4.100383131717314e-05	clade1sub19	187-244-52-255
7201	9.713902707728632e-10	clade1sub19	187-244-52-255
7202	1.9884973354852747e-09	clade1sub7	24-215-202-255
7203	3.7257002630314646e-08	clade1sub2	51-172-246-255
7204	6.811488594035895e-08	clade1sub7	24-215-202-255
7205	1.923991726121235e-06	clade1sub2	51-172-246-255
7206	3.0254683724766917e-11	clade1sub7	24-215-202-255
7207	1.2258855054676328e-08	clade1sub7	24-215-202-255
7208	1.4025109830465394e-07	clade1sub2	51-172-246-255
7209	0.0003557835699334	clade1sub11	232-213-56-255
7210	2.82108563939782e-08	clade1sub3	70-122-242-255
7211	1.0531780196802013e-07	clade1sub7	24-215-202-255
7212	1.9959704205550362e-08	clade1sub13	180-27-1-255
7213	3.587742411198009e-06	clade1sub12	128-254-83-255
7214	1.5196646567218446e-12	clade1sub7	24-215-202-255
7215	1.9576621020781115e-10	clade1sub7	24-215-202-255
7216	1.472344887830562e-14	clade1sub7	24-215-202-255
7217	1.7638026015203705e-07	clade1sub13	180-27-1-255
7218	1.6294212104431044e-16	clade1sub7	24-215-202-255
7219	5.4847324167785385e-06	clade1sub11	232-213-56-255
7220	4.680848664290177e-08	clade1sub7	24-215-202-255
7221	5.5644481090917794e-18	clade1sub7	24-215-202-255
7222	2.608648927133531e-11	clade1sub13	180-27-1-255
7223	1.8308237671562518e-09	clade1sub3	70-122-242-255
7224	6.558673246033613e-14	clade1sub3	70-122-242-255
7225	3.664526318204472e-09	clade1sub3	70-122-242-255
7226	1.0579575234077563e-10	clade1sub11	232-213-56-255
7227	8.93808345764925e-08	clade1sub11	232-213-56-255
7228	5.712757806965088e-13	clade1sub7	24-215-202-255
7229	6.5214500337852725e-18	clade1sub7	24-215-202-255
7231	2.711504505528047e-06	clade1sub11	232-213-56-255
7232	4.6166846937772986e-15	clade1sub7	24-215-202-255
7233	2.2792729621776243e-10	clade1sub2	51-172-246-255
7234	1.876557726023679e-12	clade1sub3	70-122-242-255
7235	9.160461013418518e-13	clade1sub3	70-122-242-255
7236	6.630245376537017e-20	clade1sub7	24-215-202-255
7237	6.876071455129047e-19	clade1sub7	24-215-202-255
7238	9.260618349996143e-21	clade1sub7	24-215-202-255
7239	3.559553954817454e-17	clade1sub7	24-215-202-255
7240	1.6610861998289346e-16	clade1sub7	24-215-202-255
7241	1.198919762950169e-15	clade1sub7	24-215-202-255
7242	2.3106775412163243e-11	clade1sub12	128-254-83-255
7243	1.8647999792349203e-09	clade1sub2	51-172-246-255
7244	5.809892794365412e-08	clade1sub4	53-243-148-255
7245	6.400280547206631e-11	clade1sub4	53-243-148-255
7246	0.0223110447463634	clade1sub12	128-254-83-255
7247	3.4828265609257584e-11	clade1sub7	24-215-202-255
7248	0.0282767645804553	clade1sub14	247-113-27-255
7249	3.132672713520148e-06	clade1sub7	24-215-202-255
7250	5.3763049825627206e-06	clade1sub12	128-254-83-255
7251	4.473277617028017e-18	clade1sub7	24-215-202-255
7252	1.0237174560986293e-18	clade1sub7	24-215-202-255
7253	2.0225590624098162e-19	clade1sub7	24-215-202-255
7254	9.880907249837761e-19	clade1sub7	24-215-202-255
7255	1.4435652048754842e-17	clade1sub7	24-215-202-255
7256	1.4759823882756375e-19	clade1sub3	70-122-242-255
7257	1.1466470558243298e-18	clade1sub3	70-122-242-255
7258	1.5904739656658332e-22	clade1sub3	70-122-242-255
7259	2.642943851717783e-21	clade1sub3	70-122-242-255
7260	2.080192673980961e-23	clade1sub7	24-215-202-255
7261	3.1330004473174793e-19	clade1sub7	24-215-202-255
7262	3.899418724743846e-25	clade1sub3	70-122-242-255
7263	1.254802410283791e-25	clade1sub7	24-215-202-255
7264	1.667535820674038e-24	clade1sub7	24-215-202-255
7265	3.4634930639911105e-22	clade1sub7	24-215-202-255
7266	3.304025975528184e-21	clade1sub7	24-215-202-255
7267	1.1629906160662472e-23	clade1sub7	24-215-202-255
7268	4.543511794276471e-19	clade1sub3	70-122-242-255
7269	2.1294954619839e-18	clade1sub7	24-215-202-255
7270	1.301662353752409e-19	clade1sub7	24-215-202-255
7271	9.099581802224687e-21	clade1sub7	24-215-202-255
7272	4.6969686999753e-22	clade1sub7	24-215-202-255
7273	1.2316836655902792e-20	clade1sub7	24-215-202-255
7274	3.884959244685283e-22	clade1sub7	24-215-202-255
7275	1.7993153913500598e-14	clade1sub7	24-215-202-255
7276	6.0114886460796294e-18	clade1sub7	24-215-202-255
7277	1.182875676101763e-18	clade1sub7	24-215-202-255
7278	2.133031680324308e-13	clade1sub7	24-215-202-255
7279	6.055027169511246e-13	clade1sub7	24-215-202-255
7280	3.300842121667591e-14	clade1sub7	24-215-202-255
7281	1.5757113491619074e-11	clade1sub7	24-215-202-255
7282	3.5824243546139026e-11	clade1sub7	24-215-202-255
7284	4.010206998392839e-08	clade1sub12	128-254-83-255
7285	6.794571836356543e-13	clade1sub3	70-122-242-255
7286	1.6288106075986246e-10	clade1sub3	70-122-242-255
7287	1.87802543658797e-09	clade1sub7	24-215-202-255
7288	2.7862776086317443e-06	clade1sub7	24-215-202-255
7289	0.0001686430351475	clade1sub11	232-213-56-255
7290	0.1977709995601098	clade1sub12	128-254-83-255
7291	0.0021735611392552	clade1sub12	128-254-83-255
7292	3.773335116858423e-06	clade1sub12	128-254-83-255
7293	3.635752419373902e-16	clade1sub7	24-215-202-255
7294	2.0494341854115236e-17	clade1sub7	24-215-202-255
7295	3.0503713790667844e-17	clade1sub7	24-215-202-255
7296	6.055027169511246e-13	clade1sub7	24-215-202-255
7297	8.685684624889847e-16	clade1sub7	24-215-202-255
7298	3.6478459721927975e-14	clade1sub7	24-215-202-255
7299	3.5749885497671307e-11	clade1sub7	24-215-202-255
7300	2.1502409071577397e-12	clade1sub2	51-172-246-255
7301	3.5749885497671307e-11	clade1sub7	24-215-202-255
7302	6.376604511359032e-15	clade1sub7	24-215-202-255
7303	1.0770225717849889e-10	clade1sub7	24-215-202-255
7304	3.467163901758899e-14	clade1sub7	24-215-202-255
7305	3.798593382955772e-20	clade1sub7	24-215-202-255
7308	4.4784374665941084e-09	clade1sub3	70-122-242-255
7309	0.0103630028367902	clade1sub3	70-122-242-255
7310	0.0001025977098624	clade1sub12	128-254-83-255
7311	9.504297331504331e-11	clade1sub7	24-215-202-255
7312	0.0342513530092995	clade1sub14	247-113-27-255
7313	5.65277981486599e-07	clade1sub7	24-215-202-255
7314	4.237788827440916e-09	clade1sub7	24-215-202-255
7315	2.6920233761143797e-11	clade1sub3	70-122-242-255
7316	7.732424265169204e-10	clade1sub3	70-122-242-255
7317	4.763386496456672e-13	clade1sub3	70-122-242-255
7318	2.8759900277859082e-08	clade1sub3	70-122-242-255
7319	1.3263752391884864e-05	clade1sub3	70-122-242-255
7320	0.0164400000349409	clade1sub12	128-254-83-255
7321	0.0238790501568687	clade1sub12	128-254-83-255
7322	3.674708382477791e-10	clade1sub7	24-215-202-255
7323	0.0120866635962038	clade1sub12	128-254-83-255
7324	4.573007767398932e-05	clade1sub3	70-122-242-255
7325	1.829069274143403e-07	clade1sub7	24-215-202-255
7326	0.014461718181604	clade1sub11	232-213-56-255
7327	0.0002023375248501	clade1sub11	232-213-56-255
7328	1.113884247983926e-05	clade1sub11	232-213-56-255
7329	3.418781355016123e-05	clade1sub11	232-213-56-255
7330	9.677220759239262e-05	clade1sub11	232-213-56-255
7331	6.888142939885344e-10	clade1sub7	24-215-202-255
7332	5.418792562176157e-05	clade1sub3	70-122-242-255
7333	0.0002882859267885	clade1sub11	232-213-56-255
7334	2.828737120095425e-07	clade1sub3	70-122-242-255
7335	8.630249618690295e-15	clade1sub7	24-215-202-255
7336	4.35332422396826e-05	clade1sub3	70-122-242-255
7337	0.0002461590868734	clade1sub3	70-122-242-255
7338	3.0531822348034853e-20	clade1sub7	24-215-202-255
7339	9.737816071367466e-12	clade1sub7	24-215-202-255
7340	1.1348734527622564e-09	clade1sub7	24-215-202-255
7341	6.649096896477156e-16	clade1sub7	24-215-202-255
7343	2.563224762605144e-11	clade1sub7	24-215-202-255
7344	3.132672713520148e-06	clade1sub7	24-215-202-255
7345	0.0025005376625806	clade1sub12	128-254-83-255
7346	0.0003496867880144	clade1sub11	232-213-56-255
7347	5.219678343682709e-14	clade1sub7	24-215-202-255
7348	1.2046420858865402e-11	clade1sub7	24-215-202-255
7349	1.8944731449524608e-14	clade1sub7	24-215-202-255
7350	1.11225090135353e-15	clade1sub7	24-215-202-255
7351	4.5311763724114714e-14	clade1sub7	24-215-202-255
7352	9.416420776619625e-16	clade1sub7	24-215-202-255
7353	1.5997062188879191e-09	clade1sub7	24-215-202-255
7354	0.0149878958110084	clade1sub3	70-122-242-255
7355	0.0042896566615137	clade1sub11	232-213-56-255
7356	9.392398665542029e-13	clade1sub7	24-215-202-255
7357	3.2378643985377486e-14	clade1sub7	24-215-202-255
7358	2.1823761871258623e-11	clade1sub7	24-215-202-255
7359	4.837821348143775e-13	clade1sub7	24-215-202-255
7360	1.064566199133384e-05	clade1sub7	24-215-202-255
7361	8.175631875524823e-07	clade1sub3	70-122-242-255
7362	2.276208677846109e-15	clade1sub3	70-122-242-255
7363	1.3064889908575247e-11	clade1sub3	70-122-242-255
7364	1.302599865742825e-07	clade1sub3	70-122-242-255
7365	1.2839998874004827e-06	clade1sub19	187-244-52-255
7366	0.0013543908354268	clade1sub12	128-254-83-255
7367	1.3752652866714615e-06	clade1sub12	128-254-83-255
7368	0.0015152829467428	clade1sub12	128-254-83-255
7369	8.908458340005307e-05	clade1sub11	232-213-56-255
7371	4.05198961165073e-12	clade1sub7	24-215-202-255
7372	1.6408854130058783e-09	clade1sub3	70-122-242-255
7373	1.202952802232341e-07	clade1sub7	24-215-202-255
7374	1.111995018476168e-06	clade1sub7	24-215-202-255
7375	6.412732572586672e-05	clade1sub12	128-254-83-255
7376	2.5905688916886627e-11	clade1sub14	247-113-27-255
7377	6.026583367279763e-08	clade1sub7	24-215-202-255
7378	1.427916731987799e-17	clade1sub7	24-215-202-255
7379	3.761864141038248e-21	clade1sub7	24-215-202-255
7380	2.4151342216899417e-24	clade1sub7	24-215-202-255
7381	9.037180107275834e-21	clade1sub7	24-215-202-255
7382	1.4772476525983818e-07	clade1sub11	232-213-56-255
7383	2.7697197030195094e-23	clade1sub7	24-215-202-255
7384	3.189146000459785e-24	clade1sub3	70-122-242-255
7385	4.79596016498893e-18	clade1sub2	51-172-246-255
7386	5.579503966694954e-21	clade1sub7	24-215-202-255
7387	2.869002450709587e-11	clade1sub7	24-215-202-255
7388	3.0935940657009853e-16	clade1sub12	128-254-83-255
7389	1.3179442107512785e-12	clade1sub7	24-215-202-255
7390	1.012888650561149e-13	clade1sub12	128-254-83-255
7391	3.965146176570699e-22	clade1sub7	24-215-202-255
7392	3.895744574332243e-25	clade1sub7	24-215-202-255
7393	8.656916785743276e-16	clade1sub12	128-254-83-255
7394	4.391504970338274e-19	clade1sub7	24-215-202-255
7395	1.9813743788255e-13	clade1sub7	24-215-202-255
7396	5.1177501250928576e-20	clade1sub7	24-215-202-255
7397	0.0007547407660497	clade1sub12	128-254-83-255
7398	1.9503578056029886e-18	clade1sub7	24-215-202-255
7399	8.956272290997178e-10	clade1sub4	53-243-148-255
7400	1.185302557531638e-11	clade1sub7	24-215-202-255
7401	4.939428310064175e-10	clade1sub4	53-243-148-255
7402	1.1941279115050635e-09	clade1sub4	53-243-148-255
7403	1.1941279115050635e-09	clade1sub4	53-243-148-255
7404	0.0223174563937452	clade1sub19	187-244-52-255
7405	1.1269143602177831e-10	clade1sub3	70-122-242-255
7406	6.697488128795623e-10	clade1sub7	24-215-202-255
7407	5.8022492474102525e-06	clade1sub12	128-254-83-255
7408	0.000728949553724	clade1sub11	232-213-56-255
7409	2.2032352461049394e-06	clade1sub18	122-4-2-255
7410	0.0016468234903673	clade1sub12	128-254-83-255
7411	0.0007869420522341	clade1sub7	24-215-202-255
7412	0.0014053914234225	clade1sub12	128-254-83-255
7413	1.8510582942232762e-08	clade1sub18	122-4-2-255
7414	1.7192953631891876e-06	clade1sub7	24-215-202-255
7415	3.72915313817244e-05	clade1sub11	232-213-56-255
7416	6.087037106198152e-06	clade1sub11	232-213-56-255
7417	5.9546107916061904e-27	clade1sub7	24-215-202-255
7418	1.714933989716019e-17	clade1sub7	24-215-202-255
7419	2.170454062525134e-23	clade1sub7	24-215-202-255
7420	1.2251676129304298e-21	clade1sub7	24-215-202-255
7421	2.228817720300595e-19	clade1sub3	70-122-242-255
7422	2.4503321630608706e-23	clade1sub7	24-215-202-255
7423	9.400264304812387e-15	clade1sub3	70-122-242-255
7424	6.750655001322332e-19	clade1sub3	70-122-242-255
7425	6.391772411788709e-19	clade1sub7	24-215-202-255
7426	2.110758846729336e-20	clade1sub7	24-215-202-255
7427	3.1456262178966265e-19	clade1sub3	70-122-242-255
7428	1.4975963285352563e-16	clade1sub7	24-215-202-255
7429	6.676269007706268e-23	clade1sub7	24-215-202-255
7430	2.012764224594181e-21	clade1sub7	24-215-202-255
7431	1.1735220770311524e-19	clade1sub3	70-122-242-255
7432	1.4285599114804488e-14	clade1sub7	24-215-202-255
7433	2.000542144876152e-19	clade1sub7	24-215-202-255
7434	9.86416402457329e-18	clade1sub3	70-122-242-255
7435	1.4683850156392028e-17	clade1sub7	24-215-202-255
7436	1.5932553259186927e-20	clade1sub7	24-215-202-255
7437	4.025784937189964e-21	clade1sub7	24-215-202-255
7438	3.201923690952359e-14	clade1sub12	128-254-83-255
7439	1.2930862799797048e-17	clade1sub2	51-172-246-255
7440	1.1815964920975247e-19	clade1sub7	24-215-202-255
7441	1.0221048561177496e-16	clade1sub4	53-243-148-255
7442	7.537796535504573e-21	clade1sub7	24-215-202-255
7443	1.1005255028241675e-20	clade1sub7	24-215-202-255
7444	1.8045384404880162e-09	clade1sub7	24-215-202-255
7445	2.0321072097863823e-10	clade1sub7	24-215-202-255
7446	6.602953300782184e-15	clade1sub7	24-215-202-255
7447	1.3450792025022493e-13	clade1sub7	24-215-202-255
7448	8.94762599028294e-08	clade1sub4	53-243-148-255
7449	0.0323136380852996	clade1sub12	128-254-83-255
7450	1.8049200746001e-07	clade1sub4	53-243-148-255
7451	0.0007946298708712	clade1sub12	128-254-83-255
7452	4.465670665381298e-10	clade1sub7	24-215-202-255
7453	3.146408633316497e-10	clade1sub7	24-215-202-255
7454	0.1109152188069681	clade1sub11	232-213-56-255
7455	0.0152164189616497	clade1sub12	128-254-83-255
7456	1.3533689706622526e-15	clade1sub7	24-215-202-255
7457	1.4480154422529963e-09	clade1sub7	24-215-202-255
7458	4.375558035757153e-16	clade1sub7	24-215-202-255
7459	9.624628477275053e-14	clade1sub7	24-215-202-255
7460	7.943479196347897e-11	clade1sub7	24-215-202-255
7461	5.665755821486978e-21	clade1sub7	24-215-202-255
7462	2.1515921780420098e-17	clade1sub2	51-172-246-255
7463	2.918889528219109e-15	clade1sub7	24-215-202-255
7464	4.478633781118969e-19	clade1sub7	24-215-202-255
7465	4.4563972746314017e-23	clade1sub7	24-215-202-255
7466	8.09432540313046e-16	clade1sub7	24-215-202-255
7467	2.7642094887189987e-20	clade1sub7	24-215-202-255
7468	8.56285135352092e-21	clade1sub7	24-215-202-255
7469	6.17971872257332e-20	clade1sub7	24-215-202-255
7470	8.071624078808454e-13	clade1sub7	24-215-202-255
7471	6.3806452478989495e-18	clade1sub7	24-215-202-255
7472	2.722024377483892e-11	clade1sub7	24-215-202-255
7473	1.3628210774621898e-12	clade1sub7	24-215-202-255
7474	2.82514556801254e-18	clade1sub7	24-215-202-255
7475	2.110013980389683e-08	clade1sub18	122-4-2-255
7476	8.536955840526008e-08	clade1sub12	128-254-83-255
7477	1.8194941007773733e-06	clade1sub17	222-62-8-255
7478	0.017547294947926	clade1sub18	122-4-2-255
7479	1.6175636292771463e-05	clade1sub18	122-4-2-255
7480	6.340572851553987e-06	clade1sub7	24-215-202-255
7481	0.0010713570584497	clade1sub7	24-215-202-255
7482	0.0130537851146601	clade1sub3	70-122-242-255
7483	0.0005588748571207	clade1sub12	128-254-83-255
7484	0.0568983172756725	clade1sub11	232-213-56-255
7485	6.584042343110771e-06	clade1sub14	247-113-27-255
7486	1.3198716585519746e-05	clade1sub3	70-122-242-255
7487	3.915766430621371e-07	clade1sub7	24-215-202-255
7488	6.401377077340797e-06	clade1sub11	232-213-56-255
7489	0.0001636523689811	clade1sub11	232-213-56-255
7490	0.0999207894829978	clade1sub12	128-254-83-255
7491	7.636981487998683e-06	clade1sub7	24-215-202-255
7492	0.000758768660759	clade1sub12	128-254-83-255
7493	9.462110500127887e-15	clade1sub4	53-243-148-255
7494	0.0060390375679821	clade1sub12	128-254-83-255
7495	5.809892794365412e-08	clade1sub4	53-243-148-255
7496	5.809892794365412e-08	clade1sub4	53-243-148-255
7497	0.0015855101818384	clade1sub18	122-4-2-255
7498	1.053339447756539e-06	clade1sub12	128-254-83-255
7499	1.5351888704946428e-08	clade1sub12	128-254-83-255
7500	2.3246545350251963e-16	clade1sub7	24-215-202-255
7501	1.4263397792561222e-06	clade1sub18	122-4-2-255
7502	5.655569592239006e-11	clade1sub4	53-243-148-255
7503	7.055935768743538e-06	clade1sub14	247-113-27-255
7504	1.8370995959773502e-09	clade1sub7	24-215-202-255
7505	0.0232066782614616	clade1sub14	247-113-27-255
7506	1.6163557268916688e-08	clade1sub7	24-215-202-255
7507	8.117059844610579e-05	clade1sub3	70-122-242-255
7508	1.2201992664037642e-06	clade1sub16	253-171-51-255
7509	0.0018532071124992	clade1sub11	232-213-56-255
7510	1.824205578022417e-05	clade1sub3	70-122-242-255
7511	0.0002468806123924	clade1sub3	70-122-242-255
7512	0.0018945709964303	clade1sub11	232-213-56-255
7513	6.927808634698655e-06	clade1sub3	70-122-242-255
7514	0.0001734410780268	clade1sub11	232-213-56-255
7515	0.0003468831181722	clade1sub11	232-213-56-255
7516	3.079687757632801e-05	clade1sub2	51-172-246-255
7517	6.960293810377642e-05	clade1sub11	232-213-56-255
7518	8.601017980436189e-12	clade1sub7	24-215-202-255
7519	0.0003077203558012	clade1sub3	70-122-242-255
7520	3.163876513633314e-08	clade1sub7	24-215-202-255
7521	4.807400537991644e-05	clade1sub3	70-122-242-255
7522	9.643860453767733e-13	clade1sub7	24-215-202-255
7524	6.1475831815735156e-09	clade1sub3	70-122-242-255
7525	8.220433333496351e-14	clade1sub7	24-215-202-255
7526	0.0105994913475926	clade1sub18	122-4-2-255
7527	1.6638488038280483e-08	clade1sub11	232-213-56-255
7528	0.0223046623913202	clade1sub7	24-215-202-255
7529	2.499409761569058e-05	clade1sub7	24-215-202-255
7530	0.0226361223277965	clade1sub11	232-213-56-255
7531	7.381047370946116e-06	clade1sub7	24-215-202-255
7532	1.8318455868013023e-14	clade1sub7	24-215-202-255
7533	6.025096974066907e-11	clade1sub7	24-215-202-255
7534	1.338646791761944e-13	clade1sub7	24-215-202-255
7535	7.789832936087696e-15	clade1sub7	24-215-202-255
7536	7.21000911494492e-14	clade1sub7	24-215-202-255
7537	3.5318928188447863e-10	clade1sub7	24-215-202-255
7538	1.3952623006727076e-12	clade1sub7	24-215-202-255
7539	0.0014186215201894	clade1sub3	70-122-242-255
7540	2.930409066550055e-07	clade1sub3	70-122-242-255
7541	7.247161575624972e-08	clade1sub3	70-122-242-255
7542	2.140282581664586e-06	clade1sub3	70-122-242-255
7543	2.771055955786962e-12	clade1sub3	70-122-242-255
7546	0.0005447602443713	clade1sub3	70-122-242-255
7547	5.324432550405557e-05	clade1sub11	232-213-56-255
7548	0.0175441313756754	clade1sub12	128-254-83-255
7549	0.2318148100970597	clade1sub12	128-254-83-255
7550	0.0008424747590653	clade1sub12	128-254-83-255
7551	0.0158648969251292	clade1sub12	128-254-83-255
7552	4.455164252389992e-05	clade1sub11	232-213-56-255
7553	2.985435405924197e-15	clade1sub7	24-215-202-255
7554	4.100250199440799e-06	clade1sub3	70-122-242-255
7555	0.0100044891798178	clade1sub12	128-254-83-255
7556	4.547539240775888e-11	clade1sub7	24-215-202-255
7557	7.584378722913398e-09	clade1sub14	247-113-27-255
7558	1.2741837781804593e-11	clade1sub7	24-215-202-255
7559	1.7096547371611327e-09	clade1sub7	24-215-202-255
7560	3.564289901550036e-16	clade1sub7	24-215-202-255
7561	6.9322495091856674e-15	clade1sub7	24-215-202-255
7562	7.109851570476517e-13	clade1sub7	24-215-202-255
7563	3.9848417571429675e-07	clade1sub7	24-215-202-255
7564	2.7062127506492403e-19	clade1sub7	24-215-202-255
7565	4.343382425447567e-12	clade1sub7	24-215-202-255
7566	1.4122008161098284e-12	clade1sub7	24-215-202-255
7567	3.640777100075368e-14	clade1sub14	247-113-27-255
7568	4.280169154642256e-17	clade1sub7	24-215-202-255
7569	1.2978130330320229e-17	clade1sub14	247-113-27-255
7570	6.613355250972052e-17	clade1sub7	24-215-202-255
7571	1.8905409567809037e-07	clade1sub14	247-113-27-255
7572	1.7621354406615764e-13	clade1sub7	24-215-202-255
7573	7.587204083597554e-17	clade1sub7	24-215-202-255
7574	1.403154668428878e-18	clade1sub7	24-215-202-255
7575	1.722844989233228e-19	clade1sub11	232-213-56-255
7576	1.5826534333677176e-15	clade1sub7	24-215-202-255
7577	6.936254951985991e-16	clade1sub7	24-215-202-255
7578	9.357627851534948e-19	clade1sub14	247-113-27-255
7579	1.8828794068313666e-12	clade1sub7	24-215-202-255
7580	1.0092740315596951e-16	clade1sub11	232-213-56-255
7581	6.8169365843863305e-12	clade1sub7	24-215-202-255
7582	7.020638999164679e-12	clade1sub11	232-213-56-255
7583	7.950832637707744e-10	clade1sub14	247-113-27-255
7584	8.265098751661238e-09	clade1sub14	247-113-27-255
7585	2.2390690082177117e-08	clade1sub3	70-122-242-255
7586	1.0076819242529347e-08	clade1sub7	24-215-202-255
7587	1.1315310548416071e-14	clade1sub7	24-215-202-255
7588	1.270872624893636e-16	clade1sub7	24-215-202-255
7589	3.4257055494029015e-23	clade1sub14	247-113-27-255
7590	2.783402041544116e-25	clade1sub7	24-215-202-255
7591	2.526190936079461e-22	clade1sub7	24-215-202-255
7592	1.5379054321749214e-20	clade1sub7	24-215-202-255
7593	4.435763330700837e-19	clade1sub3	70-122-242-255
7594	1.150974143975595e-15	clade1sub7	24-215-202-255
7595	9.785571422940484e-19	clade1sub7	24-215-202-255
7596	3.3830653980364414e-14	clade1sub7	24-215-202-255
7597	9.618341176954506e-22	clade1sub7	24-215-202-255
7598	1.8517574933098704e-05	clade1sub4	53-243-148-255
7599	1.7655525868560575e-14	clade1sub7	24-215-202-255
7600	2.950209413308197e-21	clade1sub7	24-215-202-255
7601	6.825353355552307e-12	clade1sub2	51-172-246-255
7602	2.1382663608187963e-22	clade1sub7	24-215-202-255
7603	2.280252171165991e-12	clade1sub7	24-215-202-255
7604	3.560105589016412e-17	clade1sub7	24-215-202-255
7605	1.3157785963830757e-17	clade1sub7	24-215-202-255
7606	2.4300233265084237e-18	clade1sub7	24-215-202-255
7607	7.861734289379594e-12	clade1sub3	70-122-242-255
7608	3.199559136740644e-15	clade1sub3	70-122-242-255
7609	1.6393232696258112e-16	clade1sub3	70-122-242-255
7610	7.080890975601248e-17	clade1sub7	24-215-202-255
7611	4.731885802443506e-08	clade1sub7	24-215-202-255
7612	2.7227401284441897e-15	clade1sub3	70-122-242-255
7613	4.904317272075204e-10	clade1sub4	53-243-148-255
7614	5.930799637904836e-17	clade1sub3	70-122-242-255
7615	5.0174442230646076e-09	clade1sub7	24-215-202-255
7616	5.809892794365412e-08	clade1sub4	53-243-148-255
7617	8.748879243467773e-08	clade1sub7	24-215-202-255
7618	4.743770485049727e-06	clade1sub4	53-243-148-255
7619	1.2196496720882539e-09	clade1sub7	24-215-202-255
7620	0.0002590598652011	clade1sub7	24-215-202-255
7621	5.856697781583947e-11	clade1sub7	24-215-202-255
7622	1.1919534442401185e-13	clade1sub7	24-215-202-255
7623	3.3524383350193677e-10	clade1sub7	24-215-202-255
7624	6.890639981902299e-11	clade1sub7	24-215-202-255
7625	3.419297354647224e-08	clade1sub19	187-244-52-255
7626	9.92242151662041e-08	clade1sub4	53-243-148-255
7627	2.792884284722433e-10	clade1sub7	24-215-202-255
7628	7.897226088134614e-14	clade1sub7	24-215-202-255
7629	1.3177739826431043e-09	clade1sub4	53-243-148-255
7630	0.0016977710032758	clade1sub18	122-4-2-255
7631	0.0198321824081906	clade1sub12	128-254-83-255
7632	0.0001930496572604	clade1sub7	24-215-202-255
7633	1.354030485433162e-06	clade1sub14	247-113-27-255
7634	8.518368322678748e-07	clade1sub14	247-113-27-255
7635	0.0233231832383307	clade1sub11	232-213-56-255
7636	4.725549655928524e-05	clade1sub7	24-215-202-255
7637	0.1499499463196894	clade1sub12	128-254-83-255
7638	1.0859627167061045e-15	clade1sub17	222-62-8-255
7639	3.376110983980946e-09	clade1sub11	232-213-56-255
7640	1.1601321430365448e-19	clade1sub7	24-215-202-255
7641	1.167321391603571e-13	clade1sub7	24-215-202-255
7642	1.0811314144994852e-23	clade1sub7	24-215-202-255
7643	4.4479833676281395e-18	clade1sub7	24-215-202-255
7644	5.979123183491652e-28	clade1sub7	24-215-202-255
7645	1.7269007502018398e-12	clade1sub3	70-122-242-255
7646	1.343779503568707e-19	clade1sub7	24-215-202-255
7647	1.349499897906465e-13	clade1sub3	70-122-242-255
7648	1.1689597445129576e-21	clade1sub7	24-215-202-255
7649	1.463701464943887e-17	clade1sub7	24-215-202-255
7650	8.598427925568865e-21	clade1sub7	24-215-202-255
7651	3.877168655026547e-18	clade1sub7	24-215-202-255
7652	3.9110224109905245e-17	clade1sub7	24-215-202-255
7653	4.706111930963293e-16	clade1sub7	24-215-202-255
7654	1.2443606527313002e-16	clade1sub7	24-215-202-255
7655	2.2883015537227805e-11	clade1sub7	24-215-202-255
7656	4.760891050488508e-17	clade1sub7	24-215-202-255
7657	2.3501375428230108e-12	clade1sub2	51-172-246-255
7658	6.319303907108761e-12	clade1sub4	53-243-148-255
7659	2.176595996712279e-24	clade1sub7	24-215-202-255
7660	3.296548493057449e-06	clade1sub17	222-62-8-255
7661	7.209668680762463e-14	clade1sub7	24-215-202-255
7662	3.5566382169457632e-12	clade1sub7	24-215-202-255
7663	0.0005297086337628	clade1sub12	128-254-83-255
7664	1.6692477622171597e-18	clade1sub7	24-215-202-255
7665	5.118654104985607e-10	clade1sub4	53-243-148-255
7666	0.0132851836514469	clade1sub12	128-254-83-255
7667	3.1396993229518294e-11	clade1sub12	128-254-83-255
7668	0.0003951283462539	clade1sub12	128-254-83-255
7669	0.0282723250220603	clade1sub7	24-215-202-255
7670	0.0665392286733885	clade1sub2	51-172-246-255
7671	0.0001187308972891	clade1sub7	24-215-202-255
7672	2.303603940558044e-08	clade1sub7	24-215-202-255
7673	0.0837069366333884	clade1sub12	128-254-83-255
7674	0.0169994685607783	clade1sub12	128-254-83-255
7675	2.588157128109307e-05	clade1sub14	247-113-27-255
7676	0.0488439734169124	clade1sub4	53-243-148-255
7677	0.0001290608971404	clade1sub11	232-213-56-255
7678	6.699259442594765e-07	clade1sub11	232-213-56-255
7679	4.779620838860277e-11	clade1sub7	24-215-202-255
7680	1.2269416869770242e-22	clade1sub7	24-215-202-255
7681	2.885586514865408e-12	clade1sub7	24-215-202-255
7682	3.9637296668994904e-19	clade1sub7	24-215-202-255
7683	1.4991393998197774e-22	clade1sub7	24-215-202-255
7684	1.2180422910222541e-16	clade1sub4	53-243-148-255
7685	3.6556123774099324e-10	clade1sub4	53-243-148-255
7686	6.39878836395474e-18	clade1sub12	128-254-83-255
7687	1.8584131572671543e-24	clade1sub7	24-215-202-255
7688	2.4070287465429632e-20	clade1sub2	51-172-246-255
7689	1.7158374083645032e-15	clade1sub7	24-215-202-255
7690	7.477462105261686e-22	clade1sub7	24-215-202-255
7691	4.538755458461524e-18	clade1sub2	51-172-246-255
7692	1.8446168036935184e-21	clade1sub7	24-215-202-255
7693	5.005836265881383e-25	clade1sub7	24-215-202-255
7694	2.54845350581008e-19	clade1sub7	24-215-202-255
7695	1.8801885508344976e-17	clade1sub7	24-215-202-255
7696	7.82493481202841e-19	clade1sub7	24-215-202-255
7697	8.7740431991619e-14	clade1sub7	24-215-202-255
7698	1.2190960706355777e-12	clade1sub7	24-215-202-255
7699	1.0194705647717707e-09	clade1sub7	24-215-202-255
7700	0.017547157203555	clade1sub18	122-4-2-255
7701	0.2104362932901016	clade1sub3	70-122-242-255
7702	6.956425435633785e-06	clade1sub3	70-122-242-255
7703	0.0004525873343924	clade1sub16	253-171-51-255
7704	9.010398783936493e-08	clade1sub7	24-215-202-255
7705	1.549663697226842e-07	clade1sub3	70-122-242-255
7706	0.0684246996165566	clade1sub3	70-122-242-255
7707	0.0028796292814356	clade1sub3	70-122-242-255
7708	2.90254488230933e-06	clade1sub7	24-215-202-255
7709	0.0007486681998855	clade1sub3	70-122-242-255
7710	0.0177358249323953	clade1sub3	70-122-242-255
7711	0.0882457746450082	clade1sub4	53-243-148-255
7712	3.6809412766004447e-06	clade1sub3	70-122-242-255
7713	0.0847087686138948	clade1sub4	53-243-148-255
7714	0.0022035822030151	clade1sub7	24-215-202-255
7715	0.0837069366333884	clade1sub12	128-254-83-255
7716	1.7414946798420147e-06	clade1sub7	24-215-202-255
7717	0.0008392613195245	clade1sub11	232-213-56-255
7718	6.233612292376266e-08	clade1sub14	247-113-27-255
7719	4.73925889584365e-10	clade1sub7	24-215-202-255
7720	5.948121523471146e-12	clade1sub7	24-215-202-255
7721	3.8415737744661216e-10	clade1sub14	247-113-27-255
7722	5.334787191424233e-07	clade1sub7	24-215-202-255
7723	0.0002783529229331	clade1sub4	53-243-148-255
7724	3.0080539264939005e-11	clade1sub7	24-215-202-255
7725	0.0048628687496656	clade1sub19	187-244-52-255
7726	2.037243302791691e-09	clade1sub14	247-113-27-255
7727	1.7583103589957954e-12	clade1sub7	24-215-202-255
7728	4.924540817129757e-09	clade1sub3	70-122-242-255
7729	0.0001247653438155	clade1sub14	247-113-27-255
7730	0.0867942082621193	clade1sub19	187-244-52-255
7731	0.0001081731176297	clade1sub12	128-254-83-255
7732	6.921018866521279e-10	clade1sub4	53-243-148-255
7733	0.0016977710032758	clade1sub18	122-4-2-255
7734	4.869692509062135e-05	clade1sub4	53-243-148-255
7735	6.7589817431836104e-15	clade1sub7	24-215-202-255
7736	8.721114533625888e-07	clade1sub18	122-4-2-255
7737	9.901425132510811e-07	clade1sub4	53-243-148-255
7738	2.303603940558044e-08	clade1sub7	24-215-202-255
7739	2.2216472975602784e-09	clade1sub4	53-243-148-255
7740	1.062333376386108e-09	clade1sub4	53-243-148-255
7741	0.0001865659035141	clade1sub4	53-243-148-255
7742	0.0791757209435168	clade1sub11	232-213-56-255
7743	0.0777355616624287	clade1sub12	128-254-83-255
7744	0.0061052309836098	clade1sub12	128-254-83-255
7745	2.78181073038805e-05	clade1sub3	70-122-242-255
7746	1.802685881047928e-05	clade1sub7	24-215-202-255
7747	0.0002269951994037	clade1sub3	70-122-242-255
7748	8.100045943578827e-07	clade1sub3	70-122-242-255
7749	0.0002314364234313	clade1sub12	128-254-83-255
7750	0.0001005847077786	clade1sub14	247-113-27-255
7751	2.480159327732362e-05	clade1sub14	247-113-27-255
7752	9.546372676676664e-05	clade1sub3	70-122-242-255
7753	0.002482030582603	clade1sub3	70-122-242-255
7754	9.643763467799867e-06	clade1sub7	24-215-202-255
7755	1.203399674291232e-10	clade1sub14	247-113-27-255
7756	5.968814823475198e-11	clade1sub7	24-215-202-255
7757	3.403681470861269e-15	clade1sub14	247-113-27-255
7758	0.0001678369975004	clade1sub7	24-215-202-255
7759	3.6048328627601485e-14	clade1sub7	24-215-202-255
7760	2.355556274132748e-06	clade1sub7	24-215-202-255
7761	2.071749793181004e-05	clade1sub7	24-215-202-255
7762	7.409885522876372e-10	clade1sub7	24-215-202-255
7763	0.0008973440294992	clade1sub14	247-113-27-255
7764	0.4004018648257159	clade1sub12	128-254-83-255
7765	0.0342346096577657	clade1sub12	128-254-83-255
7766	0.0544132293928122	clade1sub12	128-254-83-255
7767	0.0342346096577657	clade1sub12	128-254-83-255
7768	0.0228466813102328	clade1sub12	128-254-83-255
7769	0.0228466813102328	clade1sub12	128-254-83-255
7770	0.2239700605924819	clade1sub12	128-254-83-255
7771	0.0012181077558569	clade1sub3	70-122-242-255
7772	3.09709770660941e-08	clade1sub7	24-215-202-255
7773	3.142262150704845e-05	clade1sub7	24-215-202-255
7774	0.0001747848004168	clade1sub3	70-122-242-255
7775	0.0122818682331333	clade1sub3	70-122-242-255
7776	1.6677117339401037e-06	clade1sub19	187-244-52-255
7777	1.2317135035333688e-05	clade1sub3	70-122-242-255
7778	2.3446655318174816e-10	clade1sub3	70-122-242-255
7779	1.1984439165569012e-08	clade1sub3	70-122-242-255
7780	0.0025866498724882	clade1sub3	70-122-242-255
7781	7.350825761752318e-07	clade1sub3	70-122-242-255
7782	1.0794174530127772e-06	clade1sub3	70-122-242-255
7783	2.377245895721156e-07	clade1sub3	70-122-242-255
7784	4.6616736342876325e-06	clade1sub11	232-213-56-255
7785	5.7042637617208825e-06	clade1sub11	232-213-56-255
7786	3.4015404784580666e-08	clade1sub7	24-215-202-255
7787	0.0030362735716377	clade1sub11	232-213-56-255
7788	5.492515307836093e-05	clade1sub7	24-215-202-255
7789	0.0777732982324366	clade1sub12	128-254-83-255
7790	0.0002310869971191	clade1sub11	232-213-56-255
7791	2.7242141863873383e-13	clade1sub7	24-215-202-255
7792	9.084114291889238e-17	clade1sub7	24-215-202-255
7793	1.436026416604819e-14	clade1sub7	24-215-202-255
7794	1.274837103197084e-14	clade1sub7	24-215-202-255
7795	7.048486183757351e-28	clade1sub7	24-215-202-255
7796	2.3653909277141236e-09	clade1sub7	24-215-202-255
7797	1.2501371091325072e-10	clade1sub3	70-122-242-255
7798	5.325447786060195e-07	clade1sub11	232-213-56-255
7799	1.2204334091927402e-08	clade1sub3	70-122-242-255
7800	5.736108496389039e-07	clade1sub3	70-122-242-255
7801	2.8082636191873924e-08	clade1sub3	70-122-242-255
7802	2.72580800274383e-10	clade1sub3	70-122-242-255
7803	0.0018470589276576	clade1sub12	128-254-83-255
7804	2.787092712613144e-09	clade1sub7	24-215-202-255
7805	1.3623882418731663e-05	clade1sub3	70-122-242-255
7806	4.6477706985593214e-14	clade1sub7	24-215-202-255
7807	2.952947415831319e-22	clade1sub7	24-215-202-255
7808	1.7281364025258289e-15	clade1sub7	24-215-202-255
7809	3.143722028872126e-13	clade1sub7	24-215-202-255
7810	2.7417877678669723e-14	clade1sub7	24-215-202-255
7811	3.1679402693628274e-20	clade1sub7	24-215-202-255
7812	1.1383442121236105e-19	clade1sub7	24-215-202-255
7813	2.8039257970395724e-20	clade1sub7	24-215-202-255
7814	6.129108600258373e-22	clade1sub7	24-215-202-255
7815	2.5439547172797115e-16	clade1sub7	24-215-202-255
7816	1.217302943913356e-19	clade1sub11	232-213-56-255
7817	1.6660552994890972e-21	clade1sub7	24-215-202-255
7818	5.3413305040673204e-17	clade1sub7	24-215-202-255
7819	5.282616797366529e-23	clade1sub7	24-215-202-255
7820	9.402152081087185e-24	clade1sub7	24-215-202-255
7821	6.63971991275954e-19	clade1sub7	24-215-202-255
7822	4.106358603504613e-17	clade1sub7	24-215-202-255
7823	5.868362558318532e-20	clade1sub7	24-215-202-255
7824	1.0034368546037184e-16	clade1sub7	24-215-202-255
7825	1.3797344204977556e-14	clade1sub7	24-215-202-255
7826	1.3947195430227327e-17	clade1sub7	24-215-202-255
7827	2.15843006140005e-17	clade1sub7	24-215-202-255
7828	3.948918030429074e-15	clade1sub7	24-215-202-255
7829	6.906398031138072e-13	clade1sub7	24-215-202-255
7830	1.8156548714636143e-10	clade1sub3	70-122-242-255
7831	2.6837046699728697e-07	clade1sub3	70-122-242-255
7832	6.078392163442021e-09	clade1sub7	24-215-202-255
7833	6.235341575539928e-06	clade1sub3	70-122-242-255
7834	1.1676656834446962e-05	clade1sub3	70-122-242-255
7835	1.6567812322731034e-10	clade1sub14	247-113-27-255
7836	1.784047384358884e-09	clade1sub3	70-122-242-255
7837	6.277040655440773e-11	clade1sub7	24-215-202-255
7838	1.7033647540208055e-09	clade1sub17	222-62-8-255
7839	8.879501345867256e-10	clade1sub14	247-113-27-255
7840	1.2393201419458014e-07	clade1sub14	247-113-27-255
7841	3.63869899362636e-07	clade1sub12	128-254-83-255
7842	2.587972785714483e-10	clade1sub12	128-254-83-255
7843	1.4683716426174468e-10	clade1sub3	70-122-242-255
7844	2.702589549450379e-16	clade1sub7	24-215-202-255
7845	4.437568189808193e-18	clade1sub13	180-27-1-255
7846	9.57811725521958e-17	clade1sub3	70-122-242-255
7847	1.0669518147177708e-10	clade1sub19	187-244-52-255
7848	1.2016675066211418e-20	clade1sub7	24-215-202-255
7849	1.498547830091076e-12	clade1sub7	24-215-202-255
7850	1.2219847542529554e-19	clade1sub7	24-215-202-255
7851	7.941543314072684e-22	clade1sub7	24-215-202-255
7852	9.058677538270074e-08	clade1sub14	247-113-27-255
7853	9.941279540173124e-25	clade1sub7	24-215-202-255
7854	3.3065316918159204e-16	clade1sub7	24-215-202-255
7855	1.4514636914118097e-17	clade1sub7	24-215-202-255
7856	9.464736016650956e-16	clade1sub7	24-215-202-255
7857	5.324634139233919e-20	clade1sub7	24-215-202-255
7858	1.4003343963411399e-09	clade1sub2	51-172-246-255
7859	5.415630997003216e-16	clade1sub7	24-215-202-255
7860	3.7132292916515146e-14	clade1sub7	24-215-202-255
7861	5.338104055406091e-13	clade1sub7	24-215-202-255
7862	8.056404765682678e-18	clade1sub7	24-215-202-255
7863	1.055713646237907e-18	clade1sub7	24-215-202-255
7864	4.17075387835725e-15	clade1sub7	24-215-202-255
7865	2.1518309971971065e-17	clade1sub3	70-122-242-255
7866	3.3003155872784587e-11	clade1sub7	24-215-202-255
7867	2.3822000235498814e-12	clade1sub12	128-254-83-255
7868	8.424281066593638e-18	clade1sub3	70-122-242-255
7869	1.0883618530026836e-16	clade1sub3	70-122-242-255
7870	2.9172675982563598e-09	clade1sub3	70-122-242-255
7871	1.508902940592779e-10	clade1sub4	53-243-148-255
7872	0.0021446843798532	clade1sub12	128-254-83-255
7873	3.140000754014817e-09	clade1sub4	53-243-148-255
7874	3.319304317770541e-16	clade1sub7	24-215-202-255
7875	9.210674204922928e-09	clade1sub18	122-4-2-255
7876	2.7332116063259164e-08	clade1sub7	24-215-202-255
7877	1.1306331907089638e-12	clade1sub7	24-215-202-255
7878	3.4383973027879393e-16	clade1sub7	24-215-202-255
7879	1.0527503042016874e-13	clade1sub7	24-215-202-255
7880	0.013082232602051	clade1sub18	122-4-2-255
7881	0.0001056734942747	clade1sub12	128-254-83-255
7882	0.0064491628025404	clade1sub4	53-243-148-255
7883	0.0061648874417266	clade1sub12	128-254-83-255
7884	0.2277104954036375	clade1sub12	128-254-83-255
7885	0.243249103691774	clade1sub4	53-243-148-255
7886	0.0351239303983614	clade1sub12	128-254-83-255
7887	0.0005523012273254	clade1sub12	128-254-83-255
7888	2.8018149708424136e-05	clade1sub7	24-215-202-255
7889	1.120315236050652e-05	clade1sub3	70-122-242-255
7890	2.4777464723501983e-05	clade1sub3	70-122-242-255
7891	4.831469922935926e-05	clade1sub3	70-122-242-255
7892	2.8093951028364584e-05	clade1sub3	70-122-242-255
7893	1.3069491846459902e-10	clade1sub11	232-213-56-255
7894	2.4620066211023263e-08	clade1sub14	247-113-27-255
7895	4.653924964501864e-17	clade1sub7	24-215-202-255
7896	6.26863005134445e-19	clade1sub7	24-215-202-255
7897	3.781966076013423e-17	clade1sub7	24-215-202-255
7898	9.55549776998183e-13	clade1sub3	70-122-242-255
7899	1.8892251946827534e-22	clade1sub14	247-113-27-255
7900	3.277654835221341e-24	clade1sub7	24-215-202-255
7901	5.5969164548123e-10	clade1sub3	70-122-242-255
7902	6.646547229182848e-17	clade1sub3	70-122-242-255
7903	4.031760297527784e-23	clade1sub3	70-122-242-255
7904	1.0750462717118852e-22	clade1sub7	24-215-202-255
7905	1.84685809880379e-21	clade1sub7	24-215-202-255
7906	1.2358747062448984e-14	clade1sub7	24-215-202-255
7907	3.776691925795364e-18	clade1sub7	24-215-202-255
7908	3.1522443480852964e-19	clade1sub7	24-215-202-255
7909	2.810072363443393e-21	clade1sub7	24-215-202-255
7910	4.4517928499860784e-20	clade1sub7	24-215-202-255
7911	8.561522990790082e-12	clade1sub7	24-215-202-255
7912	1.9861096976883863e-24	clade1sub7	24-215-202-255
7913	1.3110897165594639e-20	clade1sub7	24-215-202-255
7914	1.0108420126678602e-15	clade1sub7	24-215-202-255
7915	1.048599293455592e-12	clade1sub2	51-172-246-255
7916	9.20253772809318e-24	clade1sub7	24-215-202-255
7917	0.0002262107358515	clade1sub18	122-4-2-255
7918	5.538763185702602e-12	clade1sub7	24-215-202-255
7919	4.612226044861107e-11	clade1sub7	24-215-202-255
7920	3.7338628798193786e-10	clade1sub7	24-215-202-255
7921	7.59443902968316e-05	clade1sub3	70-122-242-255
7922	5.2787596751847456e-15	clade1sub7	24-215-202-255
7923	3.831169931075426e-13	clade1sub7	24-215-202-255
7924	5.691089068312653e-05	clade1sub12	128-254-83-255
7925	0.1174915105053846	clade1sub14	247-113-27-255
7926	0.0003951283462539	clade1sub12	128-254-83-255
7927	6.812761119301978e-07	clade1sub4	53-243-148-255
7928	0.1778294586271116	clade1sub4	53-243-148-255
7929	0.0947621015281887	clade1sub4	53-243-148-255
7930	0.1445326863062821	clade1sub11	232-213-56-255
7931	0.0938640095653234	clade1sub12	128-254-83-255
7932	1.375742218134507e-06	clade1sub11	232-213-56-255
7933	0.0763616010488501	clade1sub12	128-254-83-255
7934	0.0031435572929667	clade1sub12	128-254-83-255
7935	0.0852453590781635	clade1sub12	128-254-83-255
7936	8.461649170461084e-05	clade1sub4	53-243-148-255
7937	0.0001789808545569	clade1sub11	232-213-56-255
7938	0.0001863756813246	clade1sub11	232-213-56-255
7939	2.2658132284141555e-10	clade1sub7	24-215-202-255
7940	1.7409058770294137e-19	clade1sub7	24-215-202-255
7941	3.687347213297909e-22	clade1sub7	24-215-202-255
7942	4.2262033950704186e-15	clade1sub7	24-215-202-255
7943	2.342434641219054e-12	clade1sub7	24-215-202-255
7944	4.687156032693012e-17	clade1sub2	51-172-246-255
7945	4.223508887322718e-16	clade1sub7	24-215-202-255
7946	1.8472611448636286e-16	clade1sub7	24-215-202-255
7947	1.0968154044998941e-15	clade1sub7	24-215-202-255
7948	2.1690983640780626e-17	clade1sub7	24-215-202-255
7949	3.410581594741904e-22	clade1sub7	24-215-202-255
7950	1.225677972886877e-23	clade1sub3	70-122-242-255
7951	1.1210312434819125e-17	clade1sub7	24-215-202-255
7952	7.133480804107131e-12	clade1sub7	24-215-202-255
7953	1.7898190838872422e-16	clade1sub7	24-215-202-255
7954	5.692446385370531e-11	clade1sub7	24-215-202-255
7955	1.146118818169145e-14	clade1sub7	24-215-202-255
7956	7.19588175035363e-16	clade1sub7	24-215-202-255
7957	8.652553642710987e-13	clade1sub7	24-215-202-255
7958	0.0047241983911167	clade1sub18	122-4-2-255
7959	0.0006559767785378	clade1sub18	122-4-2-255
7960	2.568219997231956e-05	clade1sub19	187-244-52-255
7961	0.0001005585119857	clade1sub18	122-4-2-255
7962	0.0001997498662703	clade1sub7	24-215-202-255
7963	0.0569796036623399	clade1sub3	70-122-242-255
7964	0.1063592812280883	clade1sub3	70-122-242-255
7965	0.6554284223536757	clade1sub7	24-215-202-255
7966	0.049838742557969	clade1sub3	70-122-242-255
7967	0.2566189352355216	clade1sub3	70-122-242-255
7968	0.0001259964229005	clade1sub3	70-122-242-255
7969	0.0905825540215703	clade1sub3	70-122-242-255
7970	0.000336890259189	clade1sub3	70-122-242-255
7971	0.4246483639458249	clade1sub3	70-122-242-255
7972	2.985047532192179e-05	clade1sub3	70-122-242-255
7973	0.0007022135861207	clade1sub2	51-172-246-255
7974	7.501322835544226e-05	clade1sub2	51-172-246-255
7975	0.0004364905301737	clade1sub3	70-122-242-255
7976	0.1603573265840039	clade1sub4	53-243-148-255
7977	1.133981380945872e-05	clade1sub3	70-122-242-255
7978	0.0005623374515719	clade1sub3	70-122-242-255
7979	0.0006152768242028	clade1sub2	51-172-246-255
7980	0.1788035610957132	clade1sub12	128-254-83-255
7981	0.0457867689812415	clade1sub12	128-254-83-255
7982	0.087801506919303	clade1sub12	128-254-83-255
7983	4.1362533351833533e-13	clade1sub7	24-215-202-255
7984	1.841921363248144e-09	clade1sub7	24-215-202-255
7985	6.885186323918228e-11	clade1sub7	24-215-202-255
7986	2.315963050336745e-22	clade1sub7	24-215-202-255
7987	6.441341196828754e-07	clade1sub7	24-215-202-255
7988	2.8227922895501468e-15	clade1sub7	24-215-202-255
7989	9.915249008073835e-17	clade1sub7	24-215-202-255
7990	8.3424096540362e-17	clade1sub7	24-215-202-255
7991	2.051022330957477e-06	clade1sub14	247-113-27-255
7992	3.2292966567510296e-11	clade1sub7	24-215-202-255
7993	8.693775591619573e-08	clade1sub7	24-215-202-255
7994	3.483024535706748e-13	clade1sub7	24-215-202-255
7995	8.126961268952444e-10	clade1sub7	24-215-202-255
7996	3.890186122202845e-18	clade1sub7	24-215-202-255
7997	1.8955137490935484e-14	clade1sub3	70-122-242-255
7998	6.536815618370006e-11	clade1sub7	24-215-202-255
7999	2.7552470516007465e-17	clade1sub12	128-254-83-255
8000	2.148900871327581e-08	clade1sub7	24-215-202-255
8001	0.0009343615254936	clade1sub12	128-254-83-255
8002	1.2212176816311364e-12	clade1sub4	53-243-148-255
8003	1.8957645551304172e-10	clade1sub4	53-243-148-255
8004	1.0340032659466653e-06	clade1sub4	53-243-148-255
8005	4.206421988920672e-07	clade1sub18	122-4-2-255
8006	2.937583121945682e-06	clade1sub3	70-122-242-255
8007	6.572693851340881e-05	clade1sub12	128-254-83-255
8009	8.591182285242384e-05	clade1sub3	70-122-242-255
8010	9.99977814225392e-05	clade1sub3	70-122-242-255
8011	0.000768741853779	clade1sub3	70-122-242-255
8012	2.051434714841664e-06	clade1sub14	247-113-27-255
8013	1.7122063375285945e-05	clade1sub3	70-122-242-255
8014	1.017341132316707e-05	clade1sub3	70-122-242-255
8015	0.0002587579193573	clade1sub3	70-122-242-255
8016	8.57221722391059e-05	clade1sub3	70-122-242-255
8017	0.0001825257791221	clade1sub3	70-122-242-255
8018	0.0001232512383959	clade1sub3	70-122-242-255
8019	0.0006768654761148	clade1sub3	70-122-242-255
8020	0.056609672941592	clade1sub3	70-122-242-255
8021	8.493973911871687e-05	clade1sub3	70-122-242-255
8022	8.219152573382557e-07	clade1sub11	232-213-56-255
8023	2.5627078053786718e-17	clade1sub7	24-215-202-255
8024	8.4613849105821845e-19	clade1sub14	247-113-27-255
8025	1.7419687048070942e-16	clade1sub7	24-215-202-255
8026	4.9361636157261295e-14	clade1sub7	24-215-202-255
8027	8.106128707273948e-16	clade1sub7	24-215-202-255
8028	1.2551702033379638e-15	clade1sub7	24-215-202-255
8029	4.4491725187581165e-14	clade1sub7	24-215-202-255
8030	1.0227778552751003e-16	clade1sub7	24-215-202-255
8031	2.4740511691940647e-10	clade1sub14	247-113-27-255
8032	3.3909789389178474e-16	clade1sub7	24-215-202-255
8033	3.162904545460217e-15	clade1sub14	247-113-27-255
8034	1.5553407003695798e-08	clade1sub14	247-113-27-255
8035	4.7253155467715833e-14	clade1sub7	24-215-202-255
8036	1.3242822983378366e-15	clade1sub7	24-215-202-255
8037	1.877719564926093e-11	clade1sub7	24-215-202-255
8038	2.693235592893789e-13	clade1sub7	24-215-202-255
8039	1.8813754922166544e-11	clade1sub4	53-243-148-255
8040	3.2442464279414683e-09	clade1sub4	53-243-148-255
8041	4.738031087001942e-12	clade1sub7	24-215-202-255
8042	0.0214548490013649	clade1sub4	53-243-148-255
8043	0.0466692772937137	clade1sub3	70-122-242-255
8044	3.9290741777761667e-10	clade1sub19	187-244-52-255
8045	0.2319631491762935	clade1sub19	187-244-52-255
8046	0.6157904324691584	clade1sub14	247-113-27-255
8047	2.2687532437257043e-08	clade1sub11	232-213-56-255
8048	6.071435968168644e-05	clade1sub18	122-4-2-255
8049	0.0410715328030339	clade1sub14	247-113-27-255
8050	0.0008802967569493	clade1sub12	128-254-83-255
8051	0.0560834874462205	clade1sub14	247-113-27-255
8052	1.8210093085984044e-05	clade1sub18	122-4-2-255
8053	1.8612387717958808e-06	clade1sub7	24-215-202-255
8054	0.0011836615225294	clade1sub11	232-213-56-255
8055	0.0992370951745111	clade1sub4	53-243-148-255
8056	0.0988923916038689	clade1sub4	53-243-148-255
8057	0.0837069366333884	clade1sub12	128-254-83-255
8058	0.0005542578569226	clade1sub3	70-122-242-255
8059	0.0001535321653312	clade1sub3	70-122-242-255
8060	0.0086169739778519	clade1sub7	24-215-202-255
8061	0.0002974212403936	clade1sub3	70-122-242-255
8062	0.002799923677799	clade1sub3	70-122-242-255
8063	4.9744245013027774e-05	clade1sub12	128-254-83-255
8064	5.6068828872984126e-08	clade1sub11	232-213-56-255
8065	2.687542944747213e-12	clade1sub7	24-215-202-255
8066	3.205838861105292e-08	clade1sub11	232-213-56-255
8067	3.8144159689707766e-09	clade1sub3	70-122-242-255
8068	2.98878332953564e-07	clade1sub3	70-122-242-255
8069	7.584660417615295e-08	clade1sub3	70-122-242-255
8070	7.47057531692522e-10	clade1sub14	247-113-27-255
8071	3.910302826741682e-12	clade1sub7	24-215-202-255
8072	1.1762548390189884e-05	clade1sub3	70-122-242-255
8073	7.288384919878074e-10	clade1sub14	247-113-27-255
8074	0.0177927911697804	clade1sub14	247-113-27-255
8075	6.496225948733813e-07	clade1sub14	247-113-27-255
8076	0.0003303340353542	clade1sub11	232-213-56-255
8077	8.579359682984684e-07	clade1sub14	247-113-27-255
8078	2.334534653856833e-08	clade1sub7	24-215-202-255
8079	3.61851829808825e-07	clade1sub19	187-244-52-255
8080	0.0148163321088613	clade1sub11	232-213-56-255
8081	2.2016385505404106e-07	clade1sub7	24-215-202-255
8082	7.943214140833795e-06	clade1sub11	232-213-56-255
8083	7.370170800204654e-07	clade1sub14	247-113-27-255
8084	1.351572042909372e-21	clade1sub7	24-215-202-255
8085	5.8778295065117905e-25	clade1sub7	24-215-202-255
8086	1.3009288916239686e-07	clade1sub14	247-113-27-255
8087	3.851537770433888e-10	clade1sub14	247-113-27-255
8088	1.6152736686282613e-15	clade1sub7	24-215-202-255
8089	1.495137400636906e-13	clade1sub7	24-215-202-255
8090	1.412639334221475e-09	clade1sub7	24-215-202-255
8091	1.281668312350707e-15	clade1sub13	180-27-1-255
8092	1.6185011981253068e-06	clade1sub3	70-122-242-255
8093	2.5441701493669964e-08	clade1sub3	70-122-242-255
8094	1.278698760086374e-09	clade1sub3	70-122-242-255
8095	6.01407469504261e-10	clade1sub3	70-122-242-255
8096	3.52786669994387e-11	clade1sub3	70-122-242-255
8097	1.324690421282745e-12	clade1sub3	70-122-242-255
8098	7.142939609147704e-14	clade1sub7	24-215-202-255
8099	1.130641986415968e-08	clade1sub3	70-122-242-255
8100	6.831591495834197e-11	clade1sub7	24-215-202-255
8101	0.0003592559208357	clade1sub4	53-243-148-255
8102	4.521745400101702e-08	clade1sub3	70-122-242-255
8103	1.6834005319764955e-06	clade1sub4	53-243-148-255
8104	7.221709568993022e-06	clade1sub4	53-243-148-255
8105	4.6238727659633485e-06	clade1sub11	232-213-56-255
8106	7.068399531330539e-07	clade1sub7	24-215-202-255
8107	0.0008081248999947	clade1sub11	232-213-56-255
8108	3.8551445125233616e-10	clade1sub14	247-113-27-255
8109	1.787716015363652e-13	clade1sub7	24-215-202-255
8110	3.6203138328466467e-12	clade1sub14	247-113-27-255
8111	6.864263231748038e-14	clade1sub7	24-215-202-255
8112	6.900995336832885e-15	clade1sub7	24-215-202-255
8113	4.010162377756405e-18	clade1sub7	24-215-202-255
8114	1.1766075035163482e-24	clade1sub7	24-215-202-255
8115	5.882707844343461e-18	clade1sub7	24-215-202-255
8116	3.0522571159327264e-15	clade1sub7	24-215-202-255
8117	9.47731824807531e-19	clade1sub7	24-215-202-255
8118	6.459637844860001e-14	clade1sub7	24-215-202-255
8119	5.586758255285716e-19	clade1sub7	24-215-202-255
8120	8.252670064026665e-17	clade1sub7	24-215-202-255
8121	4.137545383528941e-17	clade1sub7	24-215-202-255
8122	7.939889310270856e-12	clade1sub7	24-215-202-255
8123	0.0001502949369995	clade1sub11	232-213-56-255
8124	1.1829542948886131e-13	clade1sub7	24-215-202-255
8125	9.540919317308878e-09	clade1sub14	247-113-27-255
8126	7.892737057787456e-07	clade1sub3	70-122-242-255
8127	1.5304316228949045e-11	clade1sub14	247-113-27-255
8128	2.8508796367290635e-10	clade1sub7	24-215-202-255
8129	8.676524353931167e-05	clade1sub12	128-254-83-255
8130	0.0014548075573911	clade1sub14	247-113-27-255
8131	3.3584194803892685e-05	clade1sub12	128-254-83-255
8132	5.488539465983865e-15	clade1sub3	70-122-242-255
8133	6.233359015282839e-14	clade1sub7	24-215-202-255
8134	2.374586931688485e-20	clade1sub7	24-215-202-255
8135	2.490790516855318e-21	clade1sub7	24-215-202-255
8136	9.708368127105213e-16	clade1sub7	24-215-202-255
8137	1.151803097558405e-12	clade1sub14	247-113-27-255
8138	5.369045654579466e-12	clade1sub7	24-215-202-255
8139	4.564061483363188e-11	clade1sub7	24-215-202-255
8140	1.0781082082681217e-18	clade1sub7	24-215-202-255
8141	8.80684224956362e-10	clade1sub12	128-254-83-255
8142	6.711160458515766e-14	clade1sub18	122-4-2-255
8143	8.752643500123619e-16	clade1sub7	24-215-202-255
8144	1.4335094354696312e-09	clade1sub12	128-254-83-255
8145	5.792823096304946e-13	clade1sub7	24-215-202-255
8146	1.91260201158863e-13	clade1sub13	180-27-1-255
8147	2.5924727494861067e-11	clade1sub7	24-215-202-255
8148	5.200894085231261e-11	clade1sub7	24-215-202-255
8149	2.0002492155140563e-08	clade1sub12	128-254-83-255
8150	1.4683268674028832e-15	clade1sub7	24-215-202-255
8151	5.825671201676371e-10	clade1sub14	247-113-27-255
8152	4.298295446992818e-15	clade1sub7	24-215-202-255
8153	3.172913183103223e-15	clade1sub7	24-215-202-255
8154	1.0807412612335491e-16	clade1sub7	24-215-202-255
8155	5.354643472274473e-15	clade1sub7	24-215-202-255
8156	1.4721182577259807e-14	clade1sub7	24-215-202-255
8157	6.1856594911563065e-15	clade1sub7	24-215-202-255
8158	3.671736521050768e-15	clade1sub3	70-122-242-255
8159	1.2657163411360721e-08	clade1sub7	24-215-202-255
8160	3.042349902630821e-11	clade1sub4	53-243-148-255
8161	5.309436574512347e-15	clade1sub3	70-122-242-255
8162	3.16477382426485e-14	clade1sub7	24-215-202-255
8163	7.137834541476935e-13	clade1sub7	24-215-202-255
8164	4.230894170870387e-06	clade1sub4	53-243-148-255
8165	7.37411027198287e-11	clade1sub4	53-243-148-255
8166	4.445428218254016e-07	clade1sub7	24-215-202-255
8167	3.8689119177729054e-11	clade1sub7	24-215-202-255
8168	7.319122754360163e-18	clade1sub7	24-215-202-255
8169	3.2136448337991232e-12	clade1sub7	24-215-202-255
8170	1.13806688515941e-10	clade1sub12	128-254-83-255
8171	0.0003296577283564	clade1sub12	128-254-83-255
8172	0.0001332113095775	clade1sub3	70-122-242-255
8173	0.0078762621939341	clade1sub12	128-254-83-255
8174	0.0001107830038869	clade1sub3	70-122-242-255
8175	2.8492183636644725e-10	clade1sub7	24-215-202-255
8176	0.0002626067277591	clade1sub4	53-243-148-255
8177	1.0540615851306432e-09	clade1sub4	53-243-148-255
8178	2.37770138655418e-05	clade1sub3	70-122-242-255
8179	1.1492549535580557e-07	clade1sub4	53-243-148-255
8180	1.29678432867418e-06	clade1sub3	70-122-242-255
8181	1.2173508209662377e-06	clade1sub12	128-254-83-255
8182	4.906306563660167e-08	clade1sub4	53-243-148-255
8183	3.485692691913797e-18	clade1sub7	24-215-202-255
8184	5.84755103559315e-17	clade1sub7	24-215-202-255
8185	3.666700745290849e-16	clade1sub14	247-113-27-255
8186	5.1908927908590925e-19	clade1sub13	180-27-1-255
8187	1.0648343791357348e-11	clade1sub14	247-113-27-255
8188	2.786405387156448e-16	clade1sub3	70-122-242-255
8189	6.832892210249435e-23	clade1sub13	180-27-1-255
8190	1.0270856376703032e-11	clade1sub3	70-122-242-255
8191	3.1090510976190605e-23	clade1sub7	24-215-202-255
8192	9.085668694102173e-16	clade1sub3	70-122-242-255
8193	1.1963282440436705e-12	clade1sub11	232-213-56-255
8194	3.44997417487392e-12	clade1sub11	232-213-56-255
8195	3.1547468279525335e-29	clade1sub7	24-215-202-255
8196	3.946901801658797e-17	clade1sub7	24-215-202-255
8197	2.0735866824823704e-26	clade1sub7	24-215-202-255
8198	4.0020738875623e-17	clade1sub3	70-122-242-255
8199	1.6742547172267214e-20	clade1sub3	70-122-242-255
8200	4.3306982578037285e-26	clade1sub7	24-215-202-255
8201	5.517121498560242e-26	clade1sub7	24-215-202-255
8202	1.7890234452691486e-23	clade1sub7	24-215-202-255
8203	7.652379639991582e-24	clade1sub7	24-215-202-255
8204	3.7379910270931386e-07	clade1sub7	24-215-202-255
8205	1.3596135836393034e-09	clade1sub19	187-244-52-255
8206	0.0006639006280145	clade1sub3	70-122-242-255
8207	6.254298056079407e-15	clade1sub7	24-215-202-255
8208	1.3570127774675478e-13	clade1sub7	24-215-202-255
8209	9.025193398570568e-15	clade1sub7	24-215-202-255
8210	1.1007012925211652e-08	clade1sub19	187-244-52-255
8211	2.01013563891968e-06	clade1sub3	70-122-242-255
8212	0.0001217680749365	clade1sub3	70-122-242-255
8213	1.2334464081086504e-15	clade1sub7	24-215-202-255
8214	1.7605451980296915e-08	clade1sub4	53-243-148-255
8215	2.02294844903793e-09	clade1sub4	53-243-148-255
8216	1.198718329840624e-07	clade1sub12	128-254-83-255
8217	5.54086111503761e-08	clade1sub4	53-243-148-255
8218	0.0507371085842092	clade1sub3	70-122-242-255
8219	0.0688648353800458	clade1sub18	122-4-2-255
8220	0.0074623750973294	clade1sub3	70-122-242-255
8221	2.3974823726313396e-08	clade1sub7	24-215-202-255
8222	1.1899708813089614e-06	clade1sub7	24-215-202-255
8223	0.0992683533555258	clade1sub18	122-4-2-255
8224	0.0440209335188428	clade1sub14	247-113-27-255
8225	0.0002187570815714	clade1sub4	53-243-148-255
8226	0.0989426675767393	clade1sub12	128-254-83-255
8227	1.044125355452638e-05	clade1sub12	128-254-83-255
8228	2.3815944011692576e-06	clade1sub11	232-213-56-255
8229	0.0012964953426809	clade1sub11	232-213-56-255
8230	7.4376430030992e-08	clade1sub11	232-213-56-255
8231	2.2456336898291845e-07	clade1sub14	247-113-27-255
8232	2.1624564650718788e-08	clade1sub12	128-254-83-255
8233	9.202641412605505e-06	clade1sub12	128-254-83-255
8234	0.0818078017508562	clade1sub12	128-254-83-255
8235	3.570753201134686e-11	clade1sub7	24-215-202-255
8236	7.236554907459678e-07	clade1sub14	247-113-27-255
8237	3.372079605657152e-07	clade1sub7	24-215-202-255
8238	6.538067009073556e-17	clade1sub7	24-215-202-255
8239	2.6520664337855666e-17	clade1sub7	24-215-202-255
8240	5.884497927172539e-19	clade1sub7	24-215-202-255
8241	1.6104010339501023e-20	clade1sub7	24-215-202-255
8242	1.4297520755449373e-15	clade1sub7	24-215-202-255
8243	2.81556154803494e-15	clade1sub7	24-215-202-255
8244	7.761469354563144e-14	clade1sub7	24-215-202-255
8245	5.055373160476157e-17	clade1sub7	24-215-202-255
8246	1.2123277639747988e-16	clade1sub7	24-215-202-255
8247	1.2252902291087547e-20	clade1sub7	24-215-202-255
8248	7.595802061084877e-19	clade1sub7	24-215-202-255
8249	7.013365537307123e-16	clade1sub7	24-215-202-255
8250	5.4283984331524595e-18	clade1sub7	24-215-202-255
8251	3.13140974311882e-18	clade1sub7	24-215-202-255
8252	9.98996659323825e-18	clade1sub7	24-215-202-255
8253	2.070511521287338e-16	clade1sub7	24-215-202-255
8254	7.966277454035332e-13	clade1sub7	24-215-202-255
8255	1.8861954928742688e-12	clade1sub7	24-215-202-255
8256	4.2601591145518616e-14	clade1sub7	24-215-202-255
8257	4.853036295417793e-09	clade1sub7	24-215-202-255
8258	4.141045489754256e-06	clade1sub4	53-243-148-255
8259	2.2094410877255384e-06	clade1sub11	232-213-56-255
8260	1.1577805892366322e-05	clade1sub3	70-122-242-255
8261	0.1483760736456609	clade1sub7	24-215-202-255
8262	3.786396989479578e-05	clade1sub7	24-215-202-255
8263	0.0161062396388386	clade1sub7	24-215-202-255
8264	0.0094107787820946	clade1sub13	180-27-1-255
8265	0.0073417777423776	clade1sub3	70-122-242-255
8266	0.002585035320388	clade1sub7	24-215-202-255
8267	3.53599819342238e-06	clade1sub13	180-27-1-255
8268	1.099350752871579e-05	clade1sub3	70-122-242-255
8269	0.1207483397225881	clade1sub4	53-243-148-255
8270	7.316767343852054e-06	clade1sub3	70-122-242-255
8271	0.0001019831103313	clade1sub3	70-122-242-255
8272	2.822030139028618e-05	clade1sub3	70-122-242-255
8273	0.2634590248071489	clade1sub4	53-243-148-255
8274	0.0174886242673627	clade1sub11	232-213-56-255
8275	1.498682574447112e-17	clade1sub7	24-215-202-255
8276	2.2738003501422614e-12	clade1sub7	24-215-202-255
8277	3.565376546506017e-10	clade1sub14	247-113-27-255
8278	1.3445990299029316e-21	clade1sub7	24-215-202-255
8279	5.7555146888202845e-25	clade1sub7	24-215-202-255
8280	8.474480383017027e-17	clade1sub7	24-215-202-255
8281	3.965466295400293e-15	clade1sub7	24-215-202-255
8282	1.1227419825620123e-17	clade1sub7	24-215-202-255
8283	8.050183756626153e-09	clade1sub7	24-215-202-255
8284	1.1475621186540444e-15	clade1sub3	70-122-242-255
8285	4.6715909532397e-15	clade1sub7	24-215-202-255
8286	3.706055276670221e-12	clade1sub3	70-122-242-255
8287	2.8361936272367383e-10	clade1sub7	24-215-202-255
8288	5.068734551920701e-17	clade1sub3	70-122-242-255
8289	3.2614498113809767e-10	clade1sub3	70-122-242-255
8290	4.900325704651998e-13	clade1sub7	24-215-202-255
8291	3.6811820587008035e-10	clade1sub7	24-215-202-255
8292	1.6008974028203325e-08	clade1sub12	128-254-83-255
8293	1.4743480928520612e-16	clade1sub7	24-215-202-255
8294	3.015267499329713e-09	clade1sub12	128-254-83-255
8295	4.5127137778715155e-18	clade1sub7	24-215-202-255
8296	1.073591467770035e-06	clade1sub4	53-243-148-255
8297	7.27790433087645e-11	clade1sub4	53-243-148-255
8298	3.5243476894901994e-05	clade1sub14	247-113-27-255
8299	1.8478113664495935e-06	clade1sub4	53-243-148-255
8300	9.665707764920544e-08	clade1sub3	70-122-242-255
8301	0.0030210089849033	clade1sub3	70-122-242-255
8302	0.0842189484442302	clade1sub3	70-122-242-255
8303	0.021187335437222	clade1sub7	24-215-202-255
8304	0.0035311113199496	clade1sub3	70-122-242-255
8305	0.0157608340468972	clade1sub3	70-122-242-255
8306	0.0294032762091871	clade1sub7	24-215-202-255
8307	0.019055556269242	clade1sub3	70-122-242-255
8308	3.70469323685698e-05	clade1sub3	70-122-242-255
8309	5.6185769789838855e-06	clade1sub3	70-122-242-255
8310	4.752691008345516e-05	clade1sub3	70-122-242-255
8311	1.9408824485576837e-06	clade1sub3	70-122-242-255
8312	4.587204478524607e-06	clade1sub3	70-122-242-255
8313	3.7284195225354816e-06	clade1sub3	70-122-242-255
8314	4.587913431181846e-05	clade1sub3	70-122-242-255
8315	0.0002580500317796	clade1sub3	70-122-242-255
8316	0.0020129214573191	clade1sub3	70-122-242-255
8317	0.0029840479354919	clade1sub7	24-215-202-255
8318	8.6427222975505e-13	clade1sub7	24-215-202-255
8319	8.040517082589903e-13	clade1sub12	128-254-83-255
8320	2.538432422509059e-12	clade1sub11	232-213-56-255
8321	2.3236163343831586e-18	clade1sub7	24-215-202-255
8322	1.8722412920996082e-17	clade1sub7	24-215-202-255
8323	2.2836082522345285e-17	clade1sub7	24-215-202-255
8324	1.706427102239182e-21	clade1sub7	24-215-202-255
8325	2.232710607803392e-20	clade1sub7	24-215-202-255
8326	2.856893487052584e-07	clade1sub12	128-254-83-255
8327	7.312165957011818e-18	clade1sub7	24-215-202-255
8328	1.147838993056006e-15	clade1sub7	24-215-202-255
8329	1.050216644982986e-09	clade1sub11	232-213-56-255
8330	1.597583219397494e-15	clade1sub7	24-215-202-255
8331	1.4169533127447937e-13	clade1sub7	24-215-202-255
8332	3.406685065055019e-13	clade1sub3	70-122-242-255
8333	3.406685065055019e-13	clade1sub3	70-122-242-255
8334	1.052428470767186e-06	clade1sub12	128-254-83-255
8335	2.5386867269489125e-05	clade1sub12	128-254-83-255
8336	0.010370941856614	clade1sub12	128-254-83-255
8337	4.243104833791765e-07	clade1sub3	70-122-242-255
8338	2.991077761156843e-09	clade1sub7	24-215-202-255
8339	0.0026385159545096	clade1sub3	70-122-242-255
8340	2.8712477847474133e-10	clade1sub7	24-215-202-255
8341	7.870205327380756e-05	clade1sub12	128-254-83-255
8342	0.1154302458473345	clade1sub3	70-122-242-255
8343	0.0577790411267971	clade1sub3	70-122-242-255
8344	0.002428208110015	clade1sub3	70-122-242-255
8345	0.0418412019987134	clade1sub3	70-122-242-255
8346	0.0228098025554951	clade1sub3	70-122-242-255
8347	0.0028343770508935	clade1sub3	70-122-242-255
8348	1.7184364979734171e-06	clade1sub11	232-213-56-255
8349	1.2857299390425188e-14	clade1sub7	24-215-202-255
8350	9.217453294418481e-24	clade1sub7	24-215-202-255
8351	2.011139486997008e-15	clade1sub14	247-113-27-255
8352	5.357158691413605e-12	clade1sub14	247-113-27-255
8353	8.824583691069279e-08	clade1sub7	24-215-202-255
8354	4.395355061645615e-09	clade1sub3	70-122-242-255
8355	1.4797304453192565e-07	clade1sub7	24-215-202-255
8356	6.256515606309611e-07	clade1sub3	70-122-242-255
8357	3.0520502199765004e-10	clade1sub7	24-215-202-255
8358	1.278390711681496e-11	clade1sub3	70-122-242-255
8359	3.76716298539143e-07	clade1sub3	70-122-242-255
8360	1.8408742632670727e-09	clade1sub3	70-122-242-255
8361	4.7711347141651865e-08	clade1sub3	70-122-242-255
8362	2.4322756507147798e-11	clade1sub14	247-113-27-255
8364	2.373542019664557e-08	clade1sub7	24-215-202-255
8365	5.0994715606633625e-11	clade1sub17	222-62-8-255
8366	6.078541669230848e-06	clade1sub3	70-122-242-255
8367	3.0143336384917795e-11	clade1sub14	247-113-27-255
8368	5.477239752968175e-10	clade1sub7	24-215-202-255
8369	0.0473475998805924	clade1sub4	53-243-148-255
8370	8.726200820345152e-08	clade1sub3	70-122-242-255
8371	8.034860577610557e-08	clade1sub14	247-113-27-255
8372	6.312064278708262e-10	clade1sub3	70-122-242-255
8373	1.5455361858195287e-09	clade1sub14	247-113-27-255
8374	0.0001563910855938	clade1sub11	232-213-56-255
8375	0.122714090565522	clade1sub12	128-254-83-255
8376	0.1856839298143951	clade1sub12	128-254-83-255
8377	0.0001422704272993	clade1sub12	128-254-83-255
8378	7.618578625989975e-05	clade1sub12	128-254-83-255
8379	2.240017245341095e-09	clade1sub12	128-254-83-255
8380	3.961326183961127e-11	clade1sub3	70-122-242-255
8381	3.170178050819296e-05	clade1sub14	247-113-27-255
8382	1.5990131942351962e-09	clade1sub12	128-254-83-255
8383	1.126539059452923e-06	clade1sub3	70-122-242-255
8385	1.7896240283042332e-06	clade1sub14	247-113-27-255
8386	7.649198766083594e-08	clade1sub3	70-122-242-255
8387	5.814250221291061e-07	clade1sub3	70-122-242-255
8388	1.2633446969758712e-08	clade1sub14	247-113-27-255
8389	2.5858395989543787e-10	clade1sub11	232-213-56-255
8390	5.014413493051626e-15	clade1sub7	24-215-202-255
8391	2.1653100824154512e-14	clade1sub7	24-215-202-255
8392	1.0107142127694045e-12	clade1sub11	232-213-56-255
8393	1.5593357343003026e-09	clade1sub3	70-122-242-255
8394	1.1789310922312224e-12	clade1sub7	24-215-202-255
8395	5.381937411190837e-09	clade1sub14	247-113-27-255
8396	9.333523808494772e-10	clade1sub11	232-213-56-255
8397	6.517578932849566e-09	clade1sub7	24-215-202-255
8398	7.884546317990135e-12	clade1sub14	247-113-27-255
8399	6.806920731000623e-08	clade1sub7	24-215-202-255
8400	0.0011860131693023	clade1sub14	247-113-27-255
8401	6.005553688635817e-15	clade1sub7	24-215-202-255
8402	1.5357333701287024e-12	clade1sub7	24-215-202-255
8403	1.911407743690717e-09	clade1sub12	128-254-83-255
8404	5.015898889994149e-15	clade1sub7	24-215-202-255
8405	1.40825175920953e-16	clade1sub13	180-27-1-255
8406	1.861182844137268e-16	clade1sub7	24-215-202-255
8407	0.0009983782340248	clade1sub3	70-122-242-255
8408	1.8908211868761488e-17	clade1sub3	70-122-242-255
8409	1.9359089296352506e-13	clade1sub14	247-113-27-255
8410	2.3061174513792983e-09	clade1sub14	247-113-27-255
8411	2.7741744875124393e-14	clade1sub3	70-122-242-255
8412	0.0002307151214141	clade1sub12	128-254-83-255
8413	2.0376597143796066e-07	clade1sub12	128-254-83-255
8414	4.6489542802514526e-12	clade1sub3	70-122-242-255
8415	4.6702514288212037e-14	clade1sub7	24-215-202-255
8416	7.118319018552424e-11	clade1sub7	24-215-202-255
8417	8.684723413839913e-11	clade1sub12	128-254-83-255
8418	2.454321214825078e-13	clade1sub7	24-215-202-255
8419	4.5469655968717656e-08	clade1sub12	128-254-83-255
8420	1.6024410692820247e-11	clade1sub7	24-215-202-255
8421	0.0010091297576717	clade1sub12	128-254-83-255
8422	3.418893253854481e-11	clade1sub12	128-254-83-255
8423	4.360859279031704e-08	clade1sub7	24-215-202-255
8424	4.424553725385505e-06	clade1sub18	122-4-2-255
8425	8.039172493565707e-10	clade1sub7	24-215-202-255
8426	1.3440984423368249e-08	clade1sub12	128-254-83-255
8427	2.3037188050097855e-13	clade1sub7	24-215-202-255
8428	3.625867639101702e-07	clade1sub7	24-215-202-255
8429	6.043625946921708e-16	clade1sub7	24-215-202-255
8430	5.704131349870186e-15	clade1sub7	24-215-202-255
8431	9.772333921337288e-11	clade1sub7	24-215-202-255
8432	1.2981641009391017e-15	clade1sub7	24-215-202-255
8433	1.7975186884405222e-14	clade1sub7	24-215-202-255
8434	2.121635183080608e-11	clade1sub7	24-215-202-255
8435	9.516520454252735e-15	clade1sub7	24-215-202-255
8436	1.0120961951918765e-13	clade1sub4	53-243-148-255
8437	3.6606929438772253e-16	clade1sub7	24-215-202-255
8438	1.0848184204529066e-11	clade1sub7	24-215-202-255
8439	1.1497249140486506e-12	clade1sub7	24-215-202-255
8440	1.525848184953856e-13	clade1sub7	24-215-202-255
8441	7.454788867712601e-16	clade1sub7	24-215-202-255
8442	5.852677118042782e-14	clade1sub7	24-215-202-255
8443	7.001118394145619e-11	clade1sub7	24-215-202-255
8444	4.408363834341767e-12	clade1sub7	24-215-202-255
8445	7.066805452652879e-12	clade1sub4	53-243-148-255
8446	6.51488435375894e-08	clade1sub4	53-243-148-255
8447	5.358137138463694e-07	clade1sub4	53-243-148-255
8448	0.0031213508420019	clade1sub3	70-122-242-255
8449	1.2023492761090488e-05	clade1sub3	70-122-242-255
8450	0.0041974224268643	clade1sub4	53-243-148-255
8451	5.175225497552727e-05	clade1sub7	24-215-202-255
8452	0.0232608103204383	clade1sub4	53-243-148-255
8453	0.5708280658726754	clade1sub4	53-243-148-255
8454	4.979682908364019e-16	clade1sub7	24-215-202-255
8455	5.5445820164571e-16	clade1sub7	24-215-202-255
8456	1.7470826534306632e-08	clade1sub7	24-215-202-255
8457	1.9571931796596372e-07	clade1sub3	70-122-242-255
8458	2.216678638407314e-08	clade1sub3	70-122-242-255
8459	1.6990797220141884e-07	clade1sub3	70-122-242-255
8460	1.6282057033979297e-08	clade1sub7	24-215-202-255
8461	5.110866824192736e-09	clade1sub7	24-215-202-255
8462	4.318244698464691e-12	clade1sub7	24-215-202-255
8463	3.8632759994183784e-08	clade1sub11	232-213-56-255
8464	9.673666160746313e-08	clade1sub7	24-215-202-255
8465	8.667214693208939e-13	clade1sub7	24-215-202-255
8466	2.839621411062607e-12	clade1sub7	24-215-202-255
8467	2.987847146133416e-18	clade1sub7	24-215-202-255
8468	2.456844165062048e-10	clade1sub12	128-254-83-255
8469	1.2533094963820586e-11	clade1sub7	24-215-202-255
8470	5.979790218636112e-18	clade1sub7	24-215-202-255
8471	1.1274468025252832e-11	clade1sub7	24-215-202-255
8472	1.5104924640404834e-14	clade1sub12	128-254-83-255
8473	1.675089744033951e-18	clade1sub7	24-215-202-255
8474	1.123934415717359e-16	clade1sub7	24-215-202-255
8475	3.012232133017611e-24	clade1sub7	24-215-202-255
8476	8.289397520352182e-19	clade1sub7	24-215-202-255
8477	4.081573718856225e-17	clade1sub7	24-215-202-255
8478	1.802612416795054e-18	clade1sub7	24-215-202-255
8479	0.0010066150476952	clade1sub14	247-113-27-255
8480	9.992687655461817e-08	clade1sub7	24-215-202-255
8481	2.398225222311264e-05	clade1sub19	187-244-52-255
8482	1.0028339258515264e-14	clade1sub7	24-215-202-255
8483	1.6686453988293567e-13	clade1sub7	24-215-202-255
8484	1.543019529037037e-07	clade1sub3	70-122-242-255
8485	1.4748457223808328e-10	clade1sub4	53-243-148-255
8486	1.2548079659073418e-07	clade1sub3	70-122-242-255
8487	1.242660937073071e-13	clade1sub4	53-243-148-255
8488	1.788421924052499e-06	clade1sub3	70-122-242-255
8489	2.3934028353674706e-05	clade1sub3	70-122-242-255
8490	0.2679117716052861	clade1sub3	70-122-242-255
8491	0.0005272676740249	clade1sub3	70-122-242-255
8492	3.661582468493086e-05	clade1sub3	70-122-242-255
8493	1.4165252549782812e-06	clade1sub3	70-122-242-255
8494	1.7050278444759943e-11	clade1sub12	128-254-83-255
8495	0.0937084008415974	clade1sub11	232-213-56-255
8496	9.081210875235296e-05	clade1sub12	128-254-83-255
8497	0.0146182040434662	clade1sub3	70-122-242-255
8498	6.91759019616178e-08	clade1sub7	24-215-202-255
8499	7.21836361116737e-05	clade1sub3	70-122-242-255
8500	0.0001427038890305	clade1sub7	24-215-202-255
8501	1.220339710936122e-10	clade1sub14	247-113-27-255
8502	3.8993014733186365e-10	clade1sub7	24-215-202-255
8503	1.2191407665529724e-08	clade1sub7	24-215-202-255
8504	4.3212834684543246e-10	clade1sub7	24-215-202-255
8505	1.266395083074644e-13	clade1sub7	24-215-202-255
8506	1.3106895313162964e-11	clade1sub7	24-215-202-255
8507	3.583812011143295e-17	clade1sub7	24-215-202-255
8508	1.1548119866441138e-12	clade1sub7	24-215-202-255
8509	4.467061963679953e-14	clade1sub7	24-215-202-255
8510	1.3373483612707092e-16	clade1sub7	24-215-202-255
8511	1.2222012675532784e-14	clade1sub7	24-215-202-255
8512	2.862601551359032e-18	clade1sub7	24-215-202-255
8513	1.0734515743939382e-11	clade1sub7	24-215-202-255
8514	5.400429214532499e-15	clade1sub7	24-215-202-255
8515	6.715048383430494e-17	clade1sub7	24-215-202-255
8516	9.660770374111331e-14	clade1sub7	24-215-202-255
8517	9.006958935929642e-17	clade1sub7	24-215-202-255
8518	4.90844979405033e-09	clade1sub4	53-243-148-255
8519	5.113353128603049e-08	clade1sub19	187-244-52-255
8520	1.4256393737408591e-09	clade1sub4	53-243-148-255
8521	3.640399451938449e-09	clade1sub4	53-243-148-255
8522	3.2114098868505924e-08	clade1sub4	53-243-148-255
8523	4.270884815210166e-06	clade1sub7	24-215-202-255
8524	0.0001955320825617	clade1sub11	232-213-56-255
8525	8.459415285127365e-08	clade1sub7	24-215-202-255
8526	0.3813397561662202	clade1sub7	24-215-202-255
8527	0.0409978846521947	clade1sub3	70-122-242-255
8528	0.0036572777713494	clade1sub7	24-215-202-255
8529	0.0100341716706996	clade1sub3	70-122-242-255
8530	0.01181284588093	clade1sub3	70-122-242-255
8531	0.2746025218661321	clade1sub3	70-122-242-255
8532	0.0195953955482083	clade1sub3	70-122-242-255
8533	0.0145187378259142	clade1sub3	70-122-242-255
8534	0.0046578232376364	clade1sub3	70-122-242-255
8535	1.9449622348363008e-11	clade1sub14	247-113-27-255
8536	5.956794742045238e-10	clade1sub7	24-215-202-255
8537	8.784702911217405e-11	clade1sub7	24-215-202-255
8538	2.083188704240101e-09	clade1sub14	247-113-27-255
8539	1.3520160800054126e-22	clade1sub7	24-215-202-255
8540	1.3970818145843592e-14	clade1sub7	24-215-202-255
8541	1.2376002490257712e-08	clade1sub14	247-113-27-255
8542	3.1141859857356515e-23	clade1sub7	24-215-202-255
8543	5.500937587179073e-21	clade1sub3	70-122-242-255
8544	1.0701143975643234e-12	clade1sub12	128-254-83-255
8545	2.700938816246755e-16	clade1sub12	128-254-83-255
8546	2.776392203471312e-11	clade1sub7	24-215-202-255
8547	3.19374402866729e-14	clade1sub3	70-122-242-255
8548	5.3291580642991635e-16	clade1sub7	24-215-202-255
8549	2.148632047195266e-09	clade1sub12	128-254-83-255
8550	7.748190265893682e-13	clade1sub4	53-243-148-255
8551	4.2914060518295896e-11	clade1sub12	128-254-83-255
8552	8.600120129874578e-14	clade1sub7	24-215-202-255
8553	2.885435249381544e-10	clade1sub3	70-122-242-255
8554	4.919590112425844e-15	clade1sub7	24-215-202-255
8555	0.0005250920836665	clade1sub4	53-243-148-255
8556	4.904039486104746e-13	clade1sub4	53-243-148-255
8557	8.922443671478687e-14	clade1sub7	24-215-202-255
8558	5.56665565953662e-15	clade1sub7	24-215-202-255
8559	5.7437305502838295e-06	clade1sub3	70-122-242-255
8560	0.0079562305519776	clade1sub12	128-254-83-255
8561	1.7049342305840032e-09	clade1sub4	53-243-148-255
8562	0.0038755494636954	clade1sub3	70-122-242-255
8563	0.0025929279213843	clade1sub14	247-113-27-255
8564	0.6311082402434816	clade1sub3	70-122-242-255
8565	0.0079110249564248	clade1sub7	24-215-202-255
8566	7.193400064993457e-13	clade1sub11	232-213-56-255
8567	2.1278034040384044e-15	clade1sub7	24-215-202-255
8568	3.707029655074745e-15	clade1sub7	24-215-202-255
8569	1.44123544418357e-09	clade1sub7	24-215-202-255
8570	1.356920951205156e-08	clade1sub3	70-122-242-255
8571	5.1841299639337253e-23	clade1sub7	24-215-202-255
8572	6.124442962440723e-06	clade1sub14	247-113-27-255
8573	1.627643322462287e-19	clade1sub7	24-215-202-255
8574	3.0595620367210285e-13	clade1sub12	128-254-83-255
8575	0.000266801316086	clade1sub12	128-254-83-255
8576	6.525355869017223e-11	clade1sub3	70-122-242-255
8577	0.0043477783404818	clade1sub12	128-254-83-255
8578	3.273114210776611e-11	clade1sub12	128-254-83-255
8579	8.478882161718217e-05	clade1sub4	53-243-148-255
8580	0.000128189185469	clade1sub4	53-243-148-255
8581	0.0006202799115842	clade1sub3	70-122-242-255
8582	0.1384718085567179	clade1sub4	53-243-148-255
8583	1.1299626794519308e-08	clade1sub3	70-122-242-255
8585	2.247887535241542e-06	clade1sub3	70-122-242-255
8586	1.7840885412932888e-17	clade1sub7	24-215-202-255
8587	5.787742216657254e-22	clade1sub7	24-215-202-255
8588	7.765018832479887e-07	clade1sub3	70-122-242-255
8589	4.518963710939789e-12	clade1sub7	24-215-202-255
8590	1.2569690041748582e-05	clade1sub3	70-122-242-255
8591	3.2787406195913333e-06	clade1sub7	24-215-202-255
8592	1.9244704127098508e-10	clade1sub4	53-243-148-255
8593	2.1445467586987555e-16	clade1sub14	247-113-27-255
8594	5.151445338200647e-05	clade1sub3	70-122-242-255
8595	4.4861845266608196e-14	clade1sub3	70-122-242-255
8596	3.4205562837257187e-09	clade1sub7	24-215-202-255
8597	1.0082605354330948e-09	clade1sub7	24-215-202-255
8598	3.8645804296410077e-11	clade1sub7	24-215-202-255
8599	1.187576816196118e-05	clade1sub11	232-213-56-255
8600	0.0006528930240193	clade1sub7	24-215-202-255
8601	0.0092713815399832	clade1sub13	180-27-1-255
8602	0.0248542122454343	clade1sub13	180-27-1-255
8603	5.94747187223569e-10	clade1sub7	24-215-202-255
8604	5.131741052685904e-07	clade1sub14	247-113-27-255
8605	8.355167056550694e-07	clade1sub3	70-122-242-255
8606	6.936288278172298e-10	clade1sub3	70-122-242-255
8607	1.1269081866651976e-06	clade1sub3	70-122-242-255
8608	9.128730744770123e-10	clade1sub3	70-122-242-255
8609	3.836258744612741e-11	clade1sub3	70-122-242-255
8610	5.119966423866812e-12	clade1sub3	70-122-242-255
8611	2.083619989983232e-07	clade1sub11	232-213-56-255
8612	7.895781198302197e-11	clade1sub11	232-213-56-255
8613	5.6333497491390774e-08	clade1sub11	232-213-56-255
8614	2.947021063474499e-12	clade1sub11	232-213-56-255
8615	1.6677740816454579e-10	clade1sub7	24-215-202-255
8616	0.0003545219481339	clade1sub12	128-254-83-255
8617	6.042689868521356e-14	clade1sub7	24-215-202-255
8618	4.898221954097065e-10	clade1sub14	247-113-27-255
8619	1.4405710692653758e-10	clade1sub7	24-215-202-255
8620	8.383709171338043e-19	clade1sub3	70-122-242-255
8621	1.0904415642278216e-10	clade1sub7	24-215-202-255
8622	1.1081807319556495e-10	clade1sub7	24-215-202-255
8623	2.0145443909092563e-10	clade1sub7	24-215-202-255
8624	2.700295257275956e-18	clade1sub7	24-215-202-255
8625	6.378098974611596e-09	clade1sub7	24-215-202-255
8626	2.5021010062902302e-09	clade1sub7	24-215-202-255
8627	1.6091223156450454e-11	clade1sub13	180-27-1-255
8628	8.577310478323203e-14	clade1sub14	247-113-27-255
8629	4.45952735144717e-14	clade1sub13	180-27-1-255
8630	7.844582026164985e-16	clade1sub13	180-27-1-255
8631	1.1704281226673497e-12	clade1sub13	180-27-1-255
8632	3.258423805259594e-14	clade1sub7	24-215-202-255
8633	1.027241901428345e-15	clade1sub3	70-122-242-255
8634	2.3632148373349096e-11	clade1sub13	180-27-1-255
8635	0.0042678429591536	clade1sub12	128-254-83-255
8636	1.4994796215009196e-08	clade1sub12	128-254-83-255
8637	1.416898586138657e-05	clade1sub3	70-122-242-255
8638	1.0410990927129391e-09	clade1sub12	128-254-83-255
8639	2.299081089628288e-13	clade1sub7	24-215-202-255
8640	2.329411826818422e-13	clade1sub7	24-215-202-255
8641	1.0059406751018089e-12	clade1sub7	24-215-202-255
8642	3.43825041856246e-10	clade1sub12	128-254-83-255
8643	9.580063080741628e-11	clade1sub14	247-113-27-255
8644	0.0009592846293954	clade1sub12	128-254-83-255
8645	0.000112811475217	clade1sub12	128-254-83-255
8646	6.532344971980928e-09	clade1sub7	24-215-202-255
8647	6.515538733347662e-08	clade1sub7	24-215-202-255
8648	1.0091905871877569e-12	clade1sub7	24-215-202-255
8649	1.3410144561426404e-13	clade1sub7	24-215-202-255
8650	7.468267109109136e-10	clade1sub7	24-215-202-255
8651	2.6001205909624252e-05	clade1sub3	70-122-242-255
8652	1.2371666521481923e-05	clade1sub7	24-215-202-255
8653	6.501046114537982e-09	clade1sub7	24-215-202-255
8654	0.000134092168577	clade1sub11	232-213-56-255
8655	2.622480316694829e-11	clade1sub7	24-215-202-255
8656	2.0980169854836442e-07	clade1sub3	70-122-242-255
8657	1.2853459610695898e-07	clade1sub7	24-215-202-255
8658	1.5848585320917501e-12	clade1sub4	53-243-148-255
8659	3.7442438480081024e-14	clade1sub7	24-215-202-255
8660	2.928498030897771e-13	clade1sub14	247-113-27-255
8661	4.836657846329959e-15	clade1sub7	24-215-202-255
8662	9.113256114207416e-13	clade1sub4	53-243-148-255
8663	1.237313835755025e-13	clade1sub7	24-215-202-255
8664	2.75193745664262e-06	clade1sub4	53-243-148-255
8665	7.710125542233551e-06	clade1sub4	53-243-148-255
8666	8.909120172709472e-08	clade1sub4	53-243-148-255
8667	0.0206267698629411	clade1sub14	247-113-27-255
8668	0.046670808221737	clade1sub18	122-4-2-255
8669	1.1410167153981057e-05	clade1sub3	70-122-242-255
8670	4.055800451857142e-16	clade1sub7	24-215-202-255
8671	0.0179126053161841	clade1sub4	53-243-148-255
8672	0.0002271922512898	clade1sub7	24-215-202-255
8673	2.397419783267497e-22	clade1sub7	24-215-202-255
8674	1.9580922248185459e-07	clade1sub12	128-254-83-255
8675	1.1276872975505843e-05	clade1sub7	24-215-202-255
8676	1.924381941471866e-10	clade1sub7	24-215-202-255
8677	2.465222315762136e-06	clade1sub7	24-215-202-255
8678	1.7476567027915972e-08	clade1sub7	24-215-202-255
8679	3.0643431834020183e-10	clade1sub7	24-215-202-255
8680	1.2818056519658394e-10	clade1sub14	247-113-27-255
8681	1.1082764681582667e-09	clade1sub11	232-213-56-255
8682	3.1831933277580523e-16	clade1sub7	24-215-202-255
8683	1.4995314597467857e-12	clade1sub3	70-122-242-255
8684	3.855679895202626e-10	clade1sub7	24-215-202-255
8685	1.853657365617004e-09	clade1sub11	232-213-56-255
8686	8.634192311220723e-12	clade1sub14	247-113-27-255
8687	5.250621734965319e-12	clade1sub7	24-215-202-255
8688	9.852949426010189e-11	clade1sub7	24-215-202-255
8689	2.0705684015637567e-11	clade1sub7	24-215-202-255
8690	1.0515749049519271e-09	clade1sub7	24-215-202-255
8691	2.038328792867262e-09	clade1sub7	24-215-202-255
8692	1.0973636022282588e-10	clade1sub12	128-254-83-255
8693	2.9903064964644544e-08	clade1sub12	128-254-83-255
8694	1.603258061924867e-11	clade1sub7	24-215-202-255
8695	3.180135810481341e-13	clade1sub12	128-254-83-255
8696	5.771775470576962e-13	clade1sub7	24-215-202-255
8697	1.0371840845107989e-07	clade1sub7	24-215-202-255
8698	1.1362946712960216e-08	clade1sub3	70-122-242-255
8699	6.894650125610464e-07	clade1sub7	24-215-202-255
8700	3.104359474528784e-06	clade1sub18	122-4-2-255
8701	6.4771210955039695e-06	clade1sub4	53-243-148-255
8704	1.587942718787001e-09	clade1sub7	24-215-202-255
8705	3.120154261055925e-11	clade1sub7	24-215-202-255
8706	6.325701467563189e-05	clade1sub3	70-122-242-255
8707	6.279165825507026e-08	clade1sub3	70-122-242-255
8708	1.8937165878268112e-06	clade1sub3	70-122-242-255
8709	0.0044981365822831	clade1sub12	128-254-83-255
8710	0.0671654444212647	clade1sub12	128-254-83-255
8711	5.823228971422195e-13	clade1sub14	247-113-27-255
8712	4.839488776341964e-07	clade1sub7	24-215-202-255
8713	5.363919449114138e-06	clade1sub7	24-215-202-255
8714	9.379616868930804e-14	clade1sub7	24-215-202-255
8715	2.365826470395149e-07	clade1sub7	24-215-202-255
8716	6.379731883406916e-12	clade1sub7	24-215-202-255
8717	4.2767857950679283e-13	clade1sub4	53-243-148-255
8718	8.161592425573569e-09	clade1sub7	24-215-202-255
8719	5.4265639070491446e-11	clade1sub4	53-243-148-255
8720	1.9683884487173183e-10	clade1sub7	24-215-202-255
8721	6.7661634667760095e-09	clade1sub7	24-215-202-255
8722	2.0683869008521667e-13	clade1sub7	24-215-202-255
8723	1.0889494413162628e-17	clade1sub7	24-215-202-255
8724	2.6116726727431816e-08	clade1sub7	24-215-202-255
8725	0.0003434803558985	clade1sub7	24-215-202-255
8726	3.7963437241586507e-13	clade1sub7	24-215-202-255
8727	0.0047766040510221	clade1sub12	128-254-83-255
8728	2.235688081235251e-07	clade1sub7	24-215-202-255
8729	4.752123225596152e-05	clade1sub18	122-4-2-255
8730	1.982348307916581e-05	clade1sub14	247-113-27-255
8731	0.1174810850985413	clade1sub7	24-215-202-255
8732	1.3987973368187355e-10	clade1sub11	232-213-56-255
8733	4.4314981291974474e-10	clade1sub11	232-213-56-255
8734	1.164130981210228e-10	clade1sub14	247-113-27-255
8735	5.312106135709044e-13	clade1sub7	24-215-202-255
8736	5.044877422918315e-12	clade1sub7	24-215-202-255
8737	2.641492777971604e-09	clade1sub7	24-215-202-255
8738	9.15216598989696e-13	clade1sub7	24-215-202-255
8739	2.0751873754109147e-14	clade1sub7	24-215-202-255
8740	3.328932708754446e-09	clade1sub7	24-215-202-255
8741	2.3695357029555784e-15	clade1sub7	24-215-202-255
8742	5.710829988460169e-09	clade1sub4	53-243-148-255
8743	3.593342496748047e-15	clade1sub7	24-215-202-255
8744	0.0073817303809132	clade1sub3	70-122-242-255
8745	0.0046773530468304	clade1sub14	247-113-27-255
8746	1.4423627511093543e-06	clade1sub3	70-122-242-255
8747	0.0235793155845303	clade1sub7	24-215-202-255
8748	0.1063073555062067	clade1sub7	24-215-202-255
8749	9.797484730187583e-12	clade1sub11	232-213-56-255
8750	1.1112979294098194e-11	clade1sub14	247-113-27-255
8751	1.4022494410017046e-15	clade1sub14	247-113-27-255
8752	4.021896162371291e-10	clade1sub7	24-215-202-255
8753	8.525897129286631e-19	clade1sub7	24-215-202-255
8754	1.793692470016444e-13	clade1sub7	24-215-202-255
8755	1.3010685461104255e-16	clade1sub7	24-215-202-255
8756	3.9133859779646794e-22	clade1sub7	24-215-202-255
8757	1.5339138512761073e-14	clade1sub7	24-215-202-255
8758	8.623495536089303e-16	clade1sub7	24-215-202-255
8759	2.950017406823239e-06	clade1sub7	24-215-202-255
8760	0.0011922695467007	clade1sub7	24-215-202-255
8761	0.0004607118514177	clade1sub4	53-243-148-255
8762	0.0025306804289168	clade1sub3	70-122-242-255
8763	1.3453222973505897e-05	clade1sub3	70-122-242-255
8764	0.3721110628907032	clade1sub17	222-62-8-255
8765	4.67356533817222e-07	clade1sub3	70-122-242-255
8766	0.0280247436460085	clade1sub3	70-122-242-255
8767	0.0582208138968948	clade1sub3	70-122-242-255
8768	8.413163387533961e-05	clade1sub3	70-122-242-255
8769	7.727671554798506e-05	clade1sub3	70-122-242-255
8770	1.0176426282304379e-16	clade1sub14	247-113-27-255
8771	9.336093357723436e-12	clade1sub11	232-213-56-255
8772	9.844756800254648e-16	clade1sub7	24-215-202-255
8773	7.336537973380252e-11	clade1sub14	247-113-27-255
8774	9.334478072948613e-14	clade1sub3	70-122-242-255
8775	6.37806856639069e-08	clade1sub3	70-122-242-255
8776	6.580666820488838e-06	clade1sub3	70-122-242-255
8777	2.691699723071601e-19	clade1sub7	24-215-202-255
8778	5.583387212277035e-13	clade1sub3	70-122-242-255
8779	2.9585603485110058e-18	clade1sub7	24-215-202-255
8780	3.5763086781976564e-13	clade1sub3	70-122-242-255
8781	2.3234874585408023e-08	clade1sub4	53-243-148-255
8782	3.8350981149058285e-08	clade1sub7	24-215-202-255
8783	2.0478334270784428e-11	clade1sub7	24-215-202-255
8784	7.468526985454354e-09	clade1sub3	70-122-242-255
8785	2.080550846857569e-11	clade1sub3	70-122-242-255
8786	0.0009477848895283	clade1sub2	51-172-246-255
8787	1.738190261733733e-09	clade1sub3	70-122-242-255
8788	0.0195666920969643	clade1sub4	53-243-148-255
8789	1.5596058408358926e-06	clade1sub12	128-254-83-255
8790	1.1654108492893494e-05	clade1sub3	70-122-242-255
8791	3.8183706539117034e-08	clade1sub4	53-243-148-255
8792	5.974187299589488e-05	clade1sub7	24-215-202-255
8793	6.522872808259528e-08	clade1sub3	70-122-242-255
8794	5.611852681150072e-07	clade1sub3	70-122-242-255
8795	1.7495141952286986e-11	clade1sub3	70-122-242-255
8796	0.0001897946111655	clade1sub11	232-213-56-255
8797	5.862170693300105e-09	clade1sub11	232-213-56-255
8798	3.989682163188024e-08	clade1sub11	232-213-56-255
8799	1.1860179662767263e-09	clade1sub7	24-215-202-255
8800	0.0170449827348347	clade1sub11	232-213-56-255
8801	0.0007784658741287	clade1sub4	53-243-148-255
8802	4.761103167886011e-10	clade1sub14	247-113-27-255
8803	9.488789953431272e-10	clade1sub12	128-254-83-255
8804	6.7680445581926e-09	clade1sub7	24-215-202-255
8805	1.686816050828525e-10	clade1sub7	24-215-202-255
8806	3.2814030136569084e-11	clade1sub3	70-122-242-255
8807	1.4297591081381856e-08	clade1sub7	24-215-202-255
8808	6.828364411694002e-11	clade1sub7	24-215-202-255
8809	2.616233744956324e-15	clade1sub7	24-215-202-255
8810	3.882231587863583e-07	clade1sub11	232-213-56-255
8811	1.5888964805221832e-08	clade1sub7	24-215-202-255
8812	2.7865944931455904e-12	clade1sub7	24-215-202-255
8813	7.05863712674556e-08	clade1sub11	232-213-56-255
8814	9.818410943838352e-10	clade1sub11	232-213-56-255
8815	0.0167366548607938	clade1sub12	128-254-83-255
8816	3.176948894471404e-06	clade1sub12	128-254-83-255
8817	6.204301686154897e-11	clade1sub4	53-243-148-255
8818	1.140819472156001e-12	clade1sub4	53-243-148-255
8819	1.6261702690039218e-10	clade1sub4	53-243-148-255
8820	2.505514178302729e-14	clade1sub3	70-122-242-255
8821	2.5942318891754857e-10	clade1sub3	70-122-242-255
8822	2.0722104586473166e-13	clade1sub14	247-113-27-255
8823	5.617372388058452e-08	clade1sub12	128-254-83-255
8824	6.3410699945485984e-12	clade1sub7	24-215-202-255
8825	5.898540304771197e-11	clade1sub14	247-113-27-255
8826	8.162297253084112e-09	clade1sub7	24-215-202-255
8827	3.600930526811754e-12	clade1sub7	24-215-202-255
8828	0.000112811475217	clade1sub12	128-254-83-255
8829	1.4522245276376411e-09	clade1sub7	24-215-202-255
8830	1.9978720627919934e-13	clade1sub7	24-215-202-255
8831	2.7119296017301004e-06	clade1sub7	24-215-202-255
8832	7.64755743728137e-08	clade1sub7	24-215-202-255
8833	1.2558587760038144e-05	clade1sub3	70-122-242-255
8834	2.07934280228488e-07	clade1sub4	53-243-148-255
8835	1.6465526017349443e-08	clade1sub4	53-243-148-255
8836	7.408615123496478e-07	clade1sub4	53-243-148-255
8837	1.6465526017349443e-08	clade1sub4	53-243-148-255
8838	3.3114163660198056e-08	clade1sub12	128-254-83-255
8839	0.0109218938716588	clade1sub12	128-254-83-255
8840	2.684931467190184e-09	clade1sub4	53-243-148-255
8841	3.011296613562977e-11	clade1sub7	24-215-202-255
8842	0.0010095874239758	clade1sub3	70-122-242-255
8843	0.0002786427675327	clade1sub7	24-215-202-255
8844	2.004278975570745e-05	clade1sub7	24-215-202-255
8845	2.3257017707333792e-08	clade1sub7	24-215-202-255
8846	1.10307462618851e-10	clade1sub4	53-243-148-255
8847	1.274432642718684e-07	clade1sub7	24-215-202-255
8848	6.832108698514164e-11	clade1sub3	70-122-242-255
8849	6.319566229886938e-09	clade1sub12	128-254-83-255
8850	5.086819683834809e-15	clade1sub7	24-215-202-255
8851	2.940996652472892e-13	clade1sub7	24-215-202-255
8852	1.1532354568064925e-13	clade1sub3	70-122-242-255
8853	3.099964451328475e-13	clade1sub3	70-122-242-255
8854	2.486285451061741e-13	clade1sub7	24-215-202-255
8855	6.419285617465006e-12	clade1sub7	24-215-202-255
8856	1.0437568589543614e-09	clade1sub3	70-122-242-255
8857	2.006898553116664e-13	clade1sub7	24-215-202-255
8858	2.575333928947198e-09	clade1sub3	70-122-242-255
8859	0.0002434962960275	clade1sub12	128-254-83-255
8860	1.4699413752330371e-08	clade1sub12	128-254-83-255
8861	7.06629896714578e-08	clade1sub7	24-215-202-255
8862	2.522090281659462e-07	clade1sub7	24-215-202-255
8863	2.990179334950497e-07	clade1sub12	128-254-83-255
8864	5.177096644147275e-06	clade1sub18	122-4-2-255
8865	8.915493338699145e-07	clade1sub14	247-113-27-255
8866	0.0001474834054768	clade1sub7	24-215-202-255
8867	0.0380665102755148	clade1sub7	24-215-202-255
8868	1.0955255096212735e-06	clade1sub12	128-254-83-255
8869	2.031047250868092e-08	clade1sub13	180-27-1-255
8870	4.9841213271234734e-08	clade1sub3	70-122-242-255
8871	4.572511522459858e-07	clade1sub3	70-122-242-255
8872	4.306551417273203e-06	clade1sub3	70-122-242-255
8873	2.39503745299672e-07	clade1sub4	53-243-148-255
8874	8.424016959407506e-05	clade1sub11	232-213-56-255
8875	4.253500096092409e-05	clade1sub4	53-243-148-255
8876	3.9609486392848475e-07	clade1sub11	232-213-56-255
8877	0.0414062706205507	clade1sub12	128-254-83-255
8878	3.2015719519573434e-09	clade1sub14	247-113-27-255
8879	0.002243694449478	clade1sub14	247-113-27-255
8880	4.951251551549599e-07	clade1sub7	24-215-202-255
8881	3.532209344142826e-05	clade1sub7	24-215-202-255
8882	8.155814831335998e-09	clade1sub7	24-215-202-255
8883	1.0850311060889744e-08	clade1sub7	24-215-202-255
8884	0.0019258338966313	clade1sub19	187-244-52-255
8885	1.8865307532746675e-07	clade1sub12	128-254-83-255
8886	4.930508907691605e-06	clade1sub3	70-122-242-255
8887	0.005208161586178	clade1sub3	70-122-242-255
8888	3.244285226798893e-07	clade1sub3	70-122-242-255
8889	1.5207317381954e-05	clade1sub14	247-113-27-255
8890	0.0055553442456113	clade1sub7	24-215-202-255
8891	0.1739673199515622	clade1sub12	128-254-83-255
8892	0.023314111788761	clade1sub11	232-213-56-255
8893	0.0001082169562115	clade1sub4	53-243-148-255
8894	8.900578169728424e-11	clade1sub14	247-113-27-255
8895	0.0002155125323025	clade1sub18	122-4-2-255
8896	9.176719650314698e-07	clade1sub18	122-4-2-255
8897	1.3960070568774992e-14	clade1sub7	24-215-202-255
8898	0.0110687831713988	clade1sub7	24-215-202-255
8899	2.4786653664097183e-13	clade1sub3	70-122-242-255
8900	1.716429386371662e-13	clade1sub7	24-215-202-255
8901	2.2081024468398576e-09	clade1sub7	24-215-202-255
8902	1.1866548306058556e-05	clade1sub3	70-122-242-255
8903	0.2997167816282653	clade1sub7	24-215-202-255
8904	0.0845682197551938	clade1sub7	24-215-202-255
8905	0.0373559898495291	clade1sub3	70-122-242-255
8906	0.0003928540508895	clade1sub3	70-122-242-255
8907	5.284282060089572e-05	clade1sub11	232-213-56-255
8908	9.969715926234996e-13	clade1sub14	247-113-27-255
8909	4.60695780709976e-08	clade1sub7	24-215-202-255
8910	4.708668199231956e-10	clade1sub7	24-215-202-255
8911	1.2238237905259994e-13	clade1sub7	24-215-202-255
8912	1.5229876924449812e-13	clade1sub7	24-215-202-255
8913	1.4178099490894508e-12	clade1sub7	24-215-202-255
8914	6.969498266174859e-18	clade1sub3	70-122-242-255
8915	8.729788371785464e-14	clade1sub7	24-215-202-255
8916	3.207915953103212e-05	clade1sub3	70-122-242-255
8917	0.0003258419935214	clade1sub3	70-122-242-255
8918	1.8277452412148717e-05	clade1sub3	70-122-242-255
8919	1.4523639475201952e-05	clade1sub3	70-122-242-255
8920	3.476890668068785e-05	clade1sub3	70-122-242-255
8921	3.766676931674254e-08	clade1sub11	232-213-56-255
8922	1.3407754305170694e-11	clade1sub3	70-122-242-255
8923	2.183456715297545e-09	clade1sub13	180-27-1-255
8924	1.6912180923971573e-11	clade1sub7	24-215-202-255
8925	9.464845946654264e-15	clade1sub7	24-215-202-255
8926	7.700818889730328e-13	clade1sub14	247-113-27-255
8927	3.817598612172429e-13	clade1sub7	24-215-202-255
8928	1.7198022203816185e-08	clade1sub12	128-254-83-255
8929	4.1080757198164673e-13	clade1sub7	24-215-202-255
8930	3.370055317642447e-11	clade1sub7	24-215-202-255
8931	0.00073862969258	clade1sub3	70-122-242-255
8932	5.286916262502127e-13	clade1sub7	24-215-202-255
8933	4.2558024374498045e-13	clade1sub7	24-215-202-255
8934	6.432566015561903e-11	clade1sub7	24-215-202-255
8935	1.818359120436863e-07	clade1sub7	24-215-202-255
8936	0.0929059446188935	clade1sub12	128-254-83-255
8937	0.1525819249304409	clade1sub12	128-254-83-255
8938	0.0635602138103161	clade1sub12	128-254-83-255
8939	0.0092944212950534	clade1sub3	70-122-242-255
8940	9.077921127515993e-09	clade1sub14	247-113-27-255
8941	7.842768903341806e-05	clade1sub12	128-254-83-255
8942	0.0700590888231274	clade1sub12	128-254-83-255
8943	7.718350685436152e-05	clade1sub2	51-172-246-255
8944	6.526959435029413e-05	clade1sub7	24-215-202-255
8945	2.2402051836841484e-09	clade1sub7	24-215-202-255
8946	4.200676594129735e-05	clade1sub3	70-122-242-255
8947	3.2237555899563715e-08	clade1sub12	128-254-83-255
8948	2.4067798423285825e-08	clade1sub12	128-254-83-255
8949	0.0109123179577115	clade1sub12	128-254-83-255
8950	3.725325175407366e-08	clade1sub14	247-113-27-255
8951	0.0002160081784821	clade1sub14	247-113-27-255
8952	2.22937302571505e-05	clade1sub7	24-215-202-255
8953	2.1015835511214312e-08	clade1sub12	128-254-83-255
8954	1.336244167576023e-05	clade1sub18	122-4-2-255
8955	1.280525744563931e-06	clade1sub11	232-213-56-255
8956	0.0003191283646383	clade1sub3	70-122-242-255
8957	0.0073925573210018	clade1sub11	232-213-56-255
8958	2.061175573660981e-06	clade1sub7	24-215-202-255
8959	5.016274956537409e-06	clade1sub11	232-213-56-255
8960	2.84135665079146e-16	clade1sub7	24-215-202-255
8961	6.94790064930179e-12	clade1sub7	24-215-202-255
8962	5.409004671279047e-15	clade1sub3	70-122-242-255
8963	6.316052374566022e-11	clade1sub3	70-122-242-255
8964	2.150835804418271e-12	clade1sub7	24-215-202-255
8965	3.2327253174526503e-16	clade1sub7	24-215-202-255
8966	2.5391042277048255e-13	clade1sub7	24-215-202-255
8967	6.656569212689337e-10	clade1sub7	24-215-202-255
8968	9.914979830685892e-11	clade1sub7	24-215-202-255
8969	0.0001747032677003	clade1sub12	128-254-83-255
8970	7.251640985881176e-10	clade1sub7	24-215-202-255
8971	2.8398468074312605e-11	clade1sub7	24-215-202-255
8972	1.1146898061198724e-07	clade1sub4	53-243-148-255
8973	3.995704351341185e-12	clade1sub7	24-215-202-255
8974	3.9872372003803413e-13	clade1sub7	24-215-202-255
8975	6.439143368988387e-13	clade1sub7	24-215-202-255
8976	4.167268677068012e-11	clade1sub7	24-215-202-255
8977	2.1893873366586426e-13	clade1sub3	70-122-242-255
8978	9.906441834921275e-12	clade1sub14	247-113-27-255
8979	4.684034725636892e-07	clade1sub18	122-4-2-255
8980	1.1065920116247531e-06	clade1sub7	24-215-202-255
8981	0.003888977249635	clade1sub18	122-4-2-255
8982	2.0685643781691294e-15	clade1sub7	24-215-202-255
8983	0.0004836119815676	clade1sub12	128-254-83-255
8984	2.164100153144524e-05	clade1sub3	70-122-242-255
8985	0.0568406119846759	clade1sub3	70-122-242-255
8986	1.5519857271975804e-08	clade1sub7	24-215-202-255
8987	2.0698440544012198e-07	clade1sub4	53-243-148-255
8988	2.8851821168658288e-05	clade1sub12	128-254-83-255
8989	6.641126507513759e-05	clade1sub12	128-254-83-255
8990	1.908373388880651e-09	clade1sub4	53-243-148-255
8991	0.0012409100495056	clade1sub4	53-243-148-255
8992	1.2293077282888375e-05	clade1sub12	128-254-83-255
8993	1.0281210468204063e-06	clade1sub11	232-213-56-255
8994	2.521911639854235e-13	clade1sub3	70-122-242-255
8995	4.524407924528024e-15	clade1sub3	70-122-242-255
8996	8.271353381993599e-10	clade1sub7	24-215-202-255
8997	1.1401351137669125e-13	clade1sub7	24-215-202-255
8998	2.417246661245076e-14	clade1sub7	24-215-202-255
8999	3.100890312110251e-14	clade1sub7	24-215-202-255
9000	5.374104417278518e-15	clade1sub7	24-215-202-255
9001	3.3968478934136626e-15	clade1sub7	24-215-202-255
9002	7.984685197619104e-13	clade1sub7	24-215-202-255
9003	4.94192399696937e-12	clade1sub7	24-215-202-255
9004	1.4464886613782452e-12	clade1sub7	24-215-202-255
9005	5.7476751350581156e-08	clade1sub7	24-215-202-255
9006	8.709025967676463e-10	clade1sub3	70-122-242-255
9007	6.078980192347589e-11	clade1sub7	24-215-202-255
9008	1.028594808119465e-09	clade1sub7	24-215-202-255
9009	9.765862074370109e-11	clade1sub7	24-215-202-255
9010	0.0039263161523782	clade1sub3	70-122-242-255
9011	3.211187287737903e-06	clade1sub12	128-254-83-255
9012	0.0005561327165615	clade1sub18	122-4-2-255
9013	3.463752282058425e-13	clade1sub3	70-122-242-255
9014	7.367676288731589e-13	clade1sub3	70-122-242-255
9015	1.0672599751083553e-05	clade1sub3	70-122-242-255
9016	0.0027574606472584	clade1sub7	24-215-202-255
9017	0.2906088013649095	clade1sub7	24-215-202-255
9018	0.0226344476219502	clade1sub3	70-122-242-255
9019	0.0218990242421422	clade1sub11	232-213-56-255
9020	1.3073020521539714e-10	clade1sub7	24-215-202-255
9021	7.02781747052295e-07	clade1sub7	24-215-202-255
9022	2.0636676391158324e-05	clade1sub4	53-243-148-255
9023	1.212447078668449e-05	clade1sub11	232-213-56-255
9024	0.0001280901200893	clade1sub12	128-254-83-255
9025	6.123126918617724e-05	clade1sub12	128-254-83-255
9026	0.0596351758513625	clade1sub12	128-254-83-255
9027	2.1219588243001128e-05	clade1sub12	128-254-83-255
9028	1.1109634687986433e-07	clade1sub3	70-122-242-255
9029	6.102771601532603e-14	clade1sub2	51-172-246-255
9030	0.0008018969019664	clade1sub18	122-4-2-255
9031	5.01488009295963e-10	clade1sub7	24-215-202-255
9032	0.0011667151268196	clade1sub12	128-254-83-255
9033	9.860216595458968e-11	clade1sub7	24-215-202-255
9034	0.0002545878487967	clade1sub7	24-215-202-255
9035	0.186460843432605	clade1sub12	128-254-83-255
9036	0.0872946909728359	clade1sub12	128-254-83-255
9037	0.0002297936544684	clade1sub11	232-213-56-255
9038	4.311206249034276e-05	clade1sub4	53-243-148-255
9039	0.0099262595831061	clade1sub19	187-244-52-255
9040	1.945434377195145e-08	clade1sub14	247-113-27-255
9041	0.0007097576986232	clade1sub12	128-254-83-255
9042	1.1021174812305934e-07	clade1sub7	24-215-202-255
9043	3.0279993665165185e-08	clade1sub3	70-122-242-255
9044	1.551458892109929e-09	clade1sub3	70-122-242-255
9045	4.1840529892080425e-08	clade1sub3	70-122-242-255
9046	0.1487918935402997	clade1sub7	24-215-202-255
9047	3.2041769820468277e-06	clade1sub3	70-122-242-255
9048	2.82665678687095e-07	clade1sub11	232-213-56-255
9049	1.0296507872966116e-10	clade1sub7	24-215-202-255
9050	0.0021912658067336	clade1sub7	24-215-202-255
9051	8.332938994675962e-07	clade1sub3	70-122-242-255
9052	0.0005511477963482	clade1sub3	70-122-242-255
9053	0.0002208797788523	clade1sub3	70-122-242-255
9054	3.800801170414277e-06	clade1sub11	232-213-56-255
9055	5.5779030607613204e-08	clade1sub11	232-213-56-255
9056	6.960506517006771e-11	clade1sub11	232-213-56-255
9057	2.2061502327886627e-09	clade1sub11	232-213-56-255
9058	6.641950922401268e-14	clade1sub7	24-215-202-255
9059	1.2879610046747824e-12	clade1sub7	24-215-202-255
9060	0.0008099198601884	clade1sub12	128-254-83-255
9061	6.661040056369632e-05	clade1sub12	128-254-83-255
9062	2.863879622118786e-08	clade1sub3	70-122-242-255
9063	2.063329197888302e-07	clade1sub2	51-172-246-255
9064	5.543032589427871e-10	clade1sub12	128-254-83-255
9065	6.314581177203103e-05	clade1sub7	24-215-202-255
9066	0.0009358512276319	clade1sub12	128-254-83-255
9067	0.0012494858775933	clade1sub4	53-243-148-255
9068	5.547317945812297e-09	clade1sub12	128-254-83-255
9069	5.646756553675703e-13	clade1sub7	24-215-202-255
9070	3.5767814116440394e-10	clade1sub7	24-215-202-255
9071	4.923804036972223e-11	clade1sub4	53-243-148-255
9072	9.199167444482113e-06	clade1sub7	24-215-202-255
9073	0.0007125713945022	clade1sub12	128-254-83-255
9074	0.0080208571026465	clade1sub12	128-254-83-255
9075	1.0718340121653485e-07	clade1sub4	53-243-148-255
9076	4.903087635503717e-10	clade1sub11	232-213-56-255
9077	2.248443001588213e-11	clade1sub7	24-215-202-255
9078	1.2125578715373372e-06	clade1sub7	24-215-202-255
9079	6.657836181204756e-06	clade1sub11	232-213-56-255
9080	7.13734276140913e-05	clade1sub4	53-243-148-255
9081	6.867332243595855e-11	clade1sub14	247-113-27-255
9082	0.000313386724953	clade1sub12	128-254-83-255
9083	2.0955046273349986e-08	clade1sub11	232-213-56-255
9084	9.739792912612456e-09	clade1sub3	70-122-242-255
9085	0.0956908754720809	clade1sub12	128-254-83-255
9086	2.8061233069581782e-06	clade1sub7	24-215-202-255
9087	0.0001030633748961	clade1sub3	70-122-242-255
9088	1.0570557487311228e-10	clade1sub12	128-254-83-255
9089	9.868649546208789e-08	clade1sub14	247-113-27-255
9090	7.778469253067408e-05	clade1sub11	232-213-56-255
9091	4.475637160666535e-11	clade1sub7	24-215-202-255
9092	0.0001405185510393	clade1sub12	128-254-83-255
9093	6.666193861272354e-06	clade1sub12	128-254-83-255
9094	0.1074898419262468	clade1sub12	128-254-83-255
9095	0.0002912584500676	clade1sub12	128-254-83-255
9096	7.936032350586015e-05	clade1sub12	128-254-83-255
9097	0.0031624326716188	clade1sub12	128-254-83-255
9098	0.0001944928165965	clade1sub7	24-215-202-255
9099	0.0025190075709655	clade1sub11	232-213-56-255
9100	1.5693879576170095e-14	clade1sub7	24-215-202-255
9101	8.999671145428821e-18	clade1sub7	24-215-202-255
9102	5.6049691524841016e-14	clade1sub7	24-215-202-255
9103	1.233356117720053e-20	clade1sub7	24-215-202-255
9104	1.3249816047450082e-16	clade1sub7	24-215-202-255
9105	6.924722819667427e-14	clade1sub7	24-215-202-255
9106	5.549251102877033e-13	clade1sub7	24-215-202-255
9107	3.814646819808585e-12	clade1sub7	24-215-202-255
9108	2.4193186561313197e-13	clade1sub7	24-215-202-255
9109	1.0471419838478961e-16	clade1sub7	24-215-202-255
9110	1.5873245288903669e-12	clade1sub7	24-215-202-255
9111	1.8707375265775583e-08	clade1sub7	24-215-202-255
9112	6.15702147443793e-11	clade1sub7	24-215-202-255
9113	1.5312733966676583e-09	clade1sub4	53-243-148-255
9114	2.7396107644594797e-12	clade1sub7	24-215-202-255
9115	7.162414133810923e-08	clade1sub7	24-215-202-255
9116	8.58066454032929e-10	clade1sub7	24-215-202-255
9117	2.1719602588554032e-09	clade1sub7	24-215-202-255
9118	3.824008805913776e-08	clade1sub7	24-215-202-255
9119	5.809892794365412e-08	clade1sub4	53-243-148-255
9120	3.6913959029233655e-05	clade1sub3	70-122-242-255
9121	7.64436187193905e-06	clade1sub7	24-215-202-255
9122	2.03610794516533e-15	clade1sub7	24-215-202-255
9123	0.0017022995037735	clade1sub3	70-122-242-255
9124	1.6474028305215203e-09	clade1sub7	24-215-202-255
9125	6.230024827131851e-07	clade1sub7	24-215-202-255
9126	0.0002529909161861	clade1sub19	187-244-52-255
9127	1.2090478542301928e-06	clade1sub7	24-215-202-255
9128	0.0655503041125952	clade1sub12	128-254-83-255
9129	0.0158950034572177	clade1sub12	128-254-83-255
9130	0.0010969339311532	clade1sub12	128-254-83-255
9131	0.0213324347035402	clade1sub12	128-254-83-255
9132	7.23296712156975e-10	clade1sub11	232-213-56-255
9133	1.9489675559035686e-14	clade1sub7	24-215-202-255
9134	6.101480659875559e-14	clade1sub7	24-215-202-255
9135	2.8656352187410263e-08	clade1sub3	70-122-242-255
9136	2.774492448275013e-12	clade1sub7	24-215-202-255
9137	5.89402894662902e-17	clade1sub7	24-215-202-255
9138	2.5575381623827577e-14	clade1sub7	24-215-202-255
9139	1.4629202969113287e-09	clade1sub14	247-113-27-255
9140	2.1035192524902917e-08	clade1sub7	24-215-202-255
9141	3.991499111959279e-11	clade1sub3	70-122-242-255
9142	8.86960921665769e-13	clade1sub7	24-215-202-255
9143	7.671275256017001e-12	clade1sub7	24-215-202-255
9144	1.5839553616887471e-09	clade1sub7	24-215-202-255
9145	9.164605519708057e-16	clade1sub7	24-215-202-255
9146	1.0612027037209668e-16	clade1sub3	70-122-242-255
9147	5.028401931993384e-17	clade1sub7	24-215-202-255
9148	8.475000013308641e-09	clade1sub3	70-122-242-255
9149	3.805480120110852e-17	clade1sub7	24-215-202-255
9150	8.012697109896979e-16	clade1sub7	24-215-202-255
9151	1.0241982891797637e-08	clade1sub3	70-122-242-255
9152	1.0600513171021116e-05	clade1sub3	70-122-242-255
9153	1.5669741436016805e-12	clade1sub13	180-27-1-255
9154	3.529622994491354e-05	clade1sub3	70-122-242-255
9155	1.1225464930163882e-05	clade1sub3	70-122-242-255
9156	0.0001009099615389	clade1sub7	24-215-202-255
9157	4.4124109532261765e-07	clade1sub11	232-213-56-255
9158	0.0005124222718882	clade1sub11	232-213-56-255
9159	0.0008424380607073	clade1sub12	128-254-83-255
9160	8.201303387012584e-05	clade1sub12	128-254-83-255
9161	8.358585417881243e-07	clade1sub14	247-113-27-255
9162	0.0032062060705168	clade1sub7	24-215-202-255
9163	1.0149364574749419e-07	clade1sub4	53-243-148-255
9164	4.112317819623369e-05	clade1sub4	53-243-148-255
9165	0.0001053144611727	clade1sub4	53-243-148-255
9166	0.0003276190594887	clade1sub4	53-243-148-255
9167	1.5569958743138193e-05	clade1sub19	187-244-52-255
9168	4.306763028440278e-05	clade1sub7	24-215-202-255
9169	3.22219828644434e-11	clade1sub7	24-215-202-255
9170	0.000279211244883	clade1sub12	128-254-83-255
9171	2.2424566528013804e-06	clade1sub7	24-215-202-255
9172	1.0254207377642415e-14	clade1sub7	24-215-202-255
9173	0.0028496119456531	clade1sub7	24-215-202-255
9174	0.402852186584679	clade1sub7	24-215-202-255
9175	0.0023972982590046	clade1sub3	70-122-242-255
9176	7.184384427075011e-07	clade1sub7	24-215-202-255
9177	0.0005288062688146	clade1sub11	232-213-56-255
9179	3.5155207255417014e-11	clade1sub3	70-122-242-255
9180	3.354969311097135e-06	clade1sub3	70-122-242-255
9181	1.3139894409766905e-07	clade1sub3	70-122-242-255
9182	7.490829202199428e-09	clade1sub11	232-213-56-255
9183	0.0004519117109633	clade1sub12	128-254-83-255
9184	1.9229308231152313e-09	clade1sub12	128-254-83-255
9185	0.0002201796099317	clade1sub7	24-215-202-255
9186	3.249541265874929e-07	clade1sub12	128-254-83-255
9187	0.0001047935296107	clade1sub12	128-254-83-255
9188	1.4498982765184484e-05	clade1sub12	128-254-83-255
9189	2.7718242916803336e-10	clade1sub14	247-113-27-255
9190	3.717074683680048e-07	clade1sub2	51-172-246-255
9191	4.758315070613183e-08	clade1sub7	24-215-202-255
9192	3.270258696925627e-05	clade1sub12	128-254-83-255
9193	7.629393548902028e-05	clade1sub4	53-243-148-255
9194	6.34088954165095e-05	clade1sub4	53-243-148-255
9195	0.0343899057926397	clade1sub4	53-243-148-255
9196	0.0002600373570522	clade1sub4	53-243-148-255
9197	1.9519040726854085e-07	clade1sub12	128-254-83-255
9198	3.590877991704821e-05	clade1sub4	53-243-148-255
9199	5.396954771169327e-08	clade1sub11	232-213-56-255
9200	1.6696416754745818e-07	clade1sub11	232-213-56-255
9201	1.3032132274506575e-09	clade1sub7	24-215-202-255
9202	0.0008904075325504	clade1sub3	70-122-242-255
9203	2.758264908511854e-06	clade1sub11	232-213-56-255
9204	0.000211230142957	clade1sub11	232-213-56-255
9205	2.90803593721344e-17	clade1sub3	70-122-242-255
9206	1.0017535213542471e-16	clade1sub3	70-122-242-255
9207	8.753477090060776e-20	clade1sub7	24-215-202-255
9208	4.2220122248388723e-19	clade1sub7	24-215-202-255
9209	4.491416343614957e-18	clade1sub7	24-215-202-255
9210	3.116934972707644e-17	clade1sub3	70-122-242-255
9211	5.1268337988938184e-14	clade1sub7	24-215-202-255
9212	6.19345855897799e-22	clade1sub7	24-215-202-255
9213	1.3207920115093292e-14	clade1sub7	24-215-202-255
9214	2.229536855266074e-11	clade1sub7	24-215-202-255
9215	5.042987766538832e-17	clade1sub7	24-215-202-255
9216	6.292503485910631e-21	clade1sub7	24-215-202-255
9217	3.367100444877685e-13	clade1sub7	24-215-202-255
9218	1.980552987788168e-18	clade1sub7	24-215-202-255
9219	1.931419532642493e-11	clade1sub7	24-215-202-255
9220	2.961779286243154e-13	clade1sub7	24-215-202-255
9221	9.09852573453252e-13	clade1sub7	24-215-202-255
9222	2.4213055584078398e-11	clade1sub7	24-215-202-255
9223	4.3390112755357776e-10	clade1sub7	24-215-202-255
9224	5.688107437068759e-13	clade1sub4	53-243-148-255
9225	7.780798127083864e-09	clade1sub3	70-122-242-255
9226	1.7540969493124843e-09	clade1sub12	128-254-83-255
9227	4.963711478742416e-08	clade1sub3	70-122-242-255
9228	4.603031709884219e-07	clade1sub4	53-243-148-255
9229	0.0001061835684423	clade1sub12	128-254-83-255
9230	6.609507027838229e-07	clade1sub12	128-254-83-255
9231	0.0011123173975267	clade1sub12	128-254-83-255
9232	0.0258594584261674	clade1sub12	128-254-83-255
9233	0.0001264081019627	clade1sub4	53-243-148-255
9234	0.0009089813127034	clade1sub3	70-122-242-255
9235	1.264813554264506e-07	clade1sub18	122-4-2-255
9237	1.0003687685621796e-05	clade1sub3	70-122-242-255
9238	1.2480446656332202e-10	clade1sub14	247-113-27-255
9239	1.4944200249119956e-11	clade1sub7	24-215-202-255
9241	1.1468682803022344e-07	clade1sub3	70-122-242-255
9242	0.0548036107961526	clade1sub11	232-213-56-255
9243	3.177858799970391e-05	clade1sub7	24-215-202-255
9244	0.0186299897309786	clade1sub12	128-254-83-255
9245	4.240505535683277e-05	clade1sub12	128-254-83-255
9246	1.8006700382760248e-05	clade1sub12	128-254-83-255
9247	1.3623527313984008e-08	clade1sub11	232-213-56-255
9248	5.295458369305478e-12	clade1sub7	24-215-202-255
9249	4.101393630084144e-11	clade1sub7	24-215-202-255
9250	1.612865747373675e-10	clade1sub7	24-215-202-255
9251	6.234118630007556e-16	clade1sub7	24-215-202-255
9252	1.8784430830305617e-05	clade1sub12	128-254-83-255
9253	3.027197445434395e-10	clade1sub7	24-215-202-255
9254	3.0156300442664576e-17	clade1sub7	24-215-202-255
9255	6.328834091773868e-09	clade1sub7	24-215-202-255
9256	1.3630021433427148e-10	clade1sub7	24-215-202-255
9257	8.171420106558509e-19	clade1sub7	24-215-202-255
9258	1.082136173386582e-07	clade1sub12	128-254-83-255
9259	1.5976732277565764e-08	clade1sub4	53-243-148-255
9260	6.828964314244493e-13	clade1sub7	24-215-202-255
9261	1.1366711387725974e-07	clade1sub4	53-243-148-255
9262	4.460989434568242e-05	clade1sub12	128-254-83-255
9263	2.2227345962903124e-05	clade1sub12	128-254-83-255
9264	5.339638793133849e-18	clade1sub7	24-215-202-255
9265	4.2879071508642075e-17	clade1sub7	24-215-202-255
9266	2.0063906396815778e-10	clade1sub7	24-215-202-255
9267	0.0001360797398187	clade1sub3	70-122-242-255
9268	6.514490599164519e-06	clade1sub7	24-215-202-255
9269	0.0388254177515978	clade1sub7	24-215-202-255
9270	0.0003880247239062	clade1sub3	70-122-242-255
9271	0.0013398914785128	clade1sub12	128-254-83-255
9272	1.0464304743780574e-09	clade1sub14	247-113-27-255
9273	1.0801533494469345e-08	clade1sub11	232-213-56-255
9274	4.693820034039487e-08	clade1sub14	247-113-27-255
9275	1.4101910351504562e-05	clade1sub3	70-122-242-255
9276	9.302065877911344e-07	clade1sub14	247-113-27-255
9277	1.8367409274562914e-09	clade1sub7	24-215-202-255
9278	3.197978591314211e-09	clade1sub14	247-113-27-255
9279	2.296992240434947e-07	clade1sub14	247-113-27-255
9280	0.2223521557291383	clade1sub7	24-215-202-255
9281	0.0004122178126793	clade1sub14	247-113-27-255
9282	0.0001353243882794	clade1sub11	232-213-56-255
9283	6.545769463060704e-12	clade1sub11	232-213-56-255
9284	4.414408250319921e-12	clade1sub3	70-122-242-255
9285	3.197978591314211e-09	clade1sub14	247-113-27-255
9286	5.000684744833628e-06	clade1sub7	24-215-202-255
9287	7.251362348604354e-06	clade1sub11	232-213-56-255
9288	0.000170082771254	clade1sub14	247-113-27-255
9289	6.726743264697608e-08	clade1sub7	24-215-202-255
9290	1.0746324067596463e-06	clade1sub3	70-122-242-255
9291	0.0008625827686606	clade1sub19	187-244-52-255
9292	5.570835751525001e-10	clade1sub3	70-122-242-255
9293	0.009271561353326	clade1sub4	53-243-148-255
9294	1.4504623159090976e-08	clade1sub3	70-122-242-255
9295	7.124386312322748e-08	clade1sub3	70-122-242-255
9296	5.783583015439991e-10	clade1sub3	70-122-242-255
9297	0.0001670682461743	clade1sub11	232-213-56-255
9298	0.0001798040040678	clade1sub7	24-215-202-255
9299	0.0002499916411945	clade1sub4	53-243-148-255
9300	0.2275801594182542	clade1sub11	232-213-56-255
9301	3.3927711109267837e-09	clade1sub7	24-215-202-255
9302	1.1949377965359218e-08	clade1sub11	232-213-56-255
9303	8.052922177663799e-05	clade1sub12	128-254-83-255
9304	0.0094385978244124	clade1sub12	128-254-83-255
9305	1.4450833063883245e-07	clade1sub7	24-215-202-255
9306	7.335625414477977e-09	clade1sub11	232-213-56-255
9307	2.1511098983177964e-11	clade1sub7	24-215-202-255
9308	3.233378240180938e-23	clade1sub7	24-215-202-255
9309	1.2217971367842662e-19	clade1sub3	70-122-242-255
9310	2.0502729091484943e-20	clade1sub7	24-215-202-255
9311	1.4512157277160797e-21	clade1sub7	24-215-202-255
9312	1.8029235837660688e-21	clade1sub7	24-215-202-255
9313	7.402923827239876e-20	clade1sub7	24-215-202-255
9314	5.3665206093445e-18	clade1sub7	24-215-202-255
9315	5.709813806168028e-21	clade1sub7	24-215-202-255
9316	1.5549178424653214e-16	clade1sub7	24-215-202-255
9317	9.320569947848177e-21	clade1sub7	24-215-202-255
9318	4.719769678849707e-18	clade1sub7	24-215-202-255
9319	4.532606210660089e-16	clade1sub7	24-215-202-255
9320	5.32021834869443e-14	clade1sub7	24-215-202-255
9321	5.763338106034374e-16	clade1sub7	24-215-202-255
9322	4.541212338825904e-16	clade1sub7	24-215-202-255
9323	6.350019479894515e-09	clade1sub7	24-215-202-255
9324	4.488199921702274e-15	clade1sub7	24-215-202-255
9325	5.517070210731703e-12	clade1sub4	53-243-148-255
9326	3.6787363338240256e-12	clade1sub7	24-215-202-255
9327	4.552182345421824e-07	clade1sub7	24-215-202-255
9328	1.3235525644393126e-09	clade1sub7	24-215-202-255
9329	0.0001081731176297	clade1sub12	128-254-83-255
9330	1.499639054166442e-09	clade1sub3	70-122-242-255
9331	2.523247163914014e-06	clade1sub4	53-243-148-255
9332	0.0109294767270288	clade1sub4	53-243-148-255
9333	0.0002287582358297	clade1sub12	128-254-83-255
9334	0.0005272778205962	clade1sub12	128-254-83-255
9335	1.534523175633112e-08	clade1sub18	122-4-2-255
9336	4.113594116559648e-10	clade1sub7	24-215-202-255
9337	3.056093150605247e-05	clade1sub3	70-122-242-255
9338	1.5311962787610212e-07	clade1sub7	24-215-202-255
9339	2.6042150321013805e-08	clade1sub3	70-122-242-255
9340	2.7534468334225148e-05	clade1sub11	232-213-56-255
9341	1.1816956545845226e-05	clade1sub3	70-122-242-255
9342	0.0438528629540797	clade1sub19	187-244-52-255
9343	3.302220565244757e-05	clade1sub12	128-254-83-255
9344	2.0316145872379534e-07	clade1sub11	232-213-56-255
9345	7.227333203508315e-09	clade1sub7	24-215-202-255
9346	4.2222110856215976e-10	clade1sub7	24-215-202-255
9347	3.963451171137415e-14	clade1sub3	70-122-242-255
9348	5.102801367951586e-11	clade1sub7	24-215-202-255
9349	4.067499829109552e-08	clade1sub7	24-215-202-255
9350	9.977166768943782e-12	clade1sub7	24-215-202-255
9351	6.376746986497331e-20	clade1sub7	24-215-202-255
9352	2.3206823869893853e-14	clade1sub18	122-4-2-255
9353	1.3586784681471921e-16	clade1sub7	24-215-202-255
9354	1.7404442526321303e-20	clade1sub7	24-215-202-255
9355	1.7059968378075516e-06	clade1sub12	128-254-83-255
9356	1.250416690772857e-10	clade1sub12	128-254-83-255
9357	0.0002006186728578	clade1sub12	128-254-83-255
9358	1.2112909898150708e-14	clade1sub7	24-215-202-255
9359	3.4060223944030086e-16	clade1sub7	24-215-202-255
9360	1.8300170431801786e-17	clade1sub7	24-215-202-255
9361	2.2125004378748618e-08	clade1sub18	122-4-2-255
9362	0.1265971389609005	clade1sub12	128-254-83-255
9363	3.450590073862149e-19	clade1sub2	51-172-246-255
9364	5.30456097899172e-14	clade1sub7	24-215-202-255
9365	2.658317771660031e-05	clade1sub7	24-215-202-255
9366	4.720047646196417e-11	clade1sub3	70-122-242-255
9367	2.814429440101943e-07	clade1sub2	51-172-246-255
9368	0.0774440721575193	clade1sub12	128-254-83-255
9369	0.0001824655886235	clade1sub18	122-4-2-255
9370	1.4764681552979445e-07	clade1sub14	247-113-27-255
9371	9.996900059061972e-05	clade1sub3	70-122-242-255
9372	9.122499040995246e-05	clade1sub3	70-122-242-255
9373	1.3232583473807884e-11	clade1sub7	24-215-202-255
9374	8.358027484760924e-05	clade1sub7	24-215-202-255
9375	1.7262461493919924e-05	clade1sub7	24-215-202-255
9376	0.0096724104063794	clade1sub7	24-215-202-255
9377	3.517665091459616e-10	clade1sub11	232-213-56-255
9378	0.0003981370315645	clade1sub14	247-113-27-255
9379	0.000352090636286	clade1sub11	232-213-56-255
9380	0.3649961942666819	clade1sub7	24-215-202-255
9381	5.965407504923675e-11	clade1sub3	70-122-242-255
9382	8.088310613654665e-07	clade1sub3	70-122-242-255
9383	0.0076669877793021	clade1sub12	128-254-83-255
9384	0.0029972526430781	clade1sub19	187-244-52-255
9385	0.0002815429198174	clade1sub19	187-244-52-255
9386	5.050780865942374e-16	clade1sub3	70-122-242-255
9387	1.4737626580356126e-08	clade1sub3	70-122-242-255
9388	7.915307289136116e-09	clade1sub7	24-215-202-255
9389	0.2596200697519891	clade1sub12	128-254-83-255
9390	2.3090258413253607e-08	clade1sub2	51-172-246-255
9391	6.393669548297576e-20	clade1sub7	24-215-202-255
9392	1.0019518815287551e-14	clade1sub7	24-215-202-255
9393	7.219656069768576e-14	clade1sub7	24-215-202-255
9394	9.693922301984809e-12	clade1sub7	24-215-202-255
9395	2.0208110611467623e-14	clade1sub7	24-215-202-255
9396	0.0175163211746845	clade1sub12	128-254-83-255
9397	1.0667373089104621e-21	clade1sub7	24-215-202-255
9398	8.841204567104183e-21	clade1sub7	24-215-202-255
9399	1.3129664670136062e-19	clade1sub7	24-215-202-255
9400	6.515182233981535e-22	clade1sub7	24-215-202-255
9401	3.0132036690005583e-23	clade1sub7	24-215-202-255
9402	3.7754099104291535e-25	clade1sub7	24-215-202-255
9403	3.3858661542953998e-21	clade1sub7	24-215-202-255
9404	1.0927629626880217e-22	clade1sub7	24-215-202-255
9405	1.2463348954653066e-23	clade1sub7	24-215-202-255
9406	2.6034865598426326e-20	clade1sub7	24-215-202-255
9407	1.4127598825962749e-21	clade1sub7	24-215-202-255
9408	9.630051097648663e-17	clade1sub7	24-215-202-255
9409	4.013419347113774e-21	clade1sub2	51-172-246-255
9410	3.061545494043951e-18	clade1sub2	51-172-246-255
9411	7.038496548788734e-20	clade1sub7	24-215-202-255
9412	1.5316911592408974e-17	clade1sub7	24-215-202-255
9413	5.619996820061074e-18	clade1sub7	24-215-202-255
9414	7.294540436645406e-15	clade1sub7	24-215-202-255
9415	3.0478145803993082e-18	clade1sub7	24-215-202-255
9416	1.3451354427141602e-14	clade1sub7	24-215-202-255
9417	1.1651017667563097e-12	clade1sub7	24-215-202-255
9418	5.872237096768819e-13	clade1sub7	24-215-202-255
9419	3.17868143792832e-12	clade1sub7	24-215-202-255
9420	2.3599620016083462e-08	clade1sub4	53-243-148-255
9421	3.25460641977047e-06	clade1sub12	128-254-83-255
9422	2.366371214672489e-07	clade1sub4	53-243-148-255
9423	0.00360451164866	clade1sub4	53-243-148-255
9424	4.752381191984673e-07	clade1sub4	53-243-148-255
9425	0.0353921303051413	clade1sub4	53-243-148-255
9426	0.010590057293737	clade1sub12	128-254-83-255
9427	2.1085057087656784e-08	clade1sub14	247-113-27-255
9428	1.0778471992629581e-08	clade1sub3	70-122-242-255
9429	0.3074846926762757	clade1sub3	70-122-242-255
9430	0.7470693479198707	clade1sub12	128-254-83-255
9431	0.0015062440689309	clade1sub11	232-213-56-255
9432	0.008799811311659	clade1sub11	232-213-56-255
9433	1.527239291506406e-11	clade1sub7	24-215-202-255
9434	2.62264774762623e-08	clade1sub7	24-215-202-255
9435	1.3167428174975509e-17	clade1sub7	24-215-202-255
9436	5.3229168981800535e-12	clade1sub7	24-215-202-255
9437	1.7877635585128506e-12	clade1sub12	128-254-83-255
9438	9.160881622854278e-19	clade1sub7	24-215-202-255
9439	4.5510924791789456e-15	clade1sub7	24-215-202-255
9440	3.762985505448088e-11	clade1sub12	128-254-83-255
9441	1.2553667480083856e-13	clade1sub4	53-243-148-255
9442	8.785814352114093e-05	clade1sub4	53-243-148-255
9443	1.7765896120591864e-17	clade1sub7	24-215-202-255
9444	4.1764888294118114e-18	clade1sub2	51-172-246-255
9445	7.268397399117097e-07	clade1sub18	122-4-2-255
9446	1.4312877024155772e-17	clade1sub7	24-215-202-255
9447	7.385210006993416e-06	clade1sub4	53-243-148-255
9448	0.1057394630482419	clade1sub18	122-4-2-255
9449	0.047498346151962	clade1sub4	53-243-148-255
9450	2.105752355957217e-15	clade1sub4	53-243-148-255
9451	4.523627686006385e-05	clade1sub7	24-215-202-255
9452	0.0001310550824234	clade1sub7	24-215-202-255
9453	0.002863558862868	clade1sub7	24-215-202-255
9454	1.2440486384641418e-07	clade1sub14	247-113-27-255
9455	1.6843456041011435e-06	clade1sub3	70-122-242-255
9456	0.2336033743993444	clade1sub3	70-122-242-255
9457	0.0447833966447713	clade1sub3	70-122-242-255
9458	0.0139259089611294	clade1sub12	128-254-83-255
9459	8.427535785344105e-09	clade1sub11	232-213-56-255
9460	0.0003253195107938	clade1sub14	247-113-27-255
9461	0.0055729415910068	clade1sub14	247-113-27-255
9462	4.684034725636892e-07	clade1sub18	122-4-2-255
9463	2.3535712336800308e-08	clade1sub14	247-113-27-255
9464	0.0258594584261674	clade1sub12	128-254-83-255
9465	0.0012601792004089	clade1sub4	53-243-148-255
9466	0.3569533056156296	clade1sub7	24-215-202-255
9467	5.261144501813596e-05	clade1sub14	247-113-27-255
9468	4.986030592988731e-07	clade1sub7	24-215-202-255
9469	2.914516182808041e-07	clade1sub14	247-113-27-255
9470	7.730013308540107e-05	clade1sub3	70-122-242-255
9471	1.067473607761883e-06	clade1sub7	24-215-202-255
9472	1.8412072274232126e-09	clade1sub3	70-122-242-255
9473	0.0053948601642591	clade1sub12	128-254-83-255
9474	0.0055096020416516	clade1sub11	232-213-56-255
9475	0.0001016254553434	clade1sub3	70-122-242-255
9476	0.0003472472043325	clade1sub11	232-213-56-255
9477	9.966907271088672e-09	clade1sub4	53-243-148-255
9478	1.6705843506282748e-11	clade1sub7	24-215-202-255
9479	3.847853775057495e-20	clade1sub7	24-215-202-255
9480	8.647934857016283e-18	clade1sub7	24-215-202-255
9481	7.435865119893913e-20	clade1sub7	24-215-202-255
9482	0.0002479167324306	clade1sub11	232-213-56-255
9483	5.608720496516884e-21	clade1sub7	24-215-202-255
9484	9.58338755522332e-21	clade1sub7	24-215-202-255
9485	2.5279914477431125e-12	clade1sub12	128-254-83-255
9486	8.435550828844699e-09	clade1sub7	24-215-202-255
9487	0.0005134313968955	clade1sub7	24-215-202-255
9488	8.26392490759728e-10	clade1sub19	187-244-52-255
9489	2.211167048139204e-09	clade1sub11	232-213-56-255
9490	4.060122779553548e-09	clade1sub12	128-254-83-255
9491	3.918739016862501e-10	clade1sub18	122-4-2-255
9492	0.0041381149165742	clade1sub19	187-244-52-255
9493	1.5525930285138568e-08	clade1sub19	187-244-52-255
9494	0.1026226783905544	clade1sub12	128-254-83-255
9495	4.30549945802859e-06	clade1sub3	70-122-242-255
9496	8.982201141560181e-10	clade1sub7	24-215-202-255
9497	0.0004155856559301	clade1sub12	128-254-83-255
9498	4.526196825880978e-17	clade1sub7	24-215-202-255
9499	3.43692469415256e-13	clade1sub7	24-215-202-255
9500	4.064628272147713e-19	clade1sub7	24-215-202-255
9501	1.0539027472784213e-17	clade1sub7	24-215-202-255
9502	5.198607379299998e-17	clade1sub7	24-215-202-255
9503	2.3410806086120263e-16	clade1sub3	70-122-242-255
9504	2.728464666552762e-13	clade1sub2	51-172-246-255
9505	1.5461997203480014e-24	clade1sub7	24-215-202-255
9506	1.799874165596534e-19	clade1sub7	24-215-202-255
9507	6.601887183264253e-15	clade1sub7	24-215-202-255
9508	8.112270410971884e-14	clade1sub7	24-215-202-255
9509	4.70742020354073e-20	clade1sub7	24-215-202-255
9510	7.360981144202097e-20	clade1sub7	24-215-202-255
9511	3.1703920728008813e-14	clade1sub7	24-215-202-255
9512	4.986562597419065e-13	clade1sub7	24-215-202-255
9513	6.87268981480315e-16	clade1sub7	24-215-202-255
9514	2.614701438378793e-19	clade1sub7	24-215-202-255
9515	2.1901111386657894e-20	clade1sub7	24-215-202-255
9516	2.1583174524290893e-15	clade1sub2	51-172-246-255
9517	9.199890298682617e-20	clade1sub7	24-215-202-255
9518	2.6446025812666565e-17	clade1sub7	24-215-202-255
9519	5.91808275504032e-17	clade1sub7	24-215-202-255
9520	3.70851103106622e-15	clade1sub2	51-172-246-255
9521	1.0978691138427836e-05	clade1sub7	24-215-202-255
9522	8.656706040473245e-18	clade1sub12	128-254-83-255
9523	5.242848820943593e-15	clade1sub7	24-215-202-255
9524	1.4163351001921204e-14	clade1sub3	70-122-242-255
9525	9.217570342481853e-14	clade1sub2	51-172-246-255
9526	1.2914531507081705e-18	clade1sub7	24-215-202-255
9527	1.2244085678430034e-16	clade1sub7	24-215-202-255
9528	2.1699945814529627e-14	clade1sub3	70-122-242-255
9529	3.0269435309171626e-12	clade1sub7	24-215-202-255
9530	8.620465343802483e-15	clade1sub7	24-215-202-255
9531	1.6449433696364033e-05	clade1sub4	53-243-148-255
9532	0.7782529627461626	clade1sub19	187-244-52-255
9533	7.601883056074109e-05	clade1sub4	53-243-148-255
9534	0.0002361141177478	clade1sub4	53-243-148-255
9535	2.135578593474773e-05	clade1sub4	53-243-148-255
9536	8.052345069192899e-06	clade1sub7	24-215-202-255
9537	1.1703085752786655e-06	clade1sub18	122-4-2-255
9538	7.375460298359674e-11	clade1sub14	247-113-27-255
9539	2.9841300045265724e-08	clade1sub7	24-215-202-255
9540	6.657692374653195e-07	clade1sub18	122-4-2-255
9541	0.0091403913682506	clade1sub11	232-213-56-255
9542	0.2405023111262949	clade1sub4	53-243-148-255
9543	0.2405023111262949	clade1sub4	53-243-148-255
9544	0.3775926227360553	clade1sub12	128-254-83-255
9545	0.2405023111262949	clade1sub4	53-243-148-255
9546	0.1850825053901754	clade1sub4	53-243-148-255
9547	0.1424543879557729	clade1sub12	128-254-83-255
9548	0.0187274980619375	clade1sub12	128-254-83-255
9549	1.032336755998295e-16	clade1sub3	70-122-242-255
9550	6.5963431248722454e-18	clade1sub7	24-215-202-255
9551	3.912328084418366e-08	clade1sub7	24-215-202-255
9552	2.191527291138753e-14	clade1sub7	24-215-202-255
9553	1.1552836349347816e-14	clade1sub7	24-215-202-255
9554	8.407971880745103e-05	clade1sub19	187-244-52-255
9555	1.058243747372982e-12	clade1sub7	24-215-202-255
9556	1.3009362157115356e-08	clade1sub4	53-243-148-255
9557	1.4391123372272815e-16	clade1sub7	24-215-202-255
9558	1.347504269239636e-10	clade1sub4	53-243-148-255
9559	4.757627665963731e-10	clade1sub4	53-243-148-255
9560	1.3043885695682812e-19	clade1sub3	70-122-242-255
9561	3.3374513675461746e-06	clade1sub19	187-244-52-255
9562	2.100907986947075e-18	clade1sub7	24-215-202-255
9563	9.32210094745856e-06	clade1sub4	53-243-148-255
9564	4.281929158881402e-07	clade1sub7	24-215-202-255
9565	0.05208877128166	clade1sub12	128-254-83-255
9566	0.0003775437263695	clade1sub4	53-243-148-255
9567	1.6337197252495436e-14	clade1sub2	51-172-246-255
9568	7.384997869465588e-12	clade1sub12	128-254-83-255
9569	4.661677721052293e-07	clade1sub7	24-215-202-255
9570	1.833319194288745e-07	clade1sub3	70-122-242-255
9571	7.056220983849915e-08	clade1sub3	70-122-242-255
9572	0.0003703058310452	clade1sub7	24-215-202-255
9573	0.0004841328513886	clade1sub7	24-215-202-255
9574	0.2954441395659936	clade1sub7	24-215-202-255
9575	5.023441570898008e-07	clade1sub7	24-215-202-255
9576	2.52983655077824e-05	clade1sub11	232-213-56-255
9577	4.798412835493747e-05	clade1sub11	232-213-56-255
9578	3.081179724734059e-07	clade1sub11	232-213-56-255
9579	0.0219740450493662	clade1sub12	128-254-83-255
9580	0.1044608609665777	clade1sub11	232-213-56-255
9581	8.982201141560181e-10	clade1sub7	24-215-202-255
9582	2.3625512967548225e-10	clade1sub14	247-113-27-255
9583	0.0292581313655737	clade1sub4	53-243-148-255
9584	0.0045495081747224	clade1sub4	53-243-148-255
9585	0.0292581313655737	clade1sub4	53-243-148-255
9586	0.0292581313655737	clade1sub4	53-243-148-255
9587	0.0735620492551556	clade1sub7	24-215-202-255
9588	0.0108835062980329	clade1sub7	24-215-202-255
9589	0.408462286517065	clade1sub7	24-215-202-255
9590	1.7490106568247272e-05	clade1sub7	24-215-202-255
9591	0.0001586696021307	clade1sub11	232-213-56-255
9592	1.9738830372189843e-11	clade1sub7	24-215-202-255
9593	1.8685131237468546e-08	clade1sub3	70-122-242-255
9594	0.151771285691582	clade1sub12	128-254-83-255
9596	0.0143951804905135	clade1sub7	24-215-202-255
9597	6.682085742309343e-10	clade1sub3	70-122-242-255
9598	0.0001903349776269	clade1sub3	70-122-242-255
9599	0.0166683902025138	clade1sub7	24-215-202-255
9600	7.405107675248945e-07	clade1sub11	232-213-56-255
9601	0.000340575264294	clade1sub11	232-213-56-255
9602	0.0003826021379882	clade1sub3	70-122-242-255
9603	0.0029304167367565	clade1sub11	232-213-56-255
9604	6.102716191355856e-12	clade1sub3	70-122-242-255
9605	2.756991191522985e-07	clade1sub11	232-213-56-255
9606	0.0014348949783444	clade1sub11	232-213-56-255
9607	3.82728923749504e-12	clade1sub7	24-215-202-255
9608	2.527295071505251e-12	clade1sub11	232-213-56-255
9609	1.3574650721298611e-22	clade1sub16	253-171-51-255
9610	2.6502614953487733e-09	clade1sub7	24-215-202-255
9611	2.0946857850541628e-19	clade1sub7	24-215-202-255
9612	4.824982922894472e-19	clade1sub7	24-215-202-255
9613	3.0846986281729587e-16	clade1sub7	24-215-202-255
9614	1.2216645863312592e-08	clade1sub7	24-215-202-255
9615	1.6977632029127608e-17	clade1sub7	24-215-202-255
9616	4.757942692306966e-12	clade1sub7	24-215-202-255
9617	2.95926442011283e-13	clade1sub7	24-215-202-255
9618	6.230310438452205e-14	clade1sub7	24-215-202-255
9619	0.0056682636378545	clade1sub12	128-254-83-255
9620	9.522542849149242e-15	clade1sub7	24-215-202-255
9621	2.91613793257228e-13	clade1sub7	24-215-202-255
9622	0.025026464019031	clade1sub7	24-215-202-255
9623	4.7375898401755994e-14	clade1sub7	24-215-202-255
9624	1.2021020157653156e-11	clade1sub7	24-215-202-255
9625	4.352616651505692e-08	clade1sub7	24-215-202-255
9626	5.269837311838461e-17	clade1sub7	24-215-202-255
9627	1.6413505830970558e-17	clade1sub7	24-215-202-255
9628	1.9320547270922614e-11	clade1sub7	24-215-202-255
9629	2.467471055228362e-12	clade1sub7	24-215-202-255
9630	1.625930086599167e-14	clade1sub7	24-215-202-255
9631	9.297188307379289e-14	clade1sub7	24-215-202-255
9632	1.4107860400231901e-14	clade1sub7	24-215-202-255
9633	3.106282370934079e-08	clade1sub7	24-215-202-255
9634	1.744887235372267e-15	clade1sub7	24-215-202-255
9635	1.8532809166341697e-11	clade1sub19	187-244-52-255
9636	2.592894675616741e-13	clade1sub19	187-244-52-255
9637	9.244946835825341e-10	clade1sub11	232-213-56-255
9638	6.314968111733266e-13	clade1sub14	247-113-27-255
9639	1.292807976988078e-09	clade1sub19	187-244-52-255
9640	1.2906363649567042e-09	clade1sub19	187-244-52-255
9641	1.3753743042371774e-07	clade1sub19	187-244-52-255
9642	1.2075775690681635e-09	clade1sub3	70-122-242-255
9643	4.055991568858373e-09	clade1sub14	247-113-27-255
9644	3.857203748197755e-11	clade1sub7	24-215-202-255
9645	1.0077417333726058e-17	clade1sub7	24-215-202-255
9646	1.1001963800340698e-16	clade1sub12	128-254-83-255
9647	6.941647336331442e-19	clade1sub3	70-122-242-255
9648	1.7554947958506264e-18	clade1sub7	24-215-202-255
9649	8.84352823816441e-29	clade1sub3	70-122-242-255
9650	5.344305137354811e-19	clade1sub3	70-122-242-255
9651	1.1274714835230969e-13	clade1sub7	24-215-202-255
9652	1.9447816837883207e-18	clade1sub7	24-215-202-255
9653	1.2402721031354369e-21	clade1sub3	70-122-242-255
9654	1.5805583629038892e-19	clade1sub7	24-215-202-255
9655	7.842423657085201e-16	clade1sub7	24-215-202-255
9656	1.0370448572882684e-15	clade1sub7	24-215-202-255
9657	1.6265898422291214e-17	clade1sub7	24-215-202-255
9658	3.072665481590264e-17	clade1sub7	24-215-202-255
9659	2.222023716687974e-11	clade1sub7	24-215-202-255
9660	7.901152903953378e-15	clade1sub7	24-215-202-255
9661	5.819702503466885e-14	clade1sub7	24-215-202-255
9662	1.5052299191353115e-14	clade1sub3	70-122-242-255
9663	5.489949258429588e-14	clade1sub7	24-215-202-255
9664	1.6220366587027453e-13	clade1sub7	24-215-202-255
9665	1.5741440892439664e-05	clade1sub7	24-215-202-255
9666	1.027570198483211e-09	clade1sub11	232-213-56-255
9667	1.244634750030844e-07	clade1sub7	24-215-202-255
9668	4.398683602611792e-13	clade1sub7	24-215-202-255
9669	1.017238166045141e-11	clade1sub7	24-215-202-255
9670	1.9542083036536517e-09	clade1sub7	24-215-202-255
9671	2.9510770051632875e-05	clade1sub18	122-4-2-255
9672	1.7370275379959443e-08	clade1sub4	53-243-148-255
9673	4.3083204259620076e-07	clade1sub4	53-243-148-255
9674	0.0007155450212934	clade1sub4	53-243-148-255
9675	2.5953322085176835e-10	clade1sub4	53-243-148-255
9676	0.0002563875249957	clade1sub19	187-244-52-255
9677	0.0001500769570738	clade1sub4	53-243-148-255
9678	5.7503656520610033e-08	clade1sub3	70-122-242-255
9679	0.0005451843002751	clade1sub7	24-215-202-255
9680	0.0137301759905049	clade1sub18	122-4-2-255
9681	0.0130497908244039	clade1sub3	70-122-242-255
9682	8.32898803395169e-05	clade1sub3	70-122-242-255
9683	0.3518939773673523	clade1sub12	128-254-83-255
9684	0.0127765743216828	clade1sub12	128-254-83-255
9685	0.6370063436851625	clade1sub4	53-243-148-255
9686	0.0562185986155188	clade1sub12	128-254-83-255
9687	1.1633931373515557e-06	clade1sub12	128-254-83-255
9688	0.0003829147451842	clade1sub12	128-254-83-255
9689	0.0038288315766734	clade1sub11	232-213-56-255
9690	4.8813304577026945e-14	clade1sub3	70-122-242-255
9691	5.8379632513276325e-21	clade1sub7	24-215-202-255
9692	1.8277399341888127e-21	clade1sub7	24-215-202-255
9693	2.7988603518456384e-20	clade1sub7	24-215-202-255
9694	1.058902506184417e-12	clade1sub19	187-244-52-255
9695	6.163803242347945e-18	clade1sub7	24-215-202-255
9696	7.621365116692068e-08	clade1sub4	53-243-148-255
9697	2.3443121553174056e-17	clade1sub3	70-122-242-255
9698	3.4728085723544104e-14	clade1sub7	24-215-202-255
9699	1.212214043770903e-13	clade1sub7	24-215-202-255
9700	5.351204639235101e-08	clade1sub4	53-243-148-255
9701	3.062448599884696e-14	clade1sub3	70-122-242-255
9702	2.694158031825044e-05	clade1sub4	53-243-148-255
9703	1.2729706674573869e-08	clade1sub4	53-243-148-255
9704	8.543480571312882e-10	clade1sub7	24-215-202-255
9705	0.0110794673564592	clade1sub4	53-243-148-255
9706	0.1190356953759092	clade1sub19	187-244-52-255
9707	1.3664397195901867e-09	clade1sub3	70-122-242-255
9708	5.493763342185462e-09	clade1sub3	70-122-242-255
9709	0.0002954893790372	clade1sub7	24-215-202-255
9710	0.4096297580336454	clade1sub7	24-215-202-255
9711	0.0567565692278124	clade1sub12	128-254-83-255
9712	0.0915153825542841	clade1sub7	24-215-202-255
9713	0.0050477879027628	clade1sub12	128-254-83-255
9714	0.0042424794423294	clade1sub12	128-254-83-255
9715	1.0168630404926506e-05	clade1sub11	232-213-56-255
9716	0.0005994747750485	clade1sub3	70-122-242-255
9717	0.3546762930292264	clade1sub12	128-254-83-255
9718	0.1238968051386576	clade1sub3	70-122-242-255
9719	1.6826653075332365e-06	clade1sub18	122-4-2-255
9720	0.0232058167361706	clade1sub12	128-254-83-255
9721	0.001129717657744	clade1sub18	122-4-2-255
9722	1.2123408749512354e-06	clade1sub7	24-215-202-255
9723	7.897040835778252e-13	clade1sub7	24-215-202-255
9724	2.3547427663428858e-07	clade1sub19	187-244-52-255
9725	1.8860430816593737e-07	clade1sub2	51-172-246-255
9726	1.3477267227070489e-17	clade1sub7	24-215-202-255
9727	3.166567377490357e-05	clade1sub4	53-243-148-255
9728	0.0045495081747224	clade1sub4	53-243-148-255
9729	1.0913724922926856e-14	clade1sub7	24-215-202-255
9730	2.842869615651746e-14	clade1sub7	24-215-202-255
9731	0.0682534738860294	clade1sub7	24-215-202-255
9732	0.4106055880073175	clade1sub7	24-215-202-255
9733	0.3643631593540902	clade1sub7	24-215-202-255
9734	0.1138372658359056	clade1sub7	24-215-202-255
9735	1.8021246348264728e-06	clade1sub3	70-122-242-255
9736	0.0070319830862163	clade1sub3	70-122-242-255
9737	0.0033920109587853	clade1sub7	24-215-202-255
9738	2.134839147655293e-05	clade1sub7	24-215-202-255
9739	1.2726138476430646e-05	clade1sub7	24-215-202-255
9741	1.5510602622526204e-08	clade1sub3	70-122-242-255
9742	6.826326964601256e-07	clade1sub11	232-213-56-255
9743	1.8412387983753445e-05	clade1sub11	232-213-56-255
9744	0.0007389952842124	clade1sub11	232-213-56-255
9745	0.005053532798793	clade1sub11	232-213-56-255
9746	0.269551590582222	clade1sub12	128-254-83-255
9747	1.1626958506575418e-13	clade1sub3	70-122-242-255
9748	7.388153998446169e-11	clade1sub3	70-122-242-255
9749	1.367158702653641e-07	clade1sub11	232-213-56-255
9750	1.1413171002441171e-08	clade1sub11	232-213-56-255
9751	2.968578044073669e-11	clade1sub7	24-215-202-255
9752	3.003541170159077e-10	clade1sub11	232-213-56-255
9753	1.5993678906652036e-10	clade1sub11	232-213-56-255
9754	3.0494243452606784e-16	clade1sub7	24-215-202-255
9755	2.64266736063982e-12	clade1sub14	247-113-27-255
9756	1.5699017404480109e-15	clade1sub7	24-215-202-255
9757	1.7642214285541088e-16	clade1sub7	24-215-202-255
9758	4.052546409933189e-08	clade1sub12	128-254-83-255
9759	3.0837908205697377e-21	clade1sub7	24-215-202-255
9760	3.913949836150044e-25	clade1sub3	70-122-242-255
9761	5.795984976764354e-13	clade1sub7	24-215-202-255
9762	9.418625726931016e-18	clade1sub3	70-122-242-255
9763	1.8104083901177017e-12	clade1sub7	24-215-202-255
9764	2.215347932029012e-15	clade1sub7	24-215-202-255
9765	2.3693249886676477e-12	clade1sub7	24-215-202-255
9766	2.527514320886738e-12	clade1sub7	24-215-202-255
9767	0.0001103992803549	clade1sub4	53-243-148-255
9768	6.131270414907626e-09	clade1sub7	24-215-202-255
9769	2.6763594960059105e-10	clade1sub7	24-215-202-255
9770	8.117075487963478e-08	clade1sub7	24-215-202-255
9771	1.4105704840986976e-05	clade1sub12	128-254-83-255
9772	3.2409481866217244e-10	clade1sub7	24-215-202-255
9773	3.4889710674932053e-13	clade1sub7	24-215-202-255
9774	1.0829860267620655e-09	clade1sub7	24-215-202-255
9775	8.242751419525434e-16	clade1sub7	24-215-202-255
9776	4.731222794745632e-11	clade1sub7	24-215-202-255
9777	2.5315439889892166e-09	clade1sub7	24-215-202-255
9778	5.848945366816086e-15	clade1sub7	24-215-202-255
9779	7.737449576234242e-18	clade1sub7	24-215-202-255
9780	9.855439561360349e-07	clade1sub3	70-122-242-255
9781	6.368946500621616e-06	clade1sub7	24-215-202-255
9782	2.3872392232187037e-08	clade1sub7	24-215-202-255
9783	3.7807924681655796e-18	clade1sub7	24-215-202-255
9784	6.107062786708302e-14	clade1sub7	24-215-202-255
9785	2.600439822123498e-16	clade1sub7	24-215-202-255
9786	4.478896333686822e-07	clade1sub12	128-254-83-255
9787	1.0607553834932285e-13	clade1sub7	24-215-202-255
9788	1.942170602320085e-10	clade1sub7	24-215-202-255
9789	7.085432174779055e-17	clade1sub7	24-215-202-255
9790	1.6269885154136685e-21	clade1sub7	24-215-202-255
9791	1.96901875550564e-12	clade1sub7	24-215-202-255
9792	0.0004468209423382	clade1sub12	128-254-83-255
9793	6.4560495163638784e-09	clade1sub12	128-254-83-255
9794	5.0603621172111e-13	clade1sub7	24-215-202-255
9795	1.9952037709243611e-16	clade1sub7	24-215-202-255
9796	7.885169345951446e-07	clade1sub12	128-254-83-255
9797	5.916950758806236e-11	clade1sub19	187-244-52-255
9798	1.6019887667706584e-12	clade1sub7	24-215-202-255
9799	2.1322257118348184e-12	clade1sub7	24-215-202-255
9800	7.418399948449018e-14	clade1sub19	187-244-52-255
9801	6.162530063259887e-16	clade1sub7	24-215-202-255
9802	0.012451672670647	clade1sub12	128-254-83-255
9803	0.045459190787031	clade1sub4	53-243-148-255
9804	0.0120642313305281	clade1sub14	247-113-27-255
9805	1.2835838708541027e-10	clade1sub7	24-215-202-255
9806	2.750317882211044e-12	clade1sub7	24-215-202-255
9807	3.00881767737216e-18	clade1sub13	180-27-1-255
9808	2.92947752269585e-24	clade1sub13	180-27-1-255
9809	1.3033016352722645e-21	clade1sub7	24-215-202-255
9810	8.15446748202815e-21	clade1sub13	180-27-1-255
9811	4.752507095199118e-19	clade1sub7	24-215-202-255
9812	2.273018403765625e-15	clade1sub7	24-215-202-255
9813	3.9664034125501237e-28	clade1sub7	24-215-202-255
9814	3.7043122279717984e-26	clade1sub3	70-122-242-255
9815	1.3468635187044043e-28	clade1sub3	70-122-242-255
9816	7.380978006577269e-22	clade1sub7	24-215-202-255
9817	1.757353847026675e-20	clade1sub7	24-215-202-255
9818	1.1580328079660528e-24	clade1sub16	253-171-51-255
9819	2.7347524243288912e-14	clade1sub7	24-215-202-255
9820	1.5538463223484884e-16	clade1sub7	24-215-202-255
9821	1.256170834052568e-23	clade1sub7	24-215-202-255
9822	4.41234241692897e-23	clade1sub7	24-215-202-255
9823	6.509698302562581e-19	clade1sub7	24-215-202-255
9824	8.05821678183186e-11	clade1sub7	24-215-202-255
9825	5.4666693964789375e-22	clade1sub7	24-215-202-255
9826	6.687763672320327e-16	clade1sub7	24-215-202-255
9827	6.751986700373803e-18	clade1sub13	180-27-1-255
9828	1.2970950470716295e-17	clade1sub7	24-215-202-255
9829	4.936187016176149e-07	clade1sub18	122-4-2-255
9830	1.1470537628041326e-15	clade1sub7	24-215-202-255
9831	3.089987326522157e-12	clade1sub7	24-215-202-255
9832	3.5672674349295983e-14	clade1sub7	24-215-202-255
9833	1.4311353280194634e-08	clade1sub7	24-215-202-255
9834	0.0002917936346917	clade1sub12	128-254-83-255
9835	1.8488322724433523e-11	clade1sub7	24-215-202-255
9836	5.4561042705839683e-08	clade1sub7	24-215-202-255
9837	0.0039330419385244	clade1sub14	247-113-27-255
9838	7.072203674262532e-10	clade1sub4	53-243-148-255
9839	1.0396573777024257e-07	clade1sub12	128-254-83-255
9840	2.2545891914267733e-08	clade1sub7	24-215-202-255
9841	4.210285205844289e-06	clade1sub7	24-215-202-255
9842	2.8687017405636013e-10	clade1sub7	24-215-202-255
9843	9.155982680952222e-08	clade1sub7	24-215-202-255
9844	5.3683449033623057e-05	clade1sub18	122-4-2-255
9845	0.1039247052377524	clade1sub4	53-243-148-255
9846	0.0001439105501722	clade1sub3	70-122-242-255
9847	0.0137301759905049	clade1sub18	122-4-2-255
9848	0.0001946992999642	clade1sub3	70-122-242-255
9849	0.0002709356790934	clade1sub18	122-4-2-255
9850	0.1543228123305124	clade1sub12	128-254-83-255
9851	0.0116252256735382	clade1sub14	247-113-27-255
9852	7.676992948788474e-07	clade1sub7	24-215-202-255
9853	9.51558097460064e-05	clade1sub14	247-113-27-255
9854	0.1297588802983778	clade1sub18	122-4-2-255
9855	0.3314721601679852	clade1sub12	128-254-83-255
9856	0.1374262399221406	clade1sub14	247-113-27-255
9857	0.184056690868955	clade1sub12	128-254-83-255
9858	0.0117908257244688	clade1sub12	128-254-83-255
9859	0.0035587270269248	clade1sub3	70-122-242-255
9860	0.3622667761971497	clade1sub12	128-254-83-255
9861	1.1058743761570358e-05	clade1sub11	232-213-56-255
9862	6.976937982339275e-13	clade1sub7	24-215-202-255
9863	0.2626008001745579	clade1sub12	128-254-83-255
9864	1.55933272787475e-16	clade1sub7	24-215-202-255
9865	3.1583638250585775e-13	clade1sub7	24-215-202-255
9866	3.019776015645068e-18	clade1sub7	24-215-202-255
9867	0.0183328691588403	clade1sub11	232-213-56-255
9868	8.042856114390915e-17	clade1sub3	70-122-242-255
9869	1.8910835985141725e-12	clade1sub7	24-215-202-255
9870	1.908617916038433e-17	clade1sub7	24-215-202-255
9871	1.0029917537367163e-10	clade1sub3	70-122-242-255
9872	8.133914932336476e-13	clade1sub7	24-215-202-255
9873	1.5516955164546838e-13	clade1sub7	24-215-202-255
9874	4.0566038576876944e-10	clade1sub4	53-243-148-255
9875	1.3963428632304776e-14	clade1sub7	24-215-202-255
9876	5.456333081538367e-14	clade1sub7	24-215-202-255
9877	9.761353176943769e-16	clade1sub7	24-215-202-255
9878	1.5203569921446214e-08	clade1sub7	24-215-202-255
9879	5.213819571581723e-11	clade1sub7	24-215-202-255
9880	4.936242215221488e-11	clade1sub7	24-215-202-255
9881	3.0146551845890897e-12	clade1sub7	24-215-202-255
9882	1.1376952722353856e-11	clade1sub7	24-215-202-255
9883	5.905531176913918e-12	clade1sub7	24-215-202-255
9884	3.0957205486219057e-10	clade1sub7	24-215-202-255
9885	2.624229666109461e-13	clade1sub7	24-215-202-255
9886	2.49057539538542e-09	clade1sub19	187-244-52-255
9887	1.4022977376099189e-08	clade1sub19	187-244-52-255
9888	1.9542083036536517e-09	clade1sub7	24-215-202-255
9889	0.0274975769110702	clade1sub18	122-4-2-255
9890	2.2972497192685e-06	clade1sub14	247-113-27-255
9891	0.0147040293206985	clade1sub3	70-122-242-255
9892	0.0655139475160587	clade1sub7	24-215-202-255
9893	0.0273205911147109	clade1sub7	24-215-202-255
9894	0.0030604916936705	clade1sub7	24-215-202-255
9895	0.0006830714127364	clade1sub3	70-122-242-255
9896	0.1966479074749785	clade1sub7	24-215-202-255
9897	0.1629824091752145	clade1sub7	24-215-202-255
9898	0.0172989290173533	clade1sub7	24-215-202-255
9899	0.0110709872563165	clade1sub12	128-254-83-255
9900	0.0717969135503941	clade1sub14	247-113-27-255
9901	0.0010691750995702	clade1sub11	232-213-56-255
9902	3.541990067512358e-10	clade1sub11	232-213-56-255
9903	3.6419256770811406e-10	clade1sub11	232-213-56-255
9904	2.106785824434808e-06	clade1sub4	53-243-148-255
9905	1.7373945891613888e-07	clade1sub7	24-215-202-255
9906	0.000266869520961	clade1sub7	24-215-202-255
9907	4.580172550748309e-07	clade1sub19	187-244-52-255
9908	6.407859290041617e-06	clade1sub7	24-215-202-255
9909	3.6897532855916716e-07	clade1sub19	187-244-52-255
9910	2.5821641841662414e-13	clade1sub7	24-215-202-255
9911	8.972997668187022e-09	clade1sub7	24-215-202-255
9912	3.020757227425079e-08	clade1sub7	24-215-202-255
9913	9.049276466202532e-05	clade1sub4	53-243-148-255
9914	0.0010377217178415	clade1sub2	51-172-246-255
9915	1.37707005347729e-12	clade1sub7	24-215-202-255
9916	1.6134590261178712e-05	clade1sub19	187-244-52-255
9917	0.0004285791519519	clade1sub3	70-122-242-255
9918	0.3332036712649938	clade1sub7	24-215-202-255
9919	0.3019315587362365	clade1sub7	24-215-202-255
9920	0.2582572633178661	clade1sub7	24-215-202-255
9921	0.2320186465224572	clade1sub7	24-215-202-255
9922	0.0185466843733232	clade1sub12	128-254-83-255
9923	1.233503780127169e-07	clade1sub11	232-213-56-255
9924	3.8999430765935983e-08	clade1sub7	24-215-202-255
9925	7.120462351759654e-09	clade1sub7	24-215-202-255
9926	4.693820034039487e-08	clade1sub14	247-113-27-255
9927	0.1211009117310915	clade1sub12	128-254-83-255
9928	3.5401690254975072e-09	clade1sub2	51-172-246-255
9929	1.194744644034755e-06	clade1sub3	70-122-242-255
9930	0.0001369921240849	clade1sub3	70-122-242-255
9931	0.226568424085026	clade1sub12	128-254-83-255
9932	0.0124829563852511	clade1sub3	70-122-242-255
9933	0.2891827898419379	clade1sub3	70-122-242-255
9934	0.0064301999225292	clade1sub3	70-122-242-255
9935	1.2738380073380448e-07	clade1sub3	70-122-242-255
9936	4.055237943618185e-09	clade1sub3	70-122-242-255
9937	0.0002263296538037	clade1sub12	128-254-83-255
9938	0.0398718238911715	clade1sub12	128-254-83-255
9939	2.583339204923988e-08	clade1sub11	232-213-56-255
9940	9.291401852157228e-08	clade1sub7	24-215-202-255
9941	5.547341008361818e-10	clade1sub7	24-215-202-255
9942	2.121566438457885e-12	clade1sub11	232-213-56-255
9943	5.337264877854781e-15	clade1sub7	24-215-202-255
9944	8.909196955339505e-15	clade1sub7	24-215-202-255
9945	3.0709040698495126e-14	clade1sub11	232-213-56-255
9946	5.933299309574942e-10	clade1sub7	24-215-202-255
9947	1.0112018076678427e-14	clade1sub7	24-215-202-255
9948	3.677105656318858e-13	clade1sub7	24-215-202-255
9949	1.6302763705909443e-09	clade1sub11	232-213-56-255
9950	3.55260974596346e-12	clade1sub7	24-215-202-255
9951	6.241815902335948e-06	clade1sub14	247-113-27-255
9952	3.1194022581551393e-24	clade1sub3	70-122-242-255
9953	1.8865562294982988e-17	clade1sub7	24-215-202-255
9954	1.8189728270027631e-09	clade1sub11	232-213-56-255
9955	3.921776648843096e-14	clade1sub7	24-215-202-255
9956	7.677228288714992e-10	clade1sub7	24-215-202-255
9957	3.247230701081459e-18	clade1sub7	24-215-202-255
9958	3.86304168814348e-08	clade1sub14	247-113-27-255
9959	2.832266442646836e-10	clade1sub7	24-215-202-255
9960	7.42543447116938e-08	clade1sub7	24-215-202-255
9961	3.153216084316306e-09	clade1sub7	24-215-202-255
9962	0.0032550760859906	clade1sub7	24-215-202-255
9963	6.426230359193179e-10	clade1sub7	24-215-202-255
9964	2.0804914667580626e-07	clade1sub7	24-215-202-255
9965	2.013061302908281e-09	clade1sub7	24-215-202-255
9966	1.599556040105996e-08	clade1sub7	24-215-202-255
9967	0.0006212647249358	clade1sub14	247-113-27-255
9968	1.6031180692545935e-09	clade1sub7	24-215-202-255
9969	6.369244119136988e-17	clade1sub3	70-122-242-255
9970	1.0543543882454114e-06	clade1sub7	24-215-202-255
9971	2.241191715507119e-17	clade1sub7	24-215-202-255
9972	2.1550253144036991e-19	clade1sub7	24-215-202-255
9973	5.910337446780433e-18	clade1sub3	70-122-242-255
9974	3.4568943136414905e-15	clade1sub3	70-122-242-255
9975	2.4710071655182695e-08	clade1sub3	70-122-242-255
9976	9.298884895386692e-17	clade1sub3	70-122-242-255
9977	1.0686080404129773e-17	clade1sub7	24-215-202-255
9978	3.680966506545652e-14	clade1sub7	24-215-202-255
9979	9.312907604375522e-05	clade1sub12	128-254-83-255
9980	3.529588917384877e-15	clade1sub3	70-122-242-255
9981	2.4882268759175015e-10	clade1sub3	70-122-242-255
9982	1.19301723914936e-13	clade1sub7	24-215-202-255
9983	7.286456380035173e-12	clade1sub12	128-254-83-255
9984	0.0740599229104475	clade1sub4	53-243-148-255
9985	6.0909381301147176e-15	clade1sub7	24-215-202-255
9986	0.0837069366333884	clade1sub12	128-254-83-255
9987	1.842556098029025e-11	clade1sub14	247-113-27-255
9988	0.0396574383201772	clade1sub4	53-243-148-255
9989	0.0171253129240663	clade1sub14	247-113-27-255
9990	0.0032604306491401	clade1sub12	128-254-83-255
9991	6.643066481823727e-08	clade1sub7	24-215-202-255
9992	5.643334883193865e-08	clade1sub11	232-213-56-255
9993	0.0003104399228292	clade1sub4	53-243-148-255
9994	1.687702397354586e-07	clade1sub3	70-122-242-255
9995	2.8704583561162935e-10	clade1sub17	222-62-8-255
9996	8.781449203588687e-15	clade1sub7	24-215-202-255
9997	1.2881935789801503e-24	clade1sub7	24-215-202-255
9998	8.83028145636473e-30	clade1sub7	24-215-202-255
9999	1.1310309801790193e-30	clade1sub3	70-122-242-255
10000	2.90340284934614e-16	clade1sub7	24-215-202-255
10001	6.433425149635912e-26	clade1sub7	24-215-202-255
10002	9.281149178403189e-24	clade1sub14	247-113-27-255
10003	1.0908649602380013e-19	clade1sub7	24-215-202-255
10004	2.92848712736942e-22	clade1sub7	24-215-202-255
10005	1.6282843069419418e-24	clade1sub7	24-215-202-255
10006	9.323531933172808e-18	clade1sub7	24-215-202-255
10007	1.063721348306366e-24	clade1sub7	24-215-202-255
10008	3.262577632910586e-19	clade1sub7	24-215-202-255
10009	1.2595952152741016e-22	clade1sub7	24-215-202-255
10010	9.25348477830532e-16	clade1sub7	24-215-202-255
10011	4.44195995320576e-18	clade1sub7	24-215-202-255
10012	1.1099330863277677e-23	clade1sub7	24-215-202-255
10013	6.4779414999365916e-15	clade1sub7	24-215-202-255
10014	2.319369362366085e-19	clade1sub7	24-215-202-255
10015	7.179907185338261e-13	clade1sub7	24-215-202-255
10016	2.3440641131099524e-12	clade1sub7	24-215-202-255
10017	1.2546754259772614e-09	clade1sub7	24-215-202-255
10018	1.4835337011615923e-06	clade1sub11	232-213-56-255
10019	0.000313713423853	clade1sub12	128-254-83-255
10020	6.38380128022334e-08	clade1sub4	53-243-148-255
10021	2.576825034354216e-07	clade1sub4	53-243-148-255
10022	2.546234511739293e-07	clade1sub12	128-254-83-255
10023	1.049080230606218e-06	clade1sub7	24-215-202-255
10024	1.54925087366947e-05	clade1sub13	180-27-1-255
10025	0.0072516043315551	clade1sub7	24-215-202-255
10026	0.0205926793186712	clade1sub3	70-122-242-255
10027	5.586975817911168e-07	clade1sub3	70-122-242-255
10028	0.045837858290018	clade1sub4	53-243-148-255
10029	8.485619821804892e-10	clade1sub7	24-215-202-255
10030	6.163400704852108e-07	clade1sub7	24-215-202-255
10031	0.228654414825468	clade1sub12	128-254-83-255
10032	0.043984183019278	clade1sub11	232-213-56-255
10033	6.680820122367242e-05	clade1sub4	53-243-148-255
10034	0.0985913003945255	clade1sub3	70-122-242-255
10035	0.202526415892726	clade1sub12	128-254-83-255
10036	1.9319809670104813e-05	clade1sub11	232-213-56-255
10037	9.215984542544273e-08	clade1sub11	232-213-56-255
10038	2.402146728676922e-05	clade1sub18	122-4-2-255
10039	9.421975081358229e-13	clade1sub17	222-62-8-255
10040	1.1208422824101917e-12	clade1sub7	24-215-202-255
10041	2.4556521278502885e-10	clade1sub7	24-215-202-255
10042	2.0351446392115978e-10	clade1sub7	24-215-202-255
10043	1.7809261500226988e-11	clade1sub7	24-215-202-255
10044	1.7137891386268736e-17	clade1sub7	24-215-202-255
10045	9.852814767063692e-15	clade1sub7	24-215-202-255
10046	5.412954483633905e-05	clade1sub7	24-215-202-255
10047	9.505410155211597e-13	clade1sub7	24-215-202-255
10048	1.9853010188642037e-14	clade1sub7	24-215-202-255
10049	5.002229926472576e-09	clade1sub7	24-215-202-255
10050	1.7945441318678474e-11	clade1sub7	24-215-202-255
10051	2.3692706778517506e-08	clade1sub7	24-215-202-255
10052	3.885396544847988e-09	clade1sub7	24-215-202-255
10053	3.566757790648949e-09	clade1sub7	24-215-202-255
10054	7.009666436754528e-10	clade1sub7	24-215-202-255
10055	4.245360681566284e-07	clade1sub14	247-113-27-255
10056	1.827134101924022e-06	clade1sub4	53-243-148-255
10057	7.044370939271908e-10	clade1sub7	24-215-202-255
10058	1.1186347995703812e-10	clade1sub7	24-215-202-255
10059	3.9355733843959933e-10	clade1sub4	53-243-148-255
10060	6.133078171041214e-06	clade1sub7	24-215-202-255
10061	4.815143685996816e-07	clade1sub7	24-215-202-255
10062	0.7142623694857955	clade1sub19	187-244-52-255
10063	6.470780715812566e-08	clade1sub7	24-215-202-255
10064	0.2259330817305917	clade1sub7	24-215-202-255
10065	0.0929012782469214	clade1sub7	24-215-202-255
10066	1.38167105697967e-05	clade1sub7	24-215-202-255
10067	0.4272335203771805	clade1sub7	24-215-202-255
10068	0.0508563653977541	clade1sub4	53-243-148-255
10069	1.2730984358509516e-12	clade1sub7	24-215-202-255
10070	1.688263577418881e-09	clade1sub7	24-215-202-255
10071	1.131631608929536e-11	clade1sub3	70-122-242-255
10072	3.860201245846128e-11	clade1sub7	24-215-202-255
10073	1.5926008610224232e-16	clade1sub7	24-215-202-255
10074	3.939280156962858e-10	clade1sub7	24-215-202-255
10075	7.91451895882735e-21	clade1sub14	247-113-27-255
10076	1.4433208331524122e-13	clade1sub19	187-244-52-255
10077	1.633948419344717e-11	clade1sub7	24-215-202-255
10078	6.04160483724613e-05	clade1sub19	187-244-52-255
10079	2.00832614034109e-07	clade1sub7	24-215-202-255
10080	3.0355005362605905e-08	clade1sub14	247-113-27-255
10081	2.3147655005892847e-11	clade1sub7	24-215-202-255
10082	5.582295980128618e-13	clade1sub7	24-215-202-255
10083	4.967857366879573e-10	clade1sub7	24-215-202-255
10084	8.868040231805492e-10	clade1sub7	24-215-202-255
10085	4.101709777925656e-07	clade1sub3	70-122-242-255
10086	9.375323930188e-10	clade1sub12	128-254-83-255
10087	2.544288182740636e-11	clade1sub7	24-215-202-255
10088	3.2603758824607e-05	clade1sub12	128-254-83-255
10089	3.2920680335782146e-07	clade1sub14	247-113-27-255
10090	6.781561744518002e-10	clade1sub7	24-215-202-255
10091	0.000908847867108	clade1sub14	247-113-27-255
10092	1.919139229968401e-08	clade1sub7	24-215-202-255
10093	0.0471742086529744	clade1sub7	24-215-202-255
10094	0.0109037788045112	clade1sub7	24-215-202-255
10095	0.7110513664481054	clade1sub7	24-215-202-255
10096	0.0049431579126569	clade1sub11	232-213-56-255
10097	1.1114726214050504e-05	clade1sub11	232-213-56-255
10098	0.0004265130129025	clade1sub11	232-213-56-255
10099	1.046928250198654e-07	clade1sub3	70-122-242-255
10100	3.5411564355283575e-08	clade1sub7	24-215-202-255
10101	0.0651763226056851	clade1sub4	53-243-148-255
10102	0.3821110229408502	clade1sub4	53-243-148-255
10103	0.0024899976128273	clade1sub11	232-213-56-255
10104	0.2016221913894645	clade1sub7	24-215-202-255
10105	0.7100654932060986	clade1sub7	24-215-202-255
10106	0.0068197708115809	clade1sub3	70-122-242-255
10107	0.0001216294601876	clade1sub7	24-215-202-255
10108	0.0224815125790824	clade1sub17	222-62-8-255
10109	7.058379379662178e-05	clade1sub3	70-122-242-255
10110	5.516898315801225e-06	clade1sub3	70-122-242-255
10111	9.93314276208968e-11	clade1sub3	70-122-242-255
10112	0.0024151159197806	clade1sub12	128-254-83-255
10113	0.0866579323301371	clade1sub12	128-254-83-255
10114	0.0011317042733097	clade1sub11	232-213-56-255
10115	0.1716297467205293	clade1sub12	128-254-83-255
10116	4.604501585426216e-12	clade1sub7	24-215-202-255
10117	1.6921168119340398e-08	clade1sub7	24-215-202-255
10118	0.0002638353157019	clade1sub11	232-213-56-255
10119	1.876578820771577e-08	clade1sub7	24-215-202-255
10120	2.053285779611257e-07	clade1sub11	232-213-56-255
10121	1.2071457019670731e-09	clade1sub11	232-213-56-255
10122	6.742024539775176e-07	clade1sub7	24-215-202-255
10123	1.0655787128138685e-13	clade1sub7	24-215-202-255
10124	9.16348490618043e-06	clade1sub11	232-213-56-255
10125	8.403670639188492e-13	clade1sub7	24-215-202-255
10126	6.921011646745144e-08	clade1sub14	247-113-27-255
10127	0.0008471425497352	clade1sub3	70-122-242-255
10128	5.819402042100413e-05	clade1sub3	70-122-242-255
10129	1.3670391029531796e-11	clade1sub3	70-122-242-255
10130	1.303399852589675e-16	clade1sub7	24-215-202-255
10131	5.2486234692937686e-11	clade1sub11	232-213-56-255
10132	5.7433268036782296e-18	clade1sub7	24-215-202-255
10133	3.796637701757121e-13	clade1sub7	24-215-202-255
10134	2.228297485238417e-07	clade1sub11	232-213-56-255
10135	8.944514919481113e-08	clade1sub7	24-215-202-255
10136	3.5291215835690826e-08	clade1sub7	24-215-202-255
10137	1.7080691755874236e-08	clade1sub7	24-215-202-255
10138	6.347310229676235e-11	clade1sub7	24-215-202-255
10139	2.3908920084438882e-08	clade1sub14	247-113-27-255
10140	5.7457145325271635e-09	clade1sub14	247-113-27-255
10141	1.3387228944373789e-11	clade1sub7	24-215-202-255
10142	6.018282759296372e-14	clade1sub3	70-122-242-255
10143	1.6776038164711417e-06	clade1sub7	24-215-202-255
10144	0.001027870888909	clade1sub11	232-213-56-255
10145	4.2982796035327285e-08	clade1sub7	24-215-202-255
10146	1.6960123911424562e-11	clade1sub11	232-213-56-255
10147	1.341559005529019e-07	clade1sub3	70-122-242-255
10148	0.0003462269219556	clade1sub3	70-122-242-255
10149	1.4961399340203612e-05	clade1sub14	247-113-27-255
10150	2.6072105604519637e-10	clade1sub17	222-62-8-255
10151	1.1782184650139013e-07	clade1sub12	128-254-83-255
10152	6.069580865924138e-08	clade1sub17	222-62-8-255
10153	8.394478425680882e-08	clade1sub14	247-113-27-255
10154	4.120596773415306e-06	clade1sub7	24-215-202-255
10155	2.191043009504808e-05	clade1sub3	70-122-242-255
10156	5.394755813716346e-05	clade1sub3	70-122-242-255
10157	0.0067863915353294	clade1sub11	232-213-56-255
10158	6.248245025540042e-12	clade1sub7	24-215-202-255
10159	6.859220390908499e-14	clade1sub7	24-215-202-255
10160	2.8059087119724297e-15	clade1sub7	24-215-202-255
10161	3.770575815927524e-19	clade1sub7	24-215-202-255
10162	2.703823892529548e-10	clade1sub7	24-215-202-255
10163	2.097060699398949e-15	clade1sub7	24-215-202-255
10164	4.3499041763427686e-08	clade1sub7	24-215-202-255
10165	2.661765907073036e-19	clade1sub7	24-215-202-255
10166	5.875477326642787e-13	clade1sub7	24-215-202-255
10167	2.4670916158974907e-12	clade1sub7	24-215-202-255
10168	1.7509117291927618e-16	clade1sub7	24-215-202-255
10169	2.8141240392730653e-16	clade1sub11	232-213-56-255
10170	1.0264842786237429e-12	clade1sub3	70-122-242-255
10171	5.502665879344413e-11	clade1sub7	24-215-202-255
10172	1.0286755814631686e-14	clade1sub7	24-215-202-255
10173	3.355435737154196e-13	clade1sub7	24-215-202-255
10174	2.0113974844739216e-18	clade1sub7	24-215-202-255
10175	2.6863873150388324e-19	clade1sub7	24-215-202-255
10176	3.355435737154196e-13	clade1sub7	24-215-202-255
10177	5.853559526680947e-14	clade1sub7	24-215-202-255
10178	7.57836326715092e-11	clade1sub7	24-215-202-255
10179	3.907276941090634e-09	clade1sub3	70-122-242-255
10180	2.084547728530269e-09	clade1sub18	122-4-2-255
10181	5.440716247439602e-09	clade1sub18	122-4-2-255
10182	2.6231766616078872e-05	clade1sub4	53-243-148-255
10183	0.0345709890748497	clade1sub4	53-243-148-255
10184	2.39416895510904e-05	clade1sub7	24-215-202-255
10185	2.6812105242889974e-06	clade1sub7	24-215-202-255
10186	0.0001716883777187	clade1sub7	24-215-202-255
10187	1.0964762501767077e-07	clade1sub7	24-215-202-255
10188	3.814626667907194e-09	clade1sub7	24-215-202-255
10189	0.0021935823545681	clade1sub3	70-122-242-255
10190	0.0003947594699559	clade1sub3	70-122-242-255
10191	1.5195599026254628e-07	clade1sub3	70-122-242-255
10192	7.74634367976111e-10	clade1sub3	70-122-242-255
10193	0.0023030177666532	clade1sub3	70-122-242-255
10194	0.1462596494493412	clade1sub3	70-122-242-255
10195	0.0499409590053633	clade1sub3	70-122-242-255
10196	0.0106933921910112	clade1sub19	187-244-52-255
10197	0.0881436451632222	clade1sub12	128-254-83-255
10198	0.4788563133014297	clade1sub11	232-213-56-255
10199	0.0013577688202088	clade1sub3	70-122-242-255
10200	1.4750570662479482e-11	clade1sub3	70-122-242-255
10201	2.2154463357514647e-12	clade1sub7	24-215-202-255
10202	3.8823103089598344e-08	clade1sub7	24-215-202-255
10203	1.2383470597439995e-09	clade1sub7	24-215-202-255
10204	4.262693514321149e-12	clade1sub7	24-215-202-255
10205	1.6011300477271864e-08	clade1sub7	24-215-202-255
10206	3.621629846568449e-12	clade1sub7	24-215-202-255
10207	0.0002936038058206	clade1sub3	70-122-242-255
10208	2.1286701941399552e-08	clade1sub7	24-215-202-255
10209	6.208874612731016e-05	clade1sub19	187-244-52-255
10210	1.619747337780406e-09	clade1sub7	24-215-202-255
10211	7.59504956474828e-08	clade1sub4	53-243-148-255
10212	9.31578733553488e-08	clade1sub7	24-215-202-255
10213	3.4644427076741174e-14	clade1sub7	24-215-202-255
10214	6.068755311262351e-11	clade1sub7	24-215-202-255
10215	1.0128289361604289e-12	clade1sub7	24-215-202-255
10216	3.5444027460752927e-10	clade1sub7	24-215-202-255
10217	3.924898910070112e-08	clade1sub7	24-215-202-255
10218	5.3676717804610993e-08	clade1sub4	53-243-148-255
10219	1.4914237165926074e-06	clade1sub18	122-4-2-255
10220	3.2114201462751924e-06	clade1sub7	24-215-202-255
10221	8.357868139128523e-07	clade1sub4	53-243-148-255
10222	0.0001843677210265	clade1sub19	187-244-52-255
10223	0.0360710913740215	clade1sub19	187-244-52-255
10224	4.155146180535483e-09	clade1sub7	24-215-202-255
10225	3.379778593965546e-08	clade1sub3	70-122-242-255
10226	0.1857806580298026	clade1sub7	24-215-202-255
10227	0.0009961024038536	clade1sub3	70-122-242-255
10228	0.9126519431699552	clade1sub7	24-215-202-255
10229	0.0675038861744848	clade1sub7	24-215-202-255
10230	0.001563757739835	clade1sub7	24-215-202-255
10231	0.048279299888913	clade1sub7	24-215-202-255
10232	0.971305126489971	clade1sub7	24-215-202-255
10233	3.676041215374985e-05	clade1sub7	24-215-202-255
10234	8.214359841765176e-08	clade1sub7	24-215-202-255
10235	0.0221588571684792	clade1sub7	24-215-202-255
10236	0.0001639125222486	clade1sub3	70-122-242-255
10237	0.7237944028527785	clade1sub7	24-215-202-255
10238	1.0780611782572756e-05	clade1sub3	70-122-242-255
10239	3.035773691650573e-14	clade1sub11	232-213-56-255
10240	6.330886015877057e-17	clade1sub7	24-215-202-255
10241	1.7440780195989262e-14	clade1sub14	247-113-27-255
10242	6.0814855227665285e-21	clade1sub7	24-215-202-255
10243	6.224920788809403e-13	clade1sub7	24-215-202-255
10244	2.4748170407690587e-18	clade1sub7	24-215-202-255
10245	2.074353830152016e-21	clade1sub7	24-215-202-255
10246	4.3312651702182533e-13	clade1sub14	247-113-27-255
10247	3.836514888611888e-16	clade1sub7	24-215-202-255
10248	9.095143248818404e-22	clade1sub7	24-215-202-255
10249	9.826874181310359e-11	clade1sub19	187-244-52-255
10250	1.0422862669952345e-13	clade1sub7	24-215-202-255
10251	2.1020809417004203e-12	clade1sub14	247-113-27-255
10252	3.127297332701889e-13	clade1sub7	24-215-202-255
10253	9.445056902543332e-15	clade1sub3	70-122-242-255
10254	3.9619102889210597e-10	clade1sub4	53-243-148-255
10255	6.878873338204154e-11	clade1sub12	128-254-83-255
10256	2.20166718625473e-09	clade1sub7	24-215-202-255
10257	5.37789311040472e-06	clade1sub12	128-254-83-255
10258	0.0080352326434665	clade1sub12	128-254-83-255
10259	0.053472579555784	clade1sub12	128-254-83-255
10260	6.25878533067642e-05	clade1sub3	70-122-242-255
10261	0.0037148502325882	clade1sub3	70-122-242-255
10262	0.2907588103136806	clade1sub18	122-4-2-255
10263	0.009872837231526	clade1sub4	53-243-148-255
10264	0.0106695825377129	clade1sub4	53-243-148-255
10265	0.0093001936174306	clade1sub18	122-4-2-255
10266	0.0005995928330348	clade1sub14	247-113-27-255
10267	4.047810497345139e-06	clade1sub3	70-122-242-255
10268	8.41837554205855e-07	clade1sub3	70-122-242-255
10269	0.0748870593825879	clade1sub3	70-122-242-255
10270	0.000713468951867	clade1sub3	70-122-242-255
10271	5.000323072789651e-10	clade1sub7	24-215-202-255
10272	0.1761886524693636	clade1sub7	24-215-202-255
10273	0.0103965594203717	clade1sub7	24-215-202-255
10274	0.6944239485904447	clade1sub17	222-62-8-255
10275	0.0035943296577393	clade1sub4	53-243-148-255
10276	0.0155239638254938	clade1sub12	128-254-83-255
10277	0.0015652671956308	clade1sub4	53-243-148-255
10278	0.0211686322464516	clade1sub11	232-213-56-255
10279	0.0005528336063105	clade1sub7	24-215-202-255
10280	9.34010066648693e-05	clade1sub7	24-215-202-255
10281	0.0001868290215565	clade1sub7	24-215-202-255
10282	0.2569857423196258	clade1sub7	24-215-202-255
10283	1.407896041086217e-08	clade1sub3	70-122-242-255
10284	2.130742767686729e-06	clade1sub12	128-254-83-255
10285	0.0007726467702199	clade1sub12	128-254-83-255
10286	0.2350158589601212	clade1sub12	128-254-83-255
10287	0.0280264273647732	clade1sub12	128-254-83-255
10288	7.463993720660559e-06	clade1sub11	232-213-56-255
10289	7.994390053300592e-08	clade1sub11	232-213-56-255
10290	2.4736249958444826e-08	clade1sub7	24-215-202-255
10291	8.330218555014698e-09	clade1sub11	232-213-56-255
10292	0.0002068755528237	clade1sub12	128-254-83-255
10293	1.6195407829273582e-16	clade1sub7	24-215-202-255
10294	1.498754611950222e-14	clade1sub7	24-215-202-255
10295	4.850298567655218e-15	clade1sub7	24-215-202-255
10296	6.308653711742677e-09	clade1sub7	24-215-202-255
10297	5.1037985345994985e-09	clade1sub11	232-213-56-255
10298	6.251638887883133e-07	clade1sub3	70-122-242-255
10299	3.426382729292624e-07	clade1sub3	70-122-242-255
10300	4.131362616667672e-08	clade1sub3	70-122-242-255
10301	4.5568933234696496e-08	clade1sub3	70-122-242-255
10302	2.186039240758161e-06	clade1sub3	70-122-242-255
10303	4.065615074082042e-09	clade1sub3	70-122-242-255
10304	4.754485745286805e-06	clade1sub17	222-62-8-255
10305	4.550834313909165e-10	clade1sub11	232-213-56-255
10306	1.912295798517499e-07	clade1sub11	232-213-56-255
10307	6.708468035165503e-10	clade1sub11	232-213-56-255
10308	5.3892995413507866e-08	clade1sub3	70-122-242-255
10309	6.234897249413536e-15	clade1sub7	24-215-202-255
10310	0.0001718088314841	clade1sub3	70-122-242-255
10311	7.869911383109762e-07	clade1sub7	24-215-202-255
10312	0.0033331068795769	clade1sub14	247-113-27-255
10313	1.1773299226911458e-05	clade1sub18	122-4-2-255
10314	3.6590030239330185e-07	clade1sub3	70-122-242-255
10315	6.942292801541e-10	clade1sub7	24-215-202-255
10316	6.143137345525062e-08	clade1sub7	24-215-202-255
10317	3.407592163327371e-09	clade1sub14	247-113-27-255
10318	2.5488127784329816e-07	clade1sub14	247-113-27-255
10319	8.217979561523996e-10	clade1sub7	24-215-202-255
10320	0.0188826957250832	clade1sub4	53-243-148-255
10321	8.29629372117511e-05	clade1sub3	70-122-242-255
10322	8.393414495007956e-14	clade1sub7	24-215-202-255
10323	8.790762215126066e-13	clade1sub7	24-215-202-255
10324	5.958389636034757e-12	clade1sub7	24-215-202-255
10325	2.1233347606970086e-11	clade1sub17	222-62-8-255
10326	4.826233447917994e-06	clade1sub7	24-215-202-255
10327	2.4734254827046092e-09	clade1sub7	24-215-202-255
10328	2.755968426528917e-05	clade1sub3	70-122-242-255
10329	5.060995014381454e-07	clade1sub17	222-62-8-255
10330	8.039807799140884e-07	clade1sub3	70-122-242-255
10331	5.884573964065437e-06	clade1sub3	70-122-242-255
10332	2.237906087521832e-09	clade1sub11	232-213-56-255
10333	1.873099379529734e-12	clade1sub11	232-213-56-255
10334	6.773886198895832e-11	clade1sub7	24-215-202-255
10335	1.0148976045673778e-06	clade1sub3	70-122-242-255
10336	1.1650455428564682e-13	clade1sub3	70-122-242-255
10337	6.689030830487226e-13	clade1sub7	24-215-202-255
10338	1.676787905200879e-15	clade1sub7	24-215-202-255
10339	6.384924046807171e-10	clade1sub7	24-215-202-255
10340	1.936883159528524e-21	clade1sub7	24-215-202-255
10341	6.199745018712455e-12	clade1sub7	24-215-202-255
10342	6.489489305673402e-12	clade1sub7	24-215-202-255
10343	6.207697381844007e-12	clade1sub7	24-215-202-255
10344	1.3040067665507288e-10	clade1sub7	24-215-202-255
10345	4.0286235792905186e-10	clade1sub7	24-215-202-255
10346	2.0372207428803007e-10	clade1sub7	24-215-202-255
10347	1.0118739476834926e-11	clade1sub7	24-215-202-255
10348	5.736745907868115e-13	clade1sub7	24-215-202-255
10349	6.469075680954709e-06	clade1sub7	24-215-202-255
10350	3.046521695441415e-11	clade1sub7	24-215-202-255
10351	8.045976868854504e-05	clade1sub3	70-122-242-255
10352	2.8081227029817414e-07	clade1sub7	24-215-202-255
10353	7.124234936697345e-05	clade1sub3	70-122-242-255
10354	0.0256634604370001	clade1sub12	128-254-83-255
10355	0.0020406291516779	clade1sub4	53-243-148-255
10356	0.0138760764647829	clade1sub3	70-122-242-255
10357	0.0001937603214926	clade1sub11	232-213-56-255
10358	0.0494038577270422	clade1sub11	232-213-56-255
10359	3.788037290642229e-07	clade1sub3	70-122-242-255
10360	3.053118391547741e-05	clade1sub13	180-27-1-255
10361	4.57351004044769e-06	clade1sub11	232-213-56-255
10362	1.143881679499192e-09	clade1sub7	24-215-202-255
10363	3.6364753700425755e-09	clade1sub11	232-213-56-255
10364	6.370530652995763e-13	clade1sub7	24-215-202-255
10365	3.307490977857825e-07	clade1sub7	24-215-202-255
10366	2.805379036455768e-12	clade1sub7	24-215-202-255
10367	4.727480707496493e-09	clade1sub7	24-215-202-255
10368	1.433372954595374e-07	clade1sub7	24-215-202-255
10369	0.0053282100811136	clade1sub3	70-122-242-255
10370	3.281661061612173e-06	clade1sub3	70-122-242-255
10371	4.123248671393854e-07	clade1sub7	24-215-202-255
10372	4.054009617729367e-07	clade1sub3	70-122-242-255
10373	7.551434303023499e-07	clade1sub3	70-122-242-255
10374	2.012978508890736e-06	clade1sub4	53-243-148-255
10375	1.6354914038154125e-05	clade1sub18	122-4-2-255
10376	0.0002604755585967	clade1sub19	187-244-52-255
10377	8.19294729414975e-05	clade1sub12	128-254-83-255
10378	9.551998134046998e-05	clade1sub4	53-243-148-255
10379	0.0142286816595381	clade1sub11	232-213-56-255
10380	1.039544817928397e-05	clade1sub3	70-122-242-255
10381	0.8628368755062015	clade1sub7	24-215-202-255
10382	0.8471669794592546	clade1sub7	24-215-202-255
10383	0.5653847051455423	clade1sub7	24-215-202-255
10384	0.1722077096829278	clade1sub7	24-215-202-255
10385	0.5417875707257876	clade1sub7	24-215-202-255
10386	0.9426338314622148	clade1sub7	24-215-202-255
10387	0.8819376296303845	clade1sub7	24-215-202-255
10388	0.9379689511209957	clade1sub7	24-215-202-255
10389	0.0176789734896287	clade1sub3	70-122-242-255
10390	0.0232847915517772	clade1sub7	24-215-202-255
10391	0.0066497510191221	clade1sub3	70-122-242-255
10392	4.276138524714246e-15	clade1sub11	232-213-56-255
10393	4.5689446475869465e-14	clade1sub11	232-213-56-255
10394	3.5838114506953053e-08	clade1sub11	232-213-56-255
10395	1.1080448202700657e-12	clade1sub11	232-213-56-255
10396	7.469775962490122e-14	clade1sub7	24-215-202-255
10397	2.0843853905315684e-08	clade1sub7	24-215-202-255
10398	9.139937878678266e-12	clade1sub7	24-215-202-255
10399	1.3987266383319708e-09	clade1sub7	24-215-202-255
10400	6.007083676840254e-14	clade1sub12	128-254-83-255
10401	2.064199234918435e-17	clade1sub7	24-215-202-255
10402	9.3578749930568e-18	clade1sub3	70-122-242-255
10403	1.3239255726592085e-07	clade1sub14	247-113-27-255
10404	1.7273843500230234e-17	clade1sub3	70-122-242-255
10405	5.94948880100471e-08	clade1sub11	232-213-56-255
10406	3.0109983219031536e-12	clade1sub3	70-122-242-255
10407	1.3969589449299961e-13	clade1sub3	70-122-242-255
10408	0.0534025546220166	clade1sub12	128-254-83-255
10409	0.1088294648241494	clade1sub11	232-213-56-255
10410	0.0987435455867204	clade1sub11	232-213-56-255
10411	5.1669039402535416e-05	clade1sub12	128-254-83-255
10412	0.0001268314891363	clade1sub4	53-243-148-255
10413	1.0435602455409796e-07	clade1sub14	247-113-27-255
10414	0.0055327311780694	clade1sub14	247-113-27-255
10415	5.709116478872991e-11	clade1sub3	70-122-242-255
10416	1.487642677591836e-09	clade1sub7	24-215-202-255
10417	5.2421261762978864e-14	clade1sub7	24-215-202-255
10418	0.095978522107856	clade1sub7	24-215-202-255
10419	0.7283951308058978	clade1sub7	24-215-202-255
10420	0.6753523662707379	clade1sub14	247-113-27-255
10421	0.3468028232652233	clade1sub18	122-4-2-255
10422	0.430946536789682	clade1sub18	122-4-2-255
10423	0.2575962043432012	clade1sub12	128-254-83-255
10424	0.3777653519071823	clade1sub12	128-254-83-255
10425	6.605730549478559e-10	clade1sub11	232-213-56-255
10426	1.6231912326407478e-10	clade1sub7	24-215-202-255
10427	3.2324097990764054e-12	clade1sub3	70-122-242-255
10428	0.206247107258096	clade1sub12	128-254-83-255
10429	1.9303907647422887e-10	clade1sub7	24-215-202-255
10430	3.048362189622975e-06	clade1sub19	187-244-52-255
10431	3.1912524828409253e-09	clade1sub7	24-215-202-255
10432	0.001212349575804	clade1sub19	187-244-52-255
10433	0.0451094077916334	clade1sub11	232-213-56-255
10434	0.0001575176410671	clade1sub7	24-215-202-255
10435	6.635039991598534e-05	clade1sub3	70-122-242-255
10436	0.0002180847030528	clade1sub7	24-215-202-255
10437	1.9688337465260263e-05	clade1sub3	70-122-242-255
10438	8.153849239460349e-11	clade1sub3	70-122-242-255
10439	9.701899050224593e-09	clade1sub3	70-122-242-255
10440	0.002131945340046	clade1sub3	70-122-242-255
10441	4.104509894275716e-05	clade1sub3	70-122-242-255
10442	0.0001857432400474	clade1sub12	128-254-83-255
10443	0.1536257086473921	clade1sub12	128-254-83-255
10444	3.5909918195321856e-18	clade1sub7	24-215-202-255
10445	6.107319507129066e-09	clade1sub11	232-213-56-255
10446	1.3713570254062232e-09	clade1sub11	232-213-56-255
10447	1.0050395373577993e-07	clade1sub11	232-213-56-255
10448	0.0001730754025065	clade1sub7	24-215-202-255
10449	0.0037318425059301	clade1sub12	128-254-83-255
10450	0.0005532197925951	clade1sub7	24-215-202-255
10451	1.7038966156133296e-08	clade1sub7	24-215-202-255
10452	2.1046782212478838e-12	clade1sub7	24-215-202-255
10453	8.008007129882797e-11	clade1sub7	24-215-202-255
10454	1.8462839094260834e-10	clade1sub13	180-27-1-255
10455	9.811666114415409e-12	clade1sub14	247-113-27-255
10456	2.6644783007501597e-08	clade1sub11	232-213-56-255
10457	1.7316842745665196e-06	clade1sub11	232-213-56-255
10458	9.65164247549891e-07	clade1sub3	70-122-242-255
10459	1.4706921430019091e-06	clade1sub11	232-213-56-255
10460	1.4543452293924279e-09	clade1sub7	24-215-202-255
10461	4.311440653355332e-06	clade1sub4	53-243-148-255
10462	7.269019165888592e-09	clade1sub12	128-254-83-255
10463	4.01101458107476e-09	clade1sub14	247-113-27-255
10464	1.054121619172268e-06	clade1sub11	232-213-56-255
10465	0.0027601496921893	clade1sub11	232-213-56-255
10466	0.0902385270036637	clade1sub11	232-213-56-255
10467	0.0139793869730459	clade1sub12	128-254-83-255
10468	1.3671773880810837e-06	clade1sub11	232-213-56-255
10469	2.719274154775869e-06	clade1sub3	70-122-242-255
10470	0.0263723953823463	clade1sub7	24-215-202-255
10471	7.521215023786686e-07	clade1sub11	232-213-56-255
10472	4.763045470522225e-05	clade1sub7	24-215-202-255
10473	1.4437427218242558e-08	clade1sub7	24-215-202-255
10474	3.2294118302994895e-13	clade1sub7	24-215-202-255
10475	9.260639966770788e-15	clade1sub7	24-215-202-255
10476	6.909088957377554e-14	clade1sub14	247-113-27-255
10477	4.4685765063156565e-11	clade1sub7	24-215-202-255
10478	2.4877644969402088e-11	clade1sub7	24-215-202-255
10479	6.542122681965935e-09	clade1sub7	24-215-202-255
10480	1.0095827398678104e-10	clade1sub3	70-122-242-255
10481	6.226079549016753e-06	clade1sub12	128-254-83-255
10482	5.411259720855593e-06	clade1sub3	70-122-242-255
10483	0.0013217238095319	clade1sub3	70-122-242-255
10484	1.6138956356335398e-07	clade1sub7	24-215-202-255
10485	1.094563276758058e-06	clade1sub3	70-122-242-255
10486	4.895558254092276e-07	clade1sub12	128-254-83-255
10487	1.83068643765664e-06	clade1sub11	232-213-56-255
10488	0.0266584310912266	clade1sub11	232-213-56-255
10489	1.157352490799706e-05	clade1sub3	70-122-242-255
10490	7.359372777892124e-07	clade1sub11	232-213-56-255
10491	1.7457047747830117e-06	clade1sub3	70-122-242-255
10492	0.0003292498582521	clade1sub11	232-213-56-255
10493	0.0005016696430367	clade1sub7	24-215-202-255
10494	0.0113074930860603	clade1sub7	24-215-202-255
10495	0.0089761862767323	clade1sub11	232-213-56-255
10496	9.577204255963416e-08	clade1sub7	24-215-202-255
10497	0.0154117779766488	clade1sub7	24-215-202-255
10498	1.385661706593899e-09	clade1sub7	24-215-202-255
10499	1.0583924506347747e-10	clade1sub7	24-215-202-255
10500	9.052598442261536e-06	clade1sub7	24-215-202-255
10501	5.614618778303065e-13	clade1sub7	24-215-202-255
10502	4.962818377858186e-12	clade1sub7	24-215-202-255
10503	3.705128552346506e-11	clade1sub3	70-122-242-255
10504	0.8025451642115036	clade1sub7	24-215-202-255
10505	6.800929289611712e-05	clade1sub11	232-213-56-255
10506	0.0011181366196291	clade1sub11	232-213-56-255
10507	6.310046945677783e-05	clade1sub12	128-254-83-255
10508	1.7589238272812325e-09	clade1sub3	70-122-242-255
10509	0.0048196762046683	clade1sub12	128-254-83-255
10510	0.0730025391569888	clade1sub11	232-213-56-255
10511	1.3983731031134366e-07	clade1sub7	24-215-202-255
10512	9.179648799534912e-07	clade1sub7	24-215-202-255
10513	0.0036226758705976	clade1sub12	128-254-83-255
10514	0.025574515128849	clade1sub18	122-4-2-255
10516	7.539428138421904e-05	clade1sub7	24-215-202-255
10517	2.635456132163689e-10	clade1sub3	70-122-242-255
10518	0.0028460413351797	clade1sub18	122-4-2-255
10519	2.480605417936632e-05	clade1sub7	24-215-202-255
10520	0.0001181235894253	clade1sub3	70-122-242-255
10521	9.015802017920996e-09	clade1sub14	247-113-27-255
10522	5.747444278276719e-07	clade1sub3	70-122-242-255
10523	3.52071021297057e-08	clade1sub3	70-122-242-255
10524	0.200677462324009	clade1sub7	24-215-202-255
10525	0.3402209426615088	clade1sub7	24-215-202-255
10526	0.0162909692594877	clade1sub3	70-122-242-255
10527	0.0524934024873334	clade1sub7	24-215-202-255
10528	0.9436183019083572	clade1sub7	24-215-202-255
10529	0.7452059912889124	clade1sub7	24-215-202-255
10530	0.6578693287126001	clade1sub7	24-215-202-255
10531	0.9470374547065136	clade1sub7	24-215-202-255
10532	0.5971147167631189	clade1sub7	24-215-202-255
10533	0.9786493460473084	clade1sub7	24-215-202-255
10534	0.9455928938563471	clade1sub7	24-215-202-255
10535	0.3725400373651732	clade1sub7	24-215-202-255
10536	0.0865904845171778	clade1sub7	24-215-202-255
10537	9.062117623243535e-10	clade1sub3	70-122-242-255
10538	0.1741391922704926	clade1sub18	122-4-2-255
10539	1.922810837406612e-05	clade1sub3	70-122-242-255
10540	1.9062535276187618e-07	clade1sub3	70-122-242-255
10541	1.3866655749126385e-15	clade1sub7	24-215-202-255
10542	1.152109519690867e-07	clade1sub11	232-213-56-255
10543	1.9448499596784705e-06	clade1sub11	232-213-56-255
10544	2.4870812052391763e-11	clade1sub7	24-215-202-255
10545	2.7722483161245727e-14	clade1sub7	24-215-202-255
10546	2.499458309519137e-13	clade1sub7	24-215-202-255
10547	4.0934370187936867e-10	clade1sub14	247-113-27-255
10548	6.196613721730893e-17	clade1sub7	24-215-202-255
10549	2.928845920938552e-10	clade1sub14	247-113-27-255
10550	0.0005048164814413	clade1sub3	70-122-242-255
10551	5.3764200458894325e-05	clade1sub4	53-243-148-255
10552	1.1132581793722672e-06	clade1sub3	70-122-242-255
10553	0.0183545671940512	clade1sub3	70-122-242-255
10554	5.188250291591744e-07	clade1sub7	24-215-202-255
10555	9.409905389433931e-11	clade1sub7	24-215-202-255
10556	0.0001083887237496	clade1sub7	24-215-202-255
10557	1.4035408031873634e-07	clade1sub7	24-215-202-255
10558	2.640282109356582e-06	clade1sub3	70-122-242-255
10560	0.4663477917871959	clade1sub7	24-215-202-255
10561	0.0041118844895471	clade1sub7	24-215-202-255
10562	0.5872325671183988	clade1sub14	247-113-27-255
10563	0.3333676640370168	clade1sub3	70-122-242-255
10564	0.3975598656507053	clade1sub12	128-254-83-255
10565	0.001971978287536	clade1sub4	53-243-148-255
10566	1.989625593597711e-05	clade1sub3	70-122-242-255
10567	3.337347507194963e-08	clade1sub3	70-122-242-255
10568	3.723971621805902e-17	clade1sub7	24-215-202-255
10569	0.0004073420460911	clade1sub14	247-113-27-255
10570	3.561943983279704e-07	clade1sub14	247-113-27-255
10571	1.225805474185924e-09	clade1sub14	247-113-27-255
10572	1.7503591748164975e-09	clade1sub14	247-113-27-255
10573	2.0997391227023367e-08	clade1sub3	70-122-242-255
10574	1.5182436773336592e-09	clade1sub11	232-213-56-255
10575	1.4921796665526704e-06	clade1sub4	53-243-148-255
10576	1.2352876913585106e-07	clade1sub7	24-215-202-255
10577	0.0150644422923164	clade1sub11	232-213-56-255
10578	1.129840045427158e-05	clade1sub7	24-215-202-255
10579	0.0687035620140447	clade1sub7	24-215-202-255
10580	0.0154134301075433	clade1sub12	128-254-83-255
10581	8.503995371114296e-06	clade1sub3	70-122-242-255
10582	4.747547810687517e-09	clade1sub14	247-113-27-255
10583	1.5785734821938972e-08	clade1sub3	70-122-242-255
10584	2.734613273893726e-07	clade1sub2	51-172-246-255
10585	0.0006777438793565	clade1sub3	70-122-242-255
10586	0.0694665999582639	clade1sub3	70-122-242-255
10587	3.396998554859839e-05	clade1sub3	70-122-242-255
10588	0.0001188122954923	clade1sub12	128-254-83-255
10589	0.0456372171164015	clade1sub12	128-254-83-255
10590	1.5237156407633818e-08	clade1sub11	232-213-56-255
10591	5.6990200437562206e-08	clade1sub11	232-213-56-255
10592	1.1060075815335843e-10	clade1sub3	70-122-242-255
10593	2.9719147773986e-11	clade1sub11	232-213-56-255
10594	0.0001489807326424	clade1sub12	128-254-83-255
10595	5.882187569733639e-11	clade1sub11	232-213-56-255
10596	6.667862684883389e-06	clade1sub11	232-213-56-255
10597	2.895393165242509e-07	clade1sub11	232-213-56-255
10598	4.413852945139944e-11	clade1sub7	24-215-202-255
10599	1.2667838550489295e-09	clade1sub7	24-215-202-255
10600	2.7259135634159894e-07	clade1sub11	232-213-56-255
10601	1.0225526957829766e-11	clade1sub7	24-215-202-255
10602	2.1314076640655177e-07	clade1sub4	53-243-148-255
10603	5.787477037789777e-06	clade1sub12	128-254-83-255
10604	0.0101258973631122	clade1sub12	128-254-83-255
10605	1.5750373544129582e-07	clade1sub11	232-213-56-255
10606	9.279390052059038e-14	clade1sub7	24-215-202-255
10607	4.9363567069980416e-12	clade1sub11	232-213-56-255
10608	1.962242624758421e-05	clade1sub11	232-213-56-255
10609	0.0001349627690279	clade1sub11	232-213-56-255
10610	6.791964547583367e-10	clade1sub11	232-213-56-255
10611	4.393227908749434e-06	clade1sub3	70-122-242-255
10612	2.4289957709886113e-10	clade1sub3	70-122-242-255
10613	4.0168741793297484e-14	clade1sub3	70-122-242-255
10614	2.263250782813708e-08	clade1sub3	70-122-242-255
10615	1.1315008846487261e-08	clade1sub3	70-122-242-255
10616	0.014039840419933	clade1sub3	70-122-242-255
10617	5.35488467211231e-07	clade1sub7	24-215-202-255
10618	1.1536354991533504e-10	clade1sub7	24-215-202-255
10619	4.660935191292495e-12	clade1sub7	24-215-202-255
10620	1.0457673426607574e-10	clade1sub7	24-215-202-255
10621	2.274465815973696e-12	clade1sub7	24-215-202-255
10622	5.7972143910990776e-11	clade1sub7	24-215-202-255
10623	2.0866968711127558e-17	clade1sub7	24-215-202-255
10624	5.3649259662937366e-14	clade1sub3	70-122-242-255
10625	4.856732781173107e-05	clade1sub11	232-213-56-255
10626	0.0024232610788554	clade1sub11	232-213-56-255
10627	2.5731728065306374e-07	clade1sub4	53-243-148-255
10628	1.4854017381763352e-08	clade1sub4	53-243-148-255
10629	5.454375998309583e-12	clade1sub11	232-213-56-255
10631	4.7597965379847726e-11	clade1sub3	70-122-242-255
10632	0.001169965573491	clade1sub11	232-213-56-255
10633	1.5539986550687272e-10	clade1sub11	232-213-56-255
10634	2.602801156233777e-08	clade1sub7	24-215-202-255
10635	0.0002317863157724	clade1sub3	70-122-242-255
10636	0.0125215915413556	clade1sub11	232-213-56-255
10637	7.347724361250954e-06	clade1sub11	232-213-56-255
10638	3.091385102701445e-08	clade1sub7	24-215-202-255
10639	3.851606766209255e-11	clade1sub7	24-215-202-255
10640	6.686104491645255e-11	clade1sub7	24-215-202-255
10641	0.0113149907264201	clade1sub7	24-215-202-255
10642	1.7006833159922295e-14	clade1sub3	70-122-242-255
10643	1.7937755177043188e-12	clade1sub7	24-215-202-255
10644	0.8762337384729602	clade1sub7	24-215-202-255
10645	1.2881520158298914e-09	clade1sub7	24-215-202-255
10646	6.963718148078615e-14	clade1sub3	70-122-242-255
10647	0.9323957079893171	clade1sub7	24-215-202-255
10648	0.795522313361206	clade1sub7	24-215-202-255
10649	8.847121269737343e-07	clade1sub7	24-215-202-255
10650	0.1164223337392807	clade1sub12	128-254-83-255
10651	3.558918740146741e-07	clade1sub12	128-254-83-255
10652	4.335666411811912e-07	clade1sub7	24-215-202-255
10653	0.0120127279326784	clade1sub4	53-243-148-255
10654	1.0708831765114673e-05	clade1sub7	24-215-202-255
10655	2.8144659212048084e-05	clade1sub11	232-213-56-255
10656	1.001639763850684e-07	clade1sub7	24-215-202-255
10657	0.0001571806486103	clade1sub11	232-213-56-255
10658	1.2426673229489177e-08	clade1sub11	232-213-56-255
10659	2.3322442198483203e-06	clade1sub11	232-213-56-255
10660	1.2059119048068731e-09	clade1sub7	24-215-202-255
10661	2.3321286517930266e-08	clade1sub7	24-215-202-255
10662	1.4666717845262698e-06	clade1sub7	24-215-202-255
10663	0.0013475524735446	clade1sub18	122-4-2-255
10664	2.0100888089684807e-05	clade1sub2	51-172-246-255
10666	3.121861783655782e-09	clade1sub7	24-215-202-255
10667	4.073959898981876e-05	clade1sub7	24-215-202-255
10668	0.0009849248975523	clade1sub18	122-4-2-255
10669	2.1691792651728887e-06	clade1sub7	24-215-202-255
10670	4.970988937074406e-12	clade1sub7	24-215-202-255
10671	0.8403214367616219	clade1sub7	24-215-202-255
10672	0.8639622467371667	clade1sub7	24-215-202-255
10673	0.7726063828658263	clade1sub7	24-215-202-255
10674	0.6785848707165187	clade1sub7	24-215-202-255
10675	0.3348151667214088	clade1sub17	222-62-8-255
10676	0.4743471722428209	clade1sub17	222-62-8-255
10677	1.5950806947551618e-14	clade1sub13	180-27-1-255
10678	2.3203509869786085e-12	clade1sub13	180-27-1-255
10679	8.345370391727354e-11	clade1sub3	70-122-242-255
10681	1.0289151994226331e-10	clade1sub7	24-215-202-255
10682	5.074921205413697e-05	clade1sub11	232-213-56-255
10683	3.878081711260514e-06	clade1sub4	53-243-148-255
10684	5.528707448853165e-05	clade1sub12	128-254-83-255
10685	1.6839145551652036e-05	clade1sub7	24-215-202-255
10686	7.476090090383978e-14	clade1sub11	232-213-56-255
10687	1.602057815327873e-17	clade1sub3	70-122-242-255
10688	7.231479971936873e-14	clade1sub7	24-215-202-255
10689	4.935260766974271e-10	clade1sub11	232-213-56-255
10690	0.0015866293328584	clade1sub14	247-113-27-255
10691	3.680229116010718e-13	clade1sub11	232-213-56-255
10692	1.0179064156858333e-07	clade1sub7	24-215-202-255
10693	1.0329505992469486e-06	clade1sub14	247-113-27-255
10694	8.086788092050397e-07	clade1sub7	24-215-202-255
10695	2.3792163760173346e-15	clade1sub7	24-215-202-255
10696	1.6426493840246877e-07	clade1sub3	70-122-242-255
10697	5.347389277086894e-10	clade1sub7	24-215-202-255
10698	2.8547372645494593e-08	clade1sub7	24-215-202-255
10699	6.875329314182739e-07	clade1sub7	24-215-202-255
10700	1.1676398772836192e-11	clade1sub7	24-215-202-255
10701	2.92332665994202e-10	clade1sub13	180-27-1-255
10702	0.9868434763599216	clade1sub7	24-215-202-255
10703	0.9425221589756492	clade1sub7	24-215-202-255
10704	0.0276016483986834	clade1sub7	24-215-202-255
10705	0.9342743263956786	clade1sub7	24-215-202-255
10706	0.8854074294398444	clade1sub17	222-62-8-255
10707	0.0084240120727327	clade1sub3	70-122-242-255
10708	1.5948636102278223e-06	clade1sub11	232-213-56-255
10709	0.0494507088871809	clade1sub3	70-122-242-255
10710	1.2567631807101326e-12	clade1sub11	232-213-56-255
10711	6.26741341689133e-09	clade1sub3	70-122-242-255
10712	5.741590735621264e-09	clade1sub3	70-122-242-255
10713	3.909512482528741e-09	clade1sub3	70-122-242-255
10714	2.194601012255029e-11	clade1sub7	24-215-202-255
10715	2.5398792681590466e-15	clade1sub7	24-215-202-255
10716	0.0651689629376962	clade1sub3	70-122-242-255
10717	2.2882693346445411e-10	clade1sub17	222-62-8-255
10718	0.000322459204685	clade1sub7	24-215-202-255
10719	1.2511996895351254e-08	clade1sub14	247-113-27-255
10720	7.857601540796908e-07	clade1sub7	24-215-202-255
10721	7.093589837919478e-05	clade1sub7	24-215-202-255
10722	1.2010320640780086e-06	clade1sub3	70-122-242-255
10724	2.6099561221709426e-08	clade1sub3	70-122-242-255
10726	5.82588572889525e-06	clade1sub7	24-215-202-255
10727	2.1148807665289088e-12	clade1sub3	70-122-242-255
10728	3.558350266567559e-05	clade1sub7	24-215-202-255
10729	0.0015865405171751	clade1sub7	24-215-202-255
10730	0.0417731121718965	clade1sub3	70-122-242-255
10731	0.0001826928270828	clade1sub3	70-122-242-255
10732	3.169932136781377e-09	clade1sub3	70-122-242-255
10733	7.731194438209636e-10	clade1sub3	70-122-242-255
10734	0.0005787990307686	clade1sub13	180-27-1-255
10735	4.479535229550232e-05	clade1sub19	187-244-52-255
10736	2.5651935612627502e-05	clade1sub11	232-213-56-255
10737	0.0525649278860421	clade1sub11	232-213-56-255
10738	0.0575247987419887	clade1sub12	128-254-83-255
10739	5.289313026720338e-06	clade1sub11	232-213-56-255
10740	4.760038125688161e-09	clade1sub11	232-213-56-255
10741	4.94041002046022e-07	clade1sub14	247-113-27-255
10742	1.1626180830172258e-06	clade1sub11	232-213-56-255
10743	3.6482463696984772e-09	clade1sub7	24-215-202-255
10744	4.7005357208142126e-14	clade1sub7	24-215-202-255
10745	1.6637624428499612e-11	clade1sub7	24-215-202-255
10746	3.0238083683171396e-09	clade1sub7	24-215-202-255
10747	3.8689547181833717e-16	clade1sub7	24-215-202-255
10748	6.358965066306231e-11	clade1sub7	24-215-202-255
10749	2.731902260253913e-15	clade1sub3	70-122-242-255
10750	1.1918277833242578e-13	clade1sub7	24-215-202-255
10751	6.405352141498486e-15	clade1sub7	24-215-202-255
10752	1.3790577921827624e-06	clade1sub7	24-215-202-255
10753	3.388686796711708e-09	clade1sub7	24-215-202-255
10754	3.4273889818184925e-17	clade1sub3	70-122-242-255
10755	3.1430057630591657e-15	clade1sub7	24-215-202-255
10756	2.7176177835433965e-06	clade1sub11	232-213-56-255
10757	0.1629798540362066	clade1sub11	232-213-56-255
10758	0.0138388232352928	clade1sub11	232-213-56-255
10759	0.0189814878701509	clade1sub12	128-254-83-255
10760	1.1771788631183892e-11	clade1sub7	24-215-202-255
10761	0.0258282469667844	clade1sub11	232-213-56-255
10762	5.338922808942102e-09	clade1sub11	232-213-56-255
10763	8.95953796892628e-06	clade1sub7	24-215-202-255
10764	8.518480827505714e-05	clade1sub7	24-215-202-255
10765	6.199925367493451e-09	clade1sub11	232-213-56-255
10766	7.121624716854206e-13	clade1sub11	232-213-56-255
10767	0.0350740422263274	clade1sub12	128-254-83-255
10768	1.0913766930057607e-07	clade1sub11	232-213-56-255
10769	9.060036439479382e-06	clade1sub7	24-215-202-255
10770	9.361046962795339e-10	clade1sub7	24-215-202-255
10771	1.0663836590532932e-13	clade1sub12	128-254-83-255
10772	6.462487213459091e-06	clade1sub12	128-254-83-255
10773	0.0052855867393807	clade1sub3	70-122-242-255
10774	4.566320910107104e-13	clade1sub3	70-122-242-255
10775	1.1883774026957537e-14	clade1sub3	70-122-242-255
10776	7.782974464882519e-16	clade1sub7	24-215-202-255
10777	7.604838113241861e-17	clade1sub3	70-122-242-255
10778	3.3908300826661024e-12	clade1sub3	70-122-242-255
10779	1.0453270741420308e-14	clade1sub7	24-215-202-255
10780	1.2997348080738377e-17	clade1sub3	70-122-242-255
10781	4.444455941069565e-09	clade1sub7	24-215-202-255
10782	1.0959227367997347e-09	clade1sub7	24-215-202-255
10783	0.0002284281707058	clade1sub7	24-215-202-255
10784	9.746219131530183e-11	clade1sub7	24-215-202-255
10785	1.1695900173345804e-07	clade1sub7	24-215-202-255
10786	8.036880123416197e-10	clade1sub7	24-215-202-255
10787	2.150287605159535e-05	clade1sub7	24-215-202-255
10788	0.0039893558896983	clade1sub7	24-215-202-255
10789	1.0475542024842424e-13	clade1sub7	24-215-202-255
10790	3.384517815299845e-12	clade1sub13	180-27-1-255
10791	0.9949672708718788	clade1sub7	24-215-202-255
10792	0.0063565764531771	clade1sub7	24-215-202-255
10793	6.863292186983683e-10	clade1sub3	70-122-242-255
10794	1.0108764173632015e-05	clade1sub7	24-215-202-255
10795	8.704110373918533e-15	clade1sub7	24-215-202-255
10796	0.3526973120349206	clade1sub11	232-213-56-255
10797	0.2322283435015505	clade1sub12	128-254-83-255
10798	6.493894988504467e-06	clade1sub11	232-213-56-255
10799	0.0006486886660192	clade1sub11	232-213-56-255
10800	0.0111599118821336	clade1sub11	232-213-56-255
10801	0.0109971464093161	clade1sub11	232-213-56-255
10802	0.0164994339333157	clade1sub11	232-213-56-255
10803	0.0898772876515594	clade1sub11	232-213-56-255
10804	9.851846424438055e-07	clade1sub7	24-215-202-255
10805	7.473890806569385e-11	clade1sub7	24-215-202-255
10806	7.122599264451858e-08	clade1sub7	24-215-202-255
10807	4.681182334857953e-07	clade1sub7	24-215-202-255
10808	7.686009667883234e-15	clade1sub3	70-122-242-255
10809	4.114083712248722e-05	clade1sub7	24-215-202-255
10810	0.8641705709564191	clade1sub7	24-215-202-255
10811	0.3353940111111441	clade1sub7	24-215-202-255
10812	0.2707178280189299	clade1sub3	70-122-242-255
10813	0.9779206452532648	clade1sub7	24-215-202-255
10814	0.9875421444240574	clade1sub7	24-215-202-255
10815	0.9645594145978064	clade1sub7	24-215-202-255
10816	6.27358076843165e-09	clade1sub7	24-215-202-255
10817	1.418621039555327e-07	clade1sub7	24-215-202-255
10818	0.0139913585729168	clade1sub12	128-254-83-255
10819	7.803266165464872e-16	clade1sub17	222-62-8-255
10820	2.0264947842633285e-13	clade1sub7	24-215-202-255
10821	6.73072694193078e-13	clade1sub7	24-215-202-255
10822	5.798281840750637e-10	clade1sub3	70-122-242-255
10823	7.73684105562091e-05	clade1sub7	24-215-202-255
10824	1.101020681416894e-09	clade1sub3	70-122-242-255
10825	8.408734215690598e-09	clade1sub7	24-215-202-255
10826	1.2239299273021878e-10	clade1sub7	24-215-202-255
10827	3.011254873492929e-10	clade1sub7	24-215-202-255
10828	7.113262519343383e-10	clade1sub7	24-215-202-255
10829	4.894097840060592e-09	clade1sub7	24-215-202-255
10830	6.611456393365633e-11	clade1sub7	24-215-202-255
10831	2.2982672140505845e-12	clade1sub7	24-215-202-255
10832	0.947319803880336	clade1sub7	24-215-202-255
10833	0.5849298349215473	clade1sub7	24-215-202-255
10834	0.2887085707311912	clade1sub7	24-215-202-255
10835	0.1783220638441378	clade1sub7	24-215-202-255
10836	0.4444984554444373	clade1sub18	122-4-2-255
10837	0.7041170599931624	clade1sub7	24-215-202-255
10838	1.8347371731404704e-05	clade1sub11	232-213-56-255
10839	2.927346901985195e-12	clade1sub3	70-122-242-255
10840	6.687089859381083e-17	clade1sub7	24-215-202-255
10841	2.640971726041527e-09	clade1sub3	70-122-242-255
10842	8.764040628639678e-11	clade1sub3	70-122-242-255
10843	8.00556191520914e-08	clade1sub12	128-254-83-255
10844	6.588050432107107e-13	clade1sub7	24-215-202-255
10845	7.969480987198433e-10	clade1sub17	222-62-8-255
10846	4.5286937559031826e-15	clade1sub7	24-215-202-255
10847	5.2432614933106754e-08	clade1sub3	70-122-242-255
10848	6.4906193030885176e-12	clade1sub3	70-122-242-255
10849	5.344697898426955e-08	clade1sub12	128-254-83-255
10850	1.916162399239358e-16	clade1sub3	70-122-242-255
10851	0.0005211474132566	clade1sub3	70-122-242-255
10852	6.478821543830097e-13	clade1sub7	24-215-202-255
10853	7.172654769763183e-10	clade1sub3	70-122-242-255
10854	0.0009131485158813	clade1sub12	128-254-83-255
10855	0.0012358991520168	clade1sub4	53-243-148-255
10856	0.0133779301964695	clade1sub3	70-122-242-255
10857	5.166221225757357e-06	clade1sub3	70-122-242-255
10858	4.700430131130047e-08	clade1sub14	247-113-27-255
10859	3.404827451276622e-07	clade1sub14	247-113-27-255
10860	1.4886490345042119e-09	clade1sub14	247-113-27-255
10861	9.199071861194692e-08	clade1sub12	128-254-83-255
10862	1.2989914353101108e-06	clade1sub3	70-122-242-255
10863	1.982489504090836e-07	clade1sub3	70-122-242-255
10864	0.0001111012907681	clade1sub11	232-213-56-255
10865	3.115833609417249e-05	clade1sub11	232-213-56-255
10866	9.626130668195694e-10	clade1sub7	24-215-202-255
10867	7.162709477194548e-10	clade1sub7	24-215-202-255
10868	1.727186574289732e-15	clade1sub7	24-215-202-255
10869	2.8631376641023265e-14	clade1sub7	24-215-202-255
10870	1.859390799505465e-16	clade1sub7	24-215-202-255
10871	4.4147004716211134e-16	clade1sub7	24-215-202-255
10872	7.231902148281059e-23	clade1sub7	24-215-202-255
10873	5.252624374156855e-20	clade1sub7	24-215-202-255
10874	2.3983906178660727e-08	clade1sub7	24-215-202-255
10875	1.1667560162128566e-10	clade1sub7	24-215-202-255
10876	1.1927484823481256e-10	clade1sub11	232-213-56-255
10877	5.2880383533841023e-14	clade1sub13	180-27-1-255
10878	1.0877981300365182e-09	clade1sub11	232-213-56-255
10879	1.9128620756222595e-11	clade1sub13	180-27-1-255
10880	8.100657888129472e-12	clade1sub13	180-27-1-255
10881	1.2518701057547498e-10	clade1sub19	187-244-52-255
10882	1.2426436021380318e-06	clade1sub11	232-213-56-255
10883	8.637680221066813e-08	clade1sub12	128-254-83-255
10884	2.4258452719188695e-07	clade1sub11	232-213-56-255
10885	1.0223771981541823e-09	clade1sub11	232-213-56-255
10886	3.550555820575232e-05	clade1sub12	128-254-83-255
10887	0.0017049178419238	clade1sub11	232-213-56-255
10888	2.7789455911547604e-05	clade1sub12	128-254-83-255
10889	0.0004005901869801	clade1sub12	128-254-83-255
10890	2.3032591076468232e-08	clade1sub12	128-254-83-255
10891	5.084860988120644e-06	clade1sub12	128-254-83-255
10892	0.1139621950978859	clade1sub12	128-254-83-255
10893	0.0008319074265241	clade1sub12	128-254-83-255
10894	0.1888168262365859	clade1sub12	128-254-83-255
10895	0.0024768705433852	clade1sub12	128-254-83-255
10896	0.0458870512629265	clade1sub11	232-213-56-255
10897	5.8032002650208575e-15	clade1sub3	70-122-242-255
10898	5.015435666588629e-15	clade1sub7	24-215-202-255
10899	1.7178894474906225e-15	clade1sub7	24-215-202-255
10900	1.4430822442252908e-10	clade1sub7	24-215-202-255
10901	2.742297124353861e-16	clade1sub7	24-215-202-255
10902	1.0712802826296812e-10	clade1sub11	232-213-56-255
10903	3.3327895326462776e-10	clade1sub7	24-215-202-255
10904	5.040338528167335e-05	clade1sub7	24-215-202-255
10905	5.948429162410286e-06	clade1sub7	24-215-202-255
10906	1.7593840004108497e-11	clade1sub7	24-215-202-255
10907	9.200255976643913e-08	clade1sub7	24-215-202-255
10908	0.0011011665062843	clade1sub7	24-215-202-255
10909	4.082040577116709e-11	clade1sub7	24-215-202-255
10910	0.989511052438818	clade1sub7	24-215-202-255
10911	1.1491279526615324e-11	clade1sub7	24-215-202-255
10912	0.9712931925361842	clade1sub7	24-215-202-255
10913	5.0648835115822016e-05	clade1sub7	24-215-202-255
10914	0.8831069916248468	clade1sub7	24-215-202-255
10915	3.2149723475923286e-10	clade1sub7	24-215-202-255
10916	2.279902762057575e-08	clade1sub7	24-215-202-255
10917	6.532024871666254e-11	clade1sub7	24-215-202-255
10918	0.9129834453843632	clade1sub7	24-215-202-255
10919	0.999529110823271	clade1sub7	24-215-202-255
10920	1.2336831604367966e-14	clade1sub7	24-215-202-255
10921	5.574962269355203e-10	clade1sub7	24-215-202-255
10922	3.7036602813332213e-07	clade1sub7	24-215-202-255
10923	4.4996365978149624e-09	clade1sub7	24-215-202-255
10924	3.3408550446522506e-05	clade1sub7	24-215-202-255
10925	1.6866976587062392e-09	clade1sub7	24-215-202-255
10926	0.0001241489095843	clade1sub4	53-243-148-255
10927	1.2956488832388504e-14	clade1sub7	24-215-202-255
10928	0.0040237170523232	clade1sub4	53-243-148-255
10929	0.0263824882363023	clade1sub11	232-213-56-255
10930	0.0340348108073116	clade1sub19	187-244-52-255
10931	0.0330507082767361	clade1sub12	128-254-83-255
10932	0.0077200259035673	clade1sub12	128-254-83-255
10933	0.0020873587028341	clade1sub3	70-122-242-255
10934	7.659289620122856e-14	clade1sub3	70-122-242-255
10935	0.0820528763255019	clade1sub11	232-213-56-255
10936	0.0230137592267651	clade1sub12	128-254-83-255
10937	0.0443026495587375	clade1sub11	232-213-56-255
10938	2.3348541622634e-14	clade1sub3	70-122-242-255
10939	7.945233537913813e-14	clade1sub13	180-27-1-255
10940	4.9841404997448377e-11	clade1sub7	24-215-202-255
10941	2.4763075256157355e-11	clade1sub7	24-215-202-255
10942	8.727523767552069e-15	clade1sub7	24-215-202-255
10943	5.792713363275201e-12	clade1sub7	24-215-202-255
10944	0.9518262666730896	clade1sub7	24-215-202-255
10945	0.8468084255894196	clade1sub7	24-215-202-255
10946	0.642034996887531	clade1sub7	24-215-202-255
10947	0.8985269529907818	clade1sub7	24-215-202-255
10948	0.9597048047483484	clade1sub7	24-215-202-255
10949	0.065400654295917	clade1sub7	24-215-202-255
10950	1.460091811915201e-05	clade1sub3	70-122-242-255
10951	2.9376052719258627e-05	clade1sub7	24-215-202-255
10953	0.0003834473143773	clade1sub14	247-113-27-255
10954	2.1838260738209347e-13	clade1sub7	24-215-202-255
10955	1.111845746648884e-11	clade1sub11	232-213-56-255
10956	2.5839916940487808e-11	clade1sub7	24-215-202-255
10957	3.1048110804120604e-05	clade1sub7	24-215-202-255
10958	6.104680211598501e-07	clade1sub7	24-215-202-255
10959	4.353024633940443e-09	clade1sub7	24-215-202-255
10960	1.9335498979394835e-11	clade1sub7	24-215-202-255
10961	4.077713578379496e-11	clade1sub7	24-215-202-255
10962	1.7917181999879889e-12	clade1sub7	24-215-202-255
10963	0.9972378413395562	clade1sub7	24-215-202-255
10964	0.0266685966727212	clade1sub7	24-215-202-255
10965	0.2670196440136822	clade1sub7	24-215-202-255
10966	0.8474359062178783	clade1sub17	222-62-8-255
10967	0.563171442464983	clade1sub17	222-62-8-255
10968	0.9688982051379847	clade1sub17	222-62-8-255
10969	0.0111982207170877	clade1sub3	70-122-242-255
10970	1.0005667742664202e-09	clade1sub3	70-122-242-255
10971	1.9658803388056704e-08	clade1sub3	70-122-242-255
10972	6.301227997207596e-06	clade1sub3	70-122-242-255
10973	2.3282527326788455e-07	clade1sub3	70-122-242-255
10974	2.299686996059239e-07	clade1sub2	51-172-246-255
10975	6.003315060163376e-10	clade1sub14	247-113-27-255
10976	1.991009570293835e-12	clade1sub14	247-113-27-255
10977	2.15843165456496e-11	clade1sub3	70-122-242-255
10978	5.556313092909064e-11	clade1sub3	70-122-242-255
10979	2.249622883366521e-12	clade1sub7	24-215-202-255
10980	9.694708126510527e-10	clade1sub14	247-113-27-255
10981	2.9971787743224825e-08	clade1sub3	70-122-242-255
10982	1.127863164058502e-07	clade1sub7	24-215-202-255
10983	1.1588311098523969e-18	clade1sub7	24-215-202-255
10984	9.357439958560761e-09	clade1sub7	24-215-202-255
10985	2.1516136536284407e-16	clade1sub7	24-215-202-255
10986	1.1551420511926845e-06	clade1sub12	128-254-83-255
10987	5.171390292746382e-05	clade1sub7	24-215-202-255
10988	3.20575571932076e-08	clade1sub7	24-215-202-255
10989	6.1288963115316465e-15	clade1sub7	24-215-202-255
10990	1.0289413818104545e-08	clade1sub7	24-215-202-255
10991	0.0344886239653657	clade1sub12	128-254-83-255
10992	0.0002843052225291	clade1sub12	128-254-83-255
10993	3.6929843634213584e-06	clade1sub12	128-254-83-255
10994	2.8990550415952956e-08	clade1sub3	70-122-242-255
10995	0.3297160987786455	clade1sub17	222-62-8-255
10996	1.4973467906508895e-08	clade1sub14	247-113-27-255
10997	2.0692431294230414e-06	clade1sub14	247-113-27-255
10998	4.2329254217532046e-08	clade1sub4	53-243-148-255
10999	1.453782030241847e-06	clade1sub4	53-243-148-255
11000	4.289495278353744e-08	clade1sub3	70-122-242-255
11001	1.499835911058248e-09	clade1sub3	70-122-242-255
11002	1.330784921137029e-12	clade1sub7	24-215-202-255
11003	5.561947853668957e-10	clade1sub3	70-122-242-255
11004	9.466028290460986e-11	clade1sub7	24-215-202-255
11005	0.1230345678452958	clade1sub12	128-254-83-255
11006	2.228847174199822e-20	clade1sub3	70-122-242-255
11007	5.72343444962063e-22	clade1sub7	24-215-202-255
11008	1.0827570166324742e-22	clade1sub3	70-122-242-255
11009	8.630309924699147e-17	clade1sub7	24-215-202-255
11010	1.793433846058629e-20	clade1sub7	24-215-202-255
11011	1.1292329182644915e-10	clade1sub7	24-215-202-255
11012	3.5675731516910302e-09	clade1sub7	24-215-202-255
11013	3.4009393032679497e-12	clade1sub13	180-27-1-255
11014	1.820393451402913e-12	clade1sub13	180-27-1-255
11015	2.2259149635838824e-10	clade1sub13	180-27-1-255
11016	1.4521326255618796e-05	clade1sub12	128-254-83-255
11017	3.416184783748064e-14	clade1sub7	24-215-202-255
11018	4.739816774729531e-19	clade1sub3	70-122-242-255
11019	1.4303179276178304e-18	clade1sub7	24-215-202-255
11020	1.9444408546431048e-11	clade1sub7	24-215-202-255
11021	1.1964230633721812e-20	clade1sub3	70-122-242-255
11022	1.8829855485757543e-10	clade1sub11	232-213-56-255
11023	3.915433272867512e-08	clade1sub7	24-215-202-255
11024	0.106268715432582	clade1sub7	24-215-202-255
11025	9.842635563089057e-16	clade1sub7	24-215-202-255
11026	3.003837876490007e-07	clade1sub7	24-215-202-255
11027	6.075306582719253e-11	clade1sub7	24-215-202-255
11028	3.286997090608896e-09	clade1sub7	24-215-202-255
11029	2.876008715840988e-07	clade1sub7	24-215-202-255
11030	0.98560722009995	clade1sub7	24-215-202-255
11031	2.5645165886577086e-06	clade1sub7	24-215-202-255
11032	0.9998559791090502	clade1sub7	24-215-202-255
11033	1.5782338286224844e-07	clade1sub7	24-215-202-255
11034	1.1440240015866392e-08	clade1sub7	24-215-202-255
11035	2.1313618121170875e-06	clade1sub11	232-213-56-255
11036	4.730267053962674e-06	clade1sub14	247-113-27-255
11037	2.9837166920258627e-05	clade1sub12	128-254-83-255
11038	4.098550754928537e-07	clade1sub11	232-213-56-255
11039	0.00035620578003	clade1sub11	232-213-56-255
11040	0.0011271306383365	clade1sub11	232-213-56-255
11041	4.459665743954911e-06	clade1sub11	232-213-56-255
11042	3.204674190942209e-09	clade1sub13	180-27-1-255
11043	1.7371023744284473e-06	clade1sub7	24-215-202-255
11044	2.397411374009976e-13	clade1sub7	24-215-202-255
11045	2.0769479014066226e-08	clade1sub7	24-215-202-255
11046	0.1558496794605334	clade1sub7	24-215-202-255
11047	3.839251238588548e-09	clade1sub7	24-215-202-255
11048	8.934635535640467e-13	clade1sub7	24-215-202-255
11049	0.4124942242358438	clade1sub7	24-215-202-255
11050	0.747527429037429	clade1sub7	24-215-202-255
11051	0.9929494368045716	clade1sub7	24-215-202-255
11052	0.8076847790109408	clade1sub7	24-215-202-255
11053	0.8942922238839817	clade1sub7	24-215-202-255
11054	0.7432963264413415	clade1sub14	247-113-27-255
11055	0.9038030931285606	clade1sub7	24-215-202-255
11056	0.0033192840021429	clade1sub12	128-254-83-255
11057	6.42062800771251e-05	clade1sub11	232-213-56-255
11058	1.373571249041133e-06	clade1sub11	232-213-56-255
11059	5.078866516852172e-09	clade1sub7	24-215-202-255
11060	3.340140624182949e-07	clade1sub11	232-213-56-255
11061	2.182503081888404e-07	clade1sub11	232-213-56-255
11062	1.823474017781914e-09	clade1sub7	24-215-202-255
11063	6.812440389375038e-09	clade1sub7	24-215-202-255
11064	2.3866514162001773e-08	clade1sub11	232-213-56-255
11065	2.8120338606011946e-15	clade1sub7	24-215-202-255
11066	0.0475675046698917	clade1sub11	232-213-56-255
11067	0.0001516388191062	clade1sub14	247-113-27-255
11068	0.0051956061023473	clade1sub3	70-122-242-255
11069	6.622779645769111e-07	clade1sub7	24-215-202-255
11070	3.303307576966882e-07	clade1sub7	24-215-202-255
11071	0.947224520614988	clade1sub7	24-215-202-255
11072	4.208008698383141e-12	clade1sub7	24-215-202-255
11073	0.0049124044555317	clade1sub7	24-215-202-255
11074	0.3370181582779083	clade1sub7	24-215-202-255
11075	0.4406907427868724	clade1sub17	222-62-8-255
11076	0.575956425850229	clade1sub13	180-27-1-255
11077	0.1471923321979169	clade1sub14	247-113-27-255
11078	0.0104991067468633	clade1sub14	247-113-27-255
11079	0.0002081403762133	clade1sub14	247-113-27-255
11080	7.170284495501432e-07	clade1sub3	70-122-242-255
11081	6.164513026694481e-05	clade1sub17	222-62-8-255
11082	6.321748322976015e-07	clade1sub3	70-122-242-255
11083	3.426467706994304e-09	clade1sub3	70-122-242-255
11084	1.371524532176945e-09	clade1sub3	70-122-242-255
11085	4.739747769388575e-13	clade1sub3	70-122-242-255
11086	7.567131810589458e-12	clade1sub3	70-122-242-255
11087	9.077608713186994e-13	clade1sub11	232-213-56-255
11088	1.920594675835014e-09	clade1sub7	24-215-202-255
11089	1.5928525562579256e-05	clade1sub12	128-254-83-255
11090	1.9708565349601729e-07	clade1sub12	128-254-83-255
11091	2.7253815200720873e-18	clade1sub7	24-215-202-255
11092	1.3046871203351528e-13	clade1sub7	24-215-202-255
11093	0.0015127793533641	clade1sub12	128-254-83-255
11094	1.6484858097456427e-05	clade1sub12	128-254-83-255
11095	1.691876534197861e-06	clade1sub7	24-215-202-255
11096	4.272368011330221e-05	clade1sub7	24-215-202-255
11097	3.555974794496532e-05	clade1sub12	128-254-83-255
11098	7.666394952556545e-07	clade1sub3	70-122-242-255
11099	1.0397320378999487e-10	clade1sub7	24-215-202-255
11100	8.219092827488724e-07	clade1sub3	70-122-242-255
11101	2.4270118542207222e-09	clade1sub7	24-215-202-255
11102	0.000192514939336	clade1sub4	53-243-148-255
11103	6.241858023263592e-07	clade1sub19	187-244-52-255
11104	1.538744196664364e-10	clade1sub14	247-113-27-255
11105	0.0021161984290499	clade1sub12	128-254-83-255
11106	0.0001574194961567	clade1sub12	128-254-83-255
11107	2.159200219157366e-09	clade1sub4	53-243-148-255
11108	8.214252787023949e-12	clade1sub7	24-215-202-255
11109	0.0100097525145928	clade1sub11	232-213-56-255
11110	0.0017904414462654	clade1sub11	232-213-56-255
11111	0.0063705004409315	clade1sub12	128-254-83-255
11112	6.555013973703546e-14	clade1sub3	70-122-242-255
11113	9.498474423387862e-23	clade1sub3	70-122-242-255
11114	2.886184923556012e-23	clade1sub3	70-122-242-255
11115	1.3730391291513625e-22	clade1sub3	70-122-242-255
11116	2.1191364162284464e-17	clade1sub7	24-215-202-255
11117	2.4788232035319856e-17	clade1sub7	24-215-202-255
11118	1.8948404583567103e-16	clade1sub7	24-215-202-255
11119	4.286610868553616e-16	clade1sub7	24-215-202-255
11120	9.266760166407706e-17	clade1sub7	24-215-202-255
11121	2.3389010731394038e-11	clade1sub11	232-213-56-255
11122	1.0396984334002564e-18	clade1sub7	24-215-202-255
11123	4.313312699465733e-18	clade1sub7	24-215-202-255
11124	1.3786080681773594e-12	clade1sub7	24-215-202-255
11125	5.4716150006124594e-15	clade1sub7	24-215-202-255
11126	2.392717440012141e-23	clade1sub7	24-215-202-255
11127	2.68619087651574e-26	clade1sub7	24-215-202-255
11128	6.374021234082748e-12	clade1sub7	24-215-202-255
11129	9.071436488336828e-26	clade1sub3	70-122-242-255
11130	3.094267766282941e-23	clade1sub7	24-215-202-255
11131	3.01714182969055e-12	clade1sub7	24-215-202-255
11132	4.9071553736114356e-14	clade1sub12	128-254-83-255
11133	3.167161673501897e-08	clade1sub7	24-215-202-255
11134	1.66013505532242e-05	clade1sub7	24-215-202-255
11135	1.7175648933981374e-06	clade1sub7	24-215-202-255
11136	2.852725768363924e-07	clade1sub7	24-215-202-255
11137	5.225429387485536e-08	clade1sub7	24-215-202-255
11138	3.4248543975780227e-10	clade1sub7	24-215-202-255
11139	2.0632356301208617e-15	clade1sub3	70-122-242-255
11140	0.0959024029959883	clade1sub7	24-215-202-255
11141	1.1563897539514958e-13	clade1sub7	24-215-202-255
11142	2.763283448678618e-12	clade1sub7	24-215-202-255
11143	4.1337809172224805e-11	clade1sub12	128-254-83-255
11144	7.101819981175025e-15	clade1sub7	24-215-202-255
11145	1.7507256797092532e-16	clade1sub7	24-215-202-255
11146	1.8249902753952617e-05	clade1sub3	70-122-242-255
11147	0.9969967318152536	clade1sub7	24-215-202-255
11148	4.2542671917563533e-13	clade1sub7	24-215-202-255
11149	2.8060609568599745e-05	clade1sub7	24-215-202-255
11150	0.0058776050162591	clade1sub7	24-215-202-255
11151	3.393317935694159e-09	clade1sub7	24-215-202-255
11152	0.998654778292905	clade1sub7	24-215-202-255
11153	4.531510001880579e-07	clade1sub7	24-215-202-255
11154	9.670232099437329e-12	clade1sub7	24-215-202-255
11155	8.052787299033385e-05	clade1sub7	24-215-202-255
11156	8.909802424344876e-08	clade1sub7	24-215-202-255
11157	1.591857918889644e-11	clade1sub7	24-215-202-255
11158	9.639183929222569e-07	clade1sub7	24-215-202-255
11159	2.601455871332647e-06	clade1sub11	232-213-56-255
11160	1.728478349098707e-07	clade1sub7	24-215-202-255
11161	7.622523117954742e-07	clade1sub11	232-213-56-255
11162	1.2810131466509894e-09	clade1sub11	232-213-56-255
11163	2.979986067798839e-05	clade1sub3	70-122-242-255
11164	0.0007855463957623	clade1sub12	128-254-83-255
11165	5.491173120446639e-11	clade1sub13	180-27-1-255
11166	5.974686597425476e-10	clade1sub11	232-213-56-255
11167	1.0480547185853471e-11	clade1sub11	232-213-56-255
11168	1.9087807633129425e-15	clade1sub7	24-215-202-255
11169	4.1976794674790006e-17	clade1sub7	24-215-202-255
11170	2.1134309625129028e-10	clade1sub13	180-27-1-255
11171	1.1017192925094473e-18	clade1sub3	70-122-242-255
11172	4.887410959221953e-13	clade1sub7	24-215-202-255
11173	1.3404152507139695e-09	clade1sub7	24-215-202-255
11174	2.149981515894567e-09	clade1sub7	24-215-202-255
11175	2.330404730048092e-13	clade1sub7	24-215-202-255
11176	2.536928471954121e-13	clade1sub7	24-215-202-255
11177	4.4892114654845214e-10	clade1sub7	24-215-202-255
11178	8.534497256680048e-08	clade1sub7	24-215-202-255
11179	1.907226837318074e-09	clade1sub7	24-215-202-255
11180	0.8618698550235943	clade1sub7	24-215-202-255
11181	1.2810840664494438e-06	clade1sub7	24-215-202-255
11182	0.997449678724731	clade1sub7	24-215-202-255
11183	0.8957179331754135	clade1sub7	24-215-202-255
11184	0.4253633871024643	clade1sub14	247-113-27-255
11185	0.3727097360529897	clade1sub14	247-113-27-255
11186	0.0010201939552873	clade1sub7	24-215-202-255
11187	0.6376181324742873	clade1sub14	247-113-27-255
11188	0.0001733309175298	clade1sub17	222-62-8-255
11189	0.0002382299901337	clade1sub11	232-213-56-255
11190	1.0594312254106873e-05	clade1sub3	70-122-242-255
11191	3.366521704947251e-08	clade1sub11	232-213-56-255
11192	1.4263908290773327e-06	clade1sub11	232-213-56-255
11193	1.5576564436630377e-05	clade1sub11	232-213-56-255
11194	4.475568898071061e-06	clade1sub11	232-213-56-255
11195	7.106402357446403e-08	clade1sub11	232-213-56-255
11196	1.936959434012098e-08	clade1sub11	232-213-56-255
11197	0.0006834896655094	clade1sub11	232-213-56-255
11198	0.1403965192811203	clade1sub12	128-254-83-255
11199	5.052074081619087e-05	clade1sub12	128-254-83-255
11200	5.78077692850216e-08	clade1sub12	128-254-83-255
11201	5.78050418474324e-05	clade1sub11	232-213-56-255
11202	2.6285241124437685e-07	clade1sub11	232-213-56-255
11203	5.386782505752612e-12	clade1sub7	24-215-202-255
11205	3.769327831984017e-05	clade1sub3	70-122-242-255
11206	1.0226891854266209e-06	clade1sub14	247-113-27-255
11207	6.034712000580334e-08	clade1sub7	24-215-202-255
11208	3.1389367872514176e-05	clade1sub7	24-215-202-255
11209	0.1151907950992375	clade1sub12	128-254-83-255
11210	0.8103182234022355	clade1sub7	24-215-202-255
11211	0.0008195132686679	clade1sub12	128-254-83-255
11212	0.0029725728282048	clade1sub3	70-122-242-255
11213	0.1014174545660203	clade1sub3	70-122-242-255
11214	1.1371351713447448e-06	clade1sub11	232-213-56-255
11215	0.0092613464766039	clade1sub12	128-254-83-255
11216	6.922073432664688e-12	clade1sub14	247-113-27-255
11217	0.0010091354926684	clade1sub12	128-254-83-255
11218	0.017876995762803	clade1sub12	128-254-83-255
11219	0.0357902278967214	clade1sub12	128-254-83-255
11220	2.216012472572812e-11	clade1sub7	24-215-202-255
11221	1.4986021054982834e-07	clade1sub7	24-215-202-255
11222	8.485685351997424e-13	clade1sub7	24-215-202-255
11223	1.979718948042709e-11	clade1sub7	24-215-202-255
11224	1.7382915215223976e-15	clade1sub7	24-215-202-255
11225	0.0011973481582771	clade1sub7	24-215-202-255
11226	0.011010595644004	clade1sub4	53-243-148-255
11227	0.0020711647165503	clade1sub4	53-243-148-255
11228	4.2964579198714746e-08	clade1sub11	232-213-56-255
11229	1.9259620508105567e-07	clade1sub11	232-213-56-255
11230	4.07268232755918e-12	clade1sub7	24-215-202-255
11231	3.8060676182109285e-10	clade1sub14	247-113-27-255
11232	2.6190953127136453e-08	clade1sub12	128-254-83-255
11233	3.709136019668256e-11	clade1sub7	24-215-202-255
11234	5.262337150377097e-12	clade1sub7	24-215-202-255
11235	3.626530192801076e-13	clade1sub3	70-122-242-255
11236	1.879544013116356e-12	clade1sub11	232-213-56-255
11237	2.6039748891006738e-17	clade1sub17	222-62-8-255
11238	1.5179646397498403e-20	clade1sub7	24-215-202-255
11239	6.418340313619347e-15	clade1sub17	222-62-8-255
11240	4.6147014757309005e-18	clade1sub3	70-122-242-255
11241	4.950533121789226e-23	clade1sub3	70-122-242-255
11242	2.1537703885807388e-12	clade1sub11	232-213-56-255
11243	2.2395744054043428e-10	clade1sub17	222-62-8-255
11244	1.2779333446829911e-18	clade1sub7	24-215-202-255
11245	1.149840646579434e-20	clade1sub3	70-122-242-255
11246	1.7092750633574072e-31	clade1sub3	70-122-242-255
11247	1.125851582114189e-19	clade1sub7	24-215-202-255
11248	4.134049086585246e-22	clade1sub3	70-122-242-255
11249	1.4794777528342504e-13	clade1sub17	222-62-8-255
11250	1.453207809837607e-09	clade1sub7	24-215-202-255
11251	8.213039923967016e-14	clade1sub7	24-215-202-255
11252	2.1666499335596942e-13	clade1sub7	24-215-202-255
11253	1.5756764075267755e-27	clade1sub7	24-215-202-255
11254	2.018682388251107e-18	clade1sub3	70-122-242-255
11255	3.926992494292742e-13	clade1sub3	70-122-242-255
11256	9.162691849774836e-20	clade1sub3	70-122-242-255
11257	4.704442020800688e-13	clade1sub11	232-213-56-255
11258	1.0306866834004344e-23	clade1sub3	70-122-242-255
11259	2.6197344705690197e-10	clade1sub7	24-215-202-255
11260	6.178194174483366e-26	clade1sub17	222-62-8-255
11261	4.846096681597444e-15	clade1sub7	24-215-202-255
11262	9.432635835494216e-25	clade1sub7	24-215-202-255
11263	1.4829262576272701e-18	clade1sub17	222-62-8-255
11264	1.206606836106789e-13	clade1sub7	24-215-202-255
11265	7.266123185417306e-21	clade1sub3	70-122-242-255
11266	1.951742448270019e-12	clade1sub7	24-215-202-255
11267	7.647149099709051e-25	clade1sub7	24-215-202-255
11268	1.5356790009871406e-13	clade1sub7	24-215-202-255
11269	2.432486621453615e-17	clade1sub7	24-215-202-255
11270	1.0265970927956196e-16	clade1sub7	24-215-202-255
11271	8.980925262516747e-13	clade1sub7	24-215-202-255
11272	1.5451618776789834e-18	clade1sub7	24-215-202-255
11273	5.148357441679751e-10	clade1sub7	24-215-202-255
11274	1.5287252631107842e-12	clade1sub7	24-215-202-255
11275	1.323771269024428e-31	clade1sub7	24-215-202-255
11276	6.415965145102661e-17	clade1sub7	24-215-202-255
11277	7.75151801095957e-19	clade1sub7	24-215-202-255
11278	2.4014563362827106e-29	clade1sub3	70-122-242-255
11279	4.847842795338668e-09	clade1sub3	70-122-242-255
11280	4.589288518187233e-26	clade1sub3	70-122-242-255
11281	2.0344256130169862e-08	clade1sub7	24-215-202-255
11282	8.61852395375306e-18	clade1sub7	24-215-202-255
11283	6.284758106378361e-07	clade1sub7	24-215-202-255
11284	5.621380262194069e-22	clade1sub3	70-122-242-255
11285	3.536264118681164e-23	clade1sub13	180-27-1-255
11286	2.5635596657802943e-14	clade1sub7	24-215-202-255
11287	3.3087142050939057e-15	clade1sub7	24-215-202-255
11288	1.8181360884700795e-08	clade1sub7	24-215-202-255
11289	1.991690385186497e-09	clade1sub7	24-215-202-255
11290	2.8497008083408803e-09	clade1sub11	232-213-56-255
11291	3.249510904284941e-16	clade1sub7	24-215-202-255
11292	4.461217769913425e-16	clade1sub3	70-122-242-255
11293	1.497834466189913e-13	clade1sub7	24-215-202-255
11294	8.167438431020299e-15	clade1sub7	24-215-202-255
11295	2.5531194272546733e-23	clade1sub7	24-215-202-255
11296	2.3763585051785488e-28	clade1sub3	70-122-242-255
11297	2.7919499182958513e-09	clade1sub7	24-215-202-255
11298	7.352242275485762e-14	clade1sub7	24-215-202-255
11299	1.1471854349237514e-23	clade1sub7	24-215-202-255
11300	1.5640044580217461e-13	clade1sub7	24-215-202-255
11301	5.982468458996999e-11	clade1sub7	24-215-202-255
11302	0.0170968672499768	clade1sub3	70-122-242-255
11303	1.3835645547012354e-07	clade1sub3	70-122-242-255
11304	1.3780006633486323e-09	clade1sub7	24-215-202-255
11305	5.928513679172086e-12	clade1sub7	24-215-202-255
11306	1.1925847969423312e-05	clade1sub7	24-215-202-255
11307	0.0002660402961625	clade1sub7	24-215-202-255
11308	0.9996011925099422	clade1sub7	24-215-202-255
11309	0.0001445827092043	clade1sub7	24-215-202-255
11310	4.698607903351496e-05	clade1sub7	24-215-202-255
11311	0.1209910503038277	clade1sub14	247-113-27-255
11312	6.205114361353815e-06	clade1sub14	247-113-27-255
11313	2.2262553016967847e-06	clade1sub7	24-215-202-255
11314	0.1757254089039667	clade1sub12	128-254-83-255
11315	4.350648115069299e-14	clade1sub3	70-122-242-255
11316	2.6615105906426344e-05	clade1sub3	70-122-242-255
11317	0.000115989016278	clade1sub14	247-113-27-255
11318	0.0008742548793944	clade1sub12	128-254-83-255
11319	2.5647617337466388e-06	clade1sub11	232-213-56-255
11320	2.334730781665633e-08	clade1sub7	24-215-202-255
11321	2.0171054261274057e-06	clade1sub12	128-254-83-255
11322	5.497429188509428e-06	clade1sub11	232-213-56-255
11323	3.020369359268162e-06	clade1sub12	128-254-83-255
11324	0.0007241825237089	clade1sub7	24-215-202-255
11325	0.0001140717942279	clade1sub4	53-243-148-255
11326	0.0002292932753846	clade1sub7	24-215-202-255
11327	0.1279855090714284	clade1sub12	128-254-83-255
11328	0.0095066075739666	clade1sub3	70-122-242-255
11329	0.0003067849379752	clade1sub12	128-254-83-255
11330	0.0116121838150039	clade1sub12	128-254-83-255
11331	1.360375818502455e-06	clade1sub14	247-113-27-255
11332	0.0002364719212219	clade1sub12	128-254-83-255
11333	0.0037092802064481	clade1sub12	128-254-83-255
11334	0.0017905427713013	clade1sub7	24-215-202-255
11335	0.0017175917251972	clade1sub12	128-254-83-255
11336	0.0072193534504024	clade1sub12	128-254-83-255
11337	0.1735622124076241	clade1sub12	128-254-83-255
11338	5.62518033404949e-05	clade1sub12	128-254-83-255
11339	0.0015772488706433	clade1sub12	128-254-83-255
11340	0.000137134337977	clade1sub11	232-213-56-255
11341	3.1563758897026605e-07	clade1sub3	70-122-242-255
11342	1.083998701480355e-07	clade1sub14	247-113-27-255
11343	1.2419014609563317e-06	clade1sub2	51-172-246-255
11344	7.699157703115899e-12	clade1sub11	232-213-56-255
11345	7.443670421198594e-20	clade1sub7	24-215-202-255
11346	6.411350436872679e-25	clade1sub3	70-122-242-255
11347	1.7928272026898457e-12	clade1sub17	222-62-8-255
11348	4.693114391660949e-16	clade1sub3	70-122-242-255
11349	2.948732243607404e-12	clade1sub11	232-213-56-255
11350	5.261219618835822e-28	clade1sub17	222-62-8-255
11351	2.1886311895741693e-09	clade1sub11	232-213-56-255
11352	9.919065229790468e-26	clade1sub17	222-62-8-255
11353	1.2787747297635872e-10	clade1sub17	222-62-8-255
11354	1.4725546918394894e-26	clade1sub17	222-62-8-255
11355	1.2420699422435325e-15	clade1sub3	70-122-242-255
11356	9.21188043164418e-17	clade1sub13	180-27-1-255
11357	1.2636143227702589e-18	clade1sub7	24-215-202-255
11358	4.7083809032673706e-14	clade1sub17	222-62-8-255
11359	8.346551382170046e-21	clade1sub7	24-215-202-255
11360	5.890144356076181e-12	clade1sub7	24-215-202-255
11361	5.128261233716618e-22	clade1sub7	24-215-202-255
11362	1.2487300143218491e-11	clade1sub7	24-215-202-255
11363	7.909404600212696e-11	clade1sub7	24-215-202-255
11364	4.488966665626573e-16	clade1sub7	24-215-202-255
11365	1.2142535633042264e-11	clade1sub7	24-215-202-255
11366	5.470768507151577e-12	clade1sub7	24-215-202-255
11367	2.8437622762938523e-18	clade1sub7	24-215-202-255
11368	1.3769847665088192e-17	clade1sub7	24-215-202-255
11369	1.8903722056153652e-19	clade1sub7	24-215-202-255
11370	6.039578186627279e-15	clade1sub7	24-215-202-255
11371	7.996106297200147e-20	clade1sub7	24-215-202-255
11372	4.125661925530847e-28	clade1sub3	70-122-242-255
11373	5.632920179570874e-21	clade1sub3	70-122-242-255
11374	1.4182402599845206e-14	clade1sub7	24-215-202-255
11376	9.01197227175744e-22	clade1sub7	24-215-202-255
11377	2.2375258599226137e-13	clade1sub7	24-215-202-255
11378	3.555293705682396e-10	clade1sub7	24-215-202-255
11379	3.07501869530421e-12	clade1sub17	222-62-8-255
11380	4.778336888206893e-15	clade1sub3	70-122-242-255
11381	1.6319813754487716e-15	clade1sub17	222-62-8-255
11382	5.661632830542203e-22	clade1sub3	70-122-242-255
11383	8.944717672979606e-33	clade1sub17	222-62-8-255
11384	2.5360553937324862e-26	clade1sub17	222-62-8-255
11385	3.9684219409182916e-16	clade1sub7	24-215-202-255
11386	4.092841867536645e-18	clade1sub4	53-243-148-255
11387	6.023179125759323e-22	clade1sub17	222-62-8-255
11388	1.3432661979551678e-29	clade1sub3	70-122-242-255
11389	1.230859624630303e-20	clade1sub7	24-215-202-255
11390	9.162152784909928e-14	clade1sub7	24-215-202-255
11391	7.942302143018125e-09	clade1sub7	24-215-202-255
11392	2.0670130029389162e-13	clade1sub7	24-215-202-255
11393	2.948994420557143e-10	clade1sub7	24-215-202-255
11394	6.085974081695042e-06	clade1sub7	24-215-202-255
11395	0.0025227716737004	clade1sub7	24-215-202-255
11396	0.0246619482285875	clade1sub7	24-215-202-255
11397	4.981320599546051e-12	clade1sub7	24-215-202-255
11398	3.87941075554372e-11	clade1sub7	24-215-202-255
11399	7.890548445017956e-06	clade1sub11	232-213-56-255
11400	0.0002035576854888	clade1sub11	232-213-56-255
11401	5.616337391765609e-11	clade1sub14	247-113-27-255
11402	1.2360591124537981e-08	clade1sub7	24-215-202-255
11403	4.756861491574289e-08	clade1sub14	247-113-27-255
11404	9.074524227207219e-11	clade1sub11	232-213-56-255
11405	3.156058520989908e-08	clade1sub7	24-215-202-255
11406	3.0220089172854155e-05	clade1sub11	232-213-56-255
11407	3.554486531608048e-16	clade1sub7	24-215-202-255
11408	3.448844509733585e-11	clade1sub17	222-62-8-255
11411	7.412405144829194e-13	clade1sub11	232-213-56-255
11412	2.4880040761300654e-13	clade1sub7	24-215-202-255
11413	8.335708633434619e-12	clade1sub7	24-215-202-255
11416	4.242942952556745e-16	clade1sub3	70-122-242-255
11420	4.995645617957071e-15	clade1sub7	24-215-202-255
11421	1.1461776076741317e-12	clade1sub7	24-215-202-255
11422	5.253965443739171e-19	clade1sub13	180-27-1-255
11424	1.7842082523116104e-07	clade1sub7	24-215-202-255
11425	8.720934564494567e-25	clade1sub13	180-27-1-255
11426	9.386277893941595e-14	clade1sub7	24-215-202-255
11427	2.2886605661980023e-10	clade1sub7	24-215-202-255
11429	5.253109194738114e-11	clade1sub7	24-215-202-255
11430	8.214738825756561e-10	clade1sub11	232-213-56-255
11433	2.899718671984692e-22	clade1sub13	180-27-1-255
11434	3.178295273709528e-10	clade1sub17	222-62-8-255
11435	2.050881303076959e-25	clade1sub13	180-27-1-255
11437	1.0912913417989933e-10	clade1sub7	24-215-202-255
11439	2.064646936701128e-11	clade1sub7	24-215-202-255
11441	5.5570262671117735e-08	clade1sub11	232-213-56-255
11442	8.734768414674661e-09	clade1sub7	24-215-202-255
11443	5.827152930016466e-10	clade1sub11	232-213-56-255
11444	2.1684250876160227e-10	clade1sub14	247-113-27-255
11446	3.087112892439504e-10	clade1sub7	24-215-202-255
11447	9.796910796181572e-12	clade1sub7	24-215-202-255
11449	1.305465878957136e-12	clade1sub7	24-215-202-255
11451	2.5033418102002683e-08	clade1sub7	24-215-202-255
11452	8.961230513630821e-13	clade1sub3	70-122-242-255
11453	1.2980574913714058e-17	clade1sub17	222-62-8-255
11454	7.377351023460338e-13	clade1sub17	222-62-8-255
11455	1.698937625794047e-12	clade1sub13	180-27-1-255
11456	1.0458285155953185e-13	clade1sub7	24-215-202-255
11457	8.997065204146881e-10	clade1sub7	24-215-202-255
11458	7.575959286481837e-09	clade1sub7	24-215-202-255
11459	1.3849641306127328e-11	clade1sub11	232-213-56-255
11460	2.1542400098860221e-19	clade1sub14	247-113-27-255
11462	7.361734221108117e-16	clade1sub3	70-122-242-255
11463	2.0746506806724835e-29	clade1sub3	70-122-242-255
11464	1.688711713490339e-25	clade1sub3	70-122-242-255
11465	8.39284548460004e-30	clade1sub7	24-215-202-255
11467	9.087587910904668e-30	clade1sub7	24-215-202-255
11468	3.251052767840108e-23	clade1sub7	24-215-202-255
11470	1.1741838230015392e-14	clade1sub7	24-215-202-255
11471	1.0589352855163252e-30	clade1sub7	24-215-202-255
11486	1.732675158244691e-19	clade1sub7	24-215-202-255
