label_id	max_first_view	best_first_view_type	colour_first_view
1	0.5785290671518376	clade6sub19	255-254-152-44
2	0.0026390933583993	clade6sub19	255-254-152-44
3	0.0146923226143767	clade6sub19	255-254-152-44
4	0.2445797192755271	clade6sub19	255-254-152-44
5	1.1941000175396542e-12	nocladesub2	255-70-122-242
6	5.4899905951887056e-15	nocladesub20	255-212-231-53
7	1.1446408031067798e-05	nocladesub20	255-212-231-53
8	2.8473792299750303e-11	nocladesub12	255-122-4-2
9	1.5664364505655682e-15	nocladesub12	255-122-4-2
10	6.401153291311317e-16	nocladesub10	255-26-209-210
11	1.6028759771583158e-19	nocladesub10	255-26-209-210
12	3.7814494694846456e-16	nocladesub2	255-70-122-242
13	4.0790869626216073e-16	clade6sub19	255-254-152-44
14	1.588788994992609e-16	nocladesub22	255-101-252-104
15	1.0662706234257795e-17	nocladesub10	255-26-209-210
16	2.3649414275183004e-14	nocladesub2	255-70-122-242
17	2.0386216630642128e-10	clade6sub19	255-254-152-44
18	6.810190432022706e-21	nocladesub2	255-70-122-242
19	4.251539192120401e-11	nocladesub10	255-26-209-210
20	1.2942246772772305e-18	nocladesub10	255-26-209-210
21	2.709799712231573e-12	nocladesub10	255-26-209-210
22	3.1771018172242627e-20	nocladesub12	255-122-4-2
23	4.0198514840973715e-20	nocladesub10	255-26-209-210
24	5.5635920823934045e-14	nocladesub12	255-122-4-2
25	1.4260718237259741e-08	nocladesub22	255-101-252-104
26	0.0781551273406259	nocladesub2	255-70-122-242
27	1.4172699425436972e-14	nocladesub12	255-122-4-2
28	0.228193374557461	nocladesub2	255-70-122-242
29	5.749062558992805e-11	nocladesub22	255-101-252-104
30	4.307434729378885e-14	nocladesub2	255-70-122-242
31	9.789876762139398e-13	nocladesub22	255-101-252-104
32	5.281168330415351e-05	nocladesub12	255-122-4-2
33	4.433057520282568e-27	nocladesub2	255-70-122-242
34	0.0838780359357609	nocladesub12	255-122-4-2
35	9.485096860322268e-07	nocladesub12	255-122-4-2
36	0.4116034983519105	clade6sub19	255-254-152-44
37	1.1780171917081626e-11	nocladesub12	255-122-4-2
38	1.7314525272860454e-19	nocladesub12	255-122-4-2
39	1.7884030948807802e-17	nocladesub12	255-122-4-2
41	0.3067235178409488	nocladesub12	255-122-4-2
42	1.1774773223961209e-19	nocladesub12	255-122-4-2
43	6.817147419913731e-09	nocladesub12	255-122-4-2
44	1.2674092650355341e-13	nocladesub12	255-122-4-2
45	1.1582420317730055e-14	nocladesub12	255-122-4-2
46	0.0031174743658678	nocladesub2	255-70-122-242
47	3.7702978761564084e-13	nocladesub2	255-70-122-242
48	3.4152534412455363e-05	nocladesub22	255-101-252-104
49	2.612113315560432e-10	nocladesub22	255-101-252-104
50	2.7322700509683563e-19	nocladesub10	255-26-209-210
51	1.5534998351624654e-17	nocladesub12	255-122-4-2
52	9.441389959570212e-17	nocladesub10	255-26-209-210
53	1.0346050010239868e-15	nocladesub12	255-122-4-2
54	1.9358701467640792e-20	nocladesub12	255-122-4-2
55	1.1611113347731547e-14	nocladesub2	255-70-122-242
56	1.315573007549406e-06	nocladesub12	255-122-4-2
57	0.0068778058602415	clade6sub19	255-254-152-44
58	9.534451877468496e-17	nocladesub22	255-101-252-104
59	3.532762722650474e-13	nocladesub22	255-101-252-104
60	3.5511000244595244e-12	nocladesub20	255-212-231-53
61	1.9411888782167689e-19	nocladesub12	255-122-4-2
62	2.7917157040885847e-05	nocladesub22	255-101-252-104
68	3.1625141248286098e-06	nocladesub12	255-122-4-2
69	1.332679605103681e-14	nocladesub20	255-212-231-53
70	3.794836640812306e-15	nocladesub20	255-212-231-53
71	0.0019593664984472	nocladesub2	255-70-122-242
72	2.83529597234128e-05	nocladesub2	255-70-122-242
73	6.325395006353247e-19	nocladesub12	255-122-4-2
74	0.0001882995235799	nocladesub2	255-70-122-242
75	0.0001544116700997	nocladesub2	255-70-122-242
77	1.0076083348175282e-23	nocladesub10	255-26-209-210
78	0.000826652919032	nocladesub22	255-101-252-104
79	2.995239323808432e-20	nocladesub20	255-212-231-53
80	3.569501259222357e-17	nocladesub12	255-122-4-2
81	5.270690064711808e-05	nocladesub2	255-70-122-242
82	6.905412422408804e-17	nocladesub10	255-26-209-210
83	0.0002498690321258	nocladesub22	255-101-252-104
84	6.238582628536588e-21	nocladesub22	255-101-252-104
85	1.5210645964036702e-13	nocladesub22	255-101-252-104
86	0.0001803612499837	nocladesub22	255-101-252-104
87	0.0172935105857572	nocladesub10	255-26-209-210
88	0.0270896127950509	clade6sub19	255-254-152-44
89	2.0727101746292162e-07	nocladesub20	255-212-231-53
90	3.06353766518702e-18	nocladesub20	255-212-231-53
91	0.0014461898002114	nocladesub2	255-70-122-242
92	0.5059167227144623	nocladesub2	255-70-122-242
93	5.461257185033773e-05	nocladesub22	255-101-252-104
94	1.4305546589450768e-11	nocladesub2	255-70-122-242
95	0.0022764544053049	nocladesub12	255-122-4-2
96	1.9981593928742692e-13	nocladesub20	255-212-231-53
97	1.119275458981581e-11	nocladesub2	255-70-122-242
98	2.0952413209316387e-06	nocladesub2	255-70-122-242
99	1.1559936942901276e-05	nocladesub2	255-70-122-242
100	0.0549523429759995	nocladesub10	255-26-209-210
101	0.1610971004548494	nocladesub12	255-122-4-2
102	2.0479142753391343e-06	nocladesub22	255-101-252-104
103	7.459821720848913e-15	nocladesub2	255-70-122-242
104	1.0096127789998894e-16	nocladesub10	255-26-209-210
105	1.3697180801803392e-11	nocladesub22	255-101-252-104
106	7.622318199182912e-06	nocladesub2	255-70-122-242
107	0.0001820812948183	nocladesub2	255-70-122-242
109	7.273841186514534e-05	nocladesub22	255-101-252-104
110	1.835244896930772e-19	nocladesub20	255-212-231-53
111	2.5419302644892853e-08	nocladesub2	255-70-122-242
112	0.9996244550037297	nocladesub10	255-26-209-210
113	2.293738951408281e-17	nocladesub2	255-70-122-242
115	2.9196508184619e-07	nocladesub20	255-212-231-53
116	5.835039505732234e-10	nocladesub2	255-70-122-242
117	2.3091802394822704e-05	nocladesub20	255-212-231-53
118	3.896339664999842e-16	nocladesub2	255-70-122-242
119	0.0012444716060172	nocladesub2	255-70-122-242
120	2.948463007101358e-09	nocladesub20	255-212-231-53
121	4.420222527341053e-19	nocladesub2	255-70-122-242
122	1.0777875018822059e-13	nocladesub12	255-122-4-2
123	8.970939261437559e-12	nocladesub12	255-122-4-2
124	2.327279965631528e-20	nocladesub2	255-70-122-242
125	0.0639596763273447	nocladesub2	255-70-122-242
127	4.294001083465993e-09	nocladesub22	255-101-252-104
128	1.954459488732772e-12	nocladesub22	255-101-252-104
129	0.0799338325759704	nocladesub10	255-26-209-210
130	0.964519193045116	nocladesub10	255-26-209-210
131	0.1280287711395607	nocladesub10	255-26-209-210
132	1.2562851887364423e-20	nocladesub20	255-212-231-53
133	7.115007475045163e-08	nocladesub2	255-70-122-242
134	7.233050645520107e-15	nocladesub12	255-122-4-2
135	1.0369281503055602e-15	nocladesub12	255-122-4-2
136	1.3301218677770684e-17	nocladesub12	255-122-4-2
137	1.2595906999225578e-17	nocladesub2	255-70-122-242
138	5.944141181011791e-19	nocladesub2	255-70-122-242
139	0.999765506913784	nocladesub10	255-26-209-210
140	0.001198093083985	nocladesub10	255-26-209-210
141	1.282618937914145e-07	nocladesub2	255-70-122-242
142	0.0022584796579335	nocladesub2	255-70-122-242
143	0.0846458003443892	nocladesub10	255-26-209-210
144	9.279878572001134e-10	nocladesub2	255-70-122-242
145	7.335736875396004e-14	nocladesub12	255-122-4-2
146	8.188012412299293e-16	nocladesub2	255-70-122-242
147	0.0026503093168368	nocladesub2	255-70-122-242
148	1.1816807848728326e-11	nocladesub12	255-122-4-2
149	4.772081182077357e-15	nocladesub20	255-212-231-53
150	8.177403920885682e-13	nocladesub2	255-70-122-242
151	0.0003968501399357	nocladesub22	255-101-252-104
152	8.340032137055787e-05	nocladesub10	255-26-209-210
153	0.0001096165374631	nocladesub22	255-101-252-104
154	0.0096672841306652	nocladesub10	255-26-209-210
155	5.771693569051824e-06	nocladesub20	255-212-231-53
156	0.0108669812083222	nocladesub2	255-70-122-242
157	1.5602197154496495e-05	nocladesub12	255-122-4-2
158	3.0108784450438736e-12	nocladesub2	255-70-122-242
159	0.0029539514895263	nocladesub2	255-70-122-242
160	7.616427435853368e-15	nocladesub20	255-212-231-53
161	2.881902984320797e-05	nocladesub22	255-101-252-104
162	9.62503371080303e-13	nocladesub2	255-70-122-242
163	1.3148216452171045e-13	nocladesub2	255-70-122-242
164	0.0016636382749991	nocladesub2	255-70-122-242
165	5.3413929729839104e-17	nocladesub2	255-70-122-242
166	1.0726611324737647e-06	nocladesub20	255-212-231-53
167	1.2449656470362664e-05	nocladesub2	255-70-122-242
168	4.83881026482993e-12	nocladesub22	255-101-252-104
169	6.830691121284928e-08	clade6sub19	255-254-152-44
170	0.4275223983034407	nocladesub2	255-70-122-242
171	4.293071849258349e-13	nocladesub20	255-212-231-53
172	2.927227157888436e-17	nocladesub22	255-101-252-104
173	0.004875465659824	nocladesub2	255-70-122-242
174	1.5233334966026357e-05	nocladesub10	255-26-209-210
175	4.5248567765188696e-05	nocladesub22	255-101-252-104
176	1.63814352645559e-06	nocladesub2	255-70-122-242
177	5.241163906924586e-06	nocladesub10	255-26-209-210
178	0.0041278105518056	nocladesub12	255-122-4-2
179	3.541243566437265e-05	nocladesub22	255-101-252-104
180	4.5412733439214776e-05	nocladesub22	255-101-252-104
181	1.330750038018981e-11	nocladesub2	255-70-122-242
182	2.726604277696819e-12	nocladesub12	255-122-4-2
183	0.1709351447405134	nocladesub2	255-70-122-242
184	0.0012020318980901	nocladesub22	255-101-252-104
185	5.842619793777252e-10	nocladesub12	255-122-4-2
186	1.109934412331823e-05	nocladesub22	255-101-252-104
187	9.441421523009857e-21	nocladesub12	255-122-4-2
188	1.0669460378392203e-09	nocladesub26	255-217-56-6
189	3.18704293536912e-12	nocladesub12	255-122-4-2
190	0.0019165952954177	nocladesub10	255-26-209-210
191	1.2643403297550965e-05	nocladesub2	255-70-122-242
192	1.3946202253132093e-12	nocladesub2	255-70-122-242
193	0.0002736606216941	nocladesub20	255-212-231-53
194	0.0013794149002951	nocladesub22	255-101-252-104
195	0.1316906698162931	nocladesub10	255-26-209-210
197	5.533114232024192e-10	nocladesub22	255-101-252-104
198	0.0060860667621191	clade6sub19	255-254-152-44
199	0.0801770718780438	nocladesub26	255-217-56-6
200	0.3466352252307131	nocladesub26	255-217-56-6
201	0.0034431155601904	nocladesub10	255-26-209-210
202	4.191764231054855e-05	nocladesub10	255-26-209-210
203	1.1275583598934022e-12	nocladesub12	255-122-4-2
204	3.066142537766016e-05	nocladesub20	255-212-231-53
205	6.309502744822951e-07	nocladesub2	255-70-122-242
206	0.0390059782994675	nocladesub2	255-70-122-242
207	0.0003162326246192	nocladesub22	255-101-252-104
208	1.1206543196698818e-15	nocladesub12	255-122-4-2
209	0.0017243231284099	nocladesub2	255-70-122-242
210	8.797528193195069e-21	nocladesub22	255-101-252-104
211	1.1517861653028626e-06	nocladesub12	255-122-4-2
212	0.4086838913276525	nocladesub2	255-70-122-242
213	0.0271998195251753	clade6sub19	255-254-152-44
214	5.920288576593935e-06	clade6sub19	255-254-152-44
215	0.0005775759402366	nocladesub26	255-217-56-6
216	0.0001263907298219	nocladesub22	255-101-252-104
217	0.0016366239753058	nocladesub10	255-26-209-210
218	0.0001629253910062	nocladesub22	255-101-252-104
219	4.893752363153498e-06	nocladesub12	255-122-4-2
220	0.0013244918073579	nocladesub2	255-70-122-242
221	0.0154749268463799	nocladesub2	255-70-122-242
222	9.795655276862291e-07	nocladesub12	255-122-4-2
223	0.002764682253199	nocladesub22	255-101-252-104
224	0.0001449966398961	nocladesub26	255-217-56-6
225	0.001051908639205	nocladesub2	255-70-122-242
226	2.1411328238945208e-09	nocladesub20	255-212-231-53
227	1.3727099245292791e-09	nocladesub2	255-70-122-242
228	0.0008439020387509	nocladesub2	255-70-122-242
229	0.0005702927652099	nocladesub22	255-101-252-104
230	2.1160192826207456e-05	nocladesub2	255-70-122-242
231	0.0568917432310699	clade6sub19	255-254-152-44
232	0.0046490219318129	nocladesub12	255-122-4-2
233	0.0005069206181959	nocladesub22	255-101-252-104
235	0.0103766181303144	nocladesub2	255-70-122-242
236	0.0001876576158064	nocladesub2	255-70-122-242
237	0.1666552735588163	nocladesub10	255-26-209-210
238	0.11096289223038	nocladesub2	255-70-122-242
239	1.917866267038191e-05	nocladesub2	255-70-122-242
240	1.7273178435074297e-06	nocladesub20	255-212-231-53
241	0.0002975872318588	nocladesub12	255-122-4-2
242	8.688073081870108e-18	nocladesub12	255-122-4-2
243	9.628373888591804e-11	nocladesub20	255-212-231-53
244	7.897749527443174e-06	nocladesub2	255-70-122-242
245	2.8703287689423223e-13	nocladesub12	255-122-4-2
246	3.790452715814167e-19	nocladesub12	255-122-4-2
247	0.00302100937175	nocladesub22	255-101-252-104
248	0.0107296694362243	nocladesub22	255-101-252-104
249	6.266928358893946e-13	nocladesub12	255-122-4-2
250	5.0297969583603567e-05	nocladesub2	255-70-122-242
251	2.7017716162576456e-05	nocladesub2	255-70-122-242
252	4.387036689440168e-06	nocladesub2	255-70-122-242
253	1.7570884055136778e-13	nocladesub12	255-122-4-2
254	1.959007552514978e-07	nocladesub12	255-122-4-2
255	9.536142741741123e-14	nocladesub12	255-122-4-2
256	1.3393742635958865e-15	nocladesub12	255-122-4-2
257	1.0265446789676476e-13	nocladesub12	255-122-4-2
258	0.3013714389118761	nocladesub22	255-101-252-104
259	2.442605909532448e-07	nocladesub22	255-101-252-104
260	0.9979952019211866	nocladesub22	255-101-252-104
261	3.638470303733219e-05	nocladesub2	255-70-122-242
262	0.0001059903310404	nocladesub2	255-70-122-242
263	2.1263811828343078e-06	nocladesub2	255-70-122-242
264	1.4005427407326706e-07	nocladesub2	255-70-122-242
265	9.512551121037995e-12	nocladesub12	255-122-4-2
266	0.0043465191691914	nocladesub2	255-70-122-242
267	3.2374729898236293e-13	nocladesub12	255-122-4-2
268	1.3168402698502011e-14	nocladesub12	255-122-4-2
269	1.0631463790731049e-07	nocladesub2	255-70-122-242
270	0.1927629789939343	nocladesub22	255-101-252-104
271	4.32355656540554e-11	nocladesub10	255-26-209-210
272	0.0001103966473582	nocladesub12	255-122-4-2
273	0.0029038889051737	nocladesub2	255-70-122-242
274	0.3763281198860259	nocladesub22	255-101-252-104
275	1.515293586707855e-05	nocladesub2	255-70-122-242
276	6.054493640265725e-12	nocladesub12	255-122-4-2
277	4.985284989628173e-09	nocladesub22	255-101-252-104
278	2.5508517975556708e-11	nocladesub12	255-122-4-2
279	3.4546905437977494e-11	nocladesub2	255-70-122-242
280	0.7106402208969723	nocladesub22	255-101-252-104
281	0.233024713647776	nocladesub26	255-217-56-6
282	3.3295792315065383e-09	nocladesub2	255-70-122-242
283	0.0677012372241238	nocladesub12	255-122-4-2
284	2.6472911201917416e-12	nocladesub20	255-212-231-53
285	5.366135459531312e-13	nocladesub12	255-122-4-2
286	1.5229061126349774e-06	nocladesub2	255-70-122-242
287	8.863945815490294e-06	nocladesub2	255-70-122-242
288	2.0165914016085064e-12	nocladesub20	255-212-231-53
289	3.8304817426319273e-14	nocladesub12	255-122-4-2
290	0.0001659311245143	nocladesub22	255-101-252-104
291	6.340289293077546e-05	nocladesub22	255-101-252-104
292	1.2878192805863625e-12	nocladesub12	255-122-4-2
294	5.56001840825624e-09	nocladesub2	255-70-122-242
296	0.0002991890143081	nocladesub2	255-70-122-242
297	0.000878346962464	nocladesub12	255-122-4-2
298	0.0489394319348576	nocladesub2	255-70-122-242
299	1.6907117804681295e-10	nocladesub20	255-212-231-53
300	0.000288236133111	nocladesub2	255-70-122-242
301	0.2257207495656841	nocladesub22	255-101-252-104
302	0.0007473134785383	nocladesub22	255-101-252-104
303	1.1247241842701477e-05	nocladesub2	255-70-122-242
304	0.0006909229210562	nocladesub2	255-70-122-242
305	1.0528916631260955e-09	nocladesub12	255-122-4-2
307	0.0009268334471048	nocladesub10	255-26-209-210
308	2.128393247945597e-20	nocladesub22	255-101-252-104
309	0.0001539188228657	nocladesub22	255-101-252-104
310	4.795871302220576e-10	nocladesub20	255-212-231-53
312	0.0303868509236971	nocladesub22	255-101-252-104
313	6.769798268652045e-05	nocladesub26	255-217-56-6
314	7.545047590378027e-05	nocladesub22	255-101-252-104
315	0.1961795681094721	nocladesub22	255-101-252-104
317	0.0002625095762556	nocladesub2	255-70-122-242
318	0.0102652759108299	nocladesub10	255-26-209-210
319	2.6017033662476163e-23	nocladesub20	255-212-231-53
320	0.0425026741598156	nocladesub22	255-101-252-104
321	2.3134192579299287e-11	nocladesub12	255-122-4-2
322	5.659126158622399e-08	nocladesub2	255-70-122-242
323	5.496887755928323e-05	nocladesub22	255-101-252-104
324	2.2814035226687955e-11	nocladesub2	255-70-122-242
325	1.6710970658931696e-15	nocladesub12	255-122-4-2
326	6.962492270395403e-08	nocladesub12	255-122-4-2
327	3.443945497749487e-05	nocladesub2	255-70-122-242
328	0.0010862952620404	nocladesub12	255-122-4-2
329	0.0144200711625724	nocladesub22	255-101-252-104
330	0.0029608546802694	nocladesub22	255-101-252-104
331	5.193740965413965e-15	nocladesub12	255-122-4-2
332	8.811932701392325e-14	nocladesub10	255-26-209-210
333	0.0325554602049613	nocladesub22	255-101-252-104
334	0.0010635993932722	clade6sub19	255-254-152-44
335	0.0006096091376178	nocladesub2	255-70-122-242
336	3.779494690566076e-12	nocladesub12	255-122-4-2
337	0.0434470150425869	nocladesub22	255-101-252-104
338	1.0196751768823455e-16	nocladesub2	255-70-122-242
339	6.324288936992774e-05	nocladesub10	255-26-209-210
340	0.0029745841554191	nocladesub2	255-70-122-242
342	0.000111094014571	nocladesub10	255-26-209-210
343	0.0004878842725702	nocladesub2	255-70-122-242
344	0.0038832227877304	nocladesub12	255-122-4-2
345	2.138582713832836e-07	nocladesub12	255-122-4-2
346	2.6525484657667082e-18	nocladesub12	255-122-4-2
347	6.454215717156372e-05	nocladesub22	255-101-252-104
348	0.2988532064213977	nocladesub20	255-212-231-53
349	1.8511699725963568e-10	nocladesub2	255-70-122-242
350	3.729240656052093e-16	nocladesub12	255-122-4-2
351	1.5327345540846695e-14	nocladesub12	255-122-4-2
352	1.6034058480209962e-08	nocladesub22	255-101-252-104
353	1.6565489075098657e-07	nocladesub10	255-26-209-210
354	1.1213138018266652e-11	nocladesub12	255-122-4-2
355	0.0113140580921088	nocladesub22	255-101-252-104
356	0.0265551688043631	nocladesub2	255-70-122-242
357	1.2140601171705188e-10	nocladesub2	255-70-122-242
358	8.172957376838716e-13	nocladesub12	255-122-4-2
359	3.0414302755136654e-13	nocladesub22	255-101-252-104
360	0.0041762993374139	nocladesub22	255-101-252-104
361	4.858331375078407e-06	nocladesub2	255-70-122-242
362	7.678358814986353e-07	nocladesub12	255-122-4-2
364	9.099326781930614e-06	nocladesub2	255-70-122-242
365	4.522634003468816e-05	nocladesub2	255-70-122-242
366	6.621163005822366e-11	nocladesub12	255-122-4-2
367	2.0321313019014606e-07	nocladesub12	255-122-4-2
368	0.0001706614130594	nocladesub22	255-101-252-104
369	8.810780525589084e-08	nocladesub22	255-101-252-104
370	9.105157526960648e-05	nocladesub22	255-101-252-104
371	1.2135448074767212e-05	nocladesub2	255-70-122-242
372	2.0760100756024493e-05	nocladesub20	255-212-231-53
373	0.0298148335456909	nocladesub2	255-70-122-242
374	0.004970122868773	clade6sub19	255-254-152-44
375	0.0082561124491945	nocladesub2	255-70-122-242
376	3.059280450677642e-05	nocladesub22	255-101-252-104
378	1.2507996844693616e-07	nocladesub22	255-101-252-104
379	0.0002318904264311	nocladesub22	255-101-252-104
380	0.0006025598228791	nocladesub22	255-101-252-104
381	0.0245497735813066	nocladesub2	255-70-122-242
382	0.0003767856198106	nocladesub2	255-70-122-242
383	9.675185164568252e-05	clade6sub19	255-254-152-44
384	9.862167898026136e-06	nocladesub2	255-70-122-242
385	1.32547066359624e-10	nocladesub22	255-101-252-104
386	3.1175041501380625e-05	nocladesub2	255-70-122-242
387	0.0025678961499099	nocladesub12	255-122-4-2
388	4.823749129902214e-06	nocladesub2	255-70-122-242
389	1.906038136389618e-06	nocladesub2	255-70-122-242
390	0.158945529893152	nocladesub12	255-122-4-2
391	0.0006305462891049	nocladesub22	255-101-252-104
392	2.2723883947988965e-07	nocladesub20	255-212-231-53
393	2.251903949548067e-09	nocladesub12	255-122-4-2
395	6.776804544584294e-05	nocladesub12	255-122-4-2
396	1.8257743222955342e-09	nocladesub12	255-122-4-2
397	8.870459957223887e-05	clade6sub19	255-254-152-44
398	0.0012351947692568	nocladesub12	255-122-4-2
399	0.007429538485975	nocladesub2	255-70-122-242
400	0.0046940744025767	nocladesub12	255-122-4-2
401	0.0006138906457678	nocladesub12	255-122-4-2
402	0.6504889236036027	nocladesub12	255-122-4-2
403	9.560212988205911e-15	nocladesub12	255-122-4-2
404	0.0250150055671401	nocladesub20	255-212-231-53
405	8.673697051618103e-05	nocladesub2	255-70-122-242
406	0.0169769120880277	nocladesub26	255-217-56-6
408	1.205825863130788e-06	nocladesub12	255-122-4-2
409	2.382263354562131e-12	nocladesub12	255-122-4-2
410	4.525886101801457e-08	nocladesub12	255-122-4-2
411	7.517561359682314e-06	nocladesub12	255-122-4-2
412	0.002936064011247	nocladesub12	255-122-4-2
413	0.007361225068065	clade6sub19	255-254-152-44
414	0.0001908887805006	nocladesub12	255-122-4-2
415	0.0013265849269467	nocladesub2	255-70-122-242
416	2.1055588318993534e-06	nocladesub12	255-122-4-2
417	0.0026308387276862	nocladesub22	255-101-252-104
418	0.0469454618285147	nocladesub22	255-101-252-104
419	0.0017346990232279	nocladesub2	255-70-122-242
420	0.0064706234085394	nocladesub22	255-101-252-104
421	0.0061834785460234	clade6sub19	255-254-152-44
422	5.8897065911333835e-25	nocladesub2	255-70-122-242
423	4.282883184350811e-13	nocladesub12	255-122-4-2
424	2.8113422492010564e-14	nocladesub20	255-212-231-53
425	1.8871286140820609e-22	nocladesub2	255-70-122-242
426	0.0052698570092158	nocladesub26	255-217-56-6
427	0.0092059457771085	nocladesub2	255-70-122-242
428	2.392607287995856e-05	nocladesub12	255-122-4-2
429	0.0201485803048878	nocladesub12	255-122-4-2
430	3.447719016081426e-06	nocladesub12	255-122-4-2
431	4.953139029445398e-07	nocladesub12	255-122-4-2
432	0.0012515189805134	clade6sub19	255-254-152-44
433	0.0017498271636	nocladesub2	255-70-122-242
434	0.0404110431365742	clade6sub19	255-254-152-44
435	0.2311618197184538	nocladesub20	255-212-231-53
436	0.9985248397384316	nocladesub2	255-70-122-242
437	0.2510781355162557	clade6sub19	255-254-152-44
438	0.575103498934823	clade6sub19	255-254-152-44
439	0.2915961158291443	clade6sub19	255-254-152-44
440	0.1054687726283278	clade6sub19	255-254-152-44
441	0.2467593002185336	nocladesub20	255-212-231-53
442	0.0395047715838665	clade6sub19	255-254-152-44
443	0.239713664120253	clade6sub19	255-254-152-44
444	0.4374942220723287	clade6sub19	255-254-152-44
445	3.2621128482548926e-05	clade6sub19	255-254-152-44
446	1.5345600904798765e-07	nocladesub12	255-122-4-2
447	0.7762021212326186	clade6sub19	255-254-152-44
448	0.0032214511216534	nocladesub2	255-70-122-242
449	0.0019462679672362	nocladesub2	255-70-122-242
450	0.0133134030016909	clade6sub19	255-254-152-44
451	0.8098272812708124	clade6sub19	255-254-152-44
452	0.0043564259047647	clade6sub19	255-254-152-44
453	0.2199478697159481	nocladesub20	255-212-231-53
454	3.1199612466053194e-06	nocladesub20	255-212-231-53
455	2.788788852846117e-05	clade6sub19	255-254-152-44
456	0.4197100036801833	clade6sub19	255-254-152-44
457	0.003260777956951	nocladesub20	255-212-231-53
458	1.6393261288139483e-16	nocladesub12	255-122-4-2
459	0.000251473292875	clade6sub19	255-254-152-44
460	0.0421697357802702	nocladesub12	255-122-4-2
461	0.001264408961073	clade6sub19	255-254-152-44
462	4.923977888830597e-06	nocladesub12	255-122-4-2
463	0.00125522880545	nocladesub12	255-122-4-2
464	0.3119056292654419	clade6sub19	255-254-152-44
465	0.9472150361648546	clade6sub19	255-254-152-44
466	0.2003258270546757	clade6sub19	255-254-152-44
467	0.2324981216223612	nocladesub20	255-212-231-53
468	0.913081057948392	nocladesub20	255-212-231-53
469	0.5115236995379864	clade6sub19	255-254-152-44
470	0.0023508547981274	nocladesub2	255-70-122-242
471	1.5506664349984124e-05	nocladesub20	255-212-231-53
472	2.773258196117296e-05	nocladesub2	255-70-122-242
473	1.7376928613883111e-09	nocladesub2	255-70-122-242
474	2.7457368669187797e-05	clade6sub19	255-254-152-44
475	1.2080500769108028e-06	nocladesub12	255-122-4-2
476	7.11581504008424e-08	nocladesub20	255-212-231-53
477	0.0251534990946664	nocladesub2	255-70-122-242
478	0.0713901560243817	nocladesub2	255-70-122-242
479	0.0008292336768207	nocladesub2	255-70-122-242
480	0.5233565662979868	nocladesub2	255-70-122-242
481	4.88898041212117e-06	clade6sub19	255-254-152-44
482	0.001551333698734	nocladesub20	255-212-231-53
483	2.259809831102389e-07	nocladesub20	255-212-231-53
484	0.2208483697697164	clade6sub19	255-254-152-44
485	0.0859636517910691	clade6sub19	255-254-152-44
486	1.702983519049331e-09	clade6sub19	255-254-152-44
487	0.0246167116388331	clade6sub19	255-254-152-44
488	0.0382886437008796	nocladesub20	255-212-231-53
489	0.0064608506810305	clade6sub19	255-254-152-44
490	0.0032459038566272	clade6sub19	255-254-152-44
491	8.495033348762185e-08	clade6sub19	255-254-152-44
492	0.0078655501956625	clade6sub19	255-254-152-44
493	0.0759506936613769	nocladesub20	255-212-231-53
494	0.4792307592144671	nocladesub2	255-70-122-242
495	0.1283743608803365	clade6sub19	255-254-152-44
496	0.0475815962039484	nocladesub2	255-70-122-242
497	0.0048242990586832	nocladesub2	255-70-122-242
498	0.0064503111444911	clade6sub19	255-254-152-44
499	0.0034441730320798	nocladesub20	255-212-231-53
500	5.229634891311707e-05	nocladesub26	255-217-56-6
501	1.09151670973625e-05	nocladesub20	255-212-231-53
502	6.327536988254141e-07	clade6sub19	255-254-152-44
504	5.48689035944515e-07	nocladesub2	255-70-122-242
505	7.364015658774509e-15	nocladesub20	255-212-231-53
507	0.8852262953945362	nocladesub20	255-212-231-53
508	7.500652965389291e-15	nocladesub10	255-26-209-210
509	3.993778741814449e-09	nocladesub20	255-212-231-53
510	1.0002897441297088e-16	nocladesub20	255-212-231-53
511	0.0696624427412913	nocladesub20	255-212-231-53
512	7.304873946630788e-05	nocladesub20	255-212-231-53
513	1.0602873863293225e-15	nocladesub2	255-70-122-242
514	9.719094947889889e-13	nocladesub20	255-212-231-53
515	0.0046287060372027	nocladesub2	255-70-122-242
516	0.4811378899378847	clade6sub19	255-254-152-44
517	0.0099355559865225	clade6sub19	255-254-152-44
518	1.9493308592109936e-12	nocladesub2	255-70-122-242
519	0.0030473950997763	nocladesub2	255-70-122-242
520	0.0156318475084751	clade6sub19	255-254-152-44
521	0.0002601377156842	clade6sub19	255-254-152-44
522	0.0009816077001755	clade6sub19	255-254-152-44
523	1.3901598867648535e-05	clade6sub19	255-254-152-44
524	0.0025137885204163	nocladesub20	255-212-231-53
525	0.0768016094666466	nocladesub26	255-217-56-6
526	0.7027532185576799	clade6sub19	255-254-152-44
527	0.0061091272572548	clade6sub19	255-254-152-44
529	0.2323446808719051	nocladesub12	255-122-4-2
530	0.0201041371654355	clade6sub19	255-254-152-44
531	0.0001467084741954	clade6sub19	255-254-152-44
532	8.674882068956237e-15	clade6sub19	255-254-152-44
533	7.959068179472298e-11	nocladesub12	255-122-4-2
534	0.0002316451500765	clade6sub19	255-254-152-44
535	5.048652073446423e-13	nocladesub12	255-122-4-2
536	0.0051788938950672	nocladesub20	255-212-231-53
537	6.645961027047213e-10	clade6sub19	255-254-152-44
538	0.0044100295166346	nocladesub10	255-26-209-210
539	0.0002639546380366	clade6sub19	255-254-152-44
540	0.0203860976952744	nocladesub20	255-212-231-53
541	0.0359677508356246	nocladesub22	255-101-252-104
542	2.5724377629990647e-17	nocladesub20	255-212-231-53
543	1.5078731793241134e-17	nocladesub20	255-212-231-53
544	5.515785310070755e-14	nocladesub20	255-212-231-53
545	3.546387344084087e-05	nocladesub2	255-70-122-242
546	1.4269380618047587e-06	nocladesub2	255-70-122-242
547	6.867698056886621e-19	nocladesub2	255-70-122-242
548	0.031185389078704	nocladesub2	255-70-122-242
549	3.264376032765146e-15	nocladesub20	255-212-231-53
550	1.080671357003378e-16	nocladesub12	255-122-4-2
551	9.215390973729301e-13	nocladesub2	255-70-122-242
552	0.0001227864944749	nocladesub2	255-70-122-242
553	8.341112687846009e-11	nocladesub20	255-212-231-53
554	2.5830804321867876e-08	nocladesub20	255-212-231-53
555	0.0030954005993552	nocladesub2	255-70-122-242
556	6.587071905099254e-12	nocladesub10	255-26-209-210
557	7.174110108124831e-10	nocladesub20	255-212-231-53
558	0.0195210381225739	nocladesub12	255-122-4-2
559	7.875668605745737e-15	nocladesub12	255-122-4-2
560	1.5096026990793847e-10	nocladesub20	255-212-231-53
561	0.0062984724436118	nocladesub20	255-212-231-53
562	0.0056916439314589	nocladesub20	255-212-231-53
563	9.090895834504147e-14	nocladesub20	255-212-231-53
564	1.5709075010138164e-05	clade6sub19	255-254-152-44
565	8.079141293671909e-06	nocladesub2	255-70-122-242
566	3.963792123398044e-07	nocladesub20	255-212-231-53
567	2.351271206788571e-08	nocladesub20	255-212-231-53
568	1.1862882687166312e-05	nocladesub12	255-122-4-2
569	1.245830551449839e-06	nocladesub12	255-122-4-2
570	0.0008621380317895	clade6sub19	255-254-152-44
571	0.0057416277643174	clade6sub19	255-254-152-44
572	0.0088792115137185	clade6sub19	255-254-152-44
573	5.681555007887764e-12	nocladesub12	255-122-4-2
574	0.0685150538070723	clade6sub19	255-254-152-44
575	0.0592805175183458	clade6sub19	255-254-152-44
576	7.016077186172523e-07	nocladesub20	255-212-231-53
577	1.913729067218814e-05	nocladesub12	255-122-4-2
578	0.0008098568881341	nocladesub10	255-26-209-210
579	1.1481703334338802e-05	nocladesub2	255-70-122-242
580	2.5030737088989812e-05	nocladesub20	255-212-231-53
581	4.188355362138335e-06	nocladesub20	255-212-231-53
582	1.5987582908117869e-19	nocladesub2	255-70-122-242
583	1.7602783998260153e-15	nocladesub12	255-122-4-2
584	4.440311024615799e-16	nocladesub12	255-122-4-2
585	3.001853261580588e-10	nocladesub12	255-122-4-2
586	2.683182318469532e-06	nocladesub12	255-122-4-2
587	0.0744731271493768	clade6sub19	255-254-152-44
588	0.7863343272544185	nocladesub2	255-70-122-242
589	0.0439197778651544	clade6sub19	255-254-152-44
590	1.90438862197631e-06	clade6sub19	255-254-152-44
591	0.0003207253860116	nocladesub2	255-70-122-242
592	4.827299668633262e-09	nocladesub20	255-212-231-53
593	0.000135571286392	nocladesub2	255-70-122-242
594	0.2047866253361735	clade6sub19	255-254-152-44
595	3.61019445335656e-14	nocladesub12	255-122-4-2
596	1.487937637658998e-05	nocladesub2	255-70-122-242
597	2.619371320619552e-13	nocladesub20	255-212-231-53
598	1.1510477236733348e-15	nocladesub12	255-122-4-2
599	1.8095385724475838e-09	nocladesub20	255-212-231-53
600	6.821612781243293e-16	nocladesub12	255-122-4-2
601	0.0158608489485096	clade6sub19	255-254-152-44
602	2.8787423617992255e-11	nocladesub20	255-212-231-53
603	7.636666725988908e-14	nocladesub12	255-122-4-2
604	2.2877547598287023e-12	nocladesub12	255-122-4-2
605	0.0024822419428931	nocladesub10	255-26-209-210
606	0.1513225923450987	nocladesub12	255-122-4-2
607	1.7132634081148882e-14	nocladesub2	255-70-122-242
608	1.876594647524224e-06	clade6sub19	255-254-152-44
609	0.2016845818666265	nocladesub12	255-122-4-2
610	0.0001527180638462	clade6sub19	255-254-152-44
611	2.910930898768165e-12	nocladesub20	255-212-231-53
612	9.604525026986892e-08	clade6sub19	255-254-152-44
613	1.379927452139588e-07	clade6sub19	255-254-152-44
614	0.0007482837967533	clade6sub19	255-254-152-44
615	0.0007122029670218	clade6sub19	255-254-152-44
616	3.4289331313154446e-05	clade6sub19	255-254-152-44
617	0.0005731284791507	nocladesub12	255-122-4-2
618	0.0031287386350536	clade6sub19	255-254-152-44
619	6.952842873953356e-08	nocladesub20	255-212-231-53
620	3.03793255069844e-08	clade6sub19	255-254-152-44
621	0.5697294508902713	nocladesub20	255-212-231-53
622	0.1594089311910762	nocladesub2	255-70-122-242
623	0.8351706820319209	nocladesub20	255-212-231-53
624	0.2332963803049525	clade6sub19	255-254-152-44
625	0.4725863289489859	clade6sub19	255-254-152-44
626	0.0001043186773848	nocladesub20	255-212-231-53
627	0.1344592829154555	clade6sub19	255-254-152-44
628	0.0003211985263063	clade6sub19	255-254-152-44
629	1.166071699582601e-05	nocladesub2	255-70-122-242
630	4.325806798515845e-05	clade6sub19	255-254-152-44
631	1.0694849084909378e-05	nocladesub20	255-212-231-53
632	2.0931106145528758e-09	nocladesub20	255-212-231-53
633	4.6328931118293176e-14	clade6sub19	255-254-152-44
634	1.7971790955647798e-12	clade6sub19	255-254-152-44
635	9.849801558786854e-18	nocladesub20	255-212-231-53
636	1.3552819714605006e-13	clade6sub19	255-254-152-44
637	9.4631606815753e-09	nocladesub20	255-212-231-53
638	2.1057024454133528e-17	nocladesub20	255-212-231-53
639	4.906881537481589e-17	nocladesub12	255-122-4-2
640	5.879050481450934e-18	nocladesub10	255-26-209-210
641	1.5060814548353142e-19	clade6sub19	255-254-152-44
642	5.050314978835392e-14	nocladesub20	255-212-231-53
643	4.302697428916389e-11	nocladesub20	255-212-231-53
644	2.0749047485946577e-19	nocladesub20	255-212-231-53
645	1.4620713553308678e-17	nocladesub20	255-212-231-53
646	2.558405692571374e-16	nocladesub10	255-26-209-210
647	1.1626906604595002e-16	nocladesub12	255-122-4-2
648	8.196071118445928e-18	nocladesub20	255-212-231-53
649	4.2716232613867383e-16	nocladesub20	255-212-231-53
650	0.0850079016027669	nocladesub20	255-212-231-53
651	9.891466403537082e-16	nocladesub20	255-212-231-53
652	5.62002041052995e-10	nocladesub20	255-212-231-53
653	1.7223944651701964e-06	nocladesub20	255-212-231-53
654	1.5243505534975437e-07	nocladesub2	255-70-122-242
655	6.270034818667574e-23	nocladesub2	255-70-122-242
656	3.201820507025855e-07	nocladesub20	255-212-231-53
657	5.893529316662465e-05	nocladesub12	255-122-4-2
658	9.06435548981972e-12	nocladesub12	255-122-4-2
659	9.575648849153725e-08	nocladesub2	255-70-122-242
660	2.4763043553097387e-05	nocladesub12	255-122-4-2
661	2.458080079019453e-06	clade6sub19	255-254-152-44
662	1.08808374583158e-06	nocladesub12	255-122-4-2
663	0.0003078435629534	nocladesub12	255-122-4-2
664	0.000257196894893	nocladesub2	255-70-122-242
665	0.0200875440045419	nocladesub20	255-212-231-53
666	8.588610402421008e-06	nocladesub20	255-212-231-53
667	0.4972859765076143	clade6sub19	255-254-152-44
668	8.060681910135841e-15	nocladesub12	255-122-4-2
669	4.84051775074168e-06	nocladesub20	255-212-231-53
670	5.399858275025197e-14	nocladesub2	255-70-122-242
671	1.0570886336072413e-08	clade6sub19	255-254-152-44
672	6.8588954994675e-22	nocladesub2	255-70-122-242
673	1.804402279001625e-17	clade6sub19	255-254-152-44
674	7.368271765107036e-13	nocladesub2	255-70-122-242
675	1.0805709667914418e-17	nocladesub12	255-122-4-2
676	6.721842395013013e-12	clade6sub19	255-254-152-44
677	0.0001994906999702	nocladesub2	255-70-122-242
678	4.553533428505665e-21	nocladesub12	255-122-4-2
679	7.689348978643368e-13	nocladesub20	255-212-231-53
680	1.4497784312293117e-21	nocladesub20	255-212-231-53
681	1.0346427174533021e-07	nocladesub20	255-212-231-53
682	7.61766372769543e-17	nocladesub20	255-212-231-53
683	8.209860987407301e-17	nocladesub20	255-212-231-53
684	3.2871486953541133e-13	nocladesub20	255-212-231-53
685	9.037551663926718e-18	nocladesub2	255-70-122-242
686	2.6451701951184792e-14	nocladesub22	255-101-252-104
687	2.908765271200713e-11	nocladesub20	255-212-231-53
688	8.152491157945128e-16	nocladesub20	255-212-231-53
689	3.859636242026648e-21	nocladesub10	255-26-209-210
690	2.463853453388436e-13	nocladesub10	255-26-209-210
691	8.579441236651693e-16	nocladesub10	255-26-209-210
692	2.6005943932967943e-11	nocladesub20	255-212-231-53
693	5.3501753424132636e-14	nocladesub20	255-212-231-53
694	3.014076529160772e-11	nocladesub20	255-212-231-53
695	6.506319233685506e-09	nocladesub20	255-212-231-53
696	4.369046317028789e-13	nocladesub20	255-212-231-53
697	1.5452034231996098e-13	nocladesub12	255-122-4-2
698	2.5513469269080424e-15	nocladesub10	255-26-209-210
699	7.92394437986382e-13	nocladesub10	255-26-209-210
700	1.2759694758827097e-08	nocladesub20	255-212-231-53
701	1.1219837385032093e-15	nocladesub10	255-26-209-210
702	1.6270912624455054e-12	nocladesub10	255-26-209-210
703	3.2649179079852694e-12	nocladesub20	255-212-231-53
704	1.1335752041380947e-09	nocladesub22	255-101-252-104
705	4.756090619091194e-10	nocladesub20	255-212-231-53
706	4.337034974104451e-15	nocladesub10	255-26-209-210
707	3.242353006151676e-18	nocladesub2	255-70-122-242
708	2.042330246834381e-18	nocladesub20	255-212-231-53
709	1.6236675300301263e-09	nocladesub20	255-212-231-53
710	3.5684987587065823e-17	nocladesub2	255-70-122-242
711	1.9577771194264679e-16	nocladesub12	255-122-4-2
712	1.82768930563206e-06	clade6sub19	255-254-152-44
713	3.171607734617648e-19	nocladesub12	255-122-4-2
714	7.474144201954449e-15	nocladesub12	255-122-4-2
715	1.3464957344760067e-20	nocladesub12	255-122-4-2
716	1.0565404166648522e-16	nocladesub12	255-122-4-2
717	2.974106130804164e-12	nocladesub10	255-26-209-210
718	1.065959322411626e-06	clade6sub19	255-254-152-44
719	1.9913406042983632e-22	nocladesub12	255-122-4-2
720	0.0008001143310845	clade6sub19	255-254-152-44
721	2.2205255976658874e-14	nocladesub12	255-122-4-2
722	1.5539342465556032e-11	nocladesub12	255-122-4-2
723	1.5468728580503185e-08	nocladesub12	255-122-4-2
724	3.309794850933617e-13	nocladesub12	255-122-4-2
725	4.962526161115856e-06	clade6sub19	255-254-152-44
726	3.197523608908328e-07	clade6sub19	255-254-152-44
727	1.3927651130839162e-06	nocladesub12	255-122-4-2
728	0.0059109805358859	clade6sub19	255-254-152-44
729	2.754246427678329e-07	clade6sub19	255-254-152-44
730	1.3715864780494886e-10	nocladesub12	255-122-4-2
731	4.701604308136448e-09	clade6sub19	255-254-152-44
732	3.789223240633882e-07	nocladesub20	255-212-231-53
733	0.0003252331751574	clade6sub19	255-254-152-44
734	1.3062023188862169e-18	nocladesub20	255-212-231-53
735	0.0019856436276812	nocladesub2	255-70-122-242
736	3.335160854788059e-11	nocladesub2	255-70-122-242
737	1.5232644998518502e-17	nocladesub20	255-212-231-53
738	3.58596089311431e-08	nocladesub20	255-212-231-53
739	4.334393035694134e-07	nocladesub2	255-70-122-242
740	2.439997774940601e-09	nocladesub20	255-212-231-53
741	1.347143197990054e-14	nocladesub2	255-70-122-242
742	1.9144999539627704e-17	nocladesub2	255-70-122-242
743	3.6182554134376324e-13	nocladesub2	255-70-122-242
744	1.5357987826922366e-15	nocladesub12	255-122-4-2
745	1.0923534510778267e-20	nocladesub12	255-122-4-2
746	1.8780280252108533e-21	nocladesub12	255-122-4-2
747	1.0599437672599183e-10	clade6sub19	255-254-152-44
748	1.0852600243015674e-10	nocladesub2	255-70-122-242
749	6.644338145800982e-14	nocladesub2	255-70-122-242
750	5.562173428238802e-11	nocladesub12	255-122-4-2
751	1.3321199889191604e-09	nocladesub2	255-70-122-242
752	1.3721049788667814e-14	nocladesub20	255-212-231-53
753	0.000840359259423	clade6sub19	255-254-152-44
754	5.870934991965344e-10	nocladesub12	255-122-4-2
755	0.0171898082338487	clade6sub19	255-254-152-44
756	1.5155228785833496e-05	clade6sub19	255-254-152-44
757	0.0294070047758466	clade6sub19	255-254-152-44
758	0.9910361472482836	clade6sub19	255-254-152-44
759	7.117808445915946e-07	clade6sub19	255-254-152-44
760	1.561003157485874e-05	nocladesub2	255-70-122-242
761	0.0003370128309386	nocladesub12	255-122-4-2
762	0.0009605887362884	nocladesub12	255-122-4-2
763	0.0043405396201161	clade6sub19	255-254-152-44
764	0.0002324077212362	clade6sub19	255-254-152-44
765	1.5491038224065115e-11	nocladesub20	255-212-231-53
766	1.0957143664998141e-08	nocladesub2	255-70-122-242
767	1.2036506308378114e-12	nocladesub2	255-70-122-242
768	2.646448405340915e-16	nocladesub2	255-70-122-242
769	1.6333364841646124e-08	nocladesub2	255-70-122-242
770	3.457172361111121e-06	nocladesub20	255-212-231-53
771	2.8768430754095386e-15	nocladesub12	255-122-4-2
773	0.2602900072128374	nocladesub20	255-212-231-53
774	9.933109912236814e-18	nocladesub12	255-122-4-2
775	0.0009207862516629	nocladesub20	255-212-231-53
776	1.640276017091919e-16	nocladesub20	255-212-231-53
777	6.833511560343424e-09	nocladesub20	255-212-231-53
778	5.472427239932746e-18	nocladesub2	255-70-122-242
779	7.227348835831844e-16	nocladesub2	255-70-122-242
780	2.4452026884936395e-11	nocladesub12	255-122-4-2
781	2.843091129061891e-15	nocladesub12	255-122-4-2
782	3.2235975274128063e-18	nocladesub2	255-70-122-242
783	3.348174716415762e-08	clade6sub19	255-254-152-44
784	5.51783779878377e-14	nocladesub12	255-122-4-2
785	2.0464613290927834e-13	nocladesub12	255-122-4-2
786	1.0359030702071384e-20	nocladesub10	255-26-209-210
787	2.305868726124925e-12	nocladesub12	255-122-4-2
788	1.5291840476205496e-18	nocladesub2	255-70-122-242
789	2.5569354801941945e-08	nocladesub12	255-122-4-2
790	2.8393159829100217e-11	nocladesub12	255-122-4-2
791	0.0043060541893939	clade6sub19	255-254-152-44
792	2.439420731258601e-09	nocladesub12	255-122-4-2
793	2.27238800985495e-07	nocladesub12	255-122-4-2
794	0.0083588218581209	nocladesub12	255-122-4-2
795	6.48829068732266e-08	nocladesub12	255-122-4-2
796	0.0007505648295193	clade6sub19	255-254-152-44
797	2.2638161205352485e-07	clade6sub19	255-254-152-44
798	0.5687960268036318	clade6sub19	255-254-152-44
799	0.9943205528085206	nocladesub20	255-212-231-53
800	0.0070660887322588	nocladesub20	255-212-231-53
801	0.9860745648966498	nocladesub20	255-212-231-53
802	0.4070849462561707	nocladesub20	255-212-231-53
803	0.5895449641769647	clade6sub19	255-254-152-44
804	8.859723538395694e-07	clade6sub19	255-254-152-44
805	8.839498933277594e-14	nocladesub20	255-212-231-53
806	2.4543729479411845e-05	nocladesub20	255-212-231-53
807	0.9488847032647242	clade6sub19	255-254-152-44
808	2.3872200980715397e-13	nocladesub20	255-212-231-53
809	5.881671776262695e-14	clade6sub19	255-254-152-44
810	1.5981306548815985e-21	nocladesub12	255-122-4-2
811	1.0570226696370881e-13	nocladesub20	255-212-231-53
812	6.366947764825829e-21	nocladesub10	255-26-209-210
813	9.579372838281094e-13	nocladesub20	255-212-231-53
814	9.042572354675533e-18	nocladesub12	255-122-4-2
815	2.4012602796743202e-15	nocladesub10	255-26-209-210
816	1.0108871078823436e-14	nocladesub12	255-122-4-2
817	1.0970093196201138e-17	nocladesub20	255-212-231-53
818	1.0638316727770232e-21	nocladesub10	255-26-209-210
819	3.497172886409709e-17	nocladesub12	255-122-4-2
820	1.137008015776317e-18	nocladesub12	255-122-4-2
821	2.5944952326562093e-19	nocladesub12	255-122-4-2
822	6.35829748910246e-20	nocladesub20	255-212-231-53
823	9.804582699813308e-18	nocladesub10	255-26-209-210
824	3.949211587834585e-19	nocladesub10	255-26-209-210
825	4.034606890958204e-20	nocladesub10	255-26-209-210
826	2.0515636010491608e-19	nocladesub20	255-212-231-53
827	4.7968108078103e-20	nocladesub12	255-122-4-2
828	2.64601327759029e-20	nocladesub10	255-26-209-210
829	1.9450592991140432e-20	nocladesub12	255-122-4-2
830	6.258359021175157e-19	nocladesub20	255-212-231-53
831	4.9309833792082864e-20	nocladesub20	255-212-231-53
832	9.988859863993956e-20	nocladesub2	255-70-122-242
833	1.4828703773096553e-18	nocladesub12	255-122-4-2
834	3.4444431635924976e-12	nocladesub20	255-212-231-53
835	5.533897308361722e-14	nocladesub20	255-212-231-53
836	3.1192077579526865e-20	nocladesub2	255-70-122-242
837	3.671860859524538e-22	nocladesub2	255-70-122-242
838	2.502623149163805e-12	nocladesub20	255-212-231-53
839	1.931786378623768e-17	nocladesub12	255-122-4-2
840	8.648834356590897e-25	nocladesub12	255-122-4-2
841	5.4937157919918794e-18	nocladesub12	255-122-4-2
842	1.7378717127478742e-08	clade6sub19	255-254-152-44
843	4.616073788230179e-16	nocladesub12	255-122-4-2
844	6.283731294544548e-07	nocladesub12	255-122-4-2
845	9.990908802879856e-21	nocladesub2	255-70-122-242
846	3.4238557794841243e-09	nocladesub12	255-122-4-2
847	1.4682117518828297e-12	nocladesub2	255-70-122-242
848	5.683603998342084e-07	clade6sub19	255-254-152-44
849	1.0124048503300186e-11	nocladesub2	255-70-122-242
850	0.0604642443201362	clade6sub19	255-254-152-44
851	0.469124283686067	clade6sub19	255-254-152-44
852	8.137927080652391e-15	nocladesub12	255-122-4-2
853	0.0004444866795299	clade6sub19	255-254-152-44
854	0.0091479231842645	clade6sub19	255-254-152-44
855	1.1233201996726184e-14	nocladesub12	255-122-4-2
856	2.332737504348665e-10	nocladesub2	255-70-122-242
857	2.4623515003169722e-20	nocladesub2	255-70-122-242
858	4.48862216237235e-16	nocladesub12	255-122-4-2
859	2.4744098774757e-14	nocladesub2	255-70-122-242
860	2.152481223750849e-14	nocladesub2	255-70-122-242
861	5.004386453601497e-17	nocladesub2	255-70-122-242
862	2.9934959308231647e-15	nocladesub10	255-26-209-210
863	1.9330741883207141e-16	nocladesub10	255-26-209-210
864	1.1268331160070344e-08	clade6sub19	255-254-152-44
865	1.184729056114838e-18	nocladesub10	255-26-209-210
866	7.796052325719175e-18	nocladesub10	255-26-209-210
867	7.290479435941924e-21	nocladesub12	255-122-4-2
868	4.741006065253462e-19	nocladesub26	255-217-56-6
869	2.1864069014265778e-17	nocladesub26	255-217-56-6
870	1.455441127285919e-19	nocladesub26	255-217-56-6
871	9.121249643930405e-08	nocladesub20	255-212-231-53
872	1.8194427737275023e-16	nocladesub26	255-217-56-6
873	7.275545157865681e-17	nocladesub20	255-212-231-53
874	2.8262819656591746e-18	nocladesub20	255-212-231-53
875	2.777736843719249e-18	nocladesub10	255-26-209-210
876	1.2211738872880627e-20	nocladesub10	255-26-209-210
877	2.7841293333002923e-20	nocladesub12	255-122-4-2
878	2.842703873371219e-13	nocladesub10	255-26-209-210
879	1.1288709887380674e-16	nocladesub22	255-101-252-104
880	1.1910866691532596e-14	nocladesub20	255-212-231-53
881	4.078474041118794e-17	nocladesub20	255-212-231-53
882	1.0802797400619277e-21	nocladesub10	255-26-209-210
883	2.776563267305779e-17	nocladesub10	255-26-209-210
884	8.589088652989298e-12	nocladesub10	255-26-209-210
885	9.084367850345161e-11	nocladesub10	255-26-209-210
886	2.232433446956026e-14	nocladesub20	255-212-231-53
887	4.419109646165565e-16	nocladesub10	255-26-209-210
888	2.9290947216084806e-17	nocladesub10	255-26-209-210
889	3.4515188571732344e-15	nocladesub20	255-212-231-53
890	1.750869334434784e-15	nocladesub10	255-26-209-210
891	1.2223355002698696e-14	nocladesub10	255-26-209-210
892	9.147564025995495e-15	nocladesub20	255-212-231-53
893	1.5918045651501176e-12	nocladesub10	255-26-209-210
894	1.6863648158923107e-10	nocladesub10	255-26-209-210
895	2.721830730899806e-14	nocladesub10	255-26-209-210
896	4.97344215695716e-16	nocladesub10	255-26-209-210
897	4.749984688791414e-13	nocladesub10	255-26-209-210
898	1.440638631059597e-15	nocladesub10	255-26-209-210
899	1.9931458618207057e-12	nocladesub20	255-212-231-53
900	9.363098184507447e-14	nocladesub10	255-26-209-210
901	4.39111532615759e-13	nocladesub20	255-212-231-53
902	2.3654028554478e-15	nocladesub20	255-212-231-53
903	8.038989919324421e-16	nocladesub10	255-26-209-210
904	4.2436482135985934e-14	nocladesub20	255-212-231-53
905	4.995802429695246e-15	nocladesub10	255-26-209-210
906	1.9547409751252726e-13	nocladesub20	255-212-231-53
907	1.2334142296562494e-14	nocladesub12	255-122-4-2
908	2.991221533051863e-16	nocladesub20	255-212-231-53
909	2.313139657904704e-13	nocladesub20	255-212-231-53
910	4.3866527579739065e-18	nocladesub20	255-212-231-53
911	2.1717787238974227e-12	nocladesub20	255-212-231-53
912	7.006198271948255e-15	nocladesub20	255-212-231-53
913	6.897365272792699e-22	nocladesub2	255-70-122-242
914	1.4484975876351615e-20	nocladesub2	255-70-122-242
915	0.002265195610609	clade6sub19	255-254-152-44
916	4.0859441379705816e-16	nocladesub20	255-212-231-53
917	7.305394656801657e-07	nocladesub20	255-212-231-53
918	5.779250895465194e-18	nocladesub12	255-122-4-2
919	3.026985847071112e-09	nocladesub2	255-70-122-242
920	5.5684566663635684e-21	nocladesub12	255-122-4-2
921	5.18900864852358e-17	nocladesub10	255-26-209-210
922	8.26584919536644e-28	nocladesub12	255-122-4-2
923	1.7500705624980786e-16	nocladesub12	255-122-4-2
924	4.2526653107402185e-11	nocladesub2	255-70-122-242
925	1.3186597329622838e-14	nocladesub12	255-122-4-2
926	3.709614357303215e-15	nocladesub2	255-70-122-242
927	1.3135082259345517e-19	nocladesub12	255-122-4-2
928	4.297758016174203e-16	nocladesub2	255-70-122-242
929	5.044178580021198e-19	nocladesub20	255-212-231-53
930	2.1901931467286323e-22	nocladesub2	255-70-122-242
931	2.914079458306783e-17	nocladesub12	255-122-4-2
932	1.2813284739937544e-15	nocladesub12	255-122-4-2
933	3.351638388421579e-21	nocladesub2	255-70-122-242
934	7.615988346714003e-23	nocladesub10	255-26-209-210
935	1.477364149725296e-09	nocladesub12	255-122-4-2
936	5.615027498690815e-12	nocladesub12	255-122-4-2
937	2.3566072861586427e-18	nocladesub12	255-122-4-2
938	3.0086332708061984e-20	nocladesub2	255-70-122-242
939	6.413762836048558e-19	nocladesub20	255-212-231-53
940	2.9050225293141004e-19	nocladesub20	255-212-231-53
941	1.1736269081038398e-14	nocladesub12	255-122-4-2
942	7.99609473298685e-22	nocladesub20	255-212-231-53
943	8.955029508759648e-18	nocladesub2	255-70-122-242
944	4.056764504499258e-21	nocladesub20	255-212-231-53
945	1.1569967882060386e-21	nocladesub12	255-122-4-2
946	6.500942206562256e-07	nocladesub10	255-26-209-210
947	9.188858538487684e-18	nocladesub2	255-70-122-242
948	3.670759444004838e-21	nocladesub12	255-122-4-2
949	2.6540632100436577e-17	nocladesub12	255-122-4-2
950	4.090980879599268e-16	nocladesub2	255-70-122-242
951	2.3768059010586238e-23	nocladesub12	255-122-4-2
952	3.906156210514619e-20	nocladesub2	255-70-122-242
953	1.3048112727226164e-13	nocladesub2	255-70-122-242
954	3.885963948503589e-15	nocladesub2	255-70-122-242
955	8.560888435333622e-15	nocladesub10	255-26-209-210
956	2.077543268835568e-21	nocladesub12	255-122-4-2
957	6.310429560581421e-23	nocladesub2	255-70-122-242
958	1.3441687964840944e-13	nocladesub2	255-70-122-242
959	8.820331091656695e-21	nocladesub10	255-26-209-210
960	1.827632786709272e-17	nocladesub12	255-122-4-2
961	4.587863518342587e-18	nocladesub10	255-26-209-210
962	7.421060355514647e-26	nocladesub20	255-212-231-53
963	2.6848548998618008e-15	nocladesub20	255-212-231-53
964	1.4309943700881385e-19	nocladesub12	255-122-4-2
965	3.110058858363773e-21	nocladesub12	255-122-4-2
966	1.381594206800302e-18	nocladesub12	255-122-4-2
967	4.871480563714112e-19	nocladesub12	255-122-4-2
968	4.690355814824934e-18	nocladesub12	255-122-4-2
969	4.151120819175275e-15	nocladesub20	255-212-231-53
970	1.4707012935339397e-14	nocladesub10	255-26-209-210
971	1.069293382617794e-16	nocladesub10	255-26-209-210
972	4.217819550927477e-16	nocladesub22	255-101-252-104
973	1.9196069520549158e-11	nocladesub20	255-212-231-53
974	4.737894859487419e-19	nocladesub12	255-122-4-2
975	6.6634747020492066e-09	nocladesub20	255-212-231-53
976	5.597903263541887e-15	nocladesub20	255-212-231-53
977	7.839208611263826e-17	nocladesub20	255-212-231-53
978	1.6669179618169294e-13	nocladesub12	255-122-4-2
979	2.0020966667532678e-11	nocladesub20	255-212-231-53
980	0.0009822116556275	clade6sub19	255-254-152-44
981	2.4809929793188653e-09	nocladesub2	255-70-122-242
982	1.92306451853508e-08	nocladesub2	255-70-122-242
983	2.835367824316849e-09	nocladesub10	255-26-209-210
984	0.0002320554712885	clade6sub19	255-254-152-44
985	9.23650950563002e-09	nocladesub2	255-70-122-242
986	2.0621720458993767e-10	nocladesub10	255-26-209-210
987	0.0001605766595324	nocladesub10	255-26-209-210
988	9.16056301721759e-06	clade6sub19	255-254-152-44
989	2.3160696882092925e-08	clade6sub19	255-254-152-44
990	2.495916005579043e-06	nocladesub26	255-217-56-6
991	0.200024833255466	nocladesub2	255-70-122-242
992	4.688714910299838e-07	nocladesub12	255-122-4-2
993	4.898084863861349e-06	nocladesub12	255-122-4-2
994	1.6918235443277202e-15	nocladesub12	255-122-4-2
995	8.132493561752707e-14	nocladesub12	255-122-4-2
996	7.450830804161377e-10	nocladesub12	255-122-4-2
997	0.0696888598573692	nocladesub26	255-217-56-6
998	0.0005942686956344	nocladesub26	255-217-56-6
999	1.347436814865095e-12	clade6sub19	255-254-152-44
1000	1.5710002616876375e-10	nocladesub12	255-122-4-2
1001	6.683140733453073e-13	nocladesub12	255-122-4-2
1002	3.401419054629172e-15	nocladesub2	255-70-122-242
1003	1.8799142183155625e-07	nocladesub2	255-70-122-242
1004	5.1641762887471146e-18	nocladesub12	255-122-4-2
1005	4.750519033785304e-15	nocladesub2	255-70-122-242
1006	5.424075491043308e-09	nocladesub10	255-26-209-210
1007	3.938798337285013e-18	nocladesub2	255-70-122-242
1008	4.012577853655984e-12	nocladesub2	255-70-122-242
1009	3.9554488547848e-14	nocladesub20	255-212-231-53
1010	4.1143881776710076e-16	nocladesub12	255-122-4-2
1011	4.4758833503545184e-12	nocladesub2	255-70-122-242
1012	2.8836484766012423e-18	nocladesub2	255-70-122-242
1013	1.9218674896856743e-18	nocladesub12	255-122-4-2
1014	2.6937732914143777e-18	nocladesub2	255-70-122-242
1015	1.6387680788471989e-15	nocladesub12	255-122-4-2
1016	5.628188680106404e-18	nocladesub10	255-26-209-210
1017	1.1425294878572337e-19	nocladesub2	255-70-122-242
1018	5.810265336630627e-20	nocladesub10	255-26-209-210
1019	5.0150922610267456e-20	nocladesub12	255-122-4-2
1020	2.266894533729765e-26	nocladesub2	255-70-122-242
1021	3.903872144835159e-25	nocladesub10	255-26-209-210
1022	1.5397317087705816e-23	nocladesub12	255-122-4-2
1023	1.9715346787266068e-15	nocladesub12	255-122-4-2
1024	1.376974641367338e-21	nocladesub2	255-70-122-242
1025	3.3847575166681407e-17	nocladesub12	255-122-4-2
1026	1.5737962834693815e-16	nocladesub12	255-122-4-2
1027	5.9420328718188e-14	nocladesub12	255-122-4-2
1028	4.4569412557259614e-13	nocladesub12	255-122-4-2
1029	2.468294577066992e-15	nocladesub12	255-122-4-2
1030	3.934654394307186e-15	nocladesub12	255-122-4-2
1031	3.0782059615992124e-08	nocladesub12	255-122-4-2
1032	0.0439474638753581	nocladesub2	255-70-122-242
1033	0.0003663812265925	nocladesub12	255-122-4-2
1034	0.0002799846221902	clade6sub19	255-254-152-44
1035	8.543268698394593e-07	clade6sub19	255-254-152-44
1036	0.0020094876624283	clade6sub19	255-254-152-44
1037	0.9602669944051908	nocladesub20	255-212-231-53
1038	0.663695346953164	clade6sub19	255-254-152-44
1039	0.0119904110134365	nocladesub20	255-212-231-53
1040	6.030130503812581e-17	nocladesub20	255-212-231-53
1041	2.3686163912734907e-14	nocladesub20	255-212-231-53
1042	1.7267857706885223e-16	nocladesub20	255-212-231-53
1043	1.5933188202432734e-17	nocladesub20	255-212-231-53
1044	0.0418003870225283	clade6sub19	255-254-152-44
1045	8.2653701700687e-19	nocladesub20	255-212-231-53
1046	1.8601651970381084e-12	nocladesub10	255-26-209-210
1047	1.5826954030258082e-14	nocladesub10	255-26-209-210
1048	9.324574564081752e-15	nocladesub12	255-122-4-2
1049	1.3078060418132905e-12	nocladesub12	255-122-4-2
1050	5.437823592988872e-19	nocladesub10	255-26-209-210
1051	5.6393450101955566e-18	nocladesub20	255-212-231-53
1052	3.573290813046972e-15	nocladesub12	255-122-4-2
1053	8.528269912150881e-16	nocladesub12	255-122-4-2
1054	1.136029078819603e-21	nocladesub10	255-26-209-210
1055	1.567025827426804e-19	nocladesub10	255-26-209-210
1056	3.301625021122068e-18	nocladesub10	255-26-209-210
1057	5.20886247757093e-13	nocladesub12	255-122-4-2
1058	2.5470113164731667e-16	nocladesub12	255-122-4-2
1059	3.3855668058290244e-18	clade6sub19	255-254-152-44
1060	8.27923718898938e-16	nocladesub12	255-122-4-2
1061	4.9153597383691705e-17	clade6sub19	255-254-152-44
1062	1.7420409452348226e-16	nocladesub12	255-122-4-2
1063	2.107001857993886e-15	nocladesub12	255-122-4-2
1064	4.140619215850301e-18	nocladesub12	255-122-4-2
1065	2.855421425264605e-20	nocladesub2	255-70-122-242
1066	1.1057727458554752e-15	nocladesub10	255-26-209-210
1067	2.761356577208037e-17	nocladesub12	255-122-4-2
1068	1.8272823558406397e-19	nocladesub2	255-70-122-242
1069	8.152665698876465e-20	nocladesub20	255-212-231-53
1070	4.7818052819414544e-21	nocladesub12	255-122-4-2
1071	1.4426794410504242e-20	nocladesub2	255-70-122-242
1072	2.023683672257592e-19	nocladesub12	255-122-4-2
1073	3.747767108521984e-22	nocladesub12	255-122-4-2
1074	4.3486797645021097e-20	nocladesub12	255-122-4-2
1075	3.763011557892625e-22	nocladesub12	255-122-4-2
1076	3.639002483046678e-20	nocladesub10	255-26-209-210
1077	5.088985899440344e-19	nocladesub12	255-122-4-2
1078	1.1037564270759424e-19	nocladesub12	255-122-4-2
1079	3.263167543690176e-21	nocladesub12	255-122-4-2
1080	2.389096476630819e-19	nocladesub12	255-122-4-2
1081	1.455482843212049e-19	nocladesub10	255-26-209-210
1082	1.0839168208522359e-10	nocladesub12	255-122-4-2
1083	9.1423874355044e-26	nocladesub10	255-26-209-210
1084	3.398789976494069e-18	nocladesub12	255-122-4-2
1085	1.2120984191502235e-16	nocladesub12	255-122-4-2
1086	0.0014279455032045	clade6sub19	255-254-152-44
1087	5.898561562400828e-09	nocladesub10	255-26-209-210
1088	1.2434141155735572e-18	nocladesub2	255-70-122-242
1089	8.394395037288897e-14	nocladesub2	255-70-122-242
1090	2.354046491408932e-12	nocladesub10	255-26-209-210
1091	6.211816837235608e-09	clade6sub19	255-254-152-44
1092	0.0018881451214947	clade6sub19	255-254-152-44
1093	1.061474155930715e-11	nocladesub10	255-26-209-210
1094	9.01346797535126e-12	nocladesub2	255-70-122-242
1095	7.233565425532005e-06	nocladesub26	255-217-56-6
1096	1.0255747723197082e-18	nocladesub12	255-122-4-2
1097	6.337451296750386e-20	nocladesub10	255-26-209-210
1098	1.070321796002027e-10	nocladesub2	255-70-122-242
1099	1.0767073590150554e-17	nocladesub2	255-70-122-242
1100	1.9923851670956532e-13	nocladesub2	255-70-122-242
1101	1.959431779405406e-17	nocladesub10	255-26-209-210
1102	8.591291665904059e-19	nocladesub12	255-122-4-2
1103	8.347824552607345e-17	nocladesub12	255-122-4-2
1104	2.4653171053184403e-20	nocladesub10	255-26-209-210
1105	4.482642134833664e-21	nocladesub2	255-70-122-242
1106	2.123607922497742e-18	nocladesub2	255-70-122-242
1107	3.1629120349876277e-10	clade6sub19	255-254-152-44
1108	2.0517337637778352e-18	nocladesub12	255-122-4-2
1109	4.4502860663668826e-17	nocladesub12	255-122-4-2
1110	1.3435123432060069e-10	nocladesub10	255-26-209-210
1111	8.414557457435162e-19	nocladesub12	255-122-4-2
1112	1.30553689882278e-18	nocladesub12	255-122-4-2
1113	6.3546328097198515e-19	nocladesub12	255-122-4-2
1114	5.765481348550528e-09	nocladesub22	255-101-252-104
1115	5.6091489920551124e-14	nocladesub12	255-122-4-2
1116	1.5504038490965898e-13	nocladesub12	255-122-4-2
1117	2.5078347397383812e-05	nocladesub20	255-212-231-53
1118	2.2160943765479413e-14	nocladesub20	255-212-231-53
1119	3.641588692884732e-11	nocladesub22	255-101-252-104
1120	9.967801834706165e-14	nocladesub22	255-101-252-104
1121	2.231137725912457e-13	nocladesub10	255-26-209-210
1122	4.6339406500105463e-08	nocladesub10	255-26-209-210
1123	3.1021584497441428e-12	nocladesub22	255-101-252-104
1124	1.0023320569183136e-14	nocladesub22	255-101-252-104
1125	1.4102587499004308e-19	nocladesub10	255-26-209-210
1126	1.7012703184507192e-14	nocladesub12	255-122-4-2
1127	6.290059821649591e-17	nocladesub10	255-26-209-210
1128	6.190121223522543e-19	nocladesub22	255-101-252-104
1129	5.485173154626261e-10	nocladesub10	255-26-209-210
1130	1.8542800074872957e-20	clade6sub19	255-254-152-44
1131	4.176550610178873e-19	clade6sub19	255-254-152-44
1132	2.732585790735513e-15	nocladesub22	255-101-252-104
1133	1.064594528956326e-15	nocladesub20	255-212-231-53
1134	1.944035754831672e-14	nocladesub10	255-26-209-210
1135	3.436871296286247e-15	nocladesub10	255-26-209-210
1136	1.711505335698471e-13	nocladesub10	255-26-209-210
1137	2.1304758658308506e-15	nocladesub10	255-26-209-210
1138	1.6647377590856732e-14	nocladesub20	255-212-231-53
1139	4.418301349855657e-12	nocladesub10	255-26-209-210
1140	2.521736290939057e-13	nocladesub10	255-26-209-210
1141	2.2404926125690825e-16	nocladesub10	255-26-209-210
1142	9.889367235858031e-17	nocladesub10	255-26-209-210
1143	2.926997491070227e-16	nocladesub22	255-101-252-104
1144	1.881915772625073e-14	nocladesub10	255-26-209-210
1145	2.760535201144633e-17	nocladesub22	255-101-252-104
1146	3.01273394579128e-17	nocladesub10	255-26-209-210
1147	1.445692303227539e-19	nocladesub10	255-26-209-210
1148	2.929316666775872e-14	nocladesub10	255-26-209-210
1149	1.2029769917350552e-16	clade6sub19	255-254-152-44
1150	4.9831826934782276e-20	nocladesub22	255-101-252-104
1151	1.1693744701254071e-14	clade6sub19	255-254-152-44
1152	5.834655068984286e-17	nocladesub22	255-101-252-104
1153	8.002502214516483e-16	clade6sub19	255-254-152-44
1154	3.2164374022208776e-20	nocladesub10	255-26-209-210
1155	1.4763540131435757e-17	nocladesub12	255-122-4-2
1156	8.033218611487851e-14	nocladesub10	255-26-209-210
1157	1.512015095321236e-16	nocladesub20	255-212-231-53
1158	2.7468224760155802e-18	nocladesub20	255-212-231-53
1159	9.384033141137102e-18	nocladesub10	255-26-209-210
1160	4.532012370903563e-18	nocladesub12	255-122-4-2
1161	1.0467231645359125e-17	nocladesub10	255-26-209-210
1162	2.2275047217057012e-17	nocladesub10	255-26-209-210
1163	3.3064272877060314e-14	nocladesub20	255-212-231-53
1164	2.2805379386152555e-20	nocladesub12	255-122-4-2
1165	4.935129086422136e-17	nocladesub12	255-122-4-2
1166	3.0396663999677997e-17	nocladesub12	255-122-4-2
1167	3.40418378399776e-17	nocladesub12	255-122-4-2
1168	7.981309642148233e-17	nocladesub12	255-122-4-2
1169	1.0686098066782678e-10	clade6sub19	255-254-152-44
1170	1.329590662101256e-23	nocladesub12	255-122-4-2
1171	2.9063805165051084e-18	nocladesub20	255-212-231-53
1172	3.1706947767729404e-19	nocladesub12	255-122-4-2
1173	9.36732263602527e-05	clade6sub19	255-254-152-44
1174	5.836639535334365e-09	clade6sub19	255-254-152-44
1175	3.525308487119095e-17	nocladesub2	255-70-122-242
1176	1.7749858536255965e-15	clade6sub19	255-254-152-44
1177	1.3489272565942405e-17	nocladesub2	255-70-122-242
1178	1.7205970567537238e-26	nocladesub22	255-101-252-104
1179	8.327248271050894e-20	nocladesub12	255-122-4-2
1180	1.7887287895086555e-20	nocladesub2	255-70-122-242
1181	4.010816307301848e-24	nocladesub2	255-70-122-242
1182	4.1502237418997797e-22	nocladesub12	255-122-4-2
1183	3.040468883480176e-22	nocladesub2	255-70-122-242
1184	1.2193645709861316e-25	nocladesub2	255-70-122-242
1185	4.271692501768403e-26	nocladesub10	255-26-209-210
1186	3.590317318377719e-21	nocladesub12	255-122-4-2
1187	1.2279274106720481e-20	nocladesub10	255-26-209-210
1188	9.742341098737307e-21	nocladesub10	255-26-209-210
1189	5.3840440925249805e-20	nocladesub12	255-122-4-2
1190	9.529127439667846e-22	nocladesub2	255-70-122-242
1191	1.15548305556901e-20	nocladesub12	255-122-4-2
1192	2.260406303034332e-19	nocladesub12	255-122-4-2
1193	1.4750283219612204e-16	nocladesub12	255-122-4-2
1194	9.370191030622702e-14	nocladesub12	255-122-4-2
1195	2.0546338542868385e-19	nocladesub10	255-26-209-210
1196	6.936379333083925e-18	nocladesub12	255-122-4-2
1197	2.9947865497507347e-15	nocladesub12	255-122-4-2
1198	6.108514698854396e-14	nocladesub12	255-122-4-2
1199	8.772774142466823e-14	nocladesub12	255-122-4-2
1200	1.629191963308629e-23	nocladesub12	255-122-4-2
1201	2.6009067529056373e-16	nocladesub12	255-122-4-2
1202	1.4331866712191678e-17	nocladesub12	255-122-4-2
1203	5.9743321470740435e-18	nocladesub12	255-122-4-2
1204	1.1594982072083026e-17	nocladesub10	255-26-209-210
1205	1.2469179720309206e-17	nocladesub10	255-26-209-210
1206	1.511696366672063e-20	nocladesub10	255-26-209-210
1207	1.4623418253259168e-17	nocladesub12	255-122-4-2
1208	3.036922371080312e-15	nocladesub10	255-26-209-210
1209	6.891275092942423e-15	nocladesub20	255-212-231-53
1210	7.369834531185666e-19	nocladesub12	255-122-4-2
1211	8.276528509502564e-21	nocladesub12	255-122-4-2
1212	3.5159879364698944e-18	nocladesub10	255-26-209-210
1213	9.28620760038742e-16	nocladesub12	255-122-4-2
1214	5.438759214863681e-19	nocladesub10	255-26-209-210
1215	5.321064444672954e-21	nocladesub10	255-26-209-210
1216	1.9370856105237559e-16	nocladesub12	255-122-4-2
1217	1.6358407784580488e-19	nocladesub12	255-122-4-2
1218	1.2818168062145446e-20	nocladesub12	255-122-4-2
1219	1.735886308552782e-12	clade6sub19	255-254-152-44
1220	1.413025234657299e-16	nocladesub12	255-122-4-2
1221	4.998784926444043e-17	nocladesub12	255-122-4-2
1222	1.964298321952303e-13	clade6sub19	255-254-152-44
1223	3.4104047036162576e-17	nocladesub12	255-122-4-2
1224	7.062859859337675e-20	nocladesub12	255-122-4-2
1225	4.747957086746699e-16	nocladesub12	255-122-4-2
1226	3.952026995224375e-19	nocladesub10	255-26-209-210
1227	1.2571888556814142e-14	nocladesub20	255-212-231-53
1228	1.3960678680099802e-15	nocladesub12	255-122-4-2
1229	3.467910282528653e-16	nocladesub20	255-212-231-53
1230	1.1219799311196208e-17	nocladesub10	255-26-209-210
1231	4.769879271743654e-19	nocladesub12	255-122-4-2
1232	3.69369169080054e-18	nocladesub10	255-26-209-210
1233	1.0031645092507471e-14	nocladesub20	255-212-231-53
1234	5.470797174597436e-14	nocladesub20	255-212-231-53
1235	7.215223258266846e-18	nocladesub10	255-26-209-210
1236	2.6198366077806527e-19	nocladesub10	255-26-209-210
1237	6.886569080894481e-17	nocladesub12	255-122-4-2
1238	1.0206457230469495e-20	nocladesub10	255-26-209-210
1239	1.814780002473427e-17	nocladesub10	255-26-209-210
1240	8.717707736057622e-07	nocladesub20	255-212-231-53
1241	2.4157318836932474e-20	nocladesub12	255-122-4-2
1242	7.695908683506725e-10	clade6sub19	255-254-152-44
1243	2.268807895231072e-19	nocladesub2	255-70-122-242
1244	7.878719285971994e-19	nocladesub12	255-122-4-2
1245	2.1480647267670877e-09	nocladesub12	255-122-4-2
1246	1.9075991771255008e-14	nocladesub12	255-122-4-2
1247	6.824064991993012e-13	nocladesub2	255-70-122-242
1248	1.152173156070979e-18	nocladesub12	255-122-4-2
1249	1.490297482443059e-07	nocladesub2	255-70-122-242
1250	0.0006247924386849	nocladesub2	255-70-122-242
1251	3.82279620274008e-23	nocladesub2	255-70-122-242
1252	9.08796599416537e-22	nocladesub2	255-70-122-242
1253	6.3592384352449805e-09	clade6sub19	255-254-152-44
1254	2.3538180033693e-06	clade6sub19	255-254-152-44
1255	1.1535066402441489e-05	clade6sub19	255-254-152-44
1256	0.033643193244292	nocladesub26	255-217-56-6
1257	1.349452299501344e-08	nocladesub2	255-70-122-242
1258	2.7627861582723465e-06	nocladesub20	255-212-231-53
1259	4.417665422542326e-14	nocladesub2	255-70-122-242
1260	1.8127891395079424e-21	nocladesub22	255-101-252-104
1261	5.330412329627918e-07	nocladesub12	255-122-4-2
1262	6.384218423917418e-21	nocladesub2	255-70-122-242
1263	8.925965050933134e-10	clade6sub19	255-254-152-44
1264	1.0265953156842236e-19	nocladesub12	255-122-4-2
1265	4.776806059493241e-22	nocladesub12	255-122-4-2
1266	0.3109505165806348	clade6sub19	255-254-152-44
1267	0.7930677788600092	nocladesub20	255-212-231-53
1268	0.7290833747175186	nocladesub20	255-212-231-53
1269	0.0017148412038315	clade6sub19	255-254-152-44
1270	6.1442907784134e-13	nocladesub12	255-122-4-2
1271	1.5608305524341313e-06	nocladesub12	255-122-4-2
1272	7.253279277513145e-11	nocladesub10	255-26-209-210
1273	3.709041377207165e-13	nocladesub12	255-122-4-2
1274	1.6546808498370004e-12	nocladesub12	255-122-4-2
1275	7.073473235852526e-07	nocladesub12	255-122-4-2
1276	2.9025544454427257e-17	nocladesub12	255-122-4-2
1277	5.1554307240039796e-14	nocladesub10	255-26-209-210
1278	3.182924250023653e-18	nocladesub12	255-122-4-2
1279	2.4056421029918644e-18	nocladesub12	255-122-4-2
1280	1.503298614204411e-14	nocladesub12	255-122-4-2
1281	2.7098487697133277e-24	nocladesub10	255-26-209-210
1282	5.901475767063401e-17	nocladesub12	255-122-4-2
1283	3.7382546907173615e-18	nocladesub10	255-26-209-210
1284	1.1643181039380637e-21	nocladesub2	255-70-122-242
1285	2.921219482405572e-16	nocladesub2	255-70-122-242
1286	1.112632691487631e-16	nocladesub10	255-26-209-210
1287	3.669060371367331e-16	nocladesub2	255-70-122-242
1288	4.220788306726319e-21	nocladesub10	255-26-209-210
1289	2.819275960337296e-23	nocladesub12	255-122-4-2
1290	4.489515410528543e-16	nocladesub12	255-122-4-2
1291	1.9747304293987103e-22	nocladesub2	255-70-122-242
1292	4.662434936553399e-19	nocladesub12	255-122-4-2
1293	2.6630434697768248e-21	nocladesub2	255-70-122-242
1294	3.662987435480427e-23	nocladesub10	255-26-209-210
1295	6.3109092636338e-22	nocladesub10	255-26-209-210
1296	7.106868840410271e-26	nocladesub10	255-26-209-210
1297	1.4088654486426515e-24	nocladesub2	255-70-122-242
1298	2.164909470063233e-24	nocladesub10	255-26-209-210
1299	3.533682295996995e-19	nocladesub12	255-122-4-2
1300	2.0439429544084992e-22	nocladesub12	255-122-4-2
1301	2.3892147573752262e-20	nocladesub10	255-26-209-210
1302	2.087058499828527e-25	nocladesub10	255-26-209-210
1303	6.874213243679277e-23	nocladesub12	255-122-4-2
1304	9.850815390855939e-27	nocladesub12	255-122-4-2
1305	4.291466701439475e-17	nocladesub12	255-122-4-2
1306	1.6921829523050214e-19	nocladesub10	255-26-209-210
1307	1.3533752635444906e-21	nocladesub12	255-122-4-2
1308	9.644173050715705e-16	nocladesub12	255-122-4-2
1309	1.240234844644417e-17	nocladesub12	255-122-4-2
1310	3.1636682668204904e-19	nocladesub12	255-122-4-2
1311	5.37743936423355e-22	nocladesub12	255-122-4-2
1312	1.8088822389326662e-20	nocladesub12	255-122-4-2
1313	3.683645190034767e-20	nocladesub2	255-70-122-242
1314	1.2892756303372909e-19	nocladesub12	255-122-4-2
1315	4.233033310527982e-20	nocladesub12	255-122-4-2
1316	9.953481789517068e-18	nocladesub12	255-122-4-2
1317	6.899069898482607e-08	nocladesub12	255-122-4-2
1318	3.488383605828264e-13	nocladesub12	255-122-4-2
1319	0.1327129578242036	nocladesub10	255-26-209-210
1320	0.7414232747505793	clade6sub19	255-254-152-44
1321	0.7844101919830582	nocladesub20	255-212-231-53
1322	0.9990309142486672	nocladesub20	255-212-231-53
1323	0.969019571219	nocladesub20	255-212-231-53
1324	0.3329950275673148	clade6sub19	255-254-152-44
1325	0.0022471842982895	nocladesub20	255-212-231-53
1326	3.0410304797422e-07	nocladesub20	255-212-231-53
1327	7.8943232691395e-14	nocladesub20	255-212-231-53
1328	0.0026500051152923	nocladesub20	255-212-231-53
1329	1.3190959113206404e-13	nocladesub20	255-212-231-53
1330	4.1856562019414683e-13	nocladesub20	255-212-231-53
1331	0.0001127398405389	nocladesub10	255-26-209-210
1332	1.4475408727035326e-11	nocladesub10	255-26-209-210
1333	6.396310165658516e-11	nocladesub10	255-26-209-210
1334	7.304669003033932e-10	nocladesub22	255-101-252-104
1335	3.106769871040113e-14	nocladesub10	255-26-209-210
1336	3.567660882989869e-10	nocladesub22	255-101-252-104
1337	2.6570531447116103e-11	nocladesub10	255-26-209-210
1338	2.402536861647052e-09	nocladesub22	255-101-252-104
1339	8.967240184874377e-13	nocladesub2	255-70-122-242
1340	7.034929180127428e-10	nocladesub12	255-122-4-2
1341	5.3586037746655215e-15	nocladesub10	255-26-209-210
1342	2.1946898306051275e-15	nocladesub10	255-26-209-210
1343	4.493031656783633e-19	nocladesub10	255-26-209-210
1344	8.874873061631334e-18	nocladesub22	255-101-252-104
1345	3.10166844875567e-13	nocladesub12	255-122-4-2
1346	1.0886003733553489e-12	nocladesub12	255-122-4-2
1347	3.5624694093722733e-13	nocladesub22	255-101-252-104
1348	1.9674134338150494e-13	nocladesub10	255-26-209-210
1349	1.0103520495707157e-16	nocladesub10	255-26-209-210
1350	6.242583466206128e-13	clade6sub19	255-254-152-44
1351	1.139731723328692e-16	nocladesub22	255-101-252-104
1352	6.044538024521944e-17	nocladesub12	255-122-4-2
1353	1.157124637018271e-11	nocladesub12	255-122-4-2
1354	2.683658903353325e-13	nocladesub20	255-212-231-53
1355	1.3464486380383468e-11	nocladesub12	255-122-4-2
1356	8.153122680886038e-13	nocladesub12	255-122-4-2
1357	6.129581275533466e-17	nocladesub12	255-122-4-2
1358	1.9063304267616491e-16	nocladesub12	255-122-4-2
1359	1.325363775178904e-15	nocladesub10	255-26-209-210
1360	5.1967170294389656e-15	nocladesub12	255-122-4-2
1361	1.1786969683877211e-14	nocladesub12	255-122-4-2
1362	3.369720779410025e-16	nocladesub12	255-122-4-2
1363	5.08156163172408e-14	nocladesub12	255-122-4-2
1364	7.555588376638428e-18	nocladesub12	255-122-4-2
1365	2.759746512480237e-20	nocladesub12	255-122-4-2
1366	2.0495774193296146e-17	nocladesub12	255-122-4-2
1367	1.2089817049688636e-12	nocladesub12	255-122-4-2
1368	2.8209550166604943e-15	nocladesub12	255-122-4-2
1369	4.2183903026069474e-22	nocladesub12	255-122-4-2
1370	2.8607156906964594e-20	nocladesub12	255-122-4-2
1371	4.534022767301371e-17	nocladesub12	255-122-4-2
1372	7.158705506139409e-19	nocladesub12	255-122-4-2
1373	6.060283880198306e-18	nocladesub2	255-70-122-242
1374	8.251264663136939e-18	nocladesub12	255-122-4-2
1375	8.443007419470089e-14	nocladesub2	255-70-122-242
1376	1.5638730362343957e-15	nocladesub2	255-70-122-242
1377	7.826909130703554e-15	nocladesub10	255-26-209-210
1378	2.482614757739375e-12	nocladesub20	255-212-231-53
1379	2.3283040061197477e-10	nocladesub2	255-70-122-242
1380	0.0214237409534427	clade6sub19	255-254-152-44
1381	0.5829154541270453	nocladesub2	255-70-122-242
1382	2.9604601789832837e-06	clade6sub19	255-254-152-44
1383	0.403525591830784	clade6sub19	255-254-152-44
1384	0.6815015602069229	clade6sub19	255-254-152-44
1385	6.030320200890687e-14	nocladesub2	255-70-122-242
1386	7.893116416521063e-16	nocladesub2	255-70-122-242
1387	2.2635549078045828e-12	nocladesub22	255-101-252-104
1388	1.1022132598827779e-17	nocladesub20	255-212-231-53
1389	7.860819486647615e-14	nocladesub22	255-101-252-104
1390	1.5306130373259746e-16	nocladesub10	255-26-209-210
1391	2.1150937850359733e-14	nocladesub22	255-101-252-104
1392	2.242979418787728e-12	nocladesub12	255-122-4-2
1393	3.0580328113283066e-17	nocladesub10	255-26-209-210
1394	1.675099547944271e-16	nocladesub12	255-122-4-2
1395	8.153205717316034e-14	nocladesub12	255-122-4-2
1396	3.387780928065836e-18	nocladesub12	255-122-4-2
1397	5.1542946250405494e-18	nocladesub10	255-26-209-210
1398	1.538263413550314e-05	nocladesub12	255-122-4-2
1399	8.587612202434764e-17	nocladesub12	255-122-4-2
1400	6.689589942476034e-19	nocladesub10	255-26-209-210
1401	7.198430286995036e-06	nocladesub12	255-122-4-2
1402	3.2273612455190508e-18	nocladesub2	255-70-122-242
1403	2.6751271865047086e-17	nocladesub10	255-26-209-210
1404	3.648361473387159e-17	nocladesub2	255-70-122-242
1405	2.16577994866957e-14	nocladesub12	255-122-4-2
1406	9.075591765915944e-22	nocladesub12	255-122-4-2
1407	9.547249430423836e-17	nocladesub2	255-70-122-242
1408	2.7599660038472213e-05	nocladesub12	255-122-4-2
1409	8.954007688001412e-13	nocladesub2	255-70-122-242
1410	1.6234764702017852e-18	nocladesub12	255-122-4-2
1411	1.3303462144760246e-06	nocladesub10	255-26-209-210
1412	1.567305661337002e-14	nocladesub12	255-122-4-2
1413	1.7087084274917042e-14	nocladesub12	255-122-4-2
1414	1.5730699751898862e-09	nocladesub10	255-26-209-210
1415	1.7956596516690927e-16	nocladesub12	255-122-4-2
1416	5.003198140256808e-11	nocladesub22	255-101-252-104
1417	1.3662965236714382e-12	nocladesub20	255-212-231-53
1418	8.454745795137896e-11	nocladesub22	255-101-252-104
1419	2.183920441373672e-11	nocladesub22	255-101-252-104
1420	1.0169007112105675e-10	nocladesub10	255-26-209-210
1421	1.0427176557224145e-13	nocladesub10	255-26-209-210
1422	2.07263004665588e-12	nocladesub22	255-101-252-104
1423	1.6288266178547822e-19	nocladesub10	255-26-209-210
1424	2.2733388296210934e-11	nocladesub10	255-26-209-210
1425	3.5467188329237835e-16	nocladesub10	255-26-209-210
1426	7.278563909037335e-19	nocladesub10	255-26-209-210
1427	2.9805713036176255e-14	nocladesub12	255-122-4-2
1428	2.838120444660765e-13	nocladesub10	255-26-209-210
1429	7.971559222755028e-14	nocladesub22	255-101-252-104
1430	6.1876469382475395e-12	nocladesub10	255-26-209-210
1431	8.809915664614044e-14	nocladesub20	255-212-231-53
1432	6.370415428578225e-14	nocladesub22	255-101-252-104
1433	1.500785508799084e-12	nocladesub10	255-26-209-210
1434	3.77800856164519e-15	nocladesub22	255-101-252-104
1435	2.074979486412897e-16	nocladesub22	255-101-252-104
1436	1.559842730308675e-13	nocladesub10	255-26-209-210
1437	1.4309715662383917e-15	nocladesub10	255-26-209-210
1438	4.0470084073414716e-14	nocladesub10	255-26-209-210
1439	1.2550777597816024e-17	nocladesub22	255-101-252-104
1440	1.1593848869509229e-15	nocladesub22	255-101-252-104
1441	1.3827580920276677e-13	nocladesub22	255-101-252-104
1442	2.180934007576261e-14	nocladesub22	255-101-252-104
1443	1.3947465501205025e-13	clade6sub19	255-254-152-44
1444	1.377035460468525e-15	nocladesub22	255-101-252-104
1445	4.4281072315773404e-16	nocladesub22	255-101-252-104
1446	1.967416366026271e-16	nocladesub22	255-101-252-104
1447	3.6940693359382347e-17	nocladesub22	255-101-252-104
1448	7.588525129883048e-15	clade6sub19	255-254-152-44
1449	1.7265715838132556e-17	nocladesub10	255-26-209-210
1450	3.1414446223639527e-16	clade6sub19	255-254-152-44
1451	4.6385232987509207e-17	clade6sub19	255-254-152-44
1452	7.113384566659976e-17	nocladesub20	255-212-231-53
1453	4.441531346056594e-16	nocladesub10	255-26-209-210
1454	2.4429883616941907e-14	nocladesub20	255-212-231-53
1455	3.9732284138869095e-18	nocladesub12	255-122-4-2
1456	1.2963268627439886e-15	nocladesub12	255-122-4-2
1457	3.213872571550677e-18	nocladesub12	255-122-4-2
1458	3.298647835397585e-17	nocladesub10	255-26-209-210
1459	8.354196708241159e-17	nocladesub20	255-212-231-53
1460	2.3185120162106932e-14	nocladesub12	255-122-4-2
1461	3.0266271473107345e-17	nocladesub20	255-212-231-53
1462	2.5049566895216044e-18	nocladesub12	255-122-4-2
1463	2.657827858530998e-15	nocladesub12	255-122-4-2
1464	9.295975796783337e-16	nocladesub12	255-122-4-2
1465	1.7424509892080633e-19	nocladesub20	255-212-231-53
1466	1.3647876648321117e-18	nocladesub20	255-212-231-53
1467	1.0732602258190819e-16	nocladesub10	255-26-209-210
1468	3.2347836370625052e-18	nocladesub12	255-122-4-2
1469	2.891246614942933e-18	nocladesub12	255-122-4-2
1470	1.1360019094734831e-16	nocladesub20	255-212-231-53
1471	1.6573178253556607e-09	clade6sub19	255-254-152-44
1472	5.26405284864556e-21	nocladesub12	255-122-4-2
1473	1.9787119100545364e-18	nocladesub12	255-122-4-2
1474	4.4404529573007935e-14	nocladesub10	255-26-209-210
1475	3.778330087301516e-15	nocladesub20	255-212-231-53
1476	1.9245805104295425e-23	nocladesub12	255-122-4-2
1477	1.6329264149377805e-17	nocladesub22	255-101-252-104
1478	7.85880508139172e-06	nocladesub12	255-122-4-2
1479	2.2319701549972684e-24	nocladesub2	255-70-122-242
1480	4.379684793088411e-12	nocladesub12	255-122-4-2
1481	9.23855850023014e-25	nocladesub12	255-122-4-2
1482	7.024023770597905e-24	nocladesub22	255-101-252-104
1483	4.662995751088924e-21	nocladesub12	255-122-4-2
1484	9.61121133465895e-17	nocladesub2	255-70-122-242
1485	1.3226361272049832e-24	nocladesub2	255-70-122-242
1486	4.6792431844123436e-21	nocladesub12	255-122-4-2
1487	3.59915836456904e-21	nocladesub12	255-122-4-2
1488	1.359951555437213e-20	nocladesub12	255-122-4-2
1489	3.761673670706008e-26	nocladesub2	255-70-122-242
1490	4.606074456060822e-21	nocladesub12	255-122-4-2
1491	1.293601377500742e-16	nocladesub12	255-122-4-2
1492	5.159816155014607e-19	nocladesub10	255-26-209-210
1493	8.345997047951346e-23	nocladesub2	255-70-122-242
1494	1.3742564366807269e-21	nocladesub10	255-26-209-210
1495	7.775480046036635e-18	nocladesub12	255-122-4-2
1496	8.429356861919235e-20	nocladesub12	255-122-4-2
1497	1.8584291232285823e-18	nocladesub12	255-122-4-2
1498	3.8534580919341404e-17	nocladesub12	255-122-4-2
1499	4.1390144913897766e-16	nocladesub12	255-122-4-2
1500	3.250479950866465e-18	nocladesub12	255-122-4-2
1501	8.54071493592265e-16	nocladesub12	255-122-4-2
1502	2.2397808810469071e-13	nocladesub12	255-122-4-2
1503	3.9473474995935537e-20	nocladesub10	255-26-209-210
1504	4.216449404658815e-15	nocladesub12	255-122-4-2
1505	1.259383676582644e-16	nocladesub12	255-122-4-2
1506	3.0908053252343294e-15	nocladesub12	255-122-4-2
1507	6.160878827958691e-13	nocladesub12	255-122-4-2
1508	4.242930047274163e-15	nocladesub12	255-122-4-2
1509	8.346103857366027e-17	nocladesub12	255-122-4-2
1510	1.1666943993258478e-11	nocladesub12	255-122-4-2
1511	3.4608454534252777e-15	nocladesub12	255-122-4-2
1512	4.851560235478968e-15	nocladesub22	255-101-252-104
1513	2.4044011541269686e-17	nocladesub10	255-26-209-210
1514	5.891996458886416e-14	nocladesub10	255-26-209-210
1515	8.296428770453461e-19	nocladesub12	255-122-4-2
1516	2.404529435566645e-16	nocladesub12	255-122-4-2
1517	1.564863745381043e-17	nocladesub12	255-122-4-2
1518	1.0562907234132632e-17	nocladesub10	255-26-209-210
1519	1.7448584550666649e-15	nocladesub12	255-122-4-2
1520	2.0105576526739867e-18	clade6sub19	255-254-152-44
1521	2.171024489132715e-18	nocladesub20	255-212-231-53
1522	8.821627713824604e-15	clade6sub19	255-254-152-44
1523	4.1601445549289484e-19	nocladesub20	255-212-231-53
1524	7.028957608349692e-17	clade6sub19	255-254-152-44
1525	3.434361087451384e-18	clade6sub19	255-254-152-44
1526	4.5923425039056256e-18	nocladesub12	255-122-4-2
1527	3.120889041163505e-17	nocladesub12	255-122-4-2
1528	3.26463322368948e-18	nocladesub12	255-122-4-2
1529	2.594422049672941e-18	nocladesub12	255-122-4-2
1530	2.432146777019235e-16	nocladesub12	255-122-4-2
1531	5.3739690802836914e-18	nocladesub10	255-26-209-210
1532	6.902204758572641e-19	nocladesub10	255-26-209-210
1533	1.887106988303087e-17	nocladesub10	255-26-209-210
1534	4.153604272060972e-18	nocladesub20	255-212-231-53
1535	5.8649271056156526e-18	nocladesub12	255-122-4-2
1536	2.16304197015117e-16	nocladesub20	255-212-231-53
1537	5.774370856035802e-16	nocladesub10	255-26-209-210
1538	1.6742700956284772e-19	nocladesub12	255-122-4-2
1539	1.0566612765664036e-16	nocladesub12	255-122-4-2
1540	7.474682731040694e-18	nocladesub12	255-122-4-2
1541	8.0802104948597375e-19	nocladesub10	255-26-209-210
1542	6.454957792949941e-17	nocladesub10	255-26-209-210
1543	5.447292566305721e-17	nocladesub10	255-26-209-210
1544	5.9918685726886e-18	nocladesub10	255-26-209-210
1545	2.1464173125180857e-14	nocladesub10	255-26-209-210
1546	1.7247340615670613e-19	nocladesub10	255-26-209-210
1547	0.0011518694097234	nocladesub12	255-122-4-2
1548	1.133560402420398e-14	nocladesub10	255-26-209-210
1549	2.80992893002668e-13	nocladesub12	255-122-4-2
1550	1.9922496184485637e-13	nocladesub12	255-122-4-2
1551	2.499894295141572e-17	nocladesub10	255-26-209-210
1552	1.8731618517091086e-10	nocladesub12	255-122-4-2
1553	7.123292286535035e-07	nocladesub12	255-122-4-2
1554	0.0016679422872346	nocladesub2	255-70-122-242
1555	8.636696782105577e-06	clade6sub19	255-254-152-44
1556	8.787745177655995e-14	nocladesub12	255-122-4-2
1557	7.534510690189317e-09	clade6sub19	255-254-152-44
1558	2.411955350472168e-18	nocladesub2	255-70-122-242
1559	6.178380283857021e-23	nocladesub10	255-26-209-210
1560	2.3429506405263848e-18	nocladesub12	255-122-4-2
1561	6.304590224787836e-14	nocladesub2	255-70-122-242
1562	8.730496581321547e-12	nocladesub12	255-122-4-2
1563	1.8979925124854905e-17	nocladesub12	255-122-4-2
1564	4.185008010728454e-18	nocladesub12	255-122-4-2
1565	5.22765540801744e-25	nocladesub20	255-212-231-53
1566	1.0967349424736004e-20	nocladesub20	255-212-231-53
1567	9.756597391759036e-18	nocladesub10	255-26-209-210
1568	5.60936238809016e-16	nocladesub10	255-26-209-210
1569	1.2100961230713525e-07	nocladesub20	255-212-231-53
1570	1.6285577229967046e-19	nocladesub10	255-26-209-210
1571	1.373598117806714e-19	nocladesub10	255-26-209-210
1572	2.2112239162101823e-14	nocladesub10	255-26-209-210
1573	8.290418848751021e-16	nocladesub10	255-26-209-210
1574	8.403897660423204e-18	nocladesub10	255-26-209-210
1575	4.163812597662938e-09	nocladesub2	255-70-122-242
1576	1.2924451134617714e-16	nocladesub10	255-26-209-210
1577	1.2503657261832569e-15	nocladesub12	255-122-4-2
1578	2.2030218833966054e-17	nocladesub12	255-122-4-2
1579	0.0001692778503635	clade6sub19	255-254-152-44
1580	1.9936329652495023e-11	nocladesub10	255-26-209-210
1581	1.3789119162573036e-18	nocladesub2	255-70-122-242
1582	1.3864758987835644e-06	nocladesub2	255-70-122-242
1583	1.9107495450473546e-17	nocladesub10	255-26-209-210
1584	4.855956620769208e-07	nocladesub20	255-212-231-53
1585	1.6787932499785897e-14	nocladesub10	255-26-209-210
1586	0.4532827142066969	nocladesub12	255-122-4-2
1587	0.6395301259749632	nocladesub10	255-26-209-210
1588	0.7703499145008627	clade6sub19	255-254-152-44
1589	0.0019449609617396	nocladesub2	255-70-122-242
1590	0.0083165940296625	nocladesub20	255-212-231-53
1591	0.8307537912310207	clade6sub19	255-254-152-44
1592	0.9974070251452593	clade6sub19	255-254-152-44
1593	1.751799666496464e-13	nocladesub22	255-101-252-104
1594	0.0123349392989913	clade6sub19	255-254-152-44
1595	8.563285543450826e-19	nocladesub12	255-122-4-2
1596	0.0004703509005479	clade6sub19	255-254-152-44
1597	1.3204704216630125e-18	nocladesub12	255-122-4-2
1598	1.8045209055572177e-21	nocladesub12	255-122-4-2
1599	1.1146199907836737e-10	nocladesub12	255-122-4-2
1600	9.270598600487388e-26	nocladesub12	255-122-4-2
1601	1.6398577730625992e-09	nocladesub12	255-122-4-2
1602	3.45836009978722e-15	nocladesub12	255-122-4-2
1603	5.699571599810207e-19	nocladesub12	255-122-4-2
1604	7.406013790876234e-19	nocladesub12	255-122-4-2
1605	0.0417028154716591	nocladesub10	255-26-209-210
1606	0.8916605409494869	nocladesub20	255-212-231-53
1607	0.8822088490226834	nocladesub10	255-26-209-210
1608	0.0127561395762138	clade6sub19	255-254-152-44
1609	0.0137403167581043	nocladesub12	255-122-4-2
1610	0.0022562433656932	nocladesub12	255-122-4-2
1611	0.0001356100927682	clade6sub19	255-254-152-44
1612	1.5144632142877263e-05	nocladesub12	255-122-4-2
1613	5.471662888235041e-13	nocladesub12	255-122-4-2
1614	1.21724807285279e-06	nocladesub12	255-122-4-2
1615	1.5837066939978929e-15	nocladesub20	255-212-231-53
1616	6.211285762037941e-09	clade6sub19	255-254-152-44
1617	4.464904563472049e-09	nocladesub12	255-122-4-2
1618	1.805695886004048e-08	nocladesub12	255-122-4-2
1619	1.7626014738964997e-11	nocladesub12	255-122-4-2
1620	7.972482257748425e-14	nocladesub12	255-122-4-2
1621	4.242936759876036e-14	nocladesub12	255-122-4-2
1622	4.82466300019814e-17	nocladesub12	255-122-4-2
1623	6.33763567670378e-16	nocladesub12	255-122-4-2
1624	1.6957762760386677e-15	nocladesub12	255-122-4-2
1625	2.842407579907668e-16	nocladesub12	255-122-4-2
1626	4.634863499160502e-15	nocladesub12	255-122-4-2
1627	8.10314324233882e-13	nocladesub2	255-70-122-242
1628	4.1437105675315673e-17	nocladesub10	255-26-209-210
1629	5.654901358632759e-17	nocladesub10	255-26-209-210
1630	3.5815989625038527e-19	nocladesub12	255-122-4-2
1631	7.717877826348625e-17	nocladesub2	255-70-122-242
1632	5.0786334468899605e-15	nocladesub10	255-26-209-210
1633	2.4839053334382465e-23	nocladesub10	255-26-209-210
1634	4.807072619441043e-18	nocladesub10	255-26-209-210
1635	6.244085334737081e-22	nocladesub10	255-26-209-210
1636	1.2488772253057361e-17	nocladesub12	255-122-4-2
1637	1.387217210957167e-25	nocladesub2	255-70-122-242
1638	5.692923295808077e-19	nocladesub12	255-122-4-2
1639	1.342332918337195e-26	nocladesub10	255-26-209-210
1640	1.4356704182052619e-21	nocladesub10	255-26-209-210
1641	5.6202198804401566e-27	nocladesub12	255-122-4-2
1642	1.1839292417838397e-18	nocladesub10	255-26-209-210
1643	3.451861697868487e-16	nocladesub10	255-26-209-210
1644	7.297904982509665e-22	nocladesub10	255-26-209-210
1645	6.852445785172348e-22	nocladesub10	255-26-209-210
1646	1.4165303324408241e-18	nocladesub12	255-122-4-2
1647	5.9112289462869826e-21	nocladesub12	255-122-4-2
1648	4.7098998433898444e-20	nocladesub12	255-122-4-2
1649	2.871616130943069e-21	nocladesub12	255-122-4-2
1650	2.0131467288817428e-19	nocladesub12	255-122-4-2
1651	3.9740110929180066e-21	nocladesub12	255-122-4-2
1652	3.2413915106751104e-19	nocladesub12	255-122-4-2
1653	7.788859537127413e-15	nocladesub12	255-122-4-2
1654	1.8938185285368712e-17	nocladesub12	255-122-4-2
1655	6.876399866698598e-15	nocladesub12	255-122-4-2
1656	3.255955100691656e-19	nocladesub12	255-122-4-2
1657	4.951612941691692e-16	nocladesub12	255-122-4-2
1658	2.293424619651263e-09	nocladesub2	255-70-122-242
1659	0.0043444675358829	nocladesub10	255-26-209-210
1660	0.313639985903789	clade6sub19	255-254-152-44
1661	0.0942372064263504	nocladesub10	255-26-209-210
1662	0.2756191419687236	clade6sub19	255-254-152-44
1663	0.424858608722669	nocladesub20	255-212-231-53
1664	0.006483139550394	nocladesub12	255-122-4-2
1665	8.46224367234361e-08	nocladesub12	255-122-4-2
1666	0.9795133624196803	nocladesub20	255-212-231-53
1667	0.0003016234457314	nocladesub10	255-26-209-210
1668	0.0475478820079501	nocladesub10	255-26-209-210
1669	0.0588487640770956	nocladesub20	255-212-231-53
1670	1.1921429972248397e-11	clade6sub19	255-254-152-44
1671	2.0833624981676325e-12	nocladesub10	255-26-209-210
1672	7.522153862086207e-07	nocladesub20	255-212-231-53
1673	1.4139575039147552e-06	nocladesub10	255-26-209-210
1674	2.275812089529188e-13	nocladesub10	255-26-209-210
1675	1.9193978929535253e-11	nocladesub10	255-26-209-210
1676	1.963848075331653e-12	nocladesub10	255-26-209-210
1677	3.555404285426527e-11	nocladesub10	255-26-209-210
1678	6.491376927822204e-17	nocladesub10	255-26-209-210
1679	1.6587982981978175e-14	nocladesub22	255-101-252-104
1680	2.578548458670828e-13	nocladesub10	255-26-209-210
1681	4.218687748614743e-12	nocladesub10	255-26-209-210
1682	2.572217348082725e-07	nocladesub12	255-122-4-2
1683	8.734388553460596e-14	nocladesub10	255-26-209-210
1684	3.2621296593727595e-16	nocladesub22	255-101-252-104
1685	4.677422054834358e-12	nocladesub22	255-101-252-104
1686	1.868841974074916e-14	nocladesub22	255-101-252-104
1687	7.564584751470273e-17	nocladesub22	255-101-252-104
1688	7.819362187080898e-18	nocladesub22	255-101-252-104
1689	1.5954358485880925e-13	nocladesub12	255-122-4-2
1690	6.138882572157281e-17	nocladesub20	255-212-231-53
1691	8.243152486230559e-16	nocladesub22	255-101-252-104
1692	2.1462355457132926e-16	nocladesub20	255-212-231-53
1693	3.590650234909844e-15	nocladesub12	255-122-4-2
1694	7.017839794235623e-22	nocladesub20	255-212-231-53
1695	2.8407890973662225e-15	nocladesub12	255-122-4-2
1696	4.795506705366806e-15	clade6sub19	255-254-152-44
1697	2.8284333871797554e-20	nocladesub10	255-26-209-210
1698	6.820189356328225e-14	nocladesub12	255-122-4-2
1699	1.0655677525170838e-18	nocladesub10	255-26-209-210
1700	8.372282841006929e-18	nocladesub12	255-122-4-2
1701	2.964510781178277e-15	nocladesub12	255-122-4-2
1702	9.862582515361734e-16	clade6sub19	255-254-152-44
1703	1.9948129554373925e-14	nocladesub12	255-122-4-2
1704	2.883762717078e-15	clade6sub19	255-254-152-44
1705	1.1153888283007962e-17	nocladesub12	255-122-4-2
1706	2.692490942956315e-16	clade6sub19	255-254-152-44
1707	8.369967923860236e-13	nocladesub12	255-122-4-2
1708	2.053515070815496e-18	nocladesub12	255-122-4-2
1709	7.065123331143033e-16	nocladesub12	255-122-4-2
1710	1.0716727729827726e-17	nocladesub12	255-122-4-2
1711	1.634987974389984e-16	nocladesub12	255-122-4-2
1712	2.4357311534344723e-19	nocladesub12	255-122-4-2
1713	5.741785206867956e-16	nocladesub12	255-122-4-2
1714	5.871415709793246e-15	nocladesub12	255-122-4-2
1715	9.356519699259077e-18	nocladesub20	255-212-231-53
1716	1.1840452758701532e-17	nocladesub12	255-122-4-2
1717	1.9494452010550146e-18	nocladesub12	255-122-4-2
1718	7.873892095625605e-17	nocladesub10	255-26-209-210
1719	4.657611324889909e-19	nocladesub12	255-122-4-2
1720	5.707767942866734e-16	nocladesub12	255-122-4-2
1721	1.80237765594934e-17	nocladesub12	255-122-4-2
1722	1.4920672346633164e-15	nocladesub10	255-26-209-210
1723	4.251669552569835e-18	nocladesub10	255-26-209-210
1724	8.527724352487672e-19	nocladesub10	255-26-209-210
1725	1.0763782361024617e-19	nocladesub10	255-26-209-210
1726	4.3657788534444806e-15	nocladesub12	255-122-4-2
1727	6.869841559885689e-16	nocladesub12	255-122-4-2
1728	9.164157222351324e-18	nocladesub10	255-26-209-210
1729	8.497768664542569e-16	nocladesub2	255-70-122-242
1730	5.954010902576082e-18	nocladesub2	255-70-122-242
1731	6.156226344853642e-18	nocladesub12	255-122-4-2
1732	2.8135177182463825e-17	nocladesub10	255-26-209-210
1733	2.4630781720966157e-05	nocladesub12	255-122-4-2
1734	9.296918573725112e-16	nocladesub12	255-122-4-2
1735	1.295904651272829e-09	nocladesub12	255-122-4-2
1736	0.0483938685110065	clade6sub19	255-254-152-44
1737	4.958591347017685e-05	clade6sub19	255-254-152-44
1738	6.172731217497841e-05	clade6sub19	255-254-152-44
1739	9.906963825267887e-08	nocladesub12	255-122-4-2
1740	0.7472550328507069	nocladesub2	255-70-122-242
1741	1.5432045990098028e-16	nocladesub12	255-122-4-2
1742	4.8892170319348486e-11	nocladesub22	255-101-252-104
1743	4.730124906267332e-10	nocladesub20	255-212-231-53
1744	3.465141675471621e-15	nocladesub10	255-26-209-210
1745	2.43197077811046e-15	nocladesub2	255-70-122-242
1746	6.682918583797674e-14	nocladesub22	255-101-252-104
1747	1.7850010037476445e-19	nocladesub10	255-26-209-210
1748	5.0991889382522e-17	nocladesub10	255-26-209-210
1749	4.189620384609857e-18	nocladesub10	255-26-209-210
1750	2.6905889361358773e-13	nocladesub12	255-122-4-2
1751	7.571796454137928e-13	nocladesub12	255-122-4-2
1752	1.9169831749113285e-14	nocladesub10	255-26-209-210
1753	4.658246492027475e-16	nocladesub12	255-122-4-2
1754	6.40017934282546e-18	nocladesub2	255-70-122-242
1755	4.009742825488066e-07	nocladesub12	255-122-4-2
1756	5.4543727652471065e-18	nocladesub12	255-122-4-2
1757	6.822817906403162e-09	nocladesub12	255-122-4-2
1758	2.296466635331386e-08	nocladesub12	255-122-4-2
1759	2.483520353688567e-12	nocladesub12	255-122-4-2
1760	1.7699133653305903e-09	nocladesub10	255-26-209-210
1761	3.360518282075249e-10	nocladesub12	255-122-4-2
1762	2.289726472495536e-10	nocladesub2	255-70-122-242
1763	2.058661694344178e-09	nocladesub22	255-101-252-104
1764	5.6364168262327945e-08	nocladesub22	255-101-252-104
1765	2.392745412294275e-09	nocladesub22	255-101-252-104
1766	9.83030620402915e-15	nocladesub22	255-101-252-104
1767	1.313434229070687e-12	nocladesub22	255-101-252-104
1768	1.4181626319010685e-12	nocladesub22	255-101-252-104
1769	3.1855144993209105e-08	nocladesub10	255-26-209-210
1770	8.747797501422022e-17	nocladesub12	255-122-4-2
1771	1.4166809453743188e-18	nocladesub22	255-101-252-104
1772	7.095913690574322e-17	nocladesub10	255-26-209-210
1773	8.752749237644957e-09	nocladesub22	255-101-252-104
1774	3.346454645996136e-12	nocladesub22	255-101-252-104
1775	7.864544943959326e-23	nocladesub12	255-122-4-2
1776	3.859093296225877e-11	nocladesub10	255-26-209-210
1777	7.403296514718485e-16	nocladesub22	255-101-252-104
1778	3.070597470702468e-19	nocladesub12	255-122-4-2
1779	3.720942147228172e-15	nocladesub22	255-101-252-104
1780	1.3179745246100177e-17	nocladesub20	255-212-231-53
1781	1.70708256626458e-18	nocladesub20	255-212-231-53
1782	1.5920002874806925e-14	nocladesub12	255-122-4-2
1783	1.2444323121962554e-13	nocladesub10	255-26-209-210
1784	4.529160767534777e-16	nocladesub10	255-26-209-210
1785	1.6437386678555654e-12	nocladesub22	255-101-252-104
1786	1.5503829672918065e-13	nocladesub22	255-101-252-104
1787	1.5344533362063254e-12	nocladesub12	255-122-4-2
1788	1.5416250285697306e-13	nocladesub22	255-101-252-104
1789	4.512101451499337e-17	nocladesub22	255-101-252-104
1790	2.9004959421833388e-12	clade6sub19	255-254-152-44
1791	2.196222909448355e-11	nocladesub22	255-101-252-104
1792	5.388073585420143e-18	nocladesub10	255-26-209-210
1793	4.767187491407481e-15	clade6sub19	255-254-152-44
1794	7.709685306142769e-16	nocladesub10	255-26-209-210
1795	8.04461211234672e-16	nocladesub12	255-122-4-2
1796	4.717442002869626e-19	nocladesub12	255-122-4-2
1797	3.3504301159173007e-16	nocladesub10	255-26-209-210
1798	3.682210868710257e-13	nocladesub12	255-122-4-2
1799	1.0855137115454173e-15	nocladesub12	255-122-4-2
1800	1.2981890639538368e-15	nocladesub12	255-122-4-2
1801	5.363734529241363e-21	nocladesub12	255-122-4-2
1802	3.086246160125167e-17	nocladesub12	255-122-4-2
1804	2.3300033525140763e-16	nocladesub12	255-122-4-2
1805	4.813407984061272e-17	nocladesub12	255-122-4-2
1806	3.7503926750323892e-16	nocladesub10	255-26-209-210
1807	2.1002993740934228e-16	nocladesub10	255-26-209-210
1808	5.929119582702805e-17	nocladesub12	255-122-4-2
1809	1.3432844055860764e-18	nocladesub10	255-26-209-210
1810	2.6433737748331817e-18	nocladesub20	255-212-231-53
1811	1.6660801719271474e-18	nocladesub10	255-26-209-210
1812	2.3718107287541086e-17	nocladesub20	255-212-231-53
1813	1.0010470836110006e-16	nocladesub12	255-122-4-2
1814	5.0255324189850176e-18	nocladesub10	255-26-209-210
1815	2.8020428656977498e-18	nocladesub10	255-26-209-210
1816	1.0342998021881168e-16	nocladesub10	255-26-209-210
1817	4.1455203228716443e-17	nocladesub20	255-212-231-53
1818	1.869430455194472e-16	nocladesub10	255-26-209-210
1819	1.2527748268541703e-14	nocladesub20	255-212-231-53
1820	2.9995789703108714e-14	nocladesub10	255-26-209-210
1821	4.0256314036786966e-17	nocladesub10	255-26-209-210
1822	1.3232013044007372e-06	nocladesub2	255-70-122-242
1823	1.3674920198847083e-06	nocladesub2	255-70-122-242
1824	2.4998007759090827e-10	nocladesub2	255-70-122-242
1825	2.0451335625655424e-15	nocladesub2	255-70-122-242
1826	1.2347757557417928e-25	nocladesub10	255-26-209-210
1827	1.1390228543953373e-19	nocladesub10	255-26-209-210
1828	6.5757345913994435e-21	nocladesub12	255-122-4-2
1829	7.045181807423755e-15	nocladesub2	255-70-122-242
1830	1.0749732136623406e-18	nocladesub2	255-70-122-242
1831	8.001813252858483e-16	nocladesub10	255-26-209-210
1832	3.675935656275326e-17	nocladesub10	255-26-209-210
1833	2.409458079301535e-15	nocladesub12	255-122-4-2
1834	8.272615571047372e-18	nocladesub12	255-122-4-2
1835	4.526586521338052e-19	nocladesub12	255-122-4-2
1836	2.924667682815961e-18	nocladesub10	255-26-209-210
1837	1.475832853427999e-16	nocladesub2	255-70-122-242
1838	1.4574992377090645e-14	nocladesub12	255-122-4-2
1839	3.003038174638281e-22	nocladesub10	255-26-209-210
1840	1.6394467855996933e-17	nocladesub12	255-122-4-2
1841	5.751400814874453e-19	nocladesub10	255-26-209-210
1842	4.908599558971859e-15	nocladesub12	255-122-4-2
1843	2.486533476523999e-18	nocladesub10	255-26-209-210
1844	1.2002050668792414e-18	nocladesub12	255-122-4-2
1845	2.1885511838031295e-16	nocladesub12	255-122-4-2
1846	6.870758440017457e-15	nocladesub10	255-26-209-210
1847	1.4650974349467165e-18	nocladesub12	255-122-4-2
1848	8.88864471477161e-17	nocladesub12	255-122-4-2
1849	1.7689487518494278e-13	nocladesub12	255-122-4-2
1850	1.4974475099980332e-16	nocladesub12	255-122-4-2
1851	1.0617074061639784e-14	nocladesub12	255-122-4-2
1852	6.338470995965772e-12	nocladesub12	255-122-4-2
1853	4.859323076299366e-18	nocladesub12	255-122-4-2
1854	1.561092529868857e-17	nocladesub12	255-122-4-2
1855	4.1681474754629653e-19	nocladesub12	255-122-4-2
1856	1.2562366681595984e-14	nocladesub12	255-122-4-2
1857	3.143129149903373e-15	nocladesub12	255-122-4-2
1858	8.085100657082956e-21	nocladesub20	255-212-231-53
1859	6.421666468613429e-18	nocladesub20	255-212-231-53
1860	3.171509548602829e-21	nocladesub10	255-26-209-210
1861	2.2821903407326545e-16	nocladesub12	255-122-4-2
1862	1.6752553969908756e-19	nocladesub10	255-26-209-210
1863	6.347149274840065e-16	nocladesub10	255-26-209-210
1864	2.266103126446091e-18	nocladesub12	255-122-4-2
1865	5.903697694931697e-19	nocladesub12	255-122-4-2
1866	4.338023818650645e-15	nocladesub22	255-101-252-104
1867	1.2875966741316915e-16	clade6sub19	255-254-152-44
1868	1.075536721353197e-21	nocladesub10	255-26-209-210
1869	8.027288387626319e-19	nocladesub12	255-122-4-2
1870	1.8844721212672595e-16	nocladesub20	255-212-231-53
1871	4.047711989379109e-19	nocladesub10	255-26-209-210
1872	2.2423963391738505e-18	nocladesub10	255-26-209-210
1873	5.689416365211665e-15	nocladesub12	255-122-4-2
1874	9.56728149760306e-18	nocladesub12	255-122-4-2
1875	1.5860502585379511e-16	nocladesub22	255-101-252-104
1876	8.126565643783251e-19	nocladesub12	255-122-4-2
1877	2.8789058664376835e-19	nocladesub12	255-122-4-2
1878	4.626740869621182e-16	nocladesub12	255-122-4-2
1879	2.636937546637086e-15	nocladesub12	255-122-4-2
1880	3.2508874889639285e-18	nocladesub10	255-26-209-210
1881	2.658634338760732e-14	nocladesub12	255-122-4-2
1882	3.29172061631361e-16	nocladesub12	255-122-4-2
1883	1.7426834153028538e-17	nocladesub10	255-26-209-210
1884	8.293560075324034e-17	nocladesub12	255-122-4-2
1885	1.6332441170289878e-20	nocladesub10	255-26-209-210
1886	5.32032155947316e-16	nocladesub10	255-26-209-210
1887	4.508868252218813e-13	nocladesub12	255-122-4-2
1888	1.7680329316864154e-17	nocladesub12	255-122-4-2
1889	1.0285380315407112e-17	nocladesub10	255-26-209-210
1890	7.934310082579925e-17	nocladesub10	255-26-209-210
1891	1.9393781407716424e-17	nocladesub12	255-122-4-2
1892	9.55958706536602e-15	nocladesub10	255-26-209-210
1893	3.023255090971908e-16	nocladesub12	255-122-4-2
1894	5.795755425889142e-18	nocladesub12	255-122-4-2
1895	4.9044223838385655e-16	nocladesub12	255-122-4-2
1896	2.408129131388865e-17	nocladesub12	255-122-4-2
1897	1.2349253657793405e-15	nocladesub12	255-122-4-2
1898	6.304857563792252e-12	nocladesub10	255-26-209-210
1899	3.607816217512739e-15	nocladesub12	255-122-4-2
1900	4.260269338994607e-14	nocladesub12	255-122-4-2
1901	4.850497301708969e-11	nocladesub12	255-122-4-2
1902	7.231329674893691e-06	nocladesub12	255-122-4-2
1903	2.82881655622286e-15	nocladesub12	255-122-4-2
1904	3.104207377796396e-12	nocladesub12	255-122-4-2
1905	1.4391687139493962e-08	nocladesub12	255-122-4-2
1906	1.3154337463425892e-10	nocladesub20	255-212-231-53
1907	5.0444872355139495e-12	nocladesub12	255-122-4-2
1908	1.9782652697547094e-17	nocladesub12	255-122-4-2
1909	1.7916011090231785e-12	nocladesub12	255-122-4-2
1910	3.054113484813333e-19	nocladesub10	255-26-209-210
1911	6.952079743189042e-18	nocladesub2	255-70-122-242
1912	6.505098376017183e-17	nocladesub10	255-26-209-210
1913	6.883516528018617e-25	nocladesub12	255-122-4-2
1914	4.817178245762348e-18	nocladesub12	255-122-4-2
1915	4.8930899869506477e-20	nocladesub12	255-122-4-2
1916	1.873863175766005e-17	nocladesub12	255-122-4-2
1917	3.5874531290456985e-21	nocladesub12	255-122-4-2
1918	1.9733970496691284e-14	nocladesub12	255-122-4-2
1919	1.1029424862740676e-15	nocladesub12	255-122-4-2
1920	9.408525184296084e-18	nocladesub12	255-122-4-2
1921	2.4482048870429e-14	nocladesub12	255-122-4-2
1922	3.0218620521954345e-18	nocladesub10	255-26-209-210
1923	2.175418746985568e-15	nocladesub12	255-122-4-2
1924	2.7079365002165042e-14	nocladesub12	255-122-4-2
1925	5.156451714837406e-22	nocladesub10	255-26-209-210
1926	5.089592507083579e-19	nocladesub20	255-212-231-53
1927	3.356372869464355e-18	nocladesub10	255-26-209-210
1928	6.641015171092106e-19	nocladesub10	255-26-209-210
1929	5.294608025914617e-16	nocladesub10	255-26-209-210
1930	9.686603377252661e-17	nocladesub10	255-26-209-210
1931	6.655809517270088e-07	nocladesub2	255-70-122-242
1932	1.342350798535427e-18	nocladesub10	255-26-209-210
1933	4.1268371794418125e-16	nocladesub10	255-26-209-210
1934	7.995776930617412e-12	nocladesub10	255-26-209-210
1935	2.9454186374393002e-15	nocladesub20	255-212-231-53
1936	1.4469141180360418e-17	nocladesub12	255-122-4-2
1937	4.334445230168423e-15	nocladesub20	255-212-231-53
1938	2.8078722179678387e-15	nocladesub10	255-26-209-210
1939	1.368235005186671e-13	nocladesub10	255-26-209-210
1940	1.5318523778583878e-07	nocladesub10	255-26-209-210
1941	9.087429716080526e-08	nocladesub2	255-70-122-242
1942	0.0008016134097095	nocladesub2	255-70-122-242
1943	1.8101780680243276e-14	nocladesub10	255-26-209-210
1944	2.669124220360109e-11	nocladesub2	255-70-122-242
1945	4.972010490993961e-09	nocladesub20	255-212-231-53
1946	0.0445845147363938	nocladesub2	255-70-122-242
1947	5.0399816786254817e-11	nocladesub12	255-122-4-2
1948	9.420144805814378e-06	nocladesub2	255-70-122-242
1949	0.0038243377682944	nocladesub12	255-122-4-2
1950	0.2513015299050618	nocladesub22	255-101-252-104
1951	2.1731082346014332e-09	nocladesub22	255-101-252-104
1952	7.199927488740491e-05	nocladesub12	255-122-4-2
1953	2.3159841025155067e-07	nocladesub12	255-122-4-2
1954	0.0338476443306727	clade6sub19	255-254-152-44
1955	1.412943204375864e-12	nocladesub20	255-212-231-53
1956	5.565357862560592e-14	nocladesub20	255-212-231-53
1957	0.001771499994191	nocladesub26	255-217-56-6
1958	1.0920835627762097e-17	nocladesub12	255-122-4-2
1959	9.035472844136632e-05	nocladesub12	255-122-4-2
1960	1.804371262226835e-25	nocladesub12	255-122-4-2
1961	4.239988559855701e-23	nocladesub12	255-122-4-2
1962	1.1950937024676345e-12	nocladesub12	255-122-4-2
1963	9.057511848811676e-20	nocladesub12	255-122-4-2
1964	0.1899072208582633	nocladesub20	255-212-231-53
1965	0.7899415184054167	nocladesub12	255-122-4-2
1966	2.0878337975789723e-10	nocladesub2	255-70-122-242
1967	0.342726312995772	nocladesub12	255-122-4-2
1968	0.1797771692356268	nocladesub20	255-212-231-53
1969	0.0116103858714207	clade6sub19	255-254-152-44
1970	0.0016026660908882	nocladesub22	255-101-252-104
1971	0.0041119153492004	nocladesub20	255-212-231-53
1972	3.8484127213006095e-08	nocladesub2	255-70-122-242
1973	2.2579098547156954e-10	nocladesub22	255-101-252-104
1974	0.210149288073537	nocladesub22	255-101-252-104
1975	5.178741198649708e-07	nocladesub12	255-122-4-2
1976	8.047650148892339e-12	nocladesub22	255-101-252-104
1977	2.913035092616906e-09	nocladesub12	255-122-4-2
1978	5.04843813568664e-13	nocladesub12	255-122-4-2
1979	5.701769159282528e-14	nocladesub12	255-122-4-2
1980	1.802512230503725e-14	nocladesub12	255-122-4-2
1981	5.076156300698925e-15	nocladesub12	255-122-4-2
1982	6.379731961386623e-13	nocladesub12	255-122-4-2
1983	1.1900610274197156e-12	nocladesub12	255-122-4-2
1984	4.296361946339009e-12	nocladesub10	255-26-209-210
1985	1.0748151676885038e-17	nocladesub12	255-122-4-2
1986	5.4838078247734303e-17	nocladesub12	255-122-4-2
1987	3.506052310245658e-12	nocladesub10	255-26-209-210
1988	1.5956585460876605e-12	nocladesub2	255-70-122-242
1989	1.2117174407641188e-17	nocladesub10	255-26-209-210
1990	4.589004164497706e-14	nocladesub12	255-122-4-2
1991	1.577016882535681e-23	nocladesub10	255-26-209-210
1992	3.202658229954636e-20	nocladesub10	255-26-209-210
1993	4.276381823893661e-15	nocladesub12	255-122-4-2
1994	3.647505737661994e-18	nocladesub2	255-70-122-242
1995	5.35770083998169e-20	nocladesub12	255-122-4-2
1996	5.3321502246556873e-17	nocladesub12	255-122-4-2
1997	2.0267515061563545e-19	nocladesub12	255-122-4-2
1998	2.9052486722426426e-17	nocladesub12	255-122-4-2
1999	4.0741230578114615e-22	nocladesub10	255-26-209-210
2000	2.1231211953792416e-18	nocladesub12	255-122-4-2
2001	2.194510954831484e-19	nocladesub12	255-122-4-2
2002	5.450953005056649e-20	nocladesub12	255-122-4-2
2003	4.948970228701015e-17	nocladesub12	255-122-4-2
2004	2.047656614940821e-18	nocladesub12	255-122-4-2
2005	1.413984563921998e-17	nocladesub10	255-26-209-210
2006	7.571118496424884e-19	nocladesub12	255-122-4-2
2007	7.167984242099399e-16	nocladesub12	255-122-4-2
2008	7.072287055328882e-21	nocladesub10	255-26-209-210
2009	1.1237581341789183e-20	nocladesub10	255-26-209-210
2010	1.5661190210889818e-14	nocladesub10	255-26-209-210
2011	7.736698442835858e-18	nocladesub10	255-26-209-210
2012	8.977671302366481e-20	nocladesub12	255-122-4-2
2013	3.2549284094152346e-18	nocladesub12	255-122-4-2
2014	1.4080627022289812e-13	nocladesub12	255-122-4-2
2015	1.0145796309915812e-21	nocladesub12	255-122-4-2
2016	8.087261492013051e-20	nocladesub2	255-70-122-242
2017	4.8930402446190775e-15	nocladesub12	255-122-4-2
2018	5.7766094028958e-25	nocladesub12	255-122-4-2
2019	1.3683970788524954e-15	nocladesub12	255-122-4-2
2020	1.0571989929676237e-19	nocladesub12	255-122-4-2
2021	1.0886831547007911e-14	nocladesub2	255-70-122-242
2022	1.0889389106756888e-22	nocladesub2	255-70-122-242
2023	2.9421350624276748e-21	nocladesub10	255-26-209-210
2024	0.0007521462032823	nocladesub2	255-70-122-242
2025	4.7038421311225287e-14	nocladesub12	255-122-4-2
2026	3.009340500837666e-08	nocladesub22	255-101-252-104
2027	5.738686065273708e-06	nocladesub10	255-26-209-210
2028	0.0011920232252036	nocladesub22	255-101-252-104
2029	6.674742616100045e-12	nocladesub20	255-212-231-53
2030	0.2847868172773649	nocladesub20	255-212-231-53
2031	1.437932759862031e-07	nocladesub10	255-26-209-210
2032	0.0080015558453314	nocladesub20	255-212-231-53
2033	0.0002155303730887	clade6sub19	255-254-152-44
2034	1.1127969176457743e-07	nocladesub10	255-26-209-210
2035	5.119625871891642e-10	nocladesub10	255-26-209-210
2036	8.727065401144918e-09	nocladesub10	255-26-209-210
2037	2.6658844797916452e-08	nocladesub22	255-101-252-104
2038	1.903964120944564e-09	nocladesub22	255-101-252-104
2039	1.2801415707227878e-11	nocladesub22	255-101-252-104
2040	1.6351053300805225e-12	nocladesub10	255-26-209-210
2041	8.190560390405597e-15	nocladesub22	255-101-252-104
2042	1.0369435151120711e-10	nocladesub22	255-101-252-104
2043	1.518182086146797e-16	nocladesub22	255-101-252-104
2044	1.1123030747417884e-14	nocladesub22	255-101-252-104
2045	3.957908893690004e-17	nocladesub10	255-26-209-210
2046	3.819168275951584e-15	nocladesub22	255-101-252-104
2047	6.719564091233433e-15	nocladesub22	255-101-252-104
2048	1.1550389846474117e-18	nocladesub12	255-122-4-2
2049	5.862041993134898e-17	nocladesub12	255-122-4-2
2050	7.623641019595025e-17	nocladesub12	255-122-4-2
2051	8.644952831938259e-19	nocladesub20	255-212-231-53
2052	3.1228378216710294e-18	nocladesub12	255-122-4-2
2053	2.5641591453596574e-17	nocladesub12	255-122-4-2
2054	6.439473086488556e-21	nocladesub12	255-122-4-2
2055	7.139131412809571e-15	nocladesub12	255-122-4-2
2056	8.191512373504452e-21	nocladesub12	255-122-4-2
2057	7.038780777543194e-18	nocladesub20	255-212-231-53
2058	3.626529283433071e-18	nocladesub12	255-122-4-2
2059	3.0729685602370746e-23	nocladesub12	255-122-4-2
2060	1.359175197068073e-17	nocladesub20	255-212-231-53
2061	1.945707990557925e-18	nocladesub12	255-122-4-2
2062	3.6709871639196855e-20	nocladesub20	255-212-231-53
2063	1.26306663002326e-22	nocladesub20	255-212-231-53
2064	5.1694913457542045e-20	nocladesub12	255-122-4-2
2065	8.125974541975481e-15	nocladesub22	255-101-252-104
2066	3.7964063336022594e-20	nocladesub12	255-122-4-2
2067	2.073374023769024e-15	nocladesub20	255-212-231-53
2068	9.192647357185069e-22	nocladesub12	255-122-4-2
2069	8.862351298531737e-19	clade6sub19	255-254-152-44
2070	3.041978126104469e-18	nocladesub12	255-122-4-2
2071	1.071072943967985e-17	nocladesub20	255-212-231-53
2072	2.9759551439872483e-19	clade6sub19	255-254-152-44
2073	1.3103682056027786e-14	nocladesub12	255-122-4-2
2074	2.6884166610908927e-19	nocladesub20	255-212-231-53
2075	5.368937470316767e-15	nocladesub10	255-26-209-210
2076	1.1476828848765132e-13	nocladesub12	255-122-4-2
2077	9.958402048780714e-17	nocladesub10	255-26-209-210
2078	3.960377874219405e-19	nocladesub20	255-212-231-53
2079	9.632038427072457e-19	nocladesub12	255-122-4-2
2080	4.112722170456699e-18	nocladesub20	255-212-231-53
2081	1.94323082269461e-15	nocladesub10	255-26-209-210
2082	1.0805336030818242e-19	nocladesub10	255-26-209-210
2083	2.327875978642203e-18	nocladesub12	255-122-4-2
2084	1.0455565250469509e-19	nocladesub10	255-26-209-210
2085	1.4711470185331893e-15	nocladesub10	255-26-209-210
2086	6.731348269887131e-13	nocladesub20	255-212-231-53
2087	0.0001512720141592	clade6sub19	255-254-152-44
2088	0.0406956253390786	nocladesub12	255-122-4-2
2089	0.0002969986907778	nocladesub2	255-70-122-242
2090	0.0221854935579589	nocladesub12	255-122-4-2
2091	0.2807432841784874	nocladesub10	255-26-209-210
2092	1.3782283258213558e-05	nocladesub22	255-101-252-104
2093	1.9389610959677106e-07	nocladesub2	255-70-122-242
2094	2.6869223720074784e-08	nocladesub22	255-101-252-104
2095	2.3154326409592086e-06	nocladesub22	255-101-252-104
2096	0.0034167194253327	nocladesub22	255-101-252-104
2097	0.111774068270146	nocladesub22	255-101-252-104
2098	0.0125981884786441	nocladesub22	255-101-252-104
2099	0.004005444469215	nocladesub22	255-101-252-104
2100	1.0745210995363374e-12	nocladesub10	255-26-209-210
2101	0.1825689898840731	nocladesub22	255-101-252-104
2102	3.55091778426222e-09	nocladesub10	255-26-209-210
2103	5.147516828547315e-15	nocladesub12	255-122-4-2
2104	1.093212998558119e-06	nocladesub22	255-101-252-104
2105	3.6026025643070664e-09	nocladesub22	255-101-252-104
2106	1.8339736409004867e-14	nocladesub10	255-26-209-210
2107	1.5121224784445848e-07	nocladesub12	255-122-4-2
2108	8.931741417191996e-15	nocladesub12	255-122-4-2
2109	1.300242078767589e-08	nocladesub12	255-122-4-2
2110	3.3339328612023192e-09	nocladesub12	255-122-4-2
2111	1.91935311048524e-13	nocladesub12	255-122-4-2
2112	4.3826640693937855e-10	nocladesub22	255-101-252-104
2113	6.837661416552084e-10	nocladesub12	255-122-4-2
2114	1.0378876439007506e-10	nocladesub10	255-26-209-210
2115	5.3607110473853014e-14	nocladesub2	255-70-122-242
2116	4.5739987217748496e-10	nocladesub2	255-70-122-242
2117	9.593532243599448e-10	nocladesub22	255-101-252-104
2118	1.0897644441014168e-10	nocladesub10	255-26-209-210
2119	2.5937571598491447e-10	nocladesub22	255-101-252-104
2120	5.4042537817713116e-11	nocladesub10	255-26-209-210
2121	1.1054507554151084e-14	nocladesub22	255-101-252-104
2122	2.2731222419414817e-17	nocladesub10	255-26-209-210
2123	6.45264438212184e-13	nocladesub22	255-101-252-104
2124	1.068301163945543e-09	nocladesub10	255-26-209-210
2125	4.273395283744845e-15	nocladesub22	255-101-252-104
2126	2.516090761430742e-16	nocladesub22	255-101-252-104
2127	6.347470138969018e-13	nocladesub22	255-101-252-104
2128	9.715938960141532e-23	nocladesub20	255-212-231-53
2129	4.844548334134905e-18	nocladesub22	255-101-252-104
2130	4.361962340305864e-19	nocladesub10	255-26-209-210
2131	4.061161714183311e-15	nocladesub12	255-122-4-2
2132	3.303090952697129e-13	nocladesub10	255-26-209-210
2133	2.0888980981198123e-16	nocladesub12	255-122-4-2
2134	1.6544483645516413e-12	nocladesub10	255-26-209-210
2135	6.266296504184827e-13	nocladesub12	255-122-4-2
2136	6.19423032207232e-14	nocladesub12	255-122-4-2
2137	1.6082002845511836e-14	nocladesub12	255-122-4-2
2138	2.8482163382068344e-14	nocladesub12	255-122-4-2
2139	8.026772370558985e-14	nocladesub20	255-212-231-53
2140	1.4828151657463864e-16	nocladesub12	255-122-4-2
2141	3.94837955426033e-17	nocladesub10	255-26-209-210
2142	2.2882399322054526e-17	nocladesub20	255-212-231-53
2143	1.9106195653469064e-16	nocladesub10	255-26-209-210
2144	5.061745712034958e-15	nocladesub12	255-122-4-2
2145	8.614905250639823e-18	nocladesub20	255-212-231-53
2146	1.7107333111565017e-15	nocladesub12	255-122-4-2
2147	7.536969680609905e-17	nocladesub10	255-26-209-210
2148	2.039619562398004e-16	nocladesub12	255-122-4-2
2149	4.160962329163837e-17	nocladesub12	255-122-4-2
2150	8.489852983052335e-16	nocladesub10	255-26-209-210
2151	1.810664849404026e-15	nocladesub10	255-26-209-210
2152	7.258278291944874e-17	nocladesub10	255-26-209-210
2153	1.852015982172279e-18	nocladesub10	255-26-209-210
2154	9.774997731501141e-15	nocladesub10	255-26-209-210
2155	3.4584028066017445e-17	nocladesub22	255-101-252-104
2156	9.55745967838906e-17	nocladesub10	255-26-209-210
2157	3.5805754240795795e-15	nocladesub10	255-26-209-210
2158	2.968184847255144e-15	nocladesub10	255-26-209-210
2159	2.9426100557000286e-17	nocladesub20	255-212-231-53
2160	7.340379084954702e-17	nocladesub2	255-70-122-242
2161	2.541599276760123e-15	nocladesub10	255-26-209-210
2162	3.5592723347179284e-08	nocladesub20	255-212-231-53
2163	0.0001825327124459	nocladesub2	255-70-122-242
2164	0.0007237349931913	nocladesub2	255-70-122-242
2165	7.38137686895611e-05	nocladesub22	255-101-252-104
2166	1.5953892077610475e-11	nocladesub2	255-70-122-242
2167	2.0786443886070552e-19	nocladesub12	255-122-4-2
2168	1.6631120829844193e-15	nocladesub12	255-122-4-2
2169	5.63665846662295e-13	nocladesub12	255-122-4-2
2170	2.538268485469846e-22	nocladesub12	255-122-4-2
2171	1.9781069376265587e-16	nocladesub12	255-122-4-2
2172	9.46638504129538e-14	nocladesub12	255-122-4-2
2173	7.232793283009175e-16	nocladesub12	255-122-4-2
2174	1.1059599048976117e-15	nocladesub12	255-122-4-2
2175	1.31306015510262e-18	nocladesub12	255-122-4-2
2176	3.333805365215465e-19	nocladesub12	255-122-4-2
2177	5.655743406238484e-13	nocladesub12	255-122-4-2
2178	5.580274185566246e-13	nocladesub12	255-122-4-2
2179	9.525917232015281e-14	nocladesub12	255-122-4-2
2180	2.5693611852036665e-13	nocladesub12	255-122-4-2
2181	6.977365958574862e-17	nocladesub12	255-122-4-2
2182	5.130806122197882e-16	nocladesub12	255-122-4-2
2183	2.463593999843701e-19	nocladesub12	255-122-4-2
2184	2.301715649304152e-14	nocladesub20	255-212-231-53
2185	5.04882616321046e-19	nocladesub12	255-122-4-2
2186	2.2715733616988392e-14	nocladesub12	255-122-4-2
2187	1.7642513305824963e-16	nocladesub20	255-212-231-53
2188	4.808633855082058e-19	nocladesub12	255-122-4-2
2189	9.758300517495817e-14	nocladesub12	255-122-4-2
2190	1.2553031410861703e-10	nocladesub12	255-122-4-2
2191	2.9164298718392023e-19	nocladesub12	255-122-4-2
2192	3.0661016913129045e-20	nocladesub12	255-122-4-2
2193	1.806385183362772e-19	nocladesub12	255-122-4-2
2194	7.776602060065701e-16	nocladesub12	255-122-4-2
2195	3.374376338951171e-20	nocladesub20	255-212-231-53
2196	5.594221436357303e-19	nocladesub12	255-122-4-2
2197	9.614962735669533e-19	nocladesub12	255-122-4-2
2198	8.119764534568432e-20	nocladesub20	255-212-231-53
2199	1.6032977035156168e-20	nocladesub10	255-26-209-210
2200	1.5958577577811254e-15	nocladesub12	255-122-4-2
2201	2.1390408672153865e-21	nocladesub10	255-26-209-210
2202	6.712833581670575e-19	nocladesub12	255-122-4-2
2203	1.6546964747069386e-17	nocladesub10	255-26-209-210
2204	5.783042450276741e-21	clade6sub19	255-254-152-44
2205	1.5765586871170065e-18	nocladesub20	255-212-231-53
2206	5.146968628881707e-15	nocladesub10	255-26-209-210
2207	7.887264653686493e-19	nocladesub10	255-26-209-210
2208	2.2105713739903903e-14	nocladesub12	255-122-4-2
2209	7.755772645465941e-20	nocladesub12	255-122-4-2
2210	2.186774788999798e-18	nocladesub12	255-122-4-2
2211	7.969087585517054e-17	nocladesub12	255-122-4-2
2212	1.0442621587636688e-14	nocladesub10	255-26-209-210
2213	2.101931969271048e-17	nocladesub12	255-122-4-2
2214	1.1662474256868642e-14	nocladesub12	255-122-4-2
2215	2.503858538791464e-16	nocladesub12	255-122-4-2
2216	1.722822782260082e-16	nocladesub12	255-122-4-2
2217	1.410463870829873e-17	nocladesub12	255-122-4-2
2218	6.761876360086363e-15	nocladesub12	255-122-4-2
2219	1.2061727573673897e-14	nocladesub12	255-122-4-2
2220	2.882946669493703e-15	nocladesub12	255-122-4-2
2221	1.0667285842881457e-15	nocladesub12	255-122-4-2
2222	2.970651281309229e-14	nocladesub12	255-122-4-2
2223	1.6068691814183958e-16	nocladesub12	255-122-4-2
2224	6.196575735450648e-16	nocladesub12	255-122-4-2
2225	2.148030123525588e-16	nocladesub12	255-122-4-2
2226	1.1669233275223525e-17	nocladesub12	255-122-4-2
2227	2.8696712676894834e-14	nocladesub12	255-122-4-2
2228	9.850541446616448e-14	nocladesub12	255-122-4-2
2229	8.948521674470276e-19	nocladesub12	255-122-4-2
2230	1.3050166365977569e-12	nocladesub12	255-122-4-2
2231	7.56802458844103e-13	nocladesub12	255-122-4-2
2232	6.7098289473891095e-12	nocladesub10	255-26-209-210
2233	2.7497698129120504e-09	nocladesub10	255-26-209-210
2234	1.0662544471769536e-09	nocladesub12	255-122-4-2
2235	8.787248794380656e-14	nocladesub22	255-101-252-104
2236	1.713218753877686e-09	nocladesub20	255-212-231-53
2237	9.920060708720318e-06	clade6sub19	255-254-152-44
2238	1.9246911944980862e-14	nocladesub10	255-26-209-210
2239	8.140455443542457e-16	nocladesub10	255-26-209-210
2240	2.684003088733807e-10	nocladesub20	255-212-231-53
2241	9.913416015635551e-07	nocladesub20	255-212-231-53
2242	2.6821949944933844e-09	nocladesub2	255-70-122-242
2243	1.466722252653207e-21	nocladesub10	255-26-209-210
2244	5.2625809052861435e-24	nocladesub10	255-26-209-210
2245	1.640272804324296e-17	nocladesub2	255-70-122-242
2246	1.274325806127722e-22	nocladesub10	255-26-209-210
2247	5.606918678804306e-13	nocladesub2	255-70-122-242
2248	4.965514859113684e-19	nocladesub22	255-101-252-104
2249	6.688927438205672e-21	nocladesub10	255-26-209-210
2250	4.673630026175125e-16	nocladesub12	255-122-4-2
2251	9.17876536175142e-18	nocladesub12	255-122-4-2
2252	5.1834275760109145e-18	nocladesub10	255-26-209-210
2253	1.5346788083083812e-14	nocladesub12	255-122-4-2
2254	7.283106711221703e-15	nocladesub12	255-122-4-2
2255	7.274485615792792e-20	nocladesub12	255-122-4-2
2256	2.533961531410821e-16	nocladesub2	255-70-122-242
2257	4.635106866651269e-19	nocladesub10	255-26-209-210
2258	2.1334685414763017e-15	nocladesub10	255-26-209-210
2259	1.3898783530283122e-17	nocladesub20	255-212-231-53
2260	3.995949640461565e-15	nocladesub10	255-26-209-210
2261	1.4914214237660342e-15	nocladesub10	255-26-209-210
2262	1.1643274650704692e-16	nocladesub20	255-212-231-53
2263	2.594354890746786e-19	nocladesub12	255-122-4-2
2264	1.6459034021943366e-13	nocladesub12	255-122-4-2
2265	4.69709950793471e-17	nocladesub10	255-26-209-210
2266	2.067570776829747e-16	nocladesub10	255-26-209-210
2267	5.428069792583348e-09	clade6sub19	255-254-152-44
2268	3.276838560767199e-13	nocladesub10	255-26-209-210
2269	1.2957488613818277e-13	nocladesub10	255-26-209-210
2270	1.0060636948342625e-12	nocladesub10	255-26-209-210
2271	5.637179852211069e-16	nocladesub10	255-26-209-210
2272	9.763905886290678e-05	clade6sub19	255-254-152-44
2273	1.3926393312841868e-14	nocladesub10	255-26-209-210
2274	0.001075498935302	nocladesub10	255-26-209-210
2275	6.124078605474152e-16	nocladesub10	255-26-209-210
2276	7.602193831992975e-14	nocladesub10	255-26-209-210
2277	3.3118452504868785e-11	nocladesub10	255-26-209-210
2278	1.583873800429604e-14	nocladesub12	255-122-4-2
2279	3.6431161654033866e-05	nocladesub2	255-70-122-242
2280	0.0002453563171931	nocladesub2	255-70-122-242
2281	1.771373809711145e-12	nocladesub12	255-122-4-2
2282	4.7668742829981445e-08	nocladesub22	255-101-252-104
2283	7.111859073781383e-10	nocladesub12	255-122-4-2
2284	0.0001410434754123	nocladesub2	255-70-122-242
2285	0.0017742674415246	clade6sub19	255-254-152-44
2286	0.0001727222224374	nocladesub2	255-70-122-242
2287	3.2668775302101747e-06	nocladesub2	255-70-122-242
2288	1.0345365525927682e-11	nocladesub22	255-101-252-104
2289	4.427024030219352e-06	nocladesub22	255-101-252-104
2290	0.0010942267468208	nocladesub2	255-70-122-242
2291	0.0116527934177277	nocladesub22	255-101-252-104
2292	2.074952456217695e-05	nocladesub2	255-70-122-242
2293	8.20322287340126e-05	nocladesub2	255-70-122-242
2294	1.8087060483874355e-08	nocladesub20	255-212-231-53
2295	0.690891338952058	nocladesub2	255-70-122-242
2296	3.5676094770491024e-11	nocladesub12	255-122-4-2
2297	1.0764386558885856e-11	nocladesub12	255-122-4-2
2298	7.079723170020738e-08	nocladesub12	255-122-4-2
2299	0.0009414173043633	nocladesub2	255-70-122-242
2300	6.895754615145559e-11	nocladesub2	255-70-122-242
2301	5.645770446529872e-20	nocladesub12	255-122-4-2
2302	5.3507120906235656e-08	nocladesub2	255-70-122-242
2303	1.2589877416923968e-19	nocladesub10	255-26-209-210
2304	1.1823477312804168e-19	nocladesub2	255-70-122-242
2305	1.0564349967656551e-20	nocladesub10	255-26-209-210
2306	1.0973330468085691e-16	nocladesub2	255-70-122-242
2307	0.0001220132763015	nocladesub2	255-70-122-242
2308	0.1609442098604553	nocladesub2	255-70-122-242
2309	0.0001385818397398	nocladesub2	255-70-122-242
2310	0.0410336574329496	nocladesub10	255-26-209-210
2311	3.342485939507841e-14	nocladesub12	255-122-4-2
2312	0.944529303103087	nocladesub20	255-212-231-53
2313	0.0575145649556619	nocladesub22	255-101-252-104
2314	0.0356742486279453	nocladesub22	255-101-252-104
2315	2.450283153607085e-06	clade6sub19	255-254-152-44
2316	2.3432246582805562e-07	nocladesub10	255-26-209-210
2317	0.2865747046207625	nocladesub22	255-101-252-104
2318	0.0039429107030119	nocladesub20	255-212-231-53
2319	0.5475538645246324	nocladesub22	255-101-252-104
2320	8.293721268931226e-07	nocladesub2	255-70-122-242
2321	2.758329539380505e-10	nocladesub20	255-212-231-53
2322	3.5935544307023456e-06	nocladesub22	255-101-252-104
2323	0.0005392356550173	nocladesub22	255-101-252-104
2324	8.993479288634819e-07	nocladesub22	255-101-252-104
2325	5.842975723484716e-11	nocladesub12	255-122-4-2
2326	1.8205160323286007e-08	nocladesub22	255-101-252-104
2327	2.288620181408938e-13	nocladesub12	255-122-4-2
2328	1.0047392399634371e-10	nocladesub12	255-122-4-2
2329	2.767121196438704e-12	nocladesub22	255-101-252-104
2330	2.178901594738986e-11	nocladesub22	255-101-252-104
2331	6.457884877528291e-10	nocladesub10	255-26-209-210
2332	2.477059055567359e-10	nocladesub10	255-26-209-210
2333	1.7794814775099778e-11	nocladesub12	255-122-4-2
2334	1.4175781587009806e-11	nocladesub20	255-212-231-53
2335	6.158891105963417e-11	nocladesub10	255-26-209-210
2336	1.3196364062924002e-15	nocladesub12	255-122-4-2
2337	6.708423189226095e-12	nocladesub12	255-122-4-2
2338	1.0510452881079144e-17	nocladesub12	255-122-4-2
2339	8.088204947435189e-13	nocladesub10	255-26-209-210
2340	2.2628420286599683e-17	nocladesub12	255-122-4-2
2341	1.5646915438143152e-17	nocladesub12	255-122-4-2
2342	3.3238188059924e-15	nocladesub12	255-122-4-2
2343	4.899655316187312e-15	nocladesub12	255-122-4-2
2344	3.736610835798667e-17	nocladesub12	255-122-4-2
2345	9.15486949727801e-21	nocladesub12	255-122-4-2
2346	4.901782380551564e-18	nocladesub10	255-26-209-210
2347	6.622729614466286e-17	nocladesub10	255-26-209-210
2348	8.621869423957729e-18	nocladesub12	255-122-4-2
2349	1.1804529172048252e-15	nocladesub12	255-122-4-2
2350	1.860975029080151e-20	nocladesub10	255-26-209-210
2351	2.231570509884889e-14	nocladesub10	255-26-209-210
2352	3.858541824264142e-16	nocladesub12	255-122-4-2
2353	7.927316456257941e-20	nocladesub10	255-26-209-210
2354	3.731150410835857e-18	nocladesub10	255-26-209-210
2355	1.5039485281410853e-18	nocladesub10	255-26-209-210
2356	4.8867406553898466e-21	nocladesub22	255-101-252-104
2357	8.911440459267854e-22	nocladesub10	255-26-209-210
2358	1.10354026851995e-18	nocladesub10	255-26-209-210
2359	3.874758321123628e-21	nocladesub2	255-70-122-242
2360	4.308720856548109e-18	nocladesub12	255-122-4-2
2361	1.794815452023143e-19	nocladesub2	255-70-122-242
2362	1.221410588740975e-20	nocladesub10	255-26-209-210
2363	3.931690213963674e-20	nocladesub20	255-212-231-53
2364	2.296546612735953e-21	nocladesub12	255-122-4-2
2365	2.0869344253969207e-21	nocladesub10	255-26-209-210
2366	2.0543930562324814e-12	nocladesub2	255-70-122-242
2367	5.556170871140898e-05	nocladesub20	255-212-231-53
2368	0.0242140791968885	nocladesub2	255-70-122-242
2369	7.375138718991658e-07	nocladesub2	255-70-122-242
2370	0.0002126312519938	nocladesub2	255-70-122-242
2371	2.2832243579730085e-06	nocladesub20	255-212-231-53
2372	2.096675365529894e-09	nocladesub2	255-70-122-242
2373	0.0773525578696159	nocladesub10	255-26-209-210
2374	0.8097913720472993	nocladesub20	255-212-231-53
2375	0.3695758500057752	nocladesub20	255-212-231-53
2376	0.543924933508477	nocladesub20	255-212-231-53
2377	0.0001393798155939	nocladesub22	255-101-252-104
2378	9.926696039894709e-07	nocladesub22	255-101-252-104
2379	0.1983768544796492	nocladesub12	255-122-4-2
2380	0.0451581439226341	nocladesub26	255-217-56-6
2381	0.0003599712490198	nocladesub20	255-212-231-53
2382	0.0593887318240874	nocladesub20	255-212-231-53
2383	0.0029642021788061	nocladesub2	255-70-122-242
2384	2.3194606132084447e-10	nocladesub22	255-101-252-104
2385	3.6905279468163977e-07	nocladesub22	255-101-252-104
2386	1.924634910069741e-14	nocladesub20	255-212-231-53
2387	1.3252653288576084e-11	nocladesub22	255-101-252-104
2388	1.5862161261049985e-12	nocladesub22	255-101-252-104
2389	1.663541494407293e-14	nocladesub20	255-212-231-53
2390	6.422221712136472e-19	nocladesub12	255-122-4-2
2391	1.2287765060686914e-15	nocladesub22	255-101-252-104
2392	8.720265409271629e-19	nocladesub20	255-212-231-53
2393	1.9831838458961015e-20	nocladesub12	255-122-4-2
2394	1.0431436665267858e-14	nocladesub12	255-122-4-2
2395	2.104355369419457e-21	nocladesub12	255-122-4-2
2396	5.2622170792570736e-14	nocladesub10	255-26-209-210
2397	1.86468524752688e-22	nocladesub12	255-122-4-2
2398	5.104558190057083e-16	nocladesub20	255-212-231-53
2399	2.1739376388596174e-16	nocladesub12	255-122-4-2
2400	6.678261852335172e-16	nocladesub20	255-212-231-53
2401	2.6621185997334136e-19	nocladesub12	255-122-4-2
2402	7.856040705539304e-21	nocladesub20	255-212-231-53
2403	3.293290481454193e-15	nocladesub12	255-122-4-2
2404	3.28885937558992e-16	nocladesub22	255-101-252-104
2405	1.6132243454231472e-16	nocladesub10	255-26-209-210
2406	7.212599343468154e-21	nocladesub20	255-212-231-53
2407	1.773564829982423e-16	nocladesub12	255-122-4-2
2408	1.8066478266507603e-15	nocladesub12	255-122-4-2
2409	2.7467790440432143e-14	nocladesub20	255-212-231-53
2410	1.0757744528227762e-15	nocladesub12	255-122-4-2
2411	1.1405584433696225e-19	nocladesub20	255-212-231-53
2412	2.682302304032148e-16	nocladesub10	255-26-209-210
2413	3.0931727739547864e-17	nocladesub12	255-122-4-2
2414	1.2274990025345838e-18	nocladesub12	255-122-4-2
2415	1.8943771558317544e-19	nocladesub20	255-212-231-53
2416	1.2108094818814502e-21	nocladesub10	255-26-209-210
2417	4.081396947581962e-20	nocladesub20	255-212-231-53
2418	2.333003989397941e-18	nocladesub12	255-122-4-2
2419	2.0920024753408364e-22	nocladesub20	255-212-231-53
2420	9.17691347728774e-17	nocladesub10	255-26-209-210
2421	6.8693953223354244e-18	nocladesub2	255-70-122-242
2422	2.166209952798758e-19	nocladesub10	255-26-209-210
2423	7.01854179165993e-17	nocladesub10	255-26-209-210
2424	3.5541123088708557e-10	nocladesub2	255-70-122-242
2425	2.7491809287330304e-14	nocladesub10	255-26-209-210
2426	1.3629449992394382e-18	nocladesub10	255-26-209-210
2427	2.805541761736119e-06	nocladesub2	255-70-122-242
2428	3.9945957906932795e-14	nocladesub2	255-70-122-242
2429	5.992302254586438e-11	nocladesub2	255-70-122-242
2430	2.307860213296066e-06	nocladesub20	255-212-231-53
2431	1.150636213591681e-06	nocladesub22	255-101-252-104
2432	0.0005675450643208	clade6sub19	255-254-152-44
2433	0.0039484090514298	clade6sub19	255-254-152-44
2434	3.034839050837084e-05	nocladesub20	255-212-231-53
2435	0.0024607160967233	nocladesub20	255-212-231-53
2436	6.84022668376288e-07	nocladesub22	255-101-252-104
2437	1.9500332149283152e-10	nocladesub22	255-101-252-104
2438	1.775263808662845e-05	nocladesub20	255-212-231-53
2439	6.948198706934053e-11	nocladesub20	255-212-231-53
2440	0.0009186255856417	nocladesub22	255-101-252-104
2441	5.867521986862943e-05	nocladesub22	255-101-252-104
2442	5.353499049311807e-09	nocladesub10	255-26-209-210
2443	2.4694785790854206e-09	nocladesub22	255-101-252-104
2444	2.4117501861486783e-11	nocladesub10	255-26-209-210
2445	4.115901562558486e-05	nocladesub22	255-101-252-104
2446	1.0208488235119632e-08	nocladesub12	255-122-4-2
2447	1.2048332834781334e-11	nocladesub10	255-26-209-210
2448	9.900748248092193e-07	nocladesub22	255-101-252-104
2449	1.1798050451545517e-15	nocladesub10	255-26-209-210
2450	8.636064883038421e-07	clade6sub19	255-254-152-44
2451	5.4368446262059145e-11	nocladesub10	255-26-209-210
2452	3.529766298323443e-10	nocladesub12	255-122-4-2
2453	4.230157981929973e-10	nocladesub12	255-122-4-2
2454	3.577379620370523e-11	nocladesub22	255-101-252-104
2455	5.5107946646083394e-14	nocladesub10	255-26-209-210
2456	1.4573531548531342e-13	nocladesub22	255-101-252-104
2457	1.0857823783466775e-09	nocladesub22	255-101-252-104
2458	9.44585523707042e-12	nocladesub22	255-101-252-104
2459	1.609552415180384e-09	nocladesub22	255-101-252-104
2460	0.0002682000232188	nocladesub22	255-101-252-104
2461	8.180060558087027e-16	nocladesub12	255-122-4-2
2462	4.192961691724132e-05	nocladesub20	255-212-231-53
2463	3.2711013621399046e-11	nocladesub22	255-101-252-104
2464	2.11152357673403e-11	nocladesub22	255-101-252-104
2465	6.55781744051268e-17	nocladesub12	255-122-4-2
2466	1.7386571073259093e-14	nocladesub12	255-122-4-2
2467	1.518510145185066e-11	nocladesub2	255-70-122-242
2468	7.237872233396288e-14	nocladesub12	255-122-4-2
2469	4.8084420076581854e-14	nocladesub12	255-122-4-2
2470	1.905114762059466e-11	nocladesub22	255-101-252-104
2471	5.914271342828861e-12	nocladesub22	255-101-252-104
2472	8.182889284759703e-15	nocladesub12	255-122-4-2
2473	1.609363025686301e-15	nocladesub12	255-122-4-2
2474	2.227713746429138e-11	nocladesub10	255-26-209-210
2475	2.171192554296913e-18	nocladesub12	255-122-4-2
2476	5.340313082774769e-13	nocladesub10	255-26-209-210
2477	3.164379952166845e-16	nocladesub10	255-26-209-210
2478	3.908779176486281e-17	nocladesub12	255-122-4-2
2479	4.36266661115481e-14	nocladesub12	255-122-4-2
2480	1.680324670659493e-11	nocladesub12	255-122-4-2
2481	7.252686147825889e-17	nocladesub12	255-122-4-2
2482	3.192184448465652e-15	nocladesub10	255-26-209-210
2483	9.4964859589583e-16	nocladesub12	255-122-4-2
2484	1.3551587562728947e-14	nocladesub12	255-122-4-2
2485	3.453336423746293e-15	nocladesub20	255-212-231-53
2486	2.7520619220381827e-17	nocladesub12	255-122-4-2
2487	5.4808168851376817e-14	nocladesub10	255-26-209-210
2488	3.547691533194542e-18	nocladesub10	255-26-209-210
2489	1.613985234466009e-13	nocladesub12	255-122-4-2
2490	4.400111153180587e-16	nocladesub12	255-122-4-2
2491	2.5015162367640126e-20	nocladesub12	255-122-4-2
2492	9.350921863600277e-14	nocladesub10	255-26-209-210
2493	1.6531272358436136e-15	nocladesub10	255-26-209-210
2494	4.447011012615653e-15	nocladesub10	255-26-209-210
2495	1.9146322000526562e-16	nocladesub10	255-26-209-210
2496	3.3580789864580357e-16	nocladesub20	255-212-231-53
2497	1.1200394892144942e-09	nocladesub12	255-122-4-2
2498	2.401439890594857e-12	nocladesub12	255-122-4-2
2499	4.0847341179175006e-10	nocladesub12	255-122-4-2
2500	2.6204835943459597e-10	nocladesub2	255-70-122-242
2501	2.4913514352989917e-06	nocladesub2	255-70-122-242
2502	6.648818843951911e-07	nocladesub10	255-26-209-210
2503	4.632742019272831e-18	nocladesub12	255-122-4-2
2504	8.432791222310089e-18	nocladesub12	255-122-4-2
2505	9.85031054829358e-16	nocladesub12	255-122-4-2
2506	5.048820515138042e-19	nocladesub2	255-70-122-242
2507	2.4997948981004784e-13	nocladesub10	255-26-209-210
2508	1.6633222108123109e-18	nocladesub22	255-101-252-104
2509	8.260391372012613e-15	nocladesub12	255-122-4-2
2510	4.4721307489976676e-14	nocladesub10	255-26-209-210
2511	3.068622230310014e-16	nocladesub10	255-26-209-210
2512	4.0258650631479414e-13	nocladesub12	255-122-4-2
2513	2.5787805985136817e-17	nocladesub10	255-26-209-210
2514	3.278062887200174e-10	nocladesub12	255-122-4-2
2515	1.3257788777054992e-14	nocladesub12	255-122-4-2
2516	1.1498324547341213e-15	nocladesub10	255-26-209-210
2517	2.9454654560396284e-14	nocladesub12	255-122-4-2
2518	3.696052324206814e-15	nocladesub12	255-122-4-2
2519	5.539827074431695e-13	nocladesub12	255-122-4-2
2520	3.393000820280897e-16	nocladesub12	255-122-4-2
2521	3.0762561945909777e-17	nocladesub12	255-122-4-2
2522	1.7575919370584066e-17	nocladesub10	255-26-209-210
2523	4.2622688475675134e-15	nocladesub12	255-122-4-2
2524	1.273353132203429e-17	nocladesub12	255-122-4-2
2525	3.5161387421904945e-21	nocladesub20	255-212-231-53
2526	2.731835446180006e-18	nocladesub12	255-122-4-2
2527	6.425764165694494e-15	nocladesub10	255-26-209-210
2528	1.1561419255524078e-16	nocladesub12	255-122-4-2
2529	2.5111661389816093e-14	nocladesub10	255-26-209-210
2530	3.560274932123335e-21	nocladesub12	255-122-4-2
2531	9.342449448554325e-22	nocladesub12	255-122-4-2
2532	9.68036129780014e-17	nocladesub20	255-212-231-53
2533	8.139592908479169e-20	nocladesub10	255-26-209-210
2534	3.25978629689266e-16	nocladesub20	255-212-231-53
2535	7.319637635174252e-19	nocladesub10	255-26-209-210
2536	5.477677883913892e-14	nocladesub22	255-101-252-104
2537	3.919266922250322e-16	clade6sub19	255-254-152-44
2538	6.44017653896787e-13	nocladesub22	255-101-252-104
2539	2.3660245380064883e-18	nocladesub10	255-26-209-210
2540	1.922206599947829e-15	nocladesub10	255-26-209-210
2541	3.82319248834669e-14	clade6sub19	255-254-152-44
2542	2.0779405987666093e-18	nocladesub12	255-122-4-2
2543	7.924439590760853e-18	nocladesub10	255-26-209-210
2544	1.7734930474930542e-16	nocladesub12	255-122-4-2
2545	1.1842964857191204e-12	nocladesub10	255-26-209-210
2546	4.262050198232317e-17	nocladesub10	255-26-209-210
2547	4.8813050936521086e-15	nocladesub10	255-26-209-210
2548	1.0436345516126222e-12	nocladesub12	255-122-4-2
2549	3.4537054210551335e-18	nocladesub20	255-212-231-53
2550	2.5688526887771013e-15	nocladesub12	255-122-4-2
2551	9.193207153008995e-17	nocladesub12	255-122-4-2
2552	1.0633688264964734e-12	nocladesub12	255-122-4-2
2553	4.81881327146529e-13	nocladesub12	255-122-4-2
2554	3.3850646345388286e-16	nocladesub12	255-122-4-2
2555	5.523035922498868e-13	nocladesub12	255-122-4-2
2556	5.958375368285434e-11	nocladesub12	255-122-4-2
2557	3.872198829923355e-14	nocladesub12	255-122-4-2
2558	7.235411324203339e-14	nocladesub12	255-122-4-2
2559	3.078204662726873e-18	nocladesub12	255-122-4-2
2560	1.0341556432686864e-11	nocladesub12	255-122-4-2
2561	2.779349442327048e-13	nocladesub10	255-26-209-210
2562	2.097816178480199e-12	nocladesub12	255-122-4-2
2563	1.760162698824667e-11	nocladesub10	255-26-209-210
2564	1.0269106233708303e-10	nocladesub22	255-101-252-104
2565	8.954484052760516e-15	nocladesub20	255-212-231-53
2566	4.3211361500792976e-10	nocladesub12	255-122-4-2
2567	1.1349454248394466e-07	nocladesub20	255-212-231-53
2568	1.419871577271575e-16	nocladesub10	255-26-209-210
2569	0.0007631431814336	clade6sub19	255-254-152-44
2570	1.1833937184531586e-10	nocladesub12	255-122-4-2
2571	4.6296304556501795e-08	clade6sub19	255-254-152-44
2572	3.82099294952041e-17	nocladesub10	255-26-209-210
2573	6.251235154232243e-10	clade6sub19	255-254-152-44
2574	1.912097522453353e-18	nocladesub2	255-70-122-242
2575	2.3450569675466832e-24	nocladesub20	255-212-231-53
2576	2.2032782383467197e-23	nocladesub2	255-70-122-242
2577	2.1023664554653016e-20	nocladesub10	255-26-209-210
2578	1.6933594855565969e-21	nocladesub10	255-26-209-210
2579	8.964055473923605e-10	nocladesub2	255-70-122-242
2580	8.175018524707607e-21	nocladesub10	255-26-209-210
2581	3.857047987007543e-17	nocladesub10	255-26-209-210
2582	3.1533141907441723e-22	nocladesub20	255-212-231-53
2583	2.009522674285646e-07	nocladesub12	255-122-4-2
2584	2.1230131268599674e-16	nocladesub20	255-212-231-53
2585	2.239417092546172e-20	nocladesub20	255-212-231-53
2586	6.401037140273514e-19	nocladesub12	255-122-4-2
2587	0.1483485074080791	nocladesub12	255-122-4-2
2588	6.762662588020764e-19	nocladesub20	255-212-231-53
2589	2.301662676858229e-09	nocladesub12	255-122-4-2
2590	6.663044117595551e-23	nocladesub10	255-26-209-210
2591	2.571537748740636e-05	nocladesub12	255-122-4-2
2592	6.299002336084164e-20	nocladesub10	255-26-209-210
2593	1.7968442352089565e-18	nocladesub10	255-26-209-210
2594	1.367673240911556e-19	nocladesub10	255-26-209-210
2595	1.1468130881121997e-15	nocladesub10	255-26-209-210
2596	8.98590719440463e-20	nocladesub10	255-26-209-210
2597	0.0195576945617118	nocladesub12	255-122-4-2
2598	4.966791421774263e-15	nocladesub20	255-212-231-53
2599	7.191606355065243e-11	nocladesub10	255-26-209-210
2600	0.004664304361455	nocladesub2	255-70-122-242
2601	2.055634282394221e-15	nocladesub10	255-26-209-210
2602	1.0840064646524826e-10	nocladesub10	255-26-209-210
2603	1.9169257724060324e-18	nocladesub12	255-122-4-2
2604	1.285353149149812e-12	nocladesub12	255-122-4-2
2605	7.32166151311386e-13	nocladesub20	255-212-231-53
2606	7.350176361272093e-11	nocladesub10	255-26-209-210
2607	1.627632814990716e-12	nocladesub12	255-122-4-2
2608	1.234920795284256e-10	nocladesub12	255-122-4-2
2609	4.687727628744572e-13	nocladesub22	255-101-252-104
2610	5.47780660092782e-09	nocladesub22	255-101-252-104
2611	0.0025697419940268	nocladesub12	255-122-4-2
2612	3.1961713348343197e-12	nocladesub10	255-26-209-210
2613	0.0007524913321501	nocladesub2	255-70-122-242
2614	8.870206525246313e-05	nocladesub22	255-101-252-104
2615	0.0035971117376535	nocladesub10	255-26-209-210
2616	2.78449919499596e-07	nocladesub22	255-101-252-104
2617	2.034189924326062e-08	nocladesub2	255-70-122-242
2618	1.373244709424973e-10	nocladesub10	255-26-209-210
2619	7.412438511695561e-06	nocladesub2	255-70-122-242
2620	0.0542803873673081	nocladesub2	255-70-122-242
2621	3.656114934496149e-12	nocladesub20	255-212-231-53
2622	2.689158776270607e-21	nocladesub12	255-122-4-2
2623	6.112628475140834e-18	nocladesub12	255-122-4-2
2624	6.760276589196301e-21	nocladesub2	255-70-122-242
2625	2.404501683576158e-21	nocladesub2	255-70-122-242
2626	7.234374025035752e-20	nocladesub2	255-70-122-242
2627	3.056364024609482e-20	nocladesub2	255-70-122-242
2628	1.4138201821502531e-05	nocladesub22	255-101-252-104
2629	0.001728932547939	nocladesub2	255-70-122-242
2630	3.483061494643608e-05	nocladesub2	255-70-122-242
2631	5.811128247985404e-14	nocladesub12	255-122-4-2
2632	4.600379673631143e-06	nocladesub2	255-70-122-242
2633	5.838744991675512e-12	nocladesub22	255-101-252-104
2634	0.0004743855472577	nocladesub20	255-212-231-53
2635	1.3430114814932865e-15	nocladesub2	255-70-122-242
2636	3.519243773287082e-09	nocladesub12	255-122-4-2
2637	0.9310944004957185	nocladesub20	255-212-231-53
2638	6.633254796819246e-10	nocladesub12	255-122-4-2
2639	3.3010654621789776e-15	nocladesub20	255-212-231-53
2640	0.6488428804240467	nocladesub20	255-212-231-53
2641	0.1446150363729055	nocladesub10	255-26-209-210
2642	0.0355124067130878	nocladesub20	255-212-231-53
2643	1.7912360572263654e-14	nocladesub20	255-212-231-53
2644	6.839173282866314e-11	nocladesub22	255-101-252-104
2645	0.0005722985320676	nocladesub22	255-101-252-104
2646	3.004897409581725e-06	nocladesub22	255-101-252-104
2647	4.906002634014793e-07	nocladesub20	255-212-231-53
2648	8.751159777032752e-06	nocladesub22	255-101-252-104
2649	0.0001869499838203	nocladesub22	255-101-252-104
2650	2.3048430327097075e-06	nocladesub20	255-212-231-53
2651	1.0787471083132021e-08	nocladesub22	255-101-252-104
2652	5.544199162871998e-10	nocladesub22	255-101-252-104
2653	3.438380580619684e-09	nocladesub20	255-212-231-53
2654	5.6699584590333246e-11	nocladesub10	255-26-209-210
2655	1.314077667234956e-08	nocladesub12	255-122-4-2
2656	1.6364366277716372e-08	nocladesub22	255-101-252-104
2657	6.806943349717736e-07	nocladesub22	255-101-252-104
2658	1.655869126071382e-12	nocladesub10	255-26-209-210
2659	3.158890258077791e-12	nocladesub12	255-122-4-2
2660	1.5635705497673237e-18	nocladesub12	255-122-4-2
2661	2.490991737866871e-13	nocladesub10	255-26-209-210
2662	5.962078646643901e-16	nocladesub10	255-26-209-210
2663	2.4758243012009493e-16	nocladesub12	255-122-4-2
2664	2.595023226835087e-12	nocladesub10	255-26-209-210
2665	5.563639319728009e-16	nocladesub20	255-212-231-53
2666	5.234530975640283e-19	nocladesub12	255-122-4-2
2667	2.141519699165137e-09	nocladesub12	255-122-4-2
2668	1.5963640718952218e-12	nocladesub10	255-26-209-210
2669	1.1327709247631805e-12	nocladesub12	255-122-4-2
2670	3.4184899044035416e-15	nocladesub10	255-26-209-210
2671	4.579630920925965e-20	nocladesub12	255-122-4-2
2672	6.960772875171932e-15	nocladesub10	255-26-209-210
2673	7.459193977524207e-14	nocladesub10	255-26-209-210
2674	7.479206654503022e-20	nocladesub10	255-26-209-210
2675	1.3205185958975807e-20	nocladesub12	255-122-4-2
2676	3.0740882056086972e-18	nocladesub10	255-26-209-210
2677	1.0494137300713497e-19	nocladesub12	255-122-4-2
2678	1.7627034352909088e-20	nocladesub2	255-70-122-242
2679	1.4149646687554954e-16	nocladesub22	255-101-252-104
2680	8.530239629971283e-15	nocladesub20	255-212-231-53
2681	1.386780893444656e-21	nocladesub10	255-26-209-210
2682	3.807449084478192e-20	nocladesub20	255-212-231-53
2683	1.0034186859237358e-19	nocladesub2	255-70-122-242
2684	2.595207615002351e-21	nocladesub10	255-26-209-210
2685	3.1698447788462238e-24	nocladesub10	255-26-209-210
2686	3.299014749567827e-18	nocladesub20	255-212-231-53
2687	5.219962890535989e-15	nocladesub2	255-70-122-242
2688	3.259686667388976e-12	nocladesub2	255-70-122-242
2689	1.5929847116563158e-20	nocladesub12	255-122-4-2
2690	1.3159006302794028e-18	nocladesub12	255-122-4-2
2691	0.072500532230047	nocladesub12	255-122-4-2
2692	1.9992420759292195e-07	nocladesub2	255-70-122-242
2693	3.473290334712884e-05	nocladesub2	255-70-122-242
2694	0.000170510821003	nocladesub22	255-101-252-104
2695	1.5863024404277026e-06	nocladesub2	255-70-122-242
2696	1.7359470905782156e-09	nocladesub20	255-212-231-53
2697	8.825997362764588e-15	nocladesub10	255-26-209-210
2698	4.287598626482396e-07	nocladesub12	255-122-4-2
2699	8.630580109300525e-12	nocladesub2	255-70-122-242
2700	5.481796612375087e-07	nocladesub12	255-122-4-2
2701	0.6039673540964502	nocladesub10	255-26-209-210
2702	0.9261881142808874	nocladesub20	255-212-231-53
2703	0.5285648644482188	nocladesub20	255-212-231-53
2704	0.9975477580902128	nocladesub20	255-212-231-53
2705	0.5230137501814571	nocladesub20	255-212-231-53
2706	1.1579153075870428e-07	nocladesub22	255-101-252-104
2707	0.7040183602914996	nocladesub12	255-122-4-2
2708	0.5261042152078647	nocladesub12	255-122-4-2
2709	0.1489994432157714	nocladesub10	255-26-209-210
2710	9.097383570321206e-06	nocladesub22	255-101-252-104
2711	0.0036651392237986	nocladesub22	255-101-252-104
2712	3.959543823262559e-16	nocladesub22	255-101-252-104
2713	2.3617100079032717e-16	clade6sub19	255-254-152-44
2714	3.0828839318769597e-16	nocladesub20	255-212-231-53
2715	3.4703595107507447e-10	nocladesub22	255-101-252-104
2716	2.57496030408674e-15	nocladesub20	255-212-231-53
2717	3.96734165207515e-13	nocladesub12	255-122-4-2
2718	9.398929020776343e-15	nocladesub20	255-212-231-53
2719	2.0102152570044544e-15	nocladesub20	255-212-231-53
2720	3.413241231276439e-13	nocladesub12	255-122-4-2
2721	2.7956785679549235e-14	nocladesub20	255-212-231-53
2722	1.6967659387410986e-14	nocladesub12	255-122-4-2
2723	9.310480105413027e-17	nocladesub20	255-212-231-53
2724	1.926140643774217e-16	nocladesub12	255-122-4-2
2725	7.193724640186123e-15	nocladesub20	255-212-231-53
2726	4.697795832156056e-17	nocladesub20	255-212-231-53
2727	1.6374392045387637e-15	nocladesub20	255-212-231-53
2728	3.4277189307451553e-18	nocladesub20	255-212-231-53
2729	4.94534028614486e-15	nocladesub20	255-212-231-53
2730	4.587526151386735e-19	nocladesub20	255-212-231-53
2731	5.99281381823468e-16	nocladesub12	255-122-4-2
2732	2.184882654863042e-19	nocladesub12	255-122-4-2
2733	4.985447796320068e-21	nocladesub20	255-212-231-53
2734	5.0616580922992933e-20	nocladesub20	255-212-231-53
2735	1.976715334178548e-20	nocladesub20	255-212-231-53
2736	1.9768361004707185e-17	nocladesub12	255-122-4-2
2737	8.25102251306958e-21	nocladesub12	255-122-4-2
2738	4.125750059241422e-23	nocladesub10	255-26-209-210
2739	7.176541604825645e-18	nocladesub10	255-26-209-210
2740	1.3211503061476294e-20	nocladesub2	255-70-122-242
2741	1.6048139732092306e-17	nocladesub10	255-26-209-210
2742	3.7706374363396814e-20	nocladesub12	255-122-4-2
2743	1.971092721858572e-11	nocladesub2	255-70-122-242
2744	2.077796962251192e-18	nocladesub2	255-70-122-242
2745	3.680187794313187e-08	nocladesub2	255-70-122-242
2746	0.0004390715360588	nocladesub2	255-70-122-242
2747	0.0014539293707338	nocladesub20	255-212-231-53
2748	0.0048045856702461	nocladesub2	255-70-122-242
2749	3.019691751054987e-06	nocladesub22	255-101-252-104
2750	5.189492363584824e-06	nocladesub20	255-212-231-53
2751	3.926264222229102e-06	nocladesub20	255-212-231-53
2752	0.0019858741052552	nocladesub10	255-26-209-210
2753	4.940222244180507e-09	nocladesub20	255-212-231-53
2754	0.0011963081293694	nocladesub22	255-101-252-104
2755	0.0115755848604727	nocladesub22	255-101-252-104
2756	8.577579554772678e-13	nocladesub20	255-212-231-53
2757	6.643010198369398e-16	nocladesub12	255-122-4-2
2758	1.8355449222703192e-08	nocladesub2	255-70-122-242
2759	0.0001232806540701	nocladesub22	255-101-252-104
2760	0.0071616602843602	nocladesub22	255-101-252-104
2761	9.617920583215132e-05	nocladesub22	255-101-252-104
2762	1.3724369683545468e-08	nocladesub22	255-101-252-104
2763	0.0001016888123962	nocladesub12	255-122-4-2
2764	0.0002415230493482	nocladesub2	255-70-122-242
2765	5.6131679009152326e-05	nocladesub10	255-26-209-210
2766	8.093424406969305e-13	nocladesub12	255-122-4-2
2767	6.383807642496936e-12	nocladesub10	255-26-209-210
2768	1.8163860717849656e-17	nocladesub12	255-122-4-2
2769	1.0386133055355458e-14	nocladesub20	255-212-231-53
2770	1.6059889715267395e-16	nocladesub10	255-26-209-210
2771	2.010223242714916e-16	nocladesub20	255-212-231-53
2772	4.103863130513957e-12	nocladesub10	255-26-209-210
2773	1.429688810197435e-15	nocladesub10	255-26-209-210
2774	2.279035399600144e-16	nocladesub12	255-122-4-2
2775	5.161315656627997e-15	nocladesub12	255-122-4-2
2776	2.736053848088779e-15	nocladesub12	255-122-4-2
2777	1.1480857498504553e-18	nocladesub10	255-26-209-210
2778	3.1040490042103854e-14	nocladesub12	255-122-4-2
2779	1.1466208062254979e-17	nocladesub20	255-212-231-53
2780	3.7965435084854236e-11	nocladesub12	255-122-4-2
2781	2.8057421135579593e-16	nocladesub12	255-122-4-2
2782	1.7392181890030832e-16	nocladesub12	255-122-4-2
2783	2.155617320439909e-18	nocladesub12	255-122-4-2
2784	2.5433792491927157e-17	nocladesub12	255-122-4-2
2785	8.016661449669227e-16	nocladesub12	255-122-4-2
2786	1.8460994060058144e-14	nocladesub12	255-122-4-2
2787	4.107984380270673e-15	nocladesub12	255-122-4-2
2788	3.0314581942619863e-17	nocladesub12	255-122-4-2
2789	1.772408368440189e-15	nocladesub12	255-122-4-2
2790	7.842876985996718e-13	nocladesub10	255-26-209-210
2791	1.0007997346590829e-11	nocladesub10	255-26-209-210
2792	2.7624418261771354e-16	nocladesub10	255-26-209-210
2793	4.943034570695986e-14	nocladesub20	255-212-231-53
2794	7.247996412096584e-14	nocladesub12	255-122-4-2
2795	6.790163080173622e-11	nocladesub20	255-212-231-53
2796	3.895086892027768e-05	clade6sub19	255-254-152-44
2797	1.03876901696462e-08	nocladesub2	255-70-122-242
2798	2.725436589567307e-08	nocladesub12	255-122-4-2
2799	0.0316712514656611	nocladesub12	255-122-4-2
2800	0.3567793319411499	nocladesub2	255-70-122-242
2801	5.852797982148247e-08	nocladesub20	255-212-231-53
2802	2.7167275268884226e-08	nocladesub2	255-70-122-242
2803	9.184168380702456e-08	nocladesub2	255-70-122-242
2804	1.533018928475888e-16	nocladesub12	255-122-4-2
2805	3.5896824010706974e-17	nocladesub2	255-70-122-242
2806	7.140001730052529e-19	nocladesub12	255-122-4-2
2807	1.4795173201787664e-16	nocladesub2	255-70-122-242
2808	2.637665101993374e-16	nocladesub12	255-122-4-2
2809	3.281807453350272e-19	nocladesub12	255-122-4-2
2810	3.0207145608384896e-16	nocladesub2	255-70-122-242
2811	5.073663558663632e-13	nocladesub12	255-122-4-2
2812	1.2233545805823312e-14	nocladesub12	255-122-4-2
2813	9.664951428504873e-13	nocladesub10	255-26-209-210
2814	2.682718053946927e-16	nocladesub10	255-26-209-210
2815	1.4536718373420898e-14	nocladesub2	255-70-122-242
2816	1.712962755037885e-16	nocladesub12	255-122-4-2
2817	8.611953127100637e-13	nocladesub12	255-122-4-2
2818	7.336767235375585e-15	nocladesub10	255-26-209-210
2819	1.6223627791541765e-13	nocladesub12	255-122-4-2
2820	1.504096970185476e-13	nocladesub12	255-122-4-2
2821	1.0704996181151106e-11	nocladesub12	255-122-4-2
2822	6.551697884449231e-15	nocladesub12	255-122-4-2
2823	8.991000578759115e-16	nocladesub12	255-122-4-2
2824	6.679697418480842e-16	nocladesub20	255-212-231-53
2825	4.348129182760471e-16	nocladesub12	255-122-4-2
2826	1.1351392552507108e-17	nocladesub20	255-212-231-53
2827	1.3276430230444075e-10	nocladesub20	255-212-231-53
2828	5.402588532105137e-16	nocladesub20	255-212-231-53
2829	7.572206151228368e-17	nocladesub12	255-122-4-2
2830	6.697222197822734e-16	nocladesub20	255-212-231-53
2831	4.482255056721983e-16	nocladesub12	255-122-4-2
2832	5.048832094769764e-19	nocladesub12	255-122-4-2
2833	1.9297990430318686e-13	nocladesub20	255-212-231-53
2834	4.873880363085632e-11	nocladesub22	255-101-252-104
2835	3.975707218450504e-15	nocladesub20	255-212-231-53
2836	1.8012515915569235e-09	nocladesub22	255-101-252-104
2837	3.006917681614816e-12	nocladesub22	255-101-252-104
2838	9.013340282693215e-10	nocladesub22	255-101-252-104
2839	1.028604786379336e-17	nocladesub12	255-122-4-2
2840	5.8769258575338016e-18	nocladesub12	255-122-4-2
2841	4.0238713799140105e-17	nocladesub10	255-26-209-210
2842	1.7423943462756214e-12	nocladesub20	255-212-231-53
2843	2.314149586131242e-15	nocladesub12	255-122-4-2
2844	3.3000100117890497e-13	nocladesub12	255-122-4-2
2845	5.73379564910572e-13	nocladesub20	255-212-231-53
2846	4.409762242629166e-11	nocladesub12	255-122-4-2
2847	7.679770848184159e-11	nocladesub12	255-122-4-2
2848	5.311279827372819e-10	nocladesub12	255-122-4-2
2849	6.361693207326503e-14	nocladesub10	255-26-209-210
2850	5.574492178642392e-13	nocladesub12	255-122-4-2
2851	7.757219874582087e-16	nocladesub12	255-122-4-2
2852	1.5711734861882446e-15	nocladesub22	255-101-252-104
2853	3.6878742052514494e-19	nocladesub20	255-212-231-53
2854	4.3152424601000874e-10	nocladesub2	255-70-122-242
2855	5.968986091534029e-12	nocladesub10	255-26-209-210
2856	5.258242765653328e-12	clade6sub19	255-254-152-44
2857	2.735740468464116e-15	nocladesub12	255-122-4-2
2858	3.4769337095303884e-11	nocladesub10	255-26-209-210
2859	1.2323438649735536e-08	clade6sub19	255-254-152-44
2860	8.727389567447349e-10	nocladesub2	255-70-122-242
2861	1.8022824190435682e-07	clade6sub19	255-254-152-44
2862	9.058487096507422e-07	clade6sub19	255-254-152-44
2863	5.27720511323381e-06	clade6sub19	255-254-152-44
2864	8.693423196834395e-08	clade6sub19	255-254-152-44
2865	1.516474598579571e-15	nocladesub12	255-122-4-2
2866	4.242073434790639e-06	clade6sub19	255-254-152-44
2867	4.4260888130994516e-16	nocladesub2	255-70-122-242
2868	2.1949992871947264e-18	nocladesub10	255-26-209-210
2869	3.164164936098869e-21	nocladesub10	255-26-209-210
2870	8.919834401827859e-20	nocladesub12	255-122-4-2
2871	3.648101409475496e-21	nocladesub10	255-26-209-210
2873	4.215365196942062e-12	nocladesub20	255-212-231-53
2874	2.6099161059749667e-12	nocladesub20	255-212-231-53
2875	1.5987385511103213e-18	nocladesub20	255-212-231-53
2876	3.360698319899329e-15	nocladesub20	255-212-231-53
2877	1.0364108141174968e-19	nocladesub20	255-212-231-53
2878	8.568769946455574e-18	nocladesub10	255-26-209-210
2879	1.0696322941727612e-14	nocladesub20	255-212-231-53
2880	8.61376294940438e-13	nocladesub10	255-26-209-210
2881	5.0139045424883575e-22	nocladesub12	255-122-4-2
2882	7.355537952886976e-18	nocladesub20	255-212-231-53
2883	2.264383194973501e-20	nocladesub20	255-212-231-53
2884	6.871359747301857e-16	nocladesub10	255-26-209-210
2885	2.8025062697187964e-19	nocladesub20	255-212-231-53
2886	6.067137248543244e-12	nocladesub10	255-26-209-210
2887	2.4466153361874143e-15	nocladesub10	255-26-209-210
2888	2.5201985422465747e-06	nocladesub2	255-70-122-242
2889	4.9883191401114954e-17	nocladesub20	255-212-231-53
2890	0.0003877124326629	clade6sub19	255-254-152-44
2891	5.759703630679097e-11	nocladesub10	255-26-209-210
2892	4.032755269262204e-12	nocladesub10	255-26-209-210
2893	5.486993419296697e-20	nocladesub12	255-122-4-2
2894	8.52451368437401e-15	nocladesub12	255-122-4-2
2895	3.2446428083751486e-16	nocladesub12	255-122-4-2
2896	7.517112849518265e-13	nocladesub12	255-122-4-2
2897	1.845738060681274e-05	nocladesub2	255-70-122-242
2898	1.2270839622865887e-09	nocladesub2	255-70-122-242
2899	2.1332466883549204e-09	nocladesub2	255-70-122-242
2900	7.628474294914433e-13	nocladesub22	255-101-252-104
2901	3.359375963731945e-12	nocladesub12	255-122-4-2
2902	0.2001622424144653	nocladesub12	255-122-4-2
2903	6.426046090625049e-13	nocladesub12	255-122-4-2
2904	0.0022929777767135	clade6sub19	255-254-152-44
2905	3.306386224866375e-05	nocladesub2	255-70-122-242
2906	0.0017657180848541	nocladesub2	255-70-122-242
2907	0.1083176699487709	nocladesub2	255-70-122-242
2908	5.025405641442386e-07	nocladesub2	255-70-122-242
2909	2.6895541176009946e-12	nocladesub20	255-212-231-53
2910	0.0044758014414825	nocladesub2	255-70-122-242
2911	0.0011515785451941	nocladesub2	255-70-122-242
2912	0.0140347227868934	nocladesub2	255-70-122-242
2913	3.179052081314574e-06	nocladesub12	255-122-4-2
2914	0.5854153306859593	nocladesub2	255-70-122-242
2915	7.442870360925268e-07	nocladesub2	255-70-122-242
2916	0.0021112483011113	nocladesub2	255-70-122-242
2917	7.558908489370632e-17	nocladesub12	255-122-4-2
2918	2.6871994985745244e-20	nocladesub12	255-122-4-2
2919	6.979515021701708e-05	nocladesub10	255-26-209-210
2920	1.757500191245283e-17	nocladesub22	255-101-252-104
2921	1.734465055169986e-15	nocladesub2	255-70-122-242
2922	2.091220242867534e-16	nocladesub2	255-70-122-242
2923	0.1081722908432854	nocladesub12	255-122-4-2
2924	0.0026345801513496	nocladesub12	255-122-4-2
2925	0.0001809845114194	nocladesub22	255-101-252-104
2926	0.9917807443423512	nocladesub20	255-212-231-53
2927	0.0073302499301177	nocladesub20	255-212-231-53
2928	0.547588524716795	nocladesub12	255-122-4-2
2929	3.607303439385473e-15	nocladesub20	255-212-231-53
2930	0.0020491097871479	nocladesub20	255-212-231-53
2931	4.0680158834605043e-08	nocladesub20	255-212-231-53
2932	0.0202037954452856	nocladesub10	255-26-209-210
2933	4.070268391958922e-10	nocladesub20	255-212-231-53
2934	3.434313993046711e-07	nocladesub20	255-212-231-53
2935	9.378520600166254e-07	nocladesub22	255-101-252-104
2936	0.0004446087492023	nocladesub22	255-101-252-104
2937	7.139232368084272e-06	nocladesub22	255-101-252-104
2938	1.7219346302345586e-08	nocladesub10	255-26-209-210
2939	1.320088031087723e-13	nocladesub10	255-26-209-210
2940	4.979622235426525e-12	nocladesub12	255-122-4-2
2941	4.684224559180495e-16	nocladesub20	255-212-231-53
2942	4.616851190079098e-16	nocladesub12	255-122-4-2
2943	3.511197808928486e-17	nocladesub20	255-212-231-53
2944	2.4215964263078057e-19	nocladesub12	255-122-4-2
2945	2.5370697478255344e-16	nocladesub20	255-212-231-53
2946	6.758697551392888e-12	nocladesub12	255-122-4-2
2947	7.298382219602115e-18	nocladesub20	255-212-231-53
2948	1.1313743949989049e-17	nocladesub12	255-122-4-2
2949	5.53010058248741e-13	nocladesub22	255-101-252-104
2950	3.019281979879228e-22	nocladesub10	255-26-209-210
2951	3.3721980379003063e-13	nocladesub20	255-212-231-53
2952	1.716466322599253e-10	nocladesub10	255-26-209-210
2953	2.5101504375009492e-20	nocladesub10	255-26-209-210
2954	6.739361816949358e-16	nocladesub22	255-101-252-104
2955	3.3716896639231237e-18	nocladesub22	255-101-252-104
2956	1.1353414353127339e-20	nocladesub10	255-26-209-210
2957	7.376109813277706e-13	nocladesub12	255-122-4-2
2958	1.1940689064163426e-16	nocladesub10	255-26-209-210
2959	4.0610231125419657e-17	nocladesub22	255-101-252-104
2960	3.617507196356644e-18	nocladesub10	255-26-209-210
2961	8.804073100231374e-16	nocladesub20	255-212-231-53
2962	9.822901601477816e-21	nocladesub12	255-122-4-2
2963	3.806556120929357e-16	nocladesub20	255-212-231-53
2964	5.70810911419671e-20	nocladesub2	255-70-122-242
2965	2.460921309258348e-17	nocladesub10	255-26-209-210
2966	3.556142986176689e-16	nocladesub20	255-212-231-53
2967	3.974224054032652e-17	nocladesub12	255-122-4-2
2968	0.0085770571549854	nocladesub2	255-70-122-242
2969	0.174438329743087	nocladesub2	255-70-122-242
2970	4.184510859320852e-05	nocladesub2	255-70-122-242
2971	0.0001189933409024	nocladesub2	255-70-122-242
2972	7.643588826012352e-10	nocladesub20	255-212-231-53
2973	1.988608895040787e-09	nocladesub20	255-212-231-53
2974	1.1106200747519499e-11	nocladesub20	255-212-231-53
2975	1.4259406947386002e-06	nocladesub2	255-70-122-242
2976	0.0002080166161421	nocladesub20	255-212-231-53
2977	0.0213594727394284	nocladesub20	255-212-231-53
2978	3.036577580982202e-06	nocladesub12	255-122-4-2
2979	0.1580704937962752	nocladesub10	255-26-209-210
2980	5.249177681657719e-07	nocladesub20	255-212-231-53
2981	0.8413042601128679	nocladesub12	255-122-4-2
2982	0.7523438013753878	nocladesub10	255-26-209-210
2983	0.0285979206545229	nocladesub12	255-122-4-2
2984	2.1013086800047277e-11	nocladesub22	255-101-252-104
2985	7.161909114714738e-16	nocladesub12	255-122-4-2
2986	2.360916138669232e-15	nocladesub22	255-101-252-104
2987	1.3506078479134134e-17	nocladesub20	255-212-231-53
2988	1.2881593118113975e-16	nocladesub12	255-122-4-2
2989	1.4707872493599353e-13	nocladesub20	255-212-231-53
2990	6.45364258751651e-17	nocladesub20	255-212-231-53
2991	5.483191524595596e-16	nocladesub20	255-212-231-53
2992	1.4116188878886872e-19	nocladesub12	255-122-4-2
2993	1.831333833890549e-18	nocladesub20	255-212-231-53
2994	3.7922521285410026e-21	nocladesub20	255-212-231-53
2995	1.727897109459033e-19	nocladesub12	255-122-4-2
2996	3.5707204525858212e-16	nocladesub20	255-212-231-53
2997	1.4061657766163405e-18	nocladesub20	255-212-231-53
2998	4.166655383959206e-19	nocladesub20	255-212-231-53
2999	1.067725764770744e-17	nocladesub20	255-212-231-53
3000	7.714513410526005e-19	nocladesub10	255-26-209-210
3001	4.737494849324071e-20	nocladesub12	255-122-4-2
3002	5.073383811477615e-21	nocladesub20	255-212-231-53
3003	1.7097717167308677e-19	nocladesub12	255-122-4-2
3004	4.616731015098205e-18	nocladesub10	255-26-209-210
3005	1.470396939264738e-18	nocladesub20	255-212-231-53
3006	5.793411248711303e-21	nocladesub20	255-212-231-53
3007	4.591141455216128e-17	nocladesub10	255-26-209-210
3008	2.677327137928589e-21	nocladesub2	255-70-122-242
3009	1.0793987414121868e-15	nocladesub2	255-70-122-242
3010	6.88822488955047e-11	nocladesub2	255-70-122-242
3011	5.434635259505346e-09	nocladesub2	255-70-122-242
3012	2.901443511377951e-07	clade6sub19	255-254-152-44
3013	0.3838155304989049	nocladesub2	255-70-122-242
3014	0.7869127324313776	nocladesub2	255-70-122-242
3015	0.1116094137326629	nocladesub12	255-122-4-2
3016	0.0015737125387204	nocladesub26	255-217-56-6
3017	0.3160765255552844	nocladesub2	255-70-122-242
3018	0.0004214396395311	nocladesub2	255-70-122-242
3019	0.0147954532340273	nocladesub2	255-70-122-242
3020	1.0808097987722694e-06	nocladesub2	255-70-122-242
3021	0.0101889494631219	nocladesub12	255-122-4-2
3022	3.368872159496574e-06	nocladesub20	255-212-231-53
3023	0.0009633969217784	nocladesub22	255-101-252-104
3024	1.2844452292230798e-05	nocladesub2	255-70-122-242
3025	0.0002675443545307	nocladesub22	255-101-252-104
3026	0.7898236186962949	nocladesub10	255-26-209-210
3027	0.0366062678804284	nocladesub12	255-122-4-2
3028	0.8064682900766201	nocladesub10	255-26-209-210
3029	0.2916961222868152	nocladesub12	255-122-4-2
3030	0.8424281683199949	nocladesub10	255-26-209-210
3031	0.0013827697279144	nocladesub10	255-26-209-210
3032	0.0002200653141042	nocladesub10	255-26-209-210
3033	0.0004849377578901	nocladesub10	255-26-209-210
3034	1.7066570046876898e-13	nocladesub12	255-122-4-2
3035	9.425571048007385e-13	nocladesub20	255-212-231-53
3036	6.773278659009823e-12	nocladesub20	255-212-231-53
3037	2.1110500779825862e-16	nocladesub12	255-122-4-2
3038	1.4587098698169066e-15	nocladesub12	255-122-4-2
3039	3.6274078207246897e-14	nocladesub12	255-122-4-2
3040	3.323924076894363e-13	nocladesub20	255-212-231-53
3041	5.071150499267733e-20	nocladesub10	255-26-209-210
3042	8.74542490604734e-15	nocladesub10	255-26-209-210
3043	3.2813225201810718e-15	nocladesub12	255-122-4-2
3044	5.806573822765946e-16	nocladesub20	255-212-231-53
3045	1.049781205697459e-17	nocladesub12	255-122-4-2
3046	3.734919647883653e-18	nocladesub12	255-122-4-2
3047	2.1506594604612164e-16	nocladesub12	255-122-4-2
3048	3.5874073483374824e-14	nocladesub12	255-122-4-2
3049	4.142567472381682e-19	nocladesub12	255-122-4-2
3050	2.847796550651013e-16	nocladesub12	255-122-4-2
3051	3.488257303381786e-23	nocladesub10	255-26-209-210
3052	1.009361673426252e-08	nocladesub20	255-212-231-53
3053	1.976633643992917e-15	nocladesub10	255-26-209-210
3054	4.541988233693333e-12	nocladesub10	255-26-209-210
3055	3.643440921149243e-13	nocladesub12	255-122-4-2
3056	4.829517592498138e-20	nocladesub20	255-212-231-53
3057	4.006179004547633e-11	nocladesub2	255-70-122-242
3058	3.7038608429024185e-08	nocladesub22	255-101-252-104
3059	0.0684093441760666	nocladesub2	255-70-122-242
3060	0.0004802642241662	nocladesub12	255-122-4-2
3061	0.4814316933005677	nocladesub2	255-70-122-242
3062	3.683264628431907e-05	nocladesub2	255-70-122-242
3063	0.0004725039074399	nocladesub2	255-70-122-242
3064	3.6230484592386894e-09	nocladesub2	255-70-122-242
3065	6.4643819752016195e-12	nocladesub12	255-122-4-2
3066	2.3089130114963012e-11	nocladesub20	255-212-231-53
3067	0.0003571176993556	nocladesub2	255-70-122-242
3068	0.0215776419662192	nocladesub2	255-70-122-242
3069	1.7208739981119008e-13	nocladesub2	255-70-122-242
3070	7.116482217622395e-15	nocladesub12	255-122-4-2
3071	4.3858515292390085e-15	nocladesub12	255-122-4-2
3072	1.102451541281286e-13	nocladesub2	255-70-122-242
3073	4.970209390854166e-17	nocladesub12	255-122-4-2
3074	2.4612782842455288e-17	nocladesub12	255-122-4-2
3075	4.803759105448674e-17	nocladesub12	255-122-4-2
3076	5.388001886980561e-13	nocladesub12	255-122-4-2
3077	1.0178840617167109e-21	nocladesub20	255-212-231-53
3078	3.2785456643753176e-17	nocladesub22	255-101-252-104
3079	6.810024902463177e-19	nocladesub12	255-122-4-2
3080	7.643925546778441e-16	nocladesub22	255-101-252-104
3081	1.7162829898087964e-20	nocladesub10	255-26-209-210
3082	1.1609427670339864e-11	nocladesub12	255-122-4-2
3083	2.3993893951428044e-13	nocladesub10	255-26-209-210
3084	0.0008455914339632	nocladesub22	255-101-252-104
3085	1.6359479145985342e-13	nocladesub12	255-122-4-2
3086	2.0893595818780224e-15	nocladesub20	255-212-231-53
3087	2.634646243022866e-16	nocladesub12	255-122-4-2
3088	2.329502818598251e-18	nocladesub22	255-101-252-104
3089	9.217324285322852e-21	nocladesub12	255-122-4-2
3090	1.5182577194361125e-12	nocladesub22	255-101-252-104
3091	8.101078497292777e-13	nocladesub20	255-212-231-53
3092	2.870054699307927e-15	nocladesub22	255-101-252-104
3093	1.5902940055547821e-12	nocladesub22	255-101-252-104
3094	2.396207488479422e-16	nocladesub10	255-26-209-210
3095	1.173081362288938e-19	nocladesub12	255-122-4-2
3096	4.145958938704516e-18	nocladesub12	255-122-4-2
3097	1.1112330202318636e-18	nocladesub2	255-70-122-242
3098	8.008548846014271e-13	nocladesub20	255-212-231-53
3099	7.936087493498266e-16	nocladesub20	255-212-231-53
3100	1.926047993814803e-15	nocladesub12	255-122-4-2
3101	1.3635731030509824e-12	nocladesub20	255-212-231-53
3102	3.2661840688768853e-09	nocladesub2	255-70-122-242
3103	8.131750325486718e-17	nocladesub20	255-212-231-53
3104	7.759602699979653e-15	nocladesub12	255-122-4-2
3105	2.5565435828156367e-16	nocladesub12	255-122-4-2
3106	1.0468542875548378e-14	nocladesub2	255-70-122-242
3107	3.178161387264357e-11	nocladesub10	255-26-209-210
3108	9.594416581281849e-14	nocladesub10	255-26-209-210
3109	3.088009256389668e-12	clade6sub19	255-254-152-44
3110	3.3018978048479638e-09	clade6sub19	255-254-152-44
3111	6.95296347721313e-16	nocladesub10	255-26-209-210
3112	9.281757002547757e-14	nocladesub20	255-212-231-53
3113	1.9419425468370622e-14	nocladesub2	255-70-122-242
3114	4.8581021419671116e-14	clade6sub19	255-254-152-44
3115	3.7223723092252797e-11	nocladesub12	255-122-4-2
3116	6.274098612701688e-09	nocladesub22	255-101-252-104
3117	0.0539516789358672	nocladesub10	255-26-209-210
3118	7.689608413210004e-13	nocladesub12	255-122-4-2
3119	2.2041393519004716e-17	nocladesub12	255-122-4-2
3120	6.363703050453036e-08	nocladesub2	255-70-122-242
3121	2.8194070156339064e-14	nocladesub20	255-212-231-53
3122	7.929176759664677e-17	nocladesub20	255-212-231-53
3123	2.67450740454394e-11	nocladesub20	255-212-231-53
3124	1.4210254976065526e-15	nocladesub20	255-212-231-53
3125	4.592523480680038e-17	nocladesub20	255-212-231-53
3126	6.411505265177893e-17	nocladesub20	255-212-231-53
3127	3.1476629490690362e-18	nocladesub10	255-26-209-210
3128	0.0057666432010059	nocladesub2	255-70-122-242
3129	4.883349274759317e-18	nocladesub10	255-26-209-210
3130	6.357770869538972e-17	nocladesub22	255-101-252-104
3131	8.053194496013866e-18	nocladesub10	255-26-209-210
3132	6.245908470653042e-18	nocladesub10	255-26-209-210
3133	2.301111602739722e-09	nocladesub2	255-70-122-242
3134	6.015930097672116e-17	nocladesub12	255-122-4-2
3135	0.0586251207839827	nocladesub2	255-70-122-242
3136	1.3547559531732253e-13	nocladesub12	255-122-4-2
3137	4.285037263995064e-11	nocladesub10	255-26-209-210
3138	5.070779215888737e-13	nocladesub10	255-26-209-210
3139	2.0147960941120627e-15	nocladesub20	255-212-231-53
3140	0.0093392704187014	nocladesub2	255-70-122-242
3141	0.4678255713585058	nocladesub2	255-70-122-242
3142	1.7268215161227332e-13	nocladesub12	255-122-4-2
3143	6.573279398619404e-10	nocladesub2	255-70-122-242
3144	2.1613437836924742e-11	nocladesub2	255-70-122-242
3145	9.04934615099172e-17	nocladesub2	255-70-122-242
3146	2.1271970151345674e-13	nocladesub12	255-122-4-2
3147	3.053012556099987e-17	nocladesub12	255-122-4-2
3148	2.9766282358210785e-13	nocladesub2	255-70-122-242
3149	2.275340869581099e-15	nocladesub12	255-122-4-2
3150	8.976036310133759e-17	nocladesub10	255-26-209-210
3151	1.0635002237822307e-09	nocladesub2	255-70-122-242
3152	0.0001590298022239	nocladesub12	255-122-4-2
3153	0.0250976272754486	nocladesub12	255-122-4-2
3154	3.6795881503170645e-05	nocladesub22	255-101-252-104
3155	0.0629169292678226	clade6sub19	255-254-152-44
3156	0.0197448122645888	clade6sub19	255-254-152-44
3157	0.0001698957945121	nocladesub22	255-101-252-104
3158	0.0102208226119605	nocladesub12	255-122-4-2
3159	7.906587959178286e-05	nocladesub22	255-101-252-104
3160	0.0009652494024669	nocladesub12	255-122-4-2
3161	5.337314815974891e-13	nocladesub20	255-212-231-53
3162	2.5199229335416858e-11	nocladesub12	255-122-4-2
3163	2.4129666264523657e-13	nocladesub12	255-122-4-2
3164	2.5432788689249977e-11	nocladesub12	255-122-4-2
3165	0.028997304600381	nocladesub12	255-122-4-2
3166	1.0667201804950084e-11	nocladesub12	255-122-4-2
3167	1.0654581036103255e-09	nocladesub12	255-122-4-2
3168	3.8376503330534746e-08	nocladesub12	255-122-4-2
3169	0.1941618840212891	nocladesub2	255-70-122-242
3170	6.467949177868567e-12	clade6sub19	255-254-152-44
3171	9.614289351736183e-07	nocladesub2	255-70-122-242
3172	0.0009951483698582	nocladesub12	255-122-4-2
3173	5.6613018952303075e-14	nocladesub2	255-70-122-242
3174	3.6907063275721448e-06	nocladesub2	255-70-122-242
3175	2.4494448188415188e-18	nocladesub10	255-26-209-210
3176	1.8844069034037396e-10	nocladesub2	255-70-122-242
3177	3.173785875538219e-11	nocladesub10	255-26-209-210
3178	5.867315178409954e-15	nocladesub12	255-122-4-2
3179	0.0944082637845966	clade6sub19	255-254-152-44
3180	8.213898900992004e-16	nocladesub12	255-122-4-2
3181	0.0129602973141179	nocladesub2	255-70-122-242
3182	2.1023729124590485e-05	nocladesub22	255-101-252-104
3183	0.0044846040505135	clade6sub19	255-254-152-44
3184	4.29042068203395e-05	nocladesub22	255-101-252-104
3185	2.220165748224161e-06	nocladesub2	255-70-122-242
3186	0.0005368403705355	nocladesub22	255-101-252-104
3187	0.6500876129860605	nocladesub12	255-122-4-2
3188	0.7678861586370533	nocladesub20	255-212-231-53
3189	1.0313239387231883e-09	nocladesub10	255-26-209-210
3190	0.1013539532587701	nocladesub10	255-26-209-210
3191	0.7761049947663519	nocladesub12	255-122-4-2
3192	0.0001068459729454	nocladesub2	255-70-122-242
3193	0.0715335084126245	nocladesub12	255-122-4-2
3194	2.7236265951395756e-08	nocladesub2	255-70-122-242
3195	0.0001952056530429	nocladesub22	255-101-252-104
3196	0.0001952056530429	nocladesub22	255-101-252-104
3197	0.0006090391993395	nocladesub12	255-122-4-2
3198	0.0005866352705953	nocladesub22	255-101-252-104
3199	3.0226122906725824e-16	nocladesub12	255-122-4-2
3200	0.0018217349686109	nocladesub22	255-101-252-104
3201	0.0005802827241321	nocladesub22	255-101-252-104
3202	1.7098102435572586e-19	nocladesub12	255-122-4-2
3203	8.799177933774966e-20	nocladesub10	255-26-209-210
3204	9.416507738677061e-21	nocladesub12	255-122-4-2
3205	4.3752895407571877e-16	nocladesub10	255-26-209-210
3206	4.1842184202619443e-19	nocladesub12	255-122-4-2
3207	3.228581965663576e-17	nocladesub20	255-212-231-53
3208	1.1030013867418833e-18	nocladesub20	255-212-231-53
3209	7.879884698664237e-17	nocladesub12	255-122-4-2
3210	3.759596364169612e-15	nocladesub20	255-212-231-53
3211	3.708787138324161e-15	nocladesub20	255-212-231-53
3212	1.0856827450891023e-16	nocladesub22	255-101-252-104
3213	4.741900963497925e-18	nocladesub22	255-101-252-104
3214	2.0443349017836772e-14	nocladesub20	255-212-231-53
3215	8.395664821280745e-21	nocladesub12	255-122-4-2
3216	8.476855949832617e-17	nocladesub12	255-122-4-2
3217	3.950119171264048e-20	nocladesub22	255-101-252-104
3218	1.2775326429655234e-20	nocladesub10	255-26-209-210
3219	2.829607443261893e-21	nocladesub10	255-26-209-210
3220	2.1444668209529186e-17	nocladesub2	255-70-122-242
3221	6.551830642984455e-20	nocladesub22	255-101-252-104
3222	2.1831437395609523e-21	nocladesub10	255-26-209-210
3223	1.0269789809613308e-09	nocladesub2	255-70-122-242
3224	1.4709614727197957e-22	nocladesub10	255-26-209-210
3225	1.946845730435343e-11	nocladesub2	255-70-122-242
3226	6.966609409614273e-23	nocladesub10	255-26-209-210
3227	6.285697516304285e-09	nocladesub2	255-70-122-242
3228	9.320908831349731e-25	nocladesub10	255-26-209-210
3229	7.073170998279492e-18	nocladesub10	255-26-209-210
3230	1.2327670484734476e-05	nocladesub12	255-122-4-2
3231	3.183658641422405e-07	nocladesub2	255-70-122-242
3232	8.769144976901712e-08	nocladesub2	255-70-122-242
3233	2.3929634595354073e-16	nocladesub2	255-70-122-242
3234	1.1727675557162251e-14	nocladesub2	255-70-122-242
3235	1.7682301661230786e-05	nocladesub26	255-217-56-6
3236	1.4913765238015274e-08	nocladesub2	255-70-122-242
3237	3.740947825974054e-09	nocladesub12	255-122-4-2
3238	1.8772761832258294e-12	nocladesub20	255-212-231-53
3239	0.0049139632515107	clade6sub19	255-254-152-44
3240	1.180338901699513e-13	nocladesub20	255-212-231-53
3241	7.057244381866908e-17	nocladesub12	255-122-4-2
3242	8.227971081218062e-09	nocladesub20	255-212-231-53
3243	2.252878256988281e-07	nocladesub12	255-122-4-2
3244	6.732873112282004e-05	nocladesub22	255-101-252-104
3246	0.0029648034492914	nocladesub10	255-26-209-210
3247	0.5410989135067537	nocladesub12	255-122-4-2
3248	0.9606217353614802	nocladesub26	255-217-56-6
3249	0.99582074876559	nocladesub10	255-26-209-210
3250	0.9681879918907178	nocladesub26	255-217-56-6
3251	0.7679753067469548	nocladesub10	255-26-209-210
3252	0.630331563148037	nocladesub10	255-26-209-210
3253	0.7983163361475734	nocladesub10	255-26-209-210
3254	0.9987781566671856	nocladesub10	255-26-209-210
3255	0.9314214566600668	nocladesub10	255-26-209-210
3256	0.980213525998343	nocladesub10	255-26-209-210
3257	0.1026945194146957	nocladesub12	255-122-4-2
3258	0.9805937204025424	nocladesub10	255-26-209-210
3259	0.1208419333887938	nocladesub12	255-122-4-2
3260	0.363480623964587	nocladesub12	255-122-4-2
3261	0.5251826439672727	nocladesub10	255-26-209-210
3262	0.000122627143972	nocladesub2	255-70-122-242
3263	6.3644090191374725e-16	nocladesub20	255-212-231-53
3264	2.4502424975130494e-15	nocladesub20	255-212-231-53
3265	4.515218406793311e-15	nocladesub20	255-212-231-53
3266	1.643211190506963e-17	nocladesub12	255-122-4-2
3267	1.927093092889133e-15	nocladesub20	255-212-231-53
3268	2.8222933204318715e-15	nocladesub22	255-101-252-104
3269	2.915589303381525e-15	nocladesub10	255-26-209-210
3270	6.0675247049593974e-18	nocladesub20	255-212-231-53
3271	2.9007739117324243e-19	nocladesub12	255-122-4-2
3272	9.278622614546296e-16	nocladesub20	255-212-231-53
3273	9.430870841945849e-18	nocladesub12	255-122-4-2
3274	4.104419102104969e-22	nocladesub20	255-212-231-53
3275	1.753907924305205e-18	nocladesub12	255-122-4-2
3276	5.734423674223454e-19	nocladesub12	255-122-4-2
3277	1.2818016230743853e-12	nocladesub2	255-70-122-242
3278	4.6958289963370223e-14	nocladesub12	255-122-4-2
3279	7.468666828947445e-13	nocladesub10	255-26-209-210
3280	1.9642814476271158e-17	nocladesub2	255-70-122-242
3281	8.974596040591345e-16	nocladesub12	255-122-4-2
3282	1.2925033342075786e-15	nocladesub2	255-70-122-242
3283	0.0088007904191641	nocladesub2	255-70-122-242
3284	0.0005684739867254	nocladesub2	255-70-122-242
3285	0.9382129329894372	nocladesub12	255-122-4-2
3286	1.996577309944524e-11	nocladesub12	255-122-4-2
3287	4.486462178833056e-12	nocladesub12	255-122-4-2
3288	8.00897773605253e-12	nocladesub12	255-122-4-2
3289	2.8577728828940322e-15	nocladesub12	255-122-4-2
3290	3.664557964585031e-09	nocladesub22	255-101-252-104
3291	3.769149078220324e-05	nocladesub10	255-26-209-210
3292	2.0723766952237647e-10	nocladesub20	255-212-231-53
3293	0.0008977723722085	nocladesub10	255-26-209-210
3294	4.4363718030383783e-16	nocladesub2	255-70-122-242
3295	6.0766584840480265e-05	nocladesub20	255-212-231-53
3296	1.382255124992414e-07	nocladesub20	255-212-231-53
3297	3.094468961681753e-09	nocladesub10	255-26-209-210
3298	0.2527268343866246	nocladesub10	255-26-209-210
3299	0.0427269955167573	nocladesub12	255-122-4-2
3300	6.283363132919036e-06	nocladesub10	255-26-209-210
3301	0.0311939583783213	nocladesub12	255-122-4-2
3302	2.750381885811991e-10	nocladesub2	255-70-122-242
3303	0.0015058214237529	nocladesub2	255-70-122-242
3304	0.0001714433130093	nocladesub22	255-101-252-104
3305	0.3887111116170146	nocladesub10	255-26-209-210
3306	0.0022329817198438	nocladesub22	255-101-252-104
3307	0.0131667639984288	nocladesub10	255-26-209-210
3308	0.0424414641315172	nocladesub10	255-26-209-210
3309	0.000626732293681	nocladesub2	255-70-122-242
3310	3.074132729640098e-07	nocladesub10	255-26-209-210
3311	0.8129061513528992	nocladesub10	255-26-209-210
3312	0.0003157387108547	nocladesub12	255-122-4-2
3313	7.877557690895183e-12	nocladesub20	255-212-231-53
3314	2.452707752134406e-12	nocladesub20	255-212-231-53
3315	2.3489977568426912e-14	nocladesub20	255-212-231-53
3316	1.9587975363968903e-15	nocladesub12	255-122-4-2
3317	1.54395136226647e-17	nocladesub10	255-26-209-210
3318	4.869875978839509e-16	nocladesub20	255-212-231-53
3319	9.447882311693992e-20	nocladesub12	255-122-4-2
3320	1.801820776007177e-15	nocladesub12	255-122-4-2
3321	8.387630193272605e-18	nocladesub20	255-212-231-53
3322	4.063735769472175e-18	nocladesub2	255-70-122-242
3323	2.1853146090743948e-15	nocladesub2	255-70-122-242
3324	1.6201242852381597e-15	nocladesub10	255-26-209-210
3325	2.1680329887485828e-12	nocladesub12	255-122-4-2
3326	2.162814013640492e-17	nocladesub2	255-70-122-242
3327	2.0067828523685132e-18	nocladesub12	255-122-4-2
3328	3.2443323828330973e-10	nocladesub12	255-122-4-2
3329	1.622221480820625e-07	nocladesub20	255-212-231-53
3330	6.425298809081814e-07	nocladesub2	255-70-122-242
3331	3.701237715468564e-12	nocladesub12	255-122-4-2
3332	1.939799269744676e-14	nocladesub12	255-122-4-2
3333	1.891738884058354e-11	nocladesub2	255-70-122-242
3334	1.0465221540409762e-06	nocladesub12	255-122-4-2
3335	3.945986278700309e-06	nocladesub20	255-212-231-53
3336	6.85171954031898e-14	nocladesub12	255-122-4-2
3337	1.5104727101710804e-22	nocladesub2	255-70-122-242
3338	9.724550589685337e-19	nocladesub12	255-122-4-2
3339	2.6258537418763085e-05	clade6sub19	255-254-152-44
3340	2.7336862450075257e-15	nocladesub2	255-70-122-242
3341	5.3011465595519775e-09	nocladesub2	255-70-122-242
3342	2.1025385891152128e-17	nocladesub2	255-70-122-242
3343	1.0710658829695839e-07	nocladesub2	255-70-122-242
3344	0.0001539476607321	nocladesub12	255-122-4-2
3345	1.5039179588196642e-16	nocladesub12	255-122-4-2
3346	7.200829710367522e-15	nocladesub20	255-212-231-53
3347	6.237837102809095e-17	nocladesub20	255-212-231-53
3348	1.0150422430983469e-21	nocladesub12	255-122-4-2
3349	2.0050978682015842e-20	nocladesub12	255-122-4-2
3350	1.0233704585363464e-17	nocladesub12	255-122-4-2
3351	8.840825268653919e-17	nocladesub20	255-212-231-53
3352	1.0294505923815813e-21	nocladesub20	255-212-231-53
3353	1.045085034712413e-18	nocladesub20	255-212-231-53
3354	1.3367794477308444e-18	nocladesub12	255-122-4-2
3355	1.5255324743741392e-22	nocladesub20	255-212-231-53
3356	6.23468155047899e-15	nocladesub20	255-212-231-53
3357	2.8906809425544875e-17	nocladesub20	255-212-231-53
3358	1.382355529326042e-18	nocladesub20	255-212-231-53
3359	1.0953062692527416e-19	nocladesub20	255-212-231-53
3360	2.056990005545886e-21	nocladesub20	255-212-231-53
3361	7.562611374910405e-15	nocladesub20	255-212-231-53
3362	3.890178766398047e-21	nocladesub10	255-26-209-210
3363	1.3054239496720324e-17	nocladesub20	255-212-231-53
3364	1.8519135599998716e-16	nocladesub20	255-212-231-53
3365	2.309202948327835e-13	nocladesub20	255-212-231-53
3366	2.0375569663777523e-06	nocladesub22	255-101-252-104
3367	4.929610190957418e-12	nocladesub12	255-122-4-2
3368	1.1181431860623086e-16	nocladesub10	255-26-209-210
3369	3.972603409406546e-13	nocladesub20	255-212-231-53
3370	6.515894101757828e-13	nocladesub20	255-212-231-53
3371	6.565908008180609e-18	nocladesub20	255-212-231-53
3372	2.3236017850842826e-18	nocladesub20	255-212-231-53
3373	1.0390012977307438e-17	nocladesub20	255-212-231-53
3374	4.241131656461054e-16	nocladesub2	255-70-122-242
3375	1.2628080658985183e-10	nocladesub10	255-26-209-210
3376	2.0123376009725248e-11	nocladesub12	255-122-4-2
3377	6.35947640041843e-14	nocladesub20	255-212-231-53
3378	2.9995742199940737e-15	nocladesub12	255-122-4-2
3379	2.4398151570710385e-11	nocladesub12	255-122-4-2
3380	2.431685244061312e-13	nocladesub10	255-26-209-210
3381	8.043065996598153e-11	nocladesub12	255-122-4-2
3382	2.946792969270022e-15	nocladesub10	255-26-209-210
3383	6.230307069465605e-11	nocladesub20	255-212-231-53
3384	5.4965795320141564e-14	nocladesub12	255-122-4-2
3385	2.1248751072531985e-11	nocladesub2	255-70-122-242
3386	1.0386051979520176e-06	nocladesub2	255-70-122-242
3387	2.035199666970463e-09	clade6sub19	255-254-152-44
3388	5.628403774265836e-18	nocladesub10	255-26-209-210
3389	7.821152150408695e-07	nocladesub2	255-70-122-242
3390	8.7698516283146e-09	nocladesub2	255-70-122-242
3391	1.905191864874673e-08	nocladesub12	255-122-4-2
3392	5.554162316774845e-10	nocladesub20	255-212-231-53
3393	4.2101089163283445e-07	nocladesub12	255-122-4-2
3394	0.0006104892779793	nocladesub26	255-217-56-6
3395	0.0002596391196036	nocladesub2	255-70-122-242
3396	5.334563762536109e-19	nocladesub20	255-212-231-53
3397	2.515180635133602e-20	nocladesub2	255-70-122-242
3398	0.0388569171071068	nocladesub2	255-70-122-242
3399	2.4297848493588794e-06	nocladesub2	255-70-122-242
3400	1.5521380074836911e-19	nocladesub20	255-212-231-53
3401	1.1360719105999635e-20	nocladesub10	255-26-209-210
3402	1.1356287804899785e-12	nocladesub2	255-70-122-242
3403	3.3881134696850644e-14	nocladesub2	255-70-122-242
3404	2.408370889439573e-21	nocladesub2	255-70-122-242
3405	3.1694575327162013e-19	nocladesub10	255-26-209-210
3406	6.798630881576202e-11	nocladesub2	255-70-122-242
3407	6.509379553672361e-20	nocladesub2	255-70-122-242
3408	3.122399382945812e-07	nocladesub2	255-70-122-242
3409	4.6452136917071705e-24	nocladesub10	255-26-209-210
3410	1.60428629153783e-22	nocladesub10	255-26-209-210
3411	1.5080250726001664e-25	nocladesub10	255-26-209-210
3412	5.540459186651704e-13	nocladesub2	255-70-122-242
3413	9.989292595878303e-20	nocladesub12	255-122-4-2
3414	1.7568058790565306e-15	nocladesub10	255-26-209-210
3415	1.5762308979495844e-11	nocladesub2	255-70-122-242
3416	8.375047383634048e-20	nocladesub10	255-26-209-210
3417	0.067485321098139	clade6sub19	255-254-152-44
3418	1.521950970702432e-14	nocladesub20	255-212-231-53
3419	1.0742095315397528e-19	nocladesub12	255-122-4-2
3420	1.1256110264948524e-06	nocladesub2	255-70-122-242
3421	6.069000695637419e-16	nocladesub20	255-212-231-53
3422	8.60986581300874e-13	nocladesub20	255-212-231-53
3423	1.9839279744711013e-07	nocladesub2	255-70-122-242
3424	8.484676081157858e-11	nocladesub2	255-70-122-242
3425	4.162969202867258e-17	nocladesub12	255-122-4-2
3426	1.05258429109922e-09	nocladesub2	255-70-122-242
3427	1.1613515643441677e-07	nocladesub2	255-70-122-242
3428	0.0001299567985117	nocladesub2	255-70-122-242
3429	1.46093895578963e-06	nocladesub2	255-70-122-242
3430	0.0034873716377457	nocladesub2	255-70-122-242
3431	2.2802713432803385e-14	nocladesub20	255-212-231-53
3432	0.0138104379010819	nocladesub2	255-70-122-242
3433	1.005731406974852e-09	nocladesub20	255-212-231-53
3434	7.412314887655252e-16	nocladesub20	255-212-231-53
3435	6.621166616042524e-17	nocladesub20	255-212-231-53
3436	1.682903934160043e-08	nocladesub2	255-70-122-242
3437	7.137285639285789e-16	nocladesub2	255-70-122-242
3438	8.251088947212363e-09	nocladesub12	255-122-4-2
3439	1.3351047415977897e-15	nocladesub12	255-122-4-2
3440	7.134117757759657e-07	nocladesub12	255-122-4-2
3441	1.80498719407287e-09	nocladesub12	255-122-4-2
3442	0.0860064686076566	clade6sub19	255-254-152-44
3443	1.9705289846724884e-05	nocladesub2	255-70-122-242
3444	5.345795728606704e-06	nocladesub22	255-101-252-104
3445	3.0730100826631414e-12	nocladesub22	255-101-252-104
3446	0.001574596118363	nocladesub10	255-26-209-210
3447	2.4462168488094812e-09	nocladesub12	255-122-4-2
3448	1.8509856045357224e-12	nocladesub12	255-122-4-2
3449	2.673773209478873e-16	nocladesub12	255-122-4-2
3450	1.4349137275699572e-08	nocladesub20	255-212-231-53
3451	6.388033265276734e-13	nocladesub12	255-122-4-2
3452	0.001229659582006	nocladesub2	255-70-122-242
3453	6.607047986853647e-11	nocladesub22	255-101-252-104
3454	0.0001296792424089	nocladesub2	255-70-122-242
3455	2.8017262060516025e-05	nocladesub2	255-70-122-242
3456	5.222224863355066e-07	nocladesub2	255-70-122-242
3457	0.0004662060303833	nocladesub26	255-217-56-6
3458	0.0045040498055422	nocladesub2	255-70-122-242
3459	3.611975881589504e-10	nocladesub22	255-101-252-104
3460	8.458273760473673e-10	nocladesub12	255-122-4-2
3461	5.439025851368631e-11	nocladesub2	255-70-122-242
3462	3.201773843308199e-12	nocladesub2	255-70-122-242
3463	6.065914764916662e-11	nocladesub2	255-70-122-242
3464	7.613792348971653e-15	nocladesub12	255-122-4-2
3465	8.090123772844566e-18	nocladesub2	255-70-122-242
3466	1.3472489281618197e-18	nocladesub12	255-122-4-2
3467	3.446322191282973e-15	nocladesub2	255-70-122-242
3468	9.344997257450209e-16	nocladesub20	255-212-231-53
3469	3.850414491133201e-09	nocladesub20	255-212-231-53
3470	6.16563247731501e-18	nocladesub20	255-212-231-53
3471	2.247041134305692e-17	nocladesub2	255-70-122-242
3472	9.578905594089369e-11	nocladesub2	255-70-122-242
3473	9.307636776276531e-10	nocladesub12	255-122-4-2
3474	0.0119420164802631	nocladesub12	255-122-4-2
3475	0.0026864476358787	nocladesub26	255-217-56-6
3476	0.0113292496135272	nocladesub2	255-70-122-242
3477	0.1388695782814463	nocladesub2	255-70-122-242
3478	0.2494941028945348	nocladesub10	255-26-209-210
3479	0.0147920279410891	nocladesub26	255-217-56-6
3480	0.0909885019437362	clade6sub19	255-254-152-44
3481	2.8742841637837755e-05	nocladesub20	255-212-231-53
3482	0.0035975329348506	clade6sub19	255-254-152-44
3483	0.0007053898691678	nocladesub2	255-70-122-242
3484	0.0007908486148141	nocladesub22	255-101-252-104
3485	1.1613487522277191e-06	nocladesub2	255-70-122-242
3486	0.0002899111058899	nocladesub22	255-101-252-104
3487	0.702660486882358	nocladesub12	255-122-4-2
3488	0.9058488791901756	nocladesub10	255-26-209-210
3489	3.3080106990646236e-09	nocladesub12	255-122-4-2
3490	0.3030594488486947	nocladesub12	255-122-4-2
3491	0.0191801458742352	nocladesub10	255-26-209-210
3492	0.0036920627933531	nocladesub10	255-26-209-210
3493	6.347089664754827e-05	nocladesub20	255-212-231-53
3494	2.683330487640943e-08	nocladesub20	255-212-231-53
3495	0.0005492152122601	nocladesub12	255-122-4-2
3496	0.0042472467351972	nocladesub22	255-101-252-104
3497	1.3495132187169716e-10	nocladesub20	255-212-231-53
3498	3.834218312251702e-09	clade6sub19	255-254-152-44
3499	4.516496199432017e-16	clade6sub19	255-254-152-44
3500	3.3408949291202597e-12	nocladesub12	255-122-4-2
3501	4.99980196142579e-10	nocladesub20	255-212-231-53
3502	6.581126643605335e-11	nocladesub2	255-70-122-242
3503	1.91552409980902e-10	nocladesub12	255-122-4-2
3504	2.1005908537132006e-14	nocladesub12	255-122-4-2
3505	3.77920791955167e-20	nocladesub20	255-212-231-53
3506	8.561528714591191e-20	nocladesub20	255-212-231-53
3507	3.765407739570328e-20	nocladesub20	255-212-231-53
3508	6.668276095932655e-19	nocladesub10	255-26-209-210
3509	9.886618449749906e-16	nocladesub12	255-122-4-2
3510	3.866994832223794e-16	nocladesub20	255-212-231-53
3511	2.741976548598468e-14	nocladesub12	255-122-4-2
3512	8.468583324908877e-17	nocladesub20	255-212-231-53
3513	3.7501281360236e-15	nocladesub20	255-212-231-53
3514	1.203251947013541e-16	nocladesub10	255-26-209-210
3515	4.559288523743225e-22	nocladesub10	255-26-209-210
3516	1.3166459735095985e-21	nocladesub12	255-122-4-2
3517	3.506776680828914e-23	nocladesub12	255-122-4-2
3518	2.8719446884884553e-20	nocladesub12	255-122-4-2
3519	1.8461359723678155e-18	nocladesub2	255-70-122-242
3520	3.415438641967009e-17	nocladesub20	255-212-231-53
3521	4.470479549595655e-25	nocladesub2	255-70-122-242
3522	1.0579011555399144e-24	nocladesub12	255-122-4-2
3523	2.790745993913503e-22	nocladesub2	255-70-122-242
3524	5.606223571902064e-21	nocladesub10	255-26-209-210
3525	4.5492721469508975e-17	nocladesub2	255-70-122-242
3526	1.2627186983493297e-13	nocladesub2	255-70-122-242
3527	5.390219935146584e-09	nocladesub2	255-70-122-242
3528	0.0122962219332606	nocladesub2	255-70-122-242
3529	1.845907527444769e-13	nocladesub12	255-122-4-2
3530	2.1441635922758707e-15	nocladesub22	255-101-252-104
3531	1.1946334213159154e-14	nocladesub12	255-122-4-2
3532	0.0003545213910561	clade6sub19	255-254-152-44
3533	0.5540596340633899	nocladesub26	255-217-56-6
3534	0.9512629459700888	nocladesub10	255-26-209-210
3535	0.9243212898332616	nocladesub10	255-26-209-210
3536	0.99826588289197	nocladesub10	255-26-209-210
3537	0.997524892571126	nocladesub10	255-26-209-210
3538	0.9996304319900952	nocladesub10	255-26-209-210
3539	0.12232450363374	nocladesub10	255-26-209-210
3540	0.0036174333235928	nocladesub12	255-122-4-2
3541	0.9059124102690642	nocladesub10	255-26-209-210
3542	0.3949719620885376	nocladesub10	255-26-209-210
3543	0.020245392732628	nocladesub12	255-122-4-2
3544	1.4276734024347455e-05	nocladesub22	255-101-252-104
3545	0.0007429601874907	nocladesub22	255-101-252-104
3546	0.0107169007771524	nocladesub10	255-26-209-210
3547	5.517433011096792e-05	nocladesub22	255-101-252-104
3548	0.002324769404004	nocladesub10	255-26-209-210
3549	3.369806270039355e-06	nocladesub20	255-212-231-53
3550	0.000240054881578	nocladesub22	255-101-252-104
3551	1.9392623165978287e-11	nocladesub10	255-26-209-210
3552	0.000249588863832	nocladesub22	255-101-252-104
3553	0.0268126841855845	nocladesub10	255-26-209-210
3554	0.1411561747837239	nocladesub22	255-101-252-104
3555	2.7230662402821324e-06	nocladesub22	255-101-252-104
3556	0.0013178551557745	nocladesub10	255-26-209-210
3557	1.4457252268484097e-19	nocladesub20	255-212-231-53
3558	5.412538737794236e-05	nocladesub22	255-101-252-104
3559	1.1429160469035058e-05	nocladesub2	255-70-122-242
3560	1.0227803873577262e-17	nocladesub20	255-212-231-53
3561	9.292302135053154e-06	nocladesub22	255-101-252-104
3562	3.8705433525118456e-05	clade6sub19	255-254-152-44
3563	9.180419958788723e-17	nocladesub20	255-212-231-53
3564	1.263754176326641e-17	nocladesub20	255-212-231-53
3565	7.2256548257789265e-06	nocladesub22	255-101-252-104
3566	1.1896521901449377e-11	nocladesub10	255-26-209-210
3567	1.1585617934541382e-10	nocladesub22	255-101-252-104
3568	2.188072980990404e-15	nocladesub20	255-212-231-53
3569	5.076363798241631e-07	nocladesub22	255-101-252-104
3570	1.3989478930490222e-14	nocladesub20	255-212-231-53
3571	4.909521342480572e-14	nocladesub20	255-212-231-53
3572	1.801778990817421e-13	nocladesub22	255-101-252-104
3573	1.1092461928034696e-15	nocladesub20	255-212-231-53
3574	1.069222320960726e-09	nocladesub20	255-212-231-53
3575	5.372515511934834e-15	nocladesub2	255-70-122-242
3576	2.9181202569669503e-21	nocladesub12	255-122-4-2
3577	6.188375942671415e-11	nocladesub12	255-122-4-2
3578	1.5181764894416418e-07	nocladesub2	255-70-122-242
3579	8.175995990510426e-12	nocladesub22	255-101-252-104
3580	2.9834098361428005e-08	nocladesub2	255-70-122-242
3581	1.2384818502289556e-13	nocladesub12	255-122-4-2
3582	7.344571859293571e-07	nocladesub12	255-122-4-2
3583	1.1436854274172135e-05	nocladesub2	255-70-122-242
3584	3.774647638657337e-05	nocladesub2	255-70-122-242
3585	0.1086857734972272	nocladesub2	255-70-122-242
3586	0.0286185854126996	nocladesub2	255-70-122-242
3587	3.2060928995298108e-15	nocladesub12	255-122-4-2
3588	9.247553417402835e-10	nocladesub12	255-122-4-2
3589	0.0001914548455699	nocladesub12	255-122-4-2
3590	0.0034762229943359	nocladesub12	255-122-4-2
3591	2.1345223846063342e-10	nocladesub12	255-122-4-2
3592	1.3276672870579918e-11	nocladesub22	255-101-252-104
3593	8.298729942162645e-10	nocladesub22	255-101-252-104
3594	1.197700595477204e-05	nocladesub10	255-26-209-210
3595	0.0005021146969632	nocladesub2	255-70-122-242
3596	1.1710013964423705e-12	nocladesub12	255-122-4-2
3597	5.259966561858525e-15	nocladesub2	255-70-122-242
3598	1.4167935543554843e-09	nocladesub22	255-101-252-104
3599	5.224441536243506e-05	nocladesub2	255-70-122-242
3600	2.755212621069043e-07	nocladesub12	255-122-4-2
3601	6.545779048958289e-11	nocladesub10	255-26-209-210
3602	2.732642494818334e-10	nocladesub12	255-122-4-2
3603	1.1630442431436509e-08	nocladesub12	255-122-4-2
3604	6.489136938283258e-05	nocladesub12	255-122-4-2
3605	0.0003324112354053	nocladesub20	255-212-231-53
3606	1.453450377216938e-09	nocladesub22	255-101-252-104
3607	0.0002230962864758	nocladesub20	255-212-231-53
3608	5.5174156847799355e-09	nocladesub20	255-212-231-53
3609	0.0948680307266465	nocladesub12	255-122-4-2
3610	0.040692099957243	nocladesub12	255-122-4-2
3611	4.6559612980773565e-11	nocladesub22	255-101-252-104
3612	1.6454896726999488e-06	nocladesub20	255-212-231-53
3613	3.555229509673685e-08	nocladesub20	255-212-231-53
3614	0.0017204846382101	nocladesub12	255-122-4-2
3615	0.0075625505679451	nocladesub22	255-101-252-104
3616	6.823869908904583e-05	nocladesub2	255-70-122-242
3617	0.0005166801755941	nocladesub12	255-122-4-2
3618	1.1758545948610015e-09	nocladesub22	255-101-252-104
3619	0.0251986873949395	nocladesub10	255-26-209-210
3620	0.0130154870589592	nocladesub10	255-26-209-210
3621	0.0007041297648061	nocladesub22	255-101-252-104
3622	0.049386290877446	nocladesub10	255-26-209-210
3623	0.7526871897376958	nocladesub10	255-26-209-210
3624	0.0009362017293451	nocladesub22	255-101-252-104
3625	0.0186804067442812	nocladesub12	255-122-4-2
3626	0.081975834993533	nocladesub12	255-122-4-2
3627	0.0004675997734719	nocladesub22	255-101-252-104
3628	0.9977525037554524	nocladesub10	255-26-209-210
3629	0.0071286142293686	nocladesub22	255-101-252-104
3630	3.329472777426156e-06	nocladesub20	255-212-231-53
3631	0.0861258637781475	nocladesub10	255-26-209-210
3632	0.4105574348647869	nocladesub10	255-26-209-210
3633	0.0957481399852702	nocladesub22	255-101-252-104
3634	0.0170600088693792	nocladesub10	255-26-209-210
3635	1.6911713688020016e-06	nocladesub20	255-212-231-53
3636	0.0002635301628665	nocladesub12	255-122-4-2
3637	0.0001212737310144	nocladesub12	255-122-4-2
3638	4.455460658166934e-16	nocladesub20	255-212-231-53
3639	2.664217772073502e-13	nocladesub20	255-212-231-53
3640	5.818421456456388e-13	nocladesub20	255-212-231-53
3641	3.0850296424777797e-10	nocladesub22	255-101-252-104
3642	1.1562197296081356e-15	nocladesub20	255-212-231-53
3643	4.388188252773462e-15	nocladesub20	255-212-231-53
3644	2.9015916220336355e-17	nocladesub20	255-212-231-53
3645	2.286498383550306e-16	nocladesub20	255-212-231-53
3646	8.49815852195788e-18	nocladesub10	255-26-209-210
3647	1.8414819399480665e-14	nocladesub12	255-122-4-2
3648	6.856586674880987e-07	nocladesub2	255-70-122-242
3649	3.552501037285505e-18	nocladesub20	255-212-231-53
3650	5.86598054276291e-06	nocladesub2	255-70-122-242
3651	3.475048841844163e-18	nocladesub12	255-122-4-2
3652	6.978179204063546e-07	nocladesub12	255-122-4-2
3653	2.884345730874373e-16	nocladesub12	255-122-4-2
3654	1.8074617348127016e-06	nocladesub2	255-70-122-242
3655	1.9111992416672305e-08	nocladesub2	255-70-122-242
3656	8.657733669353061e-11	nocladesub2	255-70-122-242
3657	2.849354325810007e-16	nocladesub12	255-122-4-2
3658	1.26995981254142e-21	nocladesub20	255-212-231-53
3659	2.5448707091560826e-12	nocladesub12	255-122-4-2
3660	4.902180175680867e-26	nocladesub22	255-101-252-104
3661	1.3243480675311253e-22	nocladesub2	255-70-122-242
3662	3.842494404955712e-16	nocladesub12	255-122-4-2
3663	4.313082802443527e-21	nocladesub2	255-70-122-242
3664	2.1993743540394382e-10	nocladesub20	255-212-231-53
3665	7.769169123661819e-22	nocladesub2	255-70-122-242
3666	5.35933898759642e-16	nocladesub2	255-70-122-242
3667	1.7639465334375686e-14	nocladesub12	255-122-4-2
3668	2.443980254258889e-15	nocladesub2	255-70-122-242
3669	3.3515613699773455e-17	nocladesub2	255-70-122-242
3670	0.0118489127207017	nocladesub26	255-217-56-6
3671	6.466381615730988e-17	nocladesub22	255-101-252-104
3672	1.7837879157656862e-14	nocladesub12	255-122-4-2
3673	5.243673822514594e-09	nocladesub2	255-70-122-242
3674	5.124254932706251e-10	nocladesub2	255-70-122-242
3675	8.73497667867573e-13	nocladesub2	255-70-122-242
3676	5.887214159615302e-14	nocladesub20	255-212-231-53
3677	7.877133423859947e-06	nocladesub10	255-26-209-210
3678	1.2693040505294103e-09	nocladesub12	255-122-4-2
3679	8.065580622881161e-10	nocladesub20	255-212-231-53
3680	3.081241308399906e-13	nocladesub20	255-212-231-53
3681	6.312877435518147e-19	nocladesub12	255-122-4-2
3682	2.80038013027524e-20	nocladesub20	255-212-231-53
3683	6.370584476143995e-16	nocladesub20	255-212-231-53
3684	9.038519279350391e-17	nocladesub20	255-212-231-53
3685	3.9821531998104557e-20	nocladesub20	255-212-231-53
3686	7.384237755906356e-19	nocladesub20	255-212-231-53
3687	8.314435370823721e-17	nocladesub20	255-212-231-53
3688	2.766642699914e-18	nocladesub20	255-212-231-53
3689	1.0778241230029057e-21	nocladesub10	255-26-209-210
3690	3.948051670172449e-21	nocladesub20	255-212-231-53
3691	4.2926269534212573e-16	nocladesub20	255-212-231-53
3692	8.289690764442021e-13	nocladesub20	255-212-231-53
3693	2.5456429621577046e-09	nocladesub20	255-212-231-53
3694	8.535042197090204e-19	nocladesub20	255-212-231-53
3695	0.0009546911385974	nocladesub22	255-101-252-104
3696	3.8254933503892215e-16	nocladesub20	255-212-231-53
3697	0.0019324328023208	nocladesub2	255-70-122-242
3698	0.0003282573920038	nocladesub2	255-70-122-242
3699	8.177859693212098e-05	nocladesub2	255-70-122-242
3700	0.0010940484260447	nocladesub22	255-101-252-104
3701	2.9182595915165767e-06	nocladesub2	255-70-122-242
3702	0.0101321246773589	nocladesub22	255-101-252-104
3703	0.0005973656039811	nocladesub10	255-26-209-210
3704	1.3458772756219872e-08	nocladesub22	255-101-252-104
3705	1.1196675134880151e-06	nocladesub2	255-70-122-242
3706	2.204072135628967e-09	nocladesub22	255-101-252-104
3707	2.146920340687173e-12	nocladesub20	255-212-231-53
3708	2.277099842694608e-17	nocladesub22	255-101-252-104
3709	1.6172537874295005e-17	nocladesub20	255-212-231-53
3710	4.897948628456643e-13	nocladesub20	255-212-231-53
3711	5.772183303775573e-16	nocladesub20	255-212-231-53
3712	8.598491749992825e-17	nocladesub20	255-212-231-53
3713	1.4790813410366008e-19	nocladesub10	255-26-209-210
3714	1.0095200531496113e-08	nocladesub10	255-26-209-210
3715	1.427036529382119e-13	nocladesub12	255-122-4-2
3716	3.0193587270952977e-14	nocladesub12	255-122-4-2
3717	1.155786039201568e-07	nocladesub22	255-101-252-104
3718	3.5710498257027965e-14	nocladesub12	255-122-4-2
3719	9.287842755352854e-16	nocladesub10	255-26-209-210
3720	7.058894084884204e-12	nocladesub22	255-101-252-104
3721	3.480058695681997e-14	nocladesub20	255-212-231-53
3722	9.716989317216177e-08	nocladesub12	255-122-4-2
3723	2.7655725133091303e-15	nocladesub20	255-212-231-53
3724	3.479851736152737e-13	nocladesub20	255-212-231-53
3725	3.0904394434568475e-14	nocladesub12	255-122-4-2
3726	1.3384492856158893e-13	nocladesub12	255-122-4-2
3727	1.307319777006637e-16	nocladesub22	255-101-252-104
3728	1.110205731947885e-15	nocladesub22	255-101-252-104
3729	4.234245345853086e-13	nocladesub12	255-122-4-2
3730	3.739931461908744e-06	nocladesub2	255-70-122-242
3731	0.3623312124506772	nocladesub2	255-70-122-242
3732	0.00037915474695	nocladesub10	255-26-209-210
3733	0.0051079832695676	nocladesub20	255-212-231-53
3734	0.0060279587982944	nocladesub10	255-26-209-210
3735	4.476759100278154e-05	nocladesub2	255-70-122-242
3736	1.8484411046014448e-06	nocladesub26	255-217-56-6
3737	3.526674151558022e-07	nocladesub2	255-70-122-242
3738	7.722879617370994e-14	nocladesub2	255-70-122-242
3739	1.093316576596306e-19	nocladesub22	255-101-252-104
3740	5.962110843647175e-15	nocladesub2	255-70-122-242
3741	1.6811453861599554e-08	nocladesub2	255-70-122-242
3742	3.973130878719106e-19	nocladesub10	255-26-209-210
3743	6.091971304424924e-19	nocladesub22	255-101-252-104
3744	1.1188756421500142e-08	nocladesub2	255-70-122-242
3745	2.0934374529846426e-23	nocladesub2	255-70-122-242
3746	1.482914041367614e-19	nocladesub10	255-26-209-210
3747	8.902710629634467e-23	nocladesub10	255-26-209-210
3748	2.9277126132105487e-22	nocladesub10	255-26-209-210
3749	2.765758888242757e-20	nocladesub10	255-26-209-210
3750	1.6668302860880016e-23	nocladesub10	255-26-209-210
3751	9.415880954856744e-09	nocladesub2	255-70-122-242
3752	1.243616038037706e-13	nocladesub20	255-212-231-53
3753	3.072311518579892e-15	nocladesub2	255-70-122-242
3754	3.246407086064462e-13	nocladesub20	255-212-231-53
3755	2.7193886206431687e-14	nocladesub10	255-26-209-210
3756	1.6768041734449974e-09	nocladesub2	255-70-122-242
3757	5.875343976445741e-15	nocladesub12	255-122-4-2
3758	3.57469101374205e-13	nocladesub2	255-70-122-242
3759	9.987299011644904e-13	nocladesub2	255-70-122-242
3760	1.3759897716404234e-09	nocladesub2	255-70-122-242
3761	1.2231094637890549e-12	nocladesub10	255-26-209-210
3762	5.361755305499365e-12	nocladesub2	255-70-122-242
3763	5.920318069848478e-06	nocladesub2	255-70-122-242
3764	0.0062419304124955	nocladesub2	255-70-122-242
3765	1.1396143118778484e-13	nocladesub20	255-212-231-53
3766	2.251378980885679e-07	clade6sub19	255-254-152-44
3767	3.343430199975537e-11	nocladesub20	255-212-231-53
3768	5.673670270908478e-07	nocladesub2	255-70-122-242
3769	1.1253404781497023e-08	nocladesub20	255-212-231-53
3770	6.902935409529959e-15	nocladesub20	255-212-231-53
3771	8.694472763973067e-18	nocladesub10	255-26-209-210
3772	1.6271000695450328e-20	nocladesub10	255-26-209-210
3773	8.448813990500472e-25	nocladesub20	255-212-231-53
3774	1.2930960932089568e-16	nocladesub20	255-212-231-53
3775	2.843833841443695e-09	nocladesub12	255-122-4-2
3776	4.062571206279445e-21	nocladesub20	255-212-231-53
3777	8.868308818537616e-21	nocladesub12	255-122-4-2
3778	1.0433484859248939e-11	nocladesub12	255-122-4-2
3779	1.8085741394537166e-09	nocladesub22	255-101-252-104
3780	1.6026106586008951e-10	nocladesub2	255-70-122-242
3781	0.1255577422356273	clade6sub19	255-254-152-44
3782	8.513737562982816e-06	nocladesub22	255-101-252-104
3783	4.777242880224124e-06	nocladesub22	255-101-252-104
3784	0.1216499797572342	clade6sub19	255-254-152-44
3785	4.596496768712589e-05	nocladesub2	255-70-122-242
3786	5.4209984198945766e-05	nocladesub2	255-70-122-242
3787	0.030345741329996	clade6sub19	255-254-152-44
3788	0.0008551175696739	nocladesub22	255-101-252-104
3789	0.0002165657857485	nocladesub22	255-101-252-104
3790	0.6441082453497097	clade6sub19	255-254-152-44
3791	1.1369312000650859e-11	nocladesub12	255-122-4-2
3792	5.362067932628442e-10	nocladesub22	255-101-252-104
3793	0.0006096091376178	nocladesub2	255-70-122-242
3794	0.0017136067187622	nocladesub2	255-70-122-242
3795	0.159234610298668	nocladesub2	255-70-122-242
3796	5.101436473402885e-09	nocladesub22	255-101-252-104
3797	1.252695465043394e-08	nocladesub22	255-101-252-104
3798	5.6708411540216405e-11	nocladesub2	255-70-122-242
3799	0.4290032886154463	nocladesub20	255-212-231-53
3800	1.2144482553468436e-08	nocladesub12	255-122-4-2
3801	2.868525708830036e-13	nocladesub22	255-101-252-104
3802	2.7153102986499832e-14	nocladesub12	255-122-4-2
3803	1.4235612378917096e-12	nocladesub22	255-101-252-104
3804	1.2127460559194113e-17	nocladesub2	255-70-122-242
3805	9.255194483968495e-11	nocladesub2	255-70-122-242
3806	2.279098826352067e-18	nocladesub12	255-122-4-2
3807	9.752432259653461e-08	nocladesub20	255-212-231-53
3808	4.146047545588025e-23	nocladesub12	255-122-4-2
3809	2.2672043666291928e-21	nocladesub12	255-122-4-2
3810	1.0976210862203062e-19	nocladesub2	255-70-122-242
3811	1.7817084434921428e-17	nocladesub12	255-122-4-2
3812	5.294505159378087e-18	nocladesub2	255-70-122-242
3813	7.906412772164622e-15	nocladesub2	255-70-122-242
3814	6.862456411592444e-11	nocladesub12	255-122-4-2
3815	1.4589680649604e-14	nocladesub2	255-70-122-242
3816	1.1798181806687292e-10	nocladesub20	255-212-231-53
3817	0.0099549724065494	nocladesub2	255-70-122-242
3818	0.0003099630804939	nocladesub2	255-70-122-242
3819	6.047510943441895e-08	nocladesub2	255-70-122-242
3820	0.6998732815140651	nocladesub2	255-70-122-242
3821	0.0063113358960499	nocladesub2	255-70-122-242
3822	0.0409600809843663	clade6sub19	255-254-152-44
3823	8.104056173804424e-06	nocladesub22	255-101-252-104
3824	2.4429937240273905e-05	nocladesub2	255-70-122-242
3825	0.0035181905204302	clade6sub19	255-254-152-44
3826	1.9607109956810117e-05	clade6sub19	255-254-152-44
3827	0.0002207537015184	nocladesub22	255-101-252-104
3828	0.7859688327434652	nocladesub20	255-212-231-53
3829	8.969944337338422e-06	nocladesub22	255-101-252-104
3830	0.0197971478455886	nocladesub10	255-26-209-210
3831	0.981659025952848	nocladesub12	255-122-4-2
3832	0.7025404480765867	nocladesub10	255-26-209-210
3833	0.0014011817078998	nocladesub10	255-26-209-210
3834	0.0087195234528114	nocladesub2	255-70-122-242
3835	0.3422616726771967	nocladesub10	255-26-209-210
3836	0.9986503000884438	nocladesub10	255-26-209-210
3837	0.4252738482281666	nocladesub12	255-122-4-2
3838	0.484134458455017	nocladesub10	255-26-209-210
3839	0.0031370305536007	nocladesub12	255-122-4-2
3840	0.051128712374615	nocladesub10	255-26-209-210
3841	0.0001376594835385	nocladesub10	255-26-209-210
3842	0.1545122395504325	nocladesub22	255-101-252-104
3843	0.1958427840165421	nocladesub10	255-26-209-210
3844	0.0001378963006056	nocladesub10	255-26-209-210
3845	0.0034963477546434	nocladesub10	255-26-209-210
3846	0.0063914934276073	nocladesub12	255-122-4-2
3847	0.0001053685927085	nocladesub22	255-101-252-104
3848	0.00027578984164	nocladesub10	255-26-209-210
3849	1.7125803894781678e-07	nocladesub12	255-122-4-2
3850	1.517075979036128e-09	nocladesub20	255-212-231-53
3851	0.0004163011395038	nocladesub22	255-101-252-104
3852	0.0087401140439982	nocladesub12	255-122-4-2
3853	1.533118002432588e-05	nocladesub12	255-122-4-2
3854	3.0957834871718644e-13	nocladesub12	255-122-4-2
3855	0.0001132254385759	nocladesub22	255-101-252-104
3856	4.922715585675199e-09	nocladesub20	255-212-231-53
3857	2.033797580072293e-13	nocladesub20	255-212-231-53
3858	1.5091172154512921e-12	nocladesub12	255-122-4-2
3859	1.9194032791414143e-14	nocladesub12	255-122-4-2
3860	4.094416197597628e-10	nocladesub22	255-101-252-104
3861	1.9553007869636045e-15	nocladesub12	255-122-4-2
3862	1.2796897889435409e-17	nocladesub12	255-122-4-2
3863	2.64905588764745e-11	nocladesub2	255-70-122-242
3864	3.257568596484732e-09	nocladesub12	255-122-4-2
3865	1.2243370580662727e-06	nocladesub22	255-101-252-104
3866	3.088107023240468e-13	nocladesub12	255-122-4-2
3867	1.842737390994555e-20	nocladesub20	255-212-231-53
3868	7.407694170389224e-09	nocladesub2	255-70-122-242
3869	2.285427981441382e-16	nocladesub20	255-212-231-53
3870	1.7074052788943063e-09	nocladesub10	255-26-209-210
3871	1.9556530051741908e-14	nocladesub20	255-212-231-53
3872	4.661940063053365e-18	nocladesub20	255-212-231-53
3873	3.066510213359596e-15	nocladesub20	255-212-231-53
3874	2.3575323734161304e-19	nocladesub20	255-212-231-53
3875	1.3128422945726948e-13	nocladesub2	255-70-122-242
3876	8.12499697306915e-05	nocladesub2	255-70-122-242
3877	2.391114365334084e-15	nocladesub20	255-212-231-53
3878	2.314122167013964e-14	nocladesub20	255-212-231-53
3879	3.116584100134226e-05	nocladesub10	255-26-209-210
3880	1.5779585864048025e-17	nocladesub20	255-212-231-53
3881	2.058689068304657e-19	nocladesub22	255-101-252-104
3882	1.6424097036299092e-14	nocladesub20	255-212-231-53
3883	2.5274576727842217e-17	nocladesub20	255-212-231-53
3884	1.8608171753124852e-10	nocladesub2	255-70-122-242
3885	7.060273108453461e-25	nocladesub2	255-70-122-242
3886	4.148681362032922e-12	nocladesub20	255-212-231-53
3887	0.0001563450912244	nocladesub2	255-70-122-242
3888	1.1013319467346e-18	nocladesub12	255-122-4-2
3889	2.540747194325232e-15	nocladesub20	255-212-231-53
3890	1.0707391619977946e-18	nocladesub2	255-70-122-242
3891	3.934362065335687e-12	nocladesub2	255-70-122-242
3892	1.333070191350699e-09	nocladesub2	255-70-122-242
3893	6.108465627933685e-05	nocladesub2	255-70-122-242
3894	0.0074826594489274	nocladesub26	255-217-56-6
3895	0.0628660365995578	nocladesub26	255-217-56-6
3896	0.037303388761355	clade6sub19	255-254-152-44
3897	2.2775484536706427e-05	nocladesub22	255-101-252-104
3898	2.882927392935112e-07	nocladesub2	255-70-122-242
3899	0.004124829690924	clade6sub19	255-254-152-44
3900	0.0026023685154585	nocladesub10	255-26-209-210
3902	0.2772402502975165	nocladesub12	255-122-4-2
3903	0.0098355195881443	nocladesub12	255-122-4-2
3904	0.8463538540163078	nocladesub12	255-122-4-2
3905	0.5234178920223777	nocladesub10	255-26-209-210
3906	0.9191315700597128	nocladesub12	255-122-4-2
3907	0.4257102092493416	nocladesub10	255-26-209-210
3908	0.9997677664907528	nocladesub10	255-26-209-210
3909	0.9986096730895584	nocladesub10	255-26-209-210
3910	0.99997920665465	nocladesub10	255-26-209-210
3911	0.9939041581909626	nocladesub10	255-26-209-210
3912	0.8007648575027665	nocladesub10	255-26-209-210
3913	0.9991698821698568	nocladesub10	255-26-209-210
3914	0.0359465982567115	nocladesub10	255-26-209-210
3915	0.9421840424172612	nocladesub10	255-26-209-210
3916	0.7814057479766536	nocladesub10	255-26-209-210
3917	0.1849141098074093	nocladesub10	255-26-209-210
3918	0.0052116676618458	nocladesub10	255-26-209-210
3919	0.008886901056405	nocladesub10	255-26-209-210
3920	0.0002705466045195	nocladesub22	255-101-252-104
3921	4.212123141352447e-05	nocladesub22	255-101-252-104
3922	0.0237275858675239	nocladesub22	255-101-252-104
3923	0.0001544876770085	nocladesub22	255-101-252-104
3924	1.360607062150385e-16	nocladesub20	255-212-231-53
3925	2.480804963410369e-19	nocladesub12	255-122-4-2
3926	1.913860477006123e-18	nocladesub20	255-212-231-53
3927	8.267646389054989e-14	nocladesub2	255-70-122-242
3928	1.8097571721174058e-12	nocladesub2	255-70-122-242
3929	9.154402107401187e-12	nocladesub20	255-212-231-53
3930	1.556109002746813e-16	nocladesub12	255-122-4-2
3931	1.3089733400048403e-06	nocladesub10	255-26-209-210
3932	1.941981747922155e-08	nocladesub10	255-26-209-210
3933	8.064709324655791e-07	nocladesub10	255-26-209-210
3934	1.2113131565712034e-05	nocladesub20	255-212-231-53
3935	4.206227996894666e-15	nocladesub20	255-212-231-53
3936	5.460461615435617e-08	nocladesub22	255-101-252-104
3937	8.358128487680163e-17	nocladesub20	255-212-231-53
3938	2.128551848299318e-07	nocladesub22	255-101-252-104
3939	2.3512070362936798e-09	nocladesub22	255-101-252-104
3940	5.745983914140598e-17	nocladesub20	255-212-231-53
3941	1.581526870250953e-12	nocladesub20	255-212-231-53
3942	2.4245295572869182e-14	nocladesub20	255-212-231-53
3943	2.5808951036986078e-15	nocladesub12	255-122-4-2
3944	2.0157643071765592e-09	nocladesub22	255-101-252-104
3945	3.256343861466544e-13	nocladesub12	255-122-4-2
3946	1.265138502028161e-14	nocladesub12	255-122-4-2
3947	4.721218120631507e-09	nocladesub2	255-70-122-242
3948	3.565391935744648e-14	nocladesub2	255-70-122-242
3949	7.580562188575862e-11	nocladesub2	255-70-122-242
3950	3.4221272908861085e-14	nocladesub2	255-70-122-242
3951	6.646165182436309e-09	nocladesub2	255-70-122-242
3952	2.8216219194704463e-11	nocladesub2	255-70-122-242
3953	1.8888176563907629e-06	nocladesub2	255-70-122-242
3954	5.507056641794142e-07	nocladesub20	255-212-231-53
3955	0.6515695801504636	nocladesub2	255-70-122-242
3956	0.0008776774736765	nocladesub2	255-70-122-242
3957	2.3740448993757943e-08	nocladesub12	255-122-4-2
3958	0.5806446657019556	clade6sub19	255-254-152-44
3959	3.41014882071105e-08	nocladesub12	255-122-4-2
3960	0.0229881617329839	nocladesub10	255-26-209-210
3961	8.584820951515157e-06	nocladesub22	255-101-252-104
3962	7.584250486964609e-12	nocladesub22	255-101-252-104
3963	3.0127925656239055e-07	nocladesub22	255-101-252-104
3964	8.097073608220987e-05	nocladesub2	255-70-122-242
3965	0.0001752696947474	nocladesub2	255-70-122-242
3966	0.0002031099994281	nocladesub2	255-70-122-242
3967	1.7701668355740207e-05	nocladesub22	255-101-252-104
3968	0.0008460694411414	nocladesub2	255-70-122-242
3969	1.6798674436076688e-11	nocladesub12	255-122-4-2
3970	4.624799340078437e-11	nocladesub2	255-70-122-242
3971	0.0004100559809948	nocladesub2	255-70-122-242
3972	2.0569567658414343e-08	nocladesub10	255-26-209-210
3973	2.2249895654266168e-10	nocladesub12	255-122-4-2
3974	0.5730558819084927	nocladesub22	255-101-252-104
3975	0.0005004995237551	nocladesub22	255-101-252-104
3976	1.5784544605381004e-12	nocladesub12	255-122-4-2
3977	0.0548921825904845	nocladesub22	255-101-252-104
3978	1.3990669772122509e-05	nocladesub20	255-212-231-53
3979	2.237077158916528e-08	nocladesub20	255-212-231-53
3980	9.357614424025124e-05	nocladesub20	255-212-231-53
3981	1.4378382122904532e-05	nocladesub10	255-26-209-210
3982	0.0036174333235928	nocladesub12	255-122-4-2
3983	0.0001192948180147	nocladesub2	255-70-122-242
3984	0.0012183678999438	nocladesub22	255-101-252-104
3985	0.0088683024148017	nocladesub12	255-122-4-2
3986	0.0441114209256398	nocladesub10	255-26-209-210
3987	4.067211612986357e-16	nocladesub20	255-212-231-53
3988	0.18501619491311	nocladesub10	255-26-209-210
3989	0.00035649891463	nocladesub10	255-26-209-210
3990	0.000316766163415	nocladesub22	255-101-252-104
3991	0.0020994980787163	nocladesub22	255-101-252-104
3992	1.7852081219299738e-20	nocladesub12	255-122-4-2
3993	0.0006582795855429	nocladesub2	255-70-122-242
3994	0.0006632832925531	nocladesub22	255-101-252-104
3995	0.0002779617773	nocladesub22	255-101-252-104
3996	0.9962273454746268	nocladesub10	255-26-209-210
3997	1.3805581098762816e-13	nocladesub20	255-212-231-53
3998	1.0171875377910332e-05	nocladesub22	255-101-252-104
3999	6.860695888959607e-11	nocladesub20	255-212-231-53
4000	4.824362099858018e-06	nocladesub22	255-101-252-104
4001	0.8907468440437157	nocladesub2	255-70-122-242
4002	5.894707569404979e-19	nocladesub20	255-212-231-53
4003	0.6573947825098707	nocladesub2	255-70-122-242
4004	0.0014787224959768	nocladesub22	255-101-252-104
4005	4.090157739395501e-18	nocladesub20	255-212-231-53
4006	2.566711313474892e-18	nocladesub20	255-212-231-53
4007	5.805735199981574e-16	nocladesub20	255-212-231-53
4008	1.3978071954349113e-05	nocladesub20	255-212-231-53
4009	6.5096640081900864e-18	nocladesub20	255-212-231-53
4010	2.425314617492821e-17	nocladesub20	255-212-231-53
4011	9.495141102726456e-11	nocladesub20	255-212-231-53
4012	3.2115160788766513e-14	nocladesub10	255-26-209-210
4013	1.7359369493353264e-14	nocladesub20	255-212-231-53
4014	1.6403305547200694e-08	nocladesub20	255-212-231-53
4015	9.711639657118672e-16	nocladesub20	255-212-231-53
4016	1.7618045891517276e-18	nocladesub20	255-212-231-53
4017	3.542224053288786e-10	nocladesub22	255-101-252-104
4018	1.00888021387495e-13	nocladesub20	255-212-231-53
4019	1.4960964394431432e-20	nocladesub20	255-212-231-53
4020	6.512912598851164e-18	nocladesub20	255-212-231-53
4021	1.4968358805569026e-13	nocladesub20	255-212-231-53
4022	2.202274346022317e-17	nocladesub10	255-26-209-210
4023	1.7788316000627796e-12	nocladesub20	255-212-231-53
4024	3.613561456257829e-18	nocladesub20	255-212-231-53
4025	2.947899923116351e-10	nocladesub2	255-70-122-242
4026	6.3634829052370856e-21	nocladesub10	255-26-209-210
4027	1.8135713781430005e-17	nocladesub10	255-26-209-210
4028	6.455134712495685e-17	nocladesub20	255-212-231-53
4029	6.459390441008903e-11	nocladesub20	255-212-231-53
4030	6.554457417281919e-21	nocladesub20	255-212-231-53
4031	6.193637163758088e-11	nocladesub10	255-26-209-210
4032	3.177148776355672e-07	nocladesub2	255-70-122-242
4033	1.232175843961856e-10	nocladesub10	255-26-209-210
4034	1.4855022256049978e-19	nocladesub2	255-70-122-242
4035	8.429678270978485e-11	nocladesub2	255-70-122-242
4036	0.0013666603017932	nocladesub12	255-122-4-2
4037	8.700125584218917e-12	clade6sub19	255-254-152-44
4038	7.580349631366382e-09	nocladesub12	255-122-4-2
4039	2.482721498902316e-07	nocladesub20	255-212-231-53
4040	1.807585414155668e-05	nocladesub2	255-70-122-242
4041	4.008345602141201e-19	nocladesub20	255-212-231-53
4042	6.303264071535929e-21	nocladesub2	255-70-122-242
4043	7.9217138421463e-20	nocladesub12	255-122-4-2
4044	3.638911369289883e-09	nocladesub20	255-212-231-53
4045	1.9564008887430525e-19	nocladesub2	255-70-122-242
4046	9.853869674842763e-20	nocladesub12	255-122-4-2
4047	2.6860639517633398e-18	nocladesub12	255-122-4-2
4048	2.760567710820024e-17	nocladesub2	255-70-122-242
4049	2.511896529441673e-15	nocladesub2	255-70-122-242
4050	3.265712480181377e-14	nocladesub12	255-122-4-2
4051	5.832700708078447e-13	nocladesub2	255-70-122-242
4052	3.9879970730564716e-13	nocladesub2	255-70-122-242
4053	4.3180157542244832e-16	nocladesub12	255-122-4-2
4054	2.8619226610146945e-15	nocladesub2	255-70-122-242
4055	1.238472700312148e-08	nocladesub2	255-70-122-242
4056	3.604356605919736e-14	nocladesub22	255-101-252-104
4057	2.7954123997727853e-15	nocladesub12	255-122-4-2
4058	3.738834801667828e-15	nocladesub22	255-101-252-104
4059	3.73925409218309e-07	nocladesub22	255-101-252-104
4060	7.469429527684154e-09	nocladesub20	255-212-231-53
4061	0.0001024141241006	nocladesub22	255-101-252-104
4062	4.9779626272879155e-09	nocladesub20	255-212-231-53
4063	4.578717303768507e-18	nocladesub20	255-212-231-53
4064	7.078639277225832e-16	nocladesub20	255-212-231-53
4065	4.503121650190967e-16	nocladesub20	255-212-231-53
4066	3.0771327938383896e-15	nocladesub12	255-122-4-2
4067	3.653650052604093e-15	nocladesub20	255-212-231-53
4068	1.4789091997012365e-13	nocladesub20	255-212-231-53
4069	6.730668258284401e-17	nocladesub20	255-212-231-53
4070	3.010779320046639e-16	nocladesub20	255-212-231-53
4071	7.597526112921944e-17	nocladesub20	255-212-231-53
4072	4.914373171978321e-13	nocladesub20	255-212-231-53
4073	2.494852783252261e-13	nocladesub20	255-212-231-53
4074	0.0004880799823847	nocladesub22	255-101-252-104
4075	0.0001700154392645	nocladesub20	255-212-231-53
4076	2.0721726761223653e-12	nocladesub20	255-212-231-53
4077	7.758142785949408e-13	nocladesub20	255-212-231-53
4078	4.564073623275547e-11	nocladesub20	255-212-231-53
4079	2.6824671084442413e-10	nocladesub22	255-101-252-104
4080	3.4066871295779708e-12	nocladesub12	255-122-4-2
4081	1.1461140538628657e-05	nocladesub22	255-101-252-104
4082	4.589296100865352e-11	nocladesub2	255-70-122-242
4083	2.578254549182472e-11	nocladesub20	255-212-231-53
4084	7.985438993778194e-08	nocladesub12	255-122-4-2
4085	1.0336649009580577e-06	nocladesub10	255-26-209-210
4086	4.8382158612878645e-12	nocladesub12	255-122-4-2
4087	5.254831564174661e-07	nocladesub20	255-212-231-53
4088	1.3968757263403144e-19	nocladesub20	255-212-231-53
4089	8.821819970220152e-16	nocladesub20	255-212-231-53
4090	1.1605789146357932e-19	nocladesub10	255-26-209-210
4091	8.446258477674751e-14	nocladesub10	255-26-209-210
4092	7.911631680566756e-13	nocladesub12	255-122-4-2
4093	2.6878750863666547e-17	nocladesub22	255-101-252-104
4094	3.556024220586308e-16	nocladesub10	255-26-209-210
4095	1.2317613083688312e-14	nocladesub12	255-122-4-2
4096	1.953052522910207e-15	nocladesub22	255-101-252-104
4097	7.932242165293413e-18	nocladesub12	255-122-4-2
4098	1.3271900998859067e-17	nocladesub12	255-122-4-2
4099	1.0521108370514098e-19	nocladesub2	255-70-122-242
4100	6.958814238651567e-17	nocladesub10	255-26-209-210
4101	4.1381967422493883e-17	nocladesub10	255-26-209-210
4102	3.985801015024814e-15	nocladesub2	255-70-122-242
4103	2.549866906617088e-15	nocladesub22	255-101-252-104
4104	7.4074387857146e-15	nocladesub10	255-26-209-210
4105	1.2384648050857316e-10	nocladesub2	255-70-122-242
4106	0.000216783696801	nocladesub2	255-70-122-242
4107	0.6134123295829826	nocladesub2	255-70-122-242
4108	0.5503997418822812	nocladesub2	255-70-122-242
4109	0.0466717229716146	nocladesub2	255-70-122-242
4110	0.8107689240066599	nocladesub2	255-70-122-242
4111	0.4428339117374504	nocladesub2	255-70-122-242
4112	0.7308134525168972	nocladesub2	255-70-122-242
4113	0.0454283585919535	nocladesub2	255-70-122-242
4114	0.0296733977150512	nocladesub10	255-26-209-210
4115	0.0174158929527027	nocladesub10	255-26-209-210
4116	0.0066706046418172	nocladesub12	255-122-4-2
4117	5.187130592196775e-08	nocladesub20	255-212-231-53
4118	0.0043023120877551	nocladesub20	255-212-231-53
4119	0.0002439861624234	nocladesub2	255-70-122-242
4120	0.0004284266132665	nocladesub26	255-217-56-6
4121	2.350919120536597e-11	nocladesub20	255-212-231-53
4122	1.795476184236486e-13	nocladesub20	255-212-231-53
4123	4.6139258983419343e-14	nocladesub2	255-70-122-242
4124	8.57328763890193e-12	nocladesub20	255-212-231-53
4125	2.1871679130294854e-18	nocladesub2	255-70-122-242
4126	1.592295319214317e-05	nocladesub2	255-70-122-242
4127	4.100552582524512e-15	nocladesub2	255-70-122-242
4128	1.7999644017370017e-14	nocladesub20	255-212-231-53
4129	3.70349345978157e-18	nocladesub2	255-70-122-242
4130	0.000853556185608	nocladesub2	255-70-122-242
4131	1.297401897056618e-13	nocladesub20	255-212-231-53
4132	4.3645973792674544e-14	nocladesub20	255-212-231-53
4133	3.080105254497101e-09	nocladesub2	255-70-122-242
4134	0.1538496580291129	nocladesub2	255-70-122-242
4135	9.2957333472318e-17	nocladesub20	255-212-231-53
4136	0.0009385581418134	nocladesub2	255-70-122-242
4137	4.505181164137787e-11	nocladesub22	255-101-252-104
4138	1.723041198178043e-13	nocladesub12	255-122-4-2
4139	0.0005546657893147	nocladesub2	255-70-122-242
4140	0.0077290293176433	nocladesub2	255-70-122-242
4141	2.9317874881115613e-12	nocladesub2	255-70-122-242
4142	9.598646623714264e-15	nocladesub2	255-70-122-242
4143	2.16386957488266e-14	nocladesub20	255-212-231-53
4144	1.922086090489028e-13	nocladesub2	255-70-122-242
4145	3.308946853797011e-17	clade6sub19	255-254-152-44
4146	4.573151460793039e-25	nocladesub10	255-26-209-210
4147	8.426683585308898e-11	nocladesub2	255-70-122-242
4148	1.4793204924821394e-20	nocladesub10	255-26-209-210
4149	8.981644847712876e-22	nocladesub2	255-70-122-242
4150	2.53484143328632e-18	nocladesub10	255-26-209-210
4151	2.380593736972635e-15	nocladesub10	255-26-209-210
4152	4.482746503123037e-06	nocladesub2	255-70-122-242
4153	2.8898419167605966e-05	nocladesub22	255-101-252-104
4154	2.132008221318319e-05	clade6sub19	255-254-152-44
4155	2.2889061732017053e-12	nocladesub10	255-26-209-210
4156	0.0003453001812628	nocladesub2	255-70-122-242
4157	0.0001140229099155	nocladesub20	255-212-231-53
4158	0.0253205018813429	nocladesub12	255-122-4-2
4159	0.0002053588646476	nocladesub22	255-101-252-104
4160	0.0031989774800244	clade6sub19	255-254-152-44
4161	7.072998254488855e-08	nocladesub12	255-122-4-2
4162	1.7118357591359975e-24	nocladesub20	255-212-231-53
4163	4.5586335802633e-21	nocladesub22	255-101-252-104
4164	1.6722451619990088e-20	nocladesub12	255-122-4-2
4165	1.3757198021461126e-11	nocladesub2	255-70-122-242
4166	1.2044238943826807e-24	nocladesub2	255-70-122-242
4167	1.7384236735161164e-18	nocladesub12	255-122-4-2
4168	1.4795671496815817e-21	nocladesub2	255-70-122-242
4169	4.1643504230338766e-20	nocladesub12	255-122-4-2
4170	7.500328042227971e-18	nocladesub12	255-122-4-2
4171	7.096309859260035e-19	nocladesub12	255-122-4-2
4172	9.755422782567483e-17	nocladesub2	255-70-122-242
4173	0.0155206356152847	nocladesub10	255-26-209-210
4174	8.632145017368053e-06	nocladesub2	255-70-122-242
4175	1.3069843995432786e-16	nocladesub22	255-101-252-104
4176	0.0081373466383536	nocladesub2	255-70-122-242
4177	0.0298824756553455	nocladesub2	255-70-122-242
4178	6.864811976279099e-05	nocladesub12	255-122-4-2
4179	0.9617421843119964	nocladesub2	255-70-122-242
4180	7.1209635272377155e-09	nocladesub22	255-101-252-104
4181	3.8769193293198176e-17	nocladesub20	255-212-231-53
4182	5.0807147513380494e-12	nocladesub22	255-101-252-104
4183	3.93384606151142e-15	nocladesub2	255-70-122-242
4184	0.0011432854319389	nocladesub12	255-122-4-2
4185	0.0024030982382021	nocladesub22	255-101-252-104
4186	0.0071137601158646	nocladesub22	255-101-252-104
4187	7.482242424569546e-06	nocladesub22	255-101-252-104
4188	4.343063859021321e-05	nocladesub10	255-26-209-210
4189	0.0002568444715043	nocladesub10	255-26-209-210
4190	0.0004719841181997	nocladesub12	255-122-4-2
4191	1.6882404235042427e-06	nocladesub12	255-122-4-2
4192	0.0135687902455164	nocladesub2	255-70-122-242
4193	0.465504509136528	nocladesub10	255-26-209-210
4194	0.0004954550121265	nocladesub10	255-26-209-210
4195	0.0006939614724068	nocladesub22	255-101-252-104
4196	0.000951345258203	nocladesub10	255-26-209-210
4197	0.0002420097759831	nocladesub2	255-70-122-242
4198	0.0003439349136497	nocladesub22	255-101-252-104
4199	0.0086920023014784	nocladesub12	255-122-4-2
4200	0.0001968993305313	nocladesub22	255-101-252-104
4201	4.904363008191747e-09	nocladesub12	255-122-4-2
4202	0.0004174958904715	nocladesub12	255-122-4-2
4203	9.69685492652528e-06	clade6sub19	255-254-152-44
4204	0.0178662579078674	nocladesub22	255-101-252-104
4205	1.2725466401080026e-08	nocladesub20	255-212-231-53
4206	0.0002012404552352	clade6sub19	255-254-152-44
4207	4.6321818412706245e-10	nocladesub2	255-70-122-242
4208	9.517159846521243e-06	nocladesub22	255-101-252-104
4209	4.895572485235335e-06	nocladesub22	255-101-252-104
4210	2.3158101539747646e-05	nocladesub20	255-212-231-53
4211	2.550031504209577e-12	nocladesub2	255-70-122-242
4212	7.210548855504787e-15	nocladesub20	255-212-231-53
4213	3.437398019143905e-05	nocladesub22	255-101-252-104
4214	2.1295318376469132e-18	nocladesub12	255-122-4-2
4215	3.731868282862223e-13	nocladesub22	255-101-252-104
4216	6.664686290630793e-19	nocladesub20	255-212-231-53
4217	8.458962603672112e-14	nocladesub2	255-70-122-242
4218	8.522015609308682e-09	nocladesub22	255-101-252-104
4219	1.6567843513123574e-20	nocladesub12	255-122-4-2
4220	8.476147964595113e-17	nocladesub2	255-70-122-242
4221	9.349759534868973e-15	nocladesub12	255-122-4-2
4222	2.154362516022275e-13	nocladesub12	255-122-4-2
4223	1.8320501550831253e-17	nocladesub12	255-122-4-2
4224	2.9879321098351025e-12	nocladesub20	255-212-231-53
4225	1.6786729188942377e-13	nocladesub20	255-212-231-53
4226	2.4350267605915943e-14	nocladesub2	255-70-122-242
4227	6.212776079634792e-11	nocladesub20	255-212-231-53
4228	3.6362727844738414e-09	nocladesub12	255-122-4-2
4229	1.6717278043202404e-15	nocladesub2	255-70-122-242
4230	2.460382659482639e-07	nocladesub22	255-101-252-104
4231	6.1807165166781125e-09	nocladesub22	255-101-252-104
4232	3.4244411560382497e-15	nocladesub22	255-101-252-104
4233	2.2120808392146235e-11	nocladesub20	255-212-231-53
4234	6.263810604642626e-12	nocladesub20	255-212-231-53
4235	4.328495617686916e-12	nocladesub20	255-212-231-53
4236	2.006969884007024e-09	nocladesub20	255-212-231-53
4237	1.4743283581072789e-15	nocladesub20	255-212-231-53
4238	2.1243939717952e-05	clade6sub19	255-254-152-44
4239	1.329830367411809e-10	nocladesub20	255-212-231-53
4240	2.594985878953709e-14	nocladesub20	255-212-231-53
4241	4.342603301875074e-17	nocladesub20	255-212-231-53
4242	1.691521443032196e-17	nocladesub20	255-212-231-53
4243	2.9608046851735784e-08	nocladesub2	255-70-122-242
4244	9.527735296316772e-19	nocladesub2	255-70-122-242
4245	1.589940180747738e-11	nocladesub2	255-70-122-242
4246	1.0655246195952564e-18	nocladesub2	255-70-122-242
4247	1.5584042990616573e-15	nocladesub2	255-70-122-242
4248	0.0001429567409158	nocladesub2	255-70-122-242
4249	0.0019680096396786	nocladesub2	255-70-122-242
4250	0.0547339583312116	nocladesub2	255-70-122-242
4251	0.0119339771485951	nocladesub10	255-26-209-210
4252	0.0021094686102951	nocladesub2	255-70-122-242
4253	6.726893397700161e-05	nocladesub22	255-101-252-104
4254	0.0009702951447147	nocladesub22	255-101-252-104
4255	0.0032897927314304	nocladesub10	255-26-209-210
4256	9.720457019676854e-07	nocladesub2	255-70-122-242
4257	0.001310124891353	nocladesub10	255-26-209-210
4258	0.0018385697015281	nocladesub22	255-101-252-104
4259	0.0157513681134598	nocladesub22	255-101-252-104
4260	0.0002420097759831	nocladesub2	255-70-122-242
4261	0.0018326965836998	nocladesub10	255-26-209-210
4262	0.0299028799031504	nocladesub10	255-26-209-210
4263	0.0003940627611412	nocladesub10	255-26-209-210
4264	0.0007046804705795	nocladesub10	255-26-209-210
4265	0.9962014836492984	nocladesub10	255-26-209-210
4266	0.9765287254631774	nocladesub10	255-26-209-210
4267	0.003089404073924	nocladesub2	255-70-122-242
4268	0.7732805104730572	nocladesub2	255-70-122-242
4269	0.9959593294228366	nocladesub10	255-26-209-210
4270	0.9810291659999464	nocladesub10	255-26-209-210
4271	0.9694341040070316	nocladesub10	255-26-209-210
4272	0.974550879784846	nocladesub10	255-26-209-210
4273	0.7396429463145872	nocladesub10	255-26-209-210
4274	0.990871294210214	nocladesub10	255-26-209-210
4275	0.9344871924652544	nocladesub10	255-26-209-210
4276	0.0183738193099597	nocladesub10	255-26-209-210
4277	0.2441841483902486	nocladesub10	255-26-209-210
4278	4.0107746939961536e-05	nocladesub2	255-70-122-242
4279	0.9877793380036868	nocladesub10	255-26-209-210
4280	0.3945782675193544	nocladesub10	255-26-209-210
4281	0.0010602330870979	nocladesub10	255-26-209-210
4282	0.0281157318571011	nocladesub12	255-122-4-2
4283	0.0039697766850137	nocladesub2	255-70-122-242
4284	8.541212296347056e-05	nocladesub22	255-101-252-104
4285	0.2713342200609536	nocladesub10	255-26-209-210
4286	0.0003264559051465	nocladesub22	255-101-252-104
4287	1.2870175463793451e-08	nocladesub2	255-70-122-242
4288	8.559348777705428e-15	nocladesub12	255-122-4-2
4289	9.115341767732972e-06	nocladesub22	255-101-252-104
4290	8.761232562335093e-14	nocladesub20	255-212-231-53
4291	6.3253998459793135e-18	nocladesub20	255-212-231-53
4292	5.8984857330042164e-21	nocladesub10	255-26-209-210
4293	1.873053637069867e-18	nocladesub20	255-212-231-53
4294	4.3001996940425975e-05	nocladesub20	255-212-231-53
4295	1.7929641531631528e-10	nocladesub20	255-212-231-53
4296	2.3684962341825603e-08	nocladesub10	255-26-209-210
4297	7.851709745809007e-10	nocladesub10	255-26-209-210
4298	6.151310484526754e-09	nocladesub22	255-101-252-104
4299	1.442221080909208e-11	nocladesub10	255-26-209-210
4300	4.4127615274473564e-13	nocladesub20	255-212-231-53
4301	7.693776025635542e-09	nocladesub20	255-212-231-53
4302	3.415834023580874e-13	nocladesub12	255-122-4-2
4303	1.7010161514916779e-13	nocladesub20	255-212-231-53
4304	7.707034319222158e-16	nocladesub20	255-212-231-53
4305	3.333342398274844e-10	nocladesub20	255-212-231-53
4306	3.3912444833188565e-11	nocladesub22	255-101-252-104
4307	6.216379195623285e-16	nocladesub20	255-212-231-53
4308	1.9555174566050722e-13	nocladesub20	255-212-231-53
4309	7.084055118665915e-11	clade6sub19	255-254-152-44
4310	1.8108369938526522e-13	nocladesub20	255-212-231-53
4311	4.926867572151284e-12	clade6sub19	255-254-152-44
4312	3.044774506107346e-17	nocladesub20	255-212-231-53
4313	1.1950690840345844e-13	nocladesub10	255-26-209-210
4314	4.344402562582343e-18	nocladesub2	255-70-122-242
4315	1.182767859143614e-13	nocladesub2	255-70-122-242
4316	1.6662998750358526e-16	nocladesub2	255-70-122-242
4317	3.946733690124143e-13	nocladesub12	255-122-4-2
4318	1.4111827841856973e-07	nocladesub2	255-70-122-242
4319	0.0002297477837148	nocladesub2	255-70-122-242
4320	0.2589649098964662	nocladesub2	255-70-122-242
4322	0.0013984581310535	nocladesub20	255-212-231-53
4323	0.0004794008386828	nocladesub10	255-26-209-210
4324	0.0025751646798681	nocladesub22	255-101-252-104
4325	3.499841383064759e-05	nocladesub2	255-70-122-242
4326	1.3294757825407442e-10	nocladesub2	255-70-122-242
4327	1.1965900858311278e-10	nocladesub20	255-212-231-53
4328	4.395214093677299e-06	nocladesub12	255-122-4-2
4329	5.9992186012752846e-05	nocladesub22	255-101-252-104
4330	4.544883272865717e-06	nocladesub12	255-122-4-2
4331	2.011041795372488e-05	nocladesub22	255-101-252-104
4332	0.0003932689019515	nocladesub20	255-212-231-53
4333	0.0003423808585315	nocladesub22	255-101-252-104
4334	3.712035202950754e-07	nocladesub20	255-212-231-53
4335	3.954514074478909e-19	nocladesub12	255-122-4-2
4336	2.346155040460264e-19	nocladesub12	255-122-4-2
4337	1.361281501523947e-08	nocladesub12	255-122-4-2
4338	0.0011548874246428	nocladesub12	255-122-4-2
4339	0.0046782012187004	nocladesub10	255-26-209-210
4340	0.0095028165778741	nocladesub10	255-26-209-210
4341	0.0283896809724938	nocladesub10	255-26-209-210
4342	1.627951400594643e-17	nocladesub12	255-122-4-2
4343	0.0001764063934337	nocladesub2	255-70-122-242
4344	2.968181090071707e-05	nocladesub22	255-101-252-104
4345	3.9246827654301125e-16	nocladesub20	255-212-231-53
4346	0.1284460079837081	nocladesub10	255-26-209-210
4347	0.0012489079321827	nocladesub10	255-26-209-210
4348	0.0001923097529022	nocladesub22	255-101-252-104
4349	2.392942777604313e-19	nocladesub12	255-122-4-2
4350	0.00086048029087	nocladesub10	255-26-209-210
4351	0.0012324933980127	nocladesub2	255-70-122-242
4352	0.0516140767837293	nocladesub2	255-70-122-242
4353	0.0002861464511828	nocladesub22	255-101-252-104
4354	0.0839915930491164	nocladesub2	255-70-122-242
4355	0.377625566884428	nocladesub2	255-70-122-242
4356	0.959760788420954	nocladesub2	255-70-122-242
4357	0.3992364250025778	clade6sub19	255-254-152-44
4358	0.0002861464511828	nocladesub22	255-101-252-104
4359	3.1293831644136714e-14	clade6sub19	255-254-152-44
4360	8.76510809708223e-12	nocladesub20	255-212-231-53
4361	5.696147937343659e-14	nocladesub12	255-122-4-2
4362	2.935226488421525e-11	nocladesub20	255-212-231-53
4363	2.2053113142025384e-12	nocladesub12	255-122-4-2
4364	3.930136529611498e-11	nocladesub2	255-70-122-242
4365	8.277950014001832e-12	nocladesub22	255-101-252-104
4366	1.866437813328736e-10	nocladesub12	255-122-4-2
4367	2.3386722241391557e-15	nocladesub10	255-26-209-210
4368	2.8705457424423866e-08	nocladesub20	255-212-231-53
4369	2.9718734694174137e-16	nocladesub20	255-212-231-53
4370	2.8782292718438565e-08	nocladesub2	255-70-122-242
4371	1.3319956337538821e-17	nocladesub20	255-212-231-53
4372	5.3289609725740985e-21	nocladesub20	255-212-231-53
4373	7.242248381262627e-17	nocladesub20	255-212-231-53
4374	1.8081017273535375e-18	nocladesub20	255-212-231-53
4375	1.8199453408574948e-16	nocladesub20	255-212-231-53
4376	5.319852406559117e-15	nocladesub20	255-212-231-53
4377	3.2180028899642573e-19	nocladesub2	255-70-122-242
4378	6.194598949128813e-14	nocladesub2	255-70-122-242
4379	1.2813698423047422e-16	nocladesub2	255-70-122-242
4380	1.9441519694926012e-17	nocladesub2	255-70-122-242
4381	1.530575835173473e-09	nocladesub2	255-70-122-242
4382	1.99450746198388e-05	nocladesub2	255-70-122-242
4383	0.1688051882256738	clade6sub19	255-254-152-44
4384	0.0059421783436413	clade6sub19	255-254-152-44
4385	2.212950820946022e-19	nocladesub2	255-70-122-242
4386	8.2653043839753315e-25	nocladesub2	255-70-122-242
4387	8.771697292188704e-05	nocladesub22	255-101-252-104
4388	3.8531065287390754e-14	nocladesub2	255-70-122-242
4389	1.571236354130972e-14	nocladesub2	255-70-122-242
4390	1.1256141825994797e-13	nocladesub2	255-70-122-242
4391	5.372680118444723e-13	nocladesub2	255-70-122-242
4392	7.70168134875065e-12	nocladesub2	255-70-122-242
4393	6.036911360688137e-19	nocladesub20	255-212-231-53
4394	1.823343699603765e-08	nocladesub2	255-70-122-242
4395	4.299409040232472e-12	nocladesub20	255-212-231-53
4396	7.613916275479508e-16	nocladesub22	255-101-252-104
4397	1.5953371764578197e-08	nocladesub20	255-212-231-53
4398	1.6683695732267736e-06	nocladesub22	255-101-252-104
4399	1.0747831493904811e-16	nocladesub22	255-101-252-104
4400	1.412394166548477e-13	nocladesub22	255-101-252-104
4401	1.0840021421109931e-06	nocladesub22	255-101-252-104
4402	9.803027885245424e-11	nocladesub22	255-101-252-104
4403	9.08378897984137e-07	nocladesub22	255-101-252-104
4404	0.0035438178057393	nocladesub20	255-212-231-53
4405	3.550784218189333e-12	nocladesub20	255-212-231-53
4406	7.20049313808812e-14	nocladesub20	255-212-231-53
4407	2.3670800167367345e-17	nocladesub20	255-212-231-53
4408	8.654777346457793e-21	nocladesub20	255-212-231-53
4409	2.867488911046526e-13	nocladesub20	255-212-231-53
4410	1.614945700520845e-14	nocladesub2	255-70-122-242
4411	1.5999913160012113e-11	nocladesub20	255-212-231-53
4412	3.5194736220109864e-16	nocladesub20	255-212-231-53
4413	7.841377263123245e-18	nocladesub20	255-212-231-53
4414	2.3374603235141936e-16	nocladesub12	255-122-4-2
4415	3.1837808747134197e-16	nocladesub20	255-212-231-53
4416	4.892045184551658e-06	nocladesub20	255-212-231-53
4417	1.8144285276304144e-05	nocladesub20	255-212-231-53
4418	2.0249026382891352e-13	nocladesub20	255-212-231-53
4419	1.1797007378890726e-13	nocladesub2	255-70-122-242
4420	6.065138008341597e-16	nocladesub2	255-70-122-242
4421	6.148935815037158e-14	nocladesub20	255-212-231-53
4422	2.671449390736332e-11	nocladesub10	255-26-209-210
4423	9.460065544656078e-11	nocladesub20	255-212-231-53
4424	6.742736172375127e-11	nocladesub10	255-26-209-210
4425	7.463286625064337e-13	nocladesub12	255-122-4-2
4426	3.3895262698491878e-12	nocladesub22	255-101-252-104
4427	1.7704733583798254e-14	nocladesub22	255-101-252-104
4428	6.130467871027582e-13	nocladesub12	255-122-4-2
4429	9.478347027832472e-13	nocladesub12	255-122-4-2
4430	8.518629487642771e-17	nocladesub12	255-122-4-2
4431	3.9282073029112324e-18	nocladesub10	255-26-209-210
4432	8.407797746106245e-07	nocladesub2	255-70-122-242
4433	2.256686524793727e-18	nocladesub2	255-70-122-242
4434	2.5978865012887943e-09	nocladesub22	255-101-252-104
4435	6.639462234027588e-11	nocladesub12	255-122-4-2
4436	9.015145971859909e-14	nocladesub12	255-122-4-2
4437	1.9025197087956187e-13	nocladesub22	255-101-252-104
4438	8.826021268852836e-27	nocladesub20	255-212-231-53
4439	1.7418624525658577e-15	nocladesub12	255-122-4-2
4440	6.597081236599521e-16	nocladesub12	255-122-4-2
4441	1.1851779571217688e-18	nocladesub10	255-26-209-210
4442	2.4241855997481562e-17	nocladesub10	255-26-209-210
4443	3.999969590973002e-15	nocladesub10	255-26-209-210
4444	5.837477978534259e-13	nocladesub2	255-70-122-242
4445	3.357370018903796e-14	nocladesub2	255-70-122-242
4446	1.2642815795642989e-19	nocladesub22	255-101-252-104
4447	8.530953052978524e-13	nocladesub12	255-122-4-2
4448	7.315876557712912e-19	nocladesub2	255-70-122-242
4449	7.280690894651957e-14	nocladesub2	255-70-122-242
4450	2.683965437351346e-15	nocladesub2	255-70-122-242
4451	1.4356640245825658e-19	nocladesub22	255-101-252-104
4452	1.805058797881593e-20	nocladesub10	255-26-209-210
4453	1.1504265865505798e-14	nocladesub2	255-70-122-242
4454	3.998058790036157e-13	nocladesub12	255-122-4-2
4455	1.8574368845671085e-15	nocladesub20	255-212-231-53
4456	1.257261791420761e-12	nocladesub10	255-26-209-210
4457	1.614735205682318e-23	nocladesub12	255-122-4-2
4458	2.498968147757101e-09	nocladesub22	255-101-252-104
4459	4.29221166191534e-14	nocladesub10	255-26-209-210
4460	2.17919708365859e-10	nocladesub12	255-122-4-2
4461	5.106521965249493e-12	nocladesub10	255-26-209-210
4462	0.4586192618789145	nocladesub2	255-70-122-242
4463	0.000555930307986	nocladesub10	255-26-209-210
4464	2.5231787252955723e-05	nocladesub22	255-101-252-104
4465	0.0002722466423235	nocladesub2	255-70-122-242
4466	0.0064413125227147	nocladesub2	255-70-122-242
4467	0.023373688690692	nocladesub2	255-70-122-242
4468	7.383007467714827e-07	nocladesub20	255-212-231-53
4469	1.2033216968893398e-07	nocladesub20	255-212-231-53
4470	1.1154323761762551e-14	nocladesub20	255-212-231-53
4471	0.0022432018818218	nocladesub2	255-70-122-242
4472	2.532302642052676e-17	nocladesub2	255-70-122-242
4473	9.52985430346268e-13	nocladesub2	255-70-122-242
4474	1.7494271919006943e-16	nocladesub2	255-70-122-242
4475	3.810859495416703e-09	nocladesub2	255-70-122-242
4476	0.8412873088082871	nocladesub2	255-70-122-242
4477	0.0007584651495744	nocladesub2	255-70-122-242
4478	1.6164823077248385e-13	nocladesub2	255-70-122-242
4479	5.005170133439717e-16	nocladesub12	255-122-4-2
4480	5.383812078776519e-07	nocladesub2	255-70-122-242
4481	7.289436891427084e-06	nocladesub2	255-70-122-242
4482	3.093016949346025e-16	nocladesub20	255-212-231-53
4483	1.3734762872813391e-14	nocladesub12	255-122-4-2
4484	5.86665759848936e-20	nocladesub2	255-70-122-242
4485	4.2065412076454825e-22	nocladesub2	255-70-122-242
4486	1.2652744530687577e-12	nocladesub2	255-70-122-242
4487	1.4595878814461377e-18	nocladesub2	255-70-122-242
4488	2.8179706103909935e-18	nocladesub10	255-26-209-210
4489	8.938624790643675e-17	nocladesub2	255-70-122-242
4490	0.0001897697450731	nocladesub2	255-70-122-242
4491	5.192168282152833e-16	nocladesub20	255-212-231-53
4492	1.0879523438935687e-11	nocladesub20	255-212-231-53
4493	3.0046183992429784e-20	nocladesub20	255-212-231-53
4494	5.2529165613932705e-21	nocladesub22	255-101-252-104
4495	3.187501213387387e-17	nocladesub22	255-101-252-104
4496	9.54666872831589e-16	nocladesub20	255-212-231-53
4497	1.7516330850057833e-14	nocladesub22	255-101-252-104
4498	2.075183679201305e-14	nocladesub22	255-101-252-104
4499	7.214293229815723e-13	nocladesub20	255-212-231-53
4500	0.4657066065364021	nocladesub20	255-212-231-53
4501	1.1567669827439552e-08	nocladesub22	255-101-252-104
4502	3.497533822523227e-07	nocladesub22	255-101-252-104
4503	0.0452814793072656	clade6sub19	255-254-152-44
4504	5.123289706172474e-07	nocladesub10	255-26-209-210
4505	0.0004647037130799	nocladesub2	255-70-122-242
4506	4.1610104272703154e-11	nocladesub22	255-101-252-104
4507	0.0004647037130799	nocladesub2	255-70-122-242
4508	0.1490879654041342	nocladesub10	255-26-209-210
4509	1.1993356445968559e-14	nocladesub2	255-70-122-242
4510	1.7141484158962236e-08	nocladesub22	255-101-252-104
4511	3.147270299765763e-08	nocladesub2	255-70-122-242
4512	0.1183966458535571	clade6sub19	255-254-152-44
4513	1.0570426615108758e-17	nocladesub2	255-70-122-242
4514	2.0558078212792972e-09	nocladesub2	255-70-122-242
4515	6.765220679780871e-19	nocladesub2	255-70-122-242
4516	3.797449312348588e-14	nocladesub2	255-70-122-242
4517	4.594228227938769e-09	nocladesub2	255-70-122-242
4518	2.8839229985712944e-18	nocladesub12	255-122-4-2
4519	0.000431432076013	nocladesub2	255-70-122-242
4520	1.9826905716422462e-26	nocladesub20	255-212-231-53
4521	9.495788981954516e-23	nocladesub20	255-212-231-53
4522	2.9797179589303828e-21	nocladesub20	255-212-231-53
4523	9.04488840226282e-11	nocladesub20	255-212-231-53
4524	2.887591643844612e-18	nocladesub20	255-212-231-53
4525	1.3019360996772208e-17	nocladesub20	255-212-231-53
4526	2.461217262811192e-05	nocladesub20	255-212-231-53
4527	4.806809007114815e-16	nocladesub22	255-101-252-104
4528	8.172953729658062e-16	nocladesub22	255-101-252-104
4529	6.491899828064427e-16	nocladesub12	255-122-4-2
4530	5.286418503305967e-16	nocladesub20	255-212-231-53
4531	3.777834629679774e-05	nocladesub12	255-122-4-2
4532	1.1696069675523095e-05	nocladesub20	255-212-231-53
4533	0.9949580075849044	nocladesub2	255-70-122-242
4534	1.58111578979231e-05	nocladesub10	255-26-209-210
4535	0.0112381151159367	nocladesub12	255-122-4-2
4536	1.3431221214119411e-06	nocladesub20	255-212-231-53
4537	1.0157290867319177e-06	nocladesub20	255-212-231-53
4538	0.0002207537015184	nocladesub22	255-101-252-104
4539	1.9976424249797405e-05	nocladesub20	255-212-231-53
4540	9.92295911204607e-10	nocladesub20	255-212-231-53
4541	2.1426039535915358e-13	nocladesub22	255-101-252-104
4542	0.00202368295017	nocladesub2	255-70-122-242
4543	1.082309970351302e-05	nocladesub22	255-101-252-104
4544	1.3745705873302307e-14	nocladesub12	255-122-4-2
4545	8.500072118123517e-06	nocladesub10	255-26-209-210
4546	1.7590070705107407e-09	nocladesub2	255-70-122-242
4547	7.840817852020461e-15	nocladesub2	255-70-122-242
4548	3.843504413980765e-05	nocladesub10	255-26-209-210
4549	3.447972527831344e-15	nocladesub12	255-122-4-2
4550	2.9955359658983364e-17	nocladesub12	255-122-4-2
4551	9.640295123731662e-10	nocladesub22	255-101-252-104
4552	3.115730718588871e-16	nocladesub12	255-122-4-2
4553	1.6869434471769877e-13	nocladesub10	255-26-209-210
4554	2.0977445607219542e-20	nocladesub10	255-26-209-210
4555	0.0001417264070369	nocladesub2	255-70-122-242
4556	5.78104582713104e-05	nocladesub20	255-212-231-53
4557	2.581674457168519e-09	nocladesub12	255-122-4-2
4558	1.4526517481929259e-12	nocladesub10	255-26-209-210
4559	9.794046410871822e-11	nocladesub2	255-70-122-242
4560	0.0007382107324457	nocladesub22	255-101-252-104
4561	2.2644959485708732e-08	nocladesub2	255-70-122-242
4562	2.0330546525268404e-12	nocladesub12	255-122-4-2
4563	6.755712211206022e-10	nocladesub12	255-122-4-2
4564	1.3021510628433648e-13	nocladesub22	255-101-252-104
4565	4.705320372970542e-12	nocladesub22	255-101-252-104
4566	1.0874970016732605e-15	nocladesub20	255-212-231-53
4567	3.6827547606546094e-20	nocladesub12	255-122-4-2
4568	1.4852541035387001e-15	nocladesub22	255-101-252-104
4569	1.958880121137734e-12	nocladesub22	255-101-252-104
4570	6.943913323019306e-05	nocladesub22	255-101-252-104
4571	0.0359005773861336	nocladesub20	255-212-231-53
4572	0.0002578700787329	nocladesub22	255-101-252-104
4573	0.47298601817713	nocladesub10	255-26-209-210
4574	2.7933095899937293e-06	nocladesub12	255-122-4-2
4575	0.0040022415340944	nocladesub20	255-212-231-53
4576	0.2509811930304369	nocladesub10	255-26-209-210
4577	0.5075342328186802	nocladesub20	255-212-231-53
4578	0.0192356666864655	clade6sub19	255-254-152-44
4579	8.356791041390016e-12	nocladesub20	255-212-231-53
4580	9.614550803971922e-08	nocladesub22	255-101-252-104
4581	1.0795114972345472e-05	nocladesub2	255-70-122-242
4582	2.469603713004644e-12	nocladesub22	255-101-252-104
4583	2.487323339088492e-15	nocladesub22	255-101-252-104
4584	1.4637870184523957e-11	nocladesub10	255-26-209-210
4585	1.5290320744013678e-07	nocladesub20	255-212-231-53
4586	1.1730691972937964e-08	nocladesub22	255-101-252-104
4587	0.0006766273500443	nocladesub12	255-122-4-2
4588	4.582624077086222e-06	nocladesub10	255-26-209-210
4589	6.063987911268185e-07	nocladesub12	255-122-4-2
4590	0.9491199942519262	nocladesub2	255-70-122-242
4591	0.0039616060727381	nocladesub2	255-70-122-242
4592	6.627487711505651e-05	nocladesub22	255-101-252-104
4593	0.0239670631382029	nocladesub10	255-26-209-210
4594	0.3269697842537022	nocladesub10	255-26-209-210
4595	0.6960453443112918	nocladesub2	255-70-122-242
4596	0.4420392637092099	nocladesub10	255-26-209-210
4597	0.9658566454946552	nocladesub10	255-26-209-210
4598	0.0591206602564336	nocladesub2	255-70-122-242
4599	0.0278596295251796	nocladesub10	255-26-209-210
4600	0.0272077161956724	nocladesub10	255-26-209-210
4601	0.004253524976239	nocladesub12	255-122-4-2
4602	0.9989719266429145	nocladesub10	255-26-209-210
4603	0.0033085302139132	nocladesub10	255-26-209-210
4604	0.0063832302134022	nocladesub10	255-26-209-210
4605	0.0227882095025858	nocladesub10	255-26-209-210
4606	0.8022397399193352	nocladesub10	255-26-209-210
4607	0.3932170676276066	nocladesub10	255-26-209-210
4608	0.7720618656503602	nocladesub10	255-26-209-210
4609	0.0027671037752476	nocladesub2	255-70-122-242
4610	0.7180025096793929	nocladesub2	255-70-122-242
4611	0.5576374915170482	nocladesub10	255-26-209-210
4612	1.839528285459373e-10	nocladesub12	255-122-4-2
4613	0.1854028194217071	nocladesub10	255-26-209-210
4614	0.0219768096050194	nocladesub2	255-70-122-242
4615	0.1796085037402044	nocladesub2	255-70-122-242
4616	0.0007908486148141	nocladesub22	255-101-252-104
4617	8.551749140122176e-05	nocladesub2	255-70-122-242
4618	1.270191977115802e-06	nocladesub22	255-101-252-104
4619	5.261057637056578e-16	nocladesub12	255-122-4-2
4620	0.0001193813413083	nocladesub2	255-70-122-242
4621	7.751887215180348e-18	clade6sub19	255-254-152-44
4622	1.5232128722852544e-16	nocladesub12	255-122-4-2
4623	3.156788534699493e-16	nocladesub20	255-212-231-53
4624	2.350854448928865e-08	nocladesub12	255-122-4-2
4625	1.5237410661072124e-05	nocladesub2	255-70-122-242
4626	6.713444308781952e-06	nocladesub10	255-26-209-210
4627	1.21749005939697e-15	nocladesub12	255-122-4-2
4628	4.877286513520994e-12	nocladesub22	255-101-252-104
4629	9.915322306027348e-14	nocladesub22	255-101-252-104
4630	6.421331024553845e-11	nocladesub22	255-101-252-104
4631	3.0977249438983364e-09	nocladesub2	255-70-122-242
4632	7.476597295818823e-12	nocladesub2	255-70-122-242
4633	1.267545505364695e-16	nocladesub12	255-122-4-2
4634	7.724380041128323e-12	nocladesub22	255-101-252-104
4635	2.7549288159909046e-14	nocladesub2	255-70-122-242
4636	7.340246150493112e-16	nocladesub10	255-26-209-210
4637	1.8141345045642538e-13	nocladesub12	255-122-4-2
4638	6.146423780530163e-11	nocladesub22	255-101-252-104
4639	3.384574331695893e-11	nocladesub2	255-70-122-242
4640	1.1178410702190365e-18	nocladesub2	255-70-122-242
4641	2.1152071211454702e-17	nocladesub2	255-70-122-242
4642	5.942677656338174e-22	nocladesub10	255-26-209-210
4643	2.3798060093776113e-16	nocladesub2	255-70-122-242
4644	5.675057941986868e-13	nocladesub2	255-70-122-242
4645	8.887499539292067e-18	nocladesub2	255-70-122-242
4646	0.0001780655799358	nocladesub2	255-70-122-242
4647	2.868640168079392e-07	nocladesub2	255-70-122-242
4648	1.703926268610434e-07	nocladesub2	255-70-122-242
4649	0.0003543188942894	nocladesub2	255-70-122-242
4650	0.3925721987068412	nocladesub2	255-70-122-242
4651	0.0004794008386828	nocladesub10	255-26-209-210
4652	0.0947735717031752	nocladesub20	255-212-231-53
4653	1.7047101216649628e-10	nocladesub20	255-212-231-53
4654	1.0996845387478953e-12	nocladesub2	255-70-122-242
4655	5.3839892709688814e-12	nocladesub12	255-122-4-2
4656	7.945429287537965e-08	nocladesub2	255-70-122-242
4657	3.0303633488241046e-20	nocladesub2	255-70-122-242
4658	0.0005094323215546	nocladesub22	255-101-252-104
4659	8.309862213996129e-21	nocladesub12	255-122-4-2
4660	5.884071737996182e-16	nocladesub20	255-212-231-53
4661	2.626942263073791e-13	nocladesub20	255-212-231-53
4662	9.976754162903945e-19	nocladesub12	255-122-4-2
4663	3.6396736267140814e-16	nocladesub12	255-122-4-2
4664	6.482462408846615e-12	nocladesub20	255-212-231-53
4665	3.373775371057454e-13	nocladesub12	255-122-4-2
4666	1.2730963043371842e-12	nocladesub20	255-212-231-53
4667	0.947198919943316	nocladesub10	255-26-209-210
4668	4.9042909269490444e-09	nocladesub10	255-26-209-210
4669	0.1356881576661737	nocladesub12	255-122-4-2
4670	0.8432095021329619	nocladesub10	255-26-209-210
4671	8.204648048433776e-17	nocladesub10	255-26-209-210
4672	3.0206632084758447e-05	nocladesub22	255-101-252-104
4673	0.000162159377651	nocladesub12	255-122-4-2
4674	0.0019796267884253	nocladesub2	255-70-122-242
4675	7.404360749753315e-06	nocladesub22	255-101-252-104
4676	0.0241630790294309	nocladesub2	255-70-122-242
4677	4.212123141352447e-05	nocladesub22	255-101-252-104
4678	0.0003440674513376	nocladesub2	255-70-122-242
4679	3.565885711457234e-16	clade6sub19	255-254-152-44
4680	0.0007358777779051	nocladesub2	255-70-122-242
4681	0.0083947834161549	nocladesub2	255-70-122-242
4682	0.0001251623414437	nocladesub22	255-101-252-104
4683	0.9939403603700564	nocladesub2	255-70-122-242
4684	0.9994432518087084	nocladesub2	255-70-122-242
4685	1.3809729073634221e-13	nocladesub2	255-70-122-242
4686	0.2137229254139779	nocladesub2	255-70-122-242
4687	0.0376909232569036	nocladesub2	255-70-122-242
4688	1.0509169366172593e-18	nocladesub20	255-212-231-53
4689	6.805263007725457e-19	nocladesub10	255-26-209-210
4690	3.7236028279340677e-11	nocladesub10	255-26-209-210
4691	5.990183372780066e-12	nocladesub2	255-70-122-242
4692	2.7646896873254587e-12	nocladesub12	255-122-4-2
4693	1.8190153481656395e-12	nocladesub12	255-122-4-2
4694	5.695939704578017e-17	nocladesub12	255-122-4-2
4695	2.280971316069384e-15	nocladesub10	255-26-209-210
4696	8.946744017843412e-17	nocladesub12	255-122-4-2
4697	2.404391272752464e-12	nocladesub12	255-122-4-2
4698	1.3026724505145523e-16	nocladesub10	255-26-209-210
4699	6.847187576758684e-10	nocladesub22	255-101-252-104
4700	2.1256927718176145e-19	nocladesub20	255-212-231-53
4701	8.881066397713375e-17	nocladesub22	255-101-252-104
4702	5.175947201019008e-14	nocladesub12	255-122-4-2
4703	1.198624824053111e-15	nocladesub2	255-70-122-242
4704	1.4674751318489916e-21	nocladesub22	255-101-252-104
4705	4.497107536885219e-17	nocladesub2	255-70-122-242
4706	2.730118508862328e-26	nocladesub10	255-26-209-210
4707	1.4585796216045981e-22	nocladesub2	255-70-122-242
4708	1.3306173049712691e-22	nocladesub10	255-26-209-210
4709	2.303295276321761e-23	nocladesub22	255-101-252-104
4710	4.52013091748206e-21	clade6sub19	255-254-152-44
4711	7.014969427614543e-19	nocladesub2	255-70-122-242
4712	7.751279320290487e-24	nocladesub2	255-70-122-242
4713	7.719141811119233e-19	nocladesub2	255-70-122-242
4714	9.697718726857927e-17	nocladesub10	255-26-209-210
4715	1.7062457817591094e-19	nocladesub2	255-70-122-242
4716	2.3414060122204616e-13	nocladesub2	255-70-122-242
4717	7.766820251148129e-16	nocladesub2	255-70-122-242
4718	0.002893639649418	clade6sub19	255-254-152-44
4719	8.022754395633513e-09	nocladesub2	255-70-122-242
4720	3.13527768110795e-09	nocladesub2	255-70-122-242
4721	5.590531512248865e-07	nocladesub22	255-101-252-104
4722	0.000111896933254	nocladesub22	255-101-252-104
4723	8.871916539852546e-10	nocladesub22	255-101-252-104
4724	7.35452417222265e-07	nocladesub22	255-101-252-104
4725	8.740126838101592e-05	nocladesub22	255-101-252-104
4726	4.8777408066547496e-05	nocladesub20	255-212-231-53
4727	0.0037003029557174	nocladesub20	255-212-231-53
4728	3.82281366010825e-05	nocladesub2	255-70-122-242
4729	0.0249492009023321	nocladesub2	255-70-122-242
4730	0.0149999927758177	nocladesub20	255-212-231-53
4731	2.600149099201936e-14	nocladesub20	255-212-231-53
4732	6.502294616664926e-20	nocladesub20	255-212-231-53
4733	2.157781720226413e-22	nocladesub12	255-122-4-2
4734	0.6330828751156753	nocladesub2	255-70-122-242
4735	6.640661050372687e-17	nocladesub12	255-122-4-2
4736	0.0075739354812802	nocladesub22	255-101-252-104
4737	3.365685799152635e-12	nocladesub2	255-70-122-242
4738	3.17543258085291e-09	nocladesub22	255-101-252-104
4739	1.1338529246376798e-07	nocladesub22	255-101-252-104
4740	1.1898481096835998e-06	nocladesub22	255-101-252-104
4741	1.1387595119665442e-12	nocladesub2	255-70-122-242
4742	1.4410697730498283e-16	nocladesub12	255-122-4-2
4743	1.2804573897894198e-11	nocladesub22	255-101-252-104
4744	2.764875985721012e-10	nocladesub22	255-101-252-104
4745	1.2005589700393756e-07	nocladesub12	255-122-4-2
4746	3.595624260373541e-16	nocladesub10	255-26-209-210
4747	2.279941348211157e-16	nocladesub12	255-122-4-2
4748	4.1723909897002295e-15	nocladesub22	255-101-252-104
4749	8.841476377633131e-14	nocladesub12	255-122-4-2
4750	2.7777564439649406e-17	nocladesub12	255-122-4-2
4751	3.358311833851587e-17	nocladesub12	255-122-4-2
4752	2.0410503827763982e-18	nocladesub22	255-101-252-104
4753	2.7404905166434166e-16	nocladesub22	255-101-252-104
4754	1.2057512530461129e-17	nocladesub22	255-101-252-104
4755	1.01487835393478e-17	nocladesub2	255-70-122-242
4756	3.4817146070336236e-10	nocladesub12	255-122-4-2
4757	7.197504727033897e-16	nocladesub12	255-122-4-2
4758	2.0357744361669997e-15	nocladesub12	255-122-4-2
4759	2.368022442731368e-16	nocladesub12	255-122-4-2
4760	1.1414601857825492e-16	nocladesub12	255-122-4-2
4761	3.047610504230073e-18	nocladesub22	255-101-252-104
4762	4.187100849787548e-22	nocladesub2	255-70-122-242
4763	1.4215090081015132e-11	nocladesub20	255-212-231-53
4764	8.144214752567342e-09	nocladesub22	255-101-252-104
4765	1.109254703957862e-15	nocladesub12	255-122-4-2
4766	2.8981986918840948e-15	nocladesub12	255-122-4-2
4767	2.5495317557414046e-23	nocladesub22	255-101-252-104
4768	4.843683877473787e-19	nocladesub2	255-70-122-242
4769	3.6058687603998064e-18	nocladesub12	255-122-4-2
4770	8.045595989457171e-15	nocladesub22	255-101-252-104
4771	2.6547645249891277e-24	nocladesub2	255-70-122-242
4772	6.746286268612052e-25	nocladesub2	255-70-122-242
4773	1.4984896457902233e-21	nocladesub2	255-70-122-242
4774	1.718468757694e-22	nocladesub2	255-70-122-242
4775	1.1389707061158702e-17	nocladesub10	255-26-209-210
4776	2.210445494139796e-17	nocladesub22	255-101-252-104
4777	7.916568438216909e-12	nocladesub2	255-70-122-242
4778	2.861872451695939e-21	nocladesub12	255-122-4-2
4779	1.940992773992885e-11	nocladesub20	255-212-231-53
4780	1.644937424886029e-16	nocladesub12	255-122-4-2
4781	2.8262098329852536e-20	nocladesub10	255-26-209-210
4782	1.2453062281641622e-22	nocladesub12	255-122-4-2
4783	3.4824086605345826e-14	nocladesub12	255-122-4-2
4784	2.4429277062553544e-20	nocladesub10	255-26-209-210
4785	0.2720190049929062	nocladesub2	255-70-122-242
4786	1.9939770428141253e-05	nocladesub2	255-70-122-242
4787	2.235500169223733e-11	nocladesub2	255-70-122-242
4788	7.232258115577033e-05	nocladesub2	255-70-122-242
4789	1.2427779031031022e-08	nocladesub2	255-70-122-242
4790	9.207734723836516e-06	nocladesub2	255-70-122-242
4791	2.3927078928223333e-18	nocladesub2	255-70-122-242
4792	9.21530654746476e-17	nocladesub12	255-122-4-2
4793	1.1210439693909409e-17	nocladesub10	255-26-209-210
4794	7.390698487077629e-20	nocladesub12	255-122-4-2
4795	2.6726587015648392e-20	nocladesub22	255-101-252-104
4796	1.282273789635134e-13	nocladesub2	255-70-122-242
4797	2.2076885895502342e-22	nocladesub2	255-70-122-242
4798	3.425781386066401e-19	nocladesub2	255-70-122-242
4799	9.355633405093784e-21	nocladesub2	255-70-122-242
4800	3.720171012457739e-19	nocladesub2	255-70-122-242
4801	5.323405579767441e-05	nocladesub20	255-212-231-53
4802	2.28826837365673e-17	nocladesub20	255-212-231-53
4803	2.849609193495861e-15	nocladesub20	255-212-231-53
4804	1.016076341171494e-21	nocladesub20	255-212-231-53
4805	2.498595676764639e-21	nocladesub20	255-212-231-53
4806	6.61236606275077e-26	nocladesub20	255-212-231-53
4807	6.292616135066456e-21	nocladesub20	255-212-231-53
4808	1.5544079456176303e-24	nocladesub22	255-101-252-104
4809	2.2190595759238208e-12	nocladesub20	255-212-231-53
4810	1.261404900014212e-16	nocladesub20	255-212-231-53
4811	9.82205310115757e-13	nocladesub20	255-212-231-53
4812	0.8604450590124529	nocladesub20	255-212-231-53
4813	1.7708745313691482e-17	nocladesub22	255-101-252-104
4814	9.081597376159169e-11	nocladesub22	255-101-252-104
4815	2.1422148550271123e-14	nocladesub22	255-101-252-104
4816	1.1734616820056408e-10	nocladesub22	255-101-252-104
4817	0.0260950838465532	clade6sub19	255-254-152-44
4818	1.6713522370977796e-07	nocladesub22	255-101-252-104
4819	1.721162889815101e-11	nocladesub20	255-212-231-53
4820	0.1116220546264287	clade6sub19	255-254-152-44
4821	0.0036530904149371	clade6sub19	255-254-152-44
4822	1.4494271480561552e-07	nocladesub12	255-122-4-2
4823	8.935486482486354e-05	nocladesub12	255-122-4-2
4824	0.0007128871179674	clade6sub19	255-254-152-44
4825	0.0002466305535923	nocladesub2	255-70-122-242
4826	0.0044450092846162	nocladesub2	255-70-122-242
4827	0.0453213736589389	nocladesub10	255-26-209-210
4828	2.4626188367804954e-20	nocladesub20	255-212-231-53
4829	1.0808334910703451e-16	nocladesub20	255-212-231-53
4830	3.072401133032576e-12	nocladesub20	255-212-231-53
4831	2.969798449355304e-25	nocladesub20	255-212-231-53
4832	8.081426838680031e-24	nocladesub20	255-212-231-53
4833	2.03411363238942e-15	nocladesub22	255-101-252-104
4834	1.4904736077841632e-20	nocladesub20	255-212-231-53
4835	2.7947918005179104e-20	nocladesub20	255-212-231-53
4836	4.068703165318553e-21	nocladesub20	255-212-231-53
4837	4.439226381883135e-18	nocladesub20	255-212-231-53
4838	2.6193535283607235e-14	nocladesub22	255-101-252-104
4839	4.59171293592343e-13	nocladesub20	255-212-231-53
4840	3.73143039678655e-12	nocladesub22	255-101-252-104
4841	1.8556581871643683e-15	nocladesub12	255-122-4-2
4842	3.031547630976882e-18	nocladesub20	255-212-231-53
4843	1.4326277724725205e-19	nocladesub22	255-101-252-104
4844	2.8647920435175534e-21	nocladesub22	255-101-252-104
4845	1.7624078311169882e-14	nocladesub22	255-101-252-104
4846	7.340465986883737e-15	nocladesub22	255-101-252-104
4847	1.069858541434223e-07	nocladesub22	255-101-252-104
4848	1.504641018559292e-07	nocladesub20	255-212-231-53
4849	1.747864410894777e-12	nocladesub20	255-212-231-53
4850	0.85198438841768	nocladesub2	255-70-122-242
4851	0.1062705405037036	nocladesub12	255-122-4-2
4852	1.6382354258723884e-07	nocladesub22	255-101-252-104
4853	3.5145322024465597e-16	nocladesub2	255-70-122-242
4854	2.8914324621865698e-06	nocladesub20	255-212-231-53
4855	0.0011204342070779	nocladesub10	255-26-209-210
4856	3.8027508494566034e-05	nocladesub12	255-122-4-2
4857	0.0005030630104955	nocladesub22	255-101-252-104
4858	0.491102610823898	nocladesub10	255-26-209-210
4859	0.5122848041441751	nocladesub10	255-26-209-210
4860	0.3260153691158382	nocladesub10	255-26-209-210
4861	0.773066871867833	nocladesub10	255-26-209-210
4862	0.0571061019565452	nocladesub10	255-26-209-210
4863	1.0626124561560888e-06	nocladesub22	255-101-252-104
4864	1.5893561219843167e-20	nocladesub12	255-122-4-2
4865	5.315266019721224e-16	nocladesub12	255-122-4-2
4866	3.0274622016965823e-06	nocladesub10	255-26-209-210
4867	2.6394350756409438e-20	nocladesub10	255-26-209-210
4868	8.428582616719339e-15	nocladesub12	255-122-4-2
4869	0.0022984468624506	nocladesub2	255-70-122-242
4870	9.78797689716362e-12	nocladesub12	255-122-4-2
4871	0.6202320484713539	nocladesub22	255-101-252-104
4872	5.51548150795852e-15	nocladesub20	255-212-231-53
4873	5.773861091662216e-07	nocladesub10	255-26-209-210
4874	0.0020243442377655	nocladesub2	255-70-122-242
4875	0.007413301818088	nocladesub2	255-70-122-242
4876	0.0943963317305643	nocladesub10	255-26-209-210
4877	0.5581913090867835	clade6sub19	255-254-152-44
4878	0.0250407494954354	clade6sub19	255-254-152-44
4880	3.1832611100449366e-11	nocladesub20	255-212-231-53
4881	1.4436852361321892e-09	nocladesub12	255-122-4-2
4882	1.4357572665816109e-11	nocladesub22	255-101-252-104
4883	1.5805779930273778e-14	nocladesub22	255-101-252-104
4884	5.457193845027232e-12	nocladesub12	255-122-4-2
4885	3.0440718416351638e-09	nocladesub22	255-101-252-104
4886	5.99055217059609e-06	nocladesub22	255-101-252-104
4887	6.93969760433764e-12	nocladesub2	255-70-122-242
4888	5.831263249387275e-12	nocladesub20	255-212-231-53
4889	2.4818078336374786e-15	nocladesub20	255-212-231-53
4890	1.6302389323318296e-13	nocladesub20	255-212-231-53
4891	4.9474137761487216e-11	nocladesub20	255-212-231-53
4892	1.871831907225109e-15	clade6sub19	255-254-152-44
4893	0.9935128253776784	nocladesub2	255-70-122-242
4894	0.999538750552017	nocladesub2	255-70-122-242
4895	0.1643292265073883	nocladesub12	255-122-4-2
4896	0.999797040778454	nocladesub2	255-70-122-242
4897	0.0011011789090529	nocladesub10	255-26-209-210
4898	0.9564849031627788	nocladesub2	255-70-122-242
4899	0.7183746246576703	nocladesub2	255-70-122-242
4900	0.9674350205565414	nocladesub2	255-70-122-242
4901	0.63268758927116	nocladesub2	255-70-122-242
4902	0.628253120249712	nocladesub12	255-122-4-2
4903	0.0262824529971686	nocladesub12	255-122-4-2
4904	0.8920625881205287	nocladesub10	255-26-209-210
4905	0.4133881923305992	nocladesub10	255-26-209-210
4906	0.9027816467694798	nocladesub12	255-122-4-2
4907	0.0031308790651982	nocladesub10	255-26-209-210
4908	0.2888685212068904	nocladesub2	255-70-122-242
4909	0.9943831472358088	nocladesub10	255-26-209-210
4910	0.1782403377630294	nocladesub10	255-26-209-210
4911	0.1528163418008543	nocladesub2	255-70-122-242
4912	0.0600676882427589	nocladesub10	255-26-209-210
4913	0.0192413605416383	nocladesub10	255-26-209-210
4914	0.0160512293567175	nocladesub2	255-70-122-242
4915	0.4533614747253295	nocladesub10	255-26-209-210
4916	0.0003773497768049	nocladesub22	255-101-252-104
4917	0.0002191343564364	nocladesub22	255-101-252-104
4918	0.0002358363260916	nocladesub2	255-70-122-242
4919	0.1280287711395607	nocladesub10	255-26-209-210
4920	0.0826408417185731	nocladesub10	255-26-209-210
4921	0.0003521677548511	nocladesub2	255-70-122-242
4922	3.975429710655093e-20	nocladesub12	255-122-4-2
4923	2.2077094612597757e-21	nocladesub10	255-26-209-210
4924	5.947359789931395e-22	nocladesub12	255-122-4-2
4925	3.095918691003892e-07	nocladesub12	255-122-4-2
4926	2.0401038429528192e-05	nocladesub2	255-70-122-242
4927	0.0001752784372941	nocladesub2	255-70-122-242
4928	4.139452528377853e-05	nocladesub20	255-212-231-53
4929	2.0372495604250363e-10	nocladesub22	255-101-252-104
4930	9.001242152801117e-08	nocladesub2	255-70-122-242
4931	9.88662269878066e-13	nocladesub22	255-101-252-104
4932	1.9921863129621538e-15	nocladesub22	255-101-252-104
4933	1.2453054178011867e-10	nocladesub22	255-101-252-104
4934	6.920494411018212e-12	nocladesub2	255-70-122-242
4935	5.7821678291637264e-15	nocladesub12	255-122-4-2
4936	3.9576213010293504e-10	nocladesub10	255-26-209-210
4937	6.33275012697855e-11	nocladesub10	255-26-209-210
4938	3.1161024541839844e-15	nocladesub2	255-70-122-242
4939	0.0001014900090496	nocladesub2	255-70-122-242
4940	8.743942330437835e-13	nocladesub2	255-70-122-242
4941	1.5561990777288663e-10	nocladesub2	255-70-122-242
4942	1.244618457598407e-10	nocladesub2	255-70-122-242
4943	3.1347174320561697e-18	nocladesub22	255-101-252-104
4944	6.069228759705815e-15	nocladesub2	255-70-122-242
4945	2.747817362296928e-19	nocladesub12	255-122-4-2
4946	1.880154516459756e-14	nocladesub2	255-70-122-242
4947	0.000150268077949	nocladesub2	255-70-122-242
4948	0.1116220546264287	clade6sub19	255-254-152-44
4949	3.905035802421103e-12	nocladesub2	255-70-122-242
4950	0.0028801486931749	nocladesub22	255-101-252-104
4951	0.0016818038822281	nocladesub22	255-101-252-104
4952	0.0006383757291313	nocladesub22	255-101-252-104
4953	1.7469765180583798e-17	nocladesub12	255-122-4-2
4954	8.871916539852546e-10	nocladesub22	255-101-252-104
4955	0.0004418895496918	nocladesub12	255-122-4-2
4956	0.5470788212249216	nocladesub10	255-26-209-210
4957	0.0009570178353097	nocladesub10	255-26-209-210
4958	0.1200447340855039	nocladesub10	255-26-209-210
4959	0.0190175516452582	nocladesub10	255-26-209-210
4960	0.4988837188074523	nocladesub10	255-26-209-210
4961	1.920527870132944e-12	nocladesub10	255-26-209-210
4962	0.0949491006558012	nocladesub10	255-26-209-210
4963	0.0937062218544756	nocladesub10	255-26-209-210
4964	0.947198919943316	nocladesub10	255-26-209-210
4965	0.7351829215260369	nocladesub10	255-26-209-210
4966	0.9266854900823168	nocladesub10	255-26-209-210
4967	0.4007961186401297	nocladesub10	255-26-209-210
4968	0.9955659030713364	nocladesub10	255-26-209-210
4969	0.173226512908961	nocladesub10	255-26-209-210
4970	0.7526321516336761	nocladesub10	255-26-209-210
4971	0.1619868908499314	nocladesub10	255-26-209-210
4972	0.4299551864096358	nocladesub10	255-26-209-210
4973	4.374966261318182e-05	nocladesub2	255-70-122-242
4974	0.0224458664639295	nocladesub10	255-26-209-210
4975	0.0003521677548511	nocladesub2	255-70-122-242
4976	0.0205153794061022	nocladesub2	255-70-122-242
4977	0.5981470743214873	nocladesub10	255-26-209-210
4978	0.0005263919194313	nocladesub2	255-70-122-242
4979	6.953150105639185e-14	nocladesub12	255-122-4-2
4980	0.8310770012093492	nocladesub2	255-70-122-242
4981	1.4816525616122406e-17	nocladesub2	255-70-122-242
4982	0.9704940029900624	nocladesub2	255-70-122-242
4983	0.6688689302631186	nocladesub2	255-70-122-242
4984	4.540775115716575e-16	nocladesub2	255-70-122-242
4985	1.3427450470313189e-19	nocladesub2	255-70-122-242
4986	4.359089895806117e-21	nocladesub10	255-26-209-210
4987	1.563522768525171e-17	nocladesub20	255-212-231-53
4988	4.6110419137583686e-20	nocladesub12	255-122-4-2
4989	1.0272861797744691e-08	nocladesub12	255-122-4-2
4990	3.432115701605722e-09	nocladesub12	255-122-4-2
4991	2.250144858666549e-11	nocladesub2	255-70-122-242
4992	1.9289508055083092e-16	nocladesub12	255-122-4-2
4993	6.912283124621924e-15	nocladesub12	255-122-4-2
4994	1.6763058617824742e-14	nocladesub12	255-122-4-2
4995	6.409815072647125e-16	nocladesub22	255-101-252-104
4996	4.361366207406943e-13	nocladesub22	255-101-252-104
4997	7.031608825656506e-16	nocladesub22	255-101-252-104
4998	8.280770849555214e-17	nocladesub22	255-101-252-104
4999	5.076894529301117e-10	nocladesub22	255-101-252-104
5000	1.27462832953981e-22	nocladesub12	255-122-4-2
5001	2.965142270821273e-23	nocladesub22	255-101-252-104
5002	2.7015577241337777e-13	nocladesub22	255-101-252-104
5003	1.3198932046273118e-22	nocladesub10	255-26-209-210
5004	6.174393931025054e-19	nocladesub22	255-101-252-104
5005	1.1682908528053782e-19	nocladesub2	255-70-122-242
5006	1.7728827693436796e-21	nocladesub12	255-122-4-2
5007	1.0500148428871154e-21	nocladesub2	255-70-122-242
5008	1.1443432056879633e-18	nocladesub2	255-70-122-242
5009	6.842518280672304e-12	nocladesub2	255-70-122-242
5010	1.5134629336746816e-17	nocladesub2	255-70-122-242
5011	6.171650704375533e-14	nocladesub2	255-70-122-242
5012	0.0052147408016034	nocladesub2	255-70-122-242
5013	0.0002207537015184	nocladesub22	255-101-252-104
5014	0.0003075906849237	nocladesub10	255-26-209-210
5015	6.665558967148538e-20	nocladesub12	255-122-4-2
5016	5.182646560444447e-18	nocladesub10	255-26-209-210
5017	0.2787582010000796	nocladesub10	255-26-209-210
5018	1.1170689661739142e-15	nocladesub12	255-122-4-2
5019	5.6563052334467444e-14	nocladesub20	255-212-231-53
5020	1.9990804644698842e-13	nocladesub20	255-212-231-53
5021	0.3411395653658321	nocladesub20	255-212-231-53
5022	1.5867154588330435e-06	nocladesub12	255-122-4-2
5023	0.0026090223059642	nocladesub20	255-212-231-53
5024	0.0003227839118431	nocladesub2	255-70-122-242
5025	1.97146389677863e-05	nocladesub22	255-101-252-104
5026	4.0627892070103115e-11	nocladesub2	255-70-122-242
5027	3.7013857804534695e-11	nocladesub22	255-101-252-104
5028	7.930474902587321e-08	nocladesub12	255-122-4-2
5029	6.154689565518679e-11	nocladesub2	255-70-122-242
5030	1.0121023138272197e-10	nocladesub2	255-70-122-242
5031	3.2905888474674664e-08	nocladesub22	255-101-252-104
5032	4.112991805170283e-12	nocladesub12	255-122-4-2
5033	1.562619503404815e-08	nocladesub22	255-101-252-104
5034	6.584466670995151e-09	nocladesub22	255-101-252-104
5035	3.7189518329255165e-09	nocladesub12	255-122-4-2
5036	4.279727399857004e-15	nocladesub12	255-122-4-2
5037	1.0667403446068256e-12	clade6sub19	255-254-152-44
5038	4.2922679115803655e-15	nocladesub12	255-122-4-2
5039	2.4540057062024562e-14	nocladesub22	255-101-252-104
5040	3.3024528112354965e-08	nocladesub12	255-122-4-2
5041	1.0461335858927483e-11	nocladesub22	255-101-252-104
5042	3.7676371745495526e-16	nocladesub22	255-101-252-104
5043	4.124425698076704e-17	nocladesub22	255-101-252-104
5044	1.4283977363707043e-10	nocladesub22	255-101-252-104
5045	8.528230907756224e-10	nocladesub20	255-212-231-53
5046	3.2113911153088003e-16	nocladesub12	255-122-4-2
5047	5.597529519965712e-15	nocladesub22	255-101-252-104
5048	6.478741520501403e-23	nocladesub22	255-101-252-104
5049	3.9414105809454604e-23	nocladesub2	255-70-122-242
5050	2.728704904185369e-09	nocladesub22	255-101-252-104
5051	1.2638377559094587e-14	nocladesub2	255-70-122-242
5052	8.835220230554041e-14	nocladesub22	255-101-252-104
5053	2.883219039075347e-12	nocladesub22	255-101-252-104
5054	4.786085843848268e-24	nocladesub2	255-70-122-242
5055	4.3601136045390797e-13	nocladesub22	255-101-252-104
5056	1.4269134783505624e-17	nocladesub22	255-101-252-104
5057	1.817681628978412e-15	nocladesub12	255-122-4-2
5058	8.13174522328169e-17	nocladesub10	255-26-209-210
5059	3.049279015930247e-16	nocladesub2	255-70-122-242
5060	1.4623134779034828e-18	nocladesub10	255-26-209-210
5061	7.104077259309474e-24	nocladesub2	255-70-122-242
5062	3.669792539237099e-15	nocladesub10	255-26-209-210
5063	1.874736734532944e-22	nocladesub2	255-70-122-242
5064	1.2227422079285369e-15	nocladesub10	255-26-209-210
5065	3.864624768298502e-13	nocladesub22	255-101-252-104
5066	6.6198597405018895e-19	nocladesub22	255-101-252-104
5067	1.7627926500766177e-22	nocladesub12	255-122-4-2
5068	1.1795225561243177e-21	nocladesub12	255-122-4-2
5069	1.6089256115826056e-12	nocladesub20	255-212-231-53
5070	6.251535659346153e-18	nocladesub10	255-26-209-210
5071	2.0598830374712001e-13	nocladesub22	255-101-252-104
5072	1.2255068390832636e-15	nocladesub2	255-70-122-242
5073	0.0692031509259654	nocladesub20	255-212-231-53
5074	6.91891791082968e-08	nocladesub2	255-70-122-242
5075	5.71140684787275e-17	nocladesub2	255-70-122-242
5076	4.760744037725801e-07	nocladesub2	255-70-122-242
5077	7.924652332109527e-18	nocladesub22	255-101-252-104
5078	2.078099896110527e-14	nocladesub2	255-70-122-242
5079	1.315353818757448e-19	nocladesub2	255-70-122-242
5080	3.6462305862626444e-16	nocladesub2	255-70-122-242
5081	2.8889000768426597e-18	nocladesub22	255-101-252-104
5082	1.643411424714341e-22	nocladesub2	255-70-122-242
5083	1.4371154608988974e-18	nocladesub2	255-70-122-242
5084	1.787684603876675e-16	nocladesub2	255-70-122-242
5085	2.8035269661630446e-06	nocladesub2	255-70-122-242
5086	1.2354529814294369e-06	nocladesub26	255-217-56-6
5087	0.002155372246729	clade6sub19	255-254-152-44
5088	2.5380539127528486e-05	nocladesub2	255-70-122-242
5089	3.495087676525536e-06	nocladesub2	255-70-122-242
5090	0.0052140679484849	nocladesub2	255-70-122-242
5091	0.0028684570175491	nocladesub2	255-70-122-242
5092	4.135021746520924e-05	nocladesub2	255-70-122-242
5093	0.047263461123334	nocladesub26	255-217-56-6
5094	0.0161915092092179	nocladesub26	255-217-56-6
5095	0.0016284676248215	nocladesub26	255-217-56-6
5096	0.0010241137742905	nocladesub2	255-70-122-242
5097	3.6340857657325248e-12	nocladesub20	255-212-231-53
5098	1.3803470737908262e-17	nocladesub20	255-212-231-53
5099	8.453132073916843e-18	nocladesub12	255-122-4-2
5100	1.082650629943465e-21	nocladesub20	255-212-231-53
5101	1.804198930327805e-24	nocladesub20	255-212-231-53
5102	1.0934042903174582e-21	nocladesub20	255-212-231-53
5103	3.5080340442912717e-26	nocladesub20	255-212-231-53
5104	3.1472798432623457e-19	nocladesub20	255-212-231-53
5105	4.9380586546867805e-20	nocladesub20	255-212-231-53
5106	7.918809528356592e-17	nocladesub12	255-122-4-2
5107	7.390059378092559e-22	nocladesub20	255-212-231-53
5108	1.7093615543041835e-21	nocladesub20	255-212-231-53
5109	7.58272395388053e-20	nocladesub20	255-212-231-53
5110	1.013636009350766e-20	nocladesub10	255-26-209-210
5111	2.79640527523936e-18	nocladesub12	255-122-4-2
5112	7.074041181269104e-17	nocladesub20	255-212-231-53
5113	3.53400435023264e-08	nocladesub12	255-122-4-2
5114	2.0663401761534447e-15	nocladesub22	255-101-252-104
5115	2.268460033711366e-12	nocladesub20	255-212-231-53
5116	2.579987798761254e-13	nocladesub22	255-101-252-104
5117	8.609553441565607e-15	nocladesub22	255-101-252-104
5118	2.9313676502410706e-13	nocladesub22	255-101-252-104
5119	2.7218080854009086e-09	nocladesub22	255-101-252-104
5120	3.117675679994723e-12	nocladesub10	255-26-209-210
5121	1.0916297428043834e-08	nocladesub2	255-70-122-242
5122	6.555795703145684e-09	nocladesub2	255-70-122-242
5123	0.0251411769845101	clade6sub19	255-254-152-44
5124	0.0097404735643298	nocladesub22	255-101-252-104
5125	0.0007930322164081	nocladesub2	255-70-122-242
5126	0.0111120664588984	nocladesub10	255-26-209-210
5127	0.0005200081454814	nocladesub2	255-70-122-242
5128	0.0001693751806745	nocladesub2	255-70-122-242
5129	4.441186510913739e-05	nocladesub2	255-70-122-242
5130	1.994410502044596e-10	nocladesub20	255-212-231-53
5131	1.4401800612924824e-11	nocladesub12	255-122-4-2
5132	6.241130525784906e-19	nocladesub20	255-212-231-53
5133	1.0245739081437764e-19	nocladesub20	255-212-231-53
5134	8.608784107615086e-25	nocladesub20	255-212-231-53
5135	4.557019292921891e-24	nocladesub20	255-212-231-53
5136	3.699058692006943e-20	nocladesub20	255-212-231-53
5137	7.085134491795444e-14	clade6sub19	255-254-152-44
5138	5.020062242188725e-20	nocladesub20	255-212-231-53
5139	2.8134251126750787e-21	nocladesub20	255-212-231-53
5140	2.6664697106390132e-17	nocladesub10	255-26-209-210
5141	2.0845622956623024e-19	nocladesub20	255-212-231-53
5142	6.819952571763193e-21	nocladesub22	255-101-252-104
5143	1.4364874628519498e-18	nocladesub20	255-212-231-53
5144	8.27513480821162e-14	nocladesub22	255-101-252-104
5145	8.063688076254761e-17	nocladesub22	255-101-252-104
5146	2.7672486177522377e-22	nocladesub12	255-122-4-2
5147	3.7338573398209585e-17	nocladesub22	255-101-252-104
5148	1.0355297071145996e-11	nocladesub22	255-101-252-104
5149	1.9196689933583568e-16	nocladesub22	255-101-252-104
5150	5.047410773951807e-12	nocladesub22	255-101-252-104
5151	3.2155116151967064e-22	nocladesub12	255-122-4-2
5152	3.781610939294141e-07	nocladesub20	255-212-231-53
5153	6.059964288131385e-08	nocladesub20	255-212-231-53
5154	1.6955040319331888e-15	nocladesub20	255-212-231-53
5155	1.79990286676701e-16	nocladesub22	255-101-252-104
5156	5.835315526140629e-07	nocladesub20	255-212-231-53
5157	2.3779372923467654e-12	nocladesub20	255-212-231-53
5158	2.2511738346746788e-17	nocladesub20	255-212-231-53
5159	4.387193647660718e-05	nocladesub22	255-101-252-104
5160	4.9114653198743154e-11	nocladesub20	255-212-231-53
5161	0.047930207795257	nocladesub12	255-122-4-2
5162	4.118312349454175e-16	nocladesub2	255-70-122-242
5163	0.0066427509576585	nocladesub10	255-26-209-210
5164	0.001318059233932	nocladesub22	255-101-252-104
5165	0.0003967678980312	nocladesub22	255-101-252-104
5166	3.96986774508736e-10	nocladesub12	255-122-4-2
5167	0.001581570030905	nocladesub22	255-101-252-104
5168	0.0624856536454609	nocladesub10	255-26-209-210
5169	0.7708123234288908	nocladesub10	255-26-209-210
5170	5.519902806536686e-13	nocladesub12	255-122-4-2
5171	3.343898977992049e-14	nocladesub12	255-122-4-2
5172	0.0303732768697898	nocladesub2	255-70-122-242
5173	7.711541283372546e-16	nocladesub20	255-212-231-53
5174	5.038634958674529e-18	nocladesub20	255-212-231-53
5175	0.1102411760928657	nocladesub2	255-70-122-242
5176	3.592954244414073e-06	nocladesub26	255-217-56-6
5177	5.703383312240608e-06	nocladesub12	255-122-4-2
5178	2.807040657978732e-12	nocladesub20	255-212-231-53
5179	1.5210798188083042e-14	nocladesub20	255-212-231-53
5180	1.5418123859279742e-08	nocladesub22	255-101-252-104
5181	1.5335615110411643e-14	nocladesub22	255-101-252-104
5182	3.3993832155228075e-17	nocladesub20	255-212-231-53
5183	6.179048431868605e-09	nocladesub20	255-212-231-53
5184	3.002842144567068e-13	nocladesub22	255-101-252-104
5185	1.489311081424663e-10	nocladesub22	255-101-252-104
5186	3.628209204719335e-05	nocladesub20	255-212-231-53
5187	7.032585942169324e-14	nocladesub22	255-101-252-104
5188	2.0374973970378117e-09	nocladesub22	255-101-252-104
5189	0.0082263261229409	nocladesub22	255-101-252-104
5190	9.976121082193988e-06	nocladesub20	255-212-231-53
5191	7.516725324216071e-20	nocladesub10	255-26-209-210
5192	2.163685215020433e-14	nocladesub2	255-70-122-242
5193	0.1134879627773788	nocladesub12	255-122-4-2
5194	0.0172646162256566	nocladesub2	255-70-122-242
5195	0.0002801224282455	nocladesub10	255-26-209-210
5196	0.1598684482461203	nocladesub10	255-26-209-210
5197	0.9146995469698366	nocladesub10	255-26-209-210
5198	0.9955626685871056	nocladesub2	255-70-122-242
5199	0.3508976719251769	nocladesub12	255-122-4-2
5200	0.7377890046400742	nocladesub2	255-70-122-242
5201	0.6811302258102359	nocladesub10	255-26-209-210
5202	0.229555595584275	nocladesub10	255-26-209-210
5203	0.7932645103074798	nocladesub10	255-26-209-210
5204	0.2882270721320916	nocladesub10	255-26-209-210
5205	0.0035059148959025	nocladesub26	255-217-56-6
5206	0.6813771270483923	nocladesub10	255-26-209-210
5207	9.215746126165763e-15	nocladesub10	255-26-209-210
5208	4.140508121321138e-16	nocladesub12	255-122-4-2
5209	4.2143347810300564e-17	nocladesub10	255-26-209-210
5210	1.2987484883959446e-17	nocladesub12	255-122-4-2
5211	1.9494060524688867e-16	nocladesub2	255-70-122-242
5212	6.596293514474057e-09	nocladesub20	255-212-231-53
5213	2.6070355166472638e-08	nocladesub10	255-26-209-210
5214	0.0004656132338518	nocladesub10	255-26-209-210
5215	5.706803732580645e-07	nocladesub2	255-70-122-242
5216	9.802842492124806e-12	nocladesub2	255-70-122-242
5217	1.233017319216383e-05	nocladesub2	255-70-122-242
5218	4.737021724235975e-10	nocladesub2	255-70-122-242
5219	5.59062509000058e-12	nocladesub2	255-70-122-242
5220	3.620612888501623e-10	nocladesub10	255-26-209-210
5221	0.002651740401872	nocladesub2	255-70-122-242
5222	5.398914371055397e-13	nocladesub2	255-70-122-242
5223	3.784431063888955e-11	nocladesub2	255-70-122-242
5224	7.83227885502123e-12	nocladesub10	255-26-209-210
5225	9.385082269004464e-17	nocladesub2	255-70-122-242
5226	3.515456122552386e-09	nocladesub2	255-70-122-242
5227	2.281050843652421e-13	nocladesub2	255-70-122-242
5228	9.774057840995126e-06	nocladesub2	255-70-122-242
5229	0.0141884359054882	clade6sub19	255-254-152-44
5230	0.0048715556703719	clade6sub19	255-254-152-44
5231	0.0008370132991354	nocladesub22	255-101-252-104
5232	0.0108334745714001	nocladesub2	255-70-122-242
5233	1.7062237948859634e-06	nocladesub22	255-101-252-104
5234	0.003610116609945	nocladesub22	255-101-252-104
5235	6.110348664502065e-20	nocladesub12	255-122-4-2
5236	7.2954631199695e-08	nocladesub10	255-26-209-210
5237	0.6623633133576813	nocladesub10	255-26-209-210
5238	0.0002207537015184	nocladesub22	255-101-252-104
5239	0.443330797637547	nocladesub10	255-26-209-210
5240	0.1646771061036772	nocladesub10	255-26-209-210
5241	0.0624856536454609	nocladesub10	255-26-209-210
5242	0.9536819184172464	nocladesub10	255-26-209-210
5243	0.0382902192523787	nocladesub10	255-26-209-210
5244	0.9937743587507982	nocladesub10	255-26-209-210
5245	0.4843956481172519	nocladesub12	255-122-4-2
5246	0.8508863268018824	nocladesub10	255-26-209-210
5247	8.465625378823979e-13	nocladesub22	255-101-252-104
5248	0.9994395778701723	nocladesub2	255-70-122-242
5249	0.9994943685034224	nocladesub2	255-70-122-242
5250	3.4534434143925233e-16	nocladesub2	255-70-122-242
5251	1.5875654228996965e-21	nocladesub10	255-26-209-210
5252	1.6737267437543186e-19	nocladesub12	255-122-4-2
5253	1.6921641208005906e-19	nocladesub10	255-26-209-210
5255	1.417380194149901e-07	nocladesub12	255-122-4-2
5256	6.535568759749736e-10	nocladesub22	255-101-252-104
5257	1.771103955690035e-09	nocladesub22	255-101-252-104
5258	6.316886307117166e-05	nocladesub2	255-70-122-242
5259	1.9475799348674862e-10	nocladesub22	255-101-252-104
5260	1.5944064470189868e-14	nocladesub12	255-122-4-2
5261	1.773625703575989e-12	nocladesub22	255-101-252-104
5262	3.064222050280865e-07	nocladesub2	255-70-122-242
5263	3.509589227818181e-06	nocladesub10	255-26-209-210
5264	4.7308261226430015e-14	nocladesub22	255-101-252-104
5265	4.747889187306414e-12	nocladesub22	255-101-252-104
5266	5.426556079811142e-16	nocladesub12	255-122-4-2
5267	9.398116718517754e-12	nocladesub10	255-26-209-210
5268	9.505335032286448e-20	nocladesub22	255-101-252-104
5269	1.032037768931714e-15	nocladesub22	255-101-252-104
5270	3.2613762782877585e-18	nocladesub10	255-26-209-210
5271	8.559117580437657e-16	nocladesub20	255-212-231-53
5272	1.6464054823212086e-10	nocladesub10	255-26-209-210
5273	8.049779616898577e-19	nocladesub2	255-70-122-242
5274	2.5680948898856953e-10	nocladesub2	255-70-122-242
5275	6.989024014003999e-26	nocladesub12	255-122-4-2
5276	2.3104994287010664e-15	nocladesub2	255-70-122-242
5277	3.1364941434870875e-14	nocladesub2	255-70-122-242
5278	1.4982188755605802e-19	nocladesub12	255-122-4-2
5279	8.086768490653068e-14	nocladesub2	255-70-122-242
5280	0.000240962572975	nocladesub2	255-70-122-242
5281	0.0060122957321866	nocladesub2	255-70-122-242
5282	0.1752520906310426	nocladesub2	255-70-122-242
5283	0.0035331457374611	nocladesub26	255-217-56-6
5284	5.4058215330997535e-18	nocladesub2	255-70-122-242
5285	5.887369635105785e-15	nocladesub10	255-26-209-210
5286	0.7507866474552701	nocladesub10	255-26-209-210
5287	1.0658912236940199e-13	nocladesub10	255-26-209-210
5288	2.662020143418343e-05	nocladesub22	255-101-252-104
5289	4.5213272931812704e-11	nocladesub2	255-70-122-242
5290	3.823583934185923e-17	nocladesub12	255-122-4-2
5291	7.251234890287042e-07	nocladesub2	255-70-122-242
5292	8.813210163771257e-08	nocladesub2	255-70-122-242
5293	2.791054968615748e-11	nocladesub10	255-26-209-210
5294	1.8817915085158248e-11	nocladesub2	255-70-122-242
5295	7.993307091833069e-12	nocladesub10	255-26-209-210
5296	8.699439625852791e-10	nocladesub22	255-101-252-104
5297	1.2725531155102029e-15	nocladesub12	255-122-4-2
5298	3.400453594889247e-12	nocladesub22	255-101-252-104
5299	5.86838923161235e-08	nocladesub22	255-101-252-104
5300	3.442796376006724e-13	nocladesub22	255-101-252-104
5301	1.6523859822159348e-11	nocladesub22	255-101-252-104
5302	1.914368229710879e-06	nocladesub2	255-70-122-242
5303	0.0003199429504755	nocladesub22	255-101-252-104
5304	9.868520820983756e-10	nocladesub12	255-122-4-2
5305	4.346648930660658e-19	nocladesub2	255-70-122-242
5306	5.6726858240563846e-14	nocladesub22	255-101-252-104
5307	6.877102055863775e-15	nocladesub2	255-70-122-242
5308	0.0001800592513551	nocladesub22	255-101-252-104
5309	4.09179992506791e-16	nocladesub22	255-101-252-104
5310	5.144405475596783e-13	nocladesub22	255-101-252-104
5311	2.056826700826442e-09	nocladesub12	255-122-4-2
5312	6.033837640367611e-09	nocladesub12	255-122-4-2
5313	7.396285287520058e-11	nocladesub2	255-70-122-242
5314	7.343313374198008e-19	nocladesub2	255-70-122-242
5315	1.978333483625044e-18	nocladesub22	255-101-252-104
5316	6.443308422279822e-17	nocladesub2	255-70-122-242
5317	1.4465340683670378e-12	nocladesub22	255-101-252-104
5318	7.96888662003574e-15	nocladesub22	255-101-252-104
5319	1.3863979585649868e-14	nocladesub12	255-122-4-2
5320	2.334983205765796e-18	nocladesub2	255-70-122-242
5321	7.29573455818198e-16	nocladesub12	255-122-4-2
5322	2.932164071715566e-07	nocladesub20	255-212-231-53
5323	1.85641914206922e-14	nocladesub10	255-26-209-210
5324	2.3169027590719764e-06	nocladesub2	255-70-122-242
5325	9.707422709172359e-17	nocladesub10	255-26-209-210
5326	3.1656393690276004e-15	nocladesub2	255-70-122-242
5327	4.263220433791503e-08	nocladesub22	255-101-252-104
5328	1.6140796722265403e-06	nocladesub2	255-70-122-242
5329	9.29674601358805e-09	nocladesub2	255-70-122-242
5330	6.373863720327202e-16	nocladesub2	255-70-122-242
5331	5.184976734189634e-20	nocladesub2	255-70-122-242
5332	1.2291942550184365e-12	nocladesub2	255-70-122-242
5333	7.64837973316277e-19	nocladesub2	255-70-122-242
5334	1.5869487556165306e-14	nocladesub2	255-70-122-242
5335	2.26676575070207e-18	nocladesub2	255-70-122-242
5336	8.258353493676911e-14	nocladesub12	255-122-4-2
5337	8.841551411415373e-15	nocladesub2	255-70-122-242
5338	0.0091686582912015	nocladesub22	255-101-252-104
5339	0.0002207537015184	nocladesub22	255-101-252-104
5340	0.0533670077060458	clade6sub19	255-254-152-44
5341	0.0010928520384537	nocladesub22	255-101-252-104
5342	0.0005387472259669	nocladesub22	255-101-252-104
5343	0.0001438029008642	nocladesub12	255-122-4-2
5344	7.351099626078855e-05	nocladesub12	255-122-4-2
5345	0.0020577752784478	nocladesub2	255-70-122-242
5346	0.0039290997872759	nocladesub2	255-70-122-242
5347	0.0382825330304794	nocladesub2	255-70-122-242
5348	0.0015680595788241	nocladesub2	255-70-122-242
5349	0.1999157422053171	nocladesub2	255-70-122-242
5350	0.0004400859036535	nocladesub2	255-70-122-242
5351	0.0099950295115851	nocladesub2	255-70-122-242
5352	2.2706832646747587e-07	nocladesub2	255-70-122-242
5353	2.649695451570178e-05	nocladesub2	255-70-122-242
5354	0.0002647924259814	nocladesub2	255-70-122-242
5355	0.0063190820252163	nocladesub2	255-70-122-242
5356	0.0491817017237454	nocladesub26	255-217-56-6
5357	4.683163721949003e-05	nocladesub2	255-70-122-242
5358	4.648787594239336e-05	nocladesub2	255-70-122-242
5359	0.0017716992722577	nocladesub2	255-70-122-242
5360	0.0097467395403909	nocladesub2	255-70-122-242
5361	0.000387854045476	nocladesub26	255-217-56-6
5362	5.336012616861137e-12	nocladesub26	255-217-56-6
5363	2.8937802033702567e-14	nocladesub10	255-26-209-210
5364	3.97463228063243e-18	nocladesub20	255-212-231-53
5365	8.578362188946318e-19	nocladesub12	255-122-4-2
5366	2.1490595816494283e-22	nocladesub20	255-212-231-53
5367	4.784495363986017e-13	nocladesub12	255-122-4-2
5368	7.614393065042785e-18	nocladesub20	255-212-231-53
5369	2.9665268474194226e-21	nocladesub20	255-212-231-53
5370	1.841535207205853e-08	nocladesub12	255-122-4-2
5371	1.0793202994040104e-18	nocladesub10	255-26-209-210
5372	5.18600060907025e-23	nocladesub20	255-212-231-53
5373	7.792287439274247e-16	nocladesub12	255-122-4-2
5374	4.3160903320897046e-15	nocladesub10	255-26-209-210
5375	1.529078455308055e-12	nocladesub20	255-212-231-53
5376	7.53374483971087e-18	nocladesub10	255-26-209-210
5377	3.957209531841896e-10	nocladesub22	255-101-252-104
5378	3.762381635337494e-07	nocladesub22	255-101-252-104
5379	3.479756007493586e-07	nocladesub20	255-212-231-53
5380	1.9278321252157966e-10	nocladesub12	255-122-4-2
5381	0.0003250191135942	nocladesub22	255-101-252-104
5382	0.0003247695969447	nocladesub12	255-122-4-2
5383	7.575396143395269e-05	nocladesub2	255-70-122-242
5384	0.001260887232606	nocladesub22	255-101-252-104
5385	6.477077183538652e-05	nocladesub22	255-101-252-104
5386	0.0002207537015184	nocladesub22	255-101-252-104
5387	0.000182711688875	nocladesub22	255-101-252-104
5388	0.001030671964458	nocladesub2	255-70-122-242
5389	7.587440144002977e-08	nocladesub2	255-70-122-242
5390	0.0004142348718631	nocladesub2	255-70-122-242
5391	0.0026826358601576	nocladesub2	255-70-122-242
5392	4.811683608185056e-06	nocladesub22	255-101-252-104
5393	2.3489915798056524e-05	nocladesub22	255-101-252-104
5394	0.0003444314643523	nocladesub2	255-70-122-242
5395	0.0062637227642499	nocladesub2	255-70-122-242
5396	6.686233684183267e-06	nocladesub2	255-70-122-242
5397	0.0004781205836843	nocladesub2	255-70-122-242
5398	0.0048664115752627	nocladesub10	255-26-209-210
5399	0.00295140374719	nocladesub2	255-70-122-242
5400	8.544701467535903e-06	nocladesub2	255-70-122-242
5401	0.0003703624751859	nocladesub2	255-70-122-242
5402	2.0931988507147182e-16	nocladesub20	255-212-231-53
5403	6.860061229995466e-10	nocladesub12	255-122-4-2
5404	1.1862544577704003e-19	nocladesub22	255-101-252-104
5405	1.5285165548956556e-12	nocladesub20	255-212-231-53
5406	4.302434663019396e-16	nocladesub20	255-212-231-53
5407	5.836385139869017e-20	nocladesub20	255-212-231-53
5408	9.674763388239723e-11	nocladesub12	255-122-4-2
5409	2.4885470125244507e-20	nocladesub10	255-26-209-210
5410	7.548446070793057e-21	nocladesub20	255-212-231-53
5411	8.55570595389842e-14	nocladesub12	255-122-4-2
5412	8.06001404638151e-24	nocladesub22	255-101-252-104
5413	2.045407636460483e-21	nocladesub12	255-122-4-2
5414	2.3037189856823246e-20	nocladesub10	255-26-209-210
5415	2.9237094683437923e-18	nocladesub12	255-122-4-2
5416	5.197662825091447e-15	nocladesub22	255-101-252-104
5417	7.978237880637184e-20	nocladesub10	255-26-209-210
5418	5.0169643665254316e-15	nocladesub20	255-212-231-53
5419	1.2922670862116053e-06	nocladesub22	255-101-252-104
5420	1.57207834369992e-15	nocladesub22	255-101-252-104
5421	2.1247058772813204e-09	nocladesub22	255-101-252-104
5422	3.615648472955145e-16	nocladesub22	255-101-252-104
5423	1.5869195582330202e-16	nocladesub12	255-122-4-2
5424	0.0139270331071526	nocladesub22	255-101-252-104
5425	8.636023117189513e-20	nocladesub12	255-122-4-2
5426	3.339090570163852e-07	nocladesub20	255-212-231-53
5427	8.110058060046151e-22	nocladesub2	255-70-122-242
5428	2.59417191449409e-07	nocladesub12	255-122-4-2
5429	0.8893706231277357	nocladesub2	255-70-122-242
5430	2.0233683797219733e-15	nocladesub12	255-122-4-2
5431	0.0020991075418939	nocladesub22	255-101-252-104
5432	3.7980688178442503e-14	nocladesub2	255-70-122-242
5433	0.0013532264244208	nocladesub22	255-101-252-104
5434	0.0001942208296403	nocladesub22	255-101-252-104
5435	3.865739724120232e-11	nocladesub12	255-122-4-2
5436	4.871131854995239e-12	nocladesub12	255-122-4-2
5437	1.8660067283223789e-06	nocladesub22	255-101-252-104
5438	0.0004706480868594	nocladesub2	255-70-122-242
5439	3.394197656267894e-13	nocladesub12	255-122-4-2
5440	6.686989658143636e-05	nocladesub12	255-122-4-2
5441	3.55841648117078e-10	nocladesub12	255-122-4-2
5442	0.0115554945053432	nocladesub2	255-70-122-242
5443	7.092554109523267e-13	nocladesub12	255-122-4-2
5444	8.248124442614448e-09	clade6sub19	255-254-152-44
5445	5.604813531469667e-19	nocladesub22	255-101-252-104
5446	0.0013780459977134	nocladesub22	255-101-252-104
5447	2.6498863162537848e-15	nocladesub10	255-26-209-210
5448	6.389873482472367e-11	nocladesub22	255-101-252-104
5449	0.0006900017722674	nocladesub22	255-101-252-104
5450	3.1037809813289425e-14	nocladesub20	255-212-231-53
5451	2.508714364530884e-10	nocladesub22	255-101-252-104
5452	1.5254170556362449e-15	nocladesub10	255-26-209-210
5453	2.8460556573242365e-08	nocladesub20	255-212-231-53
5454	1.899036970741616e-12	nocladesub22	255-101-252-104
5455	4.063345379283793e-15	nocladesub22	255-101-252-104
5456	5.505458479758803e-08	nocladesub22	255-101-252-104
5457	1.9298676595853142e-10	nocladesub2	255-70-122-242
5458	6.991756673803861e-10	nocladesub22	255-101-252-104
5459	0.0001386830953963	nocladesub2	255-70-122-242
5460	1.0820484949827084e-09	nocladesub12	255-122-4-2
5461	2.2445189807830917e-08	nocladesub2	255-70-122-242
5462	8.673534502186684e-06	nocladesub22	255-101-252-104
5463	3.3235568739522786e-22	nocladesub20	255-212-231-53
5464	1.67136682342101e-18	nocladesub2	255-70-122-242
5465	0.9674350205565414	nocladesub2	255-70-122-242
5466	0.529638057572326	nocladesub2	255-70-122-242
5467	0.4606495233907259	nocladesub10	255-26-209-210
5468	0.9994522864513462	nocladesub2	255-70-122-242
5469	0.5637118149462346	nocladesub10	255-26-209-210
5470	0.8550709026620185	nocladesub2	255-70-122-242
5471	0.9877426829558702	nocladesub2	255-70-122-242
5472	0.7531847677674427	nocladesub10	255-26-209-210
5473	0.8372095566886337	nocladesub10	255-26-209-210
5474	0.1245286960784663	nocladesub10	255-26-209-210
5475	0.0171654243757409	nocladesub26	255-217-56-6
5476	0.1053607527186173	nocladesub2	255-70-122-242
5477	5.820560256610734e-15	nocladesub2	255-70-122-242
5478	1.80933234513128e-16	nocladesub2	255-70-122-242
5479	1.714106905028744e-17	nocladesub12	255-122-4-2
5480	3.456331297553623e-08	nocladesub2	255-70-122-242
5481	0.0028655613667825	nocladesub2	255-70-122-242
5482	2.9411322138099665e-07	nocladesub2	255-70-122-242
5483	0.0001188095236942	nocladesub10	255-26-209-210
5484	5.90333937133836e-10	nocladesub2	255-70-122-242
5485	5.558415877487619e-09	nocladesub2	255-70-122-242
5486	0.1383225490849351	nocladesub12	255-122-4-2
5487	0.0001022190230773	nocladesub22	255-101-252-104
5488	0.0490997080549056	clade6sub19	255-254-152-44
5489	9.980139905911866e-05	clade6sub19	255-254-152-44
5490	0.0001120302959504	nocladesub26	255-217-56-6
5491	0.0059761802980727	clade6sub19	255-254-152-44
5492	0.0006476792390102	nocladesub2	255-70-122-242
5493	0.0008902629349526	nocladesub22	255-101-252-104
5494	0.0020038380613493	nocladesub2	255-70-122-242
5495	0.1877652675184558	nocladesub2	255-70-122-242
5496	0.0024926828347722	nocladesub2	255-70-122-242
5497	0.0009107301822701	nocladesub22	255-101-252-104
5498	0.0001290382713142	nocladesub2	255-70-122-242
5499	0.0017151426712449	nocladesub22	255-101-252-104
5500	4.824362099858018e-06	nocladesub22	255-101-252-104
5501	4.822660879565576e-06	nocladesub22	255-101-252-104
5502	4.824362099858018e-06	nocladesub22	255-101-252-104
5503	2.340614242893483e-13	nocladesub2	255-70-122-242
5504	3.303759696549829e-13	nocladesub12	255-122-4-2
5505	4.9880004659615976e-11	nocladesub10	255-26-209-210
5506	1.0975637617999366e-12	nocladesub12	255-122-4-2
5507	2.0526583158449183e-06	nocladesub2	255-70-122-242
5508	0.1470220963001667	nocladesub10	255-26-209-210
5509	0.2488300502471105	nocladesub2	255-70-122-242
5510	0.2701581016514489	nocladesub10	255-26-209-210
5511	6.485682957630307e-17	nocladesub12	255-122-4-2
5512	0.993353162553042	nocladesub2	255-70-122-242
5513	8.499445548670633e-16	nocladesub12	255-122-4-2
5514	7.872282524934801e-16	nocladesub12	255-122-4-2
5515	7.872282524934801e-16	nocladesub12	255-122-4-2
5516	5.878220001847548e-20	nocladesub12	255-122-4-2
5517	0.00602072951974	nocladesub20	255-212-231-53
5518	3.208938772627881e-08	nocladesub20	255-212-231-53
5519	0.0007082584127663	nocladesub2	255-70-122-242
5520	0.0050530899976735	nocladesub22	255-101-252-104
5521	0.0004683357078261	nocladesub2	255-70-122-242
5522	2.9916439480531385e-10	nocladesub20	255-212-231-53
5523	2.3520496221035368e-09	nocladesub22	255-101-252-104
5524	1.0417901091156507e-09	nocladesub22	255-101-252-104
5525	2.6302179079995048e-21	nocladesub2	255-70-122-242
5526	0.0111767091278081	nocladesub20	255-212-231-53
5527	1.6894575263106956e-08	nocladesub2	255-70-122-242
5528	8.534084505934281e-05	nocladesub2	255-70-122-242
5529	8.977288516173882e-06	nocladesub2	255-70-122-242
5530	1.6204683071877058e-06	nocladesub2	255-70-122-242
5531	3.104441554521948e-06	nocladesub2	255-70-122-242
5532	6.104783650575568e-05	nocladesub2	255-70-122-242
5533	0.0030288593539853	nocladesub2	255-70-122-242
5534	0.0031381398632926	nocladesub26	255-217-56-6
5535	0.0607802952173648	nocladesub26	255-217-56-6
5536	0.0026399326094677	nocladesub2	255-70-122-242
5537	0.0183417827559382	nocladesub10	255-26-209-210
5538	0.0001434535827078	nocladesub22	255-101-252-104
5539	6.560715645874755e-05	nocladesub2	255-70-122-242
5540	0.001867472776265	nocladesub2	255-70-122-242
5541	0.002679060991199	nocladesub2	255-70-122-242
5542	1.482019589860174e-06	nocladesub12	255-122-4-2
5543	8.495478779444351e-17	nocladesub12	255-122-4-2
5544	0.0327317215997422	clade6sub19	255-254-152-44
5545	8.517884074622898e-13	nocladesub12	255-122-4-2
5546	3.1078749538545383e-16	nocladesub12	255-122-4-2
5547	0.0009334725072344	nocladesub2	255-70-122-242
5548	1.3269396127571022e-10	nocladesub10	255-26-209-210
5549	6.065673648211754e-06	nocladesub2	255-70-122-242
5550	8.489375536898234e-08	nocladesub2	255-70-122-242
5551	2.421256015963869e-06	nocladesub10	255-26-209-210
5552	3.113866213840085e-16	nocladesub2	255-70-122-242
5553	1.298167023040166e-11	nocladesub10	255-26-209-210
5554	2.441504497944865e-10	nocladesub2	255-70-122-242
5555	7.370675396932038e-06	nocladesub10	255-26-209-210
5556	2.4696411184143236e-10	nocladesub22	255-101-252-104
5557	4.562144010213389e-11	nocladesub2	255-70-122-242
5558	4.4836670229531357e-11	nocladesub22	255-101-252-104
5559	5.539653860599397e-08	nocladesub22	255-101-252-104
5560	5.812001304534973e-11	nocladesub22	255-101-252-104
5561	2.353391256151028e-16	nocladesub2	255-70-122-242
5562	2.9410027421270935e-08	nocladesub2	255-70-122-242
5563	2.2710002268285688e-10	nocladesub2	255-70-122-242
5564	1.5451876078951876e-07	nocladesub20	255-212-231-53
5565	1.1122514945971438e-05	nocladesub20	255-212-231-53
5566	4.374995423584519e-11	nocladesub22	255-101-252-104
5567	2.151643039851081e-10	nocladesub12	255-122-4-2
5568	0.0042889428825538	nocladesub20	255-212-231-53
5569	9.087118183576038e-09	nocladesub20	255-212-231-53
5570	0.0004097933131987	nocladesub2	255-70-122-242
5571	0.0011355506360337	nocladesub2	255-70-122-242
5572	1.407027289623295e-09	nocladesub2	255-70-122-242
5573	0.0032969433579477	nocladesub2	255-70-122-242
5574	7.846134428652705e-11	nocladesub2	255-70-122-242
5575	0.17240169944737	nocladesub12	255-122-4-2
5576	2.837638717250157e-05	nocladesub12	255-122-4-2
5577	0.0307316035697701	nocladesub2	255-70-122-242
5578	2.6186187315556345e-08	nocladesub2	255-70-122-242
5579	0.0003454778541661	nocladesub26	255-217-56-6
5580	8.642232656094515e-06	nocladesub2	255-70-122-242
5581	0.0012305669367767	nocladesub2	255-70-122-242
5582	0.00058611268813	nocladesub22	255-101-252-104
5583	0.0001500835876288	nocladesub22	255-101-252-104
5584	0.230276773518817	clade6sub19	255-254-152-44
5585	0.0005224217716997	nocladesub22	255-101-252-104
5586	0.0040716340328903	clade6sub19	255-254-152-44
5587	0.0069211200478885	nocladesub2	255-70-122-242
5588	6.497403548912485e-05	nocladesub2	255-70-122-242
5589	0.0132995875300465	nocladesub20	255-212-231-53
5590	0.0004495574294869	nocladesub2	255-70-122-242
5591	3.0320514108370555e-08	nocladesub2	255-70-122-242
5592	3.686434731609172e-06	nocladesub2	255-70-122-242
5593	9.25051062285581e-07	nocladesub2	255-70-122-242
5594	5.1904908177516397e-11	nocladesub20	255-212-231-53
5595	2.1351738693067867e-10	nocladesub20	255-212-231-53
5596	3.966068275265337e-17	nocladesub20	255-212-231-53
5597	1.9979251906375423e-06	nocladesub12	255-122-4-2
5598	1.7368333626262044e-18	nocladesub22	255-101-252-104
5599	1.2222210527674656e-21	nocladesub12	255-122-4-2
5600	5.550115089188941e-21	nocladesub22	255-101-252-104
5601	9.933611933377949e-08	nocladesub20	255-212-231-53
5602	8.486267810656737e-16	nocladesub22	255-101-252-104
5603	2.400759127647705e-16	nocladesub22	255-101-252-104
5604	6.620046910325836e-18	nocladesub20	255-212-231-53
5605	8.299482134857714e-23	nocladesub12	255-122-4-2
5606	2.4933196519478063e-11	nocladesub10	255-26-209-210
5607	8.795799945020828e-17	nocladesub12	255-122-4-2
5608	1.7945907951323653e-19	nocladesub20	255-212-231-53
5609	1.8571490948077607e-14	nocladesub10	255-26-209-210
5610	6.73838544951576e-17	nocladesub10	255-26-209-210
5611	6.377297757880112e-17	nocladesub20	255-212-231-53
5612	1.5624217806306945e-12	nocladesub10	255-26-209-210
5613	1.4166541320451998e-13	nocladesub10	255-26-209-210
5614	7.651685558812997e-09	nocladesub10	255-26-209-210
5615	6.943435993448409e-11	nocladesub12	255-122-4-2
5616	3.760805589395521e-09	nocladesub22	255-101-252-104
5617	1.1723951227603451e-09	nocladesub12	255-122-4-2
5618	2.547815776487358e-15	nocladesub12	255-122-4-2
5619	8.185423127972835e-10	nocladesub22	255-101-252-104
5620	4.5664592674107494e-07	nocladesub20	255-212-231-53
5621	0.0004760786582284	nocladesub22	255-101-252-104
5622	7.247196480429111e-08	nocladesub2	255-70-122-242
5623	4.769786049994289e-06	nocladesub22	255-101-252-104
5624	1.1554053943421514e-05	nocladesub22	255-101-252-104
5625	0.0006167498998162	nocladesub2	255-70-122-242
5626	0.0024701686900667	nocladesub2	255-70-122-242
5627	1.5104166806058035e-11	nocladesub20	255-212-231-53
5628	0.0673855337556013	nocladesub2	255-70-122-242
5629	0.0065587651777489	nocladesub2	255-70-122-242
5630	0.0001084453089395	nocladesub2	255-70-122-242
5631	0.0062175534076708	nocladesub2	255-70-122-242
5632	0.0001057626007008	nocladesub2	255-70-122-242
5633	0.0003580814696202	nocladesub2	255-70-122-242
5634	0.0020824321686126	nocladesub2	255-70-122-242
5635	0.0003613061467831	nocladesub22	255-101-252-104
5636	0.0015631594310865	nocladesub2	255-70-122-242
5637	2.919443532410297e-05	nocladesub2	255-70-122-242
5638	0.0092423605191877	nocladesub12	255-122-4-2
5639	2.6687927791668055e-20	nocladesub20	255-212-231-53
5640	1.041865738580786e-18	nocladesub20	255-212-231-53
5641	2.6208766452007415e-11	nocladesub12	255-122-4-2
5642	3.960683492512895e-15	nocladesub2	255-70-122-242
5643	1.0720246714337856e-20	nocladesub10	255-26-209-210
5644	9.06375679337449e-16	nocladesub20	255-212-231-53
5645	4.948678165034457e-17	nocladesub20	255-212-231-53
5646	4.891606103936432e-18	nocladesub20	255-212-231-53
5647	1.0290251829262131e-16	nocladesub10	255-26-209-210
5648	5.46930193486125e-16	nocladesub10	255-26-209-210
5649	1.3779837584878602e-15	nocladesub20	255-212-231-53
5650	1.3738555574464772e-20	nocladesub22	255-101-252-104
5651	1.8038611061738853e-19	nocladesub22	255-101-252-104
5652	5.774269961152844e-19	nocladesub10	255-26-209-210
5653	1.660831226091755e-20	nocladesub12	255-122-4-2
5654	5.145670792625325e-06	nocladesub22	255-101-252-104
5655	3.153629762876707e-08	nocladesub12	255-122-4-2
5656	1.2685592278494435e-05	nocladesub22	255-101-252-104
5657	2.526425088834764e-07	nocladesub20	255-212-231-53
5658	6.506436366728788e-08	nocladesub12	255-122-4-2
5659	2.911625446114204e-22	nocladesub2	255-70-122-242
5660	2.0791371020074072e-18	nocladesub2	255-70-122-242
5661	5.979347695502512e-09	nocladesub12	255-122-4-2
5662	3.5427126982831485e-07	nocladesub12	255-122-4-2
5663	1.0522213662316228e-05	nocladesub12	255-122-4-2
5664	1.9331456977180817e-14	nocladesub2	255-70-122-242
5665	2.345057219264608e-12	nocladesub2	255-70-122-242
5666	3.9396256020516307e-17	nocladesub2	255-70-122-242
5667	0.0002207537015184	nocladesub22	255-101-252-104
5668	0.000264971038657	nocladesub22	255-101-252-104
5669	6.275604782505945e-17	nocladesub2	255-70-122-242
5670	0.0001066977679442	nocladesub12	255-122-4-2
5671	0.0002917687611938	nocladesub26	255-217-56-6
5672	1.861513656886266e-20	nocladesub22	255-101-252-104
5673	2.6823511134803153e-13	nocladesub10	255-26-209-210
5674	3.5212894223758835e-11	nocladesub10	255-26-209-210
5675	1.7880598512586634e-12	nocladesub22	255-101-252-104
5676	3.619006428640977e-17	nocladesub10	255-26-209-210
5677	2.1372993213175665e-07	nocladesub2	255-70-122-242
5678	1.1069136034631672e-09	nocladesub10	255-26-209-210
5679	5.959774189516369e-11	nocladesub10	255-26-209-210
5680	1.2842229335934758e-10	nocladesub22	255-101-252-104
5681	1.4067334701691596e-08	nocladesub22	255-101-252-104
5682	9.956203862098447e-11	nocladesub12	255-122-4-2
5683	2.0629591115327354e-10	nocladesub2	255-70-122-242
5684	1.39633721048648e-07	nocladesub22	255-101-252-104
5685	4.7339230328326477e-11	nocladesub12	255-122-4-2
5686	3.6771189169590746e-10	nocladesub12	255-122-4-2
5687	1.7549359079828947e-10	nocladesub12	255-122-4-2
5688	3.334337877766286e-20	nocladesub2	255-70-122-242
5689	1.799439493066867e-19	nocladesub2	255-70-122-242
5690	0.7069289634994181	nocladesub10	255-26-209-210
5691	0.5353440659017519	nocladesub10	255-26-209-210
5692	1.0255889549614813e-07	nocladesub12	255-122-4-2
5693	0.0769681348157469	nocladesub10	255-26-209-210
5694	0.5222460439632036	nocladesub10	255-26-209-210
5695	0.6861929830445468	nocladesub12	255-122-4-2
5696	0.6888546978373038	nocladesub12	255-122-4-2
5697	0.0044262682893568	nocladesub10	255-26-209-210
5698	0.0371670033189115	nocladesub10	255-26-209-210
5699	0.356538024857592	nocladesub12	255-122-4-2
5700	5.1080246916244645e-05	nocladesub12	255-122-4-2
5701	9.66812041833658e-05	nocladesub10	255-26-209-210
5702	0.0004733855645323	nocladesub2	255-70-122-242
5703	0.0027949047845414	nocladesub2	255-70-122-242
5704	0.0003967278511118	nocladesub2	255-70-122-242
5705	0.0084264937209323	nocladesub2	255-70-122-242
5706	0.005253891616848	nocladesub10	255-26-209-210
5707	0.0012853127789509	nocladesub12	255-122-4-2
5708	1.5137589865350942e-08	nocladesub2	255-70-122-242
5709	3.6458156690539715e-17	nocladesub12	255-122-4-2
5710	1.1503165043900017e-18	nocladesub2	255-70-122-242
5711	3.19958732863273e-19	nocladesub12	255-122-4-2
5712	2.365262982315706e-16	nocladesub12	255-122-4-2
5713	1.4056925172148707e-19	nocladesub10	255-26-209-210
5714	9.240165811890364e-06	nocladesub2	255-70-122-242
5715	0.0003686422390421	nocladesub2	255-70-122-242
5716	0.1178724060506737	nocladesub2	255-70-122-242
5717	8.205718512512017e-05	nocladesub22	255-101-252-104
5718	9.238267593216617e-06	nocladesub12	255-122-4-2
5719	0.0001604709263896	nocladesub2	255-70-122-242
5720	0.0029028178973924	nocladesub12	255-122-4-2
5721	0.014717177871743	nocladesub2	255-70-122-242
5722	0.0002570813886931	nocladesub22	255-101-252-104
5723	0.0001525411196921	nocladesub2	255-70-122-242
5724	0.0022637601273124	nocladesub22	255-101-252-104
5725	0.001098466005121	nocladesub22	255-101-252-104
5726	0.0018960336860657	nocladesub22	255-101-252-104
5727	0.0001610791881679	nocladesub2	255-70-122-242
5728	0.0007347040675036	nocladesub22	255-101-252-104
5729	0.0001228978594033	clade6sub19	255-254-152-44
5730	2.908002626692853e-05	nocladesub22	255-101-252-104
5731	0.0057166670667234	clade6sub19	255-254-152-44
5732	6.128646137018626e-08	nocladesub22	255-101-252-104
5733	1.8680586386431e-06	nocladesub22	255-101-252-104
5734	0.065702343212121	nocladesub22	255-101-252-104
5735	0.0003075593722951	nocladesub22	255-101-252-104
5736	0.0006050122846304	nocladesub22	255-101-252-104
5737	5.148966543482653e-13	nocladesub2	255-70-122-242
5738	4.265970863707276e-18	nocladesub10	255-26-209-210
5739	1.3613344574321508e-10	nocladesub12	255-122-4-2
5740	0.0959252092201868	nocladesub12	255-122-4-2
5741	0.0249727611909698	nocladesub12	255-122-4-2
5742	0.1998280404512779	nocladesub12	255-122-4-2
5743	0.0001776144671317	nocladesub10	255-26-209-210
5744	0.1819839592731628	nocladesub12	255-122-4-2
5745	0.5281995691898601	nocladesub12	255-122-4-2
5746	0.0028777077979761	nocladesub10	255-26-209-210
5747	0.2112003166033095	nocladesub10	255-26-209-210
5748	0.0009892684573737	nocladesub10	255-26-209-210
5749	0.0007556425507794	nocladesub12	255-122-4-2
5750	0.000295714470526	nocladesub12	255-122-4-2
5751	0.0019528432593962	nocladesub10	255-26-209-210
5752	0.0019063076031951	nocladesub2	255-70-122-242
5753	0.9973274460113654	nocladesub2	255-70-122-242
5754	0.999117639722878	nocladesub2	255-70-122-242
5755	0.0011379752952391	nocladesub2	255-70-122-242
5756	0.9996218544521996	nocladesub2	255-70-122-242
5757	0.0129646417872786	nocladesub2	255-70-122-242
5758	0.9718631735580938	nocladesub2	255-70-122-242
5759	2.612645772254501e-15	clade6sub19	255-254-152-44
5760	0.0290923833187501	nocladesub20	255-212-231-53
5761	2.4184242571510668e-14	nocladesub2	255-70-122-242
5762	0.0001838835075681	clade6sub19	255-254-152-44
5763	1.0137802032101827e-05	clade6sub19	255-254-152-44
5764	0.0274517728776958	nocladesub20	255-212-231-53
5765	0.0037161832338674	nocladesub2	255-70-122-242
5766	0.0016984292291074	nocladesub2	255-70-122-242
5767	0.0002740199811305	clade6sub19	255-254-152-44
5768	0.0008130537017969	nocladesub2	255-70-122-242
5769	0.0021954019829915	nocladesub2	255-70-122-242
5770	0.0102341234620909	nocladesub20	255-212-231-53
5771	3.352290968532176e-05	nocladesub22	255-101-252-104
5772	9.414511017587072e-05	nocladesub26	255-217-56-6
5773	0.023739580033596	nocladesub2	255-70-122-242
5774	0.0629321393847889	nocladesub2	255-70-122-242
5775	0.0121290924327912	nocladesub2	255-70-122-242
5776	0.001238208806108	nocladesub2	255-70-122-242
5777	0.0391586358816616	nocladesub2	255-70-122-242
5778	0.0026528483742085	nocladesub2	255-70-122-242
5779	8.725196865943088e-06	nocladesub2	255-70-122-242
5780	0.0199398671296787	nocladesub22	255-101-252-104
5781	0.0140603901156147	nocladesub10	255-26-209-210
5782	2.8745953071180054e-15	nocladesub12	255-122-4-2
5783	3.427272837693427e-16	nocladesub2	255-70-122-242
5784	6.301268713308225e-15	nocladesub12	255-122-4-2
5785	8.471725858019927e-16	nocladesub20	255-212-231-53
5786	0.0012594717907317	nocladesub2	255-70-122-242
5787	1.7062547974109448e-19	nocladesub12	255-122-4-2
5788	5.1065342799127774e-05	nocladesub12	255-122-4-2
5789	1.5327384953745418e-17	nocladesub2	255-70-122-242
5790	4.8950188849371375e-11	nocladesub10	255-26-209-210
5791	6.226541146810565e-18	nocladesub12	255-122-4-2
5792	5.5881429105423695e-05	nocladesub10	255-26-209-210
5793	7.551006352286809e-16	nocladesub2	255-70-122-242
5794	0.0201599481274722	nocladesub2	255-70-122-242
5795	0.0402043849628346	nocladesub22	255-101-252-104
5796	1.1156768982257049e-06	nocladesub2	255-70-122-242
5797	8.986581225537551e-15	nocladesub22	255-101-252-104
5798	2.100084455836644e-07	nocladesub2	255-70-122-242
5799	0.0336920301263996	nocladesub22	255-101-252-104
5800	1.0037998403495827e-05	nocladesub2	255-70-122-242
5801	0.0039033901764169	nocladesub20	255-212-231-53
5802	0.1078704810866717	nocladesub20	255-212-231-53
5803	0.0079089112133324	nocladesub2	255-70-122-242
5804	9.807105627584988e-05	nocladesub2	255-70-122-242
5805	0.0026679816880104	nocladesub2	255-70-122-242
5806	0.0079456457170827	nocladesub2	255-70-122-242
5807	0.9008917913682742	nocladesub2	255-70-122-242
5808	0.085614894548058	nocladesub2	255-70-122-242
5809	0.0123897736916461	nocladesub12	255-122-4-2
5810	1.8338648283824572e-14	nocladesub10	255-26-209-210
5811	0.0099006160326489	nocladesub2	255-70-122-242
5812	2.937673994896415e-05	nocladesub22	255-101-252-104
5813	1.4708917571411836e-07	nocladesub22	255-101-252-104
5814	5.878801743130599e-05	nocladesub2	255-70-122-242
5815	2.343659124778384e-08	nocladesub2	255-70-122-242
5816	0.0001122734470785	nocladesub2	255-70-122-242
5817	6.265782022979979e-05	clade6sub19	255-254-152-44
5818	0.0001746084645698	nocladesub2	255-70-122-242
5819	0.0001220950479012	nocladesub12	255-122-4-2
5820	6.711302170163404e-13	nocladesub2	255-70-122-242
5821	0.0001519978416524	clade6sub19	255-254-152-44
5822	0.0065917762444884	nocladesub12	255-122-4-2
5823	6.243397856758907e-07	nocladesub2	255-70-122-242
5824	0.0269677097491009	nocladesub12	255-122-4-2
5825	0.007680012269345	nocladesub22	255-101-252-104
5826	0.0031869711558718	nocladesub12	255-122-4-2
5827	3.46606978744274e-14	nocladesub20	255-212-231-53
5828	0.00093798024261	nocladesub10	255-26-209-210
5829	0.0138370564784232	nocladesub2	255-70-122-242
5830	2.628442359287567e-05	nocladesub12	255-122-4-2
5831	4.167412415752966e-06	nocladesub2	255-70-122-242
5832	0.0017040777332577	nocladesub2	255-70-122-242
5833	5.090914504060471e-09	nocladesub12	255-122-4-2
5834	1.9093747411745604e-06	nocladesub20	255-212-231-53
5835	1.5717033049974944e-17	nocladesub10	255-26-209-210
5836	2.6108936087947442e-15	nocladesub2	255-70-122-242
5837	3.2177027375253563e-19	nocladesub20	255-212-231-53
5838	1.2844591876985331e-08	nocladesub12	255-122-4-2
5839	1.949741780239483e-12	nocladesub20	255-212-231-53
5840	2.0725152426836085e-14	nocladesub20	255-212-231-53
5841	1.2089643365984755e-16	nocladesub20	255-212-231-53
5842	1.1840724646808682e-16	nocladesub20	255-212-231-53
5843	4.851457714368678e-22	nocladesub12	255-122-4-2
5844	6.022731048247733e-19	nocladesub12	255-122-4-2
5845	1.9442877591599615e-16	nocladesub10	255-26-209-210
5846	8.287494745235907e-14	nocladesub20	255-212-231-53
5847	1.299732312144309e-18	nocladesub10	255-26-209-210
5848	3.8635130345622186e-17	nocladesub20	255-212-231-53
5849	1.1080919504788438e-17	nocladesub20	255-212-231-53
5850	1.6521947653095925e-18	nocladesub20	255-212-231-53
5851	3.599551936308842e-18	nocladesub20	255-212-231-53
5852	3.376280629117789e-19	nocladesub10	255-26-209-210
5853	6.36400625511908e-17	nocladesub10	255-26-209-210
5854	1.169962654207635e-16	nocladesub10	255-26-209-210
5855	2.662227021502149e-20	nocladesub10	255-26-209-210
5856	2.781173812657853e-11	nocladesub12	255-122-4-2
5857	4.623227819392921e-09	nocladesub22	255-101-252-104
5858	2.996286810717327e-08	nocladesub12	255-122-4-2
5859	4.5631323005881214e-10	nocladesub22	255-101-252-104
5860	3.148507778769576e-11	nocladesub12	255-122-4-2
5861	2.1924325756439647e-09	nocladesub22	255-101-252-104
5862	7.034112130907785e-11	nocladesub20	255-212-231-53
5863	8.135338869017974e-09	nocladesub22	255-101-252-104
5864	4.6686167499747236e-09	nocladesub22	255-101-252-104
5865	1.856413267161672e-12	nocladesub12	255-122-4-2
5866	4.749611035254363e-05	nocladesub22	255-101-252-104
5867	4.769786049994289e-06	nocladesub22	255-101-252-104
5868	6.074198568745921e-05	nocladesub22	255-101-252-104
5869	0.0002144026457696	nocladesub2	255-70-122-242
5870	3.352290968532176e-05	nocladesub22	255-101-252-104
5871	0.0002959320318986	nocladesub22	255-101-252-104
5872	5.250855426742549e-05	nocladesub22	255-101-252-104
5873	1.0022597592161624e-11	nocladesub20	255-212-231-53
5874	5.250855426742549e-05	nocladesub22	255-101-252-104
5875	0.0008687624749322	nocladesub22	255-101-252-104
5876	9.022080227830862e-07	nocladesub20	255-212-231-53
5877	6.024500244238234e-12	nocladesub20	255-212-231-53
5878	0.0001026613066835	nocladesub2	255-70-122-242
5879	1.249747893780562e-05	nocladesub22	255-101-252-104
5880	0.0001142629622136	nocladesub22	255-101-252-104
5881	3.5001925766319913e-13	nocladesub10	255-26-209-210
5882	5.819405669057691e-05	nocladesub2	255-70-122-242
5883	0.0001681299606972	nocladesub2	255-70-122-242
5884	2.309553193412908e-05	nocladesub22	255-101-252-104
5885	0.0002143290652299	nocladesub22	255-101-252-104
5886	2.527453197568963e-07	nocladesub12	255-122-4-2
5887	8.756016188060971e-20	nocladesub20	255-212-231-53
5888	6.6341661979639625e-18	nocladesub20	255-212-231-53
5889	7.565744238996181e-18	nocladesub20	255-212-231-53
5890	4.0600221430882995e-18	nocladesub20	255-212-231-53
5891	5.797316935755394e-15	nocladesub20	255-212-231-53
5892	2.106756188530805e-17	nocladesub20	255-212-231-53
5893	7.822401157014268e-19	nocladesub20	255-212-231-53
5894	2.0720714696517122e-17	nocladesub20	255-212-231-53
5895	9.354536747190705e-18	nocladesub20	255-212-231-53
5896	1.9808157392956239e-16	nocladesub20	255-212-231-53
5897	3.7717325920874895e-14	nocladesub10	255-26-209-210
5898	2.447922369195017e-17	nocladesub20	255-212-231-53
5899	1.0398678133711512e-16	nocladesub20	255-212-231-53
5900	9.02636477233758e-16	nocladesub22	255-101-252-104
5901	9.6975281994169e-12	nocladesub22	255-101-252-104
5902	1.5134500585522626e-13	nocladesub22	255-101-252-104
5903	5.03056612211701e-07	nocladesub20	255-212-231-53
5904	3.710907600097087e-10	nocladesub12	255-122-4-2
5905	4.316852995151899e-09	nocladesub22	255-101-252-104
5906	1.3774170893449776e-08	nocladesub12	255-122-4-2
5907	1.180683741457659e-22	nocladesub20	255-212-231-53
5908	4.4813809500352105e-08	nocladesub12	255-122-4-2
5909	2.037348923419608e-09	nocladesub12	255-122-4-2
5910	1.5933252646238917e-15	nocladesub2	255-70-122-242
5911	1.4482833424887438e-06	nocladesub12	255-122-4-2
5912	0.0003770043662375	nocladesub22	255-101-252-104
5913	2.0097755063209525e-12	nocladesub2	255-70-122-242
5914	0.0002207537015184	nocladesub22	255-101-252-104
5915	0.0003616557870081	nocladesub22	255-101-252-104
5916	1.5834373604646016e-09	nocladesub2	255-70-122-242
5917	3.467571835592892e-20	nocladesub10	255-26-209-210
5918	0.0002055143848172	nocladesub22	255-101-252-104
5919	0.0292799924020526	nocladesub10	255-26-209-210
5920	2.9114866943632e-13	nocladesub2	255-70-122-242
5921	0.0001375402588567	nocladesub2	255-70-122-242
5922	4.462739685687174e-16	nocladesub12	255-122-4-2
5923	8.152099065406643e-09	nocladesub22	255-101-252-104
5924	6.48323819478483e-17	nocladesub12	255-122-4-2
5925	4.1133106430812735e-06	nocladesub22	255-101-252-104
5926	3.1868318402860417e-17	nocladesub12	255-122-4-2
5927	1.1443176085337391e-20	nocladesub10	255-26-209-210
5928	4.133238587914604e-11	nocladesub12	255-122-4-2
5929	0.005871670042546	nocladesub12	255-122-4-2
5930	5.606699021613836e-05	nocladesub12	255-122-4-2
5931	0.0001227001499568	nocladesub22	255-101-252-104
5932	5.228283912004976e-07	nocladesub10	255-26-209-210
5933	8.717509641800776e-05	nocladesub22	255-101-252-104
5934	1.0216702072295996e-14	nocladesub10	255-26-209-210
5935	5.163905171611237e-10	nocladesub12	255-122-4-2
5936	4.757853182319874e-09	nocladesub22	255-101-252-104
5937	1.452952915396518e-07	nocladesub22	255-101-252-104
5938	8.081153499424218e-11	nocladesub12	255-122-4-2
5939	1.9504848343042237e-10	nocladesub12	255-122-4-2
5940	1.1999955182574566e-08	nocladesub12	255-122-4-2
5941	6.209424220465714e-09	nocladesub12	255-122-4-2
5942	2.619239286973673e-09	nocladesub12	255-122-4-2
5943	1.8195237962103595e-10	nocladesub12	255-122-4-2
5944	2.1167618603473466e-07	nocladesub12	255-122-4-2
5945	1.0522123555115232e-08	nocladesub12	255-122-4-2
5946	6.276982375449111e-05	nocladesub12	255-122-4-2
5947	3.3544835876826275e-22	nocladesub2	255-70-122-242
5948	0.991974707172568	nocladesub2	255-70-122-242
5949	0.9947112703852036	nocladesub2	255-70-122-242
5950	0.9982809430129688	nocladesub2	255-70-122-242
5951	0.9942663654784052	nocladesub2	255-70-122-242
5952	0.981462719682176	nocladesub2	255-70-122-242
5953	0.969753437922386	nocladesub2	255-70-122-242
5954	0.579540479778667	nocladesub2	255-70-122-242
5955	0.5796001861049546	nocladesub10	255-26-209-210
5956	0.2840119129310957	nocladesub10	255-26-209-210
5957	6.224243551063185e-05	nocladesub12	255-122-4-2
5958	0.0555764321890652	nocladesub10	255-26-209-210
5959	0.7474833784894813	nocladesub2	255-70-122-242
5960	3.2892013268983646e-05	nocladesub10	255-26-209-210
5961	0.0002627308645401	nocladesub2	255-70-122-242
5962	1.6151944474578107e-05	nocladesub12	255-122-4-2
5963	0.129583699738307	nocladesub2	255-70-122-242
5964	7.498306585303171e-05	nocladesub10	255-26-209-210
5965	0.0027150146372071	nocladesub10	255-26-209-210
5966	3.061365660086942e-18	nocladesub2	255-70-122-242
5967	1.0273853655991765e-19	nocladesub10	255-26-209-210
5968	0.0044179687560297	nocladesub10	255-26-209-210
5969	0.0051113242744295	nocladesub26	255-217-56-6
5970	0.0019798629344379	nocladesub2	255-70-122-242
5971	4.277310087717805e-06	nocladesub2	255-70-122-242
5972	0.001025343556178	nocladesub2	255-70-122-242
5973	0.0001445383425455	nocladesub2	255-70-122-242
5974	0.0010539214072785	nocladesub2	255-70-122-242
5975	0.0001596306949744	nocladesub2	255-70-122-242
5976	1.929537324342649e-05	nocladesub2	255-70-122-242
5977	5.229844131874634e-05	nocladesub22	255-101-252-104
5978	1.1543121665838943e-09	nocladesub22	255-101-252-104
5979	4.197781173535508e-05	nocladesub22	255-101-252-104
5980	5.0610408557775866e-05	nocladesub22	255-101-252-104
5981	5.229844131874634e-05	nocladesub22	255-101-252-104
5982	0.0001799114194019	nocladesub2	255-70-122-242
5983	0.0002144026457696	nocladesub2	255-70-122-242
5984	0.0140599437149286	nocladesub22	255-101-252-104
5985	0.0001040345825169	nocladesub2	255-70-122-242
5986	0.0008464233605584	nocladesub2	255-70-122-242
5987	9.136594357258617e-16	nocladesub12	255-122-4-2
5988	9.691848275063855e-14	nocladesub2	255-70-122-242
5989	1.017785081646332e-17	nocladesub10	255-26-209-210
5990	5.606463461352333e-10	nocladesub2	255-70-122-242
5991	0.3267640308803293	nocladesub12	255-122-4-2
5992	0.0015319496076009	nocladesub10	255-26-209-210
5993	3.4137960785925987e-10	nocladesub12	255-122-4-2
5994	0.0004651621673621	nocladesub10	255-26-209-210
5995	1.6010006827643276e-05	clade6sub19	255-254-152-44
5996	2.130033552734949e-05	nocladesub10	255-26-209-210
5997	0.0008836414301529	nocladesub2	255-70-122-242
5998	0.9996381844962624	nocladesub10	255-26-209-210
5999	0.004420611699477	nocladesub2	255-70-122-242
6000	0.9219198760428564	nocladesub10	255-26-209-210
6001	0.1201628842007605	nocladesub10	255-26-209-210
6002	0.3670874578172803	nocladesub2	255-70-122-242
6003	0.2297619173578876	nocladesub2	255-70-122-242
6004	0.9661954661383456	nocladesub2	255-70-122-242
6005	0.0044846121629875	nocladesub2	255-70-122-242
6006	0.5036226854929461	nocladesub2	255-70-122-242
6007	0.0006313438256894	nocladesub2	255-70-122-242
6008	0.0001645044710115	nocladesub22	255-101-252-104
6009	0.3239533172201865	nocladesub2	255-70-122-242
6010	0.3110728419448985	nocladesub2	255-70-122-242
6011	0.0026894778830097	nocladesub2	255-70-122-242
6012	0.9655120345143332	nocladesub2	255-70-122-242
6013	2.3890353426988782e-05	nocladesub2	255-70-122-242
6014	3.3936741493147382e-16	nocladesub12	255-122-4-2
6015	0.0002003533632321	nocladesub22	255-101-252-104
6016	1.512042581681685e-10	nocladesub2	255-70-122-242
6017	4.758642370418759e-06	nocladesub10	255-26-209-210
6018	4.010045568585392e-14	nocladesub10	255-26-209-210
6019	0.0076145830478331	nocladesub20	255-212-231-53
6020	2.290104718160508e-07	nocladesub20	255-212-231-53
6021	6.242685676214388e-11	nocladesub22	255-101-252-104
6022	0.0934972883153181	nocladesub2	255-70-122-242
6023	0.1285900626201329	nocladesub2	255-70-122-242
6024	0.0001132671995392	nocladesub2	255-70-122-242
6025	0.0003183499144702	nocladesub22	255-101-252-104
6026	0.001358278792377	nocladesub22	255-101-252-104
6027	6.480306043509391e-05	nocladesub2	255-70-122-242
6028	0.0004597086419636	nocladesub22	255-101-252-104
6029	8.123475268698772e-07	nocladesub22	255-101-252-104
6030	0.0078399576989756	nocladesub12	255-122-4-2
6031	0.0025213765844264	nocladesub2	255-70-122-242
6032	8.534165874995359e-05	nocladesub2	255-70-122-242
6033	5.253791374521088e-12	nocladesub20	255-212-231-53
6034	3.992129386214447e-08	nocladesub2	255-70-122-242
6035	0.0021728076699836	nocladesub2	255-70-122-242
6036	0.0017216029102957	nocladesub2	255-70-122-242
6037	0.0003385967789069	nocladesub22	255-101-252-104
6038	6.409177131395385e-05	nocladesub10	255-26-209-210
6039	4.6518788462782616e-14	nocladesub12	255-122-4-2
6040	8.619581579500454e-05	nocladesub10	255-26-209-210
6041	3.769942769153494e-18	nocladesub12	255-122-4-2
6042	0.0012064130912532	nocladesub10	255-26-209-210
6043	7.63081928883531e-05	nocladesub2	255-70-122-242
6044	1.512001084370889e-17	nocladesub12	255-122-4-2
6045	0.0027010644431534	nocladesub2	255-70-122-242
6046	0.0002270308678948	nocladesub10	255-26-209-210
6047	1.2677106602658905e-21	nocladesub10	255-26-209-210
6048	3.028980071012539e-18	nocladesub2	255-70-122-242
6049	1.1908119846077615e-15	nocladesub2	255-70-122-242
6050	2.538532989728484e-09	nocladesub2	255-70-122-242
6051	0.0018055040805274	nocladesub2	255-70-122-242
6052	0.0014561076019371	nocladesub22	255-101-252-104
6053	0.0431248815309216	nocladesub20	255-212-231-53
6054	6.951315930160813e-08	nocladesub20	255-212-231-53
6055	2.1934629896457609e-07	nocladesub2	255-70-122-242
6056	0.0009044190331371	nocladesub2	255-70-122-242
6057	2.075592723507405e-06	clade6sub19	255-254-152-44
6058	0.0001532453245068	nocladesub12	255-122-4-2
6059	0.0537169590663697	clade6sub19	255-254-152-44
6060	0.0001640764734665	nocladesub2	255-70-122-242
6061	2.326179280623483e-06	nocladesub22	255-101-252-104
6062	5.657468124333706e-07	nocladesub2	255-70-122-242
6063	0.0003369303309747	clade6sub19	255-254-152-44
6064	1.5901146403313625e-15	nocladesub20	255-212-231-53
6065	0.0328502020749618	clade6sub19	255-254-152-44
6066	0.0014320847513453	nocladesub10	255-26-209-210
6067	0.0016780284864698	nocladesub10	255-26-209-210
6068	5.438576991334867e-09	nocladesub10	255-26-209-210
6069	2.1693746291349396e-10	nocladesub12	255-122-4-2
6070	1.294873880828333e-19	nocladesub12	255-122-4-2
6071	7.65693935325721e-12	nocladesub12	255-122-4-2
6072	8.404590604439e-05	nocladesub12	255-122-4-2
6073	2.216023995775745e-15	nocladesub12	255-122-4-2
6074	3.650779357205729e-13	nocladesub20	255-212-231-53
6075	1.1485346608650632e-11	nocladesub12	255-122-4-2
6076	4.783652326485579e-14	nocladesub20	255-212-231-53
6077	4.895711969298248e-16	nocladesub22	255-101-252-104
6078	1.977858824324493e-15	nocladesub20	255-212-231-53
6079	2.901617890101266e-13	nocladesub20	255-212-231-53
6080	3.0359609899437632e-15	nocladesub20	255-212-231-53
6081	1.0617070925350564e-11	nocladesub20	255-212-231-53
6082	9.535083523360856e-15	nocladesub20	255-212-231-53
6083	3.8416341872333456e-18	nocladesub20	255-212-231-53
6084	7.569006391682097e-18	nocladesub20	255-212-231-53
6085	8.250031003023431e-15	nocladesub20	255-212-231-53
6086	1.235936656827283e-16	nocladesub20	255-212-231-53
6087	3.674159938136824e-16	nocladesub20	255-212-231-53
6088	5.150306259809546e-17	nocladesub10	255-26-209-210
6089	2.1335285732579603e-16	nocladesub20	255-212-231-53
6090	1.9084831129596704e-11	nocladesub10	255-26-209-210
6091	1.0407491083702175e-11	nocladesub10	255-26-209-210
6092	8.636376704010127e-08	nocladesub22	255-101-252-104
6093	9.736652766987944e-15	nocladesub12	255-122-4-2
6094	1.2584839330521956e-14	nocladesub12	255-122-4-2
6095	2.5577609400354212e-09	nocladesub22	255-101-252-104
6096	2.129312583843091e-09	nocladesub12	255-122-4-2
6097	1.7069577095238054e-10	nocladesub12	255-122-4-2
6098	3.101805632823966e-13	nocladesub12	255-122-4-2
6099	3.9204110871037434e-16	nocladesub12	255-122-4-2
6100	2.453673708131814e-11	nocladesub22	255-101-252-104
6101	2.856333469337949e-12	nocladesub12	255-122-4-2
6102	9.605781894542237e-07	nocladesub12	255-122-4-2
6103	1.0345190680165351e-08	nocladesub12	255-122-4-2
6104	1.1410392159097439e-07	nocladesub22	255-101-252-104
6105	0.0001393033793395	nocladesub2	255-70-122-242
6106	0.0005045842970055	nocladesub22	255-101-252-104
6107	1.1366593028970088e-05	nocladesub22	255-101-252-104
6108	2.351184916231396e-13	nocladesub22	255-101-252-104
6109	8.448385556853362e-12	nocladesub22	255-101-252-104
6110	4.2733954081915365e-13	nocladesub22	255-101-252-104
6111	1.1600431350991519e-07	nocladesub22	255-101-252-104
6112	4.975033911041698e-09	nocladesub22	255-101-252-104
6113	0.0117810812340931	nocladesub22	255-101-252-104
6114	1.765124060479587e-07	nocladesub2	255-70-122-242
6115	0.0001314194875293	nocladesub2	255-70-122-242
6116	4.239470977847602e-05	nocladesub2	255-70-122-242
6117	7.218340628561985e-05	nocladesub2	255-70-122-242
6118	9.05991392307218e-05	nocladesub2	255-70-122-242
6119	0.0009006528735458	nocladesub2	255-70-122-242
6120	4.519057007715248e-05	nocladesub12	255-122-4-2
6121	0.5203398944521953	nocladesub12	255-122-4-2
6122	0.0002344919811806	nocladesub12	255-122-4-2
6123	0.1724838071679221	nocladesub12	255-122-4-2
6124	1.33329954434955e-10	nocladesub2	255-70-122-242
6125	4.185324459788646e-09	nocladesub10	255-26-209-210
6126	3.984466685025569e-21	nocladesub20	255-212-231-53
6127	3.8985789097260485e-14	nocladesub10	255-26-209-210
6128	2.859729233214558e-16	nocladesub20	255-212-231-53
6129	1.3417285056191982e-16	nocladesub20	255-212-231-53
6130	7.032471043869739e-17	nocladesub20	255-212-231-53
6131	1.031797019563642e-15	nocladesub20	255-212-231-53
6132	2.733226339617675e-18	nocladesub20	255-212-231-53
6133	9.48782360988813e-09	nocladesub10	255-26-209-210
6134	5.949540330788984e-13	nocladesub20	255-212-231-53
6135	6.194249383125127e-16	nocladesub20	255-212-231-53
6136	9.431349462895065e-14	nocladesub22	255-101-252-104
6137	0.0004513929402642	nocladesub20	255-212-231-53
6138	8.073268508772839e-11	nocladesub12	255-122-4-2
6139	2.434547967428734e-11	nocladesub22	255-101-252-104
6140	4.780323699831996e-10	nocladesub22	255-101-252-104
6141	7.541671688533407e-10	nocladesub22	255-101-252-104
6142	5.791787027147671e-05	nocladesub22	255-101-252-104
6143	9.235755245852585e-10	nocladesub12	255-122-4-2
6144	8.742330838797444e-11	nocladesub12	255-122-4-2
6145	7.362359889627176e-15	nocladesub2	255-70-122-242
6146	7.707840275019022e-09	nocladesub12	255-122-4-2
6147	2.8743149685532077e-10	nocladesub12	255-122-4-2
6148	1.6934143543035171e-10	nocladesub12	255-122-4-2
6149	1.828293497973437e-10	nocladesub12	255-122-4-2
6150	1.60879382193858e-08	nocladesub12	255-122-4-2
6151	5.80008223990028e-08	nocladesub12	255-122-4-2
6152	9.38890894221306e-10	nocladesub12	255-122-4-2
6153	0.2257530101464312	nocladesub2	255-70-122-242
6154	0.0002257500227609	nocladesub2	255-70-122-242
6155	8.44812565041488e-08	nocladesub12	255-122-4-2
6156	0.2257530101464312	nocladesub2	255-70-122-242
6157	0.000182711688875	nocladesub22	255-101-252-104
6158	7.287441548641756e-05	nocladesub2	255-70-122-242
6159	0.0005673064523347	nocladesub2	255-70-122-242
6160	0.0021043187008251	nocladesub2	255-70-122-242
6161	8.470047562580545e-09	nocladesub22	255-101-252-104
6162	2.754643362264244e-15	nocladesub12	255-122-4-2
6163	2.8304299125177008e-11	nocladesub12	255-122-4-2
6164	5.4926868079941325e-18	nocladesub12	255-122-4-2
6165	6.99537837271586e-05	nocladesub2	255-70-122-242
6166	1.1807996843752607e-10	nocladesub2	255-70-122-242
6167	2.9729876168631305e-17	nocladesub12	255-122-4-2
6168	5.848622995089973e-22	nocladesub12	255-122-4-2
6169	2.4244332007097424e-13	nocladesub12	255-122-4-2
6170	5.207602847375512e-10	nocladesub2	255-70-122-242
6171	2.013348159097005e-13	nocladesub20	255-212-231-53
6172	0.0001346352682238	nocladesub22	255-101-252-104
6173	0.0022986062923811	nocladesub12	255-122-4-2
6174	0.0043732913991748	clade6sub19	255-254-152-44
6175	2.902804307387371e-07	nocladesub10	255-26-209-210
6176	6.722440326826865e-10	nocladesub12	255-122-4-2
6177	5.589571615226211e-15	nocladesub12	255-122-4-2
6178	1.4236510789737588e-07	nocladesub22	255-101-252-104
6179	9.207515583115464e-15	nocladesub12	255-122-4-2
6180	9.770907587116849e-18	nocladesub12	255-122-4-2
6181	3.2024204498136827e-16	nocladesub10	255-26-209-210
6182	2.2107415603751348e-10	nocladesub12	255-122-4-2
6183	1.7686723218919152e-08	nocladesub22	255-101-252-104
6184	7.63410321736294e-14	nocladesub12	255-122-4-2
6185	8.954575830492628e-08	nocladesub22	255-101-252-104
6186	3.0998293615733905e-14	nocladesub22	255-101-252-104
6187	3.96233617106249e-13	nocladesub12	255-122-4-2
6188	4.961804028608377e-13	nocladesub12	255-122-4-2
6189	1.1988262114281016e-09	nocladesub12	255-122-4-2
6190	0.0005871887146086	nocladesub2	255-70-122-242
6191	1.60879382193858e-08	nocladesub12	255-122-4-2
6192	1.1491747392413093e-08	nocladesub12	255-122-4-2
6193	3.978129680423552e-16	nocladesub12	255-122-4-2
6194	5.153118617851603e-21	nocladesub12	255-122-4-2
6195	0.2257530101464312	nocladesub2	255-70-122-242
6196	0.0008699338257067	nocladesub2	255-70-122-242
6197	0.0250477291429182	nocladesub2	255-70-122-242
6198	0.9233897728468484	nocladesub2	255-70-122-242
6199	0.8467160032528501	nocladesub2	255-70-122-242
6200	0.0549324516193358	nocladesub2	255-70-122-242
6201	0.9442390399514564	nocladesub2	255-70-122-242
6202	0.5858985710234217	nocladesub2	255-70-122-242
6203	0.8395733211723715	nocladesub2	255-70-122-242
6204	0.0295256973373514	nocladesub2	255-70-122-242
6205	0.0015400251763929	nocladesub22	255-101-252-104
6206	0.0002472415682335	nocladesub22	255-101-252-104
6207	0.7167429241178516	nocladesub2	255-70-122-242
6208	0.0002568036148778	nocladesub22	255-101-252-104
6209	0.9294871469294363	nocladesub2	255-70-122-242
6210	9.838100059990342e-05	nocladesub2	255-70-122-242
6211	4.212123141352447e-05	nocladesub22	255-101-252-104
6212	3.265669145445951e-05	clade6sub19	255-254-152-44
6213	0.0029731340882437	clade6sub19	255-254-152-44
6214	0.001988531709619	nocladesub2	255-70-122-242
6215	0.0001747336124012	nocladesub2	255-70-122-242
6216	3.086478395693589e-05	nocladesub2	255-70-122-242
6217	0.0002589752177101	nocladesub22	255-101-252-104
6218	2.739164710378426e-07	nocladesub2	255-70-122-242
6219	2.5695981740909107e-14	nocladesub12	255-122-4-2
6220	6.31292628259968e-14	nocladesub2	255-70-122-242
6221	8.676778531334132e-16	nocladesub2	255-70-122-242
6222	1.0747758757944616e-14	nocladesub12	255-122-4-2
6223	1.2877411344697552e-09	nocladesub2	255-70-122-242
6224	0.0003203300224521	nocladesub2	255-70-122-242
6225	0.0024923350949658	clade6sub19	255-254-152-44
6226	0.0165364100527896	nocladesub2	255-70-122-242
6227	0.0002450799605981	nocladesub2	255-70-122-242
6228	0.0019232942335822	nocladesub22	255-101-252-104
6229	5.085511555519851e-10	nocladesub12	255-122-4-2
6230	7.631357793600031e-10	nocladesub20	255-212-231-53
6231	1.837963597734739e-12	nocladesub12	255-122-4-2
6232	9.453056503639218e-15	nocladesub22	255-101-252-104
6233	7.063131741351945e-06	clade6sub19	255-254-152-44
6234	2.3070590317148024e-15	nocladesub12	255-122-4-2
6235	3.057378878483357e-09	nocladesub20	255-212-231-53
6236	4.818170553100871e-06	nocladesub22	255-101-252-104
6237	0.0003700120126765	nocladesub22	255-101-252-104
6238	0.0002372019261685	nocladesub2	255-70-122-242
6239	0.0003878466182714	nocladesub22	255-101-252-104
6240	4.790098278790291e-06	nocladesub22	255-101-252-104
6241	9.164488650420648e-07	nocladesub22	255-101-252-104
6242	4.1694750267744417e-07	nocladesub10	255-26-209-210
6243	3.988167748546524e-11	nocladesub2	255-70-122-242
6244	1.2299103803429033e-12	nocladesub12	255-122-4-2
6245	6.8134490993563785e-12	nocladesub2	255-70-122-242
6246	3.391350133249421e-06	nocladesub2	255-70-122-242
6247	1.824485865923452e-16	nocladesub12	255-122-4-2
6248	2.3854381337010944e-12	nocladesub2	255-70-122-242
6249	3.0357393384121103e-05	nocladesub2	255-70-122-242
6250	0.0003045789096865	nocladesub22	255-101-252-104
6251	0.0368566560554328	clade6sub19	255-254-152-44
6252	0.5135550628593943	nocladesub2	255-70-122-242
6253	0.0006132334674905	nocladesub2	255-70-122-242
6254	0.0003338035094288	nocladesub2	255-70-122-242
6255	0.0002002768069101	nocladesub22	255-101-252-104
6256	0.3589008998826228	nocladesub2	255-70-122-242
6257	9.64688074699853e-05	nocladesub22	255-101-252-104
6258	2.0430825950681956e-05	nocladesub12	255-122-4-2
6259	0.1132082383928151	nocladesub2	255-70-122-242
6260	0.0638590520717081	nocladesub2	255-70-122-242
6261	0.0077134630807632	nocladesub2	255-70-122-242
6262	0.3536331590226632	nocladesub2	255-70-122-242
6263	0.1778627263029801	nocladesub2	255-70-122-242
6264	0.9280872731030092	nocladesub2	255-70-122-242
6265	0.0009917838413922	nocladesub2	255-70-122-242
6266	3.821400624213962e-05	nocladesub10	255-26-209-210
6267	0.2564842834948108	nocladesub2	255-70-122-242
6268	5.305901702482882e-05	nocladesub2	255-70-122-242
6269	5.9936223937334745e-06	nocladesub10	255-26-209-210
6270	0.0001754595835051	nocladesub2	255-70-122-242
6271	1.3168254779624212e-05	nocladesub2	255-70-122-242
6272	1.2649139084373148e-07	nocladesub20	255-212-231-53
6273	0.1189768521798349	nocladesub20	255-212-231-53
6274	8.862126296055408e-08	nocladesub2	255-70-122-242
6275	0.1457020499014208	nocladesub2	255-70-122-242
6276	1.0404906066758676e-10	nocladesub20	255-212-231-53
6277	5.425245340354948e-05	nocladesub22	255-101-252-104
6278	3.6767047352455455e-05	nocladesub12	255-122-4-2
6279	0.003655068025619	nocladesub2	255-70-122-242
6280	3.767191612104658e-09	nocladesub12	255-122-4-2
6281	2.965492550883339e-08	nocladesub12	255-122-4-2
6282	3.944911247451533e-05	nocladesub2	255-70-122-242
6283	1.3061543144041852e-06	nocladesub10	255-26-209-210
6284	0.0018022503133948	nocladesub2	255-70-122-242
6285	0.0003439947050774	nocladesub2	255-70-122-242
6286	0.000413370677092	nocladesub2	255-70-122-242
6287	2.907711934038645e-06	nocladesub22	255-101-252-104
6288	9.521003900723836e-10	nocladesub2	255-70-122-242
6289	1.1611533784099702e-12	nocladesub12	255-122-4-2
6290	9.331701625741602e-18	nocladesub12	255-122-4-2
6291	1.863108345069297e-13	nocladesub2	255-70-122-242
6292	4.507318621405055e-05	nocladesub10	255-26-209-210
6293	2.759966266086662e-15	nocladesub12	255-122-4-2
6294	5.007823673864431e-14	nocladesub12	255-122-4-2
6295	1.7047867214502965e-12	nocladesub2	255-70-122-242
6296	2.4624804429986013e-18	nocladesub10	255-26-209-210
6297	0.005240652518737	nocladesub12	255-122-4-2
6298	2.7544328736015184e-15	nocladesub2	255-70-122-242
6299	2.265717652751955e-06	nocladesub22	255-101-252-104
6300	0.0050150869954833	nocladesub12	255-122-4-2
6301	4.3596342695197734e-14	nocladesub2	255-70-122-242
6302	1.2269567258169046e-05	nocladesub22	255-101-252-104
6303	8.036807688912775e-09	nocladesub22	255-101-252-104
6304	0.0018245926912247	nocladesub12	255-122-4-2
6305	1.2270280722609952e-08	nocladesub20	255-212-231-53
6306	0.0024253272438969	nocladesub2	255-70-122-242
6307	2.5361048640464217e-06	nocladesub2	255-70-122-242
6308	0.0070991397981191	nocladesub2	255-70-122-242
6309	0.0917173280644934	nocladesub2	255-70-122-242
6310	0.0967067858187561	nocladesub2	255-70-122-242
6311	0.0002773717435873	nocladesub22	255-101-252-104
6312	0.0003493054453893	nocladesub10	255-26-209-210
6313	1.005662986962195e-05	nocladesub10	255-26-209-210
6314	0.2851801879577608	nocladesub2	255-70-122-242
6315	3.99678460563486e-06	nocladesub12	255-122-4-2
6316	0.0006476401383396	nocladesub12	255-122-4-2
6317	1.1725479292500516e-16	nocladesub12	255-122-4-2
6318	7.230667766389362e-14	nocladesub12	255-122-4-2
6319	1.8702610450145123e-05	nocladesub12	255-122-4-2
6320	1.1085772122570953e-05	nocladesub12	255-122-4-2
6321	0.0007308281899474	nocladesub22	255-101-252-104
6322	0.0010587412493149	nocladesub2	255-70-122-242
6323	0.0001371689942439	nocladesub2	255-70-122-242
6324	3.1602504439564965e-08	nocladesub12	255-122-4-2
6325	0.0086536421357767	clade6sub19	255-254-152-44
6326	0.0002320102891679	nocladesub2	255-70-122-242
6327	0.0416265052925754	nocladesub26	255-217-56-6
6328	0.0033774225512767	nocladesub2	255-70-122-242
6329	2.780243901469025e-05	nocladesub12	255-122-4-2
6330	0.0002357811345834	clade6sub19	255-254-152-44
6331	3.8318965029321933e-07	nocladesub2	255-70-122-242
6332	2.0305745136055666e-07	nocladesub10	255-26-209-210
6333	4.415728033611581e-11	nocladesub12	255-122-4-2
6334	2.7779203133950436e-20	nocladesub20	255-212-231-53
6335	6.330959979317456e-15	nocladesub20	255-212-231-53
6336	8.040080560956554e-09	nocladesub12	255-122-4-2
6337	1.5154075243500468e-14	nocladesub20	255-212-231-53
6338	1.9200323863404572e-11	nocladesub2	255-70-122-242
6339	4.211713279940937e-19	nocladesub12	255-122-4-2
6340	2.1441782120865256e-12	nocladesub20	255-212-231-53
6341	4.9774644927961156e-17	nocladesub12	255-122-4-2
6342	1.7380533288910519e-12	nocladesub20	255-212-231-53
6343	2.1578938292993648e-19	nocladesub12	255-122-4-2
6344	4.250305022858958e-12	nocladesub12	255-122-4-2
6345	1.0241485668006862e-10	nocladesub12	255-122-4-2
6346	7.749502869933595e-15	nocladesub12	255-122-4-2
6347	5.052027928823198e-18	nocladesub10	255-26-209-210
6348	1.49148464861421e-13	nocladesub20	255-212-231-53
6349	6.133750153426093e-07	nocladesub10	255-26-209-210
6350	6.112186305123183e-05	nocladesub22	255-101-252-104
6351	1.483590307076681e-06	nocladesub22	255-101-252-104
6352	8.042731001058703e-13	nocladesub12	255-122-4-2
6353	1.6458118945580544e-12	nocladesub12	255-122-4-2
6354	2.727405231330116e-10	nocladesub22	255-101-252-104
6355	4.299361054663904e-13	nocladesub12	255-122-4-2
6356	6.39634725625883e-14	nocladesub12	255-122-4-2
6357	3.331767880208586e-05	nocladesub12	255-122-4-2
6358	5.822463274394445e-05	nocladesub22	255-101-252-104
6359	2.8896900578811356e-05	nocladesub22	255-101-252-104
6360	1.357705993564226e-07	nocladesub12	255-122-4-2
6361	0.0001342775096554	nocladesub22	255-101-252-104
6362	1.869627469575212e-07	nocladesub22	255-101-252-104
6363	1.5539507047315272e-05	nocladesub22	255-101-252-104
6364	0.4822507712019542	nocladesub22	255-101-252-104
6365	9.60615613513056e-08	nocladesub2	255-70-122-242
6366	0.0010084886005702	nocladesub2	255-70-122-242
6367	0.0002786638839373	nocladesub22	255-101-252-104
6368	0.0013799966393636	nocladesub22	255-101-252-104
6369	9.01310696798057e-06	nocladesub2	255-70-122-242
6370	0.0001810671939685	nocladesub2	255-70-122-242
6371	0.0001440868352103	nocladesub22	255-101-252-104
6372	0.0236053554408545	nocladesub2	255-70-122-242
6373	0.0007590837699814	clade6sub19	255-254-152-44
6374	1.0927680301693512e-09	nocladesub12	255-122-4-2
6375	3.238213667987733e-15	nocladesub20	255-212-231-53
6376	0.0033399480758054	clade6sub19	255-254-152-44
6377	1.3789271798100856e-14	nocladesub20	255-212-231-53
6378	5.004088187539296e-14	nocladesub12	255-122-4-2
6379	3.2430870659298693e-18	nocladesub20	255-212-231-53
6380	6.717295025680606e-14	nocladesub20	255-212-231-53
6381	7.672748690596736e-15	nocladesub10	255-26-209-210
6382	1.2989790634893288e-14	nocladesub12	255-122-4-2
6383	8.227909384801002e-17	nocladesub12	255-122-4-2
6384	1.7805086356055147e-18	nocladesub20	255-212-231-53
6385	2.7546175566970348e-17	nocladesub20	255-212-231-53
6386	7.651595076716255e-11	nocladesub20	255-212-231-53
6387	1.9152671176162075e-16	nocladesub20	255-212-231-53
6388	3.266576229717684e-12	nocladesub10	255-26-209-210
6389	3.892947782190846e-12	nocladesub22	255-101-252-104
6390	1.4860489978682166e-12	nocladesub22	255-101-252-104
6391	8.015300828523132e-11	nocladesub12	255-122-4-2
6392	1.5823986395577501e-09	nocladesub12	255-122-4-2
6393	2.645449133169312e-11	nocladesub22	255-101-252-104
6394	1.0800354248525222e-08	nocladesub12	255-122-4-2
6395	1.363708858117224e-13	nocladesub12	255-122-4-2
6396	8.015559455264399e-08	nocladesub22	255-101-252-104
6397	1.8484607677712608e-11	nocladesub22	255-101-252-104
6398	3.9844226642784136e-10	nocladesub2	255-70-122-242
6399	8.989849776464981e-12	nocladesub12	255-122-4-2
6400	7.405148444501892e-09	nocladesub12	255-122-4-2
6401	2.8058425231089814e-12	nocladesub12	255-122-4-2
6402	1.3845330025340798e-11	nocladesub12	255-122-4-2
6403	0.0012874283197089	nocladesub2	255-70-122-242
6404	0.0033619033662397	nocladesub2	255-70-122-242
6405	0.0007908486148141	nocladesub22	255-101-252-104
6406	0.0002258431363851	nocladesub22	255-101-252-104
6407	0.0002506973742191	nocladesub22	255-101-252-104
6408	0.00063804467277	nocladesub22	255-101-252-104
6409	2.3965725041915253e-08	nocladesub22	255-101-252-104
6410	0.0006534718488204	nocladesub12	255-122-4-2
6411	1.1886947265299646e-10	nocladesub22	255-101-252-104
6412	0.0044723077473176	nocladesub12	255-122-4-2
6413	1.607263943867312e-09	nocladesub10	255-26-209-210
6414	0.0151788512655785	nocladesub12	255-122-4-2
6415	2.43681778339857e-13	nocladesub2	255-70-122-242
6416	5.566044461739141e-19	nocladesub12	255-122-4-2
6417	3.0185292649545984e-14	nocladesub12	255-122-4-2
6418	7.820996501059145e-10	nocladesub12	255-122-4-2
6419	2.139238222417967e-06	nocladesub22	255-101-252-104
6420	6.82894858369161e-10	nocladesub12	255-122-4-2
6421	0.0011194711040507	nocladesub12	255-122-4-2
6422	0.0117283686273079	clade6sub19	255-254-152-44
6423	0.0008902629349526	nocladesub22	255-101-252-104
6424	0.0001506907867146	nocladesub22	255-101-252-104
6425	0.000266781760509	nocladesub2	255-70-122-242
6426	3.2751535334230454e-08	nocladesub22	255-101-252-104
6427	1.4652010788946866e-09	nocladesub12	255-122-4-2
6428	9.046040868170156e-09	nocladesub22	255-101-252-104
6429	2.7587467741575507e-10	nocladesub12	255-122-4-2
6430	5.35889798190302e-10	nocladesub12	255-122-4-2
6431	2.778674941213153e-08	nocladesub22	255-101-252-104
6432	2.3772915626456023e-11	nocladesub22	255-101-252-104
6433	2.0974676949580348e-08	nocladesub22	255-101-252-104
6434	1.4473084511953262e-12	nocladesub22	255-101-252-104
6435	1.9969797519267733e-08	nocladesub22	255-101-252-104
6436	1.8280937472030199e-09	nocladesub12	255-122-4-2
6437	1.825137938850869e-17	nocladesub10	255-26-209-210
6438	1.2845127905581598e-10	nocladesub10	255-26-209-210
6439	2.8230774063400983e-11	nocladesub12	255-122-4-2
6440	2.126665533886672e-08	nocladesub22	255-101-252-104
6441	2.506386882764583e-09	nocladesub12	255-122-4-2
6442	5.895300255043793e-10	nocladesub12	255-122-4-2
6443	6.345101192665343e-13	nocladesub2	255-70-122-242
6444	2.197291355743874e-09	nocladesub2	255-70-122-242
6445	0.003023753608883	nocladesub2	255-70-122-242
6446	0.0016683645621982	nocladesub2	255-70-122-242
6447	1.908657148259865e-16	nocladesub12	255-122-4-2
6448	0.0003819714800826	nocladesub2	255-70-122-242
6449	0.02943670871818	nocladesub2	255-70-122-242
6450	0.0052303635854972	nocladesub2	255-70-122-242
6451	0.9953380835969794	nocladesub2	255-70-122-242
6452	0.17881740446359	nocladesub2	255-70-122-242
6453	0.0135124265699015	nocladesub2	255-70-122-242
6454	0.0970918161792719	nocladesub2	255-70-122-242
6455	0.025181833859522	nocladesub2	255-70-122-242
6456	0.0004729647621273	nocladesub2	255-70-122-242
6457	0.022388747233665	nocladesub2	255-70-122-242
6458	0.0256039020026446	nocladesub2	255-70-122-242
6459	0.0184866104743351	nocladesub2	255-70-122-242
6460	4.436481600030755e-05	nocladesub22	255-101-252-104
6461	0.0024468044369623	nocladesub2	255-70-122-242
6462	0.0323790697059982	nocladesub2	255-70-122-242
6463	0.0006404041342383	nocladesub2	255-70-122-242
6464	0.0565360431379743	nocladesub2	255-70-122-242
6465	0.0001021587572048	nocladesub12	255-122-4-2
6466	3.512864272828423e-05	nocladesub12	255-122-4-2
6467	0.0004790260874723	nocladesub12	255-122-4-2
6468	0.0021213765455964	nocladesub2	255-70-122-242
6469	0.5821577219188664	nocladesub2	255-70-122-242
6470	0.0043568143613083	nocladesub12	255-122-4-2
6471	0.0064593817648385	nocladesub2	255-70-122-242
6472	0.000694682505743	nocladesub2	255-70-122-242
6473	0.0025505379733912	nocladesub12	255-122-4-2
6474	0.0076845683948883	nocladesub12	255-122-4-2
6475	0.0001623753354705	nocladesub22	255-101-252-104
6476	0.0002890734157199	nocladesub2	255-70-122-242
6477	0.0007264130371181	nocladesub2	255-70-122-242
6478	0.0001760632439897	nocladesub22	255-101-252-104
6479	2.5140242147864717e-05	nocladesub12	255-122-4-2
6480	0.000243142889977	nocladesub2	255-70-122-242
6481	0.0007987907477762	nocladesub2	255-70-122-242
6482	1.3071992375945287e-16	nocladesub12	255-122-4-2
6483	3.2915604632020387e-16	nocladesub10	255-26-209-210
6484	4.270375680016588e-15	nocladesub12	255-122-4-2
6485	2.619383499532779e-12	nocladesub2	255-70-122-242
6486	1.4993731416772145e-15	nocladesub22	255-101-252-104
6487	1.887683023830144e-05	nocladesub22	255-101-252-104
6488	0.0001757857468071	nocladesub2	255-70-122-242
6489	0.0795428924268457	nocladesub12	255-122-4-2
6490	0.0042795814107891	nocladesub10	255-26-209-210
6491	0.005257956393685	nocladesub2	255-70-122-242
6492	0.0009203228706828	nocladesub2	255-70-122-242
6493	7.148806706642837e-07	nocladesub12	255-122-4-2
6494	1.0655820831331885e-08	nocladesub22	255-101-252-104
6495	3.671759436501005e-06	nocladesub22	255-101-252-104
6496	6.105638553857841e-06	nocladesub22	255-101-252-104
6497	0.00269988440976	nocladesub2	255-70-122-242
6498	1.2932160014687313e-07	nocladesub2	255-70-122-242
6499	3.575453598794565e-05	nocladesub2	255-70-122-242
6500	1.1012837575810203e-07	nocladesub22	255-101-252-104
6501	4.3786089726128897e-11	nocladesub12	255-122-4-2
6502	6.41233235252263e-05	nocladesub2	255-70-122-242
6503	7.236849046045224e-10	nocladesub12	255-122-4-2
6504	0.0060584246801309	nocladesub22	255-101-252-104
6505	0.0012820910369723	nocladesub22	255-101-252-104
6506	0.0012202871334936	nocladesub2	255-70-122-242
6507	0.0128477145252441	nocladesub10	255-26-209-210
6508	4.1006245637540304e-05	nocladesub2	255-70-122-242
6509	0.0042139469002794	nocladesub12	255-122-4-2
6510	3.0310002386346765e-05	nocladesub2	255-70-122-242
6511	8.171082554208747e-06	nocladesub22	255-101-252-104
6512	0.0083227465106053	clade6sub19	255-254-152-44
6513	0.0093601627214949	nocladesub12	255-122-4-2
6514	6.171082753838437e-05	nocladesub22	255-101-252-104
6515	0.0004596962202514	nocladesub2	255-70-122-242
6516	0.0001232462394885	nocladesub2	255-70-122-242
6517	1.0247965629204798e-05	nocladesub22	255-101-252-104
6518	0.0819045240702248	nocladesub2	255-70-122-242
6519	0.0007534417081533	nocladesub2	255-70-122-242
6520	0.0016303394408534	nocladesub2	255-70-122-242
6521	9.421162230206977e-06	nocladesub2	255-70-122-242
6522	0.9318166172193476	nocladesub2	255-70-122-242
6523	0.0003360688437562	nocladesub2	255-70-122-242
6524	0.0602774118545715	nocladesub2	255-70-122-242
6525	4.62457689115054e-06	nocladesub2	255-70-122-242
6526	0.966405294385353	nocladesub2	255-70-122-242
6527	0.9578112523216936	nocladesub2	255-70-122-242
6528	0.9528707913953084	nocladesub2	255-70-122-242
6529	1.2528288195063023e-14	nocladesub2	255-70-122-242
6530	1.556227657972419e-06	nocladesub2	255-70-122-242
6531	6.154739633225067e-16	nocladesub22	255-101-252-104
6532	2.4266277567660772e-14	nocladesub2	255-70-122-242
6533	4.028230041700814e-05	nocladesub2	255-70-122-242
6534	4.63178207398187e-11	nocladesub2	255-70-122-242
6535	3.27108263214206e-11	nocladesub22	255-101-252-104
6536	1.3194986009986048e-07	nocladesub2	255-70-122-242
6537	0.0079488991827887	nocladesub10	255-26-209-210
6538	1.0144422995510952e-07	nocladesub12	255-122-4-2
6539	4.5550907953807765e-08	nocladesub10	255-26-209-210
6540	2.477846188296311e-07	nocladesub22	255-101-252-104
6541	0.0002391007564403	nocladesub22	255-101-252-104
6542	4.099660579796479e-06	nocladesub22	255-101-252-104
6543	2.510403913290436e-12	nocladesub2	255-70-122-242
6544	1.6982861111019741e-09	nocladesub2	255-70-122-242
6545	0.0021761375470249	nocladesub22	255-101-252-104
6546	0.0004296122803146	nocladesub22	255-101-252-104
6547	0.0017628225520781	nocladesub2	255-70-122-242
6548	0.0005541511971179	nocladesub2	255-70-122-242
6549	9.157239014174717e-05	nocladesub22	255-101-252-104
6550	7.503132735706599e-07	nocladesub22	255-101-252-104
6551	0.0001155926321857	nocladesub12	255-122-4-2
6552	1.1820370361607892e-18	nocladesub12	255-122-4-2
6553	0.0009673876157181	nocladesub22	255-101-252-104
6554	0.0005909259430059	nocladesub2	255-70-122-242
6555	1.1830491855714437e-15	nocladesub12	255-122-4-2
6556	8.503259689598885e-13	nocladesub12	255-122-4-2
6557	1.8088616854971906e-21	nocladesub12	255-122-4-2
6558	1.030472649416397e-06	nocladesub2	255-70-122-242
6559	0.001603862142291	nocladesub2	255-70-122-242
6560	1.3520870893034298e-14	nocladesub12	255-122-4-2
6561	8.216823840578728e-18	nocladesub22	255-101-252-104
6562	0.0008762235967696	nocladesub12	255-122-4-2
6563	4.535342364355236e-19	nocladesub10	255-26-209-210
6564	3.2876409450895193e-16	nocladesub2	255-70-122-242
6565	0.0069414240558006	nocladesub12	255-122-4-2
6566	0.0001364188185397	nocladesub2	255-70-122-242
6567	2.306083281759303e-07	nocladesub2	255-70-122-242
6568	0.2209775973575135	nocladesub20	255-212-231-53
6569	0.0004338899238588	nocladesub12	255-122-4-2
6570	2.2247793415194515e-13	nocladesub20	255-212-231-53
6571	1.2718601274300354e-12	nocladesub20	255-212-231-53
6572	0.0025913139297037	nocladesub12	255-122-4-2
6573	4.8438359779980425e-14	nocladesub12	255-122-4-2
6574	9.369973936108828e-11	nocladesub12	255-122-4-2
6575	8.312003216636504e-09	nocladesub12	255-122-4-2
6576	9.842512938357604e-05	nocladesub22	255-101-252-104
6577	0.000333082992442	nocladesub2	255-70-122-242
6578	9.932845569028993e-06	nocladesub2	255-70-122-242
6580	0.0013133726219027	nocladesub12	255-122-4-2
6581	0.0055469230252221	nocladesub2	255-70-122-242
6582	0.0236414935714134	nocladesub10	255-26-209-210
6583	0.0250464053039895	nocladesub2	255-70-122-242
6584	0.0036568136169488	nocladesub10	255-26-209-210
6585	2.213798208773913e-06	nocladesub12	255-122-4-2
6586	6.504354367108711e-08	nocladesub12	255-122-4-2
6587	0.1368951245108602	nocladesub20	255-212-231-53
6588	1.048788636426972e-06	nocladesub12	255-122-4-2
6589	1.6981880660837258e-10	nocladesub12	255-122-4-2
6590	1.750234261579908e-16	nocladesub20	255-212-231-53
6591	6.114757078463941e-15	nocladesub12	255-122-4-2
6592	2.8619090071640583e-19	nocladesub10	255-26-209-210
6593	2.48382293641307e-06	nocladesub26	255-217-56-6
6594	2.554880998818715e-13	nocladesub20	255-212-231-53
6595	9.043441197817756e-15	nocladesub12	255-122-4-2
6596	2.673234956555999e-17	nocladesub12	255-122-4-2
6597	1.4270254620986553e-14	nocladesub20	255-212-231-53
6598	1.6701252799042423e-14	nocladesub12	255-122-4-2
6599	1.5529078057704999e-19	nocladesub12	255-122-4-2
6600	4.166125398143103e-12	nocladesub20	255-212-231-53
6601	1.4066054755460778e-13	nocladesub20	255-212-231-53
6602	9.8854474938601e-16	nocladesub12	255-122-4-2
6603	5.230753156146408e-11	nocladesub12	255-122-4-2
6604	1.2957427124950287e-16	nocladesub12	255-122-4-2
6605	2.5963442485449928e-12	nocladesub12	255-122-4-2
6606	6.411621146511372e-08	nocladesub12	255-122-4-2
6607	3.040260403096011e-07	nocladesub22	255-101-252-104
6608	0.0012723918341949	nocladesub2	255-70-122-242
6609	1.5345850017997212e-05	nocladesub22	255-101-252-104
6610	1.4456206599545648e-12	nocladesub12	255-122-4-2
6611	8.324724943570764e-07	nocladesub22	255-101-252-104
6612	7.427412170771632e-12	nocladesub22	255-101-252-104
6613	0.0006041231556308	nocladesub2	255-70-122-242
6614	7.650512769650855e-10	nocladesub12	255-122-4-2
6615	1.570354024141559e-11	nocladesub12	255-122-4-2
6616	7.646955673996929e-12	nocladesub12	255-122-4-2
6617	4.5069164043806e-11	nocladesub12	255-122-4-2
6618	1.3357820393186923e-05	nocladesub2	255-70-122-242
6619	8.486614714588219e-14	nocladesub12	255-122-4-2
6620	2.6368232029391173e-05	nocladesub12	255-122-4-2
6621	1.4880820773815337e-15	nocladesub22	255-101-252-104
6622	1.3446151878059368e-11	nocladesub22	255-101-252-104
6623	3.9137815717837885e-10	nocladesub12	255-122-4-2
6624	0.0006124392478824	nocladesub22	255-101-252-104
6625	6.780447397984478e-05	nocladesub22	255-101-252-104
6626	0.0011122141354307	nocladesub22	255-101-252-104
6627	0.0003078937621124	nocladesub22	255-101-252-104
6628	0.0639415886612065	nocladesub10	255-26-209-210
6629	0.0042002069661905	nocladesub2	255-70-122-242
6630	0.037242363813507	nocladesub2	255-70-122-242
6631	0.0001758378183617	clade6sub19	255-254-152-44
6632	6.627326670081377e-09	nocladesub2	255-70-122-242
6633	1.088757243159356e-16	nocladesub20	255-212-231-53
6634	8.973527824490643e-14	nocladesub20	255-212-231-53
6635	6.10218167074411e-06	nocladesub22	255-101-252-104
6636	6.37038666801591e-13	nocladesub12	255-122-4-2
6637	6.316646376279247e-17	nocladesub20	255-212-231-53
6638	1.3728693569605565e-15	nocladesub12	255-122-4-2
6639	9.47139006925635e-13	nocladesub22	255-101-252-104
6640	3.760331132039856e-14	nocladesub22	255-101-252-104
6641	1.652712546710356e-15	nocladesub12	255-122-4-2
6642	2.7626648612337612e-11	nocladesub22	255-101-252-104
6643	1.8642037619537613e-14	nocladesub12	255-122-4-2
6644	5.344633618907336e-17	nocladesub12	255-122-4-2
6645	1.3254356244405016e-18	nocladesub12	255-122-4-2
6646	9.57973509135685e-16	nocladesub12	255-122-4-2
6647	3.9860155531938094e-14	nocladesub20	255-212-231-53
6648	5.186630681841512e-10	nocladesub10	255-26-209-210
6649	1.0876956008677932e-08	nocladesub22	255-101-252-104
6650	1.9408810968340574e-12	nocladesub10	255-26-209-210
6651	2.737100759070476e-12	nocladesub22	255-101-252-104
6652	5.0788872975154495e-11	nocladesub22	255-101-252-104
6653	1.404538679671098e-09	nocladesub22	255-101-252-104
6654	7.3193208368319e-10	nocladesub22	255-101-252-104
6655	1.993090482010732e-09	nocladesub22	255-101-252-104
6656	5.443036773138459e-12	nocladesub12	255-122-4-2
6657	3.686262127258199e-11	nocladesub12	255-122-4-2
6658	9.00209120257839e-07	nocladesub2	255-70-122-242
6659	4.156910190966849e-05	nocladesub2	255-70-122-242
6660	1.4472347776791505e-08	nocladesub22	255-101-252-104
6661	1.6387762781596612e-13	nocladesub22	255-101-252-104
6662	1.531277644589312e-07	nocladesub22	255-101-252-104
6663	2.07229993403658e-07	nocladesub22	255-101-252-104
6664	0.0002314302693651	nocladesub22	255-101-252-104
6665	0.0364308503991584	nocladesub12	255-122-4-2
6666	0.0008027368730172	nocladesub22	255-101-252-104
6667	0.0002924578436426	nocladesub12	255-122-4-2
6668	0.002270224205909	nocladesub22	255-101-252-104
6669	1.8889510250685016e-06	nocladesub12	255-122-4-2
6670	1.0886088681192165e-12	nocladesub12	255-122-4-2
6671	1.3420882505323105e-07	nocladesub12	255-122-4-2
6672	1.8603750010382963e-06	nocladesub22	255-101-252-104
6673	1.1940668095647152e-17	nocladesub12	255-122-4-2
6674	2.4451354446724207e-09	nocladesub12	255-122-4-2
6677	6.511006129692198e-10	nocladesub2	255-70-122-242
6678	0.0017954211157468	nocladesub2	255-70-122-242
6679	0.0005693356401081	nocladesub2	255-70-122-242
6680	0.0007343212662342	nocladesub22	255-101-252-104
6681	3.6427488016893254e-08	nocladesub22	255-101-252-104
6682	9.583115741060695e-10	nocladesub22	255-101-252-104
6683	0.0005205337015472	nocladesub2	255-70-122-242
6684	0.0002189039672943	nocladesub2	255-70-122-242
6685	1.0055200007326755e-09	nocladesub22	255-101-252-104
6686	7.612011269131538e-09	nocladesub22	255-101-252-104
6687	1.4073598954947288e-11	nocladesub12	255-122-4-2
6688	1.688473004902467e-11	nocladesub10	255-26-209-210
6689	4.008345756258549e-11	nocladesub22	255-101-252-104
6690	5.192136076552156e-15	nocladesub10	255-26-209-210
6691	2.2734227776690014e-12	nocladesub12	255-122-4-2
6692	2.0387547426393783e-14	nocladesub12	255-122-4-2
6693	1.863255824364313e-12	nocladesub12	255-122-4-2
6694	1.222623237069279e-07	nocladesub22	255-101-252-104
6695	1.2436079307999874e-07	nocladesub22	255-101-252-104
6696	5.589749822331455e-08	nocladesub12	255-122-4-2
6697	3.0219030438326454e-05	nocladesub22	255-101-252-104
6698	0.0001041841629315	nocladesub2	255-70-122-242
6699	0.0038274358418355	nocladesub2	255-70-122-242
6700	6.795118854136676e-05	nocladesub12	255-122-4-2
6701	0.1069070349868341	nocladesub2	255-70-122-242
6702	0.2359902877663244	nocladesub2	255-70-122-242
6703	2.634560061312782e-07	nocladesub10	255-26-209-210
6704	0.0001370005225745	nocladesub12	255-122-4-2
6705	0.0357755266169684	nocladesub2	255-70-122-242
6706	0.6744483294236401	nocladesub2	255-70-122-242
6707	0.984381083586151	nocladesub2	255-70-122-242
6708	0.1081857445252321	nocladesub2	255-70-122-242
6709	0.1564970171747211	nocladesub2	255-70-122-242
6710	1.1082536733024772e-06	nocladesub10	255-26-209-210
6711	7.680767268613886e-05	nocladesub10	255-26-209-210
6712	0.3658010840633094	nocladesub10	255-26-209-210
6714	7.514740608773192e-07	nocladesub12	255-122-4-2
6715	1.4016312002485113e-05	nocladesub10	255-26-209-210
6716	5.2395588146939946e-05	nocladesub10	255-26-209-210
6717	2.405828624995175e-07	nocladesub10	255-26-209-210
6718	1.6878892597717167e-08	nocladesub10	255-26-209-210
6719	4.1212670502292685e-06	nocladesub2	255-70-122-242
6720	2.322440019763341e-06	nocladesub10	255-26-209-210
6721	0.0003025734472503	nocladesub12	255-122-4-2
6722	1.849768602768059e-05	nocladesub2	255-70-122-242
6723	1.22106790078797e-05	nocladesub2	255-70-122-242
6724	2.755470340834551e-06	nocladesub12	255-122-4-2
6725	2.1191361670540626e-16	nocladesub12	255-122-4-2
6726	9.395354326359656e-14	nocladesub2	255-70-122-242
6727	3.615776546148408e-16	nocladesub12	255-122-4-2
6728	0.0267871983335917	nocladesub12	255-122-4-2
6729	0.5547464813296971	nocladesub2	255-70-122-242
6730	0.0116389174795817	clade6sub19	255-254-152-44
6731	0.0249633227695395	nocladesub10	255-26-209-210
6732	0.000111780856707	nocladesub12	255-122-4-2
6733	0.0068156472781031	nocladesub22	255-101-252-104
6734	6.316381582955002e-06	nocladesub22	255-101-252-104
6735	0.0025715472619798	nocladesub10	255-26-209-210
6736	0.000178848769014	nocladesub22	255-101-252-104
6737	4.182714067938061e-06	nocladesub22	255-101-252-104
6738	0.0006475796978997	nocladesub22	255-101-252-104
6739	3.8354504978323443e-07	nocladesub12	255-122-4-2
6740	1.395292124152357e-07	clade6sub19	255-254-152-44
6741	1.3458249080463127e-10	nocladesub12	255-122-4-2
6742	1.33219969362286e-05	nocladesub22	255-101-252-104
6743	0.0012132532008307	nocladesub12	255-122-4-2
6744	5.603224855073567e-05	nocladesub12	255-122-4-2
6745	1.0014129646938688e-05	nocladesub12	255-122-4-2
6746	0.0002923411793715	nocladesub12	255-122-4-2
6747	0.0016325874761788	clade6sub19	255-254-152-44
6748	7.868352227696079e-07	nocladesub12	255-122-4-2
6749	0.0005563099820803	nocladesub10	255-26-209-210
6750	0.0013373835099678	nocladesub12	255-122-4-2
6751	9.220407342586616e-09	nocladesub12	255-122-4-2
6752	5.322626898493448e-06	nocladesub10	255-26-209-210
6753	0.0012827489037507	nocladesub12	255-122-4-2
6754	5.652773738418703e-10	nocladesub10	255-26-209-210
6755	2.7058207465718034e-08	nocladesub10	255-26-209-210
6756	1.3232791453199336e-07	nocladesub10	255-26-209-210
6757	9.693494880193664e-05	nocladesub2	255-70-122-242
6758	6.171224649906959e-05	nocladesub10	255-26-209-210
6759	3.48960364692614e-09	nocladesub10	255-26-209-210
6760	6.554207117301281e-07	nocladesub10	255-26-209-210
6761	7.623785767805052e-06	nocladesub2	255-70-122-242
6762	6.661248071253202e-06	nocladesub2	255-70-122-242
6763	2.246490709511266e-06	nocladesub2	255-70-122-242
6764	1.826902460341861e-05	nocladesub2	255-70-122-242
6765	1.7418126786554544e-05	nocladesub10	255-26-209-210
6766	0.0457088821001775	nocladesub2	255-70-122-242
6767	0.0027846408831813	nocladesub2	255-70-122-242
6768	1.2363534759027626e-08	nocladesub10	255-26-209-210
6769	1.3451768384249335e-05	nocladesub2	255-70-122-242
6770	0.4541748643763676	nocladesub2	255-70-122-242
6771	2.440942145626048e-06	nocladesub10	255-26-209-210
6772	0.013850732053468	nocladesub10	255-26-209-210
6773	0.0073338939404122	nocladesub2	255-70-122-242
6774	0.000320131733394	nocladesub2	255-70-122-242
6775	0.8891191663677971	nocladesub2	255-70-122-242
6776	0.1604781242813509	nocladesub2	255-70-122-242
6777	1.0313023142081136e-16	nocladesub12	255-122-4-2
6778	5.403791250975391e-13	nocladesub2	255-70-122-242
6779	2.243420507807995e-06	nocladesub2	255-70-122-242
6780	2.3049145617660183e-16	nocladesub2	255-70-122-242
6781	0.0172914963084577	clade6sub19	255-254-152-44
6782	0.0028693497791522	nocladesub22	255-101-252-104
6783	0.0015443685291753	nocladesub2	255-70-122-242
6784	0.0007229384018188	nocladesub22	255-101-252-104
6785	0.0163648212643679	nocladesub10	255-26-209-210
6786	0.0052843516857014	nocladesub22	255-101-252-104
6787	0.0179980076298302	nocladesub12	255-122-4-2
6788	1.5029409998037734e-12	nocladesub12	255-122-4-2
6789	5.6692481178739026e-11	nocladesub12	255-122-4-2
6790	8.904477209516614e-12	nocladesub12	255-122-4-2
6791	5.630369110145693e-05	nocladesub22	255-101-252-104
6792	9.487763941523279e-11	nocladesub12	255-122-4-2
6793	2.368496786420543e-06	nocladesub12	255-122-4-2
6795	3.0300695165132207e-11	nocladesub12	255-122-4-2
6796	9.990053314385428e-05	nocladesub2	255-70-122-242
6797	1.83621303053756e-14	nocladesub2	255-70-122-242
6798	0.0007026623496805	nocladesub12	255-122-4-2
6799	1.9915571233088462e-14	nocladesub22	255-101-252-104
6800	8.312549963004315e-08	nocladesub10	255-26-209-210
6801	0.0013003405931795	nocladesub12	255-122-4-2
6802	4.266458100492323e-09	nocladesub12	255-122-4-2
6803	1.3331905213886246e-07	nocladesub12	255-122-4-2
6804	9.428120059513641e-14	nocladesub20	255-212-231-53
6805	1.9143533582161355e-14	nocladesub20	255-212-231-53
6806	6.238575416386724e-09	nocladesub22	255-101-252-104
6807	2.8224021682443125e-14	nocladesub22	255-101-252-104
6808	7.516122007532576e-10	nocladesub22	255-101-252-104
6809	2.0014040772576869e-10	nocladesub12	255-122-4-2
6810	6.308335615763918e-07	nocladesub22	255-101-252-104
6811	0.0001185051113443	nocladesub2	255-70-122-242
6812	7.0100317207447e-08	nocladesub22	255-101-252-104
6813	0.0197880002065045	nocladesub10	255-26-209-210
6814	2.9998990903876062e-05	nocladesub22	255-101-252-104
6815	0.0097236169446572	clade6sub19	255-254-152-44
6816	5.427898867446539e-07	nocladesub12	255-122-4-2
6817	1.8666330828958265e-06	nocladesub12	255-122-4-2
6818	1.04773379936192e-12	nocladesub20	255-212-231-53
6819	1.1951538968512978e-14	nocladesub22	255-101-252-104
6820	2.5996842863477853e-13	nocladesub20	255-212-231-53
6821	1.6189829861715632e-11	nocladesub12	255-122-4-2
6822	1.432918471476842e-09	nocladesub20	255-212-231-53
6823	7.756948848377432e-14	nocladesub12	255-122-4-2
6824	3.6735076286479035e-17	nocladesub20	255-212-231-53
6825	5.5499941352097257e-17	nocladesub20	255-212-231-53
6826	3.4733211753219755e-15	nocladesub22	255-101-252-104
6827	1.871455721654312e-14	nocladesub12	255-122-4-2
6828	2.9441746816593244e-16	nocladesub20	255-212-231-53
6829	2.1439124978655823e-14	nocladesub20	255-212-231-53
6830	1.7415583140098124e-12	nocladesub12	255-122-4-2
6831	1.0264528156806717e-17	nocladesub20	255-212-231-53
6832	5.080002889533863e-12	nocladesub12	255-122-4-2
6833	1.4262313726054388e-15	nocladesub20	255-212-231-53
6834	2.7549778592716424e-15	nocladesub12	255-122-4-2
6835	7.146156264635637e-10	nocladesub22	255-101-252-104
6836	8.904698731260194e-15	nocladesub12	255-122-4-2
6837	1.0928920459766565e-12	nocladesub12	255-122-4-2
6838	9.576967575273093e-07	nocladesub22	255-101-252-104
6839	0.000104299424957	nocladesub22	255-101-252-104
6840	5.083799630303991e-10	nocladesub22	255-101-252-104
6841	4.756479663432816e-10	nocladesub22	255-101-252-104
6842	4.211354971122449e-13	nocladesub12	255-122-4-2
6843	7.660159989932242e-05	nocladesub2	255-70-122-242
6844	1.9274639357130376e-12	nocladesub12	255-122-4-2
6845	1.345091164348205e-12	nocladesub12	255-122-4-2
6846	3.686262127258199e-11	nocladesub12	255-122-4-2
6847	1.5134790887425705e-12	nocladesub12	255-122-4-2
6849	1.1269454491489115e-10	nocladesub22	255-101-252-104
6850	1.0777930776187877e-06	nocladesub22	255-101-252-104
6851	9.99633041635012e-13	nocladesub12	255-122-4-2
6852	1.5192515928487002e-12	nocladesub22	255-101-252-104
6853	3.779571144571644e-12	nocladesub12	255-122-4-2
6854	3.313745761045824e-13	nocladesub22	255-101-252-104
6855	7.134533358905147e-05	nocladesub10	255-26-209-210
6856	0.0023432285327429	nocladesub2	255-70-122-242
6857	0.1170923907399644	nocladesub10	255-26-209-210
6858	0.2490767474943868	nocladesub2	255-70-122-242
6859	0.4724886685986382	nocladesub2	255-70-122-242
6860	3.425196043736904e-16	nocladesub20	255-212-231-53
6861	8.824864051284008e-17	nocladesub12	255-122-4-2
6862	5.1576652244636836e-09	nocladesub22	255-101-252-104
6863	7.881984732263804e-16	nocladesub12	255-122-4-2
6864	1.151254068907432e-17	nocladesub12	255-122-4-2
6865	9.08749584811016e-15	nocladesub12	255-122-4-2
6866	1.897623725959344e-12	nocladesub12	255-122-4-2
6867	1.1819816614540888e-12	nocladesub12	255-122-4-2
6868	5.6338300661191934e-14	nocladesub22	255-101-252-104
6869	2.5980907472758397e-12	nocladesub12	255-122-4-2
6870	1.3515317256473095e-10	nocladesub22	255-101-252-104
6871	2.00059644696507e-09	nocladesub22	255-101-252-104
6872	8.373956121283901e-11	nocladesub22	255-101-252-104
6873	0.0029128069191385	nocladesub22	255-101-252-104
6874	4.079465798622639e-11	nocladesub22	255-101-252-104
6875	3.14972040741296e-06	nocladesub20	255-212-231-53
6876	3.0029732478257276e-11	nocladesub12	255-122-4-2
6877	1.0159056777775833e-08	nocladesub22	255-101-252-104
6878	2.7906526790887978e-11	nocladesub22	255-101-252-104
6879	0.0016330397016073	nocladesub2	255-70-122-242
6880	3.0600741264152853e-08	nocladesub22	255-101-252-104
6881	3.3552777344706826e-12	nocladesub12	255-122-4-2
6882	1.628666743541703e-05	nocladesub2	255-70-122-242
6883	1.3392721601146032e-07	nocladesub22	255-101-252-104
6884	3.875272806250661e-07	nocladesub2	255-70-122-242
6885	8.32557267401832e-05	nocladesub22	255-101-252-104
6886	0.0001024774685395	nocladesub2	255-70-122-242
6887	0.0363953461022592	nocladesub12	255-122-4-2
6888	0.0027737526589164	nocladesub12	255-122-4-2
6889	0.0003483265904129	nocladesub2	255-70-122-242
6890	0.001549648940516	nocladesub22	255-101-252-104
6891	0.0005045748883286	nocladesub22	255-101-252-104
6892	0.0001402249756831	clade6sub19	255-254-152-44
6893	1.524687440625147e-05	nocladesub12	255-122-4-2
6894	3.757476606715247e-07	nocladesub2	255-70-122-242
6895	1.3644698358279588e-06	nocladesub2	255-70-122-242
6896	1.2030351509375171e-08	nocladesub12	255-122-4-2
6897	1.1127650116886034e-09	nocladesub22	255-101-252-104
6898	0.0001296882828532	nocladesub12	255-122-4-2
6899	0.0076450319446346	clade6sub19	255-254-152-44
6900	0.0018069944203648	clade6sub19	255-254-152-44
6901	2.25578010845128e-06	nocladesub22	255-101-252-104
6902	6.209205551284268e-06	nocladesub12	255-122-4-2
6903	0.0023991178496023	nocladesub22	255-101-252-104
6904	8.135176613652953e-11	nocladesub22	255-101-252-104
6905	2.462275783772689e-08	nocladesub2	255-70-122-242
6906	8.549916667205895e-07	nocladesub22	255-101-252-104
6907	8.417818415554076e-06	nocladesub22	255-101-252-104
6908	5.064724668087577e-05	nocladesub2	255-70-122-242
6909	5.07231102218763e-07	nocladesub22	255-101-252-104
6910	7.695771557560913e-08	nocladesub12	255-122-4-2
6911	1.3327439385950028e-10	nocladesub12	255-122-4-2
6912	1.3575329601652293e-12	nocladesub22	255-101-252-104
6913	1.2921782712704896e-10	nocladesub22	255-101-252-104
6914	4.937235014727069e-08	nocladesub22	255-101-252-104
6915	1.2116363111161123e-10	nocladesub12	255-122-4-2
6916	3.686262127258199e-11	nocladesub12	255-122-4-2
6917	5.147982664712609e-09	nocladesub22	255-101-252-104
6918	6.109621974837284e-11	nocladesub10	255-26-209-210
6919	3.699886334626486e-13	nocladesub12	255-122-4-2
6920	8.220574248121619e-11	nocladesub12	255-122-4-2
6921	1.9094358505613372e-14	nocladesub10	255-26-209-210
6922	6.518669481804187e-06	nocladesub22	255-101-252-104
6923	8.612927584032634e-11	nocladesub22	255-101-252-104
6924	8.612927584032634e-11	nocladesub22	255-101-252-104
6925	2.2468964927768917e-12	nocladesub10	255-26-209-210
6926	4.899284862464082e-05	nocladesub22	255-101-252-104
6927	2.301905631309504e-06	nocladesub22	255-101-252-104
6928	3.0814652640384175e-08	nocladesub2	255-70-122-242
6929	0.033797827078474	nocladesub12	255-122-4-2
6930	0.002611542032401	nocladesub22	255-101-252-104
6931	3.945550825047359e-07	nocladesub12	255-122-4-2
6932	0.0109866448432774	nocladesub12	255-122-4-2
6933	0.0332863293222887	nocladesub2	255-70-122-242
6934	0.2256575888794997	nocladesub12	255-122-4-2
6935	0.3040392822462485	nocladesub2	255-70-122-242
6936	0.0133661266983769	nocladesub2	255-70-122-242
6937	8.149094202049137e-06	nocladesub12	255-122-4-2
6938	0.6934031885107932	nocladesub2	255-70-122-242
6939	0.0210093131114508	nocladesub10	255-26-209-210
6940	1.4111509641659998e-06	nocladesub12	255-122-4-2
6941	0.0037704155210668	nocladesub2	255-70-122-242
6942	6.32372952397052e-08	nocladesub12	255-122-4-2
6943	0.0013065420965504	nocladesub10	255-26-209-210
6944	2.5682918373246927e-06	nocladesub12	255-122-4-2
6945	2.6100467187132384e-06	nocladesub10	255-26-209-210
6946	2.7472668880953917e-06	nocladesub10	255-26-209-210
6947	1.1626500399328566e-10	nocladesub10	255-26-209-210
6948	4.0729607460645757e-10	nocladesub10	255-26-209-210
6949	0.0001466089362269	nocladesub10	255-26-209-210
6950	3.3730838675699765e-11	nocladesub10	255-26-209-210
6951	5.34537967314361e-10	nocladesub10	255-26-209-210
6952	2.7514145124608106e-08	nocladesub10	255-26-209-210
6953	2.5769726635554013e-12	nocladesub10	255-26-209-210
6954	5.752995680506272e-07	nocladesub2	255-70-122-242
6955	9.84924764126556e-08	nocladesub2	255-70-122-242
6956	1.7313491134888232e-08	nocladesub10	255-26-209-210
6957	7.021890893504191e-13	nocladesub10	255-26-209-210
6958	1.173679952250519e-05	nocladesub2	255-70-122-242
6959	1.967408134729343e-06	nocladesub10	255-26-209-210
6960	4.445678684287892e-07	nocladesub2	255-70-122-242
6961	3.376565549930716e-13	nocladesub2	255-70-122-242
6962	2.5955274429494753e-16	nocladesub12	255-122-4-2
6963	3.271905818706957e-14	nocladesub22	255-101-252-104
6964	2.4359015340007486e-10	nocladesub2	255-70-122-242
6965	1.240094937873416e-09	nocladesub22	255-101-252-104
6966	0.0020807227089698	clade6sub19	255-254-152-44
6967	0.049015425832313	nocladesub2	255-70-122-242
6968	0.0469213127955266	nocladesub10	255-26-209-210
6969	1.4765910921141948e-05	nocladesub12	255-122-4-2
6970	0.0112987080011788	nocladesub22	255-101-252-104
6971	0.0052178468184751	nocladesub22	255-101-252-104
6972	0.0008114777142269	nocladesub22	255-101-252-104
6973	1.6662203060594688e-08	nocladesub22	255-101-252-104
6974	5.8218255452940927e-08	nocladesub12	255-122-4-2
6975	0.0002058544350846	nocladesub2	255-70-122-242
6976	0.0019655022157178	nocladesub12	255-122-4-2
6977	5.329140947728416e-13	nocladesub22	255-101-252-104
6978	3.888406538183339e-09	nocladesub10	255-26-209-210
6979	3.926153230355805e-08	nocladesub10	255-26-209-210
6980	3.4910417595603224e-10	nocladesub12	255-122-4-2
6981	1.311964410142478e-15	nocladesub10	255-26-209-210
6982	2.622578459251108e-07	nocladesub10	255-26-209-210
6983	0.004915856604824	nocladesub12	255-122-4-2
6984	6.763964703931468e-08	nocladesub10	255-26-209-210
6985	3.533764769678342e-10	nocladesub10	255-26-209-210
6986	0.0003196841420652	nocladesub2	255-70-122-242
6987	0.0001217943578316	nocladesub10	255-26-209-210
6988	2.1033784069611133e-06	nocladesub2	255-70-122-242
6989	0.0004132761277057	nocladesub2	255-70-122-242
6990	4.101615343787758e-06	nocladesub2	255-70-122-242
6991	7.987626591843625e-08	nocladesub2	255-70-122-242
6992	1.0296771786938701e-07	nocladesub22	255-101-252-104
6993	4.461515037971531e-09	nocladesub2	255-70-122-242
6994	0.0026721866848747	nocladesub2	255-70-122-242
6995	9.96360788111282e-09	nocladesub2	255-70-122-242
6996	0.0007244877653778	nocladesub2	255-70-122-242
6997	0.0583610977274433	nocladesub2	255-70-122-242
6998	2.1016808416837623e-05	nocladesub2	255-70-122-242
6999	0.0563846326464257	nocladesub2	255-70-122-242
7000	1.8263922061312747e-13	nocladesub2	255-70-122-242
7001	7.703561536641615e-05	nocladesub2	255-70-122-242
7002	5.126894017884928e-15	nocladesub2	255-70-122-242
7003	1.7965008587206885e-06	nocladesub10	255-26-209-210
7004	3.3566060397116584e-08	nocladesub2	255-70-122-242
7005	5.4136349398686235e-14	nocladesub2	255-70-122-242
7006	2.112680255324764e-08	nocladesub2	255-70-122-242
7007	2.305330088366198e-08	nocladesub2	255-70-122-242
7008	2.0874679931871078e-07	clade6sub19	255-254-152-44
7009	6.720622226307338e-10	nocladesub2	255-70-122-242
7010	2.145555969197567e-17	nocladesub2	255-70-122-242
7011	0.0190458099038977	clade6sub19	255-254-152-44
7012	0.1053269395632698	nocladesub10	255-26-209-210
7013	0.0011873543152049	nocladesub22	255-101-252-104
7014	0.0696985811300285	nocladesub10	255-26-209-210
7015	0.690735741107817	nocladesub2	255-70-122-242
7016	0.0124718141813601	nocladesub2	255-70-122-242
7017	0.0015081053395582	clade6sub19	255-254-152-44
7018	1.9051098892776693e-05	nocladesub12	255-122-4-2
7019	0.003422834499644	nocladesub10	255-26-209-210
7020	2.5115880711767064e-11	nocladesub12	255-122-4-2
7021	9.789767935655468e-17	nocladesub12	255-122-4-2
7022	0.7461101602832361	nocladesub12	255-122-4-2
7023	7.106178336982788e-20	nocladesub12	255-122-4-2
7024	1.2485411251649977e-17	nocladesub2	255-70-122-242
7025	6.4712199567995825e-16	nocladesub2	255-70-122-242
7026	0.0041807213045572	nocladesub12	255-122-4-2
7027	3.5123111176380016e-11	nocladesub2	255-70-122-242
7028	0.082535544213015	clade6sub19	255-254-152-44
7029	1.88210244117824e-12	nocladesub2	255-70-122-242
7030	0.0019461919203194	nocladesub12	255-122-4-2
7031	1.2173821700821684e-17	nocladesub20	255-212-231-53
7032	0.0023546643984865	nocladesub12	255-122-4-2
7033	1.6107085764327892e-12	nocladesub22	255-101-252-104
7034	1.5798132893638242e-09	nocladesub20	255-212-231-53
7035	2.6307559524503892e-14	nocladesub22	255-101-252-104
7036	9.75426634163733e-10	nocladesub22	255-101-252-104
7037	1.811090623813733e-09	nocladesub22	255-101-252-104
7038	4.480528028071872e-14	nocladesub22	255-101-252-104
7039	1.4866015811475286e-11	nocladesub12	255-122-4-2
7040	5.319457268367312e-05	nocladesub22	255-101-252-104
7041	5.456351214523749e-10	nocladesub22	255-101-252-104
7042	4.396107709847072e-05	nocladesub22	255-101-252-104
7043	7.343877136631923e-06	nocladesub22	255-101-252-104
7044	0.023538850862891	nocladesub10	255-26-209-210
7045	4.751472284549742e-05	nocladesub2	255-70-122-242
7046	0.0001431240574476	nocladesub10	255-26-209-210
7047	0.0007719584440808	clade6sub19	255-254-152-44
7048	8.808523302867076e-20	nocladesub12	255-122-4-2
7049	2.394092068230114e-18	nocladesub22	255-101-252-104
7050	1.870566486830135e-12	nocladesub20	255-212-231-53
7051	2.095324314677783e-16	nocladesub20	255-212-231-53
7052	3.210887977582534e-16	nocladesub22	255-101-252-104
7053	6.573361695166502e-17	nocladesub22	255-101-252-104
7054	1.5016183526014504e-12	nocladesub22	255-101-252-104
7055	1.6612920239644773e-15	nocladesub20	255-212-231-53
7056	4.9357417699877043e-14	nocladesub20	255-212-231-53
7057	7.377668290647921e-14	nocladesub2	255-70-122-242
7058	1.7617872621953303e-16	nocladesub22	255-101-252-104
7059	1.2553345436358934e-17	nocladesub22	255-101-252-104
7060	8.30831575526208e-22	nocladesub22	255-101-252-104
7061	8.892320661714339e-22	nocladesub22	255-101-252-104
7062	2.623393671829862e-16	nocladesub22	255-101-252-104
7063	9.158505643113896e-20	nocladesub22	255-101-252-104
7064	2.1109547309379162e-17	nocladesub12	255-122-4-2
7065	6.09409170358015e-23	nocladesub10	255-26-209-210
7066	1.9017866586172168e-19	nocladesub22	255-101-252-104
7067	3.9017030288994846e-11	nocladesub22	255-101-252-104
7068	1.0350135848527442e-14	nocladesub12	255-122-4-2
7069	6.901683293816722e-23	nocladesub12	255-122-4-2
7070	9.712928883735523e-16	nocladesub20	255-212-231-53
7071	2.75402952891547e-13	nocladesub22	255-101-252-104
7072	2.756944869858524e-14	nocladesub12	255-122-4-2
7073	2.0930182458252262e-09	nocladesub22	255-101-252-104
7074	6.090719811607815e-07	nocladesub22	255-101-252-104
7075	1.5149783266215586e-13	nocladesub22	255-101-252-104
7076	3.127706117236201e-05	nocladesub22	255-101-252-104
7077	1.7221972890129137e-12	nocladesub22	255-101-252-104
7078	1.882849253844613e-11	nocladesub22	255-101-252-104
7079	2.3447162440213347e-11	nocladesub12	255-122-4-2
7080	1.2325278933978037e-13	nocladesub22	255-101-252-104
7081	0.0002446844573315	nocladesub22	255-101-252-104
7082	6.39014014681732e-14	nocladesub22	255-101-252-104
7083	3.256993447942673e-15	nocladesub12	255-122-4-2
7084	1.0431207225733466e-14	nocladesub12	255-122-4-2
7085	1.5273984814456896e-05	nocladesub20	255-212-231-53
7086	1.3396703784150417e-06	nocladesub22	255-101-252-104
7087	1.1780915610729198e-13	nocladesub12	255-122-4-2
7088	7.38942360741781e-16	nocladesub22	255-101-252-104
7089	4.3199451426732775e-10	nocladesub22	255-101-252-104
7090	6.492557987140609e-11	nocladesub22	255-101-252-104
7091	1.8187090421086016e-15	nocladesub22	255-101-252-104
7092	5.0279987392629304e-17	nocladesub22	255-101-252-104
7093	0.6452812241744467	nocladesub26	255-217-56-6
7094	3.863846214205033e-09	nocladesub20	255-212-231-53
7095	0.0096264690380002	nocladesub12	255-122-4-2
7096	2.308598665127627e-13	nocladesub20	255-212-231-53
7097	2.5975056225069355e-15	nocladesub12	255-122-4-2
7098	4.3739881607516886e-14	nocladesub12	255-122-4-2
7099	1.5120982771904163e-10	nocladesub12	255-122-4-2
7100	2.6886739076282213e-16	nocladesub12	255-122-4-2
7101	2.2383108669538102e-14	nocladesub12	255-122-4-2
7102	6.336429908784758e-17	nocladesub12	255-122-4-2
7103	6.130005916824061e-11	nocladesub22	255-101-252-104
7104	1.529227122431643e-13	nocladesub12	255-122-4-2
7105	6.7570339851373e-13	nocladesub12	255-122-4-2
7106	1.6140456226818157e-20	nocladesub22	255-101-252-104
7107	4.682628516885176e-13	nocladesub22	255-101-252-104
7108	1.5424340326947807e-06	nocladesub22	255-101-252-104
7109	1.6785811573599982e-12	nocladesub12	255-122-4-2
7110	3.101093561604197e-09	nocladesub22	255-101-252-104
7111	4.254543587555693e-05	nocladesub22	255-101-252-104
7112	0.000223506821542	nocladesub20	255-212-231-53
7113	3.367959468773131e-08	nocladesub22	255-101-252-104
7114	6.0744082262978275e-09	nocladesub22	255-101-252-104
7115	2.5248462162109655e-05	nocladesub22	255-101-252-104
7116	4.168234940749451e-12	nocladesub12	255-122-4-2
7117	0.0008756200724524	nocladesub2	255-70-122-242
7118	4.0837133565148784e-05	nocladesub22	255-101-252-104
7119	3.611443832598062e-07	nocladesub22	255-101-252-104
7120	8.598109719935767e-05	nocladesub22	255-101-252-104
7121	0.0020582590045377	nocladesub22	255-101-252-104
7122	1.1342259434525691e-08	nocladesub12	255-122-4-2
7123	7.3611273896293e-06	nocladesub2	255-70-122-242
7124	3.264484657131864e-05	nocladesub2	255-70-122-242
7125	7.964690487511275e-10	nocladesub12	255-122-4-2
7126	3.38612707693079e-13	nocladesub12	255-122-4-2
7127	2.8988992524375545e-08	nocladesub12	255-122-4-2
7128	0.8111804646671084	nocladesub2	255-70-122-242
7129	0.0004132231930895	nocladesub2	255-70-122-242
7130	0.0328845583302743	clade6sub19	255-254-152-44
7131	6.735652287975269e-05	nocladesub22	255-101-252-104
7132	5.4721880042523135e-05	nocladesub22	255-101-252-104
7133	0.0020323413809684	nocladesub22	255-101-252-104
7134	8.919660989642487e-05	nocladesub22	255-101-252-104
7135	0.0028582206089	nocladesub22	255-101-252-104
7136	0.0013985888111946	clade6sub19	255-254-152-44
7137	5.4951765758851365e-05	nocladesub22	255-101-252-104
7138	4.555315641758856e-08	nocladesub22	255-101-252-104
7139	8.959441688889082e-06	nocladesub22	255-101-252-104
7140	2.362205062575386e-05	nocladesub22	255-101-252-104
7141	2.4299535962820315e-11	nocladesub2	255-70-122-242
7142	2.9431418339264e-10	nocladesub12	255-122-4-2
7143	6.5791829211758656e-12	nocladesub22	255-101-252-104
7144	6.068013358227372e-09	nocladesub22	255-101-252-104
7145	2.3406896324013944e-12	nocladesub22	255-101-252-104
7146	5.945345428513791e-13	nocladesub22	255-101-252-104
7147	3.9000870009838046e-11	nocladesub12	255-122-4-2
7148	2.087120942792668e-11	nocladesub12	255-122-4-2
7149	4.3164310396562744e-13	nocladesub22	255-101-252-104
7150	1.4067086123784468e-07	nocladesub22	255-101-252-104
7151	1.1368295080479354e-08	nocladesub22	255-101-252-104
7152	2.5265757017780303e-05	nocladesub22	255-101-252-104
7153	4.1669849347051e-08	nocladesub22	255-101-252-104
7154	1.4067086123784468e-07	nocladesub22	255-101-252-104
7155	1.3490143121521044e-11	nocladesub12	255-122-4-2
7156	1.307543236567864e-09	nocladesub22	255-101-252-104
7157	1.2453086246120896e-05	nocladesub22	255-101-252-104
7158	0.0038567229222285	nocladesub2	255-70-122-242
7159	4.9513865091376354e-05	nocladesub20	255-212-231-53
7160	0.000340502768925	nocladesub22	255-101-252-104
7161	7.263581849931823e-05	nocladesub20	255-212-231-53
7162	0.0005223844283878	nocladesub2	255-70-122-242
7163	0.0011065459581707	nocladesub2	255-70-122-242
7164	0.0390059782994675	nocladesub2	255-70-122-242
7165	0.4861998597671073	nocladesub2	255-70-122-242
7166	0.0147089878456119	nocladesub12	255-122-4-2
7167	0.2093190037566937	nocladesub20	255-212-231-53
7168	0.0004907822744783	nocladesub2	255-70-122-242
7169	0.5880171025937742	nocladesub2	255-70-122-242
7170	0.0003709338045559	nocladesub20	255-212-231-53
7171	0.0013975033329312	nocladesub2	255-70-122-242
7172	0.0085215296868026	nocladesub12	255-122-4-2
7173	1.867781142803885e-07	nocladesub10	255-26-209-210
7174	6.866404668635378e-06	nocladesub10	255-26-209-210
7175	0.0031793107205781	clade6sub19	255-254-152-44
7176	3.484885820926157e-05	nocladesub12	255-122-4-2
7177	2.8105496977069134e-09	nocladesub10	255-26-209-210
7178	1.7040910288635312e-05	nocladesub2	255-70-122-242
7179	2.149434735626848e-11	nocladesub2	255-70-122-242
7180	3.643563427159415e-08	nocladesub2	255-70-122-242
7181	8.329834740026118e-12	nocladesub22	255-101-252-104
7182	2.716023445515197e-08	nocladesub2	255-70-122-242
7183	1.1786511901417071e-08	nocladesub2	255-70-122-242
7184	3.586600284151106e-11	nocladesub2	255-70-122-242
7185	1.3795490704624649e-08	nocladesub22	255-101-252-104
7186	1.0102345251525335e-09	nocladesub2	255-70-122-242
7187	7.313952891502857e-08	nocladesub10	255-26-209-210
7188	7.150946400380918e-08	nocladesub22	255-101-252-104
7189	3.7506864808870485e-13	nocladesub2	255-70-122-242
7190	0.0010943335288671	clade6sub19	255-254-152-44
7191	3.1155403791503573e-13	nocladesub22	255-101-252-104
7192	8.356421450490383e-06	nocladesub12	255-122-4-2
7194	5.627312420968376e-16	nocladesub12	255-122-4-2
7195	1.6419824360148296e-05	nocladesub12	255-122-4-2
7196	2.880864163213754e-06	nocladesub12	255-122-4-2
7197	9.862657824285328e-10	nocladesub10	255-26-209-210
7198	1.9721159785724726e-06	nocladesub22	255-101-252-104
7199	4.547288532745608e-05	nocladesub12	255-122-4-2
7200	0.0002528569734312	nocladesub10	255-26-209-210
7201	6.510774627948886e-10	nocladesub10	255-26-209-210
7202	5.288746242809074e-11	nocladesub12	255-122-4-2
7203	3.004534902884254e-10	nocladesub22	255-101-252-104
7204	8.402977855893075e-07	nocladesub2	255-70-122-242
7205	5.125411063759485e-08	nocladesub2	255-70-122-242
7206	6.039045373651508e-10	nocladesub2	255-70-122-242
7207	4.783662907041465e-09	nocladesub22	255-101-252-104
7208	3.652302279712667e-06	nocladesub10	255-26-209-210
7209	0.0007712663524538	nocladesub20	255-212-231-53
7210	1.5115009398102054e-08	nocladesub20	255-212-231-53
7211	3.58090900822515e-08	nocladesub22	255-101-252-104
7212	1.36275490725001e-08	nocladesub2	255-70-122-242
7213	1.6396376536192495e-06	nocladesub2	255-70-122-242
7214	1.6538545399537195e-11	nocladesub2	255-70-122-242
7215	5.803543524546614e-06	nocladesub20	255-212-231-53
7216	2.699738447660749e-09	nocladesub2	255-70-122-242
7217	5.8170388354887904e-06	nocladesub2	255-70-122-242
7218	1.504293631948055e-15	nocladesub2	255-70-122-242
7219	0.0019253248289292	nocladesub2	255-70-122-242
7220	0.0001024030852042	nocladesub2	255-70-122-242
7221	3.4364902620169764e-15	nocladesub2	255-70-122-242
7222	1.0877874024569947e-11	nocladesub2	255-70-122-242
7223	1.805707763738376e-07	nocladesub20	255-212-231-53
7224	3.1758625411623393e-10	nocladesub20	255-212-231-53
7225	2.4703776351555263e-08	nocladesub20	255-212-231-53
7226	1.7467495351023012e-06	nocladesub2	255-70-122-242
7227	0.0010533954932202	nocladesub10	255-26-209-210
7228	5.158103160035983e-12	nocladesub2	255-70-122-242
7229	1.6877673804102068e-17	nocladesub12	255-122-4-2
7231	0.0065202363241204	clade6sub19	255-254-152-44
7232	5.736212663610256e-15	nocladesub12	255-122-4-2
7233	1.4701637716058194e-09	nocladesub2	255-70-122-242
7234	1.2852807778553974e-10	nocladesub2	255-70-122-242
7235	7.054231390128148e-12	nocladesub10	255-26-209-210
7236	3.657635529918487e-19	nocladesub22	255-101-252-104
7237	2.3261406576716084e-19	nocladesub12	255-122-4-2
7238	1.041286890302402e-18	nocladesub22	255-101-252-104
7239	1.810022478904568e-15	nocladesub20	255-212-231-53
7240	3.881463629992053e-17	nocladesub22	255-101-252-104
7241	2.7375367791593514e-16	nocladesub22	255-101-252-104
7242	5.0464834233550496e-11	nocladesub22	255-101-252-104
7243	3.3619914993194364e-11	nocladesub22	255-101-252-104
7244	4.7984273127266e-08	nocladesub22	255-101-252-104
7245	7.106476510665786e-11	nocladesub22	255-101-252-104
7246	0.0001134563095059	nocladesub22	255-101-252-104
7247	7.276898976157083e-11	nocladesub22	255-101-252-104
7248	0.0363829992129027	nocladesub12	255-122-4-2
7249	1.4494271480561552e-07	nocladesub12	255-122-4-2
7250	0.2783192823894683	nocladesub26	255-217-56-6
7251	1.8420255111114161e-19	nocladesub12	255-122-4-2
7252	2.260491450043549e-15	nocladesub20	255-212-231-53
7253	1.5833036801270237e-18	nocladesub22	255-101-252-104
7254	5.726248513954245e-17	nocladesub22	255-101-252-104
7255	4.837675754942423e-18	nocladesub22	255-101-252-104
7256	8.999391969119464e-19	nocladesub20	255-212-231-53
7257	9.661979360130481e-18	nocladesub22	255-101-252-104
7258	1.023452319018698e-11	nocladesub20	255-212-231-53
7259	7.561630366826631e-20	nocladesub22	255-101-252-104
7260	1.3758926255953458e-22	nocladesub22	255-101-252-104
7261	7.590719712150208e-19	nocladesub22	255-101-252-104
7262	5.912732179748625e-24	nocladesub22	255-101-252-104
7263	1.5668074007252356e-25	nocladesub22	255-101-252-104
7264	8.187821505155237e-24	nocladesub12	255-122-4-2
7265	2.820407353529349e-21	nocladesub22	255-101-252-104
7266	1.7900900683140634e-20	nocladesub22	255-101-252-104
7267	2.787122290258895e-23	nocladesub22	255-101-252-104
7268	2.4929053847706102e-17	nocladesub22	255-101-252-104
7269	1.6301449616499591e-16	nocladesub22	255-101-252-104
7270	1.0746114916648532e-19	nocladesub22	255-101-252-104
7271	2.5977088333748543e-20	nocladesub12	255-122-4-2
7272	1.6453041935793122e-20	nocladesub20	255-212-231-53
7273	3.454777970036612e-18	nocladesub22	255-101-252-104
7274	1.6708983340267569e-22	nocladesub12	255-122-4-2
7275	2.758123831884852e-15	nocladesub22	255-101-252-104
7276	1.9339136436867802e-16	nocladesub12	255-122-4-2
7277	3.843744398547453e-17	nocladesub12	255-122-4-2
7278	2.2074678109156066e-13	nocladesub22	255-101-252-104
7279	2.125755107243395e-13	nocladesub22	255-101-252-104
7280	5.293053320160184e-14	nocladesub22	255-101-252-104
7281	1.1278826401365659e-11	nocladesub22	255-101-252-104
7282	8.774706393334593e-12	nocladesub22	255-101-252-104
7284	2.440131128354458e-09	nocladesub22	255-101-252-104
7285	5.540701209726863e-12	nocladesub22	255-101-252-104
7286	1.4029639931996896e-07	nocladesub22	255-101-252-104
7287	0.001552468772546	nocladesub20	255-212-231-53
7288	0.0006562253637363	nocladesub26	255-217-56-6
7289	0.1730017821351817	nocladesub10	255-26-209-210
7290	0.0004075349397338	nocladesub2	255-70-122-242
7291	0.0010083912062724	nocladesub10	255-26-209-210
7292	0.0559150353111786	nocladesub10	255-26-209-210
7293	2.1057353739640508e-17	nocladesub22	255-101-252-104
7294	2.3686075800783078e-19	nocladesub12	255-122-4-2
7295	1.2137804519039579e-15	nocladesub12	255-122-4-2
7296	2.125755107243395e-13	nocladesub22	255-101-252-104
7297	3.2312338985091574e-16	nocladesub12	255-122-4-2
7298	5.618207191281742e-15	nocladesub22	255-101-252-104
7299	4.2631862075504585e-12	nocladesub12	255-122-4-2
7300	9.953469727138669e-14	nocladesub22	255-101-252-104
7301	4.2631862075504585e-12	nocladesub12	255-122-4-2
7302	5.566499774992509e-14	nocladesub22	255-101-252-104
7303	1.1814944940611878e-10	nocladesub22	255-101-252-104
7304	3.1608045852687403e-14	nocladesub22	255-101-252-104
7305	6.018939785617332e-20	nocladesub12	255-122-4-2
7308	9.203010205187963e-07	nocladesub22	255-101-252-104
7309	0.0466493259846253	nocladesub22	255-101-252-104
7310	0.000559607834819	nocladesub10	255-26-209-210
7311	3.010561258710666e-11	nocladesub12	255-122-4-2
7312	0.0010736269344949	nocladesub22	255-101-252-104
7313	9.258556675996157e-08	nocladesub12	255-122-4-2
7314	6.628951972114003e-10	nocladesub12	255-122-4-2
7315	3.490599873208296e-10	nocladesub22	255-101-252-104
7316	5.0726165565720895e-08	nocladesub22	255-101-252-104
7317	1.9543802180355387e-10	nocladesub22	255-101-252-104
7318	4.818454675665501e-07	nocladesub22	255-101-252-104
7319	0.0012435652334677	nocladesub22	255-101-252-104
7320	0.0005583747947308	nocladesub22	255-101-252-104
7321	0.0004743052990508	nocladesub22	255-101-252-104
7322	8.147913696900533e-07	nocladesub26	255-217-56-6
7323	0.0001912413935895	nocladesub2	255-70-122-242
7324	0.0475665438381768	nocladesub20	255-212-231-53
7325	0.99923173061653	nocladesub2	255-70-122-242
7326	0.127857383224782	nocladesub2	255-70-122-242
7327	0.0023346921893858	nocladesub2	255-70-122-242
7328	0.1169328162404735	nocladesub2	255-70-122-242
7329	0.0032642116705578	nocladesub2	255-70-122-242
7330	0.0058258290278693	nocladesub2	255-70-122-242
7331	2.9652721198863283e-08	nocladesub12	255-122-4-2
7332	0.0097279025390396	clade6sub19	255-254-152-44
7333	0.0093146701063425	clade6sub19	255-254-152-44
7334	6.789816796272653e-08	nocladesub2	255-70-122-242
7335	3.585264568291979e-13	nocladesub12	255-122-4-2
7336	0.0001068531410898	nocladesub20	255-212-231-53
7337	6.817953140718009e-05	nocladesub2	255-70-122-242
7338	2.0141520858198913e-18	nocladesub12	255-122-4-2
7339	2.1449294459528533e-08	nocladesub20	255-212-231-53
7340	2.0126393255911732e-08	nocladesub2	255-70-122-242
7341	1.0942320193625117e-13	nocladesub10	255-26-209-210
7343	1.5006090053307476e-10	nocladesub2	255-70-122-242
7344	1.4494271480561552e-07	nocladesub12	255-122-4-2
7345	0.5851991761377681	nocladesub26	255-217-56-6
7346	0.0467237681207613	nocladesub26	255-217-56-6
7347	7.189335768199946e-14	nocladesub12	255-122-4-2
7348	3.431862071797512e-12	nocladesub12	255-122-4-2
7349	6.300894947812048e-12	nocladesub2	255-70-122-242
7350	2.6839205753360038e-14	nocladesub12	255-122-4-2
7351	6.533958189262292e-12	nocladesub20	255-212-231-53
7352	7.846324462794494e-15	nocladesub12	255-122-4-2
7353	9.35457508840311e-10	nocladesub2	255-70-122-242
7354	0.0009162318017557	nocladesub20	255-212-231-53
7355	0.1284380556086287	clade6sub19	255-254-152-44
7356	6.152357706725016e-12	nocladesub2	255-70-122-242
7357	2.5168655875995415e-13	nocladesub26	255-217-56-6
7358	2.0337097441445118e-11	nocladesub26	255-217-56-6
7359	1.0120441912280194e-12	nocladesub26	255-217-56-6
7360	0.0049693480993041	nocladesub2	255-70-122-242
7361	0.0001555577938494	nocladesub2	255-70-122-242
7362	6.91166678944049e-13	nocladesub2	255-70-122-242
7363	3.769518197722465e-09	nocladesub2	255-70-122-242
7364	1.5921099166136882e-06	nocladesub22	255-101-252-104
7365	4.022446386875919e-06	nocladesub10	255-26-209-210
7366	0.4904463994496148	nocladesub26	255-217-56-6
7367	0.002669871458873	nocladesub10	255-26-209-210
7368	0.0041235659115607	nocladesub2	255-70-122-242
7369	0.1303049660853814	nocladesub10	255-26-209-210
7371	6.613744705878704e-12	nocladesub2	255-70-122-242
7372	1.1565111457159764e-07	nocladesub2	255-70-122-242
7373	1.1488668500718592e-05	nocladesub26	255-217-56-6
7374	1.5956914369132286e-07	nocladesub2	255-70-122-242
7375	0.0003967819558424	clade6sub19	255-254-152-44
7376	9.382083359936768e-07	nocladesub12	255-122-4-2
7377	0.0001948395417254	nocladesub2	255-70-122-242
7378	1.0108336477303538e-17	nocladesub20	255-212-231-53
7379	1.4866674440628541e-18	nocladesub20	255-212-231-53
7380	9.479968372061592e-21	nocladesub12	255-122-4-2
7381	2.049546558333895e-19	nocladesub20	255-212-231-53
7382	0.0002794971699157	nocladesub26	255-217-56-6
7383	3.8434298714362653e-22	nocladesub12	255-122-4-2
7384	3.4618210979095035e-20	nocladesub20	255-212-231-53
7385	1.2148594242489996e-18	nocladesub10	255-26-209-210
7386	2.642751603785872e-21	nocladesub10	255-26-209-210
7387	5.256838672704692e-11	nocladesub12	255-122-4-2
7388	1.0555738176530508e-14	nocladesub12	255-122-4-2
7389	1.723147729011173e-11	nocladesub12	255-122-4-2
7390	6.447191179307206e-14	nocladesub22	255-101-252-104
7391	1.8052691440571525e-22	nocladesub12	255-122-4-2
7392	8.762060834902197e-25	nocladesub12	255-122-4-2
7393	6.829548205965382e-15	nocladesub10	255-26-209-210
7394	1.5705639910917538e-20	nocladesub12	255-122-4-2
7395	2.1552008930557857e-12	nocladesub10	255-26-209-210
7396	2.7976346463039213e-18	nocladesub12	255-122-4-2
7397	9.809450351768912e-05	nocladesub22	255-101-252-104
7398	1.0027318804678102e-17	nocladesub22	255-101-252-104
7399	1.6538386913830906e-09	nocladesub22	255-101-252-104
7400	3.326137060098492e-11	nocladesub12	255-122-4-2
7401	9.562187715248487e-10	nocladesub22	255-101-252-104
7402	2.311699761400278e-09	nocladesub22	255-101-252-104
7403	2.311699761400278e-09	nocladesub22	255-101-252-104
7404	0.0004557538656695	nocladesub12	255-122-4-2
7405	1.3146644000272936e-10	nocladesub2	255-70-122-242
7406	1.5660167488900255e-09	nocladesub2	255-70-122-242
7407	4.933608275876937e-07	nocladesub2	255-70-122-242
7408	0.0001047247036335	nocladesub2	255-70-122-242
7409	3.0888517747550227e-06	nocladesub2	255-70-122-242
7410	6.467192542265434e-06	nocladesub2	255-70-122-242
7411	0.0007342078573142	nocladesub2	255-70-122-242
7412	3.6834946285598864e-05	nocladesub2	255-70-122-242
7413	5.366439190598562e-10	nocladesub2	255-70-122-242
7414	4.372151040879389e-06	nocladesub2	255-70-122-242
7415	0.0004091632352651	nocladesub2	255-70-122-242
7416	0.0008409438858596	nocladesub2	255-70-122-242
7417	5.040961169506282e-20	nocladesub12	255-122-4-2
7418	1.4318684964531876e-14	nocladesub20	255-212-231-53
7419	8.215193335268716e-20	nocladesub12	255-122-4-2
7420	3.936160164773357e-13	nocladesub20	255-212-231-53
7421	1.0247592373243832e-17	nocladesub20	255-212-231-53
7422	3.619801954297013e-21	nocladesub12	255-122-4-2
7423	2.360918329750403e-07	nocladesub20	255-212-231-53
7424	1.0925604611572277e-17	nocladesub20	255-212-231-53
7425	6.02996398217928e-18	nocladesub22	255-101-252-104
7426	4.71196465660887e-20	nocladesub22	255-101-252-104
7427	1.9522390998635415e-18	nocladesub22	255-101-252-104
7428	2.0685202483915134e-16	nocladesub20	255-212-231-53
7429	2.51121505287106e-21	nocladesub22	255-101-252-104
7430	1.0827291650906308e-21	nocladesub22	255-101-252-104
7431	1.8206160319465317e-19	nocladesub20	255-212-231-53
7432	3.767168710458384e-16	nocladesub12	255-122-4-2
7433	3.457873505899334e-20	nocladesub12	255-122-4-2
7434	5.2721735476413006e-17	nocladesub22	255-101-252-104
7435	9.381683068474238e-18	nocladesub22	255-101-252-104
7436	1.6860894617807336e-20	nocladesub22	255-101-252-104
7437	1.764745710720059e-21	nocladesub12	255-122-4-2
7438	1.3487796218412594e-14	nocladesub22	255-101-252-104
7439	3.227339117736712e-18	nocladesub12	255-122-4-2
7440	1.579701888306433e-18	nocladesub12	255-122-4-2
7441	5.307684795977331e-15	nocladesub12	255-122-4-2
7442	9.041500943719871e-21	nocladesub12	255-122-4-2
7443	2.4856034277177938e-19	nocladesub12	255-122-4-2
7444	2.4384498557278688e-09	nocladesub12	255-122-4-2
7445	3.9563719035315576e-11	nocladesub22	255-101-252-104
7446	8.995258757918216e-15	nocladesub22	255-101-252-104
7447	7.30506862840647e-14	nocladesub2	255-70-122-242
7448	6.151048038738056e-08	nocladesub2	255-70-122-242
7449	8.871309068985547e-06	nocladesub22	255-101-252-104
7450	3.5809386478863496e-08	nocladesub2	255-70-122-242
7451	1.0058887343334948e-05	nocladesub22	255-101-252-104
7452	3.4335942973398703e-09	nocladesub2	255-70-122-242
7453	3.2467164517139525e-11	nocladesub2	255-70-122-242
7454	0.0003481606985598	nocladesub2	255-70-122-242
7455	0.1788456333210061	nocladesub10	255-26-209-210
7456	6.956993759606233e-15	nocladesub12	255-122-4-2
7457	4.5720596866067725e-09	nocladesub12	255-122-4-2
7458	8.858827286998087e-14	nocladesub12	255-122-4-2
7459	3.1613659675237205e-15	nocladesub22	255-101-252-104
7460	1.3976386459420248e-10	nocladesub12	255-122-4-2
7461	3.7457832779221575e-19	nocladesub12	255-122-4-2
7462	4.800987496630204e-18	nocladesub22	255-101-252-104
7463	6.31164649550572e-14	nocladesub12	255-122-4-2
7464	3.710711121022399e-18	nocladesub12	255-122-4-2
7465	1.0493615518375934e-22	nocladesub12	255-122-4-2
7466	4.478568909430594e-17	nocladesub12	255-122-4-2
7467	3.068893345599168e-19	nocladesub12	255-122-4-2
7468	3.9827938662620875e-19	nocladesub12	255-122-4-2
7469	6.780971713366162e-20	nocladesub22	255-101-252-104
7470	6.298362208816936e-13	nocladesub22	255-101-252-104
7471	8.83994285024434e-17	nocladesub12	255-122-4-2
7472	3.889547566983284e-12	nocladesub22	255-101-252-104
7473	8.459792760550355e-12	nocladesub12	255-122-4-2
7474	2.678496635528908e-17	nocladesub12	255-122-4-2
7475	8.578509740354778e-08	nocladesub22	255-101-252-104
7476	6.626956300712314e-09	nocladesub22	255-101-252-104
7477	1.7605186988730502e-06	nocladesub22	255-101-252-104
7478	0.0001953331527236	nocladesub22	255-101-252-104
7479	2.461112498210607e-07	nocladesub26	255-217-56-6
7480	5.2951112336473865e-05	nocladesub26	255-217-56-6
7481	0.0002905167803443	nocladesub26	255-217-56-6
7482	0.0667314758188065	nocladesub2	255-70-122-242
7483	0.0001137757091303	nocladesub20	255-212-231-53
7484	0.0058807629124383	clade6sub19	255-254-152-44
7485	0.0877980892356534	nocladesub20	255-212-231-53
7486	0.000107044094852	nocladesub26	255-217-56-6
7487	0.0092540474642339	nocladesub2	255-70-122-242
7488	0.0108054823578444	nocladesub10	255-26-209-210
7489	0.0004054794644124	nocladesub10	255-26-209-210
7490	5.26232228957449e-05	nocladesub22	255-101-252-104
7491	3.0078641863259365e-06	nocladesub2	255-70-122-242
7492	7.110961268867562e-05	nocladesub2	255-70-122-242
7493	6.158970915911661e-13	nocladesub12	255-122-4-2
7494	0.0015970888101488	nocladesub2	255-70-122-242
7495	4.7984273127266e-08	nocladesub22	255-101-252-104
7496	4.7984273127266e-08	nocladesub22	255-101-252-104
7497	0.0006425516185866	nocladesub2	255-70-122-242
7498	2.5607421160604482e-08	nocladesub22	255-101-252-104
7499	2.5973653016732802e-08	nocladesub22	255-101-252-104
7500	4.634772082727288e-16	nocladesub22	255-101-252-104
7501	1.408614256002041e-07	nocladesub2	255-70-122-242
7502	6.823333071834347e-12	nocladesub22	255-101-252-104
7503	7.320765372526325e-08	nocladesub2	255-70-122-242
7504	7.778781721252357e-11	nocladesub2	255-70-122-242
7505	0.003182329294836	nocladesub12	255-122-4-2
7506	1.7322305003425854e-05	nocladesub26	255-217-56-6
7507	0.3114498839775135	nocladesub20	255-212-231-53
7508	0.0271810358918466	clade6sub19	255-254-152-44
7509	0.1661993046066226	clade6sub19	255-254-152-44
7510	0.0023858843740471	nocladesub20	255-212-231-53
7511	0.2153756458868147	nocladesub20	255-212-231-53
7512	0.1392332537414219	nocladesub2	255-70-122-242
7513	0.5823629139038513	nocladesub26	255-217-56-6
7514	0.0390148421674956	nocladesub26	255-217-56-6
7515	0.3545164378422666	nocladesub2	255-70-122-242
7516	0.0458829480204663	clade6sub19	255-254-152-44
7517	0.0226210355431009	clade6sub19	255-254-152-44
7518	1.1348972572387152e-08	nocladesub20	255-212-231-53
7519	0.0087175032060441	clade6sub19	255-254-152-44
7520	0.0003601011597518	nocladesub12	255-122-4-2
7521	0.1956702717293112	nocladesub2	255-70-122-242
7522	4.929160383321215e-10	nocladesub12	255-122-4-2
7524	1.0040935843645074e-06	nocladesub2	255-70-122-242
7525	2.0159420422013367e-12	nocladesub22	255-101-252-104
7526	0.0006757279760422	nocladesub2	255-70-122-242
7527	0.010277727466905	nocladesub2	255-70-122-242
7528	0.0785825961367842	nocladesub2	255-70-122-242
7529	5.053188503776083e-07	nocladesub12	255-122-4-2
7530	0.0003849934208092	nocladesub2	255-70-122-242
7531	0.0015035290440937	clade6sub19	255-254-152-44
7532	7.8430289075207e-12	nocladesub20	255-212-231-53
7533	1.7460256708478396e-06	nocladesub20	255-212-231-53
7534	6.936951831787644e-13	nocladesub12	255-122-4-2
7535	3.5467631567694546e-12	nocladesub20	255-212-231-53
7536	1.6862287921404098e-14	nocladesub12	255-122-4-2
7537	2.884973440535835e-05	nocladesub20	255-212-231-53
7538	1.2564822504518115e-09	nocladesub26	255-217-56-6
7539	0.1798402909988174	nocladesub2	255-70-122-242
7540	4.95291139339576e-07	nocladesub2	255-70-122-242
7541	0.0010453668520939	nocladesub20	255-212-231-53
7542	0.0037586108857521	nocladesub2	255-70-122-242
7543	1.668500553602181e-10	nocladesub2	255-70-122-242
7546	0.0552389065053787	nocladesub2	255-70-122-242
7547	0.002046294194314	nocladesub10	255-26-209-210
7548	0.0108734369927344	nocladesub2	255-70-122-242
7549	0.0100209397048131	nocladesub12	255-122-4-2
7550	0.0003206733142155	nocladesub10	255-26-209-210
7551	0.0006621373907391	nocladesub2	255-70-122-242
7552	0.105810099138351	nocladesub2	255-70-122-242
7553	3.8630327557708897e-08	nocladesub2	255-70-122-242
7554	0.0003101967630234	nocladesub2	255-70-122-242
7555	0.0025364846575184	nocladesub20	255-212-231-53
7556	4.5617357704768925e-11	nocladesub12	255-122-4-2
7557	3.558139471091012e-07	nocladesub2	255-70-122-242
7558	6.154365771751989e-12	nocladesub12	255-122-4-2
7559	1.321672789304171e-10	nocladesub12	255-122-4-2
7560	2.8612875755306347e-16	nocladesub12	255-122-4-2
7561	1.2486502301357888e-14	nocladesub12	255-122-4-2
7562	1.4563176667106188e-12	nocladesub12	255-122-4-2
7563	6.047582081204927e-08	nocladesub2	255-70-122-242
7564	1.971250836824995e-16	nocladesub12	255-122-4-2
7565	2.8334764054887225e-11	nocladesub12	255-122-4-2
7566	2.221086337208087e-12	nocladesub12	255-122-4-2
7567	7.868456304192647e-14	nocladesub2	255-70-122-242
7568	8.882217333881976e-14	nocladesub2	255-70-122-242
7569	5.37280804732609e-10	nocladesub12	255-122-4-2
7570	2.0366479341392838e-16	nocladesub12	255-122-4-2
7571	1.2602364678773218e-09	nocladesub12	255-122-4-2
7572	1.6707061109019815e-14	nocladesub20	255-212-231-53
7573	8.575419568399058e-10	nocladesub12	255-122-4-2
7574	1.4703921345520905e-13	nocladesub2	255-70-122-242
7575	3.027632206784013e-12	nocladesub12	255-122-4-2
7576	2.9611246897580334e-13	nocladesub20	255-212-231-53
7577	3.0063861657544147e-15	nocladesub12	255-122-4-2
7578	2.2638577939073149e-10	nocladesub12	255-122-4-2
7579	1.2326148604610452e-11	nocladesub20	255-212-231-53
7580	2.1236194543264706e-07	nocladesub2	255-70-122-242
7581	7.564302040749276e-10	nocladesub2	255-70-122-242
7582	3.454442360395951e-05	nocladesub2	255-70-122-242
7583	8.506070458591575e-08	nocladesub2	255-70-122-242
7584	9.6000056618882e-08	nocladesub2	255-70-122-242
7585	0.0375202071944291	nocladesub2	255-70-122-242
7586	1.946991605728335e-05	nocladesub2	255-70-122-242
7587	4.944562908728651e-10	nocladesub20	255-212-231-53
7588	2.642270676816664e-12	nocladesub12	255-122-4-2
7589	3.1172362531659133e-18	nocladesub12	255-122-4-2
7590	2.221246281693216e-16	nocladesub20	255-212-231-53
7591	1.2328676109610957e-17	nocladesub20	255-212-231-53
7592	1.428912485479183e-17	nocladesub20	255-212-231-53
7593	1.5634355785906379e-15	nocladesub20	255-212-231-53
7594	8.148924283063372e-10	nocladesub12	255-122-4-2
7595	7.592936261249229e-20	nocladesub20	255-212-231-53
7596	2.381136913956821e-14	nocladesub12	255-122-4-2
7597	3.428305325818325e-18	nocladesub20	255-212-231-53
7598	1.2303599225992732e-07	nocladesub22	255-101-252-104
7599	5.688145780228857e-16	nocladesub2	255-70-122-242
7600	2.1065536119861537e-18	nocladesub20	255-212-231-53
7601	4.0428703155392434e-13	nocladesub10	255-26-209-210
7602	7.432792095461285e-19	nocladesub20	255-212-231-53
7603	5.119004223480943e-11	nocladesub10	255-26-209-210
7604	1.0167076888029681e-14	nocladesub10	255-26-209-210
7605	4.0805926600887407e-16	nocladesub22	255-101-252-104
7606	7.109285676318475e-16	nocladesub12	255-122-4-2
7607	2.136447129048652e-09	nocladesub22	255-101-252-104
7608	1.2346574356597041e-12	nocladesub22	255-101-252-104
7609	1.9195568757197706e-13	nocladesub22	255-101-252-104
7610	3.5329135368124488e-15	nocladesub12	255-122-4-2
7611	1.9636202108793828e-08	nocladesub12	255-122-4-2
7612	2.3728880723214645e-11	nocladesub22	255-101-252-104
7613	2.6954440876882327e-10	nocladesub2	255-70-122-242
7614	1.1057724685935745e-13	nocladesub22	255-101-252-104
7615	1.123206521826898e-09	nocladesub12	255-122-4-2
7616	4.7984273127266e-08	nocladesub22	255-101-252-104
7617	1.901330311406641e-07	nocladesub2	255-70-122-242
7618	3.431786349246491e-08	nocladesub2	255-70-122-242
7619	3.283967239359414e-10	nocladesub2	255-70-122-242
7620	0.0004146522397529	nocladesub2	255-70-122-242
7621	2.430734101646973e-11	nocladesub12	255-122-4-2
7622	7.569998269021836e-15	nocladesub20	255-212-231-53
7623	3.522418054676241e-11	nocladesub12	255-122-4-2
7624	2.5790166937107198e-11	nocladesub12	255-122-4-2
7625	2.3122760556816408e-09	nocladesub12	255-122-4-2
7626	6.3091399618324e-10	nocladesub2	255-70-122-242
7627	1.157836879477444e-09	nocladesub20	255-212-231-53
7628	3.065140109183953e-13	nocladesub20	255-212-231-53
7629	4.2966909893859e-09	nocladesub20	255-212-231-53
7630	0.0001995678675415	nocladesub2	255-70-122-242
7631	0.0003010861281502	nocladesub22	255-101-252-104
7632	5.456205483060561e-05	nocladesub2	255-70-122-242
7633	6.786994236257918e-05	nocladesub12	255-122-4-2
7634	9.777254583844384e-07	nocladesub2	255-70-122-242
7635	0.0102093785640871	nocladesub2	255-70-122-242
7636	2.019939971959256e-05	nocladesub2	255-70-122-242
7637	0.0150560764673748	nocladesub2	255-70-122-242
7638	9.399522075616593e-09	nocladesub2	255-70-122-242
7639	3.775534745688941e-07	nocladesub2	255-70-122-242
7640	1.638583863653533e-17	nocladesub12	255-122-4-2
7641	1.3615905512109105e-05	nocladesub20	255-212-231-53
7642	9.863559967166151e-15	nocladesub20	255-212-231-53
7643	8.579561432262e-16	nocladesub20	255-212-231-53
7644	3.130091141711378e-22	nocladesub20	255-212-231-53
7645	0.000278982195563	nocladesub20	255-212-231-53
7646	9.660881702449209e-18	nocladesub12	255-122-4-2
7647	5.238149853425383e-13	nocladesub22	255-101-252-104
7648	3.170740309332041e-20	nocladesub12	255-122-4-2
7649	4.8542446144606796e-18	nocladesub12	255-122-4-2
7650	1.7959272462303813e-20	nocladesub12	255-122-4-2
7651	1.7866051041725758e-17	nocladesub12	255-122-4-2
7652	6.848365933936937e-13	nocladesub20	255-212-231-53
7653	8.655360518989317e-17	nocladesub12	255-122-4-2
7654	1.7041598041276313e-17	nocladesub12	255-122-4-2
7655	2.376429086579897e-10	nocladesub12	255-122-4-2
7656	7.413232162803597e-16	nocladesub12	255-122-4-2
7657	7.423713414057386e-14	nocladesub12	255-122-4-2
7658	2.0921780799678464e-11	nocladesub12	255-122-4-2
7659	1.9419714155808464e-20	nocladesub20	255-212-231-53
7660	3.015172637076721e-05	nocladesub26	255-217-56-6
7661	1.704558637428913e-12	nocladesub12	255-122-4-2
7662	9.75037103741976e-12	nocladesub12	255-122-4-2
7663	5.8734329742260646e-06	nocladesub22	255-101-252-104
7664	1.1954133292417102e-16	nocladesub12	255-122-4-2
7665	9.967741745041436e-11	nocladesub2	255-70-122-242
7666	1.550461646473887e-05	nocladesub22	255-101-252-104
7667	2.1982447166771317e-11	nocladesub2	255-70-122-242
7668	3.522504693907888e-06	nocladesub2	255-70-122-242
7669	0.000139055105674	nocladesub22	255-101-252-104
7670	0.0173892429544847	nocladesub10	255-26-209-210
7671	5.2169148493542943e-05	nocladesub2	255-70-122-242
7672	1.195887152917376e-06	nocladesub2	255-70-122-242
7673	5.250855426742549e-05	nocladesub22	255-101-252-104
7674	1.8680586386431e-06	nocladesub22	255-101-252-104
7675	5.649867669631569e-06	nocladesub2	255-70-122-242
7676	0.0001842586812273	nocladesub22	255-101-252-104
7677	1.768864797815264e-05	nocladesub2	255-70-122-242
7678	0.0011998526609072	nocladesub12	255-122-4-2
7679	0.0002036315804544	nocladesub12	255-122-4-2
7680	1.409469781814822e-16	nocladesub12	255-122-4-2
7681	2.207223310253705e-13	nocladesub10	255-26-209-210
7682	2.5996490605358695e-20	nocladesub10	255-26-209-210
7683	5.776369724743504e-20	nocladesub12	255-122-4-2
7684	3.024035752110459e-15	nocladesub10	255-26-209-210
7685	2.44225281631552e-09	nocladesub12	255-122-4-2
7686	3.174134451807888e-15	nocladesub10	255-26-209-210
7687	5.57514023703778e-16	nocladesub20	255-212-231-53
7688	4.9023798255339895e-20	nocladesub12	255-122-4-2
7689	1.9989444260759736e-15	nocladesub10	255-26-209-210
7690	7.415808426575124e-18	nocladesub12	255-122-4-2
7691	2.1090416503215686e-14	nocladesub10	255-26-209-210
7692	1.7961389770560788e-16	nocladesub10	255-26-209-210
7693	5.875136658476981e-21	nocladesub12	255-122-4-2
7694	1.6237278237105458e-17	nocladesub12	255-122-4-2
7695	1.5727468887487472e-15	nocladesub22	255-101-252-104
7696	2.8934783317091104e-17	nocladesub12	255-122-4-2
7697	1.304723175191135e-12	nocladesub12	255-122-4-2
7698	2.799249319594797e-12	nocladesub12	255-122-4-2
7699	1.1245236025156683e-09	nocladesub22	255-101-252-104
7700	0.0004349699769699	nocladesub22	255-101-252-104
7701	0.0024793249218782	nocladesub22	255-101-252-104
7702	1.75532831051979e-05	nocladesub2	255-70-122-242
7703	0.0010129196265092	nocladesub2	255-70-122-242
7704	8.09096570954867e-06	nocladesub20	255-212-231-53
7705	6.681126336951675e-06	nocladesub22	255-101-252-104
7706	0.109771638603715	clade6sub19	255-254-152-44
7707	0.0773006666447557	clade6sub19	255-254-152-44
7708	0.0381620994227369	nocladesub20	255-212-231-53
7709	0.0082602128353226	nocladesub22	255-101-252-104
7710	0.0365714435949218	nocladesub22	255-101-252-104
7711	0.0018908612485847	nocladesub22	255-101-252-104
7712	1.3789074048762606e-05	nocladesub20	255-212-231-53
7713	0.0532448315517673	nocladesub22	255-101-252-104
7714	0.0291051703799044	nocladesub2	255-70-122-242
7715	5.250855426742549e-05	nocladesub22	255-101-252-104
7716	0.0374203090981092	nocladesub2	255-70-122-242
7717	0.664532918605391	nocladesub2	255-70-122-242
7718	4.530154705887524e-06	nocladesub10	255-26-209-210
7719	1.2841636376642542e-10	nocladesub2	255-70-122-242
7720	2.123982652657894e-12	nocladesub12	255-122-4-2
7721	2.4533977815960828e-11	nocladesub22	255-101-252-104
7722	5.809819438988513e-08	nocladesub22	255-101-252-104
7723	0.0001129975715475	nocladesub2	255-70-122-242
7724	1.9061532054507217e-11	nocladesub12	255-122-4-2
7725	3.8053354466834224e-05	nocladesub22	255-101-252-104
7726	3.591388332407921e-10	nocladesub12	255-122-4-2
7727	2.238628338682488e-11	nocladesub22	255-101-252-104
7728	5.030367938962493e-09	nocladesub22	255-101-252-104
7729	0.0001504391300385	nocladesub2	255-70-122-242
7730	1.852118504543851e-05	nocladesub2	255-70-122-242
7731	1.702878983234389e-06	nocladesub22	255-101-252-104
7732	1.7327226148900208e-10	nocladesub22	255-101-252-104
7733	0.0001995678675415	nocladesub2	255-70-122-242
7734	4.701779246605455e-07	nocladesub2	255-70-122-242
7735	2.301169695630176e-13	nocladesub22	255-101-252-104
7736	7.242527047982952e-07	nocladesub2	255-70-122-242
7737	4.153501258302031e-08	nocladesub22	255-101-252-104
7738	1.195887152917376e-06	nocladesub2	255-70-122-242
7739	1.3270293113459463e-10	nocladesub12	255-122-4-2
7740	5.790248524576028e-11	nocladesub22	255-101-252-104
7741	4.981063734690987e-06	nocladesub2	255-70-122-242
7742	0.0018738385645244	nocladesub26	255-217-56-6
7743	0.0009389386784318	nocladesub2	255-70-122-242
7744	0.0001132519462735	clade6sub19	255-254-152-44
7745	0.0010614588752853	nocladesub2	255-70-122-242
7746	0.0431775167568307	clade6sub19	255-254-152-44
7747	0.1663124518889957	clade6sub19	255-254-152-44
7748	8.1696606985015e-06	nocladesub22	255-101-252-104
7749	0.0335658590964781	nocladesub26	255-217-56-6
7750	0.3125924119489487	nocladesub22	255-101-252-104
7751	0.5137393600510863	nocladesub2	255-70-122-242
7752	0.2137833816125066	nocladesub22	255-101-252-104
7753	0.0734387018292118	nocladesub20	255-212-231-53
7754	0.0197666053726886	nocladesub26	255-217-56-6
7755	0.0002013830915692	nocladesub12	255-122-4-2
7756	1.5905161259759e-05	nocladesub10	255-26-209-210
7757	1.3614391235257401e-14	nocladesub2	255-70-122-242
7758	2.0837593253991848e-05	nocladesub22	255-101-252-104
7759	2.4760703658460495e-11	nocladesub12	255-122-4-2
7760	3.8163291489018366e-07	nocladesub2	255-70-122-242
7761	7.732591195443123e-06	nocladesub12	255-122-4-2
7762	7.071614402515823e-08	nocladesub2	255-70-122-242
7763	8.397645630875688e-05	nocladesub2	255-70-122-242
7764	0.0019492375487454	nocladesub2	255-70-122-242
7765	4.824362099858018e-06	nocladesub22	255-101-252-104
7766	6.330685828837302e-05	nocladesub2	255-70-122-242
7767	4.824362099858018e-06	nocladesub22	255-101-252-104
7768	7.345725163663603e-05	nocladesub2	255-70-122-242
7769	7.345725163663603e-05	nocladesub2	255-70-122-242
7770	8.40063542890163e-05	nocladesub22	255-101-252-104
7771	0.3614533783536157	clade6sub19	255-254-152-44
7772	4.69722480251261e-07	nocladesub12	255-122-4-2
7773	0.0034041446752293	nocladesub26	255-217-56-6
7774	0.0047028934023597	nocladesub22	255-101-252-104
7775	0.1474140644336639	nocladesub22	255-101-252-104
7776	0.0099742866003298	nocladesub26	255-217-56-6
7777	0.0540655290685327	clade6sub19	255-254-152-44
7778	3.428106343666905e-07	nocladesub26	255-217-56-6
7779	1.1790474527740678e-05	nocladesub20	255-212-231-53
7780	0.0339277245997999	nocladesub2	255-70-122-242
7781	0.0002904687199602	nocladesub22	255-101-252-104
7782	0.0014992005072988	nocladesub2	255-70-122-242
7783	0.013461398164799	clade6sub19	255-254-152-44
7784	0.4239124346521943	nocladesub2	255-70-122-242
7785	0.0788115965452234	nocladesub2	255-70-122-242
7786	1.6214639120641594e-05	nocladesub2	255-70-122-242
7787	0.1101461118135762	nocladesub2	255-70-122-242
7788	0.0051661285407055	nocladesub12	255-122-4-2
7789	0.0009921836103442	nocladesub10	255-26-209-210
7790	0.3654688346790007	nocladesub10	255-26-209-210
7791	0.000178299472943	nocladesub12	255-122-4-2
7792	1.5941938081085302e-09	nocladesub12	255-122-4-2
7793	0.0001176945850427	clade6sub19	255-254-152-44
7794	8.837546281489877e-09	nocladesub20	255-212-231-53
7795	5.323926768331512e-15	nocladesub10	255-26-209-210
7796	3.0057384862754068e-06	nocladesub2	255-70-122-242
7797	0.5627689899943601	nocladesub2	255-70-122-242
7798	0.0080217920699814	nocladesub2	255-70-122-242
7799	6.654041742378823e-05	nocladesub2	255-70-122-242
7800	0.0002424960985165	nocladesub2	255-70-122-242
7801	0.0336918226213009	nocladesub2	255-70-122-242
7802	8.648054064982598e-06	nocladesub2	255-70-122-242
7803	0.001118637881102	clade6sub19	255-254-152-44
7804	1.5397974900123064e-05	nocladesub20	255-212-231-53
7805	1.9953598803977e-05	nocladesub2	255-70-122-242
7806	4.1222753152129006e-15	nocladesub12	255-122-4-2
7807	1.174034688887046e-19	nocladesub12	255-122-4-2
7808	1.3514151706564447e-14	nocladesub12	255-122-4-2
7809	5.842473808606924e-13	nocladesub12	255-122-4-2
7810	2.683536313761188e-07	nocladesub12	255-122-4-2
7811	3.106896162044836e-19	nocladesub12	255-122-4-2
7812	8.93570930032073e-20	nocladesub12	255-122-4-2
7813	4.533988330771497e-12	nocladesub2	255-70-122-242
7814	4.292650734478872e-20	nocladesub12	255-122-4-2
7815	1.8235713272018295e-16	nocladesub12	255-122-4-2
7816	3.7777757126310895e-11	nocladesub20	255-212-231-53
7817	3.685780474376462e-17	nocladesub2	255-70-122-242
7818	1.0758951677051943e-16	nocladesub12	255-122-4-2
7819	1.6485186655106976e-21	nocladesub12	255-122-4-2
7820	5.6792653139480895e-22	nocladesub2	255-70-122-242
7821	1.032901741143016e-18	nocladesub12	255-122-4-2
7822	2.507555895402183e-15	nocladesub2	255-70-122-242
7823	2.6993877161710408e-18	nocladesub20	255-212-231-53
7824	7.751303830509448e-17	nocladesub12	255-122-4-2
7825	1.4347885869864276e-13	nocladesub2	255-70-122-242
7826	8.465853334426196e-16	nocladesub2	255-70-122-242
7827	7.61552137944041e-12	nocladesub2	255-70-122-242
7828	3.3482975884180653e-13	nocladesub12	255-122-4-2
7829	0.0001168972776804	nocladesub2	255-70-122-242
7830	3.6456567534722604e-09	nocladesub2	255-70-122-242
7831	5.860607212259352e-06	nocladesub2	255-70-122-242
7832	1.3391278939335356e-06	nocladesub2	255-70-122-242
7833	0.0004038388596177	nocladesub2	255-70-122-242
7834	0.0006319463943063	nocladesub2	255-70-122-242
7835	8.621413862227071e-09	nocladesub2	255-70-122-242
7836	1.3036400336931322e-05	nocladesub2	255-70-122-242
7837	8.2559694951834e-06	nocladesub2	255-70-122-242
7838	0.0001170794202457	nocladesub2	255-70-122-242
7839	0.0002271636908988	nocladesub2	255-70-122-242
7840	8.05709207610576e-07	nocladesub12	255-122-4-2
7841	3.598434818587686e-06	nocladesub2	255-70-122-242
7842	0.0004824423736625	nocladesub2	255-70-122-242
7843	0.0001095189257917	nocladesub2	255-70-122-242
7844	2.099361166499608e-13	nocladesub20	255-212-231-53
7845	1.339398940259058e-13	nocladesub12	255-122-4-2
7846	4.95981111614042e-08	nocladesub12	255-122-4-2
7847	4.23225095470832e-09	nocladesub12	255-122-4-2
7848	5.77926373681009e-18	nocladesub12	255-122-4-2
7849	6.08602906993277e-11	nocladesub12	255-122-4-2
7850	4.3665763013979634e-18	nocladesub2	255-70-122-242
7851	1.3942668244567573e-15	nocladesub20	255-212-231-53
7852	0.0091037764936731	nocladesub12	255-122-4-2
7853	8.145444909945134e-23	nocladesub20	255-212-231-53
7854	9.59089756277239e-16	nocladesub12	255-122-4-2
7855	1.3326384864181943e-14	nocladesub20	255-212-231-53
7856	5.120626370915527e-16	nocladesub20	255-212-231-53
7857	6.164990691396595e-14	nocladesub20	255-212-231-53
7858	3.762521257372878e-12	nocladesub12	255-122-4-2
7859	2.047537522467744e-14	nocladesub10	255-26-209-210
7860	2.1401703085155066e-13	nocladesub12	255-122-4-2
7861	4.727415321044843e-13	nocladesub12	255-122-4-2
7862	9.25066727106508e-16	nocladesub12	255-122-4-2
7863	1.1992314736152477e-17	nocladesub12	255-122-4-2
7864	4.4796845005290187e-13	nocladesub12	255-122-4-2
7865	2.6810364009917612e-14	nocladesub22	255-101-252-104
7866	1.0140466464769343e-10	nocladesub12	255-122-4-2
7867	8.73827387020002e-12	nocladesub12	255-122-4-2
7868	8.090958415142991e-15	nocladesub22	255-101-252-104
7869	2.2133016654304613e-13	nocladesub22	255-101-252-104
7870	1.105461500699096e-09	nocladesub22	255-101-252-104
7871	5.6012628134442706e-11	nocladesub22	255-101-252-104
7872	3.734472960628275e-06	nocladesub22	255-101-252-104
7873	1.390273657581924e-09	nocladesub12	255-122-4-2
7874	2.9523808350774056e-16	nocladesub12	255-122-4-2
7875	4.5941791762645676e-07	nocladesub2	255-70-122-242
7876	2.7335639521952933e-08	nocladesub12	255-122-4-2
7877	2.3639753646942157e-12	nocladesub12	255-122-4-2
7878	1.4139934577225586e-16	nocladesub12	255-122-4-2
7879	1.2937086398644434e-11	nocladesub2	255-70-122-242
7880	0.000598005460354	nocladesub2	255-70-122-242
7881	6.334911022070097e-06	nocladesub22	255-101-252-104
7882	0.0001776260029908	nocladesub22	255-101-252-104
7883	1.5647274561871737e-05	nocladesub22	255-101-252-104
7884	0.0047266710899944	nocladesub22	255-101-252-104
7885	0.0034125916228706	nocladesub22	255-101-252-104
7886	0.0039583123497159	nocladesub2	255-70-122-242
7887	0.0010468528708637	nocladesub2	255-70-122-242
7888	0.0001256437366765	nocladesub2	255-70-122-242
7889	1.3654797048332373e-05	nocladesub2	255-70-122-242
7890	0.0001971572210181	nocladesub2	255-70-122-242
7891	0.0001227579653202	nocladesub2	255-70-122-242
7892	3.061578994967829e-05	nocladesub2	255-70-122-242
7893	8.56069738667703e-08	nocladesub2	255-70-122-242
7894	0.0002142329919438	nocladesub2	255-70-122-242
7895	5.271930051416013e-05	nocladesub20	255-212-231-53
7896	6.235588354126386e-16	nocladesub12	255-122-4-2
7897	6.092729594362894e-17	nocladesub12	255-122-4-2
7898	7.108220870758176e-05	nocladesub20	255-212-231-53
7899	6.82108156611236e-20	nocladesub2	255-70-122-242
7900	5.6257265362703e-21	nocladesub20	255-212-231-53
7901	0.0009297227041946	nocladesub20	255-212-231-53
7902	6.209240963421865e-09	nocladesub20	255-212-231-53
7903	1.0650144206581692e-19	nocladesub20	255-212-231-53
7904	6.2383032986809586e-21	nocladesub20	255-212-231-53
7905	9.541460790921912e-20	nocladesub20	255-212-231-53
7906	2.829596845615567e-13	nocladesub20	255-212-231-53
7907	5.503437085248094e-18	nocladesub12	255-122-4-2
7908	2.486836982083386e-19	nocladesub20	255-212-231-53
7909	5.501299601605024e-22	nocladesub20	255-212-231-53
7910	5.978757694673964e-22	nocladesub12	255-122-4-2
7911	4.602517572446228e-12	nocladesub12	255-122-4-2
7912	9.410894195498222e-21	nocladesub20	255-212-231-53
7913	3.3976810678417965e-21	nocladesub12	255-122-4-2
7914	5.846481075687644e-17	nocladesub12	255-122-4-2
7915	1.310274597529082e-14	nocladesub12	255-122-4-2
7916	1.3603797635258591e-19	nocladesub20	255-212-231-53
7917	6.204736468575405e-06	nocladesub22	255-101-252-104
7918	1.4422590817536702e-12	nocladesub12	255-122-4-2
7919	5.4150567700206236e-11	nocladesub10	255-26-209-210
7920	4.010985356693547e-10	nocladesub10	255-26-209-210
7921	4.285261870107698e-05	nocladesub22	255-101-252-104
7922	8.953232411108249e-14	nocladesub12	255-122-4-2
7923	1.0836585453011418e-12	nocladesub2	255-70-122-242
7924	1.1471452019737863e-06	nocladesub22	255-101-252-104
7925	0.0015153771575286	nocladesub22	255-101-252-104
7926	3.522504693907888e-06	nocladesub2	255-70-122-242
7927	3.569058328846789e-07	nocladesub2	255-70-122-242
7928	0.0017592510605291	nocladesub22	255-101-252-104
7929	0.0001010598461081	nocladesub2	255-70-122-242
7930	0.0028385169274744	nocladesub2	255-70-122-242
7931	0.0159521785553029	nocladesub2	255-70-122-242
7932	4.356018398667547e-05	nocladesub2	255-70-122-242
7933	0.0041053249328188	nocladesub2	255-70-122-242
7934	0.0010587866453496	nocladesub2	255-70-122-242
7935	0.0151599898844528	nocladesub2	255-70-122-242
7936	0.0017656929161323	nocladesub2	255-70-122-242
7937	0.1136866246556688	nocladesub2	255-70-122-242
7938	0.0002449664985342	nocladesub20	255-212-231-53
7939	5.900189579906521e-07	nocladesub12	255-122-4-2
7940	1.7092513216867682e-17	nocladesub12	255-122-4-2
7941	5.958690113202528e-19	nocladesub12	255-122-4-2
7942	2.1276614626605207e-16	nocladesub10	255-26-209-210
7943	6.377690367857177e-13	nocladesub10	255-26-209-210
7944	2.743327858356822e-16	nocladesub12	255-122-4-2
7945	8.18982992628992e-16	nocladesub12	255-122-4-2
7946	2.665075754172939e-13	nocladesub10	255-26-209-210
7947	2.475256641285852e-15	nocladesub10	255-26-209-210
7948	3.9149005447035925e-14	nocladesub10	255-26-209-210
7949	1.5888189502904744e-13	nocladesub20	255-212-231-53
7950	1.6454817225891054e-16	nocladesub20	255-212-231-53
7951	1.744657936809965e-15	nocladesub22	255-101-252-104
7952	2.5722851688339946e-13	nocladesub10	255-26-209-210
7953	5.778953096631861e-14	nocladesub12	255-122-4-2
7954	1.3413422478550486e-10	nocladesub22	255-101-252-104
7955	5.704572332771349e-13	nocladesub12	255-122-4-2
7956	6.516171919666586e-14	nocladesub12	255-122-4-2
7957	1.5212207094149038e-11	nocladesub12	255-122-4-2
7958	0.0001868665424176	nocladesub22	255-101-252-104
7959	2.0616669020769973e-05	nocladesub22	255-101-252-104
7960	8.66176732959851e-06	nocladesub10	255-26-209-210
7961	5.391334786699338e-05	nocladesub26	255-217-56-6
7962	9.840481208666978e-05	nocladesub22	255-101-252-104
7963	0.0004005541864824	clade6sub19	255-254-152-44
7964	0.2169170297686082	nocladesub22	255-101-252-104
7965	0.0002937150282784	nocladesub22	255-101-252-104
7966	0.6870758980782965	nocladesub22	255-101-252-104
7967	0.4613646448161489	nocladesub22	255-101-252-104
7968	0.0420777380534861	nocladesub22	255-101-252-104
7969	0.6770800445852171	nocladesub22	255-101-252-104
7970	0.0540463028637721	nocladesub22	255-101-252-104
7971	0.2745725378492263	nocladesub22	255-101-252-104
7972	0.999592915973743	nocladesub22	255-101-252-104
7973	0.8450416391764006	nocladesub22	255-101-252-104
7974	0.0502136881160112	nocladesub22	255-101-252-104
7975	0.9949486208348362	nocladesub22	255-101-252-104
7976	0.0003994334611084	nocladesub22	255-101-252-104
7977	0.0147761098534036	clade6sub19	255-254-152-44
7978	0.9897566737828716	nocladesub22	255-101-252-104
7979	0.805332748111151	nocladesub22	255-101-252-104
7980	0.0001512862992505	nocladesub22	255-101-252-104
7981	2.2396969245310643e-05	nocladesub22	255-101-252-104
7982	0.004138606929425	nocladesub2	255-70-122-242
7983	4.849907293288911e-11	nocladesub12	255-122-4-2
7984	2.5537942063066425e-08	nocladesub12	255-122-4-2
7985	6.619829865546942e-11	nocladesub12	255-122-4-2
7986	2.346510908131471e-17	nocladesub12	255-122-4-2
7987	8.192407873413226e-08	nocladesub22	255-101-252-104
7988	7.128243125450555e-15	nocladesub12	255-122-4-2
7989	2.9434437263227706e-10	nocladesub12	255-122-4-2
7990	6.162839778422925e-16	nocladesub12	255-122-4-2
7991	1.5722118178781266e-07	nocladesub2	255-70-122-242
7992	6.622603052031505e-11	nocladesub12	255-122-4-2
7993	6.9604646314106725e-09	nocladesub22	255-101-252-104
7994	3.5789754127351133e-13	nocladesub12	255-122-4-2
7995	2.9359512257432435e-11	nocladesub2	255-70-122-242
7996	1.9480699335732425e-17	nocladesub12	255-122-4-2
7997	1.2194857174686613e-12	nocladesub22	255-101-252-104
7998	9.788809203251892e-11	nocladesub12	255-122-4-2
7999	2.4735818746299353e-14	nocladesub12	255-122-4-2
8000	1.3751640702540226e-08	nocladesub2	255-70-122-242
8001	1.5721433144630746e-05	nocladesub22	255-101-252-104
8002	1.2665363442721103e-11	nocladesub22	255-101-252-104
8003	3.802123497208924e-10	nocladesub2	255-70-122-242
8004	1.14562085862697e-08	nocladesub22	255-101-252-104
8005	3.952130444566124e-06	nocladesub2	255-70-122-242
8006	2.183792673407973e-06	nocladesub12	255-122-4-2
8007	1.865242310185842e-07	nocladesub2	255-70-122-242
8009	0.9979740708406424	nocladesub22	255-101-252-104
8010	0.9720903163672898	nocladesub22	255-101-252-104
8011	0.8180239630430445	nocladesub22	255-101-252-104
8012	0.9990265097231784	nocladesub22	255-101-252-104
8013	0.8562016523425895	nocladesub22	255-101-252-104
8014	0.983953831048482	nocladesub22	255-101-252-104
8015	0.9047621745457592	nocladesub22	255-101-252-104
8016	0.9243152259223596	nocladesub22	255-101-252-104
8017	0.9958913561570418	nocladesub22	255-101-252-104
8018	0.9273967488556604	nocladesub22	255-101-252-104
8019	0.9915718100306186	nocladesub22	255-101-252-104
8020	0.7016062695457375	nocladesub22	255-101-252-104
8021	0.8344347622242342	nocladesub22	255-101-252-104
8022	0.0002371886089318	nocladesub10	255-26-209-210
8023	4.0314189829084265e-15	nocladesub12	255-122-4-2
8024	4.9251355644546195e-11	nocladesub12	255-122-4-2
8025	9.758575214957693e-13	nocladesub2	255-70-122-242
8026	2.648050811470105e-12	nocladesub12	255-122-4-2
8027	5.3966919514810797e-08	nocladesub2	255-70-122-242
8028	4.732330330700678e-15	nocladesub12	255-122-4-2
8029	1.81527005508518e-11	nocladesub2	255-70-122-242
8030	1.3905746139013182e-16	nocladesub12	255-122-4-2
8031	2.4957735075227746e-10	nocladesub2	255-70-122-242
8032	1.1951492869251762e-13	nocladesub2	255-70-122-242
8033	6.467149502690409e-14	nocladesub20	255-212-231-53
8034	1.684002324373683e-07	nocladesub2	255-70-122-242
8035	1.1546620203534902e-13	nocladesub12	255-122-4-2
8036	4.320750570353258e-15	nocladesub12	255-122-4-2
8037	2.011211880407247e-11	nocladesub2	255-70-122-242
8038	3.058920169035891e-12	nocladesub2	255-70-122-242
8039	9.481867958272087e-12	nocladesub12	255-122-4-2
8040	8.191955394005697e-09	nocladesub2	255-70-122-242
8041	3.611893303735506e-12	nocladesub12	255-122-4-2
8042	0.0809697079799813	nocladesub2	255-70-122-242
8043	0.0001349913106028	nocladesub22	255-101-252-104
8044	1.2892102170748258e-10	nocladesub12	255-122-4-2
8045	1.3129938128504676e-05	nocladesub22	255-101-252-104
8046	0.0055814616482263	nocladesub2	255-70-122-242
8047	2.5176892998081293e-09	nocladesub12	255-122-4-2
8048	0.0008042540056445	nocladesub2	255-70-122-242
8049	0.009465799038472	nocladesub2	255-70-122-242
8050	0.0012161472098129	nocladesub2	255-70-122-242
8051	0.0013425383162006	nocladesub2	255-70-122-242
8052	0.0001875590197481	nocladesub2	255-70-122-242
8053	1.0707562195193693e-05	clade6sub19	255-254-152-44
8054	1.1454693792434369e-05	nocladesub2	255-70-122-242
8055	5.0610408557775866e-05	nocladesub22	255-101-252-104
8056	5.043461150818587e-05	nocladesub22	255-101-252-104
8057	5.250855426742549e-05	nocladesub22	255-101-252-104
8058	0.978894624468576	nocladesub22	255-101-252-104
8059	0.9985683571808176	nocladesub22	255-101-252-104
8060	0.7653869360545595	nocladesub22	255-101-252-104
8061	0.5976145890221027	nocladesub22	255-101-252-104
8062	0.1502893453300502	nocladesub22	255-101-252-104
8063	0.028684622806405	nocladesub2	255-70-122-242
8064	0.3123315137139342	nocladesub2	255-70-122-242
8065	1.3375719991066189e-06	nocladesub2	255-70-122-242
8066	0.3670830772155003	nocladesub2	255-70-122-242
8067	8.447206776970984e-06	nocladesub2	255-70-122-242
8068	2.0059404318590265e-06	nocladesub2	255-70-122-242
8069	0.0027440725002038	nocladesub2	255-70-122-242
8070	1.266915199629734e-06	nocladesub2	255-70-122-242
8071	6.04749864517762e-08	nocladesub2	255-70-122-242
8072	0.0011449971506086	nocladesub2	255-70-122-242
8073	3.561602392760846e-05	nocladesub2	255-70-122-242
8074	0.071965487306874	nocladesub2	255-70-122-242
8075	4.966034633833404e-06	nocladesub26	255-217-56-6
8076	0.9404744129788288	nocladesub2	255-70-122-242
8077	7.182386757212612e-06	nocladesub2	255-70-122-242
8078	0.0228693207655253	nocladesub2	255-70-122-242
8079	0.0001594854506342	nocladesub2	255-70-122-242
8080	0.0010593859582726	nocladesub2	255-70-122-242
8081	1.803647938545588e-05	nocladesub26	255-217-56-6
8082	0.1347964691640346	nocladesub2	255-70-122-242
8083	0.1516717593991796	nocladesub2	255-70-122-242
8084	3.1655114597015397e-12	nocladesub2	255-70-122-242
8085	7.269049515960606e-14	nocladesub12	255-122-4-2
8086	3.156636388662426e-06	nocladesub2	255-70-122-242
8087	1.1022646714992557e-05	nocladesub12	255-122-4-2
8088	1.015329694204763e-07	nocladesub12	255-122-4-2
8089	8.719491832622773e-06	nocladesub12	255-122-4-2
8090	3.614443469073238e-06	nocladesub2	255-70-122-242
8091	8.306413902319045e-11	nocladesub2	255-70-122-242
8092	0.0003588427213581	nocladesub2	255-70-122-242
8093	8.097588427920975e-06	nocladesub2	255-70-122-242
8094	0.0202464892727297	nocladesub2	255-70-122-242
8095	2.5823541752616675e-06	nocladesub2	255-70-122-242
8096	0.1348033299085302	nocladesub2	255-70-122-242
8097	3.1980704717661964e-08	nocladesub2	255-70-122-242
8098	4.078578338364033e-07	nocladesub12	255-122-4-2
8099	0.0005600270646968	nocladesub2	255-70-122-242
8100	0.5028593384064461	clade6sub19	255-254-152-44
8101	0.0015043312445676	nocladesub2	255-70-122-242
8102	1.1567647710842114e-05	nocladesub2	255-70-122-242
8103	7.577484933302651e-05	nocladesub2	255-70-122-242
8104	2.070024245238521e-07	nocladesub22	255-101-252-104
8105	0.0192445718731001	nocladesub12	255-122-4-2
8106	0.0040264333677141	nocladesub12	255-122-4-2
8107	0.0009446414053596	nocladesub12	255-122-4-2
8108	9.038761985116516e-07	nocladesub2	255-70-122-242
8109	1.7761593651602862e-08	nocladesub2	255-70-122-242
8110	2.6474153655968443e-11	nocladesub2	255-70-122-242
8111	1.5119572904630473e-13	nocladesub2	255-70-122-242
8112	8.788581936085444e-14	nocladesub10	255-26-209-210
8113	2.496680049877926e-16	nocladesub12	255-122-4-2
8114	3.935304133074816e-18	nocladesub12	255-122-4-2
8115	2.0712538661528446e-17	nocladesub2	255-70-122-242
8116	6.484939787724331e-10	nocladesub2	255-70-122-242
8117	1.2473112615142885e-17	nocladesub2	255-70-122-242
8118	1.9238060345833122e-14	nocladesub12	255-122-4-2
8119	2.527685335310103e-17	nocladesub2	255-70-122-242
8120	5.267326160920885e-15	nocladesub2	255-70-122-242
8121	3.605402369598429e-14	nocladesub2	255-70-122-242
8122	5.452941594202743e-09	nocladesub2	255-70-122-242
8123	0.0011354946114174	nocladesub2	255-70-122-242
8124	4.9123025710452177e-05	nocladesub2	255-70-122-242
8125	4.549623453366159e-07	nocladesub2	255-70-122-242
8126	0.0449288588226208	nocladesub2	255-70-122-242
8127	8.593073572113803e-06	nocladesub2	255-70-122-242
8128	0.4521577558126186	nocladesub20	255-212-231-53
8129	1.00202942164055e-05	nocladesub2	255-70-122-242
8130	0.0618092577571271	nocladesub2	255-70-122-242
8131	0.0024005070252001	nocladesub2	255-70-122-242
8132	5.690535569544485e-07	nocladesub12	255-122-4-2
8133	8.614215807801854e-11	nocladesub12	255-122-4-2
8134	5.42553224123672e-18	nocladesub12	255-122-4-2
8135	1.2077563144836727e-17	nocladesub12	255-122-4-2
8136	4.365823391284949e-15	nocladesub20	255-212-231-53
8137	7.771741462395801e-11	nocladesub12	255-122-4-2
8138	4.893388709052215e-10	nocladesub12	255-122-4-2
8139	1.7072587206962175e-11	nocladesub20	255-212-231-53
8140	2.3268658874690823e-18	nocladesub22	255-101-252-104
8141	4.6528838968020103e-10	nocladesub2	255-70-122-242
8142	1.1790920630356822e-13	nocladesub22	255-101-252-104
8143	4.881585939020427e-15	nocladesub22	255-101-252-104
8144	2.8773649882142133e-10	nocladesub12	255-122-4-2
8145	4.723649656980284e-13	nocladesub12	255-122-4-2
8146	2.2191768133050204e-12	nocladesub22	255-101-252-104
8147	2.0288233099544152e-11	nocladesub12	255-122-4-2
8148	2.0345555290125734e-11	nocladesub12	255-122-4-2
8149	4.2429669228763165e-09	nocladesub12	255-122-4-2
8150	1.0392957330173589e-13	nocladesub12	255-122-4-2
8151	2.8804605277589707e-09	nocladesub22	255-101-252-104
8152	1.0663478209618028e-14	nocladesub12	255-122-4-2
8153	3.2057389704605115e-14	nocladesub12	255-122-4-2
8154	3.2066217268390084e-15	nocladesub12	255-122-4-2
8155	8.872244572296894e-14	nocladesub12	255-122-4-2
8156	2.0631651790555147e-14	nocladesub12	255-122-4-2
8157	8.756643364750765e-15	nocladesub12	255-122-4-2
8158	2.7840506779333654e-13	nocladesub22	255-101-252-104
8159	7.6087074446331775e-06	nocladesub2	255-70-122-242
8160	4.2012544689860786e-11	nocladesub12	255-122-4-2
8161	3.6239426012098e-12	nocladesub22	255-101-252-104
8162	6.527086693434111e-14	nocladesub12	255-122-4-2
8163	1.183014176282498e-12	nocladesub22	255-101-252-104
8164	1.4717344945198565e-07	nocladesub2	255-70-122-242
8165	1.5851442246912758e-11	nocladesub22	255-101-252-104
8166	5.012937052505764e-07	nocladesub12	255-122-4-2
8167	4.1178991264133936e-11	nocladesub12	255-122-4-2
8168	1.670515356912785e-16	nocladesub22	255-101-252-104
8169	4.365709855211245e-12	nocladesub12	255-122-4-2
8170	8.953565480994903e-11	nocladesub12	255-122-4-2
8171	1.9839052029336397e-06	nocladesub12	255-122-4-2
8172	0.000190128064463	nocladesub20	255-212-231-53
8173	0.0001567808713549	nocladesub12	255-122-4-2
8174	0.0036110994136078	nocladesub20	255-212-231-53
8175	1.6490806726438563e-08	nocladesub20	255-212-231-53
8176	0.0622048196694423	nocladesub2	255-70-122-242
8177	6.549870177746224e-09	nocladesub2	255-70-122-242
8178	0.0009026632073525	nocladesub2	255-70-122-242
8179	3.160675189013148e-06	nocladesub2	255-70-122-242
8180	0.0110822990221716	nocladesub2	255-70-122-242
8181	4.1848648410228426e-05	nocladesub2	255-70-122-242
8182	0.0001326798474213	nocladesub2	255-70-122-242
8183	2.688601971081529e-15	nocladesub20	255-212-231-53
8184	5.889564068766606e-14	nocladesub2	255-70-122-242
8185	1.7252249010994997e-12	nocladesub12	255-122-4-2
8186	1.3484853032112449e-17	nocladesub2	255-70-122-242
8187	1.861077165805513e-07	nocladesub12	255-122-4-2
8188	3.299319570136541e-07	nocladesub12	255-122-4-2
8189	8.023395299967824e-19	nocladesub12	255-122-4-2
8190	1.354296948129505e-07	nocladesub20	255-212-231-53
8191	1.6498659100216268e-19	nocladesub20	255-212-231-53
8192	2.1740507108177024e-09	nocladesub12	255-122-4-2
8193	5.419645200948216e-06	clade6sub19	255-254-152-44
8194	8.137129874997008e-05	clade6sub19	255-254-152-44
8195	9.281685237595217e-24	nocladesub20	255-212-231-53
8196	2.418792902444194e-16	nocladesub12	255-122-4-2
8197	8.236605768330123e-22	nocladesub20	255-212-231-53
8198	2.0605869991592072e-16	nocladesub20	255-212-231-53
8199	3.839118634124801e-19	nocladesub20	255-212-231-53
8200	1.2531458386879857e-21	nocladesub20	255-212-231-53
8201	1.3485358155087725e-21	nocladesub20	255-212-231-53
8202	5.751254811249336e-22	nocladesub20	255-212-231-53
8203	1.2772281106959955e-20	nocladesub20	255-212-231-53
8204	4.039906770792418e-07	nocladesub22	255-101-252-104
8205	1.4175638492859235e-09	nocladesub12	255-122-4-2
8206	4.260119186724887e-05	nocladesub22	255-101-252-104
8207	3.970680923154167e-14	nocladesub12	255-122-4-2
8208	4.711019790475288e-13	nocladesub12	255-122-4-2
8209	7.761187680894852e-13	nocladesub12	255-122-4-2
8210	1.323386998337326e-08	nocladesub12	255-122-4-2
8211	6.734052504509494e-07	nocladesub22	255-101-252-104
8212	6.677809298909032e-05	nocladesub22	255-101-252-104
8213	3.3984472808844866e-14	nocladesub12	255-122-4-2
8214	3.455548914233892e-09	nocladesub22	255-101-252-104
8215	2.5879652851537142e-09	nocladesub2	255-70-122-242
8216	2.1817257128735226e-08	nocladesub22	255-101-252-104
8217	6.436513586297537e-09	nocladesub2	255-70-122-242
8218	0.2644299805988266	nocladesub22	255-101-252-104
8219	0.0101805723631775	nocladesub2	255-70-122-242
8220	0.0196783054441629	nocladesub22	255-101-252-104
8221	1.1727200375019222e-08	nocladesub20	255-212-231-53
8222	3.6941780729306567e-05	nocladesub2	255-70-122-242
8223	0.0004592151856421	nocladesub22	255-101-252-104
8224	0.0001729153112091	nocladesub2	255-70-122-242
8225	0.0014367491626514	nocladesub2	255-70-122-242
8226	8.642658372321091e-05	nocladesub22	255-101-252-104
8227	0.0001011329164592	nocladesub2	255-70-122-242
8228	3.47784112567788e-06	nocladesub2	255-70-122-242
8229	0.3820276101681195	nocladesub2	255-70-122-242
8230	0.1168267803869385	nocladesub2	255-70-122-242
8231	0.0095094830530429	nocladesub20	255-212-231-53
8232	2.247879255271808e-07	nocladesub20	255-212-231-53
8233	0.0001605702359347	nocladesub20	255-212-231-53
8234	0.0004458474631677	nocladesub2	255-70-122-242
8235	1.253452415085959e-07	nocladesub12	255-122-4-2
8236	0.0007721681913713	nocladesub12	255-122-4-2
8237	3.9171323927815036e-08	nocladesub12	255-122-4-2
8238	2.5537479355820303e-14	nocladesub20	255-212-231-53
8239	1.301235561812314e-15	nocladesub20	255-212-231-53
8240	2.0067493685163896e-16	nocladesub12	255-122-4-2
8241	8.420846280953838e-19	nocladesub12	255-122-4-2
8242	7.998823926425684e-16	nocladesub12	255-122-4-2
8243	8.163685620426122e-14	nocladesub12	255-122-4-2
8244	6.249705246994818e-14	nocladesub12	255-122-4-2
8245	3.2426013805925986e-15	nocladesub12	255-122-4-2
8246	2.3883575260022766e-16	nocladesub10	255-26-209-210
8247	3.344939354433949e-19	nocladesub12	255-122-4-2
8248	4.225005849934847e-18	nocladesub12	255-122-4-2
8249	7.760317387449792e-14	nocladesub12	255-122-4-2
8250	6.187188659449438e-16	nocladesub12	255-122-4-2
8251	2.1266323917314292e-16	nocladesub12	255-122-4-2
8252	4.60538101993063e-16	nocladesub12	255-122-4-2
8253	4.781095928251598e-15	nocladesub12	255-122-4-2
8254	5.0393529454222247e-11	nocladesub12	255-122-4-2
8255	2.1875185254363582e-10	nocladesub12	255-122-4-2
8256	3.738088188286168e-12	nocladesub12	255-122-4-2
8257	1.3098505900548372e-07	nocladesub12	255-122-4-2
8258	1.3130030407398304e-07	nocladesub22	255-101-252-104
8259	3.842496534035828e-05	nocladesub2	255-70-122-242
8260	3.0318658844875975e-05	nocladesub12	255-122-4-2
8261	0.0018934518502932	nocladesub22	255-101-252-104
8262	2.352300497141337e-05	clade6sub19	255-254-152-44
8263	0.9338917265351308	nocladesub22	255-101-252-104
8264	0.060767986604084	nocladesub22	255-101-252-104
8265	0.9662197961990988	nocladesub22	255-101-252-104
8266	0.997014148436256	nocladesub22	255-101-252-104
8267	0.9958181220957452	nocladesub22	255-101-252-104
8268	0.999348802143603	nocladesub22	255-101-252-104
8269	0.1188297336398689	nocladesub22	255-101-252-104
8270	0.983709151462508	nocladesub22	255-101-252-104
8271	0.9561348913792482	nocladesub22	255-101-252-104
8272	0.9954866650591768	nocladesub22	255-101-252-104
8273	0.0069308744241293	nocladesub22	255-101-252-104
8274	0.2045772992202464	nocladesub2	255-70-122-242
8275	5.2081079097840896e-14	nocladesub2	255-70-122-242
8276	4.373603140306709e-12	nocladesub12	255-122-4-2
8277	5.9057596011054545e-09	nocladesub12	255-122-4-2
8278	1.2398134703938296e-17	nocladesub12	255-122-4-2
8279	1.2599286743342307e-21	nocladesub12	255-122-4-2
8280	1.948257366904241e-15	nocladesub12	255-122-4-2
8281	3.9188260732124116e-14	nocladesub12	255-122-4-2
8282	9.468736437085546e-17	nocladesub12	255-122-4-2
8283	5.928115986819383e-09	nocladesub2	255-70-122-242
8284	1.2496009659057882e-14	nocladesub12	255-122-4-2
8285	7.847240306464978e-15	nocladesub12	255-122-4-2
8286	3.3534703046420786e-12	nocladesub20	255-212-231-53
8287	2.7978325439957525e-10	nocladesub12	255-122-4-2
8288	2.7603327801228822e-14	nocladesub22	255-101-252-104
8289	2.9768104461282007e-10	nocladesub12	255-122-4-2
8290	6.03509998743709e-13	nocladesub12	255-122-4-2
8291	2.650717924268196e-10	nocladesub12	255-122-4-2
8292	1.4199259783613231e-09	nocladesub12	255-122-4-2
8293	1.2366880324374294e-14	nocladesub12	255-122-4-2
8294	1.0221693351034466e-09	nocladesub12	255-122-4-2
8295	1.004782553335331e-16	nocladesub12	255-122-4-2
8296	1.8840415662884574e-07	nocladesub2	255-70-122-242
8297	6.330848884545363e-11	nocladesub12	255-122-4-2
8298	0.0025886657750036	nocladesub2	255-70-122-242
8299	1.34857015479911e-06	nocladesub2	255-70-122-242
8300	1.9844371878933222e-08	nocladesub22	255-101-252-104
8301	0.0088095699119231	nocladesub22	255-101-252-104
8302	0.608550851727432	nocladesub22	255-101-252-104
8303	0.0005034895123917	nocladesub22	255-101-252-104
8304	0.1643567860325583	nocladesub22	255-101-252-104
8305	0.4208911293424499	nocladesub22	255-101-252-104
8306	0.8606216411944716	nocladesub22	255-101-252-104
8307	0.9523756224317412	nocladesub22	255-101-252-104
8308	0.9852957773989656	nocladesub22	255-101-252-104
8309	0.5217461073339452	nocladesub22	255-101-252-104
8310	0.998485642806498	nocladesub22	255-101-252-104
8311	0.9910406575062448	nocladesub22	255-101-252-104
8312	0.5233967651023167	nocladesub22	255-101-252-104
8313	0.9974183919224044	nocladesub22	255-101-252-104
8314	0.9984208456636136	nocladesub22	255-101-252-104
8315	0.999701689736038	nocladesub22	255-101-252-104
8316	0.984165585742171	nocladesub22	255-101-252-104
8317	0.7990768350828109	nocladesub22	255-101-252-104
8318	0.0077688686501457	nocladesub20	255-212-231-53
8319	2.1559256042541644e-08	nocladesub2	255-70-122-242
8320	1.330003298595341e-05	nocladesub2	255-70-122-242
8321	1.2700612379953509e-08	nocladesub2	255-70-122-242
8322	1.3622014692053072e-14	nocladesub12	255-122-4-2
8323	1.4390045922025628e-16	nocladesub2	255-70-122-242
8324	1.2170719834113158e-18	nocladesub20	255-212-231-53
8325	4.221203151984708e-18	nocladesub2	255-70-122-242
8326	0.0002014178043426	nocladesub2	255-70-122-242
8327	2.7588732656810803e-16	nocladesub2	255-70-122-242
8328	1.0350586570052701e-13	nocladesub2	255-70-122-242
8329	0.0214174789371969	nocladesub2	255-70-122-242
8330	7.245652669213824e-15	nocladesub2	255-70-122-242
8331	2.35930811837024e-13	nocladesub12	255-122-4-2
8332	3.737037044364761e-13	nocladesub12	255-122-4-2
8333	3.737037044364761e-13	nocladesub12	255-122-4-2
8334	5.326410159933483e-09	nocladesub12	255-122-4-2
8335	4.450660966777837e-06	nocladesub2	255-70-122-242
8336	3.838892560986138e-06	nocladesub22	255-101-252-104
8337	1.805118232547441e-05	nocladesub20	255-212-231-53
8338	1.275331598042132e-05	nocladesub20	255-212-231-53
8339	0.0020374978843476	nocladesub22	255-101-252-104
8340	1.1243151282172309e-07	nocladesub20	255-212-231-53
8341	2.8858610433614183e-05	nocladesub2	255-70-122-242
8342	0.8467026983834878	nocladesub22	255-101-252-104
8343	0.934433293310992	nocladesub22	255-101-252-104
8344	0.9965362383083568	nocladesub22	255-101-252-104
8345	0.9389153454083988	nocladesub22	255-101-252-104
8346	0.2512287347793306	nocladesub22	255-101-252-104
8347	0.0787341709156576	nocladesub22	255-101-252-104
8348	0.0920936639410571	nocladesub2	255-70-122-242
8349	0.00044686584909	nocladesub2	255-70-122-242
8350	4.3048076675805053e-10	nocladesub20	255-212-231-53
8351	0.0017040366659627	nocladesub2	255-70-122-242
8352	0.2322340397026145	nocladesub2	255-70-122-242
8353	0.0049041198556098	nocladesub2	255-70-122-242
8354	0.7829270142335288	nocladesub2	255-70-122-242
8355	4.331121725302407e-05	nocladesub2	255-70-122-242
8356	0.0041059862375985	nocladesub2	255-70-122-242
8357	0.0256544144330807	nocladesub2	255-70-122-242
8358	2.1500468836616985e-07	nocladesub2	255-70-122-242
8359	0.0014230074396136	nocladesub2	255-70-122-242
8360	4.726745591377628e-07	nocladesub2	255-70-122-242
8361	0.0029780323958929	nocladesub2	255-70-122-242
8362	4.354802802250437e-05	nocladesub2	255-70-122-242
8364	5.892263185236786e-07	nocladesub2	255-70-122-242
8365	2.617231716050786e-09	nocladesub12	255-122-4-2
8366	0.0058261316039451	nocladesub2	255-70-122-242
8367	4.243175620857978e-11	nocladesub2	255-70-122-242
8368	3.432914261836795e-05	nocladesub2	255-70-122-242
8369	0.0181540875926929	nocladesub2	255-70-122-242
8370	0.0005296343436743	nocladesub2	255-70-122-242
8371	9.833402730364204e-05	nocladesub2	255-70-122-242
8372	8.451958581317132e-07	nocladesub2	255-70-122-242
8373	3.620714312272387e-07	nocladesub2	255-70-122-242
8374	0.0244376958509692	nocladesub2	255-70-122-242
8375	0.0005469422489086	nocladesub22	255-101-252-104
8376	0.0003828343607852	nocladesub22	255-101-252-104
8377	5.8776553138349226e-06	nocladesub22	255-101-252-104
8378	0.0201652020831103	clade6sub19	255-254-152-44
8379	0.0068305624806736	nocladesub2	255-70-122-242
8380	0.0003552653858419	nocladesub2	255-70-122-242
8381	0.0008154052157986	nocladesub2	255-70-122-242
8382	4.738608847361141e-08	nocladesub2	255-70-122-242
8383	2.068011238073685e-05	nocladesub2	255-70-122-242
8385	1.2757473535450255e-05	nocladesub2	255-70-122-242
8386	0.0001625820203396	nocladesub2	255-70-122-242
8387	4.0389610815917935e-06	nocladesub2	255-70-122-242
8388	0.0003650598253525	nocladesub2	255-70-122-242
8389	0.0003048220724833	nocladesub20	255-212-231-53
8390	1.074031711635548e-05	nocladesub26	255-217-56-6
8391	6.305088631779447e-05	nocladesub12	255-122-4-2
8392	0.0006143112229671	nocladesub2	255-70-122-242
8393	0.0082098621055006	nocladesub2	255-70-122-242
8394	2.1419840441495675e-06	nocladesub2	255-70-122-242
8395	8.127956732170667e-06	nocladesub2	255-70-122-242
8396	1.7830649549898207e-05	nocladesub12	255-122-4-2
8397	0.0037754515219492	nocladesub2	255-70-122-242
8398	5.915915491187792e-10	nocladesub2	255-70-122-242
8399	8.888092504472598e-09	nocladesub12	255-122-4-2
8400	9.260598461276816e-05	nocladesub22	255-101-252-104
8401	5.331370555386081e-10	nocladesub2	255-70-122-242
8402	0.0003669493756733	nocladesub12	255-122-4-2
8403	5.636895319263912e-06	nocladesub2	255-70-122-242
8404	7.469432517741763e-09	nocladesub2	255-70-122-242
8405	1.1288875751637852e-10	nocladesub2	255-70-122-242
8406	2.6456844594690265e-10	nocladesub2	255-70-122-242
8407	0.017624722524166	nocladesub2	255-70-122-242
8408	3.0667384129234284e-13	nocladesub20	255-212-231-53
8409	2.6396473124426084e-05	nocladesub20	255-212-231-53
8410	0.0005735606851071	nocladesub2	255-70-122-242
8411	1.2185192693538998e-08	nocladesub10	255-26-209-210
8412	0.4420786644464022	nocladesub2	255-70-122-242
8413	0.000154891072113	nocladesub2	255-70-122-242
8414	8.021155670990323e-08	nocladesub20	255-212-231-53
8415	4.3499394460946394e-08	nocladesub12	255-122-4-2
8416	5.0901080498739965e-09	nocladesub12	255-122-4-2
8417	1.4371282671750743e-11	nocladesub22	255-101-252-104
8418	2.1300016071469894e-13	nocladesub12	255-122-4-2
8419	1.0768669451615416e-08	nocladesub22	255-101-252-104
8420	6.359707952922834e-12	nocladesub22	255-101-252-104
8421	8.52360268700309e-06	nocladesub22	255-101-252-104
8422	2.870083368910493e-09	nocladesub20	255-212-231-53
8423	2.7183788987691853e-08	nocladesub12	255-122-4-2
8424	8.372774871050346e-07	nocladesub20	255-212-231-53
8425	6.14864035982514e-08	nocladesub12	255-122-4-2
8426	5.1808887144662426e-08	nocladesub20	255-212-231-53
8427	8.132181185646719e-11	nocladesub12	255-122-4-2
8428	4.4934665697226267e-07	nocladesub12	255-122-4-2
8429	1.4551356482917833e-14	nocladesub20	255-212-231-53
8430	1.4160916184337476e-14	nocladesub12	255-122-4-2
8431	2.801590690538537e-10	nocladesub12	255-122-4-2
8432	6.883895882956172e-14	nocladesub12	255-122-4-2
8433	1.409133854272782e-12	nocladesub12	255-122-4-2
8434	3.3612417006611253e-13	nocladesub22	255-101-252-104
8435	3.6512616495856094e-14	nocladesub12	255-122-4-2
8436	3.32924631230198e-12	nocladesub12	255-122-4-2
8437	5.4875602018750825e-14	nocladesub12	255-122-4-2
8438	4.228269754690684e-11	nocladesub12	255-122-4-2
8439	2.0111809828516986e-12	nocladesub12	255-122-4-2
8440	3.056013970406644e-13	nocladesub12	255-122-4-2
8441	1.320533859140176e-13	nocladesub12	255-122-4-2
8442	7.355740372717401e-13	nocladesub12	255-122-4-2
8443	2.9308739549013656e-11	nocladesub12	255-122-4-2
8444	2.6874955879316848e-11	nocladesub12	255-122-4-2
8445	1.3560328860280642e-11	nocladesub12	255-122-4-2
8446	2.300598913423271e-09	nocladesub22	255-101-252-104
8447	5.4764672095284785e-09	nocladesub2	255-70-122-242
8448	0.0095428162997181	nocladesub22	255-101-252-104
8449	0.000211273096918	nocladesub22	255-101-252-104
8450	0.0012848640716206	nocladesub22	255-101-252-104
8451	2.1508880112125768e-05	nocladesub12	255-122-4-2
8452	3.096275957929363e-05	nocladesub22	255-101-252-104
8453	4.230046919774656e-05	nocladesub22	255-101-252-104
8454	5.899959796725648e-09	nocladesub2	255-70-122-242
8455	1.1950160672918914e-10	nocladesub2	255-70-122-242
8456	8.064392721554489e-07	nocladesub2	255-70-122-242
8457	6.054223673893676e-06	nocladesub2	255-70-122-242
8458	0.0013943729432622	nocladesub2	255-70-122-242
8459	3.959912086152362e-05	nocladesub2	255-70-122-242
8460	4.597514658398211e-06	nocladesub2	255-70-122-242
8461	0.0042918113537508	nocladesub2	255-70-122-242
8462	1.636729656796602e-09	nocladesub12	255-122-4-2
8463	1.643612276726223e-07	nocladesub12	255-122-4-2
8464	7.519541081817967e-07	nocladesub12	255-122-4-2
8465	3.6682612197607657e-11	nocladesub12	255-122-4-2
8466	1.7309984073486796e-09	nocladesub12	255-122-4-2
8467	2.0536503662073192e-17	nocladesub2	255-70-122-242
8468	3.5621650179429645e-11	nocladesub22	255-101-252-104
8469	6.993306623838129e-10	nocladesub12	255-122-4-2
8470	5.3070571465548926e-15	nocladesub20	255-212-231-53
8471	1.3722339503124564e-11	nocladesub22	255-101-252-104
8472	8.377905301328413e-13	nocladesub20	255-212-231-53
8473	6.437302070985505e-19	nocladesub22	255-101-252-104
8474	1.6913058079136041e-15	nocladesub12	255-122-4-2
8475	2.1210060273530838e-20	nocladesub20	255-212-231-53
8476	3.312212140878587e-17	nocladesub12	255-122-4-2
8477	3.9397602185571484e-16	nocladesub12	255-122-4-2
8478	6.814467510587689e-17	nocladesub12	255-122-4-2
8479	0.0002337582613746	nocladesub10	255-26-209-210
8480	3.8123536575322486e-07	nocladesub12	255-122-4-2
8481	1.0768927747009539e-07	nocladesub22	255-101-252-104
8482	2.884341556002604e-13	nocladesub12	255-122-4-2
8483	6.457594490810796e-12	nocladesub12	255-122-4-2
8484	1.3106255038245297e-06	nocladesub2	255-70-122-242
8485	1.4089783780439423e-10	nocladesub2	255-70-122-242
8486	4.2727540099198116e-08	nocladesub22	255-101-252-104
8487	4.1039019371035685e-14	nocladesub12	255-122-4-2
8488	3.048018076152604e-07	nocladesub22	255-101-252-104
8489	2.8453021612214214e-06	nocladesub22	255-101-252-104
8490	0.3440864526028152	nocladesub22	255-101-252-104
8491	0.0301424538715083	nocladesub20	255-212-231-53
8492	5.541901181301821e-05	nocladesub20	255-212-231-53
8493	1.7155716026274704e-06	nocladesub22	255-101-252-104
8494	1.99659481618326e-09	nocladesub2	255-70-122-242
8495	0.0105474638330412	nocladesub2	255-70-122-242
8496	9.365180589240708e-05	nocladesub2	255-70-122-242
8497	0.0343672021737906	nocladesub22	255-101-252-104
8498	2.0888046051548192e-05	nocladesub2	255-70-122-242
8499	0.0012905990828661	nocladesub22	255-101-252-104
8500	0.0035777822614978	nocladesub2	255-70-122-242
8501	2.412691816252492e-09	nocladesub12	255-122-4-2
8502	5.313134714977936e-11	nocladesub22	255-101-252-104
8503	2.9719384687952743e-09	nocladesub22	255-101-252-104
8504	2.1079349074668644e-10	nocladesub12	255-122-4-2
8505	5.691771484722321e-13	nocladesub12	255-122-4-2
8506	3.91039266590056e-12	nocladesub12	255-122-4-2
8507	1.0699857244227339e-16	nocladesub12	255-122-4-2
8508	1.4541476313864665e-12	nocladesub12	255-122-4-2
8509	1.3130302230354285e-13	nocladesub12	255-122-4-2
8510	2.15164629301572e-15	nocladesub12	255-122-4-2
8511	4.457101639790688e-15	nocladesub12	255-122-4-2
8512	1.759289178780634e-15	nocladesub12	255-122-4-2
8513	1.1936743763385019e-10	nocladesub12	255-122-4-2
8514	1.7081110964937168e-12	nocladesub12	255-122-4-2
8515	7.156983057798783e-15	nocladesub12	255-122-4-2
8516	8.424890194633789e-12	nocladesub12	255-122-4-2
8517	1.8061561915288983e-14	nocladesub12	255-122-4-2
8518	8.639468430071887e-09	nocladesub2	255-70-122-242
8519	1.1115421762670686e-07	nocladesub12	255-122-4-2
8520	4.2359011420370985e-09	nocladesub2	255-70-122-242
8521	1.6042907304101273e-08	nocladesub12	255-122-4-2
8522	4.3334229869699125e-08	nocladesub2	255-70-122-242
8523	5.972036173321611e-05	nocladesub22	255-101-252-104
8524	0.4164533981245181	nocladesub20	255-212-231-53
8525	0.2746989247075179	nocladesub20	255-212-231-53
8526	0.0031989009843226	nocladesub22	255-101-252-104
8527	0.8818244856554536	nocladesub22	255-101-252-104
8528	0.0664517163883555	nocladesub22	255-101-252-104
8529	0.9806112965994728	nocladesub22	255-101-252-104
8530	0.9726554227216004	nocladesub22	255-101-252-104
8531	0.4250127289103892	nocladesub22	255-101-252-104
8532	0.8931380535957963	nocladesub22	255-101-252-104
8533	0.9839301112172116	nocladesub22	255-101-252-104
8534	0.9648792001152912	nocladesub22	255-101-252-104
8535	8.222562335735625e-09	nocladesub12	255-122-4-2
8536	1.1573684826006044e-08	nocladesub2	255-70-122-242
8537	4.821720054705304e-07	nocladesub2	255-70-122-242
8538	3.9263298759254216e-10	nocladesub22	255-101-252-104
8539	5.796529447593928e-16	nocladesub12	255-122-4-2
8540	1.322498486657964e-09	nocladesub2	255-70-122-242
8541	1.2351944028136476e-08	nocladesub12	255-122-4-2
8542	1.7813348331465536e-16	nocladesub12	255-122-4-2
8543	1.391647782239823e-16	nocladesub12	255-122-4-2
8544	2.178009086296378e-11	nocladesub2	255-70-122-242
8545	2.846369128693409e-14	nocladesub12	255-122-4-2
8546	3.9841553453410574e-11	nocladesub12	255-122-4-2
8547	7.797271945469055e-12	nocladesub12	255-122-4-2
8548	5.4612770267664947e-11	nocladesub12	255-122-4-2
8549	4.0687056369916625e-10	nocladesub22	255-101-252-104
8550	2.0698723003632122e-13	nocladesub12	255-122-4-2
8551	7.275044637677596e-12	nocladesub12	255-122-4-2
8552	3.547038736367548e-12	nocladesub12	255-122-4-2
8553	1.629917407028222e-10	nocladesub12	255-122-4-2
8554	4.029559397728696e-15	nocladesub12	255-122-4-2
8555	0.0006163471519276	nocladesub2	255-70-122-242
8556	1.0911045272329069e-12	nocladesub12	255-122-4-2
8557	4.354691292444465e-13	nocladesub12	255-122-4-2
8558	1.2358272047847186e-13	nocladesub12	255-122-4-2
8559	0.0001067007404227	nocladesub12	255-122-4-2
8560	0.0010265372921866	nocladesub12	255-122-4-2
8561	1.580413461444602e-09	nocladesub2	255-70-122-242
8562	0.0089382106564775	nocladesub2	255-70-122-242
8563	0.004126614645748	nocladesub22	255-101-252-104
8564	0.174039550962253	nocladesub22	255-101-252-104
8565	0.1041972313296121	nocladesub22	255-101-252-104
8566	0.0008113217465523	nocladesub2	255-70-122-242
8567	1.5349656951386727e-06	nocladesub2	255-70-122-242
8568	2.498367356955721e-08	nocladesub2	255-70-122-242
8569	0.0002359578103209	nocladesub2	255-70-122-242
8570	0.002730297066695	nocladesub12	255-122-4-2
8571	1.9275294152222897e-18	nocladesub12	255-122-4-2
8572	0.0002686047918775	nocladesub2	255-70-122-242
8573	2.6195437095503123e-13	nocladesub12	255-122-4-2
8574	7.002932964756215e-12	nocladesub2	255-70-122-242
8575	4.01303258543114e-05	nocladesub2	255-70-122-242
8576	1.9930420454428127e-10	nocladesub12	255-122-4-2
8577	4.282493432694071e-05	nocladesub2	255-70-122-242
8578	1.0239828064202432e-10	nocladesub12	255-122-4-2
8579	3.818316311514546e-07	nocladesub22	255-101-252-104
8580	8.981961860119388e-07	nocladesub2	255-70-122-242
8581	0.1890235780792653	nocladesub20	255-212-231-53
8582	0.0104851335322472	nocladesub22	255-101-252-104
8583	5.360846703251977e-07	nocladesub2	255-70-122-242
8585	0.2497410762793414	nocladesub20	255-212-231-53
8586	6.416076988063884e-08	nocladesub12	255-122-4-2
8587	1.6060343364997534e-10	nocladesub12	255-122-4-2
8588	0.1260370324470197	nocladesub2	255-70-122-242
8589	0.0003080842595574	nocladesub2	255-70-122-242
8590	0.059804116759445	nocladesub2	255-70-122-242
8591	0.0002330923316606	nocladesub12	255-122-4-2
8592	2.090878499877643e-06	nocladesub10	255-26-209-210
8593	8.659498365463881e-09	nocladesub10	255-26-209-210
8594	0.0165077874733595	nocladesub2	255-70-122-242
8595	7.325726469300671e-05	nocladesub2	255-70-122-242
8596	1.7550238462160966e-06	nocladesub2	255-70-122-242
8597	1.405310182617139e-07	nocladesub2	255-70-122-242
8598	1.796153178371854e-07	nocladesub10	255-26-209-210
8599	0.0004729223105509	nocladesub2	255-70-122-242
8600	0.0022220422476701	nocladesub10	255-26-209-210
8601	0.0114859499158467	nocladesub22	255-101-252-104
8602	2.9689360777283844e-05	nocladesub2	255-70-122-242
8603	0.0030946850713411	nocladesub2	255-70-122-242
8604	4.6926921362571874e-05	nocladesub2	255-70-122-242
8605	0.0998161920174741	nocladesub2	255-70-122-242
8606	1.7244535105122173e-08	nocladesub2	255-70-122-242
8607	6.058802660381502e-06	nocladesub2	255-70-122-242
8608	1.0333969237230531e-08	nocladesub2	255-70-122-242
8609	0.0001525074682441	nocladesub2	255-70-122-242
8610	2.8489278582333384e-05	nocladesub10	255-26-209-210
8611	0.6416069850792006	nocladesub2	255-70-122-242
8612	4.240096399645342e-05	nocladesub2	255-70-122-242
8613	0.2711319568696108	nocladesub12	255-122-4-2
8614	7.018663157191976e-05	nocladesub2	255-70-122-242
8615	6.372860652084322e-08	nocladesub12	255-122-4-2
8616	0.8208234806187299	clade6sub19	255-254-152-44
8617	0.0002485439747262	nocladesub12	255-122-4-2
8618	1.1224962815121984e-09	nocladesub20	255-212-231-53
8619	1.507052093748683e-06	nocladesub2	255-70-122-242
8620	1.1369634155099017e-11	nocladesub2	255-70-122-242
8621	2.2799585048043106e-05	nocladesub12	255-122-4-2
8622	3.4493441735333164e-05	nocladesub12	255-122-4-2
8623	5.235939178940365e-06	nocladesub2	255-70-122-242
8624	4.249852458237129e-08	nocladesub2	255-70-122-242
8625	0.0007120224555219	nocladesub2	255-70-122-242
8626	2.6179586145215824e-05	nocladesub2	255-70-122-242
8627	4.3759719746096565e-07	nocladesub12	255-122-4-2
8628	1.9845451231161467e-10	nocladesub2	255-70-122-242
8629	0.0001056057798153	clade6sub19	255-254-152-44
8630	2.301976063242773e-12	nocladesub20	255-212-231-53
8631	2.8583910399977784e-09	nocladesub12	255-122-4-2
8632	8.235048540263418e-07	nocladesub20	255-212-231-53
8633	2.7095957419612826e-08	nocladesub20	255-212-231-53
8634	9.375806114147916e-06	nocladesub12	255-122-4-2
8635	6.432834965081827e-05	nocladesub12	255-122-4-2
8636	3.7487164431376505e-08	nocladesub20	255-212-231-53
8637	6.302454449023285e-05	nocladesub12	255-122-4-2
8638	8.713354016725512e-11	nocladesub22	255-101-252-104
8639	3.688081373289559e-12	nocladesub12	255-122-4-2
8640	1.0660064988584433e-08	nocladesub12	255-122-4-2
8641	1.9499344433545575e-12	nocladesub12	255-122-4-2
8642	9.080909259543162e-11	nocladesub22	255-101-252-104
8643	5.1313768508212846e-11	nocladesub12	255-122-4-2
8644	2.1889197168111004e-06	nocladesub22	255-101-252-104
8645	2.81228250546965e-06	nocladesub22	255-101-252-104
8646	1.5462880550964182e-09	nocladesub12	255-122-4-2
8647	1.207005741027653e-07	nocladesub20	255-212-231-53
8648	2.295599565840388e-14	nocladesub12	255-122-4-2
8649	2.00307917422618e-14	nocladesub12	255-122-4-2
8650	2.9444723015068016e-11	nocladesub12	255-122-4-2
8651	4.546516804296688e-05	nocladesub22	255-101-252-104
8652	8.390548364458974e-08	nocladesub22	255-101-252-104
8653	1.8149895386950791e-09	nocladesub22	255-101-252-104
8654	1.2521982387958216e-05	nocladesub22	255-101-252-104
8655	2.4024610572007256e-13	nocladesub22	255-101-252-104
8656	3.40288046693347e-07	nocladesub12	255-122-4-2
8657	1.623512670438694e-08	nocladesub12	255-122-4-2
8658	3.6458755410700714e-13	nocladesub22	255-101-252-104
8659	1.1934011311133165e-12	nocladesub12	255-122-4-2
8660	1.8054344959358505e-12	nocladesub12	255-122-4-2
8661	1.8486255979307e-14	nocladesub12	255-122-4-2
8662	1.179087853836844e-12	nocladesub12	255-122-4-2
8663	3.953980324958253e-13	nocladesub12	255-122-4-2
8664	4.997429605074834e-08	nocladesub22	255-101-252-104
8665	9.492790870206344e-08	nocladesub22	255-101-252-104
8666	3.3064189227466553e-09	nocladesub22	255-101-252-104
8667	0.0004519007814599	nocladesub22	255-101-252-104
8668	0.0059336719895775	nocladesub22	255-101-252-104
8669	0.0002004959290011	nocladesub22	255-101-252-104
8670	5.8594897647697865e-08	nocladesub12	255-122-4-2
8671	0.0457179382492574	nocladesub2	255-70-122-242
8672	0.0008324675170941	nocladesub2	255-70-122-242
8673	3.9010710707908e-09	nocladesub12	255-122-4-2
8674	2.2165558154194036e-08	nocladesub2	255-70-122-242
8675	0.0010312364633447	nocladesub2	255-70-122-242
8676	3.9650728125403946e-05	nocladesub2	255-70-122-242
8677	1.648861067615813e-05	nocladesub2	255-70-122-242
8678	0.0001727460310235	nocladesub2	255-70-122-242
8679	1.5585693980331515e-06	nocladesub12	255-122-4-2
8680	2.1743421065711067e-09	nocladesub12	255-122-4-2
8681	4.781629842335084e-05	nocladesub12	255-122-4-2
8682	9.743713381649016e-12	nocladesub12	255-122-4-2
8683	3.893358975086709e-12	nocladesub12	255-122-4-2
8684	6.803044928168296e-08	nocladesub12	255-122-4-2
8685	0.000295008559358	nocladesub12	255-122-4-2
8686	1.4035311151806256e-11	nocladesub12	255-122-4-2
8687	9.145347806974008e-12	nocladesub12	255-122-4-2
8688	1.132118914752692e-08	nocladesub12	255-122-4-2
8689	1.2310768615081256e-11	nocladesub12	255-122-4-2
8690	4.2629822921276786e-10	nocladesub22	255-101-252-104
8691	4.6471036528505286e-10	nocladesub12	255-122-4-2
8692	7.941060630214258e-10	nocladesub22	255-101-252-104
8693	5.771436290513606e-10	nocladesub22	255-101-252-104
8694	5.3238027112411286e-11	nocladesub10	255-26-209-210
8695	5.449001581115129e-13	nocladesub12	255-122-4-2
8696	1.8668257438263767e-12	nocladesub22	255-101-252-104
8697	0.0002893292910508	nocladesub20	255-212-231-53
8698	0.0752476951517695	nocladesub20	255-212-231-53
8699	0.4732648335610417	nocladesub20	255-212-231-53
8700	4.69014142473713e-06	nocladesub22	255-101-252-104
8701	9.950110539084712e-07	nocladesub22	255-101-252-104
8704	0.006624481344978	nocladesub2	255-70-122-242
8705	3.7215471175221265e-10	nocladesub2	255-70-122-242
8706	0.0005427678545126	nocladesub22	255-101-252-104
8707	5.413677846548573e-07	nocladesub22	255-101-252-104
8708	0.001333773030079	nocladesub22	255-101-252-104
8709	0.0031698631721104	nocladesub10	255-26-209-210
8710	0.0005623074114544	nocladesub12	255-122-4-2
8711	2.241006109719917e-13	nocladesub2	255-70-122-242
8712	2.463587295826232e-06	nocladesub12	255-122-4-2
8713	4.7287300699369757e-07	nocladesub12	255-122-4-2
8714	1.0518931618015786e-14	nocladesub20	255-212-231-53
8715	1.8602661251150753e-09	nocladesub22	255-101-252-104
8716	6.837771473313178e-13	nocladesub20	255-212-231-53
8717	1.364959899780215e-12	nocladesub12	255-122-4-2
8718	5.93136518143411e-11	nocladesub22	255-101-252-104
8719	5.3557977279863896e-11	nocladesub12	255-122-4-2
8720	3.7379028802694896e-11	nocladesub22	255-101-252-104
8721	5.159896926780763e-11	nocladesub20	255-212-231-53
8722	1.1005322268183054e-12	nocladesub22	255-101-252-104
8723	1.6115215406779486e-16	nocladesub12	255-122-4-2
8724	1.156500520552351e-07	nocladesub2	255-70-122-242
8725	4.113075767050818e-06	nocladesub22	255-101-252-104
8726	3.995518702290556e-11	nocladesub12	255-122-4-2
8727	4.043336574367882e-05	nocladesub22	255-101-252-104
8728	4.827802314896089e-07	nocladesub22	255-101-252-104
8729	1.1665639549518668e-05	nocladesub22	255-101-252-104
8730	1.6669305661775275e-06	nocladesub12	255-122-4-2
8731	0.3387155913042928	nocladesub22	255-101-252-104
8732	2.521904623115008e-05	nocladesub2	255-70-122-242
8733	9.014936782864704e-08	clade6sub19	255-254-152-44
8734	4.3062909294843e-06	nocladesub12	255-122-4-2
8735	3.817762521681235e-08	nocladesub20	255-212-231-53
8736	3.817755178786071e-09	nocladesub2	255-70-122-242
8737	4.736013968933591e-06	nocladesub2	255-70-122-242
8738	1.0995380712859977e-06	nocladesub12	255-122-4-2
8739	8.186944242884026e-13	nocladesub2	255-70-122-242
8740	8.82516304405624e-10	nocladesub2	255-70-122-242
8741	6.522442532696539e-15	nocladesub12	255-122-4-2
8742	4.759372179453027e-10	nocladesub12	255-122-4-2
8743	4.976595795167043e-15	nocladesub12	255-122-4-2
8744	0.0010044955221859	nocladesub2	255-70-122-242
8745	0.0013744846269212	nocladesub22	255-101-252-104
8746	4.193765099920366e-05	nocladesub22	255-101-252-104
8747	0.0020786634408654	nocladesub22	255-101-252-104
8748	0.5783621587570874	nocladesub22	255-101-252-104
8749	2.875039004569594e-07	nocladesub12	255-122-4-2
8750	6.259861798645541e-05	nocladesub12	255-122-4-2
8751	2.114260382795289e-05	nocladesub12	255-122-4-2
8752	5.097772463244059e-06	nocladesub2	255-70-122-242
8753	3.750453050880904e-12	nocladesub2	255-70-122-242
8754	3.670657149260149e-07	nocladesub2	255-70-122-242
8755	5.4634234439536847e-11	nocladesub12	255-122-4-2
8756	6.796919708010333e-18	nocladesub12	255-122-4-2
8757	9.728810620404996e-11	nocladesub2	255-70-122-242
8758	2.991482619456313e-13	nocladesub2	255-70-122-242
8759	0.0005886741571005	nocladesub2	255-70-122-242
8760	0.0002085116228406	nocladesub26	255-217-56-6
8761	2.0931769415359697e-06	nocladesub22	255-101-252-104
8762	0.0020507862971512	nocladesub2	255-70-122-242
8763	0.046370962884896	nocladesub2	255-70-122-242
8764	0.0916514413875117	nocladesub22	255-101-252-104
8765	0.362201249966025	clade6sub19	255-254-152-44
8766	0.4236404841821821	nocladesub22	255-101-252-104
8767	0.0696781890137036	nocladesub22	255-101-252-104
8768	0.388801462159662	nocladesub22	255-101-252-104
8769	0.4049804580631496	clade6sub19	255-254-152-44
8770	6.615040926121097e-07	nocladesub2	255-70-122-242
8771	0.1349404687250699	nocladesub2	255-70-122-242
8772	2.7579957212812586e-07	nocladesub2	255-70-122-242
8773	0.0001901063294284	nocladesub20	255-212-231-53
8774	0.0013941360555337	nocladesub2	255-70-122-242
8775	0.0905099166654759	nocladesub2	255-70-122-242
8776	0.001722285753192	nocladesub2	255-70-122-242
8777	1.3239494247207064e-15	nocladesub12	255-122-4-2
8778	0.0009828866578065	nocladesub20	255-212-231-53
8779	6.518462148220689e-05	nocladesub20	255-212-231-53
8780	1.4670705349122795e-10	nocladesub10	255-26-209-210
8781	0.000375635015941	nocladesub2	255-70-122-242
8782	1.5365942625066288e-06	nocladesub22	255-101-252-104
8783	4.038401715830935e-07	nocladesub2	255-70-122-242
8784	6.625200491700963e-06	nocladesub2	255-70-122-242
8785	2.716890140975946e-07	nocladesub2	255-70-122-242
8786	0.0033397496589286	nocladesub2	255-70-122-242
8787	1.1943451377629461e-08	nocladesub22	255-101-252-104
8788	0.0041751528513928	nocladesub2	255-70-122-242
8789	2.31631488239038e-08	nocladesub2	255-70-122-242
8790	0.275302914490033	nocladesub2	255-70-122-242
8791	1.487273540642299e-05	nocladesub12	255-122-4-2
8792	0.0121825783588581	nocladesub2	255-70-122-242
8793	1.22579528972082e-05	nocladesub2	255-70-122-242
8794	1.5634690815501823e-06	nocladesub2	255-70-122-242
8795	0.0018997923557878	nocladesub2	255-70-122-242
8796	0.2486593710407846	nocladesub2	255-70-122-242
8797	0.0100950759436453	nocladesub2	255-70-122-242
8798	0.0009712678726865	nocladesub2	255-70-122-242
8799	0.0001226860065138	clade6sub19	255-254-152-44
8800	0.001202982912151	nocladesub2	255-70-122-242
8801	0.0004767948225183	nocladesub22	255-101-252-104
8802	6.307181024071371e-09	nocladesub20	255-212-231-53
8803	3.721627640277468e-05	clade6sub19	255-254-152-44
8804	9.545085451253128e-10	nocladesub12	255-122-4-2
8805	2.212975390285e-10	nocladesub12	255-122-4-2
8806	8.935360197709311e-06	nocladesub12	255-122-4-2
8807	1.3754386990137997e-08	nocladesub2	255-70-122-242
8808	2.048889700854753e-05	nocladesub12	255-122-4-2
8809	1.0921312525931188e-08	nocladesub10	255-26-209-210
8810	0.012636321133761	nocladesub2	255-70-122-242
8811	1.254590556560566e-05	nocladesub2	255-70-122-242
8812	9.673177672503293e-09	nocladesub2	255-70-122-242
8813	0.0005862035279449	nocladesub10	255-26-209-210
8814	0.6730883693643588	nocladesub12	255-122-4-2
8815	0.0082655528238794	nocladesub2	255-70-122-242
8816	1.5904178194167802e-06	nocladesub12	255-122-4-2
8817	6.628017686084731e-10	nocladesub2	255-70-122-242
8818	2.5768077741466115e-10	nocladesub2	255-70-122-242
8819	5.3847729171411394e-08	nocladesub2	255-70-122-242
8820	1.0700767816915603e-06	nocladesub20	255-212-231-53
8821	6.931210654740315e-11	nocladesub22	255-101-252-104
8822	3.4932445852040665e-06	nocladesub20	255-212-231-53
8823	1.3583058902909934e-09	nocladesub22	255-101-252-104
8824	3.6948765188145343e-10	nocladesub12	255-122-4-2
8825	1.2575348869663135e-11	nocladesub2	255-70-122-242
8826	3.184587441318312e-05	nocladesub12	255-122-4-2
8827	2.496276130507984e-10	nocladesub12	255-122-4-2
8828	2.81228250546965e-06	nocladesub22	255-101-252-104
8829	8.612561312251449e-10	nocladesub22	255-101-252-104
8830	5.0179702633389116e-14	nocladesub12	255-122-4-2
8831	7.963682418012676e-05	nocladesub12	255-122-4-2
8832	1.8576210366336626e-08	nocladesub12	255-122-4-2
8833	5.240445732959777e-06	nocladesub22	255-101-252-104
8834	2.3075085878741275e-07	nocladesub22	255-101-252-104
8835	1.13512380375344e-09	nocladesub2	255-70-122-242
8836	8.553127226082392e-07	nocladesub22	255-101-252-104
8837	1.13512380375344e-09	nocladesub2	255-70-122-242
8838	5.9722477127961086e-09	nocladesub2	255-70-122-242
8839	7.831068125005351e-05	nocladesub22	255-101-252-104
8840	7.372797176412328e-10	nocladesub22	255-101-252-104
8841	3.995385102831832e-09	nocladesub12	255-122-4-2
8842	0.0016380259323606	nocladesub26	255-217-56-6
8843	0.0010194767166977	nocladesub26	255-217-56-6
8844	8.903148580452701e-06	nocladesub22	255-101-252-104
8845	1.6485113974946944e-07	nocladesub2	255-70-122-242
8846	2.3598583065947286e-10	nocladesub2	255-70-122-242
8847	0.0010595303286015	nocladesub2	255-70-122-242
8848	1.146245177759325e-09	nocladesub2	255-70-122-242
8849	2.598075818932725e-05	nocladesub2	255-70-122-242
8850	9.488846031038281e-14	nocladesub12	255-122-4-2
8851	9.20233859230624e-12	nocladesub12	255-122-4-2
8852	1.2411735364855704e-11	nocladesub2	255-70-122-242
8853	5.1363309695938227e-14	nocladesub22	255-101-252-104
8854	1.676770206049887e-13	nocladesub12	255-122-4-2
8855	1.9518924166758027e-12	nocladesub22	255-101-252-104
8856	2.7240741286602845e-10	nocladesub12	255-122-4-2
8857	1.3105176928307877e-13	nocladesub12	255-122-4-2
8858	5.6896801755062635e-08	nocladesub22	255-101-252-104
8859	0.0001316275404767	nocladesub22	255-101-252-104
8860	1.2292413533859466e-09	nocladesub22	255-101-252-104
8861	8.609469674752648e-09	nocladesub12	255-122-4-2
8862	7.816071614286028e-08	nocladesub10	255-26-209-210
8863	1.5102645849933372e-08	nocladesub22	255-101-252-104
8864	3.025169821662945e-06	nocladesub22	255-101-252-104
8865	0.2745524498396553	nocladesub20	255-212-231-53
8866	0.0038661289927161	nocladesub20	255-212-231-53
8867	0.0083631565394288	nocladesub22	255-101-252-104
8868	0.0021410238260991	nocladesub2	255-70-122-242
8869	9.837454989562349e-09	nocladesub22	255-101-252-104
8870	8.849844756860954e-05	nocladesub10	255-26-209-210
8871	2.085542093609723e-05	nocladesub22	255-101-252-104
8872	1.0902696815960052e-05	nocladesub22	255-101-252-104
8873	0.0001643008948695	nocladesub2	255-70-122-242
8874	0.0248572501234128	nocladesub2	255-70-122-242
8875	2.2699411577365387e-05	nocladesub2	255-70-122-242
8876	0.0001600353934201	nocladesub12	255-122-4-2
8877	0.0004272834584439	nocladesub12	255-122-4-2
8878	3.94726832150066e-08	nocladesub20	255-212-231-53
8879	0.0006091968147665	nocladesub2	255-70-122-242
8880	7.972938814407488e-07	nocladesub22	255-101-252-104
8881	8.578768009904962e-09	nocladesub12	255-122-4-2
8882	1.6962749664936101e-07	nocladesub12	255-122-4-2
8883	1.131890370501291e-11	nocladesub22	255-101-252-104
8884	1.2472418271631985e-07	nocladesub2	255-70-122-242
8885	6.777484068192235e-08	nocladesub22	255-101-252-104
8886	3.825228888307074e-05	nocladesub26	255-217-56-6
8887	0.00145441825095	nocladesub2	255-70-122-242
8888	1.6647028757442098e-06	nocladesub20	255-212-231-53
8889	0.9610443798922278	nocladesub20	255-212-231-53
8890	0.0007534335095395	nocladesub22	255-101-252-104
8891	0.0178348143547341	nocladesub2	255-70-122-242
8892	0.1294430940743836	nocladesub2	255-70-122-242
8893	1.2937986618722091e-05	nocladesub22	255-101-252-104
8894	1.1934750091624104e-08	nocladesub2	255-70-122-242
8895	0.0001914538926389	nocladesub22	255-101-252-104
8896	2.1097190206715136e-06	nocladesub20	255-212-231-53
8897	1.0376928846617678e-11	nocladesub2	255-70-122-242
8898	0.0006207115941215	nocladesub2	255-70-122-242
8899	8.811963727365009e-08	nocladesub12	255-122-4-2
8900	5.0046384065319e-08	nocladesub12	255-122-4-2
8901	0.0003332079359744	nocladesub12	255-122-4-2
8902	6.864036189808251e-05	nocladesub22	255-101-252-104
8903	0.003676083202157	nocladesub22	255-101-252-104
8904	0.8766316891543177	nocladesub22	255-101-252-104
8905	0.039456629366519	nocladesub22	255-101-252-104
8906	8.13895297917928e-05	nocladesub22	255-101-252-104
8907	0.1716033341717393	nocladesub2	255-70-122-242
8908	5.0711467159849104e-05	nocladesub12	255-122-4-2
8909	9.389854524303154e-05	nocladesub2	255-70-122-242
8910	0.0099971392840805	nocladesub2	255-70-122-242
8911	9.374181744276809e-13	nocladesub12	255-122-4-2
8912	2.1766440673090974e-10	nocladesub20	255-212-231-53
8913	1.112503146439543e-07	nocladesub12	255-122-4-2
8914	6.066682306053712e-12	nocladesub12	255-122-4-2
8915	4.77324790202888e-11	nocladesub2	255-70-122-242
8916	0.0003488311929492	nocladesub2	255-70-122-242
8917	0.4933040108206647	nocladesub22	255-101-252-104
8918	0.6782943547096631	nocladesub26	255-217-56-6
8919	2.52084211894324e-05	nocladesub22	255-101-252-104
8920	0.4947389316145972	nocladesub2	255-70-122-242
8921	0.0008313761402522	nocladesub12	255-122-4-2
8922	1.6164565742743176e-05	nocladesub12	255-122-4-2
8923	4.554902469741766e-07	nocladesub20	255-212-231-53
8924	2.586085219349232e-06	nocladesub20	255-212-231-53
8925	3.435625536571906e-05	nocladesub12	255-122-4-2
8926	8.297557088184829e-05	nocladesub20	255-212-231-53
8927	1.4246381894391522e-08	nocladesub10	255-26-209-210
8928	0.0009713795435837	nocladesub12	255-122-4-2
8929	4.858931361444899e-07	nocladesub12	255-122-4-2
8930	2.0584646375270848e-07	nocladesub2	255-70-122-242
8931	4.33955613013524e-05	nocladesub22	255-101-252-104
8932	5.208249553549202e-09	nocladesub2	255-70-122-242
8933	4.577922066612465e-11	nocladesub2	255-70-122-242
8934	5.587241498896657e-10	nocladesub12	255-122-4-2
8935	2.317739309035999e-06	nocladesub2	255-70-122-242
8936	0.0199729126157991	nocladesub22	255-101-252-104
8937	0.0006487955213892	nocladesub2	255-70-122-242
8938	0.002357668132887	nocladesub22	255-101-252-104
8939	0.0018702667695383	nocladesub20	255-212-231-53
8940	0.0095927925520519	nocladesub2	255-70-122-242
8941	1.5080926431353257e-06	nocladesub12	255-122-4-2
8942	0.0007787053396289	nocladesub2	255-70-122-242
8943	0.0001460978107302	nocladesub26	255-217-56-6
8944	0.0001160947406134	nocladesub2	255-70-122-242
8945	4.274771200339215e-07	nocladesub12	255-122-4-2
8946	0.0001177808593252	nocladesub22	255-101-252-104
8947	6.38672151683018e-06	nocladesub2	255-70-122-242
8948	0.0096857307228799	clade6sub19	255-254-152-44
8949	0.0019725753305895	nocladesub2	255-70-122-242
8950	2.757699678716591e-07	nocladesub20	255-212-231-53
8951	2.7254825965762733e-06	clade6sub19	255-254-152-44
8952	8.186237104833344e-07	nocladesub22	255-101-252-104
8953	6.373641450991312e-05	nocladesub26	255-217-56-6
8954	0.0012462267366293	nocladesub2	255-70-122-242
8955	0.0129143487173582	nocladesub2	255-70-122-242
8956	0.1911475810759289	nocladesub2	255-70-122-242
8957	0.0097521768961923	nocladesub10	255-26-209-210
8958	0.3988969954748788	nocladesub2	255-70-122-242
8959	0.0043040230325662	nocladesub10	255-26-209-210
8960	1.6985014308875178e-13	nocladesub20	255-212-231-53
8961	2.21230052426736e-12	nocladesub22	255-101-252-104
8962	2.334808951963486e-10	nocladesub20	255-212-231-53
8963	3.929150039635501e-11	nocladesub22	255-101-252-104
8964	8.109335565945325e-13	nocladesub22	255-101-252-104
8965	2.379036029712329e-18	nocladesub2	255-70-122-242
8966	2.866815051423257e-13	nocladesub12	255-122-4-2
8967	5.358335383082613e-11	nocladesub22	255-101-252-104
8968	4.0999994202644286e-10	nocladesub12	255-122-4-2
8969	1.1159005678067934e-06	nocladesub22	255-101-252-104
8970	2.791515088146616e-09	nocladesub12	255-122-4-2
8971	2.8136267139748303e-11	nocladesub12	255-122-4-2
8972	2.8822544744485944e-08	nocladesub22	255-101-252-104
8973	3.2581262058445057e-13	nocladesub12	255-122-4-2
8974	2.136982864040505e-13	nocladesub22	255-101-252-104
8975	7.084625858235634e-13	nocladesub12	255-122-4-2
8976	3.1076146091270925e-12	nocladesub12	255-122-4-2
8977	1.8249428395659177e-13	nocladesub12	255-122-4-2
8978	6.457047215071247e-10	nocladesub20	255-212-231-53
8979	2.3997870899395895e-07	nocladesub22	255-101-252-104
8980	1.4138603074925916e-07	nocladesub2	255-70-122-242
8981	4.874780691058788e-05	nocladesub22	255-101-252-104
8982	3.952309788085292e-15	nocladesub12	255-122-4-2
8983	3.832220864102382e-05	nocladesub2	255-70-122-242
8984	0.0002911313986629	nocladesub26	255-217-56-6
8985	0.0367264499199478	nocladesub22	255-101-252-104
8986	0.0077688056501882	nocladesub2	255-70-122-242
8987	4.2261720514182855e-08	nocladesub22	255-101-252-104
8988	5.097456667177848e-06	nocladesub22	255-101-252-104
8989	4.285391571364204e-06	nocladesub22	255-101-252-104
8990	1.3944350655351815e-09	nocladesub2	255-70-122-242
8991	0.0001708455484446	nocladesub12	255-122-4-2
8992	6.845452078953731e-05	nocladesub10	255-26-209-210
8993	0.0130733520704563	nocladesub12	255-122-4-2
8994	3.829752239103019e-06	nocladesub12	255-122-4-2
8995	8.343309944329554e-15	nocladesub22	255-101-252-104
8996	1.4902496381819787e-08	nocladesub12	255-122-4-2
8997	2.541190674075028e-14	nocladesub12	255-122-4-2
8998	7.306988078723688e-14	nocladesub12	255-122-4-2
8999	1.144185314715556e-12	nocladesub12	255-122-4-2
9000	1.0424644026562324e-08	nocladesub20	255-212-231-53
9001	3.860404790744183e-15	nocladesub12	255-122-4-2
9002	7.03099503047782e-14	nocladesub20	255-212-231-53
9003	3.80871973402138e-12	nocladesub12	255-122-4-2
9004	1.889537652294928e-13	nocladesub22	255-101-252-104
9005	1.231338488008294e-08	nocladesub22	255-101-252-104
9006	1.2562485223450427e-09	nocladesub22	255-101-252-104
9007	2.4911790992257277e-11	nocladesub12	255-122-4-2
9008	5.473048286851091e-10	nocladesub22	255-101-252-104
9009	1.2179643877443045e-13	nocladesub20	255-212-231-53
9010	0.0373910092236354	nocladesub22	255-101-252-104
9011	8.511795527231658e-08	nocladesub22	255-101-252-104
9012	9.474489282948256e-05	nocladesub22	255-101-252-104
9013	6.116404610846398e-13	nocladesub20	255-212-231-53
9014	2.874895670555559e-09	nocladesub20	255-212-231-53
9015	0.0635332896923189	nocladesub20	255-212-231-53
9016	8.408876799271468e-05	nocladesub12	255-122-4-2
9017	0.0186383381593288	nocladesub22	255-101-252-104
9018	0.0031294521439539	nocladesub22	255-101-252-104
9019	0.0263769920939743	nocladesub2	255-70-122-242
9020	5.853144498417847e-09	nocladesub2	255-70-122-242
9021	4.40087976282602e-05	nocladesub2	255-70-122-242
9022	7.584034617428894e-06	nocladesub22	255-101-252-104
9023	6.475966453729619e-07	nocladesub2	255-70-122-242
9024	0.0031723678581572	clade6sub19	255-254-152-44
9025	0.000264914017859	nocladesub2	255-70-122-242
9026	0.0005361568528299	nocladesub12	255-122-4-2
9027	0.0021755201787417	nocladesub12	255-122-4-2
9028	2.5344528763726352e-08	nocladesub2	255-70-122-242
9029	9.303885612084308e-12	nocladesub20	255-212-231-53
9030	2.5861715756178267e-05	nocladesub12	255-122-4-2
9031	1.1291760743171707e-10	nocladesub12	255-122-4-2
9032	0.0003239737102188	nocladesub22	255-101-252-104
9033	1.7209959121881722e-11	nocladesub2	255-70-122-242
9034	0.0004968585731326	nocladesub20	255-212-231-53
9035	0.0022719801034844	nocladesub12	255-122-4-2
9036	0.0117523960887747	nocladesub2	255-70-122-242
9037	0.0019778290137952	nocladesub22	255-101-252-104
9038	1.882359933805356e-05	nocladesub2	255-70-122-242
9039	1.243232588099506e-05	nocladesub2	255-70-122-242
9040	2.64810054066221e-09	nocladesub2	255-70-122-242
9041	6.802733562972364e-05	nocladesub22	255-101-252-104
9042	2.2496194130644682e-08	nocladesub12	255-122-4-2
9043	1.4077017216588075e-09	nocladesub12	255-122-4-2
9044	4.792860212369807e-06	nocladesub12	255-122-4-2
9045	4.104485802490875e-08	nocladesub26	255-217-56-6
9046	0.0982414754725455	nocladesub22	255-101-252-104
9047	2.526977746048604e-05	nocladesub22	255-101-252-104
9048	0.0415332898843717	nocladesub26	255-217-56-6
9049	4.042269371537578e-05	nocladesub12	255-122-4-2
9050	0.001281866905838	nocladesub12	255-122-4-2
9051	0.0188897880317418	nocladesub2	255-70-122-242
9052	0.0042473104055846	nocladesub22	255-101-252-104
9053	0.6834660540636697	nocladesub22	255-101-252-104
9054	0.0417070713996342	clade6sub19	255-254-152-44
9055	0.0796552887925916	nocladesub12	255-122-4-2
9056	7.473119192474037e-07	nocladesub2	255-70-122-242
9057	0.0024951472340149	nocladesub2	255-70-122-242
9058	1.745883833140085e-06	nocladesub20	255-212-231-53
9059	7.056106906141792e-07	nocladesub20	255-212-231-53
9060	0.0032701023559766	nocladesub10	255-26-209-210
9061	1.1425574717733644e-05	nocladesub22	255-101-252-104
9062	3.5617151986146905e-06	nocladesub2	255-70-122-242
9063	1.0394749679276674e-05	nocladesub22	255-101-252-104
9064	5.270175557712963e-08	nocladesub10	255-26-209-210
9065	2.854373914583712e-06	nocladesub2	255-70-122-242
9066	2.836174334278659e-05	nocladesub22	255-101-252-104
9067	0.0003617905252046	nocladesub22	255-101-252-104
9068	2.772627886509143e-07	nocladesub12	255-122-4-2
9069	1.0474077017774453e-12	nocladesub20	255-212-231-53
9070	1.3546289149743964e-08	nocladesub2	255-70-122-242
9071	3.3565539641934476e-10	nocladesub22	255-101-252-104
9072	5.510817089478633e-06	nocladesub22	255-101-252-104
9073	0.006649726148898	nocladesub2	255-70-122-242
9074	0.0057529267172261	nocladesub2	255-70-122-242
9075	2.682952734322971e-05	nocladesub2	255-70-122-242
9076	6.132952818359231e-07	nocladesub2	255-70-122-242
9077	7.10346890829683e-07	nocladesub2	255-70-122-242
9078	3.435967941426606e-07	nocladesub12	255-122-4-2
9079	0.0034807894269186	nocladesub12	255-122-4-2
9080	0.0002620518363427	nocladesub26	255-217-56-6
9081	0.0001378298628835	nocladesub2	255-70-122-242
9082	7.394487066372404e-07	nocladesub12	255-122-4-2
9083	0.0098459591196346	nocladesub12	255-122-4-2
9084	1.8723676859063877e-05	nocladesub20	255-212-231-53
9085	0.0015964361657508	clade6sub19	255-254-152-44
9086	6.876478053385719e-05	nocladesub20	255-212-231-53
9087	0.0002369359471709	nocladesub10	255-26-209-210
9088	1.7184408807061002e-06	clade6sub19	255-254-152-44
9089	1.1653140157771894e-08	nocladesub12	255-122-4-2
9090	4.784746138318149e-05	clade6sub19	255-254-152-44
9091	2.7457018724067727e-11	nocladesub12	255-122-4-2
9092	1.0728195063296022e-05	nocladesub12	255-122-4-2
9093	0.0005206099718083	clade6sub19	255-254-152-44
9094	0.0084990120348625	clade6sub19	255-254-152-44
9095	0.0094665285200462	nocladesub2	255-70-122-242
9096	0.0201540238655176	nocladesub12	255-122-4-2
9097	0.6371171155198522	nocladesub2	255-70-122-242
9098	0.039249056851145	nocladesub2	255-70-122-242
9099	0.773711714848464	nocladesub2	255-70-122-242
9100	6.365870107238824e-14	nocladesub2	255-70-122-242
9101	1.670092294599838e-15	nocladesub20	255-212-231-53
9102	1.17978968420437e-13	nocladesub2	255-70-122-242
9103	7.785326756331906e-18	nocladesub20	255-212-231-53
9104	7.550955931952826e-17	nocladesub22	255-101-252-104
9105	8.90160812778371e-15	nocladesub12	255-122-4-2
9106	1.5138272280498251e-09	nocladesub20	255-212-231-53
9107	6.415172710123821e-14	nocladesub22	255-101-252-104
9108	1.3908137678136392e-14	nocladesub20	255-212-231-53
9109	1.3743856565981038e-15	nocladesub22	255-101-252-104
9110	4.513881686490765e-13	nocladesub22	255-101-252-104
9111	2.0255238892321783e-09	nocladesub22	255-101-252-104
9112	1.1393921697531489e-11	nocladesub12	255-122-4-2
9113	1.1543121665838943e-09	nocladesub22	255-101-252-104
9114	1.0866841931304458e-14	nocladesub12	255-122-4-2
9115	3.4083875078786464e-08	nocladesub22	255-101-252-104
9116	1.958968226399641e-09	nocladesub22	255-101-252-104
9117	1.756143078591233e-09	nocladesub22	255-101-252-104
9118	5.4086683735610986e-08	nocladesub22	255-101-252-104
9119	4.7984273127266e-08	nocladesub22	255-101-252-104
9120	1.2569508038563236e-05	nocladesub12	255-122-4-2
9121	1.22845842499908e-06	nocladesub2	255-70-122-242
9122	3.794640431654239e-15	nocladesub12	255-122-4-2
9123	1.5420371781815974e-05	nocladesub22	255-101-252-104
9124	0.0001894402160455	nocladesub20	255-212-231-53
9125	7.805605413178735e-06	nocladesub22	255-101-252-104
9126	0.0017173848989399	nocladesub2	255-70-122-242
9127	0.0037833439094261	nocladesub2	255-70-122-242
9128	0.007476509298699	nocladesub22	255-101-252-104
9129	0.0018794287956978	nocladesub22	255-101-252-104
9130	0.0024804118723195	nocladesub2	255-70-122-242
9131	0.0110207869465041	nocladesub2	255-70-122-242
9132	7.282688594716032e-05	clade6sub19	255-254-152-44
9133	1.0424515333598238e-11	nocladesub20	255-212-231-53
9134	2.9290487616120014e-14	nocladesub20	255-212-231-53
9135	8.801578752481395e-09	nocladesub2	255-70-122-242
9136	1.1233869743336802e-12	nocladesub22	255-101-252-104
9137	4.5965107218297984e-17	nocladesub12	255-122-4-2
9138	2.601370736525652e-15	nocladesub20	255-212-231-53
9139	2.435469964739914e-10	nocladesub2	255-70-122-242
9140	4.280455831439864e-09	nocladesub22	255-101-252-104
9141	9.713158124853996e-12	nocladesub10	255-26-209-210
9142	1.5908814847274168e-13	nocladesub22	255-101-252-104
9143	4.1500423261051654e-13	nocladesub22	255-101-252-104
9144	3.94592164655339e-09	nocladesub22	255-101-252-104
9145	2.4456855354150665e-14	nocladesub22	255-101-252-104
9146	2.228289397280992e-15	nocladesub22	255-101-252-104
9147	4.993557830975998e-16	nocladesub22	255-101-252-104
9148	3.5349408412009814e-08	nocladesub22	255-101-252-104
9149	8.22768912107342e-17	nocladesub22	255-101-252-104
9150	6.952694192111077e-14	nocladesub12	255-122-4-2
9151	3.2008315255325925e-06	nocladesub26	255-217-56-6
9152	0.0025403626067325	nocladesub20	255-212-231-53
9153	2.389473085404497e-11	nocladesub20	255-212-231-53
9154	0.000665765044862	nocladesub20	255-212-231-53
9155	0.0002377861599723	nocladesub22	255-101-252-104
9156	2.962654176059241e-05	nocladesub2	255-70-122-242
9157	0.3819564337180821	nocladesub2	255-70-122-242
9158	0.0090428379487848	nocladesub12	255-122-4-2
9159	5.56792244398344e-06	nocladesub2	255-70-122-242
9160	9.517224356386365e-06	nocladesub2	255-70-122-242
9161	5.356005527328721e-08	nocladesub2	255-70-122-242
9162	0.0004116853357097	nocladesub22	255-101-252-104
9163	4.500949476599453e-08	nocladesub2	255-70-122-242
9164	0.0009298534497457	nocladesub2	255-70-122-242
9165	7.135302548365732e-05	nocladesub12	255-122-4-2
9166	0.0012284430150768	nocladesub22	255-101-252-104
9167	2.171713029775779e-07	nocladesub2	255-70-122-242
9168	0.0058007665503126	nocladesub2	255-70-122-242
9169	0.0013515481514528	nocladesub2	255-70-122-242
9170	0.2237611326447718	nocladesub2	255-70-122-242
9171	5.182524173302516e-08	nocladesub10	255-26-209-210
9172	1.708987497558027e-14	nocladesub12	255-122-4-2
9173	0.0001824046249137	nocladesub2	255-70-122-242
9174	0.0242470296342568	nocladesub22	255-101-252-104
9175	0.008870969657366	nocladesub22	255-101-252-104
9176	3.202105577246041e-08	nocladesub2	255-70-122-242
9177	0.9447268611517168	nocladesub2	255-70-122-242
9179	9.770651382648314e-08	nocladesub22	255-101-252-104
9180	0.0167789964058246	nocladesub2	255-70-122-242
9181	0.2836587997875578	clade6sub19	255-254-152-44
9182	0.0003152657232744	nocladesub10	255-26-209-210
9183	0.210192270827114	nocladesub2	255-70-122-242
9184	1.4218502559553388e-08	nocladesub2	255-70-122-242
9185	0.0034122530715452	nocladesub20	255-212-231-53
9186	2.7925119252468117e-06	nocladesub2	255-70-122-242
9187	0.0002585086588211	nocladesub2	255-70-122-242
9188	0.0002282659420155	nocladesub2	255-70-122-242
9189	1.1393370123004269e-08	nocladesub2	255-70-122-242
9190	1.3168238829805968e-05	nocladesub2	255-70-122-242
9191	0.0001955063184873	nocladesub10	255-26-209-210
9192	1.0381105104702258e-05	nocladesub22	255-101-252-104
9193	0.0120396559032801	nocladesub22	255-101-252-104
9194	0.0010122371374327	nocladesub22	255-101-252-104
9195	0.0002339578986696	nocladesub22	255-101-252-104
9196	5.5784671262416894e-05	nocladesub22	255-101-252-104
9197	2.7435317166559164e-05	nocladesub2	255-70-122-242
9198	0.0002800179181094	nocladesub26	255-217-56-6
9199	6.15442557801229e-05	nocladesub22	255-101-252-104
9200	0.0012994854333422	nocladesub12	255-122-4-2
9201	1.4247132244438465e-07	nocladesub20	255-212-231-53
9202	0.0436813454362981	nocladesub2	255-70-122-242
9203	6.18461197882905e-05	clade6sub19	255-254-152-44
9204	0.7653362993403657	nocladesub2	255-70-122-242
9205	2.4469033684753474e-06	nocladesub20	255-212-231-53
9206	3.883030303437988e-06	nocladesub20	255-212-231-53
9207	4.687100753520479e-19	nocladesub22	255-101-252-104
9208	5.61778326743057e-19	nocladesub22	255-101-252-104
9209	2.3414541066632358e-17	nocladesub22	255-101-252-104
9210	5.247638954524575e-07	nocladesub20	255-212-231-53
9211	2.3578853689792524e-10	nocladesub20	255-212-231-53
9212	9.918646611014896e-23	nocladesub22	255-101-252-104
9213	2.2617458411799167e-15	nocladesub12	255-122-4-2
9214	7.278452783629324e-07	nocladesub12	255-122-4-2
9215	3.966450917959141e-17	nocladesub22	255-101-252-104
9216	1.5489497261624152e-19	nocladesub20	255-212-231-53
9217	7.801149857500036e-11	nocladesub20	255-212-231-53
9218	1.1716553139374005e-18	nocladesub22	255-101-252-104
9219	1.0190354302665155e-11	nocladesub20	255-212-231-53
9220	6.42657410254028e-13	nocladesub22	255-101-252-104
9221	6.645039982736351e-15	nocladesub22	255-101-252-104
9222	3.1130845714732935e-08	nocladesub20	255-212-231-53
9223	1.6247624601451624e-12	nocladesub22	255-101-252-104
9224	3.449281041116608e-13	nocladesub22	255-101-252-104
9225	3.0168067544100263e-08	nocladesub22	255-101-252-104
9226	1.7078146268902414e-09	nocladesub22	255-101-252-104
9227	1.6139629840245736e-06	nocladesub22	255-101-252-104
9228	7.327784566153054e-08	nocladesub22	255-101-252-104
9229	1.8766741687372143e-05	nocladesub22	255-101-252-104
9230	2.211212752698657e-08	nocladesub22	255-101-252-104
9231	5.386857251809189e-05	nocladesub12	255-122-4-2
9232	0.0001628203660878	nocladesub2	255-70-122-242
9233	3.5226564654452465e-05	nocladesub2	255-70-122-242
9234	3.292357704353652e-05	nocladesub22	255-101-252-104
9235	1.6888883653832913e-08	nocladesub12	255-122-4-2
9237	3.989419319706981e-05	nocladesub2	255-70-122-242
9238	1.0214796900337987e-09	nocladesub20	255-212-231-53
9239	1.5645658150899073e-11	nocladesub12	255-122-4-2
9241	0.0845924082591706	nocladesub10	255-26-209-210
9242	0.009076354643806	nocladesub2	255-70-122-242
9243	0.001836287963975	nocladesub2	255-70-122-242
9244	0.1271939507317397	nocladesub2	255-70-122-242
9245	0.0060326118426245	nocladesub2	255-70-122-242
9246	0.3915507958115561	nocladesub20	255-212-231-53
9247	0.0319265447789806	nocladesub20	255-212-231-53
9248	3.4971971042452186e-11	clade6sub19	255-254-152-44
9249	2.979327406540946e-11	nocladesub20	255-212-231-53
9250	8.331615345741198e-08	nocladesub20	255-212-231-53
9251	5.18646030761334e-15	nocladesub20	255-212-231-53
9252	2.1519085247095444e-06	nocladesub20	255-212-231-53
9253	2.720451938842596e-10	nocladesub20	255-212-231-53
9254	1.2575439776809717e-17	nocladesub22	255-101-252-104
9255	1.1966791942814725e-08	nocladesub22	255-101-252-104
9256	7.477259312975786e-12	nocladesub12	255-122-4-2
9257	3.293443088053443e-19	nocladesub22	255-101-252-104
9258	7.1043553963569024e-09	nocladesub22	255-101-252-104
9259	4.164063076693229e-08	nocladesub22	255-101-252-104
9260	1.5766124660653968e-15	nocladesub2	255-70-122-242
9261	5.7103417314575314e-08	nocladesub22	255-101-252-104
9262	1.912322353481722e-06	nocladesub22	255-101-252-104
9263	3.823968848649183e-06	nocladesub22	255-101-252-104
9264	1.4730486780552478e-17	nocladesub22	255-101-252-104
9265	3.920233319163142e-17	nocladesub22	255-101-252-104
9266	2.716262780297984e-09	nocladesub12	255-122-4-2
9267	0.0057137001691504	nocladesub20	255-212-231-53
9268	4.350415429397904e-06	nocladesub12	255-122-4-2
9269	0.0002749494194896	nocladesub22	255-101-252-104
9270	0.0043386185774786	nocladesub12	255-122-4-2
9271	0.0002890361604251	nocladesub22	255-101-252-104
9272	1.3086579496887164e-07	nocladesub2	255-70-122-242
9273	0.0095769125257592	nocladesub2	255-70-122-242
9274	6.273731557110751e-10	nocladesub22	255-101-252-104
9275	9.959715877321351e-06	nocladesub22	255-101-252-104
9276	3.3077501563761145e-08	nocladesub22	255-101-252-104
9277	9.364283237538989e-06	nocladesub12	255-122-4-2
9278	7.915804700202153e-10	nocladesub2	255-70-122-242
9279	1.2194530482503866e-09	nocladesub22	255-101-252-104
9280	0.0005317828086929	nocladesub22	255-101-252-104
9281	0.0069795395015691	nocladesub22	255-101-252-104
9282	2.2966477276931302e-06	nocladesub2	255-70-122-242
9283	0.2043307935999212	clade6sub19	255-254-152-44
9284	5.159959770581005e-12	nocladesub22	255-101-252-104
9285	7.915804700202153e-10	nocladesub2	255-70-122-242
9286	0.0001045400789561	nocladesub12	255-122-4-2
9287	0.0678075038123756	clade6sub19	255-254-152-44
9288	5.288617857961513e-05	nocladesub10	255-26-209-210
9289	0.0001112923135919	nocladesub10	255-26-209-210
9290	4.0277004382535615e-05	nocladesub2	255-70-122-242
9291	0.0024205285117493	nocladesub22	255-101-252-104
9292	1.922029974679573e-07	nocladesub22	255-101-252-104
9293	0.1040439747283052	nocladesub22	255-101-252-104
9294	0.0144521600025487	nocladesub26	255-217-56-6
9295	0.0002289326075636	nocladesub2	255-70-122-242
9296	2.985005196413406e-08	nocladesub22	255-101-252-104
9297	0.9464026513037818	nocladesub2	255-70-122-242
9298	0.0002039656963705	nocladesub22	255-101-252-104
9299	0.0053309347868814	nocladesub22	255-101-252-104
9300	0.2746878345431346	nocladesub2	255-70-122-242
9301	3.143958585493089e-06	nocladesub12	255-122-4-2
9302	0.00470691194576	nocladesub12	255-122-4-2
9303	0.0001352844997102	nocladesub10	255-26-209-210
9304	0.0002770295796004	nocladesub2	255-70-122-242
9305	1.6049259424968828e-07	nocladesub20	255-212-231-53
9306	0.2043135231893722	clade6sub19	255-254-152-44
9307	3.586411437113412e-11	nocladesub20	255-212-231-53
9308	3.416308053397416e-18	nocladesub20	255-212-231-53
9309	1.5122291535010547e-10	nocladesub20	255-212-231-53
9310	3.9309373120771682e-19	nocladesub20	255-212-231-53
9311	1.2791500841898986e-12	nocladesub20	255-212-231-53
9312	1.0154803402031416e-21	nocladesub20	255-212-231-53
9313	8.082140328265403e-17	nocladesub20	255-212-231-53
9314	6.2202946265689924e-18	nocladesub22	255-101-252-104
9315	6.632591392890744e-19	nocladesub20	255-212-231-53
9316	1.939937934630258e-17	nocladesub20	255-212-231-53
9317	8.748956144249944e-21	nocladesub22	255-101-252-104
9318	1.71027144936049e-16	nocladesub12	255-122-4-2
9319	8.783502835521647e-19	nocladesub2	255-70-122-242
9320	9.760529423997283e-17	nocladesub12	255-122-4-2
9321	2.006911106620623e-18	nocladesub10	255-26-209-210
9322	8.74572577513262e-17	nocladesub12	255-122-4-2
9323	3.200266667324726e-10	nocladesub12	255-122-4-2
9324	1.0468791081216911e-16	nocladesub22	255-101-252-104
9325	1.152668860603277e-11	nocladesub22	255-101-252-104
9326	5.4108177385521096e-12	nocladesub22	255-101-252-104
9327	1.590097042684459e-07	nocladesub22	255-101-252-104
9328	2.8345031773089326e-10	nocladesub2	255-70-122-242
9329	1.702878983234389e-06	nocladesub22	255-101-252-104
9330	6.741807000361822e-10	nocladesub12	255-122-4-2
9331	1.8842632881227682e-07	nocladesub22	255-101-252-104
9332	3.443945497749487e-05	nocladesub2	255-70-122-242
9333	1.984844497769981e-05	nocladesub2	255-70-122-242
9334	2.2911359186220246e-06	nocladesub22	255-101-252-104
9335	5.964997917979662e-08	nocladesub12	255-122-4-2
9336	9.7586741251798e-12	nocladesub10	255-26-209-210
9337	9.244632123680074e-06	nocladesub22	255-101-252-104
9338	3.974435326506044e-06	nocladesub2	255-70-122-242
9339	0.0233115626432279	nocladesub10	255-26-209-210
9340	0.0003332217506637	nocladesub2	255-70-122-242
9341	0.035127794962758	nocladesub10	255-26-209-210
9342	0.0193400703210665	nocladesub22	255-101-252-104
9343	1.375052022333568e-05	nocladesub2	255-70-122-242
9344	0.0057716742061151	nocladesub20	255-212-231-53
9345	4.377699062341314e-05	clade6sub19	255-254-152-44
9346	7.294305499562952e-11	nocladesub12	255-122-4-2
9347	4.28158556904103e-13	nocladesub22	255-101-252-104
9348	3.005684754245005e-12	nocladesub20	255-212-231-53
9349	8.647067918301093e-09	nocladesub2	255-70-122-242
9350	6.15444298926344e-13	nocladesub12	255-122-4-2
9351	3.3998846494275463e-19	nocladesub12	255-122-4-2
9352	1.899118354962889e-14	nocladesub12	255-122-4-2
9353	1.2989521950465528e-19	nocladesub12	255-122-4-2
9354	1.5743011243397051e-18	nocladesub20	255-212-231-53
9355	6.260605195377843e-08	nocladesub22	255-101-252-104
9356	2.9422206331446206e-11	nocladesub22	255-101-252-104
9357	1.2814327625442305e-06	nocladesub22	255-101-252-104
9358	8.808911174955432e-17	nocladesub22	255-101-252-104
9359	1.1386161755000537e-18	nocladesub22	255-101-252-104
9360	2.784363307915896e-19	nocladesub20	255-212-231-53
9361	8.680458834162882e-09	nocladesub22	255-101-252-104
9362	0.0006021507060058	nocladesub22	255-101-252-104
9363	1.4922387851518178e-20	nocladesub22	255-101-252-104
9364	2.728036927155257e-15	nocladesub12	255-122-4-2
9365	0.0001460963177899	nocladesub20	255-212-231-53
9366	1.7230803810436462e-09	nocladesub22	255-101-252-104
9367	1.0315939763940511e-06	nocladesub12	255-122-4-2
9368	0.0012230545233453	nocladesub2	255-70-122-242
9369	1.6903592600695244e-05	nocladesub12	255-122-4-2
9370	3.971063812798381e-06	nocladesub12	255-122-4-2
9371	1.046920733772547e-05	nocladesub22	255-101-252-104
9372	4.718223684051386e-06	nocladesub22	255-101-252-104
9373	2.0851983712937088e-11	nocladesub12	255-122-4-2
9374	6.972453079566376e-06	nocladesub20	255-212-231-53
9375	2.137920220926412e-08	nocladesub26	255-217-56-6
9376	9.60016651665046e-06	nocladesub22	255-101-252-104
9377	0.0001294841980853	nocladesub12	255-122-4-2
9378	0.0004142471846165	nocladesub2	255-70-122-242
9379	0.4294814841429553	nocladesub2	255-70-122-242
9380	0.0008130657255086	nocladesub12	255-122-4-2
9381	7.574874733451051e-08	nocladesub22	255-101-252-104
9382	0.0012643275935238	nocladesub22	255-101-252-104
9383	0.0002428622456182	nocladesub2	255-70-122-242
9384	0.1479471281968914	nocladesub22	255-101-252-104
9385	0.0002630347076837	nocladesub22	255-101-252-104
9386	1.94818084983244e-12	nocladesub22	255-101-252-104
9387	0.3976890186445313	clade6sub19	255-254-152-44
9388	0.0010359738042245	nocladesub2	255-70-122-242
9389	0.0736640383914881	nocladesub2	255-70-122-242
9390	2.984801389630864e-07	nocladesub12	255-122-4-2
9391	1.8226439689882799e-16	nocladesub10	255-26-209-210
9392	8.42776447933996e-15	nocladesub12	255-122-4-2
9393	2.775289218854553e-15	nocladesub12	255-122-4-2
9394	2.2969549024398187e-11	nocladesub12	255-122-4-2
9395	4.1385381719046046e-14	nocladesub12	255-122-4-2
9396	9.20063024541584e-05	nocladesub22	255-101-252-104
9397	8.807778289607158e-14	nocladesub20	255-212-231-53
9398	1.0405117457925337e-12	nocladesub20	255-212-231-53
9399	2.9074786563875963e-18	nocladesub20	255-212-231-53
9400	5.2717619992374425e-11	nocladesub20	255-212-231-53
9401	2.0574895979702656e-21	nocladesub20	255-212-231-53
9402	1.6115994695305625e-21	nocladesub20	255-212-231-53
9403	1.3916542249044802e-20	nocladesub22	255-101-252-104
9404	9.074108257553816e-21	nocladesub20	255-212-231-53
9405	3.9205309814585774e-18	nocladesub12	255-122-4-2
9406	2.943846451629333e-20	nocladesub2	255-70-122-242
9407	7.810018470605605e-21	nocladesub10	255-26-209-210
9408	8.282940187090871e-14	nocladesub10	255-26-209-210
9409	1.3604591371943357e-21	nocladesub2	255-70-122-242
9410	6.445444965364742e-20	nocladesub2	255-70-122-242
9411	7.223412550083918e-21	nocladesub12	255-122-4-2
9412	8.513921745709093e-18	nocladesub10	255-26-209-210
9413	2.3925918118933337e-18	nocladesub12	255-122-4-2
9414	3.5179980449046728e-15	nocladesub10	255-26-209-210
9415	4.501832325630739e-15	nocladesub10	255-26-209-210
9416	2.196980141787255e-13	nocladesub12	255-122-4-2
9417	4.227497848059e-12	nocladesub12	255-122-4-2
9418	7.452390563519273e-12	nocladesub22	255-101-252-104
9419	9.079586058309727e-11	nocladesub22	255-101-252-104
9420	4.3009904085176154e-09	nocladesub22	255-101-252-104
9421	5.107554451035712e-08	nocladesub22	255-101-252-104
9422	2.2562288699283372e-08	nocladesub12	255-122-4-2
9423	1.0315685058956813e-05	nocladesub22	255-101-252-104
9424	1.962361194313009e-07	nocladesub2	255-70-122-242
9425	1.3181780504148184e-05	nocladesub2	255-70-122-242
9426	1.87292161530692e-05	nocladesub22	255-101-252-104
9427	6.647678707145185e-10	nocladesub12	255-122-4-2
9428	2.2713606332668932e-08	nocladesub20	255-212-231-53
9429	0.6203822282454882	nocladesub22	255-101-252-104
9430	1.5957288943905047e-05	nocladesub2	255-70-122-242
9431	0.0152196652038321	clade6sub19	255-254-152-44
9432	0.0004467085401709	nocladesub10	255-26-209-210
9433	0.0003150133921488	nocladesub12	255-122-4-2
9434	3.879655999747247e-10	nocladesub12	255-122-4-2
9435	5.4498589509841174e-18	nocladesub12	255-122-4-2
9436	7.613601916066607e-13	nocladesub12	255-122-4-2
9437	4.35961540903474e-13	nocladesub12	255-122-4-2
9438	2.6959681711826903e-19	nocladesub12	255-122-4-2
9439	6.604306648493602e-18	nocladesub12	255-122-4-2
9440	1.386479021411724e-11	nocladesub22	255-101-252-104
9441	9.876944365227565e-13	nocladesub22	255-101-252-104
9442	4.982534834340472e-07	nocladesub22	255-101-252-104
9443	1.982413539015961e-18	nocladesub22	255-101-252-104
9444	1.1199843762413598e-18	nocladesub22	255-101-252-104
9445	2.851661556007386e-07	nocladesub22	255-101-252-104
9446	1.856346012560629e-18	nocladesub12	255-122-4-2
9447	3.3921396232739735e-07	nocladesub2	255-70-122-242
9448	0.0034009740416361	nocladesub22	255-101-252-104
9449	0.0002874035714997	nocladesub22	255-101-252-104
9450	1.4219040164600802e-14	nocladesub12	255-122-4-2
9451	1.2204426159985276e-06	nocladesub26	255-217-56-6
9452	0.0028911855433484	nocladesub26	255-217-56-6
9453	1.8261099517068756e-06	nocladesub12	255-122-4-2
9454	9.644668585793088e-07	nocladesub2	255-70-122-242
9455	1.1894570019638844e-05	nocladesub22	255-101-252-104
9456	0.1466622896124536	nocladesub22	255-101-252-104
9457	0.0164256852083444	nocladesub22	255-101-252-104
9458	0.0002058005764108	nocladesub2	255-70-122-242
9459	0.004327763051224	nocladesub12	255-122-4-2
9460	0.0001345336943106	nocladesub12	255-122-4-2
9461	0.0028592845849355	nocladesub2	255-70-122-242
9462	2.3997870899395895e-07	nocladesub22	255-101-252-104
9463	2.2793421393156728e-09	nocladesub2	255-70-122-242
9464	0.0001628203660878	nocladesub2	255-70-122-242
9465	1.660235050498171e-05	nocladesub2	255-70-122-242
9466	0.0045406350155624	nocladesub22	255-101-252-104
9467	0.000124831879874	nocladesub2	255-70-122-242
9468	0.0001169445080351	nocladesub2	255-70-122-242
9469	0.003885886485724	nocladesub10	255-26-209-210
9470	0.000127575280706	nocladesub2	255-70-122-242
9471	1.3175030858878326e-08	nocladesub22	255-101-252-104
9472	0.0079070396845607	nocladesub20	255-212-231-53
9473	0.0042929264336973	nocladesub2	255-70-122-242
9474	0.5900105320844777	nocladesub2	255-70-122-242
9475	0.0018175738511611	nocladesub12	255-122-4-2
9476	0.0017498169296683	nocladesub2	255-70-122-242
9477	0.0005240445439242	nocladesub26	255-217-56-6
9478	1.8376739913061666e-07	nocladesub12	255-122-4-2
9479	1.7820995118996018e-17	nocladesub20	255-212-231-53
9480	1.2361969608853556e-15	nocladesub12	255-122-4-2
9481	7.61886503969742e-18	nocladesub12	255-122-4-2
9482	0.1209727563107744	nocladesub12	255-122-4-2
9483	2.7660888247946183e-19	nocladesub10	255-26-209-210
9484	1.64517605539904e-20	nocladesub2	255-70-122-242
9485	1.8629233583129178e-12	nocladesub22	255-101-252-104
9486	1.3557482674112505e-08	nocladesub2	255-70-122-242
9487	0.000179298658465	nocladesub12	255-122-4-2
9488	2.1981093131074207e-10	nocladesub12	255-122-4-2
9489	4.066790892292242e-05	clade6sub19	255-254-152-44
9490	2.5594337880766646e-10	nocladesub2	255-70-122-242
9491	8.213131098163216e-10	nocladesub2	255-70-122-242
9492	0.0003884544447805	nocladesub10	255-26-209-210
9493	7.11592474045413e-10	nocladesub12	255-122-4-2
9494	2.604906083285113e-05	nocladesub22	255-101-252-104
9495	2.7262945351777324e-07	nocladesub12	255-122-4-2
9496	1.0262407382588164e-10	nocladesub12	255-122-4-2
9497	0.1748191096292606	clade6sub19	255-254-152-44
9498	2.34785413139996e-13	nocladesub10	255-26-209-210
9499	3.689574418714333e-07	nocladesub12	255-122-4-2
9500	2.8447956228187273e-16	nocladesub20	255-212-231-53
9501	3.68184646242243e-14	nocladesub12	255-122-4-2
9502	0.0004082263317141	nocladesub12	255-122-4-2
9503	3.484894648568163e-11	nocladesub12	255-122-4-2
9504	5.521115651359389e-14	nocladesub12	255-122-4-2
9505	3.744612167401135e-23	nocladesub20	255-212-231-53
9506	1.0634963120804029e-17	nocladesub12	255-122-4-2
9507	5.569425260214939e-14	nocladesub12	255-122-4-2
9508	4.725463242617481e-15	nocladesub12	255-122-4-2
9509	8.63963153718759e-21	nocladesub10	255-26-209-210
9510	1.840565148476889e-20	nocladesub22	255-101-252-104
9511	7.793295546868325e-15	nocladesub12	255-122-4-2
9512	3.2580699716636774e-13	nocladesub12	255-122-4-2
9513	7.560573772558211e-16	nocladesub20	255-212-231-53
9514	1.1821134598009006e-19	nocladesub22	255-101-252-104
9515	1.0618358499212556e-14	nocladesub20	255-212-231-53
9516	9.44062517171717e-16	nocladesub12	255-122-4-2
9517	2.0838619462291085e-18	nocladesub22	255-101-252-104
9518	2.061846734599828e-19	nocladesub12	255-122-4-2
9519	6.16965036972958e-13	nocladesub10	255-26-209-210
9520	6.231039438091986e-16	nocladesub12	255-122-4-2
9521	8.160609039007317e-05	nocladesub12	255-122-4-2
9522	1.6134270686438017e-17	nocladesub12	255-122-4-2
9523	2.517902124488505e-09	nocladesub20	255-212-231-53
9524	7.2972014739581785e-09	nocladesub20	255-212-231-53
9525	6.389280255629725e-15	nocladesub10	255-26-209-210
9526	5.2655964812555433e-17	nocladesub10	255-26-209-210
9527	7.911907461642781e-16	nocladesub12	255-122-4-2
9528	1.1205769623230527e-11	nocladesub22	255-101-252-104
9529	1.7230415654606034e-10	nocladesub12	255-122-4-2
9530	2.4709566716165263e-13	nocladesub2	255-70-122-242
9531	1.7420499094497655e-06	nocladesub22	255-101-252-104
9532	0.0003930964524304	nocladesub22	255-101-252-104
9533	8.876213807573279e-06	nocladesub2	255-70-122-242
9534	3.2238845184290866e-05	nocladesub2	255-70-122-242
9535	8.830471488124007e-06	nocladesub2	255-70-122-242
9536	8.623155911666731e-07	nocladesub22	255-101-252-104
9537	4.432936187113219e-08	nocladesub2	255-70-122-242
9538	6.552224787778628e-12	nocladesub12	255-122-4-2
9539	7.543233922885739e-08	nocladesub2	255-70-122-242
9540	6.422548749137044e-09	nocladesub2	255-70-122-242
9541	0.0372428069533206	nocladesub2	255-70-122-242
9542	0.0013276284372576	nocladesub22	255-101-252-104
9543	0.0013276284372576	nocladesub22	255-101-252-104
9544	0.003424494838916	nocladesub22	255-101-252-104
9545	0.0013276284372576	nocladesub22	255-101-252-104
9546	0.0044857106716837	nocladesub22	255-101-252-104
9547	0.0001133983741071	nocladesub22	255-101-252-104
9548	0.0011292058778236	nocladesub10	255-26-209-210
9549	1.9456022975973756e-09	nocladesub12	255-122-4-2
9550	6.65553041811229e-16	nocladesub10	255-26-209-210
9551	1.3880796287867567e-10	nocladesub12	255-122-4-2
9552	8.764336439580754e-15	nocladesub12	255-122-4-2
9553	2.6838928088578783e-14	nocladesub12	255-122-4-2
9554	1.644092195023084e-06	nocladesub2	255-70-122-242
9555	7.158622393041821e-13	nocladesub12	255-122-4-2
9556	1.0624588146913178e-09	nocladesub2	255-70-122-242
9557	7.319862688867491e-15	nocladesub22	255-101-252-104
9558	2.4835027664240817e-10	nocladesub22	255-101-252-104
9559	1.4994536246737103e-09	nocladesub22	255-101-252-104
9560	1.781345687217257e-13	nocladesub20	255-212-231-53
9561	1.528961898357825e-07	nocladesub2	255-70-122-242
9562	1.807047341868249e-18	nocladesub10	255-26-209-210
9563	4.437566989798383e-06	nocladesub2	255-70-122-242
9564	6.585368937558487e-07	nocladesub2	255-70-122-242
9565	1.2508075763751956e-05	nocladesub22	255-101-252-104
9566	9.973213752876084e-05	nocladesub2	255-70-122-242
9567	3.722373157132123e-16	nocladesub2	255-70-122-242
9568	2.521031967466885e-12	nocladesub2	255-70-122-242
9569	4.137272870406901e-09	nocladesub12	255-122-4-2
9570	4.7643362651132754e-05	nocladesub26	255-217-56-6
9571	3.423151509053411e-05	nocladesub20	255-212-231-53
9572	3.093533310971051e-05	nocladesub12	255-122-4-2
9573	7.168636327691676e-07	nocladesub12	255-122-4-2
9574	0.0009578265392194	nocladesub22	255-101-252-104
9575	2.90563561702674e-07	nocladesub2	255-70-122-242
9576	0.0055508427664107	nocladesub12	255-122-4-2
9577	0.0073028041347343	nocladesub10	255-26-209-210
9578	0.3182510777158717	clade6sub19	255-254-152-44
9579	0.0002036838477073	nocladesub22	255-101-252-104
9580	0.0099476072488246	clade6sub19	255-254-152-44
9581	1.0262407382588164e-10	nocladesub12	255-122-4-2
9582	3.581860276985712e-12	nocladesub12	255-122-4-2
9583	0.0008168347031643	nocladesub2	255-70-122-242
9584	0.0005310463345466	nocladesub2	255-70-122-242
9585	0.0008168347031643	nocladesub2	255-70-122-242
9586	0.0008168347031643	nocladesub2	255-70-122-242
9587	8.595838013924653e-06	nocladesub22	255-101-252-104
9588	0.0001643535315831	nocladesub22	255-101-252-104
9589	0.0188606136697703	nocladesub22	255-101-252-104
9590	2.3760276860429157e-05	nocladesub2	255-70-122-242
9591	0.0067642907664188	clade6sub19	255-254-152-44
9592	6.550564786974971e-10	nocladesub2	255-70-122-242
9593	0.000149816997128	nocladesub10	255-26-209-210
9594	0.0056192464425499	nocladesub26	255-217-56-6
9596	7.391920018292131e-05	nocladesub22	255-101-252-104
9597	0.0001878879472803	nocladesub20	255-212-231-53
9598	4.354087475282832e-05	nocladesub22	255-101-252-104
9599	0.0002782218064132	nocladesub22	255-101-252-104
9600	0.0524866531221417	nocladesub2	255-70-122-242
9601	0.029385146575157	nocladesub10	255-26-209-210
9602	0.0181553365474047	nocladesub10	255-26-209-210
9603	0.0460104961220313	nocladesub22	255-101-252-104
9604	4.583074766880451e-09	nocladesub22	255-101-252-104
9605	0.0039165228764569	nocladesub12	255-122-4-2
9606	0.0077071704360045	nocladesub22	255-101-252-104
9607	4.6165773471294737e-10	nocladesub20	255-212-231-53
9608	2.7439719688705396e-08	nocladesub10	255-26-209-210
9609	4.265199031586265e-16	nocladesub12	255-122-4-2
9610	0.0076587223354605	nocladesub12	255-122-4-2
9611	1.543052172625668e-14	nocladesub20	255-212-231-53
9612	9.313425395990915e-14	nocladesub12	255-122-4-2
9613	4.069763394268737e-15	nocladesub12	255-122-4-2
9614	4.40640536348199e-07	nocladesub12	255-122-4-2
9615	1.7065845129148026e-17	nocladesub12	255-122-4-2
9616	1.7248120889233405e-12	nocladesub12	255-122-4-2
9617	8.218494175598455e-14	nocladesub20	255-212-231-53
9618	6.728704062970632e-14	nocladesub2	255-70-122-242
9619	0.0001263140801367	clade6sub19	255-254-152-44
9620	1.8259344662236607e-14	nocladesub12	255-122-4-2
9621	3.583818232496584e-13	nocladesub12	255-122-4-2
9622	0.0002383632982645	nocladesub2	255-70-122-242
9623	2.4178767530220824e-13	nocladesub12	255-122-4-2
9624	1.4247640459749936e-10	nocladesub12	255-122-4-2
9625	1.8401633878974595e-09	nocladesub12	255-122-4-2
9626	1.6084156684087097e-14	nocladesub12	255-122-4-2
9627	7.538161246157229e-16	nocladesub12	255-122-4-2
9628	1.1116333764882672e-11	nocladesub12	255-122-4-2
9629	4.617988118494769e-12	nocladesub12	255-122-4-2
9630	2.210875602391553e-13	nocladesub12	255-122-4-2
9631	3.4113793131593085e-12	nocladesub2	255-70-122-242
9632	4.1344618956368146e-14	nocladesub12	255-122-4-2
9633	2.724949087045259e-09	nocladesub12	255-122-4-2
9634	1.3916467140220536e-14	nocladesub12	255-122-4-2
9635	9.19320150585323e-12	nocladesub12	255-122-4-2
9636	4.726412226762512e-13	nocladesub12	255-122-4-2
9637	0.0001751965022047	clade6sub19	255-254-152-44
9638	0.0001387191158598	nocladesub12	255-122-4-2
9639	6.107513570166803e-11	nocladesub2	255-70-122-242
9640	1.5184886150752264e-10	nocladesub12	255-122-4-2
9641	3.5539343473153476e-08	nocladesub2	255-70-122-242
9642	6.994196170887442e-06	nocladesub20	255-212-231-53
9643	3.378609720641718e-11	nocladesub12	255-122-4-2
9644	2.9382387249912495e-07	nocladesub10	255-26-209-210
9645	7.576224228647635e-10	nocladesub20	255-212-231-53
9646	1.3188964971851774e-14	nocladesub10	255-26-209-210
9647	4.362041644395194e-14	nocladesub20	255-212-231-53
9648	9.846441508972702e-15	nocladesub12	255-122-4-2
9649	1.4758650932128689e-21	nocladesub20	255-212-231-53
9650	5.853193024327316e-14	nocladesub20	255-212-231-53
9651	7.451644723395378e-11	nocladesub12	255-122-4-2
9652	1.9830231099434592e-17	nocladesub20	255-212-231-53
9653	7.346768347254243e-16	nocladesub20	255-212-231-53
9654	2.055200813208302e-15	nocladesub20	255-212-231-53
9655	1.6529000958242797e-15	nocladesub20	255-212-231-53
9656	8.700217740892318e-13	nocladesub12	255-122-4-2
9657	2.0978089104726654e-18	nocladesub20	255-212-231-53
9658	4.252589618033394e-17	nocladesub12	255-122-4-2
9659	1.946050611301057e-11	nocladesub12	255-122-4-2
9660	1.14048368743192e-14	nocladesub12	255-122-4-2
9661	2.0535144149452106e-15	nocladesub12	255-122-4-2
9662	7.908542627448407e-12	nocladesub20	255-212-231-53
9663	1.2677419377466964e-10	nocladesub20	255-212-231-53
9664	1.5030492434460834e-13	nocladesub12	255-122-4-2
9665	1.3003110007305524e-05	nocladesub12	255-122-4-2
9666	3.298277457382688e-08	nocladesub20	255-212-231-53
9667	1.947328686638348e-08	nocladesub12	255-122-4-2
9668	1.2643055067830142e-12	nocladesub10	255-26-209-210
9669	3.046240250364202e-12	nocladesub12	255-122-4-2
9670	7.44696667378721e-10	nocladesub12	255-122-4-2
9671	1.789006373681598e-06	nocladesub2	255-70-122-242
9672	1.4277609136518024e-09	nocladesub12	255-122-4-2
9673	4.5917177250023976e-08	nocladesub12	255-122-4-2
9674	1.7352734170178023e-05	nocladesub2	255-70-122-242
9675	4.886863271418473e-11	nocladesub12	255-122-4-2
9676	0.0001061431390215	nocladesub2	255-70-122-242
9677	1.7706296466221745e-06	nocladesub2	255-70-122-242
9678	1.6627687180671805e-07	nocladesub22	255-101-252-104
9679	1.5431425463644515e-05	nocladesub20	255-212-231-53
9680	0.0125607086695208	nocladesub22	255-101-252-104
9681	0.0612561463410269	nocladesub22	255-101-252-104
9682	3.0890098163518896e-05	nocladesub22	255-101-252-104
9683	0.0001448431225602	nocladesub2	255-70-122-242
9684	0.0005819698444533	nocladesub2	255-70-122-242
9685	0.0498296382187711	nocladesub22	255-101-252-104
9686	3.888305304639392e-06	nocladesub22	255-101-252-104
9687	0.000593283707143	nocladesub10	255-26-209-210
9688	0.0020897728308552	nocladesub12	255-122-4-2
9689	0.0132112573986066	clade6sub19	255-254-152-44
9690	5.105720360767604e-10	nocladesub12	255-122-4-2
9691	1.4488383265914102e-20	nocladesub12	255-122-4-2
9692	2.5129976222982868e-20	nocladesub12	255-122-4-2
9693	2.0300768707034244e-19	nocladesub2	255-70-122-242
9694	1.9570044866675893e-12	nocladesub22	255-101-252-104
9695	1.337961593716296e-15	nocladesub12	255-122-4-2
9696	4.134669770132363e-09	nocladesub22	255-101-252-104
9697	7.951264577118347e-11	nocladesub20	255-212-231-53
9698	2.598477888622593e-13	nocladesub22	255-101-252-104
9699	1.1255705645538397e-12	nocladesub12	255-122-4-2
9700	1.1446283294595408e-07	nocladesub2	255-70-122-242
9701	5.336732373166119e-11	nocladesub2	255-70-122-242
9702	9.636107224079127e-06	nocladesub2	255-70-122-242
9703	7.489388380971438e-09	nocladesub2	255-70-122-242
9704	9.343179037085099e-10	nocladesub12	255-122-4-2
9705	0.0003395229825306	nocladesub2	255-70-122-242
9706	3.2791181349993655e-05	nocladesub2	255-70-122-242
9707	2.0711320324667746e-06	nocladesub20	255-212-231-53
9708	3.1253028047949457e-07	nocladesub20	255-212-231-53
9709	6.40741414405396e-07	nocladesub10	255-26-209-210
9710	3.998402225614779e-06	nocladesub12	255-122-4-2
9711	0.0001218078741477	nocladesub22	255-101-252-104
9712	2.9414525685068e-05	nocladesub22	255-101-252-104
9713	8.682158505340629e-06	nocladesub22	255-101-252-104
9714	1.7489773827603207e-05	nocladesub22	255-101-252-104
9715	0.0120513660357005	nocladesub12	255-122-4-2
9716	7.23556978560653e-05	nocladesub22	255-101-252-104
9717	0.0004265897374548	nocladesub22	255-101-252-104
9718	0.0015358948299596	nocladesub22	255-101-252-104
9719	3.917869899552074e-06	nocladesub12	255-122-4-2
9720	0.0030304977522023	nocladesub2	255-70-122-242
9721	0.0001251305718897	nocladesub22	255-101-252-104
9722	4.2005357806772647e-08	nocladesub2	255-70-122-242
9723	4.0843269429111925e-13	nocladesub2	255-70-122-242
9724	1.8155274571471743e-08	nocladesub2	255-70-122-242
9725	1.6394682466907656e-08	nocladesub22	255-101-252-104
9726	3.223346927701172e-16	nocladesub2	255-70-122-242
9727	2.296732722933991e-05	nocladesub2	255-70-122-242
9728	0.0005310463345466	nocladesub2	255-70-122-242
9729	2.6583083362956467e-11	nocladesub2	255-70-122-242
9730	9.293648513004737e-13	nocladesub2	255-70-122-242
9731	3.2023187406689296e-05	nocladesub22	255-101-252-104
9732	2.526570687094763e-05	nocladesub12	255-122-4-2
9733	0.0888000662057618	nocladesub22	255-101-252-104
9734	0.000618206566946	nocladesub22	255-101-252-104
9735	0.0004920615647108	nocladesub2	255-70-122-242
9736	0.0027578675088513	nocladesub22	255-101-252-104
9737	7.358213647792191e-05	nocladesub22	255-101-252-104
9738	0.0132170898194778	nocladesub22	255-101-252-104
9739	0.0237129831457228	nocladesub22	255-101-252-104
9741	0.0006574512183221	clade6sub19	255-254-152-44
9742	0.0046418009552595	nocladesub10	255-26-209-210
9743	0.2379474554630183	nocladesub2	255-70-122-242
9744	0.0335228032335239	nocladesub10	255-26-209-210
9745	0.0022471327808408	clade6sub19	255-254-152-44
9746	0.0049360372792203	nocladesub2	255-70-122-242
9747	8.445321165789892e-11	nocladesub22	255-101-252-104
9748	4.122639401841658e-08	nocladesub22	255-101-252-104
9749	0.0058236511051891	clade6sub19	255-254-152-44
9750	0.0468441805535934	nocladesub20	255-212-231-53
9751	6.604156123965714e-12	nocladesub22	255-101-252-104
9752	2.0068040640060925e-07	nocladesub2	255-70-122-242
9753	4.4110041590394656e-08	clade6sub19	255-254-152-44
9754	1.3790153929769136e-14	nocladesub20	255-212-231-53
9755	0.0004331323066777	nocladesub12	255-122-4-2
9756	3.1835097363636903e-08	nocladesub12	255-122-4-2
9757	4.196943995994182e-11	nocladesub12	255-122-4-2
9758	5.706428756302288e-06	nocladesub26	255-217-56-6
9759	3.832304188508238e-11	nocladesub12	255-122-4-2
9760	6.832451430602486e-16	nocladesub12	255-122-4-2
9761	1.5167357565278844e-05	nocladesub20	255-212-231-53
9762	1.1618504242159721e-15	nocladesub22	255-101-252-104
9763	1.0044477733571696e-08	nocladesub20	255-212-231-53
9764	1.6566112249856585e-14	nocladesub12	255-122-4-2
9765	4.100096151753582e-11	nocladesub12	255-122-4-2
9766	4.2512467485200024e-10	nocladesub12	255-122-4-2
9767	0.0761645222217496	nocladesub12	255-122-4-2
9768	3.9792861278072775e-09	nocladesub12	255-122-4-2
9769	4.197331427926484e-12	nocladesub12	255-122-4-2
9770	3.5946105183458343e-08	nocladesub12	255-122-4-2
9771	0.0001680990196345	nocladesub20	255-212-231-53
9772	7.62050802464742e-08	nocladesub20	255-212-231-53
9773	4.2350714665872825e-11	nocladesub12	255-122-4-2
9774	2.802491429998429e-09	nocladesub2	255-70-122-242
9775	5.870746490424821e-14	nocladesub12	255-122-4-2
9776	1.7948199904059215e-09	nocladesub12	255-122-4-2
9777	4.8752733827361436e-11	nocladesub12	255-122-4-2
9778	1.88925325209047e-14	nocladesub12	255-122-4-2
9779	3.235136079536287e-16	nocladesub12	255-122-4-2
9780	1.0638220057491697e-06	nocladesub22	255-101-252-104
9781	8.23593055135128e-07	nocladesub12	255-122-4-2
9782	2.182223415061809e-09	nocladesub12	255-122-4-2
9783	5.43092228916269e-17	nocladesub12	255-122-4-2
9784	1.8872275479394963e-14	nocladesub12	255-122-4-2
9785	7.792407949105168e-16	nocladesub12	255-122-4-2
9786	1.0905958574295854e-08	nocladesub2	255-70-122-242
9787	5.74755373995436e-14	nocladesub12	255-122-4-2
9788	2.844576920888382e-11	nocladesub12	255-122-4-2
9789	7.743389317027771e-16	nocladesub12	255-122-4-2
9790	8.170295390261598e-15	nocladesub20	255-212-231-53
9791	1.7018906364482949e-12	nocladesub12	255-122-4-2
9792	5.04180392714628e-07	nocladesub22	255-101-252-104
9793	3.4548815576631445e-10	nocladesub12	255-122-4-2
9794	1.007092342253425e-12	nocladesub12	255-122-4-2
9795	3.459985818249039e-16	nocladesub12	255-122-4-2
9796	1.2707340200769344e-08	nocladesub12	255-122-4-2
9797	1.6756401467269603e-11	nocladesub12	255-122-4-2
9798	5.65808035171127e-13	nocladesub12	255-122-4-2
9799	3.3111536962822042e-12	nocladesub12	255-122-4-2
9800	2.3638296654569278e-12	nocladesub2	255-70-122-242
9801	9.237131634133015e-16	nocladesub12	255-122-4-2
9802	3.709540811107987e-06	nocladesub22	255-101-252-104
9803	2.015098084229506e-05	nocladesub22	255-101-252-104
9804	0.0001339373580475	nocladesub22	255-101-252-104
9805	7.034423578377109e-11	nocladesub2	255-70-122-242
9806	0.0001542065459321	nocladesub20	255-212-231-53
9807	3.765071361607493e-12	nocladesub12	255-122-4-2
9808	2.788261678280369e-16	nocladesub20	255-212-231-53
9809	2.926113460403537e-17	nocladesub20	255-212-231-53
9810	6.013291550415945e-15	nocladesub20	255-212-231-53
9811	6.353168520949344e-16	nocladesub20	255-212-231-53
9812	7.236142588079087e-15	nocladesub20	255-212-231-53
9813	5.587496002359187e-19	nocladesub20	255-212-231-53
9814	3.158390051882308e-18	nocladesub20	255-212-231-53
9815	1.2255770806663632e-14	nocladesub20	255-212-231-53
9816	5.052368086992661e-18	nocladesub20	255-212-231-53
9817	1.590162553429558e-20	nocladesub12	255-122-4-2
9818	2.471540022059695e-19	nocladesub12	255-122-4-2
9819	6.77091722475507e-13	nocladesub12	255-122-4-2
9820	1.1054602249120217e-12	nocladesub20	255-212-231-53
9821	1.2634685843790242e-20	nocladesub20	255-212-231-53
9822	9.868719504790932e-23	nocladesub20	255-212-231-53
9823	1.2536376091104254e-19	nocladesub20	255-212-231-53
9824	4.791963442876539e-12	nocladesub12	255-122-4-2
9825	8.32318467211541e-20	nocladesub12	255-122-4-2
9826	7.34273659625463e-16	nocladesub12	255-122-4-2
9827	5.970048728483729e-18	nocladesub20	255-212-231-53
9828	4.0838272492927433e-19	nocladesub20	255-212-231-53
9829	1.5527713532384545e-07	nocladesub2	255-70-122-242
9830	5.068892144102551e-15	nocladesub12	255-122-4-2
9831	8.96022772862047e-12	nocladesub12	255-122-4-2
9832	1.5651911397077087e-16	nocladesub20	255-212-231-53
9833	3.1330339541555275e-08	nocladesub2	255-70-122-242
9834	1.3331733620350867e-05	nocladesub22	255-101-252-104
9835	3.503114823156206e-10	nocladesub12	255-122-4-2
9836	3.557703522962746e-07	nocladesub12	255-122-4-2
9837	6.349957219614307e-05	nocladesub12	255-122-4-2
9838	1.6921128066290287e-10	nocladesub12	255-122-4-2
9839	7.79723112113387e-09	nocladesub12	255-122-4-2
9840	1.4491656209011428e-09	nocladesub12	255-122-4-2
9841	2.236308389904412e-06	nocladesub2	255-70-122-242
9842	3.9198439400571124e-09	nocladesub12	255-122-4-2
9843	2.974582096855211e-08	nocladesub12	255-122-4-2
9844	0.0007773008526053	nocladesub2	255-70-122-242
9845	1.559666131293068e-05	nocladesub22	255-101-252-104
9846	0.0013339849756671	nocladesub20	255-212-231-53
9847	0.0125607086695208	nocladesub22	255-101-252-104
9848	0.1232313995687937	nocladesub20	255-212-231-53
9849	0.0003219935428446	nocladesub2	255-70-122-242
9850	0.0012319272734819	nocladesub22	255-101-252-104
9851	8.438677925522448e-05	nocladesub22	255-101-252-104
9852	1.0872228774816844e-06	clade6sub19	255-254-152-44
9853	9.543031471141138e-07	nocladesub2	255-70-122-242
9854	0.0008614986254125	nocladesub22	255-101-252-104
9855	0.0017054330911486	nocladesub22	255-101-252-104
9856	0.0003441576199225	nocladesub22	255-101-252-104
9857	0.0004163277769659	nocladesub22	255-101-252-104
9858	0.0001780033441165	nocladesub2	255-70-122-242
9859	0.0005334610680881	nocladesub22	255-101-252-104
9860	0.0003416255040618	nocladesub22	255-101-252-104
9861	0.0006553695335619	nocladesub10	255-26-209-210
9862	1.7299219437259632e-10	nocladesub12	255-122-4-2
9863	0.0007609149289083	nocladesub22	255-101-252-104
9864	5.010354697211843e-16	nocladesub2	255-70-122-242
9865	3.4801111843024066e-15	nocladesub20	255-212-231-53
9866	9.92647112860776e-18	nocladesub12	255-122-4-2
9867	0.0006909018647807	nocladesub2	255-70-122-242
9868	1.4545894490012166e-15	nocladesub20	255-212-231-53
9869	4.11504209572695e-12	nocladesub2	255-70-122-242
9870	1.1528652862654399e-17	nocladesub12	255-122-4-2
9871	1.1125883163472391e-10	nocladesub12	255-122-4-2
9872	2.654377746660079e-12	nocladesub12	255-122-4-2
9873	1.0558197461947828e-13	nocladesub12	255-122-4-2
9874	1.2156749145800967e-09	nocladesub12	255-122-4-2
9875	2.3122644571807582e-14	nocladesub12	255-122-4-2
9876	3.9647169010254183e-13	nocladesub12	255-122-4-2
9877	9.827401119550218e-16	nocladesub12	255-122-4-2
9878	8.819949384466437e-10	nocladesub12	255-122-4-2
9879	6.705759575227178e-11	nocladesub10	255-26-209-210
9880	4.866437847131071e-11	nocladesub12	255-122-4-2
9881	8.79549141905654e-12	nocladesub12	255-122-4-2
9882	2.213204263755565e-11	nocladesub12	255-122-4-2
9883	1.6131527140357974e-11	nocladesub12	255-122-4-2
9884	1.5364930870201368e-10	nocladesub12	255-122-4-2
9885	8.16091886448563e-13	nocladesub12	255-122-4-2
9886	3.075838050303048e-10	nocladesub2	255-70-122-242
9887	8.336451291847495e-11	nocladesub12	255-122-4-2
9888	7.44696667378721e-10	nocladesub12	255-122-4-2
9889	0.0229811159359583	nocladesub22	255-101-252-104
9890	2.7554889060058727e-08	nocladesub20	255-212-231-53
9891	0.0001632690944996	nocladesub12	255-122-4-2
9892	1.812934828428958e-05	nocladesub22	255-101-252-104
9893	0.0003487917809492	nocladesub22	255-101-252-104
9894	4.154445748422309e-07	nocladesub22	255-101-252-104
9895	0.000652543854316	nocladesub22	255-101-252-104
9896	5.29580108749336e-07	nocladesub12	255-122-4-2
9897	2.3052217258722357e-05	clade6sub19	255-254-152-44
9898	3.94396036475948e-05	nocladesub22	255-101-252-104
9899	0.0006546431652501	nocladesub22	255-101-252-104
9900	0.0014550489198074	nocladesub22	255-101-252-104
9901	0.0572515441154808	nocladesub10	255-26-209-210
9902	0.0011280920163883	nocladesub10	255-26-209-210
9903	7.964945655345255e-05	nocladesub10	255-26-209-210
9904	1.2922238418782762e-08	nocladesub2	255-70-122-242
9905	1.2007199244885077e-08	nocladesub12	255-122-4-2
9906	1.4577997505221507e-05	nocladesub12	255-122-4-2
9907	4.195545998940302e-09	nocladesub2	255-70-122-242
9908	3.608369145810993e-07	nocladesub2	255-70-122-242
9909	2.837939098542293e-08	nocladesub2	255-70-122-242
9910	2.3735037493114293e-13	nocladesub12	255-122-4-2
9911	1.4836128546757971e-09	nocladesub12	255-122-4-2
9912	1.869798249435254e-09	nocladesub2	255-70-122-242
9913	1.0729417086394033e-05	nocladesub2	255-70-122-242
9914	0.000552938110339	nocladesub2	255-70-122-242
9915	8.957974976449877e-12	nocladesub2	255-70-122-242
9916	3.599954270283564e-06	nocladesub2	255-70-122-242
9917	0.0009437914266054	nocladesub22	255-101-252-104
9918	0.0011352577125703	nocladesub22	255-101-252-104
9919	0.0028345272349912	nocladesub22	255-101-252-104
9920	0.1362784779957003	nocladesub22	255-101-252-104
9921	0.3347689214881603	nocladesub22	255-101-252-104
9922	0.0009785334095873	nocladesub22	255-101-252-104
9923	0.0127367273639116	nocladesub26	255-217-56-6
9924	7.112378651746142e-06	nocladesub20	255-212-231-53
9925	1.1220513289304558e-08	nocladesub12	255-122-4-2
9926	6.273731557110751e-10	nocladesub22	255-101-252-104
9927	0.0336691958163219	nocladesub2	255-70-122-242
9928	3.16662799092259e-08	nocladesub2	255-70-122-242
9929	0.0003783126660803	nocladesub10	255-26-209-210
9930	0.4608091824453502	nocladesub10	255-26-209-210
9931	0.0007647115687352	nocladesub2	255-70-122-242
9932	0.064306154603573	nocladesub22	255-101-252-104
9933	0.1254145265055398	nocladesub22	255-101-252-104
9934	0.988012535500557	nocladesub22	255-101-252-104
9935	9.536284806807302e-06	nocladesub22	255-101-252-104
9936	0.0005230364930691	nocladesub20	255-212-231-53
9937	0.0001099948745932	nocladesub2	255-70-122-242
9938	0.0001682214487118	nocladesub22	255-101-252-104
9939	0.0015937233507967	nocladesub26	255-217-56-6
9940	3.826943493994833e-05	nocladesub20	255-212-231-53
9941	2.956986147221229e-06	nocladesub2	255-70-122-242
9942	2.336200915968137e-09	nocladesub12	255-122-4-2
9943	5.177181429872274e-08	nocladesub12	255-122-4-2
9944	1.290212211670454e-14	nocladesub12	255-122-4-2
9945	2.329681895689879e-09	nocladesub10	255-26-209-210
9946	0.0079206898147879	nocladesub2	255-70-122-242
9947	8.105208704365679e-14	nocladesub2	255-70-122-242
9948	2.85843703074171e-05	nocladesub2	255-70-122-242
9949	1.7613715632016654e-05	nocladesub2	255-70-122-242
9950	1.6677298148306665e-12	nocladesub12	255-122-4-2
9951	1.28729600248011e-07	nocladesub12	255-122-4-2
9952	1.0843350719299117e-18	nocladesub12	255-122-4-2
9953	1.4262488478264311e-09	nocladesub20	255-212-231-53
9954	0.0547851827381328	nocladesub12	255-122-4-2
9955	3.8528878257268297e-13	nocladesub20	255-212-231-53
9956	2.399775095134822e-09	nocladesub20	255-212-231-53
9957	9.90711729457266e-17	nocladesub12	255-122-4-2
9958	0.00206523194819	nocladesub12	255-122-4-2
9959	1.4760993053314192e-11	nocladesub20	255-212-231-53
9960	7.742789038759627e-12	nocladesub22	255-101-252-104
9961	1.6880055487338132e-06	nocladesub12	255-122-4-2
9962	3.873398062466627e-06	nocladesub12	255-122-4-2
9963	1.8115386780736581e-09	nocladesub12	255-122-4-2
9964	1.420089892906073e-09	nocladesub20	255-212-231-53
9965	5.030950459028812e-08	nocladesub12	255-122-4-2
9966	3.8001847341203776e-08	nocladesub2	255-70-122-242
9967	4.197366256180668e-05	nocladesub2	255-70-122-242
9968	1.202669316888484e-08	nocladesub12	255-122-4-2
9969	5.610887601744331e-15	nocladesub2	255-70-122-242
9970	1.1192725377787188e-07	nocladesub12	255-122-4-2
9971	3.864702825085608e-12	nocladesub12	255-122-4-2
9972	9.718112607656985e-14	nocladesub20	255-212-231-53
9973	3.053893804822696e-15	nocladesub2	255-70-122-242
9974	1.9496074498927347e-14	nocladesub22	255-101-252-104
9975	2.6601997531454065e-08	nocladesub22	255-101-252-104
9976	4.1471666352912996e-16	nocladesub22	255-101-252-104
9977	5.979564807089954e-17	nocladesub12	255-122-4-2
9978	2.351905249446077e-12	nocladesub20	255-212-231-53
9979	3.948802280930579e-07	nocladesub12	255-122-4-2
9980	1.460820202612197e-15	nocladesub12	255-122-4-2
9981	2.00066132903163e-10	nocladesub22	255-101-252-104
9982	1.7881183076969774e-14	nocladesub2	255-70-122-242
9983	3.1106033026039888e-12	nocladesub12	255-122-4-2
9984	0.0002378860903542	nocladesub22	255-101-252-104
9985	3.0676717969605895e-14	nocladesub2	255-70-122-242
9986	5.250855426742549e-05	nocladesub22	255-101-252-104
9987	1.055378137151742e-10	nocladesub2	255-70-122-242
9988	0.0001146083021824	nocladesub22	255-101-252-104
9989	0.0348588307026732	nocladesub2	255-70-122-242
9990	0.0248909500574003	nocladesub2	255-70-122-242
9991	2.9082453570236183e-06	nocladesub2	255-70-122-242
9992	7.581060536777513e-06	nocladesub2	255-70-122-242
9993	0.0001493494891069	nocladesub22	255-101-252-104
9994	0.0240864916042891	nocladesub10	255-26-209-210
9995	0.0001632084872661	nocladesub2	255-70-122-242
9996	2.1234469451227142e-14	nocladesub12	255-122-4-2
9997	2.867901930353209e-17	nocladesub20	255-212-231-53
9998	3.4908415490448606e-25	nocladesub20	255-212-231-53
9999	7.957558943639689e-23	nocladesub20	255-212-231-53
10000	2.110512641973203e-15	nocladesub12	255-122-4-2
10001	2.557057205730325e-23	nocladesub20	255-212-231-53
10002	3.1924792275627487e-20	nocladesub12	255-122-4-2
10003	3.45081245397039e-20	nocladesub12	255-122-4-2
10004	2.5001774059352456e-19	nocladesub20	255-212-231-53
10005	2.9071788006724575e-23	nocladesub10	255-26-209-210
10006	1.8843320601382278e-15	nocladesub12	255-122-4-2
10007	1.1218326482820904e-21	nocladesub20	255-212-231-53
10008	4.598256121203182e-17	nocladesub12	255-122-4-2
10009	1.2087072583545742e-20	nocladesub2	255-70-122-242
10010	4.7582553098056925e-18	nocladesub20	255-212-231-53
10011	3.848844964347876e-20	nocladesub20	255-212-231-53
10012	8.77267512950852e-21	nocladesub20	255-212-231-53
10013	2.7627109897058585e-14	nocladesub12	255-122-4-2
10014	2.3450247722830732e-17	nocladesub12	255-122-4-2
10015	3.739326546262136e-12	nocladesub12	255-122-4-2
10016	1.939304472800294e-12	nocladesub12	255-122-4-2
10017	1.4669353916731447e-09	nocladesub22	255-101-252-104
10018	0.0003766868593824	nocladesub20	255-212-231-53
10019	5.845082955147559e-06	nocladesub22	255-101-252-104
10020	1.4411293997641942e-08	nocladesub12	255-122-4-2
10021	5.2426756522924345e-09	nocladesub22	255-101-252-104
10022	1.141108914851778e-09	nocladesub22	255-101-252-104
10023	2.0283079726745493e-06	nocladesub22	255-101-252-104
10024	1.7580102375547412e-05	nocladesub22	255-101-252-104
10025	0.0002504222595024	nocladesub12	255-122-4-2
10026	0.1161650742307221	nocladesub22	255-101-252-104
10027	2.524901915346876e-07	nocladesub22	255-101-252-104
10028	0.0078562880268749	nocladesub22	255-101-252-104
10029	8.329068507865635e-08	nocladesub20	255-212-231-53
10030	9.66560287230676e-07	nocladesub2	255-70-122-242
10031	0.0458477767578321	nocladesub2	255-70-122-242
10032	0.078365995757358	nocladesub2	255-70-122-242
10033	0.0031567978169336	nocladesub2	255-70-122-242
10034	0.108328589146524	nocladesub22	255-101-252-104
10035	0.0021063018379211	nocladesub22	255-101-252-104
10036	9.233633147515038e-05	nocladesub20	255-212-231-53
10037	0.0006533934693662	nocladesub20	255-212-231-53
10038	0.0075085182090372	nocladesub20	255-212-231-53
10039	6.244614865777026e-08	clade6sub19	255-254-152-44
10040	2.7636286777781114e-08	clade6sub19	255-254-152-44
10041	1.7135172538364635e-09	nocladesub20	255-212-231-53
10042	2.59406720853527e-10	nocladesub20	255-212-231-53
10043	1.5621380910068681e-12	nocladesub12	255-122-4-2
10044	8.872255182362545e-16	nocladesub20	255-212-231-53
10045	7.253747646288687e-15	nocladesub12	255-122-4-2
10046	7.062864481783513e-06	nocladesub22	255-101-252-104
10047	2.3648605614960447e-12	nocladesub12	255-122-4-2
10048	5.375557819384674e-16	nocladesub12	255-122-4-2
10049	8.211163960704277e-08	nocladesub12	255-122-4-2
10050	1.580971787770899e-12	nocladesub20	255-212-231-53
10051	5.17910658411568e-08	nocladesub12	255-122-4-2
10052	1.1999605334092951e-09	nocladesub12	255-122-4-2
10053	2.9452984793919734e-08	nocladesub12	255-122-4-2
10054	1.6219553200915578e-10	nocladesub12	255-122-4-2
10055	4.964498668621225e-07	nocladesub12	255-122-4-2
10056	3.9808761923981896e-08	nocladesub12	255-122-4-2
10057	2.564514888931533e-10	nocladesub2	255-70-122-242
10058	1.1832712493954636e-11	nocladesub12	255-122-4-2
10059	7.206400335139139e-11	nocladesub2	255-70-122-242
10060	1.436195627294789e-06	nocladesub2	255-70-122-242
10061	8.416574962076816e-08	nocladesub2	255-70-122-242
10062	5.5072399047162526e-05	nocladesub22	255-101-252-104
10063	4.620913731529097e-07	nocladesub20	255-212-231-53
10064	2.1908064419116e-08	nocladesub12	255-122-4-2
10065	2.3451331988232298e-06	nocladesub12	255-122-4-2
10066	2.125959500170575e-05	nocladesub20	255-212-231-53
10067	6.013290426188947e-05	nocladesub12	255-122-4-2
10068	0.0050875327136069	nocladesub22	255-101-252-104
10069	8.176438337142184e-10	nocladesub2	255-70-122-242
10070	7.760976643298127e-09	nocladesub12	255-122-4-2
10071	0.0007991952083503	nocladesub10	255-26-209-210
10072	1.4719638008500208e-11	nocladesub12	255-122-4-2
10073	5.863708524510364e-15	nocladesub12	255-122-4-2
10074	2.800344359829634e-11	nocladesub20	255-212-231-53
10075	3.624335520266757e-11	clade6sub19	255-254-152-44
10076	3.3728169985822365e-14	nocladesub2	255-70-122-242
10077	5.3231081463145815e-11	nocladesub2	255-70-122-242
10078	9.579579109332085e-08	nocladesub2	255-70-122-242
10079	4.038050063555512e-06	nocladesub20	255-212-231-53
10080	2.5789748822423937e-06	nocladesub2	255-70-122-242
10081	1.5387063754187048e-12	nocladesub12	255-122-4-2
10082	3.4647705344939654e-13	nocladesub2	255-70-122-242
10083	4.3831195268734415e-11	nocladesub12	255-122-4-2
10084	1.3083304281620148e-10	nocladesub12	255-122-4-2
10085	5.332211667555006e-07	nocladesub22	255-101-252-104
10086	5.9633608815958e-11	nocladesub2	255-70-122-242
10087	2.1553565583520665e-11	nocladesub2	255-70-122-242
10088	1.069968320909906e-07	nocladesub22	255-101-252-104
10089	7.883859695856271e-09	nocladesub22	255-101-252-104
10090	1.0460300103101582e-08	nocladesub2	255-70-122-242
10091	0.0004224513249247	nocladesub2	255-70-122-242
10092	1.5259060363466789e-06	nocladesub12	255-122-4-2
10093	5.100995979148153e-05	nocladesub22	255-101-252-104
10094	4.282487926572784e-05	nocladesub12	255-122-4-2
10095	0.1015829099330627	nocladesub22	255-101-252-104
10096	0.0043154019155168	nocladesub22	255-101-252-104
10097	0.021878357976683	clade6sub19	255-254-152-44
10098	0.5925527317041325	nocladesub2	255-70-122-242
10099	1.0970289176276826e-06	nocladesub22	255-101-252-104
10100	9.110135492035269e-08	nocladesub2	255-70-122-242
10101	0.0002498878033333	nocladesub22	255-101-252-104
10102	0.0024649651324148	nocladesub22	255-101-252-104
10103	0.002250363799058	nocladesub2	255-70-122-242
10104	7.511207147673793e-05	nocladesub22	255-101-252-104
10105	0.0053331624848042	nocladesub22	255-101-252-104
10106	0.7777376222803757	nocladesub22	255-101-252-104
10107	0.2561981707626128	nocladesub22	255-101-252-104
10108	0.2945635492448189	nocladesub22	255-101-252-104
10109	0.0099433656529572	nocladesub20	255-212-231-53
10110	0.0028359664300014	nocladesub22	255-101-252-104
10111	0.0004625747891647	clade6sub19	255-254-152-44
10112	0.0106904410705672	nocladesub12	255-122-4-2
10113	0.0704831266882297	nocladesub12	255-122-4-2
10114	0.002055719229433	clade6sub19	255-254-152-44
10115	0.0007019117221524	nocladesub22	255-101-252-104
10116	0.0025535129168747	clade6sub19	255-254-152-44
10117	0.0002187980160997	nocladesub26	255-217-56-6
10118	0.0134728172798636	nocladesub12	255-122-4-2
10119	4.398069125751214e-05	nocladesub2	255-70-122-242
10120	0.0004391276176916	nocladesub2	255-70-122-242
10121	0.001786254980108	nocladesub2	255-70-122-242
10122	0.0080046127652971	nocladesub2	255-70-122-242
10123	0.0002186923077232	clade6sub19	255-254-152-44
10124	0.0035185088150231	nocladesub2	255-70-122-242
10125	0.1108444793335971	nocladesub2	255-70-122-242
10126	4.842674068270733e-05	nocladesub2	255-70-122-242
10127	0.0165248315602208	nocladesub2	255-70-122-242
10128	0.0006327001236874	nocladesub2	255-70-122-242
10129	0.0009954381868208	nocladesub2	255-70-122-242
10130	3.6411681933199415e-08	nocladesub12	255-122-4-2
10131	0.0095059433743839	nocladesub12	255-122-4-2
10132	5.080229049123087e-17	nocladesub12	255-122-4-2
10133	2.62268168170991e-13	nocladesub20	255-212-231-53
10134	0.0793042661349717	clade6sub19	255-254-152-44
10135	8.156313242197485e-09	nocladesub12	255-122-4-2
10136	8.818505895648064e-11	nocladesub12	255-122-4-2
10137	4.2259130641002615e-08	nocladesub12	255-122-4-2
10138	9.086577089570885e-13	nocladesub20	255-212-231-53
10139	3.436151943367958e-07	nocladesub12	255-122-4-2
10140	2.6293706455869515e-05	nocladesub12	255-122-4-2
10141	2.572390735395668e-09	nocladesub2	255-70-122-242
10142	5.002871847184223e-14	nocladesub22	255-101-252-104
10143	0.0003472453368429	clade6sub19	255-254-152-44
10144	0.2695252052815738	nocladesub2	255-70-122-242
10145	0.0018821531942611	nocladesub12	255-122-4-2
10146	8.443647378478327e-11	nocladesub2	255-70-122-242
10147	3.5141075697020024e-05	nocladesub2	255-70-122-242
10148	0.0110273919852062	nocladesub2	255-70-122-242
10149	1.914760473415628e-06	nocladesub12	255-122-4-2
10150	2.642329563112101e-08	nocladesub2	255-70-122-242
10151	1.0276169458367248e-06	nocladesub20	255-212-231-53
10152	1.6392745600801404e-08	nocladesub22	255-101-252-104
10153	5.043846297252646e-09	nocladesub2	255-70-122-242
10154	7.018207274847418e-06	nocladesub2	255-70-122-242
10155	0.0003513659143504	nocladesub2	255-70-122-242
10156	5.554915352727618e-05	nocladesub2	255-70-122-242
10157	0.056118835866571	nocladesub2	255-70-122-242
10158	7.0069405163292025e-06	nocladesub12	255-122-4-2
10159	4.471597199603016e-08	nocladesub20	255-212-231-53
10160	7.832235293007327e-09	nocladesub12	255-122-4-2
10161	4.977935364174386e-18	nocladesub12	255-122-4-2
10162	1.4879768799632549e-10	nocladesub12	255-122-4-2
10163	1.28463877139398e-07	nocladesub12	255-122-4-2
10164	1.818341550382166e-08	nocladesub12	255-122-4-2
10165	1.431579468791807e-17	nocladesub12	255-122-4-2
10166	2.0451676414503544e-15	nocladesub20	255-212-231-53
10167	1.4633882606160088e-13	nocladesub12	255-122-4-2
10168	4.985228552111141e-16	nocladesub12	255-122-4-2
10169	1.1220163180453178e-05	nocladesub20	255-212-231-53
10170	1.3976697506417038e-12	nocladesub12	255-122-4-2
10171	4.115762578175417e-11	nocladesub12	255-122-4-2
10172	2.5233343207325142e-14	nocladesub12	255-122-4-2
10173	8.029303581068356e-13	nocladesub20	255-212-231-53
10174	2.4338241324244254e-15	nocladesub12	255-122-4-2
10175	8.005382532243711e-17	nocladesub2	255-70-122-242
10176	8.029303581068356e-13	nocladesub20	255-212-231-53
10177	1.0832879145535453e-12	nocladesub20	255-212-231-53
10178	1.5747590483237032e-11	nocladesub22	255-101-252-104
10179	5.621572490151196e-09	nocladesub22	255-101-252-104
10180	6.820418957994348e-10	nocladesub22	255-101-252-104
10181	6.222382320847357e-08	nocladesub2	255-70-122-242
10182	8.602845325712814e-07	nocladesub22	255-101-252-104
10183	0.0001126814641461	nocladesub22	255-101-252-104
10184	7.781453616202982e-05	nocladesub26	255-217-56-6
10185	2.0479797756590163e-06	nocladesub12	255-122-4-2
10186	0.0002288776739677	nocladesub2	255-70-122-242
10187	9.763260992033942e-06	nocladesub20	255-212-231-53
10188	1.1811043785592573e-07	nocladesub22	255-101-252-104
10189	0.0017498522588819	nocladesub2	255-70-122-242
10190	0.007342906139204	nocladesub22	255-101-252-104
10191	8.168704546155148e-07	nocladesub22	255-101-252-104
10192	3.599333169485363e-08	nocladesub2	255-70-122-242
10193	0.0017555289348117	nocladesub12	255-122-4-2
10194	0.0259228240961413	nocladesub22	255-101-252-104
10195	0.2496594222427357	nocladesub22	255-101-252-104
10196	0.0076264070284716	nocladesub2	255-70-122-242
10197	0.0425361499007354	nocladesub2	255-70-122-242
10198	0.0261789482059376	nocladesub2	255-70-122-242
10199	0.0174141613047408	nocladesub22	255-101-252-104
10200	3.6299472293917035e-09	nocladesub20	255-212-231-53
10201	2.3899524577725832e-11	nocladesub20	255-212-231-53
10202	1.2238811070663132e-06	nocladesub12	255-122-4-2
10203	3.777693661633394e-08	nocladesub12	255-122-4-2
10204	5.669738601394801e-13	nocladesub12	255-122-4-2
10205	1.7247656758275056e-09	nocladesub12	255-122-4-2
10206	3.2378413459379453e-12	nocladesub22	255-101-252-104
10207	0.0002798562270498	nocladesub22	255-101-252-104
10208	4.6396633573801525e-09	nocladesub12	255-122-4-2
10209	4.316312564090668e-06	nocladesub2	255-70-122-242
10210	4.029112590258394e-10	nocladesub12	255-122-4-2
10211	1.1450428281610864e-08	nocladesub2	255-70-122-242
10212	1.3716514464752897e-07	nocladesub12	255-122-4-2
10213	1.656677512592986e-13	nocladesub22	255-101-252-104
10214	3.2993923767344537e-10	nocladesub12	255-122-4-2
10215	1.3504113137264708e-12	nocladesub12	255-122-4-2
10216	2.7570341812005165e-10	nocladesub22	255-101-252-104
10217	8.376216066469247e-09	nocladesub12	255-122-4-2
10218	3.948590325725738e-09	nocladesub12	255-122-4-2
10219	2.2532790459417327e-06	nocladesub22	255-101-252-104
10220	3.145581477203003e-07	nocladesub12	255-122-4-2
10221	4.296824055804797e-07	nocladesub2	255-70-122-242
10222	2.297508807153991e-06	nocladesub22	255-101-252-104
10223	0.0003987885388925	nocladesub22	255-101-252-104
10224	2.400686053754161e-05	nocladesub20	255-212-231-53
10225	8.19315091867575e-06	nocladesub20	255-212-231-53
10226	0.0003155548637657	nocladesub20	255-212-231-53
10227	0.5858956921863514	nocladesub20	255-212-231-53
10228	3.874842401161264e-05	nocladesub22	255-101-252-104
10229	0.1556355157793247	nocladesub22	255-101-252-104
10230	2.0248427815572583e-05	nocladesub12	255-122-4-2
10231	0.0193392732441308	nocladesub22	255-101-252-104
10232	6.565920809789621e-06	nocladesub22	255-101-252-104
10233	5.802305547657839e-10	nocladesub12	255-122-4-2
10234	1.5359255875570255e-06	nocladesub20	255-212-231-53
10235	4.24656984941241e-05	nocladesub12	255-122-4-2
10236	0.0001074002229457	nocladesub22	255-101-252-104
10237	0.0014405875947896	nocladesub22	255-101-252-104
10238	0.0052395887026205	nocladesub22	255-101-252-104
10239	4.120897145152627e-09	clade6sub19	255-254-152-44
10240	2.505393890570575e-07	nocladesub12	255-122-4-2
10241	1.3596059200445912e-13	nocladesub12	255-122-4-2
10242	1.2725852508052264e-18	nocladesub12	255-122-4-2
10243	8.364681198796347e-07	clade6sub19	255-254-152-44
10244	1.4293814823801114e-12	nocladesub12	255-122-4-2
10245	1.6491119733353949e-19	nocladesub12	255-122-4-2
10246	2.090477834188401e-13	nocladesub12	255-122-4-2
10247	4.385744278119571e-15	nocladesub12	255-122-4-2
10248	1.0827364492706916e-20	nocladesub12	255-122-4-2
10249	2.461315266687574e-12	nocladesub12	255-122-4-2
10250	2.0407607513845585e-13	nocladesub12	255-122-4-2
10251	1.145789645263788e-12	nocladesub12	255-122-4-2
10252	1.0378113006437e-13	nocladesub12	255-122-4-2
10253	3.3764597291090114e-14	nocladesub22	255-101-252-104
10254	4.006578168867044e-11	nocladesub20	255-212-231-53
10255	1.3015791673520404e-11	nocladesub12	255-122-4-2
10256	6.389902385303775e-10	nocladesub2	255-70-122-242
10257	7.255264453212754e-08	nocladesub22	255-101-252-104
10258	7.91028147154565e-06	nocladesub22	255-101-252-104
10259	8.496084295645819e-05	nocladesub22	255-101-252-104
10260	0.0004004657873814	nocladesub22	255-101-252-104
10261	0.0055337530949399	nocladesub22	255-101-252-104
10262	0.0037850052019033	nocladesub2	255-70-122-242
10263	2.4533952470572367e-05	nocladesub2	255-70-122-242
10264	6.25662002440381e-05	nocladesub12	255-122-4-2
10265	0.007459661828104	nocladesub22	255-101-252-104
10266	2.905707426592915e-05	nocladesub2	255-70-122-242
10267	4.915679295614936e-06	nocladesub20	255-212-231-53
10268	6.257193067574581e-07	nocladesub22	255-101-252-104
10269	0.0392229804737078	nocladesub22	255-101-252-104
10270	0.0001887391874905	nocladesub22	255-101-252-104
10271	8.619186017140601e-08	nocladesub22	255-101-252-104
10272	0.0002825622867655	nocladesub22	255-101-252-104
10273	4.595661108503875e-06	nocladesub12	255-122-4-2
10274	0.0006599177199719	nocladesub22	255-101-252-104
10275	0.0001017217241499	nocladesub22	255-101-252-104
10276	0.0043288750909514	nocladesub2	255-70-122-242
10277	0.0001924403304857	nocladesub2	255-70-122-242
10278	0.0914169812745081	nocladesub2	255-70-122-242
10279	0.0020565480615865	nocladesub2	255-70-122-242
10280	0.0061885491478741	nocladesub26	255-217-56-6
10281	6.7226127293308914e-06	nocladesub12	255-122-4-2
10282	0.016821984680735	nocladesub22	255-101-252-104
10283	0.0071595075266902	nocladesub20	255-212-231-53
10284	0.5899390252945422	nocladesub26	255-217-56-6
10285	0.0126628378562555	nocladesub2	255-70-122-242
10286	0.0001829038251062	nocladesub22	255-101-252-104
10287	0.0007049837953055	nocladesub2	255-70-122-242
10288	0.2401599215952742	nocladesub2	255-70-122-242
10289	0.0084403494183111	nocladesub26	255-217-56-6
10290	0.0243880428921769	nocladesub2	255-70-122-242
10291	0.0109407625278852	nocladesub12	255-122-4-2
10292	0.0004442506871712	nocladesub12	255-122-4-2
10293	5.031109196582377e-08	clade6sub19	255-254-152-44
10294	0.0002253376951698	nocladesub2	255-70-122-242
10295	5.004848265871906e-07	nocladesub2	255-70-122-242
10296	2.021670956095412e-05	nocladesub2	255-70-122-242
10297	0.0106393631574245	nocladesub2	255-70-122-242
10298	0.0003614892921583	nocladesub2	255-70-122-242
10299	0.0001598545136786	nocladesub2	255-70-122-242
10300	1.163225684902248e-05	nocladesub2	255-70-122-242
10301	0.0001798367538532	nocladesub2	255-70-122-242
10302	0.0292736574306179	nocladesub2	255-70-122-242
10303	0.3436234046036876	nocladesub20	255-212-231-53
10304	7.050064531657607e-06	nocladesub2	255-70-122-242
10305	0.0930933898254916	nocladesub20	255-212-231-53
10306	2.226183556328713e-05	nocladesub2	255-70-122-242
10307	1.859843358672274e-05	nocladesub26	255-217-56-6
10308	1.5952553643937393e-08	nocladesub12	255-122-4-2
10309	1.6576983578380755e-13	nocladesub2	255-70-122-242
10310	1.634971936752262e-05	nocladesub2	255-70-122-242
10311	8.595064526104119e-08	nocladesub12	255-122-4-2
10312	0.0011887129323493	nocladesub2	255-70-122-242
10313	1.1506679046243102e-06	nocladesub10	255-26-209-210
10314	0.0012972611708117	nocladesub12	255-122-4-2
10315	1.0211599078807451e-09	nocladesub12	255-122-4-2
10316	3.084335262135438e-06	nocladesub2	255-70-122-242
10317	7.745536862403528e-05	nocladesub2	255-70-122-242
10318	1.4268590557366996e-06	nocladesub2	255-70-122-242
10319	1.3777603307528407e-09	nocladesub2	255-70-122-242
10320	0.1771136739366088	nocladesub2	255-70-122-242
10321	0.0626822193044611	nocladesub2	255-70-122-242
10322	1.0548285679324176e-11	nocladesub2	255-70-122-242
10323	2.7625244360646876e-10	nocladesub2	255-70-122-242
10324	1.0152257806292214e-08	nocladesub20	255-212-231-53
10325	7.193374235827023e-11	nocladesub2	255-70-122-242
10326	0.0101419112226267	nocladesub2	255-70-122-242
10327	0.0002099520083834	nocladesub2	255-70-122-242
10328	0.0024526894066273	nocladesub2	255-70-122-242
10329	3.9947701272012735e-08	nocladesub2	255-70-122-242
10330	1.6019491437366245e-05	nocladesub2	255-70-122-242
10331	7.322358508469902e-06	nocladesub2	255-70-122-242
10332	0.0007490552111206	clade6sub19	255-254-152-44
10333	0.000297133708117	nocladesub12	255-122-4-2
10334	0.0001980991487607	nocladesub12	255-122-4-2
10335	0.0026436264365424	nocladesub20	255-212-231-53
10336	8.260146413251181e-11	nocladesub12	255-122-4-2
10337	5.5224793781109375e-15	nocladesub12	255-122-4-2
10338	1.6345365314826347e-16	nocladesub12	255-122-4-2
10339	1.683589669843522e-09	nocladesub20	255-212-231-53
10340	1.5742678836041433e-19	nocladesub12	255-122-4-2
10341	3.5660464230346936e-11	nocladesub12	255-122-4-2
10342	1.137495992115204e-10	nocladesub12	255-122-4-2
10343	1.9161210861896535e-10	nocladesub20	255-212-231-53
10344	1.3351530558336403e-10	nocladesub12	255-122-4-2
10345	2.630964592295864e-11	nocladesub20	255-212-231-53
10346	1.863478233186568e-09	clade6sub19	255-254-152-44
10347	5.541952462029198e-10	nocladesub26	255-217-56-6
10348	4.608667242368679e-12	nocladesub2	255-70-122-242
10349	7.798828339529685e-06	clade6sub19	255-254-152-44
10350	7.977515147501713e-06	nocladesub2	255-70-122-242
10351	8.419416454537827e-05	nocladesub22	255-101-252-104
10352	2.405445487998607e-05	nocladesub10	255-26-209-210
10353	0.179286649150805	nocladesub2	255-70-122-242
10354	0.0012809144061831	nocladesub22	255-101-252-104
10355	0.118256673562978	nocladesub2	255-70-122-242
10356	0.2398229824100907	nocladesub2	255-70-122-242
10357	0.0002262495729116	nocladesub2	255-70-122-242
10358	0.0129930241606479	nocladesub2	255-70-122-242
10359	5.339007261246688e-07	nocladesub22	255-101-252-104
10360	0.0053919539570935	nocladesub22	255-101-252-104
10361	0.0601071571928644	nocladesub10	255-26-209-210
10362	1.3352593222164567e-06	nocladesub12	255-122-4-2
10363	0.0010119699326824	nocladesub12	255-122-4-2
10364	1.6066206220352833e-12	nocladesub22	255-101-252-104
10365	0.0467057290561323	nocladesub12	255-122-4-2
10366	5.238638766395974e-12	nocladesub22	255-101-252-104
10367	4.5777787184866375e-09	nocladesub12	255-122-4-2
10368	3.4283264550989845e-08	nocladesub12	255-122-4-2
10369	2.332820341826935e-05	nocladesub12	255-122-4-2
10370	1.8616909273130339e-07	nocladesub22	255-101-252-104
10371	1.293343609465318e-07	nocladesub22	255-101-252-104
10372	2.601718692413991e-06	nocladesub22	255-101-252-104
10373	7.1206633908795775e-06	nocladesub12	255-122-4-2
10374	1.270268572332741e-07	nocladesub22	255-101-252-104
10375	5.720401356027791e-06	nocladesub22	255-101-252-104
10376	4.0052764206588606e-07	nocladesub22	255-101-252-104
10377	6.007143404193725e-07	nocladesub22	255-101-252-104
10378	1.0992338082122318e-05	nocladesub2	255-70-122-242
10379	0.0023944822937893	nocladesub22	255-101-252-104
10380	0.1931668183840318	nocladesub20	255-212-231-53
10381	0.0018095854352407	nocladesub22	255-101-252-104
10382	0.0024015164902992	nocladesub22	255-101-252-104
10383	0.0104495381797447	nocladesub22	255-101-252-104
10384	0.6287063604904928	nocladesub22	255-101-252-104
10385	0.0012159615701724	nocladesub22	255-101-252-104
10386	0.0003183463009278	nocladesub22	255-101-252-104
10387	3.029290389206369e-06	nocladesub22	255-101-252-104
10388	3.8537627059879055e-06	nocladesub22	255-101-252-104
10389	0.0002556462149014	nocladesub22	255-101-252-104
10390	0.0072264885987397	nocladesub22	255-101-252-104
10391	0.0007058123069342	nocladesub22	255-101-252-104
10392	6.047973336507382e-07	nocladesub12	255-122-4-2
10393	9.343199679532821e-08	nocladesub2	255-70-122-242
10394	0.0058006402067057	nocladesub10	255-26-209-210
10395	4.912854611143945e-06	clade6sub19	255-254-152-44
10396	2.5649233251849973e-13	nocladesub12	255-122-4-2
10397	5.5873396022419454e-08	nocladesub2	255-70-122-242
10398	3.828617122123659e-11	nocladesub2	255-70-122-242
10399	1.266065879067544e-09	nocladesub12	255-122-4-2
10400	5.4880653469031436e-14	nocladesub12	255-122-4-2
10401	4.676332354057982e-15	nocladesub12	255-122-4-2
10402	7.280160889405943e-15	nocladesub12	255-122-4-2
10403	2.687505258629448e-09	nocladesub2	255-70-122-242
10404	1.1272689508981537e-16	nocladesub12	255-122-4-2
10405	8.274823680332213e-08	nocladesub2	255-70-122-242
10406	2.2629127354502388e-11	nocladesub22	255-101-252-104
10407	5.6640620863710115e-12	nocladesub22	255-101-252-104
10408	0.0001499246931204	nocladesub22	255-101-252-104
10409	0.024522373352741	nocladesub2	255-70-122-242
10410	0.028370711446689	nocladesub2	255-70-122-242
10411	1.275166464537791e-07	nocladesub22	255-101-252-104
10412	1.8582028555130905e-05	nocladesub22	255-101-252-104
10413	1.0809927348465463e-05	nocladesub20	255-212-231-53
10414	0.0042722836123156	nocladesub2	255-70-122-242
10415	1.1318560313614738e-10	nocladesub12	255-122-4-2
10416	1.6036290878626908e-08	nocladesub22	255-101-252-104
10417	6.000483761580025e-13	nocladesub22	255-101-252-104
10418	6.352599571414301e-07	nocladesub12	255-122-4-2
10419	0.0001519708890724	nocladesub22	255-101-252-104
10420	0.0022239102436375	nocladesub22	255-101-252-104
10421	0.0056177110375747	nocladesub22	255-101-252-104
10422	0.1001259820343476	nocladesub22	255-101-252-104
10423	0.0043045616232426	nocladesub22	255-101-252-104
10424	2.4215585146945337e-05	nocladesub22	255-101-252-104
10425	0.0001103472891812	nocladesub2	255-70-122-242
10426	2.336085233672121e-05	nocladesub10	255-26-209-210
10427	1.2299313334668215e-10	nocladesub2	255-70-122-242
10428	0.000320922327574	nocladesub2	255-70-122-242
10429	1.111216407613205e-09	nocladesub22	255-101-252-104
10430	1.130300022600922e-05	nocladesub2	255-70-122-242
10431	3.456085608528329e-09	nocladesub22	255-101-252-104
10432	0.0004726700552088	nocladesub2	255-70-122-242
10433	0.0002266804954874	nocladesub22	255-101-252-104
10434	8.869413939328474e-08	nocladesub12	255-122-4-2
10435	3.666039597102855e-05	nocladesub22	255-101-252-104
10436	2.1914196059017934e-06	nocladesub12	255-122-4-2
10437	0.001040425358948	nocladesub22	255-101-252-104
10438	3.8949434100900696e-06	nocladesub22	255-101-252-104
10439	0.007007007007328	clade6sub19	255-254-152-44
10440	0.0200527481112668	nocladesub22	255-101-252-104
10441	0.0003567870291959	nocladesub22	255-101-252-104
10442	0.00196033687323	nocladesub22	255-101-252-104
10443	0.021521555169002	nocladesub22	255-101-252-104
10444	1.022642213343635e-07	nocladesub20	255-212-231-53
10445	0.89881209484027	nocladesub2	255-70-122-242
10446	0.0059382501657144	nocladesub2	255-70-122-242
10447	0.0468200853967435	nocladesub2	255-70-122-242
10448	0.0041275585050216	nocladesub12	255-122-4-2
10449	0.0052890517899663	nocladesub12	255-122-4-2
10450	0.0042122730899749	nocladesub12	255-122-4-2
10451	1.6571121006881445e-07	nocladesub20	255-212-231-53
10452	0.0006403215475796	clade6sub19	255-254-152-44
10453	1.74622925298622e-06	nocladesub20	255-212-231-53
10454	3.676980504797183e-06	nocladesub2	255-70-122-242
10455	0.0509061097427476	clade6sub19	255-254-152-44
10456	0.3684988546922312	nocladesub2	255-70-122-242
10457	0.0013877020438991	nocladesub2	255-70-122-242
10458	0.0003194134512058	nocladesub2	255-70-122-242
10459	0.0396798602312101	nocladesub2	255-70-122-242
10460	4.6356674733552696e-05	nocladesub20	255-212-231-53
10461	0.0017012917816431	nocladesub20	255-212-231-53
10462	0.000449679323561	nocladesub2	255-70-122-242
10463	2.208705545837428e-07	nocladesub2	255-70-122-242
10464	0.0753349326434005	nocladesub12	255-122-4-2
10465	1.3053820185452704e-05	nocladesub2	255-70-122-242
10466	0.0001014426602377	nocladesub2	255-70-122-242
10467	0.0002090983191583	nocladesub2	255-70-122-242
10468	0.005418297262575	clade6sub19	255-254-152-44
10469	0.0010359252769548	nocladesub2	255-70-122-242
10470	0.0393370902165582	nocladesub12	255-122-4-2
10471	0.065126300237208	nocladesub12	255-122-4-2
10472	0.0128296968857074	nocladesub2	255-70-122-242
10473	0.0002042053552784	nocladesub12	255-122-4-2
10474	4.5254574641413456e-08	nocladesub12	255-122-4-2
10475	3.419438871016167e-13	nocladesub20	255-212-231-53
10476	4.230793631916172e-12	nocladesub20	255-212-231-53
10477	4.344842547355611e-09	nocladesub12	255-122-4-2
10478	1.806840500752515e-09	nocladesub2	255-70-122-242
10479	9.846705173048588e-06	nocladesub20	255-212-231-53
10480	0.0088575408445688	nocladesub10	255-26-209-210
10481	1.8720891469655537e-06	nocladesub2	255-70-122-242
10482	0.0086711206086397	nocladesub2	255-70-122-242
10483	0.0033762307264802	nocladesub2	255-70-122-242
10484	0.0001183998522019	nocladesub2	255-70-122-242
10485	4.700361779271556e-06	nocladesub2	255-70-122-242
10486	8.624311727180624e-06	nocladesub2	255-70-122-242
10487	0.020505441265133	nocladesub2	255-70-122-242
10488	0.0002553757586177	nocladesub22	255-101-252-104
10489	1.190097810108599e-05	nocladesub2	255-70-122-242
10490	0.0020340976328118	nocladesub12	255-122-4-2
10491	2.4726799495886062e-06	nocladesub12	255-122-4-2
10492	3.7137238623544725e-05	nocladesub20	255-212-231-53
10493	6.563547351590171e-06	nocladesub22	255-101-252-104
10494	0.0001068311314978	nocladesub22	255-101-252-104
10495	1.2448817261805082e-05	nocladesub2	255-70-122-242
10496	2.804872278417645e-09	nocladesub22	255-101-252-104
10497	5.789091114489543e-05	nocladesub22	255-101-252-104
10498	1.3752621957605117e-06	nocladesub20	255-212-231-53
10499	1.1326690077192151e-06	nocladesub20	255-212-231-53
10500	0.0001005047419747	nocladesub20	255-212-231-53
10501	8.988652239615528e-12	nocladesub20	255-212-231-53
10502	9.851626430334218e-12	clade6sub19	255-254-152-44
10503	6.182765117719651e-10	nocladesub20	255-212-231-53
10504	6.936835786294863e-06	nocladesub22	255-101-252-104
10505	0.1979789926853337	nocladesub2	255-70-122-242
10506	0.0015991673031015	nocladesub2	255-70-122-242
10507	0.0012172946462331	nocladesub2	255-70-122-242
10508	0.0012097377397334	nocladesub2	255-70-122-242
10509	0.0006548798902267	nocladesub2	255-70-122-242
10510	7.929799641103804e-05	nocladesub2	255-70-122-242
10511	2.295946508966197e-08	nocladesub12	255-122-4-2
10512	3.672983879525444e-07	nocladesub22	255-101-252-104
10513	0.0001303973570138	nocladesub2	255-70-122-242
10514	0.0005239382788716	nocladesub2	255-70-122-242
10516	2.1999920550542853e-06	nocladesub12	255-122-4-2
10517	5.193228567948996e-08	nocladesub2	255-70-122-242
10518	0.0052410933470618	nocladesub12	255-122-4-2
10519	3.4130093854884226e-05	nocladesub12	255-122-4-2
10520	0.000129168592814	nocladesub20	255-212-231-53
10521	1.951529691943707e-09	nocladesub12	255-122-4-2
10522	1.104359588536909e-06	nocladesub20	255-212-231-53
10523	2.752476436043019e-06	nocladesub26	255-217-56-6
10524	0.018605220140843	nocladesub20	255-212-231-53
10525	0.0021901536604997	nocladesub22	255-101-252-104
10526	0.105485553694054	nocladesub20	255-212-231-53
10527	0.0002815271638574	nocladesub22	255-101-252-104
10528	0.002087732781411	nocladesub22	255-101-252-104
10529	0.0306794857057868	nocladesub22	255-101-252-104
10530	1.1771005246724189e-07	nocladesub22	255-101-252-104
10531	0.000758402260638	nocladesub22	255-101-252-104
10532	0.0055459786349571	nocladesub22	255-101-252-104
10533	0.0033484812861371	nocladesub22	255-101-252-104
10534	0.0005394661506222	nocladesub22	255-101-252-104
10535	0.4968773830818626	nocladesub22	255-101-252-104
10536	0.7885631905304644	nocladesub22	255-101-252-104
10537	1.9557811915104957e-09	nocladesub22	255-101-252-104
10538	0.0037741854887303	nocladesub22	255-101-252-104
10539	0.0109618129015244	nocladesub22	255-101-252-104
10540	1.1710672592616528e-05	nocladesub20	255-212-231-53
10541	6.372587105170336e-05	nocladesub2	255-70-122-242
10542	0.085652055598539	clade6sub19	255-254-152-44
10543	1.5426114148533017e-05	nocladesub2	255-70-122-242
10544	1.1736338471524382e-08	nocladesub2	255-70-122-242
10545	6.32211664347838e-11	nocladesub20	255-212-231-53
10546	3.8837142581625724e-10	nocladesub12	255-122-4-2
10547	1.7634181457967247e-10	nocladesub2	255-70-122-242
10548	3.1420342245606364e-15	nocladesub2	255-70-122-242
10549	1.9526380188807803e-10	nocladesub2	255-70-122-242
10550	0.0257400263426458	nocladesub20	255-212-231-53
10551	1.840734040987067e-05	nocladesub2	255-70-122-242
10552	0.0001212920525639	nocladesub22	255-101-252-104
10553	0.0031533126315067	nocladesub22	255-101-252-104
10554	0.0166586249655188	nocladesub2	255-70-122-242
10555	1.4520218270483112e-10	nocladesub12	255-122-4-2
10556	0.0012188885725814	nocladesub22	255-101-252-104
10557	6.630932634230104e-08	nocladesub12	255-122-4-2
10558	8.107758056958782e-07	nocladesub22	255-101-252-104
10560	0.0005247176442541	nocladesub22	255-101-252-104
10561	5.956786258870101e-06	nocladesub12	255-122-4-2
10562	0.0033271176031755	nocladesub22	255-101-252-104
10563	0.017128101900474	nocladesub22	255-101-252-104
10564	0.002344715397521	nocladesub22	255-101-252-104
10565	2.246265932132709e-05	nocladesub22	255-101-252-104
10566	0.0028767780835334	nocladesub2	255-70-122-242
10567	0.0001748715478745	nocladesub2	255-70-122-242
10568	2.7430434249674837e-14	nocladesub2	255-70-122-242
10569	9.56631138513923e-05	nocladesub2	255-70-122-242
10570	1.4016985802312729e-07	nocladesub2	255-70-122-242
10571	1.8378987142858924e-08	nocladesub2	255-70-122-242
10572	2.643134268672256e-09	nocladesub2	255-70-122-242
10573	0.0005789411558168	nocladesub2	255-70-122-242
10574	6.496296771306683e-06	nocladesub2	255-70-122-242
10575	0.0001519438922588	nocladesub2	255-70-122-242
10576	2.0702604489101687e-06	nocladesub12	255-122-4-2
10577	0.0166740644984424	nocladesub2	255-70-122-242
10578	1.1754302823339592e-05	nocladesub22	255-101-252-104
10579	7.321653622384983e-05	nocladesub22	255-101-252-104
10580	0.3027632691753564	nocladesub2	255-70-122-242
10581	0.0012046158979015	nocladesub2	255-70-122-242
10582	1.946881841804099e-08	nocladesub2	255-70-122-242
10583	3.8905811216944985e-05	nocladesub2	255-70-122-242
10584	6.98768838926583e-05	nocladesub2	255-70-122-242
10585	0.0003309028541932	nocladesub22	255-101-252-104
10586	0.4255887864628908	nocladesub22	255-101-252-104
10587	0.0054227245186589	nocladesub22	255-101-252-104
10588	0.0005276455763944	nocladesub22	255-101-252-104
10589	0.0027880065749386	nocladesub2	255-70-122-242
10590	0.2496384153514639	nocladesub2	255-70-122-242
10591	0.6454036943068095	nocladesub2	255-70-122-242
10592	0.2881799708917215	nocladesub2	255-70-122-242
10593	0.0009807925024859	nocladesub20	255-212-231-53
10594	0.0065175263464804	clade6sub19	255-254-152-44
10595	0.0007149047390448	nocladesub12	255-122-4-2
10596	0.0773772600726415	clade6sub19	255-254-152-44
10597	0.0621288065404228	clade6sub19	255-254-152-44
10598	0.001291164564958	nocladesub12	255-122-4-2
10599	0.0225796883453702	nocladesub2	255-70-122-242
10600	0.0374475528241422	nocladesub2	255-70-122-242
10601	3.1323148525353845e-08	nocladesub20	255-212-231-53
10602	0.0007094369850049	nocladesub12	255-122-4-2
10603	0.0354216253464162	nocladesub2	255-70-122-242
10604	0.0313858223306858	nocladesub2	255-70-122-242
10605	0.0396891978196322	nocladesub12	255-122-4-2
10606	0.0026951468693182	nocladesub12	255-122-4-2
10607	0.0185628150809029	nocladesub10	255-26-209-210
10608	0.0063742069206702	nocladesub2	255-70-122-242
10609	0.0010090731225207	nocladesub2	255-70-122-242
10610	0.0508181425313981	clade6sub19	255-254-152-44
10611	4.670123400948134e-05	nocladesub2	255-70-122-242
10612	6.543259166274179e-08	nocladesub12	255-122-4-2
10613	1.2511220829188594e-07	nocladesub20	255-212-231-53
10614	0.0394843576349097	nocladesub12	255-122-4-2
10615	2.211584327314881e-05	nocladesub20	255-212-231-53
10616	0.0203516305717752	nocladesub2	255-70-122-242
10617	9.419982355229806e-05	nocladesub2	255-70-122-242
10618	1.589431047870868e-08	nocladesub20	255-212-231-53
10619	1.3244840391234427e-10	nocladesub20	255-212-231-53
10620	5.064091158381236e-07	nocladesub12	255-122-4-2
10621	3.088653658501006e-08	nocladesub20	255-212-231-53
10622	3.8559876012583764e-10	nocladesub12	255-122-4-2
10623	1.799514444504038e-10	nocladesub20	255-212-231-53
10624	2.2432623230372337e-05	nocladesub12	255-122-4-2
10625	0.2638435023468589	nocladesub2	255-70-122-242
10626	0.1278653503090845	nocladesub2	255-70-122-242
10627	0.0001738535780711	nocladesub2	255-70-122-242
10628	6.003243670325996e-06	nocladesub2	255-70-122-242
10629	0.0008903510019801	clade6sub19	255-254-152-44
10631	2.5828880980385368e-08	clade6sub19	255-254-152-44
10632	0.0001981263380548	nocladesub2	255-70-122-242
10633	0.0878573644438111	nocladesub20	255-212-231-53
10634	4.604344055395727e-05	nocladesub2	255-70-122-242
10635	0.0007328540803468	nocladesub2	255-70-122-242
10636	3.6221405790660064e-05	nocladesub20	255-212-231-53
10637	3.769043517903684e-05	nocladesub10	255-26-209-210
10638	5.4123057941648886e-08	nocladesub10	255-26-209-210
10639	6.352023630845054e-08	nocladesub20	255-212-231-53
10640	1.1567613812194927e-05	nocladesub20	255-212-231-53
10641	0.0164734262540689	nocladesub20	255-212-231-53
10642	1.2216996386976904e-12	nocladesub20	255-212-231-53
10643	3.960819672426818e-12	nocladesub12	255-122-4-2
10644	6.329517658630655e-05	nocladesub22	255-101-252-104
10645	7.247598891422167e-14	nocladesub10	255-26-209-210
10646	1.2474010343836765e-13	nocladesub12	255-122-4-2
10647	0.0001182963866248	nocladesub12	255-122-4-2
10648	2.567786075194393e-06	nocladesub12	255-122-4-2
10649	2.5093104232433247e-05	nocladesub2	255-70-122-242
10650	0.0001171264127559	nocladesub2	255-70-122-242
10651	0.0001546151013901	nocladesub2	255-70-122-242
10652	3.420426841920742e-05	nocladesub10	255-26-209-210
10653	0.0297269551238438	nocladesub12	255-122-4-2
10654	0.0001732598894633	nocladesub2	255-70-122-242
10655	0.063125819829802	clade6sub19	255-254-152-44
10656	1.2976203087092846e-07	clade6sub19	255-254-152-44
10657	0.3743038814777239	nocladesub2	255-70-122-242
10658	0.4919072508068972	clade6sub19	255-254-152-44
10659	0.4647163337445844	clade6sub19	255-254-152-44
10660	4.757697848235492e-05	nocladesub2	255-70-122-242
10661	6.29100313141735e-06	nocladesub12	255-122-4-2
10662	0.0013870479947783	nocladesub12	255-122-4-2
10663	0.0004320326426053	nocladesub12	255-122-4-2
10664	0.0001420349474469	nocladesub2	255-70-122-242
10666	3.727163479689627e-05	nocladesub20	255-212-231-53
10667	0.0012329698938607	nocladesub2	255-70-122-242
10668	0.0007686657811606	nocladesub12	255-122-4-2
10669	3.0103604984816072e-05	nocladesub26	255-217-56-6
10670	8.367079421485875e-10	nocladesub20	255-212-231-53
10671	6.810501856751403e-05	nocladesub22	255-101-252-104
10672	3.8064746184771455e-06	nocladesub22	255-101-252-104
10673	5.757903549101501e-05	nocladesub22	255-101-252-104
10674	0.0068059687183821	nocladesub26	255-217-56-6
10675	0.198992474904259	nocladesub22	255-101-252-104
10676	0.0152550679643095	nocladesub22	255-101-252-104
10677	8.113458115076514e-13	nocladesub12	255-122-4-2
10678	1.7444451086910846e-10	clade6sub19	255-254-152-44
10679	3.833732040710737e-08	nocladesub22	255-101-252-104
10681	9.194432964076495e-10	nocladesub10	255-26-209-210
10682	0.0022968361071505	nocladesub10	255-26-209-210
10683	0.0007900095521006	nocladesub12	255-122-4-2
10684	6.800975551936375e-06	nocladesub12	255-122-4-2
10685	4.029111667437224e-05	nocladesub2	255-70-122-242
10686	0.0042255050062564	clade6sub19	255-254-152-44
10687	0.0008179185434373	nocladesub2	255-70-122-242
10688	0.0095495325036881	clade6sub19	255-254-152-44
10689	0.0463353143645864	clade6sub19	255-254-152-44
10690	0.0019082549044872	nocladesub2	255-70-122-242
10691	4.195025755672687e-06	clade6sub19	255-254-152-44
10692	7.820121155487352e-05	nocladesub2	255-70-122-242
10693	0.0281201318732955	nocladesub2	255-70-122-242
10694	1.129221489647407e-05	clade6sub19	255-254-152-44
10695	1.5253006734327476e-12	nocladesub2	255-70-122-242
10696	0.0037498476323722	nocladesub2	255-70-122-242
10697	1.4682854189268203e-06	nocladesub26	255-217-56-6
10698	0.0001197072774485	nocladesub26	255-217-56-6
10699	5.569304446914987e-06	nocladesub10	255-26-209-210
10700	1.623576598048822e-08	nocladesub12	255-122-4-2
10701	4.947902604062858e-06	nocladesub10	255-26-209-210
10702	4.7665332404011416e-06	nocladesub22	255-101-252-104
10703	6.585174048676795e-05	nocladesub22	255-101-252-104
10704	0.0002758350840625	nocladesub22	255-101-252-104
10705	0.0002526978843	nocladesub22	255-101-252-104
10706	0.006497871806003	nocladesub22	255-101-252-104
10707	0.1289446690270307	nocladesub22	255-101-252-104
10708	0.0949051847356871	clade6sub19	255-254-152-44
10709	0.0087343693046329	nocladesub22	255-101-252-104
10710	0.0026580132601734	nocladesub2	255-70-122-242
10711	4.880320732114531e-06	nocladesub2	255-70-122-242
10712	0.0015191185269226	nocladesub2	255-70-122-242
10713	0.0016451697550284	nocladesub2	255-70-122-242
10714	0.0005168789395466	clade6sub19	255-254-152-44
10715	1.81997745756685e-13	nocladesub20	255-212-231-53
10716	0.0106770594906953	nocladesub20	255-212-231-53
10717	6.777640956176942e-06	nocladesub2	255-70-122-242
10718	2.716693057402667e-05	nocladesub2	255-70-122-242
10719	9.151391495584398e-11	nocladesub2	255-70-122-242
10720	0.0233377218998971	nocladesub2	255-70-122-242
10721	0.0421545438868577	nocladesub2	255-70-122-242
10722	3.025409798132552e-06	nocladesub2	255-70-122-242
10724	7.577604343785495e-08	nocladesub22	255-101-252-104
10726	2.524523921452172e-07	nocladesub12	255-122-4-2
10727	2.3615854958201837e-09	nocladesub22	255-101-252-104
10728	9.936480489566163e-08	nocladesub12	255-122-4-2
10729	0.0014297072376007	nocladesub12	255-122-4-2
10730	0.1901451941920653	nocladesub22	255-101-252-104
10731	0.0007433293415382	nocladesub22	255-101-252-104
10732	0.0001277182650602	nocladesub2	255-70-122-242
10733	1.4810449422430454e-06	nocladesub2	255-70-122-242
10734	0.148945395497685	nocladesub22	255-101-252-104
10735	0.000516720958616	nocladesub10	255-26-209-210
10736	0.0364721699793445	nocladesub10	255-26-209-210
10737	0.0105858245767952	clade6sub19	255-254-152-44
10738	0.0109360880192551	clade6sub19	255-254-152-44
10739	0.0610127772124615	clade6sub19	255-254-152-44
10740	0.0247597984970772	clade6sub19	255-254-152-44
10741	0.4268439701084869	nocladesub12	255-122-4-2
10742	0.0017159867172792	nocladesub2	255-70-122-242
10743	0.2839755051617195	nocladesub12	255-122-4-2
10744	0.0506491082340566	nocladesub20	255-212-231-53
10745	0.0069515614414714	nocladesub20	255-212-231-53
10746	0.5505382590931109	clade6sub19	255-254-152-44
10747	9.993317231933091e-07	nocladesub12	255-122-4-2
10748	2.5431426807915414e-05	nocladesub20	255-212-231-53
10749	6.189109843617941e-05	nocladesub12	255-122-4-2
10750	4.4582101609100805e-10	nocladesub20	255-212-231-53
10751	2.5399261504863707e-11	nocladesub20	255-212-231-53
10752	3.818571018431559e-05	nocladesub20	255-212-231-53
10753	2.2751225855260275e-07	nocladesub2	255-70-122-242
10754	0.0003777723564182	nocladesub12	255-122-4-2
10755	4.5008915328849244e-13	nocladesub12	255-122-4-2
10756	0.0089335329148898	clade6sub19	255-254-152-44
10757	0.0144684394349264	nocladesub10	255-26-209-210
10758	0.0046351062865173	nocladesub10	255-26-209-210
10759	0.1244984197301221	nocladesub12	255-122-4-2
10760	2.80944440233893e-09	nocladesub2	255-70-122-242
10761	0.0127121339008101	clade6sub19	255-254-152-44
10762	0.0001294729411388	nocladesub10	255-26-209-210
10763	5.936647008803752e-06	nocladesub2	255-70-122-242
10764	3.56791044988807e-06	nocladesub2	255-70-122-242
10765	3.1488872354254914e-05	nocladesub2	255-70-122-242
10766	6.304586685019866e-09	nocladesub10	255-26-209-210
10767	0.0016113444182042	nocladesub2	255-70-122-242
10768	7.822008119577944e-07	nocladesub2	255-70-122-242
10769	7.147644341956997e-05	nocladesub12	255-122-4-2
10770	7.813912812925332e-08	nocladesub2	255-70-122-242
10771	1.291156231008703e-07	nocladesub10	255-26-209-210
10772	3.420136210007118e-05	nocladesub2	255-70-122-242
10773	0.0139259310942131	nocladesub2	255-70-122-242
10774	1.1041392248968729e-08	nocladesub20	255-212-231-53
10775	1.509291726224718e-05	nocladesub12	255-122-4-2
10776	5.67135781483366e-10	nocladesub20	255-212-231-53
10777	1.6846178367452775e-11	nocladesub20	255-212-231-53
10778	4.9163510398028e-09	clade6sub19	255-254-152-44
10779	4.4773936390290495e-05	nocladesub2	255-70-122-242
10780	9.724990012387129e-14	nocladesub20	255-212-231-53
10781	0.0164641864649484	nocladesub20	255-212-231-53
10782	0.0001837023964012	nocladesub2	255-70-122-242
10783	3.0593615492404514e-08	nocladesub2	255-70-122-242
10784	2.629449788357303e-07	nocladesub20	255-212-231-53
10785	0.0001111457181327	nocladesub20	255-212-231-53
10786	9.017426127436566e-14	nocladesub22	255-101-252-104
10787	5.3025241006480094e-08	nocladesub22	255-101-252-104
10788	5.407366222223096e-06	nocladesub20	255-212-231-53
10789	1.4433464435227664e-15	nocladesub10	255-26-209-210
10790	1.0872501104028436e-12	nocladesub10	255-26-209-210
10791	1.4662122213926808e-07	nocladesub12	255-122-4-2
10792	0.0004529125312677	nocladesub12	255-122-4-2
10793	2.624466030027554e-07	nocladesub20	255-212-231-53
10794	2.472229780147142e-10	nocladesub12	255-122-4-2
10795	2.4291489923674028e-12	nocladesub12	255-122-4-2
10796	0.0051636697269754	nocladesub2	255-70-122-242
10797	0.0011087023408459	nocladesub2	255-70-122-242
10798	0.0011144995979646	clade6sub19	255-254-152-44
10799	0.0068721919480043	nocladesub12	255-122-4-2
10800	6.147664374247403e-05	nocladesub2	255-70-122-242
10801	0.0072778273451373	clade6sub19	255-254-152-44
10802	0.0293868500085063	nocladesub2	255-70-122-242
10803	0.0015397241314649	nocladesub2	255-70-122-242
10804	7.721832518694778e-05	nocladesub12	255-122-4-2
10805	1.46835016395412e-07	nocladesub12	255-122-4-2
10806	8.123657406311264e-07	nocladesub12	255-122-4-2
10807	1.356207930109688e-06	nocladesub12	255-122-4-2
10808	3.716916141670781e-13	nocladesub12	255-122-4-2
10809	4.625748610709979e-06	nocladesub12	255-122-4-2
10810	2.376532698022083e-07	nocladesub12	255-122-4-2
10811	1.7377779123831586e-05	nocladesub22	255-101-252-104
10812	0.0620274839780633	nocladesub22	255-101-252-104
10813	1.1468154082784908e-05	nocladesub22	255-101-252-104
10814	0.0033926633046858	nocladesub22	255-101-252-104
10815	0.0002021809215763	nocladesub22	255-101-252-104
10816	3.1047732728654185e-08	nocladesub22	255-101-252-104
10817	8.274306035093174e-07	nocladesub22	255-101-252-104
10818	0.0070494760318997	nocladesub22	255-101-252-104
10819	0.0015403558925809	nocladesub2	255-70-122-242
10820	0.0010052463215458	clade6sub19	255-254-152-44
10821	0.0002766354360664	clade6sub19	255-254-152-44
10822	0.0337955280120273	clade6sub19	255-254-152-44
10823	0.0001093861516672	nocladesub20	255-212-231-53
10824	6.551233744592841e-08	nocladesub20	255-212-231-53
10825	1.1447313160611868e-06	nocladesub2	255-70-122-242
10826	7.157633953378688e-09	nocladesub20	255-212-231-53
10827	3.5668159858972446e-08	nocladesub12	255-122-4-2
10828	5.431308574282471e-06	nocladesub12	255-122-4-2
10829	1.350631076859426e-07	nocladesub12	255-122-4-2
10830	1.9615602077469379e-07	nocladesub10	255-26-209-210
10831	1.5164121948165778e-10	nocladesub12	255-122-4-2
10832	0.013512849563854	nocladesub22	255-101-252-104
10833	0.016714188237921	nocladesub22	255-101-252-104
10834	0.550193192428413	nocladesub22	255-101-252-104
10835	0.6120958301139983	nocladesub22	255-101-252-104
10836	0.0704276580250797	nocladesub22	255-101-252-104
10837	0.1165968972503141	nocladesub22	255-101-252-104
10838	0.0026829528509315	nocladesub2	255-70-122-242
10839	0.0002682418077184	nocladesub2	255-70-122-242
10840	1.903082525393389e-08	nocladesub12	255-122-4-2
10841	0.0013605533912403	nocladesub2	255-70-122-242
10842	1.7863141362448482e-05	nocladesub2	255-70-122-242
10843	0.0005773880414099	nocladesub20	255-212-231-53
10844	2.2041731645580677e-06	clade6sub19	255-254-152-44
10845	7.670055381932124e-08	nocladesub20	255-212-231-53
10846	3.024650425855917e-07	nocladesub12	255-122-4-2
10847	8.286814070721322e-05	nocladesub2	255-70-122-242
10848	1.1962513779029032e-07	nocladesub2	255-70-122-242
10849	4.423231555100064e-05	nocladesub2	255-70-122-242
10850	1.3387886245107546e-12	nocladesub22	255-101-252-104
10851	0.0021331273563563	nocladesub22	255-101-252-104
10852	6.444829712172312e-11	nocladesub22	255-101-252-104
10853	4.9578220556424876e-08	nocladesub22	255-101-252-104
10854	7.768970210558208e-05	nocladesub22	255-101-252-104
10855	0.0529987311815515	nocladesub22	255-101-252-104
10856	0.6836126007015353	nocladesub22	255-101-252-104
10857	0.180614309440501	clade6sub19	255-254-152-44
10858	1.3990779596735036e-05	nocladesub20	255-212-231-53
10859	6.044434346312682e-06	nocladesub2	255-70-122-242
10860	1.2573414274626818e-07	nocladesub2	255-70-122-242
10861	9.783908806423557e-08	nocladesub12	255-122-4-2
10862	7.673068602286525e-06	nocladesub2	255-70-122-242
10863	0.0041911440547005	nocladesub2	255-70-122-242
10864	0.5584926888546009	nocladesub2	255-70-122-242
10865	0.0117423830879876	nocladesub10	255-26-209-210
10866	0.1200942091719305	nocladesub20	255-212-231-53
10867	0.0385250704898679	nocladesub20	255-212-231-53
10868	1.3798088831659417e-13	nocladesub2	255-70-122-242
10869	0.0082335974377808	nocladesub20	255-212-231-53
10870	2.581435114547479e-13	nocladesub20	255-212-231-53
10871	0.0422931038582697	nocladesub20	255-212-231-53
10872	8.487705712506871e-20	nocladesub12	255-122-4-2
10873	2.889892116404139e-15	nocladesub12	255-122-4-2
10874	0.0002855077523737	nocladesub20	255-212-231-53
10875	1.327657923278874e-05	nocladesub20	255-212-231-53
10876	0.0002487965375309	nocladesub12	255-122-4-2
10877	2.574298278866233e-11	nocladesub12	255-122-4-2
10878	0.0001884415918072	nocladesub26	255-217-56-6
10879	3.602940359111453e-05	nocladesub12	255-122-4-2
10880	3.347678632954953e-09	nocladesub12	255-122-4-2
10881	6.198271095028781e-05	nocladesub26	255-217-56-6
10882	0.0410231797070065	nocladesub2	255-70-122-242
10883	0.034000127840969	clade6sub19	255-254-152-44
10884	6.426301060864315e-05	nocladesub12	255-122-4-2
10885	3.197717885658487e-06	nocladesub2	255-70-122-242
10886	5.9714991967490616e-05	nocladesub12	255-122-4-2
10887	1.2811020128227108e-05	nocladesub2	255-70-122-242
10888	0.0004546087530426	nocladesub2	255-70-122-242
10889	0.0221483200519665	nocladesub2	255-70-122-242
10890	1.4306552504807423e-05	nocladesub2	255-70-122-242
10891	2.187065128327798e-05	nocladesub2	255-70-122-242
10892	0.0021342527544316	nocladesub22	255-101-252-104
10893	0.0298864893454932	nocladesub10	255-26-209-210
10894	0.0004915638060177	nocladesub12	255-122-4-2
10895	0.0199485779954078	nocladesub2	255-70-122-242
10896	0.0511306035688541	nocladesub2	255-70-122-242
10897	0.0002639010571356	nocladesub12	255-122-4-2
10898	0.0008247742084211	nocladesub20	255-212-231-53
10899	9.739898488495876e-05	nocladesub12	255-122-4-2
10900	0.0326708711717547	nocladesub20	255-212-231-53
10901	1.5136326670721025e-12	nocladesub20	255-212-231-53
10902	0.1450872435012655	clade6sub19	255-254-152-44
10903	8.141116600455393e-06	nocladesub20	255-212-231-53
10904	0.0001266315039518	nocladesub20	255-212-231-53
10905	0.026664294721124	nocladesub20	255-212-231-53
10906	0.0003955968412818	nocladesub20	255-212-231-53
10907	0.001304399403551	nocladesub20	255-212-231-53
10908	2.3706108260040299e-07	nocladesub10	255-26-209-210
10909	4.805171327012406e-07	nocladesub20	255-212-231-53
10910	2.2061178306427235e-06	nocladesub22	255-101-252-104
10911	5.301591415538928e-11	nocladesub20	255-212-231-53
10912	0.0182367828508943	nocladesub12	255-122-4-2
10913	0.0009393806551119	nocladesub20	255-212-231-53
10914	1.2514435661116144e-06	nocladesub22	255-101-252-104
10915	7.237668320881288e-06	nocladesub20	255-212-231-53
10916	1.2242078445684568e-07	nocladesub12	255-122-4-2
10917	5.184145679018273e-10	nocladesub12	255-122-4-2
10918	8.044300324083224e-07	nocladesub12	255-122-4-2
10919	3.4479409628042173e-06	nocladesub12	255-122-4-2
10920	8.866549142835514e-10	nocladesub12	255-122-4-2
10921	6.509386837820036e-09	nocladesub12	255-122-4-2
10922	2.5309825250511794e-06	nocladesub20	255-212-231-53
10923	1.4913560884027112e-10	nocladesub12	255-122-4-2
10924	8.659257878117758e-07	nocladesub12	255-122-4-2
10925	6.312159062642856e-08	nocladesub12	255-122-4-2
10926	0.0002375348862248	nocladesub2	255-70-122-242
10927	1.0205428392792345e-13	nocladesub2	255-70-122-242
10928	0.1125588214387236	nocladesub12	255-122-4-2
10929	0.0034119134235476	nocladesub10	255-26-209-210
10930	0.0004784045673004	nocladesub10	255-26-209-210
10931	0.0562808067686023	nocladesub12	255-122-4-2
10932	0.0010172696588558	nocladesub2	255-70-122-242
10933	0.0493639039637545	nocladesub20	255-212-231-53
10934	3.345893061838599e-06	nocladesub12	255-122-4-2
10935	0.0014056809794292	nocladesub2	255-70-122-242
10936	0.0016082877372137	nocladesub12	255-122-4-2
10937	0.0047449179240503	nocladesub2	255-70-122-242
10938	7.086384163509904e-08	nocladesub12	255-122-4-2
10939	3.81720555795904e-05	nocladesub20	255-212-231-53
10940	8.060817113456565e-05	nocladesub20	255-212-231-53
10941	1.417132683741167e-09	nocladesub12	255-122-4-2
10942	2.2741065618610826e-15	nocladesub12	255-122-4-2
10943	1.1857725919749428e-10	nocladesub20	255-212-231-53
10944	8.676483497709877e-07	nocladesub12	255-122-4-2
10945	2.8164401161656954e-06	nocladesub12	255-122-4-2
10946	0.0005365171177369	nocladesub12	255-122-4-2
10947	0.0007768904376481	nocladesub22	255-101-252-104
10948	0.0007020372072925	nocladesub22	255-101-252-104
10949	0.0649876800303878	nocladesub12	255-122-4-2
10950	6.718795377171763e-05	nocladesub22	255-101-252-104
10951	0.0070566359453293	nocladesub2	255-70-122-242
10953	0.0039558230297882	nocladesub22	255-101-252-104
10954	8.860053725066066e-06	nocladesub2	255-70-122-242
10955	0.8862381667961481	nocladesub2	255-70-122-242
10956	0.0043720570938578	nocladesub2	255-70-122-242
10957	7.439190943323635e-06	nocladesub20	255-212-231-53
10958	0.000109959752713	nocladesub20	255-212-231-53
10959	2.6125348405811204e-07	nocladesub12	255-122-4-2
10960	1.25505247498183e-05	nocladesub20	255-212-231-53
10961	2.2564093287483096e-06	nocladesub12	255-122-4-2
10962	1.3605483205860715e-06	nocladesub2	255-70-122-242
10963	3.0072573846349973e-06	nocladesub22	255-101-252-104
10964	0.0429780473180502	nocladesub12	255-122-4-2
10965	0.4259580451983308	nocladesub22	255-101-252-104
10966	0.0037777802797876	nocladesub22	255-101-252-104
10967	0.0306551173126311	nocladesub12	255-122-4-2
10968	0.0005796828911992	nocladesub22	255-101-252-104
10969	0.1073247888596012	nocladesub22	255-101-252-104
10970	4.464616329787469e-08	nocladesub22	255-101-252-104
10971	0.0002098768317631	nocladesub22	255-101-252-104
10972	6.047309510205091e-05	nocladesub22	255-101-252-104
10973	8.463592582003483e-06	nocladesub22	255-101-252-104
10974	0.0107542129563376	nocladesub26	255-217-56-6
10975	0.8853596731914568	nocladesub2	255-70-122-242
10976	0.0215710293462172	nocladesub2	255-70-122-242
10977	1.297191328693709e-06	nocladesub2	255-70-122-242
10978	0.0040480440201503	nocladesub2	255-70-122-242
10979	1.6559200103167192e-05	nocladesub2	255-70-122-242
10980	2.653082752694377e-08	nocladesub2	255-70-122-242
10981	0.0010178750045626	nocladesub2	255-70-122-242
10982	1.4064084126538715e-06	nocladesub12	255-122-4-2
10983	1.3262416665482443e-11	nocladesub20	255-212-231-53
10984	0.0010627594097022	nocladesub12	255-122-4-2
10985	5.264963317873687e-10	nocladesub12	255-122-4-2
10986	6.903194435026159e-05	nocladesub12	255-122-4-2
10987	1.5485489686843282e-05	nocladesub22	255-101-252-104
10988	9.47053114655692e-09	nocladesub2	255-70-122-242
10989	2.758363297342577e-12	nocladesub22	255-101-252-104
10990	4.342781623208617e-07	nocladesub22	255-101-252-104
10991	0.0006998042753947	nocladesub2	255-70-122-242
10992	0.0026681973323458	nocladesub22	255-101-252-104
10993	2.645799847786546e-06	nocladesub22	255-101-252-104
10994	3.610691677702306e-07	nocladesub22	255-101-252-104
10995	0.0510287942720204	nocladesub22	255-101-252-104
10996	0.0004947647449942	nocladesub2	255-70-122-242
10997	2.880328286607269e-06	nocladesub2	255-70-122-242
10998	5.878281123483199e-06	nocladesub2	255-70-122-242
10999	2.542631579550769e-05	nocladesub2	255-70-122-242
11000	1.092108343826498e-05	nocladesub2	255-70-122-242
11001	5.835773970408192e-06	nocladesub2	255-70-122-242
11002	1.601842172468705e-07	nocladesub2	255-70-122-242
11003	0.0006759185840084	nocladesub2	255-70-122-242
11004	2.7604170142633352e-05	nocladesub2	255-70-122-242
11005	0.002723266029539	nocladesub22	255-101-252-104
11006	4.522176209879143e-10	nocladesub12	255-122-4-2
11007	1.9692041633867683e-13	nocladesub12	255-122-4-2
11008	4.096771046997566e-18	nocladesub12	255-122-4-2
11009	2.81408679532936e-15	nocladesub10	255-26-209-210
11010	4.1249282831637536e-17	nocladesub12	255-122-4-2
11011	2.664780091137678e-06	nocladesub12	255-122-4-2
11012	4.3696900037836815e-08	nocladesub20	255-212-231-53
11013	1.0101420873558485e-07	nocladesub12	255-122-4-2
11014	2.6567937880578248e-08	nocladesub12	255-122-4-2
11015	1.613481598261604e-08	nocladesub10	255-26-209-210
11016	0.0013010500329098	nocladesub2	255-70-122-242
11017	2.202491773639556e-12	nocladesub12	255-122-4-2
11018	1.4138221041965933e-13	nocladesub12	255-122-4-2
11019	1.8450634683885838e-15	nocladesub12	255-122-4-2
11020	0.0919897092752116	clade6sub19	255-254-152-44
11021	1.4376569263880855e-14	nocladesub20	255-212-231-53
11022	0.313906688042098	nocladesub2	255-70-122-242
11023	0.9682032271307038	nocladesub20	255-212-231-53
11024	0.0328510908313971	nocladesub12	255-122-4-2
11025	1.189593977371218e-08	nocladesub20	255-212-231-53
11026	0.0001852394984837	nocladesub20	255-212-231-53
11027	1.504823950462363e-12	nocladesub12	255-122-4-2
11028	1.4216104429239328e-07	nocladesub12	255-122-4-2
11029	7.3717349069749206e-09	nocladesub12	255-122-4-2
11030	4.321454584502945e-07	nocladesub12	255-122-4-2
11031	4.5086626774886725e-07	nocladesub12	255-122-4-2
11032	6.924536027249667e-07	nocladesub22	255-101-252-104
11033	0.0001075093000852	clade6sub19	255-254-152-44
11034	8.687346075041764e-05	nocladesub10	255-26-209-210
11035	0.2824631524861177	nocladesub2	255-70-122-242
11036	8.848987116348964e-05	nocladesub10	255-26-209-210
11037	0.0054495300076509	nocladesub2	255-70-122-242
11038	0.6100173389946604	nocladesub2	255-70-122-242
11039	0.5404952132822365	nocladesub2	255-70-122-242
11040	0.0211469869151645	nocladesub2	255-70-122-242
11041	5.495792544935786e-05	nocladesub20	255-212-231-53
11042	1.6497940063702713e-06	nocladesub20	255-212-231-53
11043	9.513491162299434e-05	nocladesub20	255-212-231-53
11044	1.8656533545587023e-10	nocladesub12	255-122-4-2
11045	1.4271545877146536e-05	nocladesub20	255-212-231-53
11046	4.6848113740498414e-05	nocladesub22	255-101-252-104
11047	1.745928376640325e-05	nocladesub12	255-122-4-2
11048	8.83701614184945e-12	nocladesub12	255-122-4-2
11049	8.65680291186234e-06	nocladesub12	255-122-4-2
11050	3.2105741198267034e-05	nocladesub12	255-122-4-2
11051	1.5875005523676103e-06	nocladesub12	255-122-4-2
11052	0.0081376882107274	nocladesub12	255-122-4-2
11053	0.0036069579817965	nocladesub12	255-122-4-2
11054	0.0023352703925001	nocladesub22	255-101-252-104
11055	0.0014480856863882	nocladesub12	255-122-4-2
11056	0.0001657529729793	nocladesub22	255-101-252-104
11057	0.0003711435670204	nocladesub2	255-70-122-242
11058	0.0276159097183891	nocladesub12	255-122-4-2
11059	0.0066503520105702	nocladesub2	255-70-122-242
11060	0.009797817127726	clade6sub19	255-254-152-44
11061	0.0009563784219196	nocladesub12	255-122-4-2
11062	0.0019902741013835	nocladesub20	255-212-231-53
11063	4.496178235002889e-08	nocladesub12	255-122-4-2
11064	0.0001453694389938	nocladesub10	255-26-209-210
11065	7.035697413658881e-12	nocladesub20	255-212-231-53
11066	0.0275601365408555	nocladesub2	255-70-122-242
11067	2.7018608635068578e-05	nocladesub12	255-122-4-2
11068	0.0020303354711298	nocladesub22	255-101-252-104
11069	6.655536975796676e-05	clade6sub19	255-254-152-44
11070	2.641523749557981e-06	nocladesub20	255-212-231-53
11071	0.0007396911749409	nocladesub22	255-101-252-104
11072	2.1979447592143038e-10	nocladesub22	255-101-252-104
11073	0.1535905707028576	nocladesub22	255-101-252-104
11074	0.1500631571900602	nocladesub22	255-101-252-104
11075	0.010688618448486	nocladesub22	255-101-252-104
11076	0.0023224664217804	nocladesub22	255-101-252-104
11077	0.0037169167234252	nocladesub22	255-101-252-104
11078	0.0017601780274728	nocladesub22	255-101-252-104
11079	0.0002579048796627	nocladesub22	255-101-252-104
11080	1.1857747262495494e-05	nocladesub22	255-101-252-104
11081	0.6544617284140091	nocladesub22	255-101-252-104
11082	0.00293667947972	nocladesub22	255-101-252-104
11083	6.865038292862547e-07	nocladesub22	255-101-252-104
11084	4.407961904269036e-06	nocladesub22	255-101-252-104
11085	0.0636199714537033	nocladesub2	255-70-122-242
11086	0.0559298417923642	nocladesub2	255-70-122-242
11087	0.1265703187496539	nocladesub2	255-70-122-242
11088	0.3524227319048528	nocladesub20	255-212-231-53
11089	0.0005110574121731	nocladesub2	255-70-122-242
11090	0.0024543575077436	nocladesub12	255-122-4-2
11091	5.624588888301942e-10	nocladesub12	255-122-4-2
11092	2.609053475120954e-06	nocladesub12	255-122-4-2
11093	0.0017134470803098	nocladesub2	255-70-122-242
11094	1.436844895954373e-06	nocladesub22	255-101-252-104
11095	7.458421743423756e-05	nocladesub12	255-122-4-2
11096	0.0001135470599821	nocladesub2	255-70-122-242
11097	0.0042455703406032	nocladesub2	255-70-122-242
11098	5.5097711076553485e-05	nocladesub22	255-101-252-104
11099	7.624285982140359e-10	clade6sub19	255-254-152-44
11100	2.6592645189240155e-06	nocladesub22	255-101-252-104
11101	2.5679827738935705e-05	nocladesub22	255-101-252-104
11102	0.0005058058536438	nocladesub2	255-70-122-242
11103	6.553308989703654e-05	nocladesub12	255-122-4-2
11104	0.0012242612667168	nocladesub2	255-70-122-242
11105	0.0009633925429095	nocladesub2	255-70-122-242
11106	0.0017611351443652	nocladesub2	255-70-122-242
11107	1.4367432750104866e-05	nocladesub2	255-70-122-242
11108	9.38915832446944e-07	nocladesub2	255-70-122-242
11109	0.0990116798094944	nocladesub2	255-70-122-242
11110	0.0674201182717286	nocladesub2	255-70-122-242
11111	0.0004101237999428	nocladesub12	255-122-4-2
11112	8.728418593351419e-05	nocladesub12	255-122-4-2
11113	4.82559599176771e-15	nocladesub12	255-122-4-2
11114	3.9132152466392176e-19	nocladesub12	255-122-4-2
11115	2.795400059401442e-15	nocladesub12	255-122-4-2
11116	1.4559101787818715e-16	nocladesub2	255-70-122-242
11117	1.816982537296713e-12	nocladesub2	255-70-122-242
11118	2.6979717259039624e-14	nocladesub2	255-70-122-242
11119	5.383844629430066e-07	nocladesub12	255-122-4-2
11120	2.7396343823595357e-15	nocladesub12	255-122-4-2
11121	2.1661816451973124e-06	nocladesub10	255-26-209-210
11122	3.870706994344906e-14	nocladesub20	255-212-231-53
11123	7.944454936326757e-10	nocladesub12	255-122-4-2
11124	4.62986893146904e-07	nocladesub12	255-122-4-2
11125	7.603042014156292e-06	nocladesub12	255-122-4-2
11126	2.0465673717723663e-14	nocladesub12	255-122-4-2
11127	7.749440466514764e-24	nocladesub12	255-122-4-2
11128	0.0966811378494045	nocladesub20	255-212-231-53
11129	1.7729415344426556e-21	nocladesub12	255-122-4-2
11130	1.150795655283907e-19	nocladesub12	255-122-4-2
11131	1.2888690166397696e-05	nocladesub20	255-212-231-53
11132	3.166896829614498e-14	nocladesub22	255-101-252-104
11133	2.5395792687446605e-06	nocladesub12	255-122-4-2
11134	3.0978271290657355e-06	nocladesub2	255-70-122-242
11135	5.714473731086238e-07	nocladesub2	255-70-122-242
11136	1.4964073972257548e-06	nocladesub12	255-122-4-2
11137	0.0004178953192721	nocladesub12	255-122-4-2
11138	0.114470511819762	nocladesub10	255-26-209-210
11139	4.1510363574234187e-13	nocladesub12	255-122-4-2
11140	0.0523538536821872	nocladesub22	255-101-252-104
11141	2.479897149759738e-10	nocladesub2	255-70-122-242
11142	1.1948189297265862e-05	nocladesub12	255-122-4-2
11143	1.0583561547604495e-10	nocladesub2	255-70-122-242
11144	1.787387084848734e-12	nocladesub12	255-122-4-2
11145	5.209933095492258e-15	nocladesub12	255-122-4-2
11146	1.414775677534788e-06	nocladesub12	255-122-4-2
11147	0.0029878092205853	nocladesub22	255-101-252-104
11148	1.4199901086235668e-09	nocladesub12	255-122-4-2
11149	0.0001665376105611	nocladesub12	255-122-4-2
11150	0.0004292907074229	nocladesub12	255-122-4-2
11151	1.2468897868587218e-07	nocladesub12	255-122-4-2
11152	4.5074720425508673e-05	nocladesub22	255-101-252-104
11153	0.0002531492630397	nocladesub12	255-122-4-2
11154	4.880724121742254e-07	nocladesub12	255-122-4-2
11155	3.340679304136066e-05	nocladesub12	255-122-4-2
11156	6.284524808307703e-05	nocladesub12	255-122-4-2
11157	3.5579634142279696e-05	nocladesub12	255-122-4-2
11158	8.048128464472841e-06	nocladesub12	255-122-4-2
11159	0.4119286719676836	nocladesub2	255-70-122-242
11160	4.3047626086996185e-06	nocladesub12	255-122-4-2
11161	0.1169224050612126	nocladesub10	255-26-209-210
11162	0.133207048562621	nocladesub2	255-70-122-242
11163	0.0407983977749416	nocladesub2	255-70-122-242
11164	0.0517276222656196	nocladesub12	255-122-4-2
11165	1.4552957495295053e-06	nocladesub12	255-122-4-2
11166	6.723794490713119e-06	nocladesub12	255-122-4-2
11167	0.0011842446295768	nocladesub2	255-70-122-242
11168	5.548978864563226e-08	nocladesub12	255-122-4-2
11169	6.758769512513071e-09	nocladesub12	255-122-4-2
11170	1.9818180950809588e-08	nocladesub12	255-122-4-2
11171	6.385838735231255e-18	nocladesub2	255-70-122-242
11172	3.3290162349983755e-10	nocladesub12	255-122-4-2
11173	1.378548083387468e-06	nocladesub20	255-212-231-53
11174	2.107589986745563e-09	nocladesub26	255-217-56-6
11175	9.950321241686427e-11	nocladesub10	255-26-209-210
11176	7.625071006783749e-12	nocladesub12	255-122-4-2
11177	2.2732062586024913e-09	nocladesub10	255-26-209-210
11178	8.900242009008941e-09	nocladesub12	255-122-4-2
11179	2.2175559436090705e-08	nocladesub12	255-122-4-2
11180	4.623444340104433e-08	nocladesub12	255-122-4-2
11181	2.9890206061044697e-06	nocladesub12	255-122-4-2
11182	9.585579184765357e-07	nocladesub22	255-101-252-104
11183	7.309966949246654e-05	nocladesub22	255-101-252-104
11184	0.2620429029811243	nocladesub22	255-101-252-104
11185	0.0020894059184714	nocladesub22	255-101-252-104
11186	0.8424920976719865	nocladesub20	255-212-231-53
11187	0.0003289674236602	nocladesub22	255-101-252-104
11188	0.0074854248495121	nocladesub2	255-70-122-242
11189	0.1328744759036359	nocladesub2	255-70-122-242
11190	0.0004419262901349	nocladesub2	255-70-122-242
11191	0.0127340750890134	nocladesub2	255-70-122-242
11192	0.0158913018320549	nocladesub20	255-212-231-53
11193	0.023838264643314	nocladesub10	255-26-209-210
11194	0.0169461749301513	nocladesub10	255-26-209-210
11195	0.0001386927711726	nocladesub10	255-26-209-210
11196	0.0007420430147307	nocladesub2	255-70-122-242
11197	0.0161289794739936	nocladesub2	255-70-122-242
11198	0.0103525648264935	nocladesub2	255-70-122-242
11199	3.2854603093690205e-06	nocladesub2	255-70-122-242
11200	6.325971067490695e-08	nocladesub2	255-70-122-242
11201	0.0007495564892605	nocladesub2	255-70-122-242
11202	0.0001077715300712	nocladesub20	255-212-231-53
11203	5.566398064343793e-07	nocladesub20	255-212-231-53
11205	0.0016081419228197	nocladesub26	255-217-56-6
11206	0.0001378740124563	nocladesub20	255-212-231-53
11207	5.115270208805482e-07	nocladesub20	255-212-231-53
11208	0.0017607532693998	nocladesub12	255-122-4-2
11209	0.0004186151116293	nocladesub22	255-101-252-104
11210	3.245167007626507e-05	nocladesub22	255-101-252-104
11211	1.2058843838002556e-05	nocladesub2	255-70-122-242
11212	0.03565090044378	nocladesub22	255-101-252-104
11213	0.4477985855814887	nocladesub22	255-101-252-104
11214	0.0011716155638401	nocladesub2	255-70-122-242
11215	2.5361893798812852e-05	nocladesub22	255-101-252-104
11216	3.694360483097428e-06	nocladesub10	255-26-209-210
11217	0.0014686251336404	nocladesub2	255-70-122-242
11218	0.0002249871096766	nocladesub22	255-101-252-104
11219	0.0009725667835778	nocladesub2	255-70-122-242
11220	3.751121849803329e-07	nocladesub20	255-212-231-53
11221	0.0212961551214881	nocladesub20	255-212-231-53
11222	3.333588145240292e-11	nocladesub2	255-70-122-242
11223	1.5049784594752816e-11	nocladesub12	255-122-4-2
11224	5.927484119578602e-15	nocladesub12	255-122-4-2
11225	0.000113407317972	nocladesub22	255-101-252-104
11226	0.0035129910988822	nocladesub2	255-70-122-242
11227	0.0954867230971699	nocladesub22	255-101-252-104
11228	0.0054614338874435	clade6sub19	255-254-152-44
11229	0.0007219427487532	clade6sub19	255-254-152-44
11230	5.088131668528214e-07	nocladesub2	255-70-122-242
11231	3.1991271001344204e-08	nocladesub2	255-70-122-242
11232	0.002970338830308	nocladesub2	255-70-122-242
11233	3.711152461578155e-07	nocladesub2	255-70-122-242
11234	0.0865671371833157	clade6sub19	255-254-152-44
11235	0.0028057068788032	clade6sub19	255-254-152-44
11236	6.744445983796889e-05	clade6sub19	255-254-152-44
11237	3.037477656258981e-07	clade6sub19	255-254-152-44
11238	6.444949925796581e-20	nocladesub20	255-212-231-53
11239	9.145593136065364e-08	nocladesub2	255-70-122-242
11240	5.034182126639984e-11	clade6sub19	255-254-152-44
11241	6.427807993858602e-22	nocladesub2	255-70-122-242
11242	7.2816914498741235e-06	nocladesub2	255-70-122-242
11243	0.0002561301354884	nocladesub2	255-70-122-242
11244	6.34791420061368e-11	nocladesub2	255-70-122-242
11245	8.769635467289224e-15	nocladesub2	255-70-122-242
11246	1.0158067150965472e-25	nocladesub2	255-70-122-242
11247	5.648192881711023e-17	nocladesub2	255-70-122-242
11248	1.3779000112577244e-19	nocladesub20	255-212-231-53
11249	3.57337687287297e-08	nocladesub12	255-122-4-2
11250	0.0019336537072163	nocladesub12	255-122-4-2
11251	5.764841885566253e-07	nocladesub12	255-122-4-2
11252	4.580811511808659e-08	nocladesub12	255-122-4-2
11253	5.781902370392653e-16	nocladesub12	255-122-4-2
11254	3.2983154459358264e-08	nocladesub20	255-212-231-53
11255	4.051411796424295e-09	nocladesub20	255-212-231-53
11256	5.052686823089186e-19	nocladesub20	255-212-231-53
11257	0.0456973726051073	nocladesub2	255-70-122-242
11258	5.826472791682399e-22	nocladesub2	255-70-122-242
11259	3.055783569681261e-05	clade6sub19	255-254-152-44
11260	5.144407589669725e-22	nocladesub12	255-122-4-2
11261	3.752269953688762e-07	nocladesub2	255-70-122-242
11262	1.1837735856193648e-20	nocladesub2	255-70-122-242
11263	3.0461150219628096e-10	nocladesub12	255-122-4-2
11264	0.0031468247889554	nocladesub10	255-26-209-210
11265	5.01245319057765e-18	nocladesub12	255-122-4-2
11266	1.3842331460916892e-06	nocladesub12	255-122-4-2
11267	2.9640067016859665e-22	nocladesub20	255-212-231-53
11268	0.000468545102466	nocladesub12	255-122-4-2
11269	8.2907343523375e-05	nocladesub12	255-122-4-2
11270	3.1965068912991224e-10	nocladesub12	255-122-4-2
11271	6.819290021053301e-06	nocladesub10	255-26-209-210
11272	8.568115843561242e-10	nocladesub12	255-122-4-2
11273	0.0002782791457014	nocladesub12	255-122-4-2
11274	4.871576313053866e-13	nocladesub12	255-122-4-2
11275	4.0986581313847816e-24	nocladesub12	255-122-4-2
11276	4.6358406575137685e-09	nocladesub12	255-122-4-2
11277	3.586984776410147e-17	nocladesub20	255-212-231-53
11278	4.104795510914932e-26	nocladesub2	255-70-122-242
11279	1.822454840985709e-08	nocladesub2	255-70-122-242
11280	9.14139392679176e-24	nocladesub20	255-212-231-53
11281	8.786113749273445e-07	nocladesub10	255-26-209-210
11282	6.037954457740526e-17	nocladesub12	255-122-4-2
11283	3.300927894823288e-07	nocladesub12	255-122-4-2
11284	5.399808195894905e-19	nocladesub20	255-212-231-53
11285	3.228834750451917e-15	nocladesub12	255-122-4-2
11286	2.0842324564178933e-09	nocladesub12	255-122-4-2
11287	4.214112337324141e-05	nocladesub12	255-122-4-2
11288	7.305419216135937e-05	nocladesub12	255-122-4-2
11289	7.2045552290750045e-06	nocladesub12	255-122-4-2
11290	0.0038833506585277	nocladesub26	255-217-56-6
11291	3.020986310231421e-10	nocladesub20	255-212-231-53
11292	1.5263483370956606e-07	nocladesub2	255-70-122-242
11293	1.744511334585208e-07	nocladesub2	255-70-122-242
11294	2.548015975776989e-09	nocladesub20	255-212-231-53
11295	1.0510543206108807e-20	nocladesub2	255-70-122-242
11296	3.0845542234853378e-25	nocladesub2	255-70-122-242
11297	8.901440078418302e-10	nocladesub12	255-122-4-2
11298	2.2164742090078707e-09	nocladesub12	255-122-4-2
11299	4.5958242620590835e-20	nocladesub12	255-122-4-2
11300	2.626637912954802e-09	nocladesub12	255-122-4-2
11301	1.884475841017228e-06	nocladesub20	255-212-231-53
11302	0.0179477189023566	nocladesub12	255-122-4-2
11303	1.9951160113633114e-06	nocladesub20	255-212-231-53
11304	3.7196462310480447e-10	nocladesub20	255-212-231-53
11305	0.0009484204571472	nocladesub12	255-122-4-2
11306	3.637820481016012e-07	nocladesub12	255-122-4-2
11307	0.0002052327369355	nocladesub12	255-122-4-2
11308	2.43870921440293e-06	nocladesub22	255-101-252-104
11309	0.0031904924680609	nocladesub12	255-122-4-2
11310	1.2041417400636566e-05	nocladesub22	255-101-252-104
11311	0.0009786079006466	nocladesub20	255-212-231-53
11312	3.4771495191709526e-05	nocladesub2	255-70-122-242
11313	0.0161818412597652	nocladesub26	255-217-56-6
11314	0.0056566653923719	clade6sub19	255-254-152-44
11315	1.675628014543722e-06	nocladesub26	255-217-56-6
11316	0.0004744076855995	nocladesub2	255-70-122-242
11317	0.2967902000291912	nocladesub12	255-122-4-2
11318	0.0513698152638673	nocladesub10	255-26-209-210
11319	0.6833608458791544	nocladesub2	255-70-122-242
11320	0.0079348767242284	nocladesub10	255-26-209-210
11321	0.884496681554957	nocladesub2	255-70-122-242
11322	0.002622347461239	nocladesub20	255-212-231-53
11323	8.394239028545019e-06	nocladesub2	255-70-122-242
11324	0.4124021370270424	nocladesub2	255-70-122-242
11325	0.0409639350474786	nocladesub12	255-122-4-2
11326	8.591244909282495e-05	nocladesub22	255-101-252-104
11327	0.0011111412789759	clade6sub19	255-254-152-44
11328	0.0199657961446367	nocladesub22	255-101-252-104
11329	0.0698564111775251	nocladesub12	255-122-4-2
11330	0.0002697871015085	nocladesub12	255-122-4-2
11331	0.0001955911916145	nocladesub12	255-122-4-2
11332	0.0001785434363295	nocladesub22	255-101-252-104
11333	0.126776776055843	nocladesub12	255-122-4-2
11334	0.0018767498089818	nocladesub12	255-122-4-2
11335	0.053916860499592	nocladesub2	255-70-122-242
11336	0.0161856448915581	nocladesub2	255-70-122-242
11337	0.0020109913958012	nocladesub22	255-101-252-104
11338	0.8795171754997413	nocladesub2	255-70-122-242
11339	0.1300213581153387	nocladesub2	255-70-122-242
11340	0.0585565711266129	nocladesub2	255-70-122-242
11341	0.0818281773175461	nocladesub2	255-70-122-242
11342	1.972934992883988e-05	nocladesub12	255-122-4-2
11343	0.0047098147105164	nocladesub12	255-122-4-2
11344	9.169286522930208e-05	clade6sub19	255-254-152-44
11345	6.550115352361109e-09	nocladesub12	255-122-4-2
11346	6.91403442625189e-17	nocladesub12	255-122-4-2
11347	0.0002229554721848	nocladesub20	255-212-231-53
11348	3.360221358108162e-05	nocladesub12	255-122-4-2
11349	5.3482209650989264e-05	clade6sub19	255-254-152-44
11350	2.115211656807903e-21	nocladesub20	255-212-231-53
11351	0.0007862760813247	nocladesub12	255-122-4-2
11352	1.1442470834888342e-20	nocladesub12	255-122-4-2
11353	9.832349517438816e-05	nocladesub12	255-122-4-2
11354	8.01802869477094e-22	nocladesub12	255-122-4-2
11355	1.3450146705553558e-06	clade6sub19	255-254-152-44
11356	1.551911064094406e-07	nocladesub20	255-212-231-53
11357	1.8406309062885333e-07	nocladesub12	255-122-4-2
11358	7.193358358501751e-05	clade6sub19	255-254-152-44
11359	4.507182691124096e-16	nocladesub12	255-122-4-2
11360	2.154249816079848e-05	clade6sub19	255-254-152-44
11361	6.482858227626958e-17	nocladesub12	255-122-4-2
11362	1.645035407722276e-06	nocladesub12	255-122-4-2
11363	8.15376765946631e-06	nocladesub12	255-122-4-2
11364	9.84470284291952e-07	clade6sub19	255-254-152-44
11365	2.5290594111311502e-06	nocladesub12	255-122-4-2
11366	9.931098731325352e-07	clade6sub19	255-254-152-44
11367	1.1313030913542786e-12	nocladesub2	255-70-122-242
11368	5.416275827683222e-13	nocladesub12	255-122-4-2
11369	9.426778016109632e-18	nocladesub12	255-122-4-2
11370	2.0848331733284996e-11	nocladesub12	255-122-4-2
11371	1.7598836814981808e-16	nocladesub20	255-212-231-53
11372	8.344110858967211e-26	nocladesub2	255-70-122-242
11373	9.407489356085985e-18	nocladesub20	255-212-231-53
11374	9.62056060450964e-07	nocladesub10	255-26-209-210
11376	1.0130342567850797e-15	nocladesub2	255-70-122-242
11377	2.17623178793201e-08	nocladesub12	255-122-4-2
11378	0.0021280961457224	nocladesub26	255-217-56-6
11379	0.0004879644136979	nocladesub2	255-70-122-242
11380	1.2763700110550126e-07	nocladesub2	255-70-122-242
11381	1.2861067572242036e-11	nocladesub2	255-70-122-242
11382	2.993739249597436e-19	nocladesub20	255-212-231-53
11383	1.858566888681237e-27	nocladesub12	255-122-4-2
11384	1.4384214507751343e-24	nocladesub12	255-122-4-2
11385	3.30044886810911e-07	nocladesub12	255-122-4-2
11386	6.667460320810962e-17	nocladesub12	255-122-4-2
11387	3.559015630491101e-17	nocladesub20	255-212-231-53
11388	1.592735711764212e-26	nocladesub20	255-212-231-53
11389	4.457341426670151e-15	nocladesub20	255-212-231-53
11390	8.638775205964086e-12	nocladesub20	255-212-231-53
11391	1.9424636017938347e-05	nocladesub10	255-26-209-210
11392	0.0006034134296182	nocladesub10	255-26-209-210
11393	1.6904900733973613e-08	nocladesub2	255-70-122-242
11394	2.6621985467739975e-05	nocladesub12	255-122-4-2
11395	0.0002947362911844	nocladesub22	255-101-252-104
11396	0.6408195147407175	nocladesub12	255-122-4-2
11397	0.0004221648119714	nocladesub2	255-70-122-242
11398	0.000648745707244	nocladesub26	255-217-56-6
11399	0.008945815815395	clade6sub19	255-254-152-44
11400	0.5510934737696987	clade6sub19	255-254-152-44
11401	0.0827244346059706	nocladesub26	255-217-56-6
11402	0.0001780139837833	nocladesub12	255-122-4-2
11403	3.839642732189239e-05	nocladesub2	255-70-122-242
11404	4.002384562348749e-07	nocladesub2	255-70-122-242
11405	3.3842092438551625e-07	nocladesub2	255-70-122-242
11406	0.0035014845027694	nocladesub2	255-70-122-242
11407	8.367353178732824e-09	nocladesub12	255-122-4-2
11408	0.0016938679328264	nocladesub12	255-122-4-2
11411	0.5796689247259019	nocladesub2	255-70-122-242
11412	0.0009440872955163	nocladesub12	255-122-4-2
11413	0.0001166300301377	nocladesub20	255-212-231-53
11416	4.871420044607167e-05	clade6sub19	255-254-152-44
11420	3.0490850646690997e-09	nocladesub12	255-122-4-2
11421	8.89327358438033e-09	nocladesub12	255-122-4-2
11422	1.485972080596686e-08	nocladesub12	255-122-4-2
11424	0.0011083043625578	nocladesub12	255-122-4-2
11425	2.899125179062904e-20	nocladesub12	255-122-4-2
11426	2.879204496085597e-10	nocladesub12	255-122-4-2
11427	0.024777463189922	nocladesub12	255-122-4-2
11429	0.003978834453051	nocladesub26	255-217-56-6
11430	0.0008674226302699	nocladesub2	255-70-122-242
11433	5.595982778255759e-15	nocladesub10	255-26-209-210
11434	0.0001850679554622	nocladesub20	255-212-231-53
11435	6.02729132345453e-17	nocladesub10	255-26-209-210
11437	0.0001539014491848	nocladesub12	255-122-4-2
11439	2.7952001955135296e-05	nocladesub26	255-217-56-6
11441	0.0016104406645309	nocladesub26	255-217-56-6
11442	2.6627256731201085e-05	nocladesub12	255-122-4-2
11443	0.0003081745427759	nocladesub26	255-217-56-6
11444	5.434705333839473e-05	nocladesub26	255-217-56-6
11446	0.10988311415989	nocladesub2	255-70-122-242
11447	0.186424679227339	nocladesub2	255-70-122-242
11449	6.237145006420527e-07	nocladesub2	255-70-122-242
11451	0.0049390706908826	nocladesub12	255-122-4-2
11452	0.3433649515195697	nocladesub10	255-26-209-210
11453	8.503253047689955e-07	nocladesub2	255-70-122-242
11454	0.0086083568782263	nocladesub2	255-70-122-242
11455	0.0008972197877107	nocladesub2	255-70-122-242
11456	3.468278280258293e-07	clade6sub19	255-254-152-44
11457	5.294778353763673e-05	nocladesub12	255-122-4-2
11458	5.097384783761083e-05	clade6sub19	255-254-152-44
11459	0.4287331350445456	nocladesub2	255-70-122-242
11460	8.407879800748644e-10	nocladesub20	255-212-231-53
11462	8.318605277160318e-14	nocladesub20	255-212-231-53
11463	1.4747596624268273e-23	nocladesub20	255-212-231-53
11464	5.108190557269886e-21	nocladesub10	255-26-209-210
11465	1.634173639260959e-27	nocladesub20	255-212-231-53
11467	2.947114239542945e-21	nocladesub20	255-212-231-53
11468	6.943857465271889e-19	nocladesub20	255-212-231-53
11470	2.314961403349794e-12	nocladesub20	255-212-231-53
11471	1.0935814469348684e-24	nocladesub20	255-212-231-53
11486	8.38614685762578e-13	nocladesub20	255-212-231-53
