label_id	anchor_x	anchor_y	anchor_z
1	186.888829787234	166.8937943262412	19.205141843971635
2	199.2998302207129	190.74915110356545	27.65127334465194
3	124.97670744138651	78.24016309887871	235.7234964322121
4	125.37917754569179	119.75675587467363	170.6565274151436
5	210.5496099843993	187.0188767550703	36.91092043681748
6	234.6195530726257	165.00204841713222	36.932960893854755
7	112.98878748370278	111.28428943937423	179.15299869621902
8	151.8294117647064	146.35000000000025	50.555555555555564
9	145.2674999999999	79.34000000000003	152.705
10	140.41985737794846	115.57723532638514	168.71513987931982
11	156.56252821670432	89.50722347629805	162.02217832957112
12	112.48517173051523	89.25439233817688	254.72955746367242
13	114.97293343087046	93.21997073884422	257.09301389904897
14	167.73580645161283	172.22664516129018	18.290516129032266
15	212.94742351046688	141.59798711755238	99.87504025764895
16	109.0061550151976	91.16458966565357	237.95273556231004
17	112.98416949152546	91.48644067796623	251.11955932203392
18	178.77495636998253	167.53595113438047	68.20671902268761
19	117.48272490221642	146.1243155149934	157.99700130378096
20	149.00528846153838	70.62548076923075	200.90721153846158
21	178.27078169685424	182.43064823641566	183.19089609151573
22	165.08085106382998	158.659574468085	224.14148936170216
23	92.70555555555555	147.32311827957	157.08413978494625
24	133.9794542174113	125.81504285069911	163.14607577807845
25	138.2349283520985	129.71865404298867	249.26540429887413
26	109.148447204969	84.33850931677031	235.13416149068325
27	116.57357774968395	87.76776232616949	231.8128318584071
28	150.62474344355766	139.7056442417332	60.66932725199547
29	171.0122278056951	151.60192629815754	34.9641541038526
30	152.26992099322806	140.67708803611728	59.07409706546277
31	168.09329829172157	152.80459921156384	34.835019710906714
32	106.24995479204348	95.54136528028938	234.43625678119358
33	109.4331794575881	90.21967686093477	247.7415175995384
34	107.87579329102451	85.98050770625572	247.59873073436088
35	109.0291842475387	88.95457102672304	249.11673699015472
36	107.16093884582277	138.82833763996555	172.00267011197244
37	117.11787204450623	145.78748261474271	155.34401947148814
38	146.6418402777777	47.95312499999999	226.51883680555562
39	158.68526119402975	130.1423134328359	183.427052238806
40	206.608695652174	149.37188215102998	146.60677917620134
41	199.75725785510278	170.30062321474966	150.75227213710727
42	134.78367346938774	137.18321995464856	108.09308390022676
43	88.0219026548672	116.47831858407078	207.65663716814163
44	122.32725509214352	113.01993210475264	167.10451018428708
45	119.81928327645052	112.66552901023891	173.44709897610923
46	123.1842643051771	115.52997275204358	166.7324250681199
47	123.55632295719845	84.5459143968871	207.87003891050583
48	166.55573022312402	149.00035496957406	33.585699797160245
49	192.78804651162812	178.3804341085268	158.98206201550389
50	137.50315789473706	122.24157894736842	169.2273684210527
51	125.59070598748907	130.4104557640751	172.5092940125112
52	139.06133501259444	117.23381612090674	171.41227959697736
53	182.42412199630292	167.04547134935294	195.13613678373383
54	184.75735586481102	150.57024519549373	171.00480450629556
55	201.9096183206107	184.2659541984734	106.77305343511452
56	101.6156828703704	94.2677083333333	237.86927083333345
57	150.8618167202573	144.09204180064316	108.70546623794212
58	135.94608433734942	133.09337349397592	128.9451807228916
59	111.12669300225737	94.32003386004529	231.19057562076748
60	107.93353531132477	91.21863769327204	236.59078562473888
61	174.99990234374994	120.170703125	72.48076171875
62	106.46209905660388	124.07792452830195	214.5378773584906
63	166.11443750000015	148.1768749999998	235.02943750000003
64	192.6513489208633	173.94838129496426	166.64208633093526
65	214.6066610455313	176.9914839797639	112.56821247892073
66	148.94927710843382	147.7664457831325	34.84879518072289
67	104.36485463958576	91.2833532457188	232.16571087216252
68	133.1512807377049	124.58401639344265	132.85514856557378
69	132.41961852861036	122.47815622161673	128.344323342416
70	133.17889812889814	126.13809771309772	125.29137214137216
71	105.36540962288684	139.4310793237971	145.139921976593
72	123.79176500769621	134.99212416623914	163.63727552591072
73	100.34241706161146	100.84158767772509	237.1086492890995
74	107.88385012919895	92.52506459948329	236.65206718346252
75	204.00935960591136	129.89076354679804	21.422906403940875
76	191.1154560129136	170.64471347861186	174.16622276029057
77	159.29375	157.1364583333333	228.4875
78	211.57150943396232	177.19547169811332	114.64698113207548
79	96.8068322981367	109.48416149068323	230.2129192546584
80	146.70720081135892	144.9205375253551	37.995182555780936
81	123.22419454770758	109.59278190830237	176.04225526641886
82	110.15801587301588	127.52972222222223	164.67916666666667
83	122.45854430379744	116.48077531645569	171.01867088607597
84	138.55511129431162	167.3201566364386	70.51924979389942
85	199.09648000000004	187.8175200000001	94.72232000000002
86	189.63535980148887	167.74909015715463	80.92506203473947
87	136.9989239598278	114.62883787661421	208.29020803443328
88	144.55878048780477	130.29312195121952	108.87853658536586
89	111.82894211576848	82.79530938123762	202.64920159680642
90	123.3993844049246	142.18440492476063	154.87051983584132
91	151.48471017800094	69.05324052943858	192.3724783204016
92	153.28816091954016	72.66448275862071	198.6283908045977
93	148.45507614213219	142.35025380710658	38.444162436548226
94	102.2734200743495	104.67460966542744	221.97345724907063
95	145.0946951219513	142.7404268292684	38.34908536585366
96	196.97963917525774	154.66752577319573	166.4729381443299
97	164.8541243654821	187.13889593908638	189.95031725888327
98	112.38035814213762	137.68774482372692	189.51454952434247
99	110.46175141242941	119.0964406779661	193.23861581920903
100	145.9122950819672	146.9471766848818	37.23269581056466
101	129.6369980879541	102.30736137667307	171.38652007648184
102	111.17108355091386	95.53880548302877	234.01566579634468
103	108.33189775910358	96.6551820728293	237.9601190476191
104	122.94648924122312	113.39343148357872	177.22893544733864
105	120.24553004396681	112.53827552515881	183.01646311675626
106	211.65330232558136	162.49558139534852	123.9505581395349
107	205.37823970037465	175.23205992509378	125.16558052434459
108	147.60979381443312	156.72731958762864	41.643127147766336
109	165.15366412213712	178.13198473282452	208.36854961832063
110	103.47531328320801	115.2314536340852	220.6076441102757
111	170.50311614730862	96.61521246458916	153.0290084985836
112	161.61571588366897	37.369854586129726	235.76728187919463
113	69.34627151051626	155.53747609942639	245.08652007648186
114	145.5879634206623	92.7501730103807	194.73887790410282
115	163.76443661971834	52.1957746478873	217.706073943662
116	150.58400000000015	135.082	35.22833333333333
117	208.64449999999988	172.6864999999998	140.09650000000002
118	208.80466101694918	150.54237288135587	146.30593220338983
119	205.13529411764733	139.3668067226891	147.94831932773113
120	209.66313131313115	139.72424242424245	133.19040404040405
121	192.38491124260375	184.57692307692304	134.00118343195268
122	190.6159226190477	195.06339285714267	143.3863095238096
123	182.42038745387475	180.06462177121722	164.7092712177122
124	114.40572916666672	110.46897321428571	236.2847470238096
125	153.29008152173932	103.66304347826092	108.75951086956523
126	112.6286272806256	88.44296264118151	215.52354474370117
127	93.37904564315355	147.66016597510387	160.53609958506226
128	90.81982182628059	112.21837416481071	218.23853006681514
129	136.04363057324838	123.03248407643312	120.628025477707
130	143.81684322033897	133.73622881355934	95.13834745762712
131	154.96638036809819	141.26024539877315	103.61797546012272
132	144.69024390243888	126.15625000000006	108.83125
133	192.50153738644303	183.54395527603046	148.20866526904263
134	196.39968304278943	151.83486529318546	188.57416798732172
135	181.0607508532424	199.5843003412969	117.19317406143348
136	150.07609988109408	139.14607609988118	56.442033293697996
137	149.6444520547946	148.6100000000003	44.89130136986302
138	121.45472440944886	117.91076115485563	192.02506561679792
139	136.74342723004662	124.96785714285713	171.92516767270286
140	174.46553254437882	120.5508875739645	64.65917159763313
141	113.97276302851525	112.80570304818092	181.02084562438546
142	151.05025817555932	137.58235800344235	42.92508605851978
143	129.82763157894738	98.35131578947365	181.9197368421053
144	149.31572420634916	120.6420634920635	131.70099206349207
145	122.1734681372549	113.10453431372551	177.3596660539216
146	201.47422360248456	172.04836956521737	142.71902173913043
147	133.0213156002875	84.4437814521925	220.0755212077642
148	212.07544378698222	172.3566568047339	122.62938856015779
149	149.45801186943615	66.59896142433234	204.6
150	121.47865028981516	89.62677339221644	236.83837979574943
151	124.14325	81.64804999999998	223.66685
152	146.52058823529413	66.95735294117647	200.6705882352941
153	202.5453639514731	179.09601386481805	141.74033795493938
154	191.0497641509435	177.77749326145542	159.85876010781666
155	182.3098392036754	183.44942572741192	171.17970903522206
156	178.8626057529611	176.21311336717415	189.0441201353638
157	180.57818181818183	190.07181818181812	162.2040909090909
158	193.08451882845205	177.32398884239902	163.6645048814505
159	141.71129707112974	129.69184100418408	106.26046025104604
160	207.46556082148498	138.4714060031596	134.41026856240128
161	141.0530674846626	122.47743207712536	98.48808063102541
162	106.02965811965817	151.66202991452988	185.72207264957265
163	142.7528918692372	169.08466051969825	142.75104777870914
164	193.22911877394642	199.02203065134108	110.9250957854406
165	132.9337777777778	168.18999999999986	51.551703703703716
166	114.69229208924948	89.1490872210952	227.22809330628812
167	153.33691588785044	139.66059190031157	81.09587227414329
168	106.39408284023668	96.43387573964499	238.2899408284024
169	125.17932790224043	109.84093686354376	156.95386965376784
170	97.78876404494386	144.15561797752824	165.0041198501873
171	81.72597402597404	152.86233766233758	225.3532467532468
172	148.47125890736328	135.20659144893114	49.30861045130642
173	144.7867699115044	150.4103982300886	50.61654867256639
174	140.528381147541	86.43340163934431	132.46321721311475
175	78.58599137931046	208.74554597701126	155.8198994252874
176	87.10258915486074	144.23434294088915	226.06558378114315
177	162.5832949308755	126.84089861751156	33.84907834101383
178	216.1364436619718	159.35911091549298	132.77464788732394
179	202.32337078651688	186.55629213483147	139.05730337078654
180	181.7831553973904	186.83428232502945	151.61960260972722
181	185.57331189710587	183.77700964630213	150.40691318327976
182	206.56918579471645	168.55844521437854	134.39556084885228
183	188.8738693467337	183.54937185929614	162.287311557789
184	154.0750000000001	140.0352564102564	34.27884615384616
185	144.81034985422727	135.9574344023323	173.95714285714286
186	184.2856919468334	159.0798670836588	161.75375293197808
187	139.56540084388183	92.59957805907169	135.19556962025317
188	141.08001955671483	145.47320730117355	83.71078878748372
189	118.98902505446631	113.8098583877996	155.5565359477124
190	135.13030487804872	103.05591463414636	141.04951219512196
191	216.60162601626016	157.3909214092142	104.96653116531166
192	195.60149746192891	165.65609137055847	159.49413705583754
193	99.10901785714285	139.38276785714288	158.48839285714286
194	165.05911485774527	137.77528977871458	59.52750263435195
195	123.61780701754387	108.10973684210524	178.329298245614
196	170.58595178719878	119.15523690773071	65.39925187032418
197	150.881064356436	143.2743193069306	78.37636138613863
198	135.37013422818788	106.282475764355	177.7045488441462
199	145.56435018050584	94.33095667870056	171.42030685920582
200	110.09188337273449	118.85374310480695	175.64070133963753
201	189.1259615384616	196.66143162393158	122.97788461538461
202	146.66069246435853	89.83594704684324	135.25071283095724
203	168.84180463576152	147.74966887417196	229.21386589403977
204	200.25853413654616	181.81586345381518	134.2574297188755
205	171.4698660714285	180.36132812500009	198.898046875
206	184.8442915392457	173.21019367991852	178.42706422018352
207	177.41976744186047	150.4005471956224	214.21108071135438
208	194.76838624338632	171.39484126984118	167.72720458553798
209	198.1892556179775	173.09318820224703	160.61544943820223
210	147.00394402035602	138.41526717557252	92.94160305343513
211	212.0164062500002	158.6456380208334	126.7220052083334
212	163.49666666666673	121.27761904761904	60.9068253968254
213	162.90411089866166	123.79732313575528	65.36061185468452
214	90.17927536231882	121.83057971014496	193.49637681159425
215	121.16940928270051	110.2655883731834	174.49646038443507
216	121.18243021346468	106.66116584564863	187.63579638752051
217	112.456370967742	142.184314516129	167.4665725806452
218	119.41346153846158	109.3455528846154	176.1533653846154
219	108.4133182844244	95.2030756207673	233.47158577878108
220	126.54769442532692	114.16001376462496	175.926565726084
221	158.9992105263157	92.98473684210524	151.4728947368421
222	68.91923076923081	154.71490384615367	252.0942307692308
223	165.01746031746032	41.764072039072005	233.18656898656897
224	78.848431372549	212.036862745098	162.14
225	111.31508147025384	126.70299355816613	182.0274914740432
226	194.74150943396234	162.13169811320768	171.4090566037736
227	154.31787072243318	129.38523447401772	82.59828897338404
228	131.7955314648334	121.71084082496037	141.97300370174509
229	115.45891141942373	102.66627534685169	214.325667022412
230	123.98327586206896	108.99245689655169	178.24575431034484
231	145.2685245901639	145.63639344262282	57.7644262295082
232	145.46884984025544	143.98051118210864	59.403514376996796
233	108.9883859649123	98.82824561403515	224.57059649122812
234	126.63126888217519	72.30810674723075	235.38892245720038
235	167.92185736275027	100.42029245767077	148.3507183170857
236	158.53844049247596	44.52893296853622	239.43508891928866
237	81.77899159663866	211.92331932773118	164.60714285714286
238	127.92640186915895	113.09028037383177	205.7097663551402
239	102.5843832020998	144.67454068241443	122.2472440944882
240	100.045881006865	142.6387871853549	131.25240274599545
241	117.69140625	106.14427083333337	140.91171875
242	161.1524444444446	95.99822222222215	94.79311111111113
243	147.495135135135	118.80990990990988	136.36234234234234
244	217.80885509839	147.4462432915921	103.20912343470484
245	105.93105335157314	123.76580027359772	202.55800273597814
246	90.2609329446064	190.91093294460632	152.1479591836735
247	127.42288135593223	88.28483992467041	189.05861581920902
248	129.8222972972973	180.2018018018018	93.34391891891892
249	138.4105443732845	128.738494967978	106.15452881976212
250	125.62864246643473	112.4860765788165	207.96044256588763
251	139.19128498727738	86.25833333333323	130.85031806615777
252	182.6381102362204	181.12409448818906	156.6573228346457
253	139.16134020618557	129.80378006872854	103.71185567010308
254	141.07835365853666	129.33132621951222	105.35979420731708
255	189.2884340890006	144.39832073887467	199.73035264483627
256	194.23327102803748	176.03289719626176	138.67059190031154
257	164.5239541832669	178.98062749003967	206.05607569721116
258	92.42825567502993	132.49743130227	188.72425328554363
259	107.23572854291416	180.47465069860286	143.575249500998
260	116.73056489576328	120.09973100201752	148.39976462676532
261	121.3392523364486	87.11074766355136	213.20010384215996
262	141.751248671626	120.04758235919232	167.07988841657811
263	98.26585903083698	140.07312775330394	137.4588105726872
264	97.19632352941174	135.55073529411766	139.21066176470592
265	145.13328840970325	136.3975292003594	92.36491464510333
266	156.23311306901613	143.35939794419969	64.80469897209987
267	91.04574468085112	137.38510638297873	186.40212765957452
268	96.83187789799076	132.87132921174654	180.24868624420404
269	193.71022494887532	157.27638036809816	178.91196319018403
270	189.8994791666668	62.346875	147.93541666666667
271	115.60878453038677	122.42635359116022	145.02497237569062
272	140.9388230940044	130.2860843819393	114.83275351591412
273	150.53412698412703	131.97904761904763	69.67714285714285
274	121.68687782805429	158.87782805429867	101.53348416289593
275	160.44627329192554	120.6084239130435	91.99817546583851
276	151.3120098039219	88.82904411764686	126.76151960784316
277	117.21083238312426	120.42240592930445	183.9226339794755
278	110.89833333333333	149.20845238095237	117.01904761904764
279	151.7337535014006	102.95476190476192	117.14075630252104
280	154.53539062499996	124.90843749999996	112.307421875
281	101.85207756232691	144.1198060941829	125.91648199445982
282	157.30310734463276	158.95466101694902	229.32824858757058
283	145.41710526315788	86.46289473684212	145.7384210526316
284	168.57825443786962	114.16893491124262	86.07011834319529
285	82.50587188612094	151.08558718861218	220.81814946619218
286	126.30681818181814	122.48636363636363	127.29090909090912
287	125.7069476082005	81.81970387243742	185.08314350797264
288	141.91620222929933	148.89498407643308	63.803503184713385
289	155.42005242463958	131.00740498034077	70.72509829619922
290	98.6730128893663	127.853141783029	158.64014500537058
291	192.58634812286687	74.66296928327652	138.6882252559727
292	92.14410669975192	107.59460297766745	228.17630272952854
293	102.99118110236229	98.95409448818899	226.89362204724412
294	155.31571428571434	133.3657142857143	62.02142857142857
295	176.23074712643688	113.6255747126437	43.9778735632184
296	171.07795129698275	145.70574377977803	226.87339862361043
297	169.64326923076928	80.6670192307692	137.75913461538462
298	156.87140957446832	111.45252659574469	146.4565159574468
299	148.49440203562358	99.83549618320608	116.43346055979643
300	131.62067067067062	125.1461961961962	132.87675175175175
301	143.9443396226417	89.83086253369268	134.86711590296494
302	145.07134502923972	144.2173976608187	58.43830409356725
303	171.5669172932332	196.21766917293255	162.14937343358397
304	144.1619369369371	119.61013513513514	98.83400900900902
305	117.65443786982249	157.9655325443786	92.11360946745562
306	134.21101376720904	123.75481852315392	108.37891113892367
307	147.3345511482256	91.28851774530277	129.1374739039666
308	101.48322834645671	151.23614173228341	131.32960629921266
309	98.52350230414748	140.6225806451613	139.96612903225807
310	187.2672064777328	162.24331983805666	76.19170040485831
311	184.08560079443882	163.9218470705064	76.33093346573982
312	187.98438775510223	161.51086734693882	73.84647959183674
313	146.16803405572728	193.69791021671844	80.0284055727554
314	209.92890428211587	127.68658690176323	81.76297229219146
315	212.53765432098783	124.01311728395063	77.99814814814816
316	165.91846295162296	168.84764237599518	64.23481322718925
317	172.9199370709383	159.8495709382151	75.08443935926772
318	171.98512585812375	165.65194508009156	67.57259725400459
319	144.69912731006133	186.74928131416854	76.6798254620123
320	181.51598546775662	141.24409627611254	76.6598092643052
321	159.8043317370484	170.90370047888558	73.04177187636047
322	174.9537077826727	174.8317547723936	78.97870778267254
323	177.17947570332484	161.74501278772368	67.72947570332482
324	154.526873857404	177.96974405850085	69.98523765996346
325	177.6303927492447	154.00232628398788	68.66392749244714
326	166.0772482014388	183.82365107913682	73.74105215827339
327	194.0287634408601	111.35873655913984	78.54354838709678
328	157.2467988865693	161.1228253305497	76.14572025052192
329	153.41358234295436	162.11179966044156	72.89040747028864
330	158.2964012251149	170.70972434915763	73.55260336906585
331	168.53159037095472	169.44840173638545	77.95674822415154
332	169.53414634146358	147.95197274031543	69.70204447632712
333	179.64268846503185	155.1604450499547	76.52693006357858
334	183.49339743589744	157.80134615384628	71.57544871794872
335	165.13931398416898	182.13271767810028	71.39841688654354
336	171.24105597230223	148.83958453548746	64.8311309867282
337	191.65297157622746	128.83359173126615	69.75478036175711
338	170.97695936139326	156.09383164005808	64.64735123367201
339	165.7012770137523	155.1507858546171	75.42023575638505
340	174.8888387824126	174.80078917700138	76.45868094701241
341	195.4213567839197	112.58140703517591	73.31859296482412
342	212.9426116838488	133.6707903780069	77.72955326460483
343	162.6181764705883	151.0642941176469	62.702588235294115
344	176.22477618621295	146.6097135183523	79.26081020590868
345	175.38818807339445	145.02213302752284	67.75848623853211
346	142.81415525114156	183.08219178082183	68.36993911719941
347	175.23630798969083	144.47847938144338	68.95093427835053
348	165.68264248704662	176.44766839378266	78.36113989637306
349	149.81467236467256	167.92340930674283	74.15102089268758
350	155.3694630872483	171.76610738255027	59.83003355704696
351	139.1373563218391	192.00057471264373	56.47772988505746
352	169.01819571865462	164.111365953109	63.623394495412846
353	189.87208237986263	142.17185354691088	77.22780320366135
354	158.42111607142868	167.40379464285715	62.82620535714284
355	153.5811926605503	194.9587811271298	72.26913499344694
356	216.04287410926358	121.61923990498812	72.46282660332541
357	164.75224518888106	138.33421240199573	71.86575196008555
358	164.12016700404857	153.38097165991925	71.22221659919029
359	169.86712328767118	169.20353003161225	69.66628029504743
360	183.1965696917064	152.4536474164137	76.54194528875381
361	179.94159599074806	145.66306861989187	74.55871241326138
362	144.93373015873019	185.82828798185952	70.98803854875284
363	182.7836734693876	135.6326530612245	74.16020408163267
364	201.88951149425296	112.71997126436793	77.18175287356323
365	160.74551569506713	166.35156950672658	76.76158445440959
366	135.62439678284184	196.5903485254693	65.75080428954423
367	192.28598790322587	133.19702620967746	75.29233870967741
368	214.29170212765962	128.00021276595746	73.80531914893619
369	193.43499999999992	108.03604166666668	72.99416666666667
370	154.24719529085854	152.0527181440445	69.50339335180054
371	156.4443571428572	155.7827857142858	67.38364285714286
372	171.5972268907564	158.23823529411774	73.84574229691876
373	169.17392638036802	167.13884202454003	76.97933282208591
374	190.0805486284287	143.34014962593534	76.20105985037407
375	188.97760497667184	146.08102643856918	68.32146189735614
376	146.1389502762431	185.5675690607736	65.34182320441991
377	140.79503012048178	202.3105421686748	72.76731927710844
378	206.7649867374006	112.02201591511938	73.05954907161805
379	214.39523809523808	122.27169312169313	69.93439153439154
380	174.69096573208714	172.27336448598138	69.7043613707165
381	185.41000820344536	158.97301066447926	72.58826907301065
382	146.3058510638299	157.31063829787252	74.74574468085106
383	164.09629629629632	156.74629629629646	71.73703703703706
384	192.40019422863463	136.932602663707	69.23651498335184
385	160.5690514469454	169.75192926045028	72.75032154340836
386	186.81882352941182	138.15784313725493	71.95617647058825
387	179.79225721784778	151.28897637795285	74.33083989501313
388	157.0918918918919	177.1331600831601	64.80623700623701
389	183.8326923076924	140.78076923076927	69.12307692307692
390	167.38817451205514	164.7714121699196	70.6260619977038
391	174.06228710462295	171.47420924574226	74.82408759124087
392	174.2015280135823	165.39312393887948	66.976740237691
393	186.67072152653546	152.05417412045344	73.14999999999998
394	197.4869200394867	143.33010858835138	69.16209279368213
395	174.5743781094527	173.26847014925377	70.79608208955223
396	192.80347266881023	144.36916398713828	66.53974276527329
397	146.00782761653454	161.3202726473176	60.236851363236596
398	156.5155737704921	144.29320843091347	60.161241217798604
399	171.05757575757582	148.8909090909091	68.89545454545456
400	156.1131578947369	171.024828375286	70.22883295194508
401	203.5789570552149	120.82184049079756	72.78085889570553
402	142.985806451613	197.71967741935487	69.685
403	141.26593264248697	197.47564766839372	60.09676165803109
404	198.1455470737913	124.86959287531805	67.69058524173028
405	168.60892857142863	165.16116071428573	68.375
406	191.7851458885941	141.37261273209552	71.64588859416446
407	155.62591240875915	179.54221411192228	59.24209245742094
408	156.921875	181.2876388888887	61.692430555555546
409	163.21682626538978	176.90061559507527	75.6780437756498
410	176.85129198966405	152.60723514211898	64.03023255813953
411	156.12730673316722	174.81496259351616	64.49812967581049
412	175.03513203214663	154.95034443168763	64.29948335246843
413	211.30294117647065	118.94607843137257	68.98529411764707
414	177.54921465968582	160.98298429319362	66.35994764397904
415	155.2159139784949	139.05034946236543	62.550080645161316
416	151.81590229312053	165.1036390827516	74.99356929212361
417	174.6594281298299	151.1284389489953	69.24814528593511
418	173.28579881656802	156.54497041420132	75.84711538461538
419	175.4792187500001	158.66640624999994	74.51984375
420	167.945731707317	166.07865853658555	63.421951219512216
421	143.3666666666666	203.40833333333345	67.52226775956285
422	198.90810810810814	115.95270270270271	68.62702702702704
423	168.73421052631568	177.14149122807027	75.34228070175439
424	149.78385714285722	200.98885714285717	72.3847142857143
425	208.76566416040092	128.02456140350878	78.82644110275689
426	179.3252522704338	145.20776992936442	79.84296165489407
427	169.08228550295829	157.32481508875745	66.3055103550296
428	171.53529411764697	159.25555555555562	65.37810457516339
429	142.3461971830986	193.8138028169014	57.632253521126756
430	170.94286600496275	157.65006203473968	63.22406947890821
431	211.94373134328347	122.19522388059704	72.0910447761194
432	209.41211267605632	121.01549295774649	70.06845070422536
433	170.2348756906076	172.964364640884	70.34606353591161
434	210.6413894324853	122.27113502935423	76.38326810176126
435	153.30277777777778	173.4740740740741	69.25185185185185
436	160.12250803858532	167.63593247588432	70.20900321543408
437	166.91654465592953	160.09912152269405	72.34714494875548
438	185.24955089820372	143.58293413173644	68.41571856287425
439	187.78652582159629	144.89117370892032	70.71399061032865
440	163.90822259136226	176.58106312292372	73.73471760797344
441	204.5780000000001	124.03844444444442	72.09888888888891
442	174.32469733656174	166.2891041162227	70.67033898305084
443	190.40240585774052	144.68912133891212	70.99832635983266
444	148.8363057324841	198.54824840764334	69.76066878980892
445	208.01848874598062	126.34348874598072	72.77950160771705
446	178.975478927203	153.53358876117488	75.00862068965517
447	149.11123152709342	160.52034482758614	66.74453201970444
448	168.3731854838709	114.04294354838709	63.85766129032258
449	146.07506410256397	192.04942307692318	67.59358974358976
450	146.2834004024146	195.73913480885312	69.89758551307848
451	199.7222733245729	124.73074901445469	71.93942181340344
452	157.89586492074432	137.03452791178495	61.77057201929706
453	147.81975439660403	150.43867495451784	62.735021224984855
454	167.37885742187513	149.69560546874996	73.888525390625
455	162.0537344398337	135.7856846473029	70.50601659751038
456	147.5785245901639	137.24122950819674	63.514180327868864
457	125.55944148936173	160.08656914893626	60.54534574468085
458	157.8522370714699	127.39131319000576	61.43541545613019
459	183.0999031007753	111.25881782945736	70.3264534883721
460	147.11787564766837	161.71211139896369	70.44702072538863
461	147.66740331491698	145.05383977900553	60.81754143646406
462	178.5893650793651	105.58603174603174	64.02698412698415
463	154.18246308016904	148.69928797468364	71.8460706751055
464	191.65115606936413	110.72167630057804	73.05462427745664
465	168.41871287128725	151.82287128712886	61.283069306930685
466	175.48586956521717	133.8707971014493	68.53797101449275
467	162.58076625386988	164.2052244582039	66.21242260061923
468	156.41883802816903	116.62323943661968	66.44154929577465
469	149.94041850220245	145.9183920704844	66.26651982378854
470	149.97158836689044	156.76681580909775	69.85369127516779
471	135.4642997061704	174.18839373163559	72.50572967678747
472	151.41984455958553	162.60279792746124	68.51290155440414
473	171.81301587301587	157.18519841269824	66.98214285714286
474	136.68962264150946	180.1915094339623	65.44622641509434
475	147.38525469168889	185.81595174262725	61.53512064343165
476	139.2630690161527	186.66240822320128	66.5007342143906
477	182.7595127610209	134.50116009280742	72.67529002320188
478	155.10926418439757	164.29397163120572	72.35571808510639
479	164.64730941704053	171.9218609865471	60.32242152466369
480	187.15244267198383	161.164257228315	72.30279162512464
481	171.87792553191508	184.2039228723404	75.71788563829789
482	186.8789558232933	122.23076305220886	72.88692771084341
483	138.45174897119344	138.91177983539094	67.75156893004115
484	164.50403930131006	151.551419213974	62.147598253275106
485	121.88129921259844	168.8348425196849	64.93248031496064
486	154.10955955955959	167.04584584584586	69.17227227227228
487	174.71696141479094	111.05401929260452	56.26358520900322
488	138.09941406250002	153.1757161458335	62.961035156249984
489	165.69895833333362	138.2168931159424	65.42708333333331
490	156.39048050770617	151.42601994560303	66.9713508612874
491	153.53927725118496	155.62979857819886	63.46700236966824
492	145.99362416107368	162.37611856823298	65.86834451901565
493	147.99415137614687	170.14805045871537	64.72465596330275
494	190.2107058823531	113.55752941176468	65.08635294117647
495	141.74990039840637	146.09347609561752	64.63266932270918
496	144.76231884057992	151.67608695652203	64.75797101449277
497	152.34730309531136	138.56241189089786	61.99914189396257
498	157.52263473053912	157.97580838323358	64.54991017964075
499	152.9035889070146	164.8654159869495	65.6357259380098
500	166.06082402234648	145.8137569832401	68.944343575419
501	181.91911165444168	144.1071719641401	71.68378158109209
502	128.25712851405623	152.35993975903617	67.73835341365461
503	140.81070359281432	142.19064371257485	70.18373253493014
504	121.60997818974924	224.13729552889848	74.10965103598694
505	177.72892376681614	106.84304932735424	59.00044843049328
506	186.09083333333342	129.21749999999997	64.62916666666666
507	153.71023796347546	174.26142778085222	63.3982291090205
508	165.48254466441273	161.27455335586646	62.622984065668795
509	189.7464878671777	142.3909961685825	69.95255427841636
510	179.73304597701153	106.96551724137932	70.02385057471265
511	166.6233102253033	169.94618717504338	71.86793760831891
512	159.31424802110826	192.46662269129314	77.97229551451187
513	139.20689655172416	126.03639846743296	63.66091954022989
514	159.60822006472506	133.69699029126215	72.99621359223302
515	143.20877985797267	133.87972885732728	75.85845706907682
516	186.8700000000001	146.8415625000001	70.82937500000001
517	144.98828642384098	137.36523178807943	60.71854304635765
518	148.13890186915876	136.68442367601241	61.3871105919003
519	189.299630314233	142.71127541589644	78.90212569316083
520	149.01229559748424	145.39336477987425	70.28654088050315
521	144.79130622837368	162.71340830449822	64.09450692041523
522	138.60916666666668	131.93787037037035	74.88046296296297
523	196.42528517110267	108.9	75.96692015209126
524	146.99698275862073	194.59612068965507	71.50818965517243
525	217.62645631067963	112.96225728155342	75.25788834951456
526	132.32282608695652	135.24704968944096	73.29689440993789
527	137.82449381327336	136.8494656917886	71.45390888638921
528	187.17734026745896	140.35542347696875	78.43261515601783
529	145.85274725274718	184.37605965463104	73.3554945054945
530	174.37560620756562	155.6190591658586	66.39582929194957
531	177.87488514548244	156.3031776416539	68.089663093415
532	163.13490099009894	110.06943069306931	58.8472772277228
533	150.05425101214576	113.89008097165993	71.18454790823213
534	136.0300159659393	130.17876530069188	68.29542309739223
535	191.3782894736843	106.543201754386	73.27543859649123
536	193.98565088757388	139.8643491124258	78.89652366863906
537	172.10339458907598	168.93113833588566	77.71761102603371
538	175.0515531062125	158.424248496994	69.51548096192386
539	159.0036363636362	151.65545454545438	60.00954545454546
540	133.54665605095542	135.1187101910828	72.13057324840764
541	148.93006230529596	118.69034267912771	65.13473520249222
542	140.8227810650889	128.51653106508877	68.03321005917161
543	189.89219759926135	150.1202908587258	67.8180978762696
544	168.78819787985867	171.3201413427561	68.7348409893993
545	131.76443695861406	138.9943695861405	63.87305101058711
546	147.04389830508458	161.27118644067815	64.25342372881356
547	146.34732937685462	156.06454005934728	58.641097922848644
548	143.49769687964334	167.8121099554231	61.39405646359583
549	152.17476340694006	148.29006309148284	63.57011041009465
550	133.34835051546392	200.91103092783516	62.92340206185567
551	120.9707594936709	159.3398734177216	68.77506329113925
552	165.2522765598649	169.5944631815629	68.03057897695335
553	163.80685823754783	172.32616858237557	69.96295019157088
554	144.22113676731786	120.49200710479572	64.31287744227356
555	133.61342042755345	128.0271971496437	70.50320665083137
556	153.14045676998362	161.30073409461656	59.216965742251254
557	157.75447368421052	162.52741228070175	61.26951754385967
558	166.3329861111111	151.99288194444438	65.40416666666667
559	147.99154427192616	168.03757868233313	61.124087284934966
560	137.986518448439	183.19162724692538	65.8480605487228
561	147.2156593406593	117.21648351648358	61.04848901098903
562	152.54436090225562	121.40250626566416	61.378070175438594
563	143.34280821917793	122.26198630136986	61.12157534246575
564	159.38758445945945	115.98217905405409	56.33969594594598
565	140.70602240896346	127.96820728291321	71.59962651727358
566	139.36081305309744	130.0272400442478	71.07898230088496
567	153.40004091653014	126.07647299508999	72.73277414075288
568	230.76955307262563	89.92807262569833	66.99860335195532
569	142.95275641025668	193.51150641025643	71.19221153846154
570	161.18052728954652	174.30268270120254	69.48469010175764
571	154.44184100418414	188.0148535564853	67.79728033472804
572	125.87725704427828	214.07556066705013	70.57489936745256
573	145.84780334728038	118.10502092050208	64.60774058577407
574	143.06743946419382	143.55340030911913	59.681092220504894
575	124.86675126903557	185.76738578680198	65.41510152284265
576	130.3622852233677	221.5914089347079	68.97396907216495
577	226.95274261603382	100.98881856540086	70.55084388185655
578	125.74591947769312	214.82796517954304	69.30359085963003
579	151.49600985221662	188.87216748768483	65.8141379310345
580	224.16242603550305	103.051775147929	66.1768244575937
581	127.6269811320755	138.66641509433964	65.12138364779874
582	135.4423262216105	129.36242257398493	67.30364762560221
583	230.530603448276	91.58685344827593	64.97823275862069
584	139.74997373949586	203.0100840336137	69.84277836134454
585	187.84054054054081	202.22567567567575	101.40810810810812
586	204.80926829268302	203.9265853658537	31.55926829268293
587	195.0236017897091	178.18154362416092	95.01526845637586
588	199.2945443645085	180.53848920863274	99.26774580335731
589	231.2960504885994	180.14067589576538	61.964576547231275
590	217.20402208201898	203.17815457413258	84.60023659305995
591	215.49661339421618	193.65315829528146	61.04079147640788
592	170.02790806754206	158.29629455909918	57.14943714821763
593	189.72257971014474	179.34846376811618	64.64652173913043
594	221.59412350597614	191.4493027888446	27.113247011952197
595	222.50509291121816	185.9068134893324	24.87226428079836
596	213.87628120893564	188.0588042049933	31.68462549277267
597	218.16417797888386	186.45995475113116	36.06523378582202
598	184.78964218455727	185.60014124293784	82.3353107344633
599	200.49478707782686	164.25212922173262	83.98524229074891
600	195.0070514603616	172.00144645340717	68.43361613351878
601	223.52539215686284	196.79593137254918	81.99583333333334
602	197.5171755725192	178.1275763358779	5.9849236641221415
603	212.855069124424	178.97050691244252	13.28997695852534
604	182.7647870280735	176.43020329138434	65.63422071636012
605	165.16436046511654	139.4166860465117	37.579709302325575
606	140.3440051020408	162.40994897959175	47.43329081632653
607	173.85771604938282	156.7851631393299	23.29376102292769
608	227.97464607464616	160.3911840411842	27.48938223938223
609	209.72613814756667	179.65313971742523	89.78383045525902
610	231.0509698275862	192.26648706896546	73.51508620689657
611	205.802091503268	198.47666666666672	84.98039215686275
612	224.30684039087956	182.25065146579811	48.134853420195455
613	205.54091928251125	183.94293721973088	28.66905829596412
614	170.243430335097	157.03809523809554	21.75967813051147
615	173.54692810457496	158.02290849673201	23.01300653594777
616	204.11414392059558	162.95217121588084	61.51674937965263
617	218.3538551401869	191.34602803738312	71.55782710280374
618	205.6794987146529	184.06760925449862	70.55835475578407
619	200.25353688029043	191.44090084643284	75.51327085852478
620	202.73528846153846	185.70326923076917	89.76634615384614
621	228.3308398950132	159.5534120734907	92.5992125984252
622	197.4909891598916	192.41280487804872	94.10291327913279
623	219.76441821247892	188.78634064080933	40.84932546374368
624	213.1158940397352	190.10331125827827	87.39445364238411
625	212.9474285714288	193.23621428571445	94.3745
626	233.02671232876722	189.39287671232864	73.9682191780822
627	209.5972328244274	176.7263358778625	10.349236641221369
628	161.769512195122	149.08292682926833	52.32804878048781
629	181.3654182272163	126.00493133583021	51.34569288389513
630	212.4220921985816	186.51124113475186	16.46255319148936
631	198.2863636363636	183.2522727272728	14.622727272727273
632	191.71586901763237	162.77644836272046	11.169017632241816
633	191.26417840375584	162.48807511737087	28.710000000000008
634	207.3933333333334	185.24166666666676	14.62833333333334
635	208.22761732851967	188.0976835138389	19.938658243080628
636	232.2455431754875	168.10543175487464	28.24456824512536
637	185.00764546684712	162.79032476319352	66.59093369418133
638	156.4996894409939	144.93229813664567	49.07391304347829
639	178.23350105932266	162.72513241525445	59.717531779660995
640	194.93315703824246	165.98364524003256	83.15650935720099
641	179.26024096385513	164.27960413080896	28.33304647160068
642	179.46102941176483	163.28529411764737	36.38602941176471
643	165.7194568121104	155.18178984861964	57.180899376669615
644	194.4094140249761	162.89562920268983	46.34951969260325
645	237.8887010676157	144.99252669039114	74.67766903914591
646	208.05372670807438	183.6823498964802	67.62893374741202
647	218.77444514901725	187.05894102726663	50.981547241597966
648	238.0439909297052	163.9486394557821	51.515419501133785
649	226.78847352024925	201.06183800623043	66.72819314641745
650	211.5092526690392	166.6597864768684	56.89759786476867
651	229.68489341983326	165.50106580166832	39.89156626506024
652	189.75393368010398	210.81199609882972	45.566319895968796
653	192.8909568874869	186.52865404837044	17.871819137749736
654	203.37658227848084	116.60506329113922	63.671518987341784
655	209.545657894737	173.5510526315791	12.14052631578948
656	200.49056603773587	186.16332547169804	11.172523584905655
657	207.12907563025212	179.14100840336133	10.157899159663872
658	209.94568720379158	179.7702369668246	16.242985781990527
659	205.9097363083164	192.166430020284	22.475253549695744
660	175.22359589041088	183.03510273972614	72.82339041095892
661	206.9521495327104	148.4177570093459	71.23785046728973
662	206.4675824175824	147.40431711145996	74.94937205651492
663	191.89500000000018	173.1683593749998	76.32539062500003
664	172.16211864406742	155.98248587570637	51.08878531073445
665	188.3919384057974	181.8238224637681	93.07155797101449
666	178.8239548022599	176.4673446327684	71.34090395480227
667	202.2206054687502	152.29091796875005	69.23662109375
668	179.1104519774012	163.16084039548034	21.227048022598808
669	237.83453453453453	157.8582582582584	78.31636636636638
670	206.22774780849613	190.33523263654797	77.43206338503035
671	217.8881215469613	180.1504488950277	74.03653314917129
672	205.09079320113307	196.39518413597747	45.62195467422097
673	222.12195945945942	192.44673423423424	27.523536036036035
674	236.77242990654216	167.63177570093472	74.90965732087227
675	200.4113157894737	205.55960526315803	96.66973684210528
676	222.96557203389844	187.41016949152527	74.88739406779659
677	218.4843594836146	206.61156901688202	68.6582423038729
678	217.3634670487105	206.78266475644702	77.93767908309455
679	170.58995859213266	157.61030020703933	36.03467908902692
680	136.1379775280899	191.57426966292127	40.13764044943821
681	161.17121212121242	169.16287878787875	39.715151515151526
682	141.37749999999997	201.19000000000003	32.315937500000004
683	191.01109185441945	198.26022530329288	49.54670710571924
684	238.704845814978	147.01354625550672	48.92940528634361
685	211.663775850567	175.21334222815244	48.36000667111404
686	203.78733509234817	185.74689973614758	14.453825857519801
687	201.0060344827585	187.1438218390804	17.729597701149427
688	212.66935146443512	184.34205020920518	17.039644351464435
689	188.32389380530952	162.1859144542773	12.599705014749269
690	183.15115789473683	173.51747368421056	11.043999999999993
691	187.59033333333332	167.13033333333337	14.684999999999995
692	201.64928160919533	165.1454022988506	10.408908045977006
693	195.48053375196247	180.3188383045526	10.051962323390883
694	182.2677822580646	176.9678225806451	55.0155241935484
695	170.66918781725894	145.86725888324915	42.521421319796964
696	185.08317843866158	162.2193308550185	68.35947955390336
697	178.3649999999999	172.12191489361683	67.10351063829788
698	184.59921874999984	171.2453125000001	75.04895833333333
699	190.69456521739127	164.29347826086956	72.27391304347827
700	194.0085062240664	174.5485477178423	88.26815352697096
701	176.18052147239266	192.70920245398773	81.91457055214724
702	168.4895228215765	156.3641078838177	56.26504149377589
703	236.63227848101272	146.4406329113925	65.29265822784811
704	201.48924731182808	169.01485215053756	7.461469534050182
705	192.36590476190491	190.08000000000004	5.7671428571428605
706	160.68136094674563	184.07686390532555	48.18325443786984
707	162.6442316784871	193.82026004728112	47.9761229314421
708	214.04398058252437	193.63951456310681	31.921359223300986
709	238.34633867276887	146.61464530892445	57.08924485125857
710	214.39687500000008	169.36562500000025	49.406623134328356
711	215.06370716510915	191.01791277258576	29.68115264797508
712	221.46833800841503	190.9761220196355	28.85687237026649
713	242.3395973154363	154.18271812080533	47.93674496644296
714	219.75799999999992	202.88400000000001	64.6376923076923
715	226.28867924528268	197.38514150943385	65.58144654088052
716	202.05346062052502	119.59415274463012	33.297971360381865
717	205.08653846153842	120.52839366515836	33.46538461538462
718	206.61236673773988	121.11023454157784	29.663646055437102
719	226.74979674796745	133.28556910569108	33.19674796747968
720	173.6892180094788	175.09984202211712	24.074881516587674
721	193.91105845181698	158.223617693523	23.747314375987358
722	218.76462160176362	170.21024981631138	42.43809698750919
723	199.6702605570531	185.6123989218328	10.50732255166218
724	197.11736526946092	185.62500000000009	8.536526946107784
725	203.9181198910082	186.0198910081744	11.365667574931875
726	180.57897862232792	149.51377672209034	49.855344418052255
727	205.696735024285	177.37158661629792	72.90008094981113
728	174.58021208483402	157.80268107242915	34.16778711484594
729	178.71916226912967	161.25339709762534	39.72226253298154
730	187.07131280388992	169.44635332252852	76.64967585089141
731	197.76375838926182	166.48635346756143	71.7288590604027
732	186.01853448275872	179.71368534482747	78.51107758620692
733	175.0518213707499	159.41080679978387	24.236805180787893
734	176.69395973154369	160.6180462341531	27.70917225950784
735	174.74039965247613	156.90768896611638	31.220503909643785
736	205.52629994526558	178.92309797482224	10.17364532019704
737	198.84911538461543	188.3225384615384	70.87088461538463
738	190.2841814159293	199.5976769911504	67.83617256637169
739	200.5199378330374	191.65204262877444	67.55670515097691
740	204.30666666666679	184.633288888889	13.450311111111105
741	198.82277147487858	195.30526742301467	14.866936790923832
742	213.67378854625548	199.4222466960352	92.82400881057268
743	220.35460526315788	195.30548245614025	91.24692982456142
744	212.6032258064517	191.00725806451615	84.31370967741938
745	226.85033840947546	185.239255499154	72.9992385786802
746	234.0640579710145	191.73478260869587	55.86086956521739
747	221.21216457960645	206.81869409660098	58.34427549194992
748	216.29402061855683	209.2925773195877	67.89041237113402
749	216.25895238095242	207.72714285714287	71.64876190476191
750	226.04825119236872	199.4515103338631	59.497058823529386
751	222.98785471055615	200.27179341657208	51.73433598183882
752	225.52814960629934	194.97770669291316	50.52150590551181
753	224.50898617511527	198.29781105990776	54.26370967741936
754	226.91807881773394	199.68576354679817	51.67073891625616
755	226.7944751381216	201.30151933701652	56.795856353591155
756	217.2464208242949	200.8961496746205	78.56827548806942
757	223.42876984126983	127.19332010582012	34.57652116402117
758	225.41517857142856	127.91428571428571	39.86964285714287
759	182.57099156118144	188.5275843881856	39.95506329113924
760	192.44578610152786	183.03886150813233	46.79581074420901
761	193.75949625595626	167.69945541184472	14.726820966643972
762	202.41643678160912	154.05942528735633	13.173448275862064
763	188.57091503267984	171.16143790849682	17.64493464052287
764	187.59299065420552	141.33831775700943	60.382242990654184
765	191.9055447090983	175.6295392424832	77.1801835220617
766	187.84743016759785	178.31122905027945	86.44832402234638
767	193.65263157894756	211.78552631578955	19.871052631578944
768	184.2431034482757	173.02586206896538	5.4931034482758525
769	204.0966374269006	154.36666666666662	9.052485380116961
770	206.48583333333352	172.59083333333336	8.648333333333332
771	226.7092128801431	145.3574239713776	77.84418604651162
772	211.30161662817554	196.97621247113182	94.38152424942268
773	207.2803167420813	195.0351432880845	83.13420060331826
774	207.49284722222217	192.5045833333334	85.30958333333334
775	226.5865348399247	199.63032015065886	61.21986817325803
776	225.29170579029739	200.7000782472614	47.66838810641627
777	233.17191489361701	174.88829787234044	84.41680851063829
778	212.32079395085069	204.99404536862	80.96332703213609
779	218.5297429620563	195.00899632802918	87.48365973072218
780	210.82231012658227	187.45195147679334	44.3498417721519
781	174.3123704215617	181.5041810642712	50.173911541119544
782	178.5986500519213	217.42019730010395	57.49870197300106
783	193.005074257426	167.58391089108932	15.817037953795381
784	201.20434782608703	153.084661835749	15.566062801932368
785	199.21961883408073	132.33912556053812	55.076457399103134
786	196.40709342560555	116.45536332179935	60.905363321799314
787	216.6238348868177	184.26611185086554	25.61344873501996
788	185.551242913214	161.70983427823867	4.950119930222416
789	188.95443715469597	166.5953038674041	3.863294198895032
790	182.61410256410244	180.614623397436	9.172836538461533
791	198.5424743443559	174.6641961231469	14.74150513112885
792	189.46346274264266	175.83124608641208	10.375610519724457
793	204.55412805391757	156.2889637742206	6.960025273799497
794	190.69682410423454	173.2231270358308	4.924022801302932
795	203.5794797687861	178.88647811725792	8.984165978530145
796	215.69613821138202	174.25237127371292	87.94559620596206
797	198.14275956284146	180.84781420765	78.24967213114753
798	164.28769113149852	220.9805810397553	69.15535168195719
799	206.40124186871688	182.1761975162625	83.42664104080428
800	207.90520094562658	182.27494089834514	79.65118203309693
801	218.81732026143794	197.0401960784313	86.46143790849675
802	220.5925501432665	198.69183381088828	81.48588825214898
803	223.11161417322842	201.73667979002624	58.13182414698162
804	222.17139673105493	193.39405646359575	75.74390787518574
805	224.65896860986547	201.8705530642751	66.85911808669658
806	227.3960291734198	197.7539708265802	57.6742301458671
807	230.48970731707308	188.81312195121956	75.78570731707319
808	224.7173076923077	200.4882211538463	60.50000000000001
809	222.19402173913056	183.29048913043468	77.68002717391305
810	233.45575620767502	174.36365688487578	78.4799097065463
811	219.4194444444444	196.02867383512563	76.7910394265233
812	219.51247072599546	192.9475995316161	86.96053864168621
813	227.2313609467456	177.65325443786992	91.66775147928995
814	215.35779816513767	197.65351681957185	79.19663608562692
815	216.31521739130443	196.55869565217395	82.84782608695652
816	217.36458333333343	204.10005482456128	73.34358552631579
817	231.3346698113208	176.38136792452823	84.39127358490569
818	174.04219440353444	175.9522091310751	47.40611192930781
819	205.67122473246133	143.66313912009488	49.166468489892985
820	227.93893956670468	152.15872291904228	44.402622576966934
821	199.10169491525437	177.03622881355918	41.64745762711864
822	197.0375000000001	178.55138888888888	51.594874338624344
823	190.52139240506318	185.29743670886074	49.41645569620255
824	201.64030343007914	181.43759894459114	42.974736147757255
825	178.74461743772258	160.15226868327414	49.84693060498223
826	221.24893390191903	124.41609808102345	74.09402985074627
827	223.6211769115443	196.72848575712143	53.34010494752624
828	217.56234567901245	198.19555555555561	26.5195061728395
829	224.32982456140343	188.15614035087708	27.97631578947369
830	233.9614355231144	135.64391727493918	68.17591240875912
831	201.74247404844292	178.06868512110734	61.51816608996539
832	190.2554761904762	213.8923809523809	71.48952380952382
833	216.66117647058843	179.83463235294124	75.92992647058824
834	202.60461465271175	198.90742150333014	71.66902949571835
835	218.44691358024696	180.07407407407376	63.84506172839507
836	223.31487804878049	178.22682926829273	65.80829268292683
837	199.7009100364016	187.85603224128948	76.66164846593863
838	216.497807255008	183.81494315105587	67.48830536004331
839	209.68989477503615	185.41505805515249	71.77679608127724
840	201.13966666666678	187.21266666666648	79.23333333333333
841	222.92696759259258	195.3289351851853	77.92430555555558
842	210.0883919597992	194.15110552763824	92.92070351758795
843	219.3834080717487	184.30014947683117	87.03647234678625
844	212.84558232931732	200.17238955823288	87.18935742971888
845	214.50555555555576	194.6013888888889	89.95624999999998
846	215.42269736842098	197.288980263158	86.05871710526317
847	209.32656250000005	207.44575892857142	86.93683035714285
848	224.15495049504952	184.22004950495077	92.28564356435645
849	226.0883819018407	199.2480444785278	65.14547546012271
850	198.047954790097	167.2799246501616	42.326318622174384
851	194.99226895734608	182.2640699052134	43.77811018957346
852	199.92785467128041	180.46565743944646	52.16531141868513
853	203.60115803814705	175.74148501362384	54.911955040872
854	202.35506535947704	176.43721405228783	56.65898692810456
855	166.51477900552476	170.15966850828727	57.781906077348054
856	168.90432790224025	171.69185336048884	52.986507128309576
857	187.90181034482742	155.51060344827602	62.3586206896552
858	176.79333881578967	170.63840460526325	65.58478618421054
859	157.9472093023255	175.90534883720932	54.89000000000001
860	170.6921576763483	166.23510373443986	54.79780082987548
861	181.52784060312308	171.05681206246598	60.52310177705976
862	185.58441265060227	167.45263554216876	9.89254518072288
863	207.75313751668915	165.29959946595474	11.382576769025373
864	196.0432414698163	174.79028871391083	9.997440944881898
865	197.54368737474965	177.38657314629262	7.961222444889778
866	191.8358823529411	167.73705882352968	77.30647058823529
867	196.8504179104473	178.27191044776126	72.0082985074627
868	187.85735294117646	197.61985294117642	72.06271008403361
869	170.3548387096774	219.9580645161291	66.90645161290323
870	216.68972883090308	174.0310309542085	70.1962650294193
871	214.0453987730061	180.8233128834356	70.61134969325154
872	182.9935779816514	211.84284403669727	67.16155963302754
873	227.02191220238092	165.96700148809524	66.16532738095239
874	219.69197983501397	194.6188359303392	87.27607699358387
875	218.58236797274282	195.2485945485521	89.92265758091995
876	225.95951156812347	201.7741216795201	61.17630676949447
877	228.43727598566304	199.09704301075283	55.827956989247284
878	215.34983870967747	186.52629032258065	84.29282258064516
879	171.75708516886968	170.68898678414118	59.62129221732749
880	183.3448993288589	168.75753355704668	59.59877516778527
881	186.75125145518032	173.32843422584415	39.483149010477305
882	194.0940789473683	179.53355263157886	50.78815789473686
883	160.6253846153847	157.76538461538462	55.012692307692326
884	170.3221230158729	181.1224206349206	56.30406746031746
885	208.7452463768116	183.7927826086956	70.01675362318841
886	204.33862973760955	174.31525753158385	63.7208940719145
887	214.21547344110863	190.74616050808305	56.947228637413424
888	186.183893034826	176.51579601990045	45.13967661691542
889	190.60542168674684	141.76927710843384	56.825903614457815
890	174.58984018264852	162.55639269406396	56.89611872146115
891	200.14544088176356	141.95070140280532	63.279208416833676
892	183.6280769230769	152.08487179487176	60.77217948717948
893	176.05511982570812	164.5290849673201	59.44793028322441
894	154.06334269662926	195.9251404494381	57.555337078651675
895	179.76061786085174	172.9618639667703	68.49299065420561
896	226.37749999999997	148.19250000000017	23.17750000000001
897	231.26852941176472	155.25044117647053	30.08661764705882
898	161.6269688644689	143.06799450549485	41.271153846153844
899	146.82024590163934	163.20393442622964	37.56680327868853
900	167.63794835007172	146.47833572453354	47.468077474892404
901	190.2972839506173	162.5969753086421	8.176327160493829
902	189.91531007752	177.14437984496143	14.226937984496127
903	190.3896013864817	164.69116117850953	16.738301559792028
904	206.84515789473687	171.55947368421073	20.324526315789466
905	198.8672431332655	185.44623601220746	16.538046795523908
906	206.73163841807903	187.4424858757064	22.61898305084745
907	215.8833114323257	197.1919842312745	39.68311432325887
908	220.71120689655174	156.66676245210732	98.14760536398468
909	205.02925126903557	180.11941624365502	17.49041878172589
910	215.9890097932536	156.90380848748643	67.30707290533188
911	216.20330769230762	190.33638461538465	70.63861538461539
912	219.9708994708995	188.40749559082886	72.77460317460319
913	214.4371959459463	202.60216216216182	53.285709459459454
914	210.1559880239521	191.6601796407184	96.09125748502994
915	163.28257443082316	220.44115586690015	64.7641856392294
916	210.06925465838532	195.02521739130447	89.27012422360248
917	207.6698461538461	200.64507692307686	88.85799999999998
918	165.03377192982444	144.74166666666696	57.49671052631579
919	209.38645374449348	175.13320484581484	55.49487885462552
920	209.8516013071896	190.39130718954254	53.630392156862726
921	208.25669687814698	185.39818731117825	76.39904330312186
922	182.13483735571882	180.69664218258134	37.29611752360966
923	201.86891719745216	178.9662632696391	39.12076433121021
924	194.8405074365705	171.5104986876641	38.33880139982503
925	182.53319838056683	173.10303643724708	35.90215924426451
926	192.76604651162785	164.1839534883719	36.78220930232559
927	196.46990327380954	175.42053571428582	34.35494791666667
928	150.77621722846442	199.4069288389514	56.69737827715357
929	178.39352881698696	166.46036400404444	58.6103134479272
930	191.89663072776298	155.63517520215643	59.42075471698115
931	188.69263202725742	156.34991482112414	10.742802385008524
932	182.62212205270473	171.47031900138668	10.419486823855749
933	180.9199852507377	168.84432153392322	9.319985250737464
934	200.63967065868252	166.3387724550901	13.868562874251511
935	187.51435832274444	210.2125158831002	20.97932020330372
936	222.0504769475357	173.11009538950717	24.44133545310017
937	225.22417664670638	197.1280688622755	39.7185628742515
938	211.4651362984217	148.60968436154948	67.49849354375897
939	227.1602611940297	193.79660447761228	50.222798507462656
940	182.47871524448718	217.57430488974117	57.40565675934806
941	221.8508982035928	182.09857784431148	72.65845808383234
942	196.96254180602008	214.29214046822742	64.30585284280937
943	216.4186046511627	199.21274763135224	65.15439276485786
944	203.66148648648644	172.80540540540542	69.40472972972974
945	197.7729136163984	176.76299414348443	65.27928257686679
946	208.81453982985317	178.27741686001542	72.0631863882444
947	228.28684210526313	155.66578947368416	69.96447368421053
948	210.5371335504887	181.07648208469047	69.68410423452771
949	210.89803501945536	182.88484435797662	71.43772373540854
950	211.8848971193416	180.00888888888875	74.02456790123456
951	178.2458023019632	157.7647257955312	19.463744075829407
952	175.50527638190962	134.2534338358459	34.673953098827475
953	160.7617647058823	166.06360294117638	38.53841911764706
954	174.24346374045794	158.716459923664	54.046946564885474
955	200.82070534698508	185.0033560864619	68.24317406143346
956	211.53337595907934	153.67858056265962	59.24386189258313
957	183.48213028169033	177.63547535211273	64.10695422535214
958	208.6814420803784	184.23699763593396	58.9910756501182
959	205.8206982543641	185.13054862842898	87.12630922693268
960	206.721860930465	196.7343671835921	72.85532766383194
961	204.21710139603238	190.69199118295398	72.11506245407789
962	195.41877256317704	181.9513838748496	42.19314079422383
963	178.85531914893605	130.31444353518827	28.31284779050736
964	182.03152000000014	126.35128	29.13064
965	152.1248031496063	153.74448818897616	35.56377952755906
966	176.4532740879327	138.59485500467733	36.68690364826942
967	156.0557034220531	169.23757921419516	34.4032319391635
968	181.49550597108748	160.15889377749843	8.02460716530484
969	191.49278002699054	162.3331309041834	9.073886639676116
970	185.94339495040612	161.99384580703378	6.481469792605955
971	191.67078035949143	161.24403770276194	6.983625602805794
972	195.21982857142865	161.7977428571425	11.18668571428574
973	192.05172413793082	170.36149425287343	12.511494252873574
974	192.48000000000008	167.38600000000002	7.6346666666666625
975	192.777566403446	168.28183776022988	14.898959081119894
976	190.469803198032	177.62970479704796	16.039975399754
977	192.16915011037528	174.585540838852	12.948675496688738
978	214.74211778703128	185.62679952409215	48.32016656751935
979	232.0300391389433	178.4077299412914	58.92426614481409
980	214.0367605633804	207.47549295774647	62.51795774647889
981	181.6144461077846	125.40164670658683	40.454640718562885
982	142.73451127819547	176.74353383458651	40.38902255639098
983	172.859249329759	153.67265415549582	28.117828418230577
984	169.57882882882882	154.12117117117143	30.67207207207209
985	188.35530919446708	158.4429617575258	44.773535394629796
986	174.99064245810058	174.43449720670398	51.57479050279329
987	190.1922770700636	170.35505573248403	35.08658439490446
988	189.264295774648	171.71232394366183	36.80429577464789
989	182.40227057710496	152.48736991485373	53.978051087984866
990	186.7402429764616	168.1223044798786	47.894267274107825
991	206.061491935484	194.064247311828	57.02775537634414
992	205.84241835147762	187.59918351477452	62.25392690513222
993	196.85854271356786	200.52198492462315	66.25565326633165
994	206.27493429697776	195.1115965834429	67.92030223390279
995	217.90227703984826	173.29800759013284	70.28102466793169
996	209.236171761281	184.3893013100437	35.175982532751085
997	210.9998487903226	186.4372479838709	31.63664314516129
998	200.84561837455826	182.0336749116608	41.08363957597175
999	203.2307667103537	179.3389252948886	76.24420052424641
1000	211.27982982982985	178.57217217217234	75.72327327327329
1001	210.85370370370373	185.48005698005704	35.6141975308642
1002	212.8864988558353	189.11945080091527	54.398398169336396
1003	215.30917808219183	188.2175342465752	52.17239726027398
1004	218.24022869022872	181.8899168399169	59.45945945945947
1005	205.7232079308593	177.85635485510952	76.43685815963397
1006	204.7327437106917	188.4947720125789	77.35758647798744
1007	193.52853828306263	187.54744779582356	43.12395591647332
1008	203.8996735074626	179.53241604477608	43.40331156716418
1009	203.35666666666665	180.8008333333332	41.113333333333344
1010	186.2534831460675	221.0246067415731	30.87662921348315
1011	186.11203271028043	221.79906542056077	34.575467289719626
1012	233.35263466042161	167.4550351288058	35.734543325526936
1013	160.09001692047372	156.88121827411163	28.67910321489003
1014	164.5776605504588	145.1926834862386	33.71146788990826
1015	156.91226303317546	156.105509478673	31.85177725118482
1016	187.7322946175637	118.26558073654392	35.45864022662889
1017	188.8522248243559	206.973887587822	14.20725995316159
1018	187.1257796257797	217.32775467775468	28.29355509355509
1019	193.17760964912253	123.90366228070181	42.391008771929826
1020	160.3548840048841	161.47435897435918	44.196092796092785
1021	188.23004172461756	174.48157162725983	59.85361613351874
1022	213.39801084990958	196.75081374321877	89.5883363471971
1023	213.53473154362416	203.12902684563755	83.36929530201344
1024	216.27571428571414	178.38978021978016	79.90835164835168
1025	213.08401960784326	180.23931372549026	78.79450980392157
1026	226.516914893617	193.56723404255317	49.3186170212766
1027	223.42302631578949	198.67894736842118	57.74539473684214
1028	218.02058157099708	200.37696374622345	56.68074018126892
1029	204.2641257536606	194.18363479758838	91.27773471145564
1030	199.3351301115242	203.81282527881044	95.33197026022306
1031	207.0846410684473	195.53555926544243	92.7222871452421
1032	218.58561557788963	200.1395414572864	66.3603329145729
1033	223.7929723502304	188.7361751152073	74.72396313364057
1034	226.64001547987618	191.2527089783281	76.62879256965945
1035	235.59076576576575	182.35142642642643	68.66163663663664
1036	221.06924839596715	200.01700274977082	63.34275893675529
1037	166.62120418848176	171.06631762652697	17.820767888307156
1038	179.1854423292275	141.48241881298995	47.69232922732364
1039	196.9708333333335	139.74166666666667	64.27000000000001
1040	158.16619850187274	154.93623595505605	41.587827715355814
1041	156.1000000000001	163.66702127659582	43.77021276595745
1042	173.00810185185188	154.0704475308646	47.76724537037037
1043	189.1638157894736	132.50947368421052	48.77969298245614
1044	152.6820343461031	204.08051519154583	64.21704095112287
1045	177.89403973509968	140.16695364238407	43.4412582781457
1046	154.76066252587987	167.57463768115937	43.717598343685296
1047	159.77971145175837	151.77718665464394	34.89400360685302
1048	166.26109839816925	149.64562356979403	36.149914187643034
1049	173.8567638483967	148.64463556851328	37.011953352769694
1050	180.23116279069768	143.56534883720929	34.033488372093025
1051	184.27790697674416	144.61104651162762	33.484883720930235
1052	151.61687150838	171.11022346368688	53.69720670391062
1053	211.7778540772533	173.26321888412033	50.90545064377682
1054	194.35435082872908	193.95476519337032	52.964848066298345
1055	182.96173594132054	203.31509779951102	48.248044009779946
1056	184.48634185303533	202.68510383386584	41.584305111821095
1057	196.3863106796117	192.42524271844658	47.682330097087394
1058	197.3007886435331	165.5205047318613	38.72208201892745
1059	201.63292358803983	183.7343521594687	53.337940199335534
1060	212.2880634390651	204.4911936560936	38.76398163606011
1061	184.85857142857142	138.94857142857126	30.680476190476192
1062	172.29558823529405	145.4053167420816	33.59769984917044
1063	185.00319148936185	136.10265957446802	39.55638297872342
1064	188.33212192262584	158.02989449003547	19.943141852286033
1065	162.71643495531274	151.53892750744794	31.38714001986098
1066	166.75563542265675	149.74200690051762	32.66000575043128
1067	164.218677905945	148.94995563442768	35.850044365572316
1068	152.0475000000001	161.13121951219512	40.27743902439025
1069	151.18750000000003	163.6807692307693	35.31057692307692
1070	161.78986645718757	148.38507462686562	38.63695993715633
1071	217.50700261780102	190.16465968586382	66.2145287958115
1072	214.8904109589042	190.08253424657542	70.22431506849314
1073	223.05805929919114	192.34433962264148	37.221805929919135
1074	224.90398185483883	195.17681451612904	42.33835685483871
1075	210.07209492635025	190.5268412438625	42.63715220949264
1076	207.69993750000015	195.41981249999984	45.44375
1077	209.87366255144028	191.37962962962985	42.71666666666668
1078	224.41833333333324	194.65625	64.69833333333334
1079	194.8524390243903	148.25609756097563	58.03292682926831
1080	190.44365671641808	171.41998933901897	30.82110874200428
1081	192.16814903846162	174.03930288461552	13.875600961538458
1082	181.22256637168152	168.76238938053078	25.39943109987357
1083	191.53953256092672	171.5237514982023	23.902477027566857
1084	150.7974285714285	169.7425714285715	42.20385714285713
1085	167.6451697127942	140.98409921671006	41.53088772845953
1086	157.86961910519938	157.1457073760582	39.90891777509068
1087	204.69565217391303	185.56153846153848	74.3566889632107
1088	179.3643211100102	136.598414271556	57.76090188305253
1089	195.72734716157208	179.7491266375547	53.52052401746726
1090	187.22021803766117	168.63577799801766	34.023686818632314
1091	199.0778477029576	188.20003146633144	56.65588420390189
1092	204.0331679073613	176.80475599669182	40.953391232423506
1093	185.37431578947377	198.87768421052638	46.689789473684215
1094	160.2810273405139	146.6066694283346	31.934175642087823
1095	208.10023337222881	170.03022170361731	25.111960326721128
1096	208.2267961165049	176.30543689320388	28.07029126213592
1097	205.60756302521025	160.32599039615826	27.482833133253315
1098	171.56247415575467	137.90179186767747	19.866902136457586
1099	193.9050695825049	187.23180914512918	36.36560636182903
1100	138.6367609254499	186.92930591259616	25.010154241645257
1101	186.27436974789916	165.12756302520995	54.35941176470589
1102	202.06086956521744	197.7445652173914	97.79021739130435
1103	198.8976072607261	167.55305280528083	86.44275577557754
1104	206.74548816568023	188.21851577909297	97.1419871794872
1105	210.9550863723608	193.2189059500961	97.10614203454895
1106	208.80774336283196	190.73480825958708	95.01209439528027
1107	203.5703410475029	192.02101096224118	64.14500609013396
1108	204.19185792349717	193.2213114754099	62.99273224043714
1109	196.89744779582358	181.49021655065744	81.91682134570769
1110	215.96700429711484	192.3534683855128	54.60429711479434
1111	217.40304347826086	195.58956521739137	55.83695652173916
1112	211.0222005842259	199.94294060369998	76.88218111002922
1113	225.02256214149142	191.78699808795403	71.1655831739962
1114	214.5647058823529	207.1185520361991	70.57006033182505
1115	222.57745098039211	200.88120915032675	63.42314814814814
1116	223.58149606299202	191.3750984251969	70.0990157480315
1117	230.5932509505703	187.13227186311772	68.75470532319392
1118	164.09952681388015	153.37387618296538	32.955973974763424
1119	166.45698113207536	166.93849056603776	59.115660377358495
1120	180.57836225596543	158.94940347071605	59.46442516268978
1121	184.87951807228904	158.39734939759038	64.54614457831325
1122	167.82506271951863	164.3622428499749	44.91951831409937
1123	174.45180288461538	170.64278846153874	45.56868990384618
1124	163.74446922390732	185.01195361284584	38.900847457627115
1125	189.1174392935981	153.82637969094915	40.42985651214128
1126	159.32238307349687	192.89320712694888	41.33329621380847
1127	174.49698275862087	169.69775862068963	50.769741379310354
1128	194.26721311475416	170.7539617486338	16.876684881602916
1129	195.6951866404716	175.21011787819265	16.136935166994107
1130	152.88024333719596	158.82381228273482	35.40585168018541
1131	179.30576923076924	132.8794871794872	41.841025641025645
1132	153.79921875000014	168.26328125000003	35.71015625
1133	136.72014925373136	173.52192164179093	53.102705223880605
1134	163.75227926078063	144.49527720739198	54.534024640657094
1135	200.64763215859043	194.6521475770926	64.85033039647578
1136	199.50245302714	176.82270354906066	47.770485386221296
1137	207.683510638298	168.7257774140755	50.37225859247137
1138	144.42156084656108	158.41600529100526	44.67367724867725
1139	162.01107619795738	136.8385310290654	40.96571091908877
1140	148.25959677419368	166.77241935483872	27.61709677419355
1141	162.80343165059548	159.19551900170146	36.667186613726614
1142	204.6222732181424	164.34635529157663	21.377240820734308
1143	205.96708385481813	184.24724655819776	29.831821026282864
1144	195.29941763727126	117.38793677204659	29.06031613976705
1145	164.99289071680354	155.26028202115182	29.115099882491194
1146	164.58845265588903	161.70508083140874	23.67667436489608
1147	231.1082812500001	154.64453125000009	22.409062500000005
1148	197.16466165413536	175.63254564983876	52.530021482277114
1149	217.6425572519084	198.77671755725186	29.995992366412214
1150	191.96097908745256	215.23612167300385	39.06829847908745
1151	217.76803607214438	162.65561122244506	61.565831663326655
1152	177.55521688159442	177.8195779601406	55.22696365767879
1153	222.96301587301602	123.85126984126984	57.182539682539705
1154	225.56050454921413	188.30562448304383	51.84284532671631
1155	224.7802013422819	194.03926174496638	62.49697986577179
1156	210.54740532959332	210.6222300140252	53.986395511921465
1157	217.932072368421	204.7857456140351	51.98042763157895
1158	228.1584220716361	192.80508228460803	56.49612778315584
1159	217.85337773549003	202.16660323501412	57.07178877259752
1160	175.55440677966095	197.82437288135586	82.40193220338982
1161	205.47646936223438	190.85802417674032	69.30481450604417
1162	203.7634165366616	182.93463338533547	76.99656786271451
1163	186.22584600294257	166.03984796468814	65.13008827856791
1164	209.57447033898316	141.46419491525424	72.74565677966102
1165	192.00242805755371	167.03875899280587	61.205635491606685
1166	175.0280821917809	184.61980593607305	71.92568493150684
1167	213.79573170731712	136.978506097561	74.63734756097563
1168	194.73196581196575	183.91247863247864	81.80427350427352
1169	209.3484346224677	173.24999999999974	76.95441988950276
1170	207.1903887113952	177.44645899893465	80.63855165069224
1171	215.8260318396228	189.2583726415096	47.64180424528303
1172	217.3670212765957	189.2936170212766	43.245662847790506
1173	219.31533388293502	190.8178070898599	51.930338004946435
1174	220.3094455852156	186.1405544147843	57.92053388090347
1175	225.6165727170236	178.33517474633575	76.45310033821872
1176	210.72495395948437	200.09668508287294	79.8462246777164
1177	219.72343749999996	187.86875	76.88906250000002
1178	220.9625	190.65630434782608	73.93793478260869
1179	222.6572289156627	194.4654216867471	70.75253012048194
1180	208.75539473684222	211.59947368421055	64.2732894736842
1181	220.69139886578452	197.48638941398877	65.50822306238186
1182	231.68989825581403	182.27223837209306	66.55639534883721
1183	158.96345991561202	158.19531645569626	34.94472573839663
1184	172.12365654205615	144.8556074766354	39.02943925233645
1185	147.4415094339621	172.90293501048214	38.4458071278826
1186	177.57734929077992	142.80252659574472	40.7882535460993
1187	182.26252427184468	141.1278640776698	45.3616504854369
1188	191.9777087646653	159.55769496204266	37.08229813664597
1189	186.88270893371745	174.82867435158505	26.103602305475512
1190	197.05904850746276	147.3876865671644	55.23190298507465
1191	155.21020599250934	197.90524344569286	54.24194756554307
1192	209.7951428571429	133.78933333333333	57.25866666666666
1193	209.11249356002045	182.44386913961856	56.327820710973704
1194	212.89608457321853	188.2744322631166	55.24420516836333
1195	224.177099609375	185.42412109375	56.82778320312499
1196	237.9329139072848	164.4689403973509	57.59046357615893
1197	152.4038423886445	159.48788546255489	35.95567792462066
1198	152.62500000000006	166.48756476683926	53.5038860103627
1199	178.71989051094906	145.94621350365009	50.55282846715328
1200	179.58805084745794	159.89851694915276	47.48317796610171
1201	169.25704845814994	150.614592511013	29.831442731277537
1202	171.72887182910577	170.81318424566098	11.798931909212287
1203	186.2597660223805	203.86368260427258	25.90259409969481
1204	190.00439952437583	203.3685493460166	26.641319857312737
1205	134.92350157728708	194.1222397476341	35.10110410094637
1206	195.86986143187082	128.18810623556584	37.896651270207855
1207	207.47414459161163	160.5644867549671	26.83465783664459
1208	180.81330724070443	149.56555772994142	29.38140900195695
1209	199.2124007936506	150.98591269841262	22.091666666666654
1210	178.4988926746164	150.98671209540026	48.331601362862024
1211	205.98828328981742	155.4374673629245	30.20045691906007
1212	139.1951282051282	198.8884615384616	31.46282051282053
1213	198.81214953271012	129.0983644859813	39.830023364485974
1214	143.71522633744857	204.83312757201642	32.02901234567902
1215	186.77359437751002	166.34407630522102	17.707128514056233
1216	167.69605263157885	202.63026315789483	18.213157894736817
1217	194.76443987667	169.89799588900308	22.132271325796506
1218	224.48555555555552	169.18629629629632	35.412222222222226
1219	205.3598684210526	195.54815789473682	32.95947368421052
1220	207.9023404255318	185.14930851063832	22.161489361702124
1221	198.01558704453439	201.33117408906887	25.632894736842108
1222	197.46098953377742	171.31531874405326	5.908705994291148
1223	193.05164670658695	144.2984281437124	58.40333083832334
1224	216.4392018779344	123.10962441314554	58.284507042253544
1225	169.4282284768214	199.35906456953649	79.7700331125828
1226	215.5767162471397	189.23649885583518	98.23855835240278
1227	209.98935672514625	189.572134502924	72.47906432748537
1228	188.87945492662465	209.40932914046127	58.5963312368973
1229	205.3953565505806	187.95451907131002	78.92864842454395
1230	189.56127450980412	215.43607843137252	58.21049019607843
1231	187.15475773496811	186.9576182136605	81.57851722124931
1232	209.82301204819268	188.82891566265045	100.5890361445783
1233	201.23834808259602	162.10830875122906	83.31499508357916
1234	178.91113281249986	194.26064453124994	65.205078125
1235	195.99826546002998	177.3712669683261	65.4267722473605
1236	212.50357873210623	191.96405930470348	79.64146216768917
1237	207.67724594992646	199.8111929307805	91.55596465390282
1238	228.51557632398755	174.01417445482863	86.60872274143303
1239	208.58452012383896	204.84860681114552	86.26656346749226
1240	219.18182207014544	196.26107784431136	79.39854576561163
1241	219.43513513513503	195.36434511434516	86.11787941787942
1242	226.36560402684563	193.0130872483221	70.45260067114096
1243	227.86940928270053	189.02594936708874	77.04525316455697
1244	217.56203090507725	199.02108167770427	77.0959161147903
1245	218.8701277955272	201.2613418530352	68.97316293929713
1246	222.87021857923503	198.0315573770491	66.1412568306011
1247	181.0824074074076	137.22314814814817	43.032407407407405
1248	179.3466517857144	149.94830994897967	47.02429846938775
1249	165.92139507620166	161.01846424384536	45.054865181711605
1250	181.4444444444444	164.24126984126974	41.66904761904762
1251	237.45170648464168	136.96439135381115	49.64266211604095
1252	169.8515931372549	150.86783088235288	51.70741421568627
1253	176.86439463955642	152.4651340110909	55.149953789279095
1254	154.23126207340627	152.23737926593685	35.30978750804894
1255	158.15931514799766	157.60388856645403	43.71909460243761
1256	141.9321808510637	163.94095744680854	40.64929078014185
1257	169.9609906462586	166.72366071428556	55.20695153061228
1258	170.11055319148917	157.70114893617102	53.95921276595743
1259	179.94477898782824	170.23539397821924	66.03452914798207
1260	181.7155405405405	165.99594594594578	63.38378378378379
1261	166.45815558343818	152.87860727728972	21.46069636135508
1262	171.61544943820218	160.17050561797734	14.338623595505616
1263	186.0341733870968	136.62731854838708	20.53518145161292
1264	168.85024143985956	149.39405179982455	26.42197102721684
1265	161.09753406878602	152.68478260869537	30.56943543153797
1266	181.14008313539185	163.9711995249404	27.484976247030897
1267	133.64453642384106	191.95182119205296	40.53427152317881
1268	188.20784313725508	173.03143790849674	22.491764705882378
1269	162.09247894103453	216.54578820697955	28.504031287605308
1270	203.00631686194595	164.67106469689253	24.53257768721344
1271	184.80323529411783	149.30127450980382	24.995882352941173
1272	185.18402654867248	160.28703539823016	23.773628318584073
1273	157.79593023255796	191.88313953488358	25.350581395348854
1274	159.97858527131774	204.72470930232555	34.44428294573644
1275	171.0854838709676	190.61541218637984	31.08649940262844
1276	198.40702917771895	173.36525198939012	15.471485411140588
1277	236.922149122807	139.45877192982456	42.30657894736842
1278	215.96963562753044	187.16923076923072	19.83562753036437
1279	213.7188850174216	184.42860627177703	17.073763066202094
1280	216.24985436893206	187.2541747572814	22.311310679611655
1281	181.79250936329598	185.92780898876381	47.914887640449436
1282	192.33500000000006	193.56249999999991	37.53625
1283	233.2620300751879	135.59705513784462	48.94517543859649
1284	219.63419203747085	195.2255269320844	91.632318501171
1285	204.7607238605901	187.79256032171597	102.25871313672924
1286	222.03973509933758	192.21953642384102	74.22086092715234
1287	220.5241610738255	194.83750000000006	78.8290268456376
1288	224.865281173594	191.96882640586793	74.76369193154035
1289	175.2418598382751	154.87466307277597	31.10123989218328
1290	176.42679756637193	154.40854535398242	31.17569137168145
1291	179.7024088248537	152.67291760468274	38.0195857721747
1292	175.0013550135501	142.0117886178861	41.57344173441735
1293	195.79376770538244	138.2011331444757	60.71423512747875
1294	186.7899446494464	171.2529520295205	3.8804428044280455
1295	173.56291528239208	176.0936461794019	64.30523255813954
1296	197.55585379782983	200.23329525985167	44.74914334665906
1297	166.12265446224237	224.22128146453082	44.62845156369185
1298	201.27238866396743	205.63497975708503	32.310607287449386
1299	186.26840607210625	226.97466793168886	47.41480075901329
1300	201.01244813278007	203.57188796680504	46.43734439834025
1301	153.58269841269825	142.84722222222211	46.52039682539682
1302	225.1691259931896	181.93762769580024	58.55190124858119
1303	184.2423767967147	138.9303388090349	55.234625256673525
1304	161.7310006333119	154.6227992400251	46.83708043065232
1305	201.65536193029502	142.99705093833796	61.992225201072394
1306	173.1188556302177	162.34889024638613	51.73852575850132
1307	173.8008120078743	167.19377460629914	47.20770177165354
1308	181.32055865921782	158.77178770949752	49.24005586592178
1309	158.74217749313806	157.23709972552643	22.66850411710892
1310	159.75725806451618	165.2075806451612	18.489462365591397
1311	154.14626593806918	169.74061930783247	24.590710382513667
1312	157.8375377643505	169.3526435045317	13.657779456193344
1313	174.26955430006356	154.25273069679818	13.983050847457626
1314	178.9137777777776	152.48362962962963	44.73414814814817
1315	207.04773561811518	178.17307221542248	31.086107711138304
1316	187.20825242718385	131.58812297734642	43.52938511326862
1317	204.57678899082572	114.54733944954133	49.28201834862386
1318	168.05224191866537	171.16527632950996	36.30057351407717
1319	154.50740740740733	210.8199074074072	27.649999999999995
1320	164.27579449152546	184.2342690677965	31.67161016949153
1321	186.0383177570093	167.568691588785	30.979439252336448
1322	175.90733695652162	148.77798913043472	58.71100543478262
1323	194.3088766298896	171.45877632898666	14.95646940822467
1324	194.98394018205448	171.25312093628108	13.475357607282165
1325	191.95	164.2814201183433	51.20662721893492
1326	212.87261185006057	177.41523579201927	13.931559854897216
1327	222.4183703703704	202.9711851851852	45.1154814814815
1328	211.71654818325436	188.9458530805688	59.13325434439179
1329	213.6095659163987	165.85771704180058	74.79027331189711
1330	209.66284860557786	194.5948207171314	97.0859561752988
1331	189.5616290480865	195.54793915603523	63.987291462217854
1332	167.46509009009	160.32004504504508	36.40322822822822
1333	161.95284197376685	165.5816052467209	39.258182386008755
1334	160.1097605893185	175.4976058931863	39.41717311233886
1335	176.8839630931459	152.94784710017592	42.050351493848865
1336	182.31192484662571	153.52043711656415	37.176457055214726
1337	191.91926147704598	145.653393213573	39.170758483033936
1338	149.1872233400404	180.48853118712276	40.77967806841046
1339	185.8187458962577	153.29977019041357	42.5435653315824
1340	221.64456790123455	187.2743209876543	29.27358024691357
1341	182.8604861111111	168.25875	42.707118055555576
1342	218.66632653061225	184.08979591836726	36.151020408163255
1343	196.033960459184	201.14987244897983	50.70417729591838
1344	166.21161764705892	139.53661764705882	41.10602941176471
1345	147.19716312056738	169.91196808510617	43.37978723404256
1346	170.6059080962801	147.19660831509853	48.17494529540482
1347	166.04574660633483	170.39398190045253	55.209049773755645
1348	182.95849056603785	155.83207547169832	55.47075471698111
1349	179.1140268123141	127.96675769612713	10.337760675273096
1350	163.45952380952386	162.4261904761905	55.088095238095256
1351	142.32829131652667	191.23977591036407	53.254481792717094
1352	203.1146673387096	176.5006552419354	11.49122983870967
1353	219.03070761014683	121.27683578104141	62.27116154873165
1354	210.48587147887332	192.8219630281691	98.59573063380282
1355	213.6186119873817	184.84164037854896	99.64889589905366
1356	218.69516460905342	158.7395061728395	66.52962962962964
1357	211.62701863354042	173.38371783496018	79.20195208518193
1358	192.62786624203827	202.2406050955414	73.10445859872611
1359	207.92349246231188	185.0664782244557	94.60115159128976
1360	166.6905156537754	164.64953959484342	34.34815837937385
1361	177.64626485568755	173.4769100169781	33.98514431239389
1362	177.6875609756097	156.792256097561	32.18170731707316
1363	170.19984924623103	171.80673366834168	34.31502512562814
1364	192.87133757961792	139.92157643312106	33.455414012738856
1365	199.5952433628318	140.82555309734528	37.80519911504425
1366	162.91561886051096	183.4374263261296	33.048624754420445
1367	197.4305555555556	143.44305555555553	34.56944444444445
1368	163.30256305939795	173.71810414971512	25.735435313262816
1369	192.16217672413796	193.1815732758621	4.034913793103447
1370	148.23389830508475	199.8686440677966	37.33983050847458
1371	169.7397683397684	148.4957528957531	25.048889961389982
1372	162.45831062670322	158.51539509536775	23.13671662125341
1373	163.8325301204821	160.02289156626512	25.798192771084317
1374	177.170438596491	172.37578947368422	24.69692982456139
1375	181.85991035856574	144.0452191235057	48.580229083665344
1376	216.25078667283668	192.15030078667283	49.86293382693199
1377	188.65457380457372	194.35296257796267	86.25852390852394
1378	129.5242074927954	176.8899855907781	43.16786743515851
1379	168.97728096676715	150.35371601208476	22.62809667673716
1380	160.90955649419217	143.58542766631447	31.984213305174233
1381	194.25232558139538	166.4233648255814	14.742078488372107
1382	218.92296703296714	167.98994505494525	11.027802197802195
1383	174.6881756756756	153.43341995841985	12.444464656964655
1384	172.61704275534444	172.41585510688807	20.21478622327794
1385	149.0454918032787	202.1667008196721	22.456454918032822
1386	167.02480694980684	180.7636583011583	19.41616795366797
1387	199.416400156006	176.31940327613125	14.299356474258985
1388	154.09501303780982	148.5448174706649	12.887711864406779
1389	166.9204261954263	132.98737006237008	45.327546777546786
1390	195.46124713083438	171.41778882938058	9.87054322876818
1391	221.33405707196042	192.16802109181148	27.979032258064514
1392	196.1554245283019	179.65715408805028	18.847012578616354
1393	198.8438882421419	181.5659487776484	20.365366705471445
1394	206.5635391923991	178.13010688836127	19.37737529691212
1395	212.55678233438485	186.25134069400602	20.535212933753986
1396	212.1414110429449	186.01404907975456	13.537760736196306
1397	203.68032786885243	207.6042622950821	21.033442622950822
1398	225.4431795386157	188.7873620862588	47.01700100300904
1399	209.7473245614036	201.15960526315786	47.46548245614034
1400	162.8074044157243	140.9916262789445	13.822859450726993
1401	210.504672029703	168.31565594059427	80.43137376237623
1402	181.88736131210788	178.1036903039073	52.24522431259043
1403	146.13784194528887	159.01352583586618	18.32218844984803
1404	173.67789999999997	129.4843	27.7706
1405	184.35280490574613	129.75340676811265	41.202782193958676
1406	184.88953488372098	178.5270764119601	14.979734219269108
1407	166.7880308880309	194.89111969111968	8.898745173745176
1408	194.51128601921013	160.93340448239064	11.035512273212365
1409	160.16379310344792	140.98580280172456	30.71524784482758
1410	154.9895752895753	148.91338481338482	34.09009009009009
1411	167.1507703595014	150.9360601614087	22.97975055025677
1412	194.81301369862985	169.8057729941295	11.032648401826506
1413	218.41875	151.15642361111097	10.428993055555539
1414	196.2763138415989	175.2203923019987	12.629644707623974
1415	181.31161103047899	202.3265602322207	12.59811320754716
1416	184.0584148727988	132.33688845401153	53.341748206131754
1417	138.0208722741433	190.9613707165109	49.15732087227416
1418	188.79510050251253	163.98429648241208	14.302763819095476
1419	204.57654867256656	178.85486725663728	68.31858407079646
1420	225.1961016949152	159.08703389830504	69.8164406779661
1421	186.406479357798	210.43050458715604	65.32385321100917
1422	200.624121557455	206.19150047483373	23.686562203228874
1423	225.60879120879125	193.9976923076923	41.740769230769246
1424	216.04703196347026	183.29942922374443	72.06035958904113
1425	201.59267747344882	186.2615427613192	80.1567356064841
1426	204.0253477588871	190.98346213292086	25.285265327150928
1427	216.5908560311284	190.19727626459132	36.36206225680935
1428	186.94047619047626	153.8081632653065	11.297278911564655
1429	165.6688153310103	144.96466898954702	19.813414634146334
1430	169.9160540915395	157.35034674063846	21.591504854368946
1431	159.8878731343286	158.9972014925374	15.680472636815924
1432	176.688359375	134.18023437500003	21.170703124999992
1433	164.28265306122472	208.85102040816327	17.97959183673472
1434	182.79927536231915	164.3340007627768	13.385430968726174
1435	190.24668367346953	165.01648596938767	17.231345663265312
1436	171.78600000000006	138.20799999999994	32.28250000000001
1437	165.39114906832305	153.4021739130434	24.52624223602487
1438	179.8547687861272	159.11902697495196	6.600529865125242
1439	162.506013363029	147.2958797327395	24.262472160356346
1440	171.04089403973538	131.20413907284777	29.425607064017672
1441	154.60344632768366	161.88022598870057	13.31559322033898
1442	164.45990544799642	157.61870778928386	14.849009455200374
1443	185.8293966623878	174.897881899872	4.635579803166452
1444	198.12752542372883	161.3677627118646	5.924338983050856
1445	210.37938144329914	151.7340206185565	6.064948453608251
1446	175.12419847328235	155.9862977099237	10.105935114503843
1447	180.71751773049644	148.66734042553213	10.555709219858164
1448	232.7057638888889	192.8880555555555	52.00479166666667
1449	186.57298136645957	155.33115942028974	13.243271221532098
1450	184.8508004926109	170.13897783251218	11.33257389162563
1451	192.21635220125802	164.48286163522002	10.235534591194963
1452	182.02467105263162	168.62043128654966	13.289656432748556
1453	186.06243980738387	168.49686998394864	14.939165329052978
1454	187.9538240917783	171.67676864244743	10.403728489483743
1455	204.47242268041248	195.2471649484536	96.91623711340206
1456	211.7675349922239	195.71702954898888	92.02534992223951
1457	218.79243807040402	203.6290743155149	43.500195567144715
1458	184.1593869731801	201.87844827586207	65.20555555555556
1459	204.95044609665447	191.0503717472117	76.73665427509296
1460	191.67173305380857	190.36802935010516	87.98078266946193
1461	218.5702806122449	186.85688775510198	65.15395408163265
1462	204.2575471698113	194.6863018867923	66.10377358490567
1463	200.57709815078232	191.46728307254642	71.35135135135134
1464	199.0703846153846	196.47353846153854	68.16192307692309
1465	217.24604316546768	198.3336930455633	76.94196642685853
1466	219.73830645161289	198.70967741935456	75.23379032258065
1467	223.42597402597409	192.03896103896113	42.419805194805186
1468	198.96622604097809	180.6875413086583	93.40439524124257
1469	208.40106323447117	180.78933967543347	95.73754896474534
1470	188.85128865979388	219.7795747422681	72.71411082474228
1471	207.8577324478179	191.94112903225792	95.8774193548387
1472	207.78153846153862	203.51353846153847	87.33943589743589
1473	199.54000000000008	182.70999999999972	77.88695259593679
1474	191.54424528301868	197.275141509434	73.56042452830188
1475	144.5300807537011	158.69683714670245	20.417362045760427
1476	168.76817357121251	145.64538856970051	15.033610523132744
1477	148.9808998302207	172.01926994906609	12.96842105263159
1478	172.04699312714763	138.5776345933563	14.473253150057268
1479	168.3057548579972	156.0026905829595	14.96180866965621
1480	161.67213230119646	150.37719915552415	23.980154820548897
1481	159.6152234636873	151.70833333333334	21.74138733705771
1482	157.158725490196	159.9222058823531	18.83426470588232
1483	166.86881009615382	124.97031250000009	33.16923076923077
1484	174.83257123923127	161.6165341285623	11.293406229290927
1485	182.98675799086757	113.38036529680369	34.63744292237443
1486	157.76203288490302	151.8460388639761	26.30011210762332
1487	147.59246658566224	164.91579586877276	17.337363304981775
1488	160.8810043668121	152.0606695778752	27.17576419213972
1489	189.22670807453426	155.945652173913	62.67919254658386
1490	165.64565217391325	147.3827512473275	56.252494654312194
1491	171.24484702093375	141.43679549114358	58.21497584541061
1492	185.96852042126892	167.37772925764196	9.267492936039023
1493	190.88476499189616	164.41166936790913	10.282414910859007
1494	220.02880434782622	193.26249999999987	31.75869565217392
1495	219.93765182186237	189.49838056680176	28.24261133603239
1496	191.11691995947328	175.95486322188452	9.424670719351576
1497	206.51422976501317	175.760182767624	12.481984334203663
1498	211.85964630225084	200.1994105037513	38.96688102893891
1499	202.83473804100228	185.2610478359909	85.39282460136675
1500	218.7901716068643	197.6593603744153	40.234087363494545
1501	221.64484052532842	198.14446529080672	45.21969981238274
1502	205.6495590828925	166.63690476190453	64.33059964726633
1503	200.56850000000009	191.66400000000004	68.29441666666668
1504	202.97595870206501	184.42684365781727	73.65294985250738
1505	209.97594686263412	181.7953646127756	90.06009044657999
1506	206.93830409356738	198.58923976608185	52.47643274853802
1507	213.66226247030903	184.40317695962017	78.11502375296912
1508	211.15435924369723	186.18713235294118	72.89608718487395
1509	216.78914538310408	193.54273084479385	75.42131630648329
1510	217.11936459909225	194.194099848714	79.69258698941
1511	207.04044871794895	194.91753205128222	86.05842948717951
1512	210.8343640196772	185.95604356992268	87.87438510189742
1513	213.1932194046307	191.3902976846748	76.24321940463066
1514	214.9477695167287	203.66356877323432	76.85176579925651
1515	211.83217131474103	184.3803784860558	74.70906374501992
1516	215.7120625	190.66850000000008	74.3744375
1517	226.4705026455027	179.59537037037032	74.36349206349206
1518	201.41807909604515	211.95508474576272	68.02495291902072
1519	223.59414261460103	190.21222410865863	58.12724957555179
1520	220.1579317269077	199.89297188754998	49.496134538152596
1521	222.6201639344262	195.77565573770505	56.0661885245902
1522	214.16559466019436	200.48768203883512	48.47542475728156
1523	216.50928196147115	201.10157618213657	48.7814360770578
1524	224.28545310015917	192.05186804451512	46.40242448330686
1525	168.87986425339378	136.93817873303172	38.712160633484174
1526	183.05942720763724	129.3178202068415	49.43524264120924
1527	173.913019287834	145.10955736894164	11.117915430267058
1528	190.0137263933672	182.14246890833743	6.4495163519115595
1529	134.77734806629834	187.5013812154696	25.27872928176796
1530	182.7599673202617	167.7973311546839	14.090005446623099
1531	201.98663522012592	152.56273584905642	18.413469601677143
1532	176.8625641025642	154.90256410256418	12.482820512820494
1533	175.6635294117646	160.17833333333328	9.492352941176474
1534	198.8337765957447	131.79716312056738	16.487322695035466
1535	201.36267441860457	138.34674418604652	14.505930232558146
1536	184.29146644573325	157.48409279204648	14.576594863297435
1537	185.56791139240485	155.9431012658228	17.806772151898716
1538	175.76183035714303	166.9630580357143	11.24308035714285
1539	194.81356830942002	157.16172800998106	12.568683718028689
1540	177.76455621301776	175.5528402366866	12.863491124260351
1541	170.8344000000001	135.3847	31.75975
1542	166.0601651842438	156.24961880559113	21.098475222363454
1543	170.83990521327033	156.09781990521313	18.27251184834124
1544	167.09435389988369	154.83812572759038	25.115919674039603
1545	179.0516693163752	158.84157392686805	20.3141494435612
1546	194.24166666666667	152.3848591549296	23.46666666666668
1547	175.69314420803815	156.10508274231682	27.89787234042553
1548	217.763826606876	129.9578475336323	23.98953662182361
1549	216.18534136546197	150.89769076305222	13.185642570281114
1550	205.51807692307682	169.78499999999968	12.192136752136754
1551	145.47089552238788	162.5810945273631	11.503482587064676
1552	151.79762419006468	166.89312455003602	9.329805615550773
1553	149.81477794793273	160.8914241960187	13.491424196018391
1554	204.9198083067093	194.68154952076665	92.64512779552716
1555	208.15323741007182	193.83543165467637	92.39703237410072
1556	223.69702572347268	185.86551446945347	61.38424437299038
1557	222.4111607142858	196.45128348214308	39.952957589285724
1558	214.0850000000003	207.38166666666663	47.18333333333334
1559	221.3137488542622	200.28116406966086	50.56773602199818
1560	204.82276887871865	180.4100686498856	69.82891876430206
1561	203.3393501805052	188.60415162454902	82.81010830324912
1562	207.068791500664	187.76875830013242	74.2675298804781
1563	210.31367521367517	183.43717948717963	91.7495726495727
1564	203.1492407809111	188.81583514099782	73.49837310195228
1565	214.70548000000028	196.29940000000008	78.34244000000002
1566	210.46986899563305	195.38689956331874	89.01593886462881
1567	223.825193298969	190.72596649484547	79.21204896907217
1568	221.2462944162437	194.43588832487305	82.04827411167513
1569	222.31180327868856	192.10147540983615	39.02024590163934
1570	222.15592948717963	195.2523504273506	48.759027777777774
1571	223.09760000000009	195.14782222222243	53.57097777777778
1572	224.576182572614	197.617510373444	54.94203319502077
1573	230.9912	191.7476	51.18226666666667
1574	217.25	182.9502214839425	73.55930232558138
1575	215.1506779661017	187.9899999999999	71.17000000000002
1576	195.94447004608298	214.510138248848	72.71912442396314
1577	137.57024096385544	191.10578313252998	27.24951807228915
1578	160.50811138014538	140.20671912832955	50.78976997578693
1579	173.4352501867067	133.94697535474225	49.61706497386109
1580	167.31676625659057	137.51681898066772	24.539859402460518
1581	176.3216101694912	146.1970990873535	13.174543676662312
1582	161.8697301854973	204.3134064080945	45.72048903878583
1583	164.78933161953708	148.29074550128541	17.10005141388175
1584	214.19901098901101	185.32582417582415	37.30692307692309
1585	138.16785714285714	193.0467261904762	26.128273809523808
1586	156.93538424124486	157.25773346303515	18.87655642023344
1587	159.68948322756108	145.40593834995443	14.327425203989119
1588	189.77627986348114	124.23805460750854	20.310580204778134
1589	167.32140303842706	156.0825290437892	24.584852546916906
1590	225.6539402173913	200.05652173913052	70.02486413043479
1591	194.81935483870967	177.5129032258067	13.446774193548396
1592	199.75582278481014	191.40556962025317	11.566708860759487
1593	213.63910329171384	179.93802497162343	14.657094211123727
1594	203.53578578578572	189.37287287287288	94.1991991991992
1595	203.9895982142857	192.73375	93.71852678571429
1596	198.03210445468508	212.43855606758842	54.36382488479264
1597	219.30582524271838	189.46859223300964	56.839029126213596
1598	187.56090814196259	201.3665970772441	64.49812108559499
1599	203.11755170486325	186.9166852990495	66.17861934041365
1600	213.12568922305766	181.0046783625733	68.1701336675021
1601	214.35638297872345	177.93510638297872	66.41914893617023
1602	202.857075248462	182.48755324183674	83.36365357311881
1603	203.9908312958435	185.92420537897317	85.45709046454765
1604	193.9333976833977	194.68867438867446	85.42200772200772
1605	204.1660475482912	183.62236255572068	84.0797176820208
1606	205.3482558139537	181.5403916768665	86.78555691554466
1607	204.89513438368863	183.81927710843385	87.10287303058388
1608	201.36620370370377	190.89175925925912	77.77101851851853
1609	223.0932	161.99333333333337	75.88680000000002
1610	215.4883348174533	180.39314336598386	78.12203918076581
1611	206.33352027610007	195.8930112165661	75.42023295944779
1612	216.46139154160983	199.50593451568886	69.14918144611188
1613	212.56809453471203	187.96270310192028	70.7761447562777
1614	226.53786259541985	173.66900763358768	75.52213740458015
1615	218.33811149032985	188.47292377701916	67.42161547212743
1616	217.13633754305405	192.97738231917333	63.95597014925373
1617	215.12564784053185	188.57617940199324	38.07169435215947
1618	215.659435483871	191.3733870967741	71.66145161290322
1619	214.51558333333352	192.38404166666675	74.72712500000002
1620	216.6811831789024	190.03813257305768	35.335245901639354
1621	216.97584615384602	191.67669230769246	31.94315384615385
1622	219.10174672489083	187.5451965065504	33.71331877729258
1623	218.69265175718846	192.66166134185315	34.9908945686901
1624	219.89245187436688	195.430547112462	68.02279635258358
1625	221.68659889094278	175.03317929759706	78.99260628465805
1626	217.0754861821904	186.81535312180145	77.56182190378709
1627	212.85602739726033	204.41541095890403	65.72876712328765
1628	223.19423076923087	192.6022435897437	53.37879273504275
1629	220.48397703549045	194.8056367432151	54.312212943632595
1630	224.39999999999984	190.3683229813667	42.844487577639754
1631	221.78254959588543	196.03842762674492	46.36083761939753
1632	174.16414373088676	135.98077217125396	33.28719418960245
1633	176.956183745583	134.19611307420482	28.850706713780923
1634	173.98790397045272	136.63157894736844	25.487903970452447
1635	171.09977375565612	156.0158371040723	21.436312217194587
1636	136.642	183.7242	21.20579999999999
1637	185.8905460060666	130.85328614762398	22.31198179979775
1638	190.247928994083	113.03801775147926	32.07736686390533
1639	198.85582959641252	117.50762331838564	26.846412556053814
1640	203.30166240409213	114.48158567774937	31.781841432225065
1641	174.93345360824756	153.28329896907223	25.644175257731966
1642	159.01638788426754	161.56299728752268	16.402283001808332
1643	163.74102990033228	144.6686378737542	11.637707641196053
1644	164.88152364273284	141.0231465265616	19.9059544658494
1645	168.7946043165467	170.0964028776979	7.909052757793766
1646	185.5218074656189	152.46453831041225	7.8782907662082495
1647	182.90845886442642	160.5120509849363	7.095191193511008
1648	187.5863539445628	151.48336886993607	9.810874200426435
1649	174.4300970873787	155.9937500000002	11.355764563106806
1650	171.49307692307698	166.04230769230782	9.83615384615384
1651	179.06159448818894	160.67448818897645	12.590452755905527
1652	178.6015604395608	149.41771428571437	8.910483516483524
1653	179.8952531645569	156.40259493670885	13.14221518987344
1654	165.3144151565075	147.86210873146615	22.35518945634268
1655	182.9781581485054	122.56301832208293	53.10072324011572
1656	213.55211062590968	177.7564774381369	17.102037845705972
1657	216.898104265403	201.1149289099525	45.67476303317535
1658	210.21218905472648	204.11840796019885	50.193656716417934
1659	225.4007677543187	185.55268714011527	52.227831094049904
1660	205.53248407643284	183.6780254777069	83.52643312101911
1661	200.70270270270282	184.06081081081115	67.46216216216217
1662	209.06558577405852	186.4166317991631	71.51841004184101
1663	216.20625491738804	180.9560582218725	72.00153422501967
1664	220.2993860845839	180.0788540245567	68.88956343792633
1665	212.16718749999993	189.65520833333352	33.01145833333334
1666	210.7370562130177	195.58317307692312	36.114903846153844
1667	218.63705932932086	192.39974204643173	41.810877042132404
1668	218.00949131513642	194.62698511166266	41.51954094292804
1669	209.06904969485612	195.05196163905845	68.84494333042721
1670	209.3518867924528	191.45377358490563	64.60754716981133
1671	218.53404461687683	191.1386032977691	72.63947623666344
1672	217.95	193.60147058823532	69.27058823529413
1673	216.66461988304096	199.90409356725144	71.2330409356725
1674	210.11015697137586	190.35383194829197	72.61168051708219
1675	208.41710963455148	196.0996677740864	77.23754152823922
1676	217.593283018868	192.3186037735849	62.862301886792466
1677	221.45342960288812	191.21832129963897	63.473375451263536
1678	223.87919320594474	195.56353503184715	61.30514861995752
1679	221.26743951612912	189.70564516129025	67.05120967741935
1680	218.12542444821744	197.4425297113752	61.3684210526316
1681	211.21212598425203	203.13015748031498	65.60677165354332
1682	222.4299180327869	191.71056466302392	65.01871584699454
1683	213.1277419354837	185.43419354838719	14.201290322580626
1684	173.96451204055757	151.78710392902397	12.207699619771892
1685	173.6646010186758	144.93293718166382	12.387139219015292
1686	159.66459854014602	138.92016423357688	29.98202554744525
1687	155.36983729662106	148.92678347934918	28.566270337922397
1688	172.39891025641026	148.80602564102574	17.296089743589743
1689	194.93217636022527	130.94024390243902	13.759287054409008
1690	157.7699815837935	181.700552486188	9.528268876611424
1691	162.3902638190954	170.94082914572857	12.899434673366835
1692	206.8353211009175	119.98577981651377	24.808027522935802
1693	145.49135135135143	192.15216216216214	15.575405405405409
1694	174.5698725376589	132.72175550405566	24.121929316338324
1695	174.94883307965492	142.8049467275495	51.5978691019787
1696	204.3645914396887	179.88317120622554	12.668190661478604
1697	209.03945969884856	189.26625332152344	21.84410983170948
1698	210.75716793446452	188.5334991222937	79.81372147454654
1699	209.36095979247727	188.5182663207956	88.85032425421534
1700	209.91343612334785	190.23861967694555	82.78671071953009
1701	215.03702830188686	182.74839622641517	94.82103773584906
1702	207.4387536112257	188.24890631448613	87.1317581510524
1703	205.27578475336318	197.72179372197309	67.9780269058296
1704	223.5940778341794	178.1292724196278	70.79272419627749
1705	218.24525523560212	192.79587696335042	51.025458115183255
1706	219.35753623188413	192.99420289855087	46.90570048309181
1707	221.52755474452567	193.7997262773721	49.92655109489053
1708	153.8175025329279	151.29931610942256	24.34460486322186
1709	141.99519230769238	170.9653846153846	19.136298076923048
1710	172.001509769094	129.44017169923032	24.60248667850802
1711	160.15708525345644	146.41405529953937	13.315956221198142
1712	181.06980994152042	131.0640350877193	12.231067251461985
1713	153.1725694444444	159.98541666666662	10.284375000000002
1714	177.20312500000003	121.55520833333334	33.77395833333333
1715	178.50362670713193	157.03075872534177	14.574916540212445
1716	180.5867792290536	161.35149729213146	9.867585218222409
1717	165.27889518413616	155.67025495750687	14.156657223796033
1718	167.75307048150742	156.51779483600808	15.74619678995116
1719	170.9688191881919	152.60825645756498	19.347924354243556
1720	179.0131287128709	163.10059405940598	14.181069306930699
1721	211.59924906132682	191.21345431789715	96.63823529411768
1722	186.26513236549943	160.45458582408182	8.949829205807006
1723	169.4562202852619	148.14241283676702	26.773276545166432
1724	173.5722004889978	152.3005134474331	14.469437652811726
1725	171.95628930817588	123.2943396226415	28.47987421383646
1726	146.78701117318428	164.65202513966483	25.11410614525138
1727	179.1802177858437	126.9761343012704	21.510556563823343
1728	171.2270270270268	126.3837837837838	27.57027027027027
1729	186.0986009327113	165.75446369087302	22.156828780812784
1730	204.36808199121532	169.75109809663263	73.08759150805272
1731	227.0662790697674	155.07209302325575	87.9906976744186
1732	197.98040540540543	173.30202702702687	91.80337837837835
1733	170.36537515375153	131.96211562115622	47.65178351783518
1734	199.91852941176475	184.18691176470585	95.52367647058823
1735	205.39680150517398	169.4227657572909	15.2758231420508
1736	146.3222426470589	187.8452205882353	15.941911764705884
1737	157.0646441605841	189.4885492700729	13.960766423357661
1738	210.79378172588832	189.31516497461942	35.114149746192886
1739	208.82976190476197	192.30126050420174	56.88648459383753
1740	190.63694539249138	214.7224402730376	50.305290102389094
1741	189.62511278195493	157.57541353383456	45.865864661654136
1742	189.13894839337874	139.02575462512172	19.081840311587147
1743	166.07824175824172	164.4790109890111	53.4467032967033
1744	203.88307860262012	189.2018013100437	17.499126637554586
1745	221.0508424908424	197.94238095238083	59.324652014652024
1746	220.2958860759493	203.68449367088613	58.507120253164565
1747	190.74530456852798	124.58197969543149	28.728426395939103
1748	176.54249737670483	142.1649003147953	29.885834207764965
1749	175.01090534979434	139.8327846364883	32.74650205761316
1750	172.57958579881648	153.4489151873766	24.556903353057198
1751	169.6514571948999	159.41584699453566	25.03952641165755
1752	163.3029650436953	160.40705368289645	34.15630461922597
1753	150.46981275303673	172.19870951417	42.60969129554656
1754	197.61579218107002	180.1787551440329	11.602623456790118
1755	199.7267766497464	168.89885786802014	24.075761421319807
1756	172.3557692307691	206.6615384615385	21.60769230769233
1757	166.88222222222225	195.35529914529926	51.62290598290599
1758	215.62181764357598	199.59366489046764	65.58806986382476
1759	211.09347993827174	160.85293209876548	85.45497685185187
1760	141.63795811518327	167.59162303664928	41.99005235602095
1761	169.5647940074907	172.73707865168538	45.08558052434456
1762	178.15925925925956	159.3015686274511	49.08180827886711
1763	193.51771653543298	168.59275590551198	10.915984251968501
1764	141.54743589743575	200.52153846153854	58.06307692307693
1765	189.031471238938	184.8474557522125	15.077544247787614
1766	205.56850574712647	166.9268965517239	19.050229885057497
1767	207.21382211538463	140.10192307692307	17.872355769230772
1768	193.94431630972005	163.29563426688634	20.773146622734767
1769	195.38339552238807	166.780317164179	21.867630597014934
1770	195.1221172022685	194.2799621928166	20.54442344045368
1771	205.9496612466122	188.13279132791337	25.806775067750653
1772	154.51389961389972	169.0124517374517	30.098166023166023
1773	192.853086419753	181.90604938271613	10.805802469135802
1774	201.62522831050242	176.04771689497704	10.56301369863013
1775	196.89827044025157	175.47248427672955	9.147641509433956
1776	190.3748299319728	194.398185941043	28.01632653061225
1777	178.29829101562495	151.414892578125	32.7787109375
1778	171.08998966230155	159.96433494141982	36.41049276361131
1779	191.8636281588448	172.9700361010829	58.8559566787004
1780	192.68754098360657	196.29229508196724	52.284262295081966
1781	211.76152694610772	191.04389970059862	49.04468562874254
1782	215.6814814814815	126.38796296296294	64.01006944444444
1783	213.87347826086952	188.90156521739144	84.91043478260869
1784	162.31959183673442	148.0225850340136	44.08455782312925
1785	177.69571729957832	151.80278481012758	48.17791139240507
1786	161.3883627608347	157.39269662921342	49.431139646869994
1787	194.29903628117933	170.86729024943304	26.937528344671197
1788	225.3841489361704	137.88851063829787	30.89244680851064
1789	171.43420707732642	169.2089777195281	38.27365661861075
1790	190.03018867924538	124.91485849056606	41.1994103773585
1791	191.67832929782088	127.6452784503632	44.25968523002421
1792	164.62932917316695	162.78412636505473	24.507605304212195
1793	167.0096615720523	159.36850436681206	28.706277292576427
1794	150.48831615120278	180.0994845360826	25.01838487972509
1795	157.97359550561785	190.66955056179782	16.092134831460676
1796	184.15014184397157	165.98921985815608	19.580780141843945
1797	179.54535752401284	185.1997331910353	22.80709711846316
1798	200.50835579514828	190.0178346810423	22.74025157232705
1799	204.67666666666668	181.73500000000013	22.785000000000004
1800	157.96557377049172	171.70245901639322	24.40163934426229
1801	170.99063876652	154.72929515418502	22.638436123348022
1802	194.66704119850186	178.08155430711602	24.35243445692885
1803	209.10070422535213	162.5114436619717	27.809213615023474
1804	192.2349888806527	170.76501111934797	18.10800593031874
1805	178.0798216276477	154.0134894091419	42.00540691192866
1806	136.96510989010991	179.02046703296702	48.09629120879121
1807	140.25967336683422	181.82060301507562	49.994032663316595
1808	190.8741412213741	121.48912213740458	52.76326335877863
1809	206.5703296703297	186.37142857142854	70.74853479853479
1810	202.95653983353156	186.2368014268726	56.34785969084426
1811	216.69564873417733	169.40870253164562	59.74810126582278
1812	169.3912928759896	213.77875989445903	52.76952506596306
1813	206.78686360779372	202.81379635449417	46.437146448774385
1814	213.06646586345397	157.52971887550203	83.87168674698795
1815	201.7413414634147	177.3347560975607	91.28926829268292
1816	202.6374834437088	169.94635761589413	90.48264900662252
1817	198.9631773399013	181.39975369458145	93.41465517241379
1818	198.77394136807808	180.30325732899018	49.313680781758954
1819	175.02823033707875	200.98869382022468	55.210884831460646
1820	210.28219602977669	184.3492866004961	25.800186104218373
1821	213.99924127465854	185.27154779969672	25.336722306525058
1822	195.45760563380298	181.4296619718309	37.45081690140845
1823	214.4977083333333	179.0977604166668	20.495520833333345
1824	194.11337543053932	190.94945464982797	58.63151549942592
1825	214.43536242083042	193.90073891625624	31.576425052779737
1826	222.81159135559926	182.6540275049115	28.185068762278966
1827	231.33873015873021	175.24396825396823	35.23492063492064
1828	214.30627530364376	193.24298245614037	86.5711875843455
1829	214.68995290423854	189.74136577708	88.54654631083204
1830	223.88745519713268	185.33225806451617	78.4568100358423
1831	197.3923170731709	127.73548780487806	39.934695121951215
1832	168.8273195876288	188.9306701030927	19.037371134020603
1833	189.36426174496646	168.9432046979866	20.516107382550352
1834	153.00032573289914	191.06856677524442	18.778827361563522
1835	187.53843212237092	153.42528680688366	24.785229445506683
1836	220.60558510638302	149.85452127659573	23.034175531914894
1837	208.90563002680943	168.432707774799	21.573860589812345
1838	202.10658873538793	183.91216790648238	19.283900106269904
1839	187.59421568627445	160.98931372549015	24.96245098039214
1840	181.01874999999984	173.9338815789473	23.280921052631587
1841	142.19953846153837	199.8784615384617	52.805076923076925
1842	145.70437219730948	204.3965246636773	56.796748878923786
1843	178.30795212765972	154.4496542553195	25.55422872340425
1844	193.64701612903232	126.21524193548387	42.18233870967742
1845	175.32186379928314	150.3675029868577	37.199581839904425
1846	179.50533333333328	144.06425000000004	44.30800000000001
1847	160.29987309644682	163.70968697123513	27.43299492385785
1848	173.94974554707386	147.53994910941483	28.12137404580153
1849	171.15426540284358	160.02549763033147	21.025639810426505
1850	192.63100393700782	160.72125984251971	19.17312992125984
1851	190.07926008968616	170.80952914798192	20.054035874439553
1852	188.57507246376827	178.42265700483108	23.957681159420275
1853	209.81312607944733	165.94611398963733	26.500690846286698
1854	224.20264705882357	147.21720588235294	27.745882352941173
1855	167.73822957198445	155.4071011673151	47.737645914396886
1856	187.07399103139008	121.51547085201794	46.1408071748879
1857	150.31814688300582	165.9708368915459	45.395900939368076
1858	177.8676507537687	164.35810301507533	22.36551507537689
1859	165.53363095238115	168.78686224489806	44.752508503401366
1860	187.06391788448158	166.14707724425887	50.4759916492693
1861	167.552657807309	194.81511627906983	43.84468438538206
1862	186.74838709677437	159.23064516129025	17.645161290322584
1863	177.37311274509807	159.80196078431368	33.17066176470589
1864	194.32534246575352	172.6182648401826	73.26712328767123
1865	172.80843373494	195.325903614458	73.84337349397593
1866	197.5424851190476	176.10558035714308	32.28221726190476
1867	206.69231194690255	186.7140486725664	54.30398230088493
1868	211.64659400544969	179.06696185286103	59.19019073569485
1869	144.1840650406505	200.11772357723584	48.20235772357725
1870	180.2982128673551	162.10409054805416	55.603296266878516
1871	204.02423814898427	175.19331264108345	21.580050790067702
1872	211.72449768160743	189.69899536321483	54.84273570324577
1873	206.9376246600181	196.2248413417953	48.350135992747056
1874	217.86928020565568	189.62086546700942	51.4092116538132
1875	201.7449131513649	181.03188585607967	21.899007444168745
1876	206.56417378917374	181.13803418803408	24.111467236467213
1877	206.59729381443302	182.16269329896937	20.447100515463923
1878	184.1847756410255	175.6409722222223	72.2732905982906
1879	194.80392156862757	163.31666666666658	73.14803921568628
1880	203.72617217524967	175.97294388931562	65.5823212913144
1881	187.63299401197614	198.0191017964072	71.50790419161676
1882	175.82802593659937	175.60612391930835	43.906484149855906
1883	187.86176470588242	166.0356617647062	40.080147058823535
1884	179.98034063260354	194.30710462287087	47.549172749391744
1885	213.45227272727277	153.05909090909088	57.94242424242426
1886	219.29874999999993	171.8990625	84.44648437500003
1887	218.05245901639344	178.50031525851173	85.98865069356873
1888	221.70647709320716	187.77243285939977	50.239849921011064
1889	218.8114855570841	194.56836313617612	43.78665749656122
1890	232.59570063694267	181.73471337579625	43.26783439490446
1891	158.97162441800336	201.1122090015521	33.83083290222453
1892	160.263012295082	212.68037909836076	33.649180327868855
1893	206.66570915619386	165.61023339317762	28.33240574506285
1894	172.05550660792943	197.19034508076348	51.398751835536
1895	206.0290030211481	158.5827794561935	54.945166163142005
1896	216.63097345132743	167.01858407079638	36.927876106194695
1897	215.587293729373	189.0947194719473	23.363201320132013
1898	223.8727871939737	187.19679849340855	32.140301318267426
1899	218.48246478873227	189.1357042253521	24.715915492957727
1900	205.1087338804219	175.09601406799538	79.41406799531067
1901	203.8314975247524	183.30655940594062	84.82456683168319
1902	203.2650154798763	188.8236842105265	86.44024767801857
1903	212.2791294642857	174.2787946428571	86.03694196428573
1904	226.89350348027838	158.00951276102094	83.62935034802784
1905	212.29087481146308	196.00739064856705	80.58619909502262
1906	205.79788135593213	198.4229872881356	86.8219279661017
1907	211.29491150442504	192.54806415929204	88.47273230088493
1908	224.99334975369462	180.828078817734	89.96699507389165
1909	212.20371352785148	202.15053050397893	74.78249336870027
1910	214.2352765321373	198.11263079222712	81.14267563527655
1911	221.4489331436702	187.62275960170712	82.19566145092463
1912	223.23053633218004	187.02569204152255	78.90121107266438
1913	178.49751106194716	140.90525442477878	29.258296460176986
1914	205.82680115273757	179.16884005763688	20.892867435158475
1915	171.27088353413666	156.40431726907616	37.458534136546184
1916	203.2451688009312	122.28311990686848	38.189464493597214
1917	200.47072981366458	171.524844720497	15.941459627329195
1918	188.11907514450886	184.9229287090559	12.918111753371878
1919	204.0405982905981	172.9460113960112	14.707407407407404
1920	201.63067831449115	176.5607399794451	12.522250770811914
1921	202.21476683937826	163.63497409326425	11.758031088082907
1922	197.40147058823524	176.7602941176471	12.092647058823536
1923	168.263581081081	161.58628378378404	42.95797297297297
1924	194.2730662983424	153.67258287292807	30.858494475138126
1925	190.05226385636243	141.75359094457448	48.1647150663544
1926	158.78580882352938	172.93294117647054	41.43845588235296
1927	170.3298206278027	164.79233183856502	42.38995515695068
1928	155.6979302832245	179.097494553377	44.69139433551199
1929	198.70850393700783	152.05464566929143	23.31480314960631
1930	179.66175595238076	180.97127976190475	22.124404761904763
1931	193.15878607809853	165.08123938879456	25.026867572156206
1932	170.35333333333352	196.18958333333327	25.733888888888888
1933	210.98333333333332	148.24814814814815	27.43148148148148
1934	191.26295681063127	175.57607973421923	26.540697674418613
1935	217.85623916811093	148.01100519930662	26.923310225303315
1936	172.46670616113738	154.46137440758298	45.17689573459717
1937	167.83488584474878	167.6852054794521	44.95082191780822
1938	177.51967024539874	173.00283742331294	32.46138803680982
1939	181.74723127035827	169.732328990228	15.723371335504892
1940	185.19150763358783	163.8769083969463	18.38301526717558
1941	188.18596638655467	165.94932773109258	17.3818487394958
1942	200.41005025125642	186.8037688442212	51.3250418760469
1943	206.25000000000009	182.96000000000012	55.98692307692309
1944	204.9318965517241	181.47273706896567	57.12650862068964
1945	188.70481927710827	167.4144578313253	21.46325301204821
1946	190.16287948482085	168.06573137074528	24.086154553817853
1947	233.98190630048455	158.12810985460416	46.71712439418418
1948	191.344504876219	169.1753375843965	25.382108027006797
1949	183.2917525773196	178.04587628865983	40.75773195876289
1950	203.61474269819198	156.49374130737144	42.848748261474256
1951	199.5840941512126	164.21932952924388	38.17125534950071
1952	180.17972116603315	210.058174904943	58.420595690747774
1953	207.17012578616348	187.6209119496856	19.346855345911948
1954	227.1338881491344	183.97829560585896	43.71364846870839
1955	196.26298076923078	163.00913461538462	37.142307692307696
1956	205.37641815235008	183.7392220421392	48.116531604538096
1957	203.55750199521137	177.0302075019954	45.948483639265774
1958	202.2232962447844	182.42788595271244	41.7606050069541
1959	209.7390291262136	185.29019417475732	50.90009708737865
1960	174.16666666666674	168.9132183908043	52.85942528735633
1961	198.75956738768718	164.08165557404322	65.66231281198004
1962	198.4688524590165	198.92718579234943	86.25457650273226
1963	208.36365953109075	191.1303261977573	84.56095820591234
1964	203.16580717488782	174.17488789237655	32.31681614349776
1965	208.7360726072607	174.51627062706288	35.3110891089109
1966	199.04366852886398	194.32513966480454	35.90772811918063
1967	206.24365384615382	189.84413461538455	37.22336538461538
1968	233.35796645702305	145.13542976939218	52.03899371069181
1969	202.66595214356937	168.5237288135594	34.183349950149555
1970	185.22531779661014	193.71613700564976	37.715395480226
1971	218.20945945945942	160.74729729729722	37.44932432432433
1972	212.76121076233184	169.45645241654233	43.35600398604883
1973	221.50834202294044	161.4591240875914	43.41644942648593
1974	204.39275362318844	167.54607487922704	29.711292270531413
1975	179.40102040816313	193.2714285714286	28.865306122449
1976	183.3728947368422	191.97122807017547	27.548245614035107
1977	193.17651331719142	179.5636803874094	28.958232445520586
1978	176.57291666666663	209.2644230769231	25.398717948717948
1979	204.441771356784	181.91526381909543	32.83486180904523
1980	207.17737226277382	187.01505474452551	31.829242700729928
1981	210.3828252032519	180.61985094850917	41.07076558265583
1982	211.3102722772277	184.4167698019799	39.989356435643565
1983	205.57556561085968	171.20429864253381	69.69445701357466
1984	206.5870622568094	178.09834630350196	31.706322957198445
1985	216.77112449799188	170.89317269076312	34.642931726907634
1986	183.21002227171485	216.5076837416481	31.172383073496672
1987	183.31698513800427	219.10552016985145	32.93227176220807
1988	211.80995639534885	155.74752906976747	64.56904069767442
1989	191.17033898305093	184.40508474576282	61.210169491525434
1990	204.93732476635518	169.151343457944	78.64293224299065
1991	197.60592233009706	188.25538834951482	90.01684466019412
1992	209.4187418936446	170.89234760051897	89.27191958495459
1993	211.64041878172586	197.18546954314715	83.56789340101524
1994	209.9550946142649	200.26004366812225	76.8622998544396
1995	213.6434813753584	199.05508595988533	81.70573065902579
1996	187.1457461645747	182.65139470013955	18.897907949790792
1997	146.13226950354627	186.31542553191483	21.135992907801413
1998	178.4331715210357	152.3316073354909	24.90426105717367
1999	185.06166044776126	140.98880597014968	25.469309701492534
2000	186.07703488372124	147.7947674418603	22.639825581395353
2001	205.80518553758344	172.23215984776408	22.735775451950502
2002	211.34880136986303	174.1497146118719	23.976484018264852
2003	202.86654228855727	159.9711028192373	20.368698175787735
2004	204.64226057906455	187.17455456570164	19.019097995545682
2005	219.8916417910446	166.7550746268659	20.657014925373147
2006	188.57923976608188	193.91520467836258	15.18450292397661
2007	204.20159663865533	180.64957983193284	17.123487394957984
2008	194.17938931297715	196.22404580152678	14.703053435114505
2009	139.6228971962617	194.80451713395644	38.177881619937686
2010	161.89787822878236	172.93643911439116	45.811346863468636
2011	196.0276967930029	135.09475218658878	44.659037900874644
2012	189.64942216179475	144.35910944935424	59.60900747790616
2013	192.5914736842106	169.6142105263157	13.930631578947375
2014	212.556974789916	184.7371428571429	23.258991596638666
2015	209.9978902953587	190.31508438818562	26.39419831223629
2016	188.57061855670105	166.88436426116843	16.37714776632303
2017	180.09514285714292	180.71742857142866	16.217142857142857
2018	187.53487500000008	161.97637500000013	18.1995
2019	160.10172413793094	199.5965517241381	25.15517241379311
2020	190.7621065375304	168.77808716707	29.490920096852307
2021	185.9441605839415	184.0251824817519	29.53781021897809
2022	166.74875311720706	161.51758104738116	29.106109725685805
2023	172.25843230403808	160.01864608076005	26.265439429928737
2024	193.49498806682584	135.2678400954654	31.776610978520285
2025	170.8	160.55581395348844	32.51627906976744
2026	167.8403520208604	167.10534550195558	30.612842242503266
2027	195.8941002949852	136.4251474926252	54.91076696165194
2028	168.9843851132686	169.4720873786408	54.0121359223301
2029	160.93054187192104	173.64692118226588	29.036206896551715
2030	182.1596153846151	152.72384615384618	19.039999999999992
2031	166.00147826086942	164.51886956521759	25.577391304347845
2032	185.14288702928872	135.20334728033473	30.04058577405858
2033	178.4031693989071	153.15786885245896	26.95
2034	173.25414781297107	160.8496983408748	23.552941176470604
2035	161.11159600997516	180.61533665835418	16.877182044887782
2036	180.08499427262328	164.24398625429532	15.938974799541814
2037	169.12289156626548	164.35512048192777	41.33855421686747
2038	174.49427339901496	171.62099753694568	27.57789408866995
2039	168.0192234245704	175.2164863144494	36.61578612348823
2040	170.19426470588238	176.70367647058828	38.67308823529413
2041	183.2615133960897	160.38254887762488	28.14598117306298
2042	186.1499756690998	168.45603406326032	28.46778588807787
2043	177.34314420803813	181.51170212765962	26.745862884160772
2044	186.30377932232838	165.94039965247615	34.593614248479575
2045	196.04412532637073	151.15019582245446	30.699477806788522
2046	173.10073597056112	155.28063477460887	40.78399264029439
2047	167.60253819615568	165.79098077870876	42.37222769837359
2048	161.44220014716706	175.16346578366444	36.46350257542311
2049	161.87650429799442	173.40549188156623	39.13037249283668
2050	163.69060758082585	178.12028985507266	39.23977146042363
2051	174.31635021097063	167.7633438818566	36.5912447257384
2052	186.1913948256466	157.8988751406079	22.308717660292483
2053	182.1278301886791	164.17154088050316	21.173270440251574
2054	179.2588014981274	150.230337078652	50.29375780274657
2055	181.3843894899537	149.08740340030906	52.669938176197846
2056	144.30245398773002	188.5993865030674	50.714723926380366
2057	183.41709531013595	163.54720121028708	23.321331316187578
2058	187.9582120582121	153.5128898128898	27.080353430353412
2059	201.02158243579086	177.5492957746479	26.51346313173153
2060	182.82855407047435	172.94559538274603	54.92882746051031
2061	160.91586687306503	204.137693498452	52.631849845201245
2062	185.69662379421214	174.05024115755643	56.696864951768475
2063	215.69569256756748	139.85515202702706	57.941385135135114
2064	195.28748728382504	167.80539165818922	33.65798575788403
2065	188.7497179693795	170.4087026591457	32.68311845286059
2066	190.8585555555556	176.9826666666666	26.589444444444453
2067	197.89330183435249	173.09438576987202	26.28137854363536
2068	216.5493013365736	186.8760328068044	52.927642770352364
2069	211.6841013824885	186.07235023041454	56.170334101382494
2070	225.0961254612546	181.68400984009827	54.45338253382536
2071	217.23991442542788	166.67420537897357	52.765036674816635
2072	207.24656716417925	183.9298507462687	28.01059701492537
2073	206.05357142857136	182.97205882352947	25.782212885154056
2074	223.39094488188974	149.31417322834653	62.49472440944879
2075	227.00832460732997	153.18507853403122	57.11015706806285
2076	217.14748110831246	178.72783375314847	47.82644836272039
2077	198.93216374269002	180.4315789473685	79.37865497076025
2078	201.30654761904785	195.7911139455782	89.1968112244898
2079	213.33414405986903	190.3123479887747	83.82637979420021
2080	214.46866496598648	193.45034013605454	82.82831632653064
2081	213.3171949286847	193.31671949286843	55.989302694136285
2082	211.0440892641739	193.9171290711701	68.51115802171293
2083	219.88041784702548	184.13898725212462	62.363845609065145
2084	215.2621751025993	204.5021887824897	55.09705882352944
2085	212.059375	155.02633928571427	80.88764880952381
2086	197.76330845771136	182.90646766169158	72.82346600331674
2087	196.28513223731255	187.32984274481757	77.91837026447462
2088	193.92524038461548	161.58629807692301	35.937079326923076
2089	193.0509136212625	175.29011627906982	33.01827242524917
2090	182.2465863453816	173.35013386880868	37.430187416332004
2091	210.3138888888889	195.34777777777785	52.89370370370371
2092	185.5714727085479	170.43882595262625	53.174407826982495
2093	196.56435239206547	151.0253792298717	39.443407234539094
2094	148.2889534883719	208.71495016611286	41.743355481727576
2095	197.19684741488015	148.103972257251	47.45119798234553
2096	172.5322458270106	183.5055386949924	49.50751138088012
2097	174.41374845869325	177.49401972873005	52.700986436498155
2098	176.92844990548227	183.7862948960302	60.43241965973535
2099	196.51430084745755	182.12923728813578	61.932097457627115
2100	229.8925423728814	144.56796610169494	60.184915254237296
2101	217.77622180451147	174.5247180451128	40.96052631578947
2102	206.64227941176483	197.5892331932772	23.52925420168068
2103	216.15125284738048	192.66788154897512	28.99589977220957
2104	211.31973451327443	188.2236283185841	23.525398230088506
2105	218.8683685446009	185.09113849765254	29.526349765258196
2106	221.3547463175124	186.11423895253685	33.91006546644845
2107	205.00724637681168	204.7601449275362	36.42536231884058
2108	217.4301056338029	192.8117957746479	42.83125
2109	218.73794642857143	191.21732142857158	46.07428571428573
2110	182.81244075829377	202.7447274881517	32.152191943127974
2111	213.4010536398468	163.63869731800762	36.22729885057472
2112	192.56462264150952	176.05801886792472	33.113679245283016
2113	189.20730088495574	182.01300884955762	34.93911504424779
2114	184.0891339869281	194.48521241830073	33.600326797385634
2115	205.7449203187252	175.64611553784889	15.934661354581678
2116	216.07043147208114	172.069035532995	20.35279187817256
2117	204.1522589052998	177.04791485664657	17.595221546481323
2118	208.6155809859155	174.18926056338032	31.647271126760568
2119	208.72775	179.28624999999997	31.867
2120	182.5035764375876	212.7666900420758	35.31030855539972
2121	200.7705828220859	193.37223926380398	28.980613496932527
2122	213.6657057654076	178.45149105367787	32.10119284294234
2123	197.3636741973841	194.8281807372176	34.782758620689656
2124	189.69127439724454	208.39822043628024	36.955453501722175
2125	199.47864847715718	172.32344543147224	65.19698604060913
2126	202.39613583138168	175.96393442622943	66.02060889929743
2127	188.19800531914902	164.30664893617038	60.684308510638296
2128	202.42295345104347	149.50906902086652	65.6636436597111
2129	191.0779394644937	169.11635622817246	67.22293364377184
2130	196.75247395833333	174.2669270833332	68.9755859375
2131	197.72750759878426	174.17892603850044	74.38986828774064
2132	192.50930232558144	182.65988372093014	74.87848837209303
2133	182.1726351351349	200.8800675675676	89.34898648648651
2134	203.6246963562754	207.3878542510122	82.09028340080971
2135	214.32071823204427	191.09917127071841	82.63370165745856
2136	220.9635155096011	185.0810930576069	87.43781388478583
2137	178.55603130755054	148.02090239410674	30.330524861878448
2138	197.80617469879516	178.7052710843374	19.815737951807247
2139	180.175	195.04264705882332	20.9779411764706
2140	179.61548223350258	198.06142131979698	21.91624365482233
2141	157.68260869565253	186.57753623188407	19.25199275362317
2142	189.11278571428574	149.08614285714282	19.52342857142858
2143	185.82610981308403	157.575	20.17587616822433
2144	197.15567567567544	148.83891891891903	22.535135135135153
2145	196.83368421052646	164.5252631578949	19.308421052631587
2146	196.5562499999998	169.219375	17.135625
2147	197.76337209302318	164.70197674418608	16.820406976744188
2148	193.15179104477608	168.05373134328366	12.787910447761195
2149	192.1270833333334	180.64375	16.900000000000002
2150	199.2854166666668	183.42499999999995	25.43125
2151	213.29831932773118	181.38098739495803	24.33403361344541
2152	210.00272108843566	176.29931972789132	28.37775510204082
2153	220.9881242387333	174.77472594397065	29.208952496954932
2154	177.07458745874575	151.6801980198021	23.949504950495058
2155	196.37195817490502	134.34429657794678	24.02015209125475
2156	169.92199999999974	165.21350000000012	26.98050000000001
2157	178.80194902548706	154.60854572713637	31.593253373313345
2158	178.94763860369613	158.4022587268993	30.92874743326488
2159	160.7470553592463	186.1455241460544	25.61678445229683
2160	181.971763869132	163.2960170697015	29.44807965860598
2161	192.12338501292	156.47997416020675	27.10064599483205
2162	175.03811936936955	161.76255630630638	45.901463963963955
2163	177.4367346938776	195.7831632653061	24.761224489795907
2164	200.5893470790379	170.6827033218786	22.737743413516608
2165	193.41002132196184	167.53304904051163	17.345522388059706
2166	190.7659722222222	179.80634920634927	15.46001984126984
2167	190.46223021582742	181.1122302158274	16.867985611510793
2168	195.66458966565358	178.0980243161094	19.14468085106382
2169	155.06467889908262	175.98360091743118	30.575458715596326
2170	172.73928571428573	148.98814589665668	37.340653495440726
2171	176.3747528517112	147.50288973384028	37.61038022813689
2172	153.22503419972642	178.53782489740087	34.087961696306444
2173	202.43043478260867	147.12173913043475	22.89347826086956
2174	182.06378132118462	173.80939635535267	26.379328018223237
2175	192.20609375000026	157.75546875000012	23.649140624999994
2176	164.4280876494024	179.2715139442231	17.62081673306773
2177	191.20687702265374	148.5453883495146	20.87864077669901
2178	188.3324822695034	151.79765957446824	18.5548936170213
2179	168.97350299401216	179.22425149700584	16.86062874251497
2180	192.35359019264442	148.69842381786324	37.075394045534146
2181	179.74278922345502	164.1192155309035	39.257884310618074
2182	186.54628746593983	156.70241825613076	32.95279291553136
2183	182.75911949685542	154.0418553459121	39.050691823899385
2184	165.38064748201433	174.01683453237422	31.84539568345324
2185	167.331003937008	179.3606299212596	32.8154035433071
2186	194.74247967479675	146.64989837398375	34.00050813008131
2187	192.37461139896385	132.05699481865284	40.588860103626935
2188	185.7802941176471	159.34875000000022	38.59382352941177
2189	176.52898603967654	159.52747979426897	33.848236590742104
2190	160.11205752212396	180.75165929203536	32.827212389380534
2191	179.3883419689119	171.78637305699502	28.634196891191703
2192	180.79269430051826	156.66165803108797	34.785647668393786
2193	193.9666666666669	140.1359084406295	40.30736766809729
2194	199.13487208008914	133.47563959955505	40.37085650723026
2195	190.32019937040909	152.45619097586604	26.259758656873032
2196	191.40438247011951	188.31693227091637	35.65665338645418
2197	181.75302663438262	207.41791767554486	36.339951573849895
2198	169.73453009503686	166.28643083421332	52.27903907074973
2199	190.25046189376442	164.58845265588903	22.800230946882248
2200	188.35346385542172	173.56310240963856	24.551204819277107
2201	185.5510313531353	177.80792079207916	23.34187293729373
2202	188.17828467153302	172.483964416058	26.249201642335798
2203	198.00239130434798	159.23169565217398	22.523217391304367
2204	178.01735074626876	189.18666044776108	33.795242537313435
2205	208.9839598185352	169.50230071289732	29.80586519766688
2206	215.0492165242166	174.35861823361827	31.86866096866097
2207	201.7970316622693	176.01596306068595	57.8849604221636
2208	173.06330275229362	212.9287155963303	35.43816513761468
2209	201.61180048661816	178.6161800486617	37.023965936739664
2210	203.50599009901003	174.35980198019783	39.12133663366337
2211	206.32239915074317	171.12940552017	43.23046709129514
2212	213.34836065573757	162.79508196721304	42.027049180327886
2213	221.82433687002654	165.68494694960214	39.5934350132626
2214	201.0867125984253	193.1117125984253	40.388188976377954
2215	180.7075987841947	178.30866261398182	17.182066869300908
2216	183.9284274193549	178.20000000000005	15.728225806451617
2217	203.8508356545961	171.71796657381603	20.313231197771554
2218	207.57354838709685	162.72193548387096	22.681290322580647
2219	213.12634803921557	169.64938725490205	25.371446078431372
2220	200.1849315068493	186.87945205479446	25.029604261796063
2221	199.47450381679403	175.10152671755725	21.297175572519066
2222	199.54510309278362	157.4852233676976	30.591151202749163
2223	184.48932783018867	165.04280660377353	34.976238207547176
2224	187.73298479087458	163.6333650190114	35.375665399239544
2225	185.9615384615384	171.4835164835166	54.406593406593416
2226	187.83924418604676	175.81744186046504	31.738372093023266
2227	188.34885245901646	179.98434426229502	28.880409836065578
2228	206.22395048439174	193.88180839612488	50.225242195909594
2229	208.8599378881987	196.78863354037262	50.9839751552795
2230	220.37400000000005	176.7944444444447	52.83177777777777
2231	223.89782608695663	179.35356521739135	52.06634782608696
2232	182.92898550724632	182.47608695652144	58.20652173913046
2233	210.94810924369762	184.74684873949585	22.202205882352942
2234	213.62983091787444	182.7893115942031	28.000181159420272
2235	214.1687188019968	187.36880199667226	26.824625623960053
2236	206.47015130674012	189.0184319119669	81.4037826685007
2237	205.73101952277648	191.19479392624734	81.61355748373103
2238	215.85636237897648	186.63561549101001	81.95912863070541
2239	212.4343585237259	196.118014059754	75.88936731107206
2240	219.09765625000003	186.61650390624993	85.8171875
2241	217.05932203389855	189.15084745762715	72.82372881355933
2242	214.11814415907207	190.83906379453168	78.14465617232808
2243	198.8753874202372	181.05453509571572	76.02584320875114
2244	202.4399232812043	182.44095603422818	78.38092357627619
2245	194.25233606557342	176.49950819672117	39.41200819672131
2246	196.48010752688182	184.9290322580644	46.387096774193544
2247	200.95907325194247	180.63074361820216	25.31068257491675
2248	185.09942693409732	209.97392550143277	45.742979942693424
2249	221.1462698412698	169.82079365079366	46.145873015873015
2250	217.1782608695652	176.48050271739135	48.49864130434784
2251	176.36229116945083	185.7919252187749	46.76356404136836
2252	177.03725728155362	164.77973300970862	51.49041262135921
2253	167.2449541284403	182.50366972477062	49.5045871559633
2254	219.1151073619632	127.30812883435586	50.454064417177925
2255	203.6890849673204	142.8950326797389	52.380130718954256
2256	185.7827014218009	168.12883096366528	53.504660347551386
2257	200.5216566866268	164.7321357285428	46.72145708582834
2258	185.33448883666298	180.97585193889583	63.12849588719154
2259	197.2869894982496	163.82555425904346	64.99369894982497
2260	195.8916666666668	176.77021696252473	64.29467455621304
2261	192.45724085365842	183.94984756097568	65.15403963414636
2262	209.4082908163265	163.56607142857132	67.62053571428572
2263	192.03933463796486	191.82191780821915	41.00567514677104
2264	181.23745410036705	200.0451652386781	45.52007343941247
2265	172.5936834094368	206.22488584474888	29.88835616438357
2266	190.27808943089408	176.74272357723586	31.20601626016261
2267	211.58915094339628	179.85908018867923	33.15955188679245
2268	191.01292246520882	208.61510934393647	31.068986083499013
2269	208.20373134328358	191.42525832376583	38.813834672789895
2270	194.09955257270698	210.91946308724826	31.966442953020145
2271	219.63803418803425	156.06054131054128	36.18247863247864
2272	217.55187969924816	127.89085213032585	62.00388471177942
2273	191.86279069767414	162.75697674418603	57.97383720930233
2274	155.07708333333338	208.23152777777787	63.05597222222222
2275	199.59965675057225	164.9446224256292	65.40972540045767
2276	200.3813672922253	170.71012064343176	61.78210455764075
2277	185.82753378378345	189.05692567567547	65.644481981982
2278	178.36469359331505	203.1568245125349	80.68837047353763
2279	202.72723849372372	177.4074476987446	80.81548117154813
2280	192.7798672566372	170.71172566371672	13.915486725663712
2281	207.64575471698112	174.65728511530403	19.058595387840704
2282	205.79086956521732	162.49152173913023	14.431521739130435
2283	194.1481848184819	182.71980198019799	20.52607260726073
2284	196.48143851508098	190.16473317865442	20.97146171693737
2285	188.85990615224202	164.439676746611	15.67758081334724
2286	155.88676470588248	183.2014705882349	20.041911764705887
2287	176.4770226537218	158.5192556634304	23.505825242718462
2288	173.69483372921607	166.7127078384797	21.437589073634214
2289	167.2602884615386	177.15605769230754	21.725000000000016
2290	182.533933933934	163.7480480480481	21.39384384384385
2291	171.09608108108097	164.66405405405402	23.114864864864877
2292	184.8808994708995	155.02841269841258	24.91820105820106
2293	183.58999999999997	159.90677083333352	22.9246875
2294	174.35700636942673	157.942484076433	33.10579617834395
2295	145.5562686567164	199.96358208955226	31.046268656716425
2296	205.3057718120805	180.29295302013423	18.711073825503327
2297	214.3946261682243	169.40257009345797	19.10350467289721
2298	194.53051020408168	163.9359183673471	20.622193877551016
2299	178.44551656920086	196.1527290448342	23.0088693957115
2300	216.17193732193726	156.17179487179502	24.359829059829067
2301	212.07455445544562	161.6128712871286	21.68089108910894
2302	214.4329268292684	158.89634146341476	23.4219512195122
2303	194.72502472799198	167.34253214638986	18.806627101879307
2304	186.87962962962968	179.7666666666668	21.542592592592605
2305	189.2683526011559	180.72427745664743	20.300722543352578
2306	196.68611111111102	181.41488095238117	18.50466269841269
2307	200.88060200668892	173.20769230769218	15.6428093645485
2308	200.06560150375938	179.4891917293232	17.102725563909775
2309	194.186526717557	139.9687022900762	43.292137404580146
2310	181.46608579088473	154.24477211796258	38.000134048257365
2311	189.67400966183567	145.50555555555567	54.91285024154589
2312	168.4679159049361	181.68702010968929	57.69469835466177
2313	175.8930861723447	171.80501002004016	57.804008016032064
2314	169.82716436637398	159.194981179423	32.038707653701394
2315	152.95713391739662	185.14831038798505	32.45963704630789
2316	195.46480099502492	134.76915422885574	34.5405472636816
2317	173.43354800936783	163.96826697892268	27.116159250585515
2318	185.67858809801635	155.89387397899662	28.671878646441087
2319	175.16453987730048	152.1306748466258	47.11509202453987
2320	167.91242496998822	183.0905762304924	38.65054021608643
2321	171.9386484098939	174.84023851590115	28.90318021201416
2322	193.21839887640462	154.42717696629197	31.46123595505617
2323	173.30610367892967	172.20748327759185	30.830811036789317
2324	183.03086642599285	168.16696750902528	28.84819494584837
2325	146.59878378378363	186.28648648648658	37.73891891891892
2326	185.88103448275876	158.94482758620683	31.277586206896554
2327	189.6137276785715	154.80781249999995	34.10368303571429
2328	190.24438202247185	137.91250000000002	29.8436797752809
2329	186.43831858407083	167.07831858407084	26.68911504424781
2330	195.5329326923077	158.55336538461532	39.587439903846146
2331	214.31747076023396	156.04722222222225	36.24773391812866
2332	221.14334698055276	160.27236438075772	38.28664278403276
2333	202.57348353552854	181.64298093587524	33.717764298093584
2334	224.09989969909734	165.30396188565732	40.05235707121365
2335	191.7849144634526	158.97052877138398	20.95388802488339
2336	195.08489483747613	166.07791586998067	23.32504780114723
2337	195.24295874822198	172.355761024182	24.548150782361308
2338	176.57699386503094	186.16656441717757	43.339775051124754
2339	147.0744252873564	192.0053160919541	47.526005747126455
2340	204.4112046632124	127.6470207253886	54.37590673575132
2341	195.42660550458754	162.13045165843303	21.238461538461507
2342	197.4260869565217	188.81250000000009	40.29565217391305
2343	211.06822916666664	171.48656250000005	37.933958333333344
2344	198.01974972796506	152.12856365614834	29.57072905331882
2345	184.51702898550727	168.00241545893718	25.74371980676328
2346	171.1644067796611	186.3322033898306	28.886440677966128
2347	174.14134020618576	187.94690721649468	24.66268041237113
2348	184.4771739130434	187.30369565217399	32.274637681159405
2349	191.06149954001847	183.07916283348655	26.92976080956762
2350	198.91493383742923	164.35330812854463	18.915217391304342
2351	192.21751361161517	167.61923774954633	19.135208711433748
2352	189.9013888888889	173.11250000000013	19.98194444444444
2353	185.4754687500001	177.33031250000005	18.749843749999997
2354	188.83580413297412	171.19083557951484	22.2604222821204
2355	194.24096958174903	179.35541825095063	29.79933460076047
2356	199.7056420233464	170.80205669816573	35.240967204002224
2357	193.39518828451887	183.4491631799164	38.54257322175732
2358	181.43674463937614	190.1595516569201	30.281091617933733
2359	188.18628922237392	194.37960436562062	28.751568894952264
2360	182.50434782608696	186.1827977315691	29.316351606805302
2361	195.78432242990638	175.95091121495315	29.856775700934573
2362	208.42429096638642	175.32261029411762	35.522373949579844
2363	198.67925816023768	180.21851632047452	39.98353115727004
2364	213.35306122448986	177.82755102040818	24.62551020408161
2365	199.73475409836067	205.8388524590164	45.472377049180324
2366	218.31935483870961	183.0096774193549	50.83225806451613
2367	200.1561706629053	186.93988011283483	45.988222849083215
2368	169.60303191489362	215.22962765957456	43.44239361702128
2369	228.45311203319508	137.32807745504846	47.551037344398345
2370	200.23084381551377	180.9056079664569	57.18674004192872
2371	204.4364987613543	181.89331131296444	38.157555739058644
2372	212.3562575210588	171.31341756919355	41.1586642599278
2373	204.88033240997225	201.9878808864267	36.04175900277009
2374	211.4677067082684	195.0234789391576	32.88159126365055
2375	230.01201629327898	174.99633401222016	43.772046843177186
2376	186.7489743589746	178.47782051282044	15.25897435897436
2377	209.1604524180967	163.1312012480497	28.164976599063976
2378	207.58816037735843	180.82702830188686	27.051698113207546
2379	202.8797262059974	183.44615384615383	31.07320730117341
2380	189.8205390334573	194.93001858736062	35.60381040892194
2381	213.9575342465754	164.6214041095892	41.34606164383562
2382	185.4348064516129	173.83654838709657	27.60574193548386
2383	197.15789473684222	163.640350877193	29.01491228070176
2384	194.76609740670483	168.98984819734366	25.70736875395318
2385	202.58076152304605	161.02875751503004	28.798396793587173
2386	197.5026266416509	182.24296435272046	23.387382739211997
2387	183.7466059225512	170.08906605922542	30.784965831435088
2388	163.88425357873209	201.74652351738243	55.59948875255621
2389	198.1805722891566	176.26837349397576	31.6542670682731
2390	202.9451948924733	174.0350806451615	28.82473118279565
2391	199.09297872340423	186.56234042553186	30.290957446808516
2392	201.9519480519482	159.06233766233757	61.86168831168828
2393	220.6378272251308	135.8068062827225	59.287696335078536
2394	198.12586206896546	167.62413793103468	61.47068965517242
2395	185.3505555555553	182.44777777777767	52.61444444444444
2396	190.08355111452718	181.56299000768632	52.78393543428133
2397	175.90557522123902	207.9272566371682	58.54823008849558
2398	201.99908424908423	175.3276098901098	62.75489926739928
2399	210.42572046109532	181.41995677233444	22.60468299711817
2400	206.65119363395232	192.5189655172414	28.403779840848788
2401	210.75165238678102	182.75281517747868	21.92662178702572
2402	209.612030075188	184.6893796992482	27.87528195488721
2403	209.57696078431368	186.20735294117645	24.69248366013073
2404	219.22063213345038	184.25748463564528	34.29170324846357
2405	216.2561840120663	191.2307692307692	34.32398190045249
2406	185.30462499999993	201.64031249999985	84.13418750000002
2407	219.302647975078	160.28302180685375	92.18925233644863
2408	196.39453860640296	204.0531073446329	84.65131826741997
2409	211.25124792013318	189.47911813643952	85.47970049916808
2410	208.34563253012058	190.82183734939755	87.96852409638555
2411	206.69553072625686	193.6553072625698	90.08477653631287
2412	217.45759398496241	173.1424812030074	62.420864661654136
2413	192.11500000000007	204.29750000000004	61.20766666666666
2414	171.33550347222234	200.02144097222225	60.002517361111096
2415	207.88013307984787	199.9570659062104	69.27351077313055
2416	211.09316969050167	187.30522945570962	40.61576840981857
2417	217.2688302425108	192.6765335235377	60.780099857346656
2418	212.9999339933993	186.19260726072602	64.47960396039603
2419	220.0074377224199	188.63786476868327	56.05654804270459
2420	209.7294954374664	188.2768384326357	83.10107353730545
2421	199.98571428571418	203.06190476190483	79.61428571428574
2422	209.84900793650795	194.0867063492064	80.30818452380952
2423	214.42551701134067	190.16277518345558	80.84156104069378
2424	212.9757290686736	187.72746942615242	85.53819379115711
2425	200.52723880597	180.4764925373136	41.320149253731344
2426	205.0516434540394	182.01537604456837	40.100055710306414
2427	196.32836065573773	183.72434426229495	34.120737704918035
2428	204.23455759599332	181.0252921535895	37.343989983305505
2429	208.02261146496815	185.68280254777082	58.53471337579617
2430	219.93851963746246	180.13247734138974	56.26283987915408
2431	218.9190921228304	172.33431241655543	57.964419225634146
2432	213.0928148148148	190.18592592592603	36.14681481481482
2433	191.7312659846548	150.13804347826087	35.94200767263428
2434	177.838157894737	168.665894736842	42.62615789473684
2435	181.4288338658147	167.04976038338654	45.03586261980831
2436	196.65920050761392	159.9194796954317	49.00723350253808
2437	193.7002118644069	170.47203389830497	45.78283898305087
2438	221.1032480314961	134.87667322834648	52.53474409448819
2439	199.16580436539985	189.0483831851251	46.4178658043654
2440	211.63700209643608	183.18343815513646	43.589517819706494
2441	217.5938721136768	172.27797513321514	46.12477797513322
2442	198.06171171171172	155.8765765765764	30.91171171171173
2443	214.20666666666665	139.33980392156863	29.730196078431373
2444	163.80503597122294	206.43333333333342	28.42194244604317
2445	190.3960526315789	165.22105263157897	31.7
2446	169.7619170984456	204.360621761658	31.768911917098446
2447	211.03545347467616	154.8784452296823	32.457126030624266
2448	191.3204567078972	182.16617507136044	27.239914367269282
2449	197.29449404761885	179.90729166666668	26.511309523809523
2450	177.8155339805826	206.8996763754046	28.790453074433664
2451	180.9897503285152	209.23561103810783	28.574704336399478
2452	209.72038724373573	174.55421412300686	33.81435079726651
2453	218.9441260744986	158.70730659025787	34.13467048710602
2454	219.062186559679	166.40561685055147	33.34423269809429
2455	215.28595679012352	175.16311728395058	35.78140432098766
2456	183.7849367088609	205.94924050632932	80.31113924050632
2457	150.433048780488	186.90073170731696	25.271829268292688
2458	198.2822580645163	132.70645161290324	28.103225806451626
2459	154.6916365824309	186.93182912154012	25.925451263537912
2460	200.67182741116767	136.7978426395939	27.91459390862943
2461	175.34059139784955	178.2754032258065	24.33010752688173
2462	160.74706521739134	167.61010869565226	29.194239130434788
2463	187.14725274725262	141.93021978021997	29.490659340659327
2464	175.10457943925232	160.23813084112146	27.632616822429924
2465	156.51230620155053	180.579069767442	29.78740310077519
2466	148.82588357588344	195.3723492723493	28.123180873180875
2467	168.65046854083005	163.58045515394917	36.040093708166005
2468	184.8323076923077	149.113076923077	35.89307692307693
2469	144.19614661654137	192.8132518796993	35.36748120300752
2470	209.3190288713911	122.40170603674541	35.74422572178478
2471	203.9930789133247	142.05653298835747	28.750129366106105
2472	207.81593886462883	175.61572052401752	17.36943231441048
2473	200.93719008264455	184.7830578512397	24.70991735537191
2474	223.97109243697483	163.54504201680672	25.0753781512605
2475	211.95390689941829	178.2818370739817	23.491812136325827
2476	207.52520161290317	162.25000000000009	19.480645161290308
2477	193.01501272264642	183.97849872773534	19.934351145038168
2478	171.17187500000006	179.57968750000003	18.289062500000032
2479	192.25400000000002	143.50199999999984	26.06800000000001
2480	175.63487394957974	157.84537815126066	47.87310924369749
2481	152.83831335616438	186.3610017123289	42.480907534246576
2482	198.51080459770097	131.56632183908047	47.4169540229885
2483	177.83116295264594	168.047980501393	49.00362116991644
2484	189.54097985347968	160.06108058608058	39.56272893772894
2485	194.2468959731544	148.5258389261744	43.281124161073826
2486	160.7121940163192	185.34501359927438	31.25077062556664
2487	196.69180790960442	144.09067796610154	32.41996233521658
2488	193.85396825396825	145.2801587301589	30.223015873015875
2489	178.25806317539502	180.48000831255203	42.69289276807981
2490	212.3409456740443	141.5868209255533	40.563883299798796
2491	180.08146718146713	170.69395109395126	47.51589446589448
2492	180.03693516699417	175.07612966601192	49.32387033398822
2493	177.6530583873957	186.64981464318834	33.710055607043564
2494	184.0321428571429	192.05000000000013	34.42946428571429
2495	174.5367729831147	177.35281425891182	41.9501407129456
2496	197.45441085749505	154.63889574336858	41.903824799506495
2497	171.85478841870813	193.4407572383075	32.91425389755012
2498	187.50570012391566	176.77763320941767	35.062329615861216
2499	159.69875389408116	189.86822429906525	27.2995327102804
2500	151.6371710526315	195.94232456140347	29.98344298245615
2501	187.89089242053782	156.37078239608798	32.177017114914435
2502	210.20598006644525	130.51627906976742	32.90863787375416
2503	201.95744186046508	178.2716279069767	25.52127906976746
2504	207.56700000000006	185.96300000000028	24.78749999999999
2505	192.88337801608583	201.82493297587123	26.988337801608573
2506	203.8002702702702	159.27405405405398	21.28202702702701
2507	207.225296108291	174.328595600677	23.638832487309656
2508	213.20213414634148	135.5984756097561	45.832774390243905
2509	190.94103448275882	167.21137931034488	46.71586206896552
2510	194.3449367088607	147.41334388185655	36.85
2511	176.17550251256282	167.29120603015082	35.658793969849256
2512	150.98620923913055	196.2154891304347	37.97914402173914
2513	197.624950298211	139.11719681908585	42.2089463220676
2514	186.17832326283963	152.17552870090628	48.571978851963756
2515	214.46592920353993	122.35958702064899	49.0684365781711
2516	175.21172230652493	203.72742792109244	38.07059939301973
2517	221.47550761421329	147.3609137055838	38.3017766497462
2518	181.91473779385183	176.0447558770343	26.82468354430381
2519	204.8745027124775	150.27730560578658	27.42242314647376
2520	173.45256097560974	193.9809756097561	27.917195121951227
2521	183.8729257641923	178.10713245997098	30.554221251819488
2522	194.86328124999991	168.3386718750001	29.76158854166666
2523	211.37254901960787	146.6019607843136	31.91617647058824
2524	201.1449754901961	152.1356617647059	30.874142156862746
2525	203.8581081081081	150.68918918918914	31.006756756756754
2526	190.87062499999993	192.75953124999995	24.481875
2527	194.76538461538448	191.30576923076927	29.60288461538461
2528	209.17126805778486	154.65858747993582	31.0639646869984
2529	193.4130146082337	172.64594953519253	30.182802124833998
2530	175.53309352517985	191.9579136690649	30.9015587529976
2531	194.46072507552856	175.09648791540764	27.846865558912377
2532	208.10537340619308	170.33119307832422	29.87832422586521
2533	183.69496951219526	167.44649390243902	24.204471544715446
2534	184.5989247311829	163.80537634408603	19.64229390681004
2535	191.73685121107272	158.37906574394475	19.436505190311404
2536	186.5383147853738	166.67885532591413	20.708505564387906
2537	183.08009708737882	173.80048543689327	36.40776699029127
2538	186.86402623612528	175.8701311806256	36.91937436932392
2539	194.39793307086623	168.61289370078734	46.79114173228348
2540	193.93802083333333	187.71843750000016	28.826875000000005
2541	190.25800744878964	192.6024208566108	34.21061452513967
2542	190.0156424581005	184.22318435754173	46.46899441340781
2543	186.1577557755777	196.38085808580882	42.380858085808576
2544	223.56992907801416	153.1043971631207	51.77645390070922
2545	212.7062814070351	171.83031825795643	48.64597989949749
2546	209.26023489932876	187.90989932885898	29.162304250559274
2547	223.53987836663762	171.21103388357966	55.04491746307557
2548	205.47077464788742	193.08028169014085	40.83133802816902
2549	219.91140595903173	155.03496275605204	50.167783985102425
2550	195.94570100697123	190.16878388845862	49.434817970565454
2551	208.26288659793832	177.82152061855672	52.33363402061856
2552	214.91972395369538	173.7397595725734	49.86878895814783
2553	217.10348595213333	165.91857440166513	50.93824141519253
2554	196.9786650774731	175.5502979737786	58.1964243146603
2555	208.88984806629838	187.41174033149184	31.51029005524862
2556	214.8217147435897	183.17600160256416	35.288141025641025
2557	213.3340753424657	189.40813356164367	40.42217465753425
2558	204.5333125000001	197.64524999999992	31.803750000000022
2559	207.65180505415177	197.12138989169674	36.16597472924188
2560	219.64314033983638	181.5404971680301	39.56365638766521
2561	197.11864197530846	209.1602469135803	39.17086419753087
2562	184.9615875912407	181.03129562043802	19.38749999999999
2563	199.0728279386712	158.79258943781934	19.213458262350933
2564	193.63856707317075	176.98373983739828	20.87596544715448
2565	196.9521327014219	178.91552132701412	22.07515797788311
2566	214.54604651162796	166.30379844961217	37.11007751937985
2567	214.4273214285715	169.71624999999992	39.36919642857143
2568	216.47623574144475	169.0737642585549	41.34619771863118
2569	195.96569928137103	170.4315920398009	51.63493642896629
2570	203.80802219979822	176.50948536831459	33.30191725529768
2571	209.28083038869255	173.08869257950522	36.21254416961131
2572	209.6205128205128	174.20293040293046	30.41419413919414
2573	210.16324041811848	189.61489547038326	28.609581881533092
2574	230.67580037664789	173.39190207156304	37.51704331450094
2575	216.5811944091484	182.14155019059703	26.736149936467616
2576	216.10038659793815	184.08462199312703	29.53887457044674
2577	192.03895800933103	188.496034214619	79.6003110419907
2578	211.83358208955212	164.93059701492558	76.68432835820897
2579	192.21375464684	193.8024163568773	79.72137546468402
2580	199.53263027295293	175.32307692307702	84.09950372208436
2581	207.43315476190483	171.9535714285715	87.67851190476192
2582	216.8528286189684	165.90599001663884	83.76198003327791
2583	203.68241206030171	172.15552763819088	89.85175879396984
2584	199.8042372881356	174.89576271186448	68.90310734463277
2585	213.59830611010284	163.2268905021177	61.903448275862075
2586	213.4450393700788	176.26114173228362	83.52421259842521
2587	208.61187943262402	206.8643617021277	60.28936170212766
2588	212.8987767584097	189.47113149847104	43.950550458715604
2589	213.10278551532025	196.5468662952648	45.42785515320336
2590	218.7421524663679	188.6265695067266	45.06053811659194
2591	187.63530092592583	187.97650462962966	40.419907407407415
2592	211.3579345088162	161.3051637279599	43.527581863979854
2593	200.9877181208054	178.3443288590603	30.89080536912752
2594	200.27403846153823	177.21936813186858	26.95755494505493
2595	202.96750418760467	174.01097152428818	33.630150753768845
2596	195.8752487562191	182.90851990049742	51.0330223880597
2597	173.97411545623837	202.70009310986973	55.048137802607094
2598	190.18711217183758	183.17625298329358	58.98389021479714
2599	208.3052631578949	181.84062725306407	46.74167267483779
2600	216.02848837209285	174.29763808139512	54.05628633720927
2601	207.80392731535758	192.48774912075032	46.25932004689332
2602	220.04720149253743	178.89468283582084	35.47602611940299
2603	214.73441629955937	188.2680892070487	39.83593061674009
2604	182.21033210332095	164.12730627306274	34.309040590405914
2605	156.89240663900418	197.21448132780097	37.0216182572614
2606	184.73732332155487	174.32765017667853	41.22424911660777
2607	227.08195232690116	137.15913734392737	41.95794551645858
2608	199.05448275862065	156.7371982758623	36.538017241379315
2609	171.84857055961072	191.35048661800502	33.33153892944039
2610	192.21944444444458	177.34722222222237	29.51722222222222
2611	211.43597972972972	150.54949324324332	30.190540540540532
2612	219.85419947506574	150.5253280839897	32.02703412073491
2613	187.734435096154	188.74453124999988	31.076983173076925
2614	180.05204081632664	205.6102040816326	30.646064139941693
2615	219.42217898832686	153.54844357976674	31.521206225680928
2616	220.74432176656143	152.36735015772862	36.0397476340694
2617	202.8010148321626	178.34726775956295	85.78583138173303
2618	209.00634328358208	171.90111940298505	84.47164179104477
2619	208.69462934947055	177.91210287443263	83.00257186081694
2620	210.925	178.89394531249997	90.1119140625
2621	183.69029411764708	149.45117647058854	24.955441176470607
2622	171.28720930232552	167.10406976744216	23.93372093023254
2623	173.30566465256808	169.04025679758325	23.595996978851982
2624	176.72639442231065	159.2381474103586	26.66842629482073
2625	204.52610364683304	127.02360844529751	30.8073896353167
2626	174.9186626746508	162.05898203592815	30.43552894211577
2627	186.46251497006	157.47784431137734	25.596407185628767
2628	180.69822521419826	164.34834761321875	28.90899632802937
2629	182.2028535980149	160.37208436724555	32.252791563275444
2630	192.9910284463895	155.77636761487958	30.96728665207879
2631	191.19285714285712	192.69285714285718	19.207142857142863
2632	189.33183520599246	200.1835205992509	22.28838951310862
2633	192.20776119402973	197.2973134328358	20.61925373134328
2634	217.20845323741008	163.69622302158277	22.577697841726614
2635	210.4533227848101	174.1237341772152	27.49303797468357
2636	188.01292585170344	159.88907815631262	20.936372745490974
2637	185.02291242362514	159.4536999321114	22.18482688391045
2638	193.03374384236452	152.30394088669962	26.294334975369463
2639	206.75025125628156	135.84355108877725	29.960720268006696
2640	203.43105849582196	137.1032033426184	30.55640668523677
2641	168.42864806866945	179.184924892704	24.87451716738198
2642	188.12096774193532	158.39758064516124	25.624999999999986
2643	194.21537735849057	155.96754716981147	26.8067924528302
2644	185.52446569178875	150.26383577052917	42.3537120359955
2645	163.7593390804598	178.22528735632199	43.85617816091954
2646	188.12225719424475	160.38583633093526	52.76241007194246
2647	170.4549795361529	171.712551159618	47.133424283765365
2648	169.57051282051285	174.04487179487174	51.87564102564103
2649	152.03245856353587	191.7737569060773	47.63881215469614
2650	187.85163934426248	157.83934426229504	46.95
2651	159.0287741935484	176.60038709677434	36.593806451612906
2652	175.7211422845692	162.0516032064127	36.96352705410822
2653	177.56011326860818	167.79360841423954	28.70056634304207
2654	182.81403940886688	202.50972906403942	33.001354679802944
2655	180.66347954657482	180.89199112863471	48.35039428289798
2656	189.5117346938776	174.82551020408172	51.69132653061225
2657	214.99188144329895	150.34561855670094	50.22152061855671
2658	187.7950155763239	173.67449376947042	43.698870716510896
2659	165.7262924667653	202.04010339734108	41.71875923190547
2660	202.1478003384096	169.15710659898454	40.32681895093064
2661	193.2486994219654	173.49903660886326	36.64229287090559
2662	199.4968986384268	168.6769288956127	42.07708018154312
2663	213.9416304347826	148.72956521739127	47.18521739130434
2664	186.6247881355933	170.46271186440669	34.11398305084746
2665	185.5424750679965	172.26019945602937	37.1781051677244
2666	179.22671703296737	161.09900412087913	31.66239697802197
2667	204.22026266416512	135.10600375234523	34.21041275797373
2668	215.2783898305085	166.27012711864398	29.571822033898297
2669	207.66889027431444	177.85162094763112	27.67281795511223
2670	182.77968384074921	199.8535128805621	27.37570257611239
2671	183.0463007159904	204.27315035799526	29.521479713603817
2672	181.24532608695668	194.39989130434776	24.237065217391294
2673	204.53559322033885	176.73389830508475	26.33474576271188
2674	196.3769811320755	157.0384905660379	44.31132075471699
2675	215.37691588785046	135.78317757009347	41.72289719626168
2676	146.49991467576808	195.5784982935152	40.470989761092156
2677	187.51647855530484	150.08171557562068	48.30936794582393
2678	191.86005788712018	145.617076700434	51.944356005788705
2679	175.32876561352006	167.15837619397502	41.774540778839075
2680	212.37980392156857	139.10686274509806	32.426274509803925
2681	194.84886547811996	158.98209076175038	33.73808752025932
2682	186.23419618528595	173.25449591280656	31.083242506811985
2683	163.19285714285718	200.7203504043127	30.69029649595687
2684	192.3823429541597	164.30713073005094	35.933022071307306
2685	149.41041292639142	200.9889587073608	34.46535008976661
2686	214.16764132553607	132.82768031189084	38.180506822612095
2687	163.11147368421044	200.31926315789482	36.48178947368421
2688	169.63786591123733	204.8617563739376	37.24107648725213
2689	187.4254124365484	188.5526332487309	42.513673857868035
2690	190.36917701863356	186.53711180124213	39.640139751552795
2691	201.53520737327187	176.2782949308757	42.854884792626734
2692	186.62043301759132	170.93612990527734	30.77990527740189
2693	196.43197831978318	158.4327913279133	33.178861788617894
2694	210.47893700787398	145.1805118110237	29.537598425196858
2695	208.6240740740741	150.2981481481482	34.912962962962965
2696	200.13716136631317	165.71001177856314	32.915783274440514
2697	181.90369458128072	171.85332512315253	24.892241379310327
2698	195.5164330218069	166.4683800623051	25.55443925233644
2699	188.84828326180275	167.81798283261816	28.91914163090129
2700	200.3001152073735	169.9466205837173	29.617204301075287
2701	197.45392857142883	176.30564285714283	30.004857142857155
2702	191.06882978723416	169.13514184397184	39.82624113475178
2703	184.0506493506493	177.26493506493478	40.681168831168826
2704	192.69055912007335	168.68263061411542	42.52039413382218
2705	208.81373333333335	164.86946666666663	35.16186666666667
2706	203.3695749440716	179.2938478747201	32.38847874720358
2707	192.67208888888885	185.8740888888889	32.8464888888889
2708	214.94523809523807	169.22685185185182	32.34378306878307
2709	216.72537313432824	175.4007462686567	46.641044776119394
2710	202.15789877300585	187.1923312883437	41.791986196319016
2711	180.88107049608357	202.08263707571808	37.52349869451698
2712	219.3918699186992	157.2853077816494	40.88524970963997
2713	200.69499999999994	182.48875000000007	44.09
2714	183.8270058708416	204.7227005870841	38.67328767123289
2715	203.86936842105254	178.71931578947357	36.738263157894735
2716	188.00552721088425	199.9287414965989	40.555952380952384
2717	212.1361288039633	173.86733899504594	42.627140835102615
2718	187.93291139240486	192.9119198312236	45.77589662447258
2719	207.6173743500864	182.74774696707107	27.08440207972271
2720	205.6756294058408	189.9178247734139	31.377139979859013
2721	204.24362950544852	194.30951383067884	39.209513830678965
2722	230.27321428571426	166.8444642857143	42.760535714285716
2723	218.46231766612644	182.8602917341978	38.05696920583468
2724	209.59456721915276	185.25174953959493	48.94392265193371
2725	210.07307221542231	187.1130966952264	36.729498164014686
2726	214.82406862745083	183.97500000000008	43.23539215686275
2727	213.98527486911	174.08723821989557	45.08992146596858
2728	227.05754985754984	140.98646723646723	53.17920227920228
2729	205.6167158308753	168.7229105211404	51.36956735496558
2730	198.3530927835051	177.81752577319588	54.86855670103096
2731	168.18549083063655	206.8207659115424	55.825296655879185
2732	197.81428571428586	173.18186813186813	53.581868131868156
2733	220.59142857142848	149.0542857142858	56.17714285714289
2734	202.49455205811142	183.5575060532687	33.5633171912833
2735	199.92460601719193	191.05290114613186	34.985279369627506
2736	192.20738916256158	196.5035303776683	33.44794745484401
2737	194.9633739837397	198.4261382113823	30.773170731707328
2738	199.94253355704708	189.24521812080548	37.794966442953026
2739	210.70507544581628	182.34046639231843	35.31467764060357
2740	212.96743063932442	181.49668275030137	39.11966224366708
2741	200.08916666666667	190.75333333333333	88.20583333333335
2742	196.36767485822293	194.84971644612494	92.64432892249529
2743	200.02598152424937	194.66697459584285	90.85034642032332
2744	209.1782857142857	158.32971428571437	69.32142857142857
2745	193.4406568228108	185.41300916496934	74.66109979633401
2746	210.8473396998636	167.8010231923605	79.69297407912687
2747	212.67994699646653	189.8860424028268	62.71554770318022
2748	213.98937644341797	193.6279445727483	61.99630484988453
2749	216.07133251833744	187.3321515892421	65.52799511002445
2750	222.64245283018863	176.91509433962273	67.64811320754717
2751	215.24171428571438	186.08961904761918	58.93328571428572
2752	212.6792483660131	191.8376633986925	60.42181372549022
2753	209.97172717271744	186.25517051705182	59.06903190319033
2754	208.94624876604152	188.0695952615991	60.927838104639676
2755	190.67197106690784	187.989602169982	33.98860759493671
2756	206.72264468371503	185.25043741588158	39.99010767160161
2757	208.53370452858206	179.49721603563478	52.39536005939125
2758	214.76388888888872	169.14375000000004	57.53402777777779
2759	206.78411111111114	179.80722222222238	57.46400000000002
2760	214.12891566265026	161.4722138554218	55.8738704819277
2761	219.25865384615392	156.12500000000009	59.92788461538462
2762	209.2578331332533	183.7828631452581	38.58814525810325
2763	209.2207051282049	182.3073717948718	32.011410256410265
2764	208.2394167450612	191.14854186265282	45.03015051740358
2765	210.0227902946273	183.80103986135188	45.1050837666089
2766	217.08703703703702	175.95123456790157	40.72530864197531
2767	216.66727791361026	180.80118174409125	45.13541157294213
2768	213.25266055045867	185.309633027523	48.33743119266056
2769	207.22798634812287	192.29592881521216	37.74887859580693
2770	218.93737864077676	177.45717367853283	44.522707659115426
2771	222.77560344827597	171.90629310344838	51.025775862068976
2772	157.920809716599	190.36546558704453	44.31485829959514
2773	217.23952380952386	123.02190476190478	42.01345238095238
2774	221.7894245723173	127.62908242612755	41.85987558320374
2775	159.0180902111321	212.66209213051826	38.72432821497121
2776	172.1089436619718	192.29781690140842	42.53669014084507
2777	185.0270348837209	202.75174418604655	92.32005813953488
2778	211.6072358346096	169.49180704441048	88.62454058192961
2779	197.67614906832299	185.78521739130443	22.185838509316785
2780	200.2420765027324	187.1232240437159	23.390528233151173
2781	196.2953038674033	143.05317679558016	24.91864640883977
2782	178.13754770992358	161.56145038167938	33.77251908396947
2783	153.57967479674787	190.9170731707317	31.704742547425475
2784	187.34709371293025	147.52135231316726	43.5635231316726
2785	201.07482352941173	132.23035294117648	42.30341176470589
2786	182.34309600863	158.34689859762685	42.285922330097094
2787	186.13554603854408	180.50128479657383	44.16134903640258
2788	222.56815415821498	151.78772819472627	44.1238336713996
2789	190.3399473684209	174.5931578947369	47.569210526315786
2790	177.50418149466202	202.81788256227756	39.73994661921709
2791	216.32546262028114	157.69245003700996	47.79096965210957
2792	214.5214007782102	146.98375486381315	38.865953307393
2793	200.2586820083681	168.2884937238495	39.72426778242679
2794	185.3212943632568	174.3798538622129	40.66784968684761
2795	178.51770588235274	187.44970588235302	37.94417647058825
2796	210.87118491921	146.12818671454218	39.80143626570917
2797	214.74154302670632	155.83768545994067	27.919436201780414
2798	218.524203187251	155.90418326693222	31.4738047808765
2799	213.5105574324325	172.18158783783784	28.80346283783783
2800	187.65600907029489	157.76643990929702	38.42392290249433
2801	199.06666666666675	150.68448275862082	31.44482758620691
2802	160.0856190476191	196.46733333333333	35.46819047619048
2803	173.1914448669202	183.9499049429659	33.365969581749056
2804	182.43505253104087	163.38204393505276	49.760028653295116
2805	211.17393790849675	129.07295751633987	57.78684640522878
2806	200.5232912723449	147.2820189274449	53.38643533123032
2807	173.50254609306438	182.6497366110623	40.765188762072
2808	185.02984317343208	161.5949723247231	42.36369926199263
2809	196.03121508379886	153.65817039106145	44.94560055865923
2810	150.4264864864864	198.42216216216224	42.723603603603614
2811	170.98789289871962	183.45989522700825	29.402910360884754
2812	184.1523289665211	164.4556040756914	33.32423580786026
2813	156.0418454935623	198.781330472103	30.43648068669529
2814	215.7080813953488	129.2743023255814	36.11517441860465
2815	211.35961055276385	142.66903266331676	33.851947236180905
2816	196.79484425349102	162.27274436090178	40.2468850698174
2817	213.53380116959062	149.722865497076	40.384795321637434
2818	186.76622998544389	178.43697234352265	36.54177583697235
2819	163.01604426002763	208.66528354080216	37.310995850622405
2820	216.3407514450865	141.653612716763	37.913439306358384
2821	183.98463375796157	184.2307324840764	40.08869426751593
2822	175.541961414791	179.9967845659164	22.69501607717041
2823	192.5825971731448	154.56457597173147	23.35653710247351
2824	185.0914285714288	169.97142857142842	20.965714285714274
2825	184.92208237986264	170.21933638443917	40.536384439359274
2826	196.81903183023883	163.22307692307672	43.62068965517243
2827	203.26329787234044	164.36595744680858	44.964361702127675
2828	191.5482105263158	181.59610526315785	34.08668421052632
2829	194.4372852233677	175.0521477663231	34.97697594501719
2830	202.5620825147348	172.6600196463657	30.43369351669941
2831	204.29211728865207	191.649238385377	37.46911652703732
2832	207.02558593750007	187.23632812500009	42.17275390625
2833	211.87581699346404	185.85416666666669	40.44117647058824
2834	216.9451612903226	178.08145161290332	44.304838709677426
2835	200.96953619114558	191.90477863668312	42.824244553759655
2836	194.44948905109482	201.26547445255483	38.17481751824818
2837	211.19911858974342	180.49959935897442	43.695032051282055
2838	178.0261290322581	210.13962365591397	49.86134408602151
2839	178.88196594427257	211.7585139318885	46.05696594427244
2840	209.03235294117653	180.2763541059989	42.80230052417004
2841	215.25705196182403	166.4306998939552	54.82560975609755
2842	210.84309173272956	182.71772366930915	32.208323895809734
2843	197.46296296296296	196.51851851851856	42.72870370370371
2844	168.40897196261687	209.57364485981307	43.878691588785045
2845	226.0673588039867	143.97666112956816	46.33795681063122
2846	212.0041666666666	132.40833333333336	63.14062500000002
2847	158.86719330855018	200.6119888475837	59.25994423791824
2848	199.0765957446809	160.59893617021274	63.49787234042554
2849	194.7715524718129	171.1210754553338	62.48820468343453
2850	204.75714285714298	162.2545548654247	63.677018633540364
2851	213.77249388753054	147.12163814180929	63.23924205378974
2852	200.00874263261295	181.31738703339872	38.94086444007859
2853	197.49077155824497	182.2438729198186	42.072919818456896
2854	191.9954724409449	206.08326771653552	54.11653543307089
2855	226.4033575317604	165.51805807622512	55.76161524500908
2856	206.96296296296302	182.96843800322083	31.189694041867963
2857	163.96142131979718	180.03612521150586	22.814297800338412
2858	174.67482168330966	169.0116262482169	19.909843081312424
2859	169.88449438202258	199.45348314606738	36.55707865168539
2860	170.49186046511642	199.87209302325581	39.59767441860465
2861	183.7540021344717	184.7724119530416	39.13980789754536
2862	192.50080645161285	160.63629032258063	47.093548387096774
2863	197.7441101694913	166.7474152542373	45.648135593220346
2864	219.62448830409352	140.22909356725143	48.654093567251465
2865	193.23779605263152	146.43750000000014	48.81394736842106
2866	209.07306763285038	128.79565217391306	47.422222222222224
2867	191.76575274177475	161.15767696909262	36.918544366899305
2868	190.89644913627643	157.2820537428023	39.52293666026871
2869	178.52187297472454	180.4520414776409	38.53314970836034
2870	218.9439136125654	136.5878926701571	39.0053664921466
2871	175.45258215962448	195.9975352112677	39.42828638497653
2872	190.61811337466781	175.29118689105417	41.555934455270155
2873	198.94150246305423	194.38063423645326	39.488916256157644
2874	212.49525283797718	180.9324045407637	52.746646026831776
2875	192.8139698492461	179.3270854271356	49.19321608040201
2876	191.0732083333332	193.91579166666668	45.29020833333334
2877	205.98354037267086	161.51638198757783	59.08400621118013
2878	185.39638554216882	180.21887550200825	73.06753681392236
2879	173.71680672268906	198.6701680672269	71.52426470588236
2880	205.41784682080916	181.0970375722543	30.720520231213865
2881	204.70476190476185	182.92066544566555	38.30357142857144
2882	211.8916518650088	155.86492007104778	45.6338809946714
2883	217.2197594501719	152.7544673539521	40.765206185567
2884	192.05946078431373	182.8539705882357	46.10914215686275
2885	205.55098167539268	141.9935863874346	38.51871727748692
2886	188.8135819521177	157.22555248618798	38.65041436464089
2887	210.799104859335	139.3244245524297	41.223273657289
2888	192.6449936628645	171.14340937896083	34.70019011406844
2889	217.2535598705502	143.24919093851128	34.657119741100324
2890	218.851388888889	140.45555555555558	34.00000000000001
2891	192.6632952691679	201.7961663947797	46.278058727569345
2892	173.18372747747745	192.67590090090096	59.380180180180176
2893	202.64017857142863	166.17410714285697	64.04017857142857
2894	185.9876494023906	185.56401062416973	60.618326693227104
2895	214.36084337349396	135.61724397590362	67.29465361445784
2896	178.07000462534714	189.32083718778915	65.25920444033302
2897	182.60095155709348	174.6478373702421	66.92110726643601
2898	215.47181571815727	137.42547425474254	71.90392953929539
2899	195.07063063063057	162.30252252252242	66.21405405405407
2900	169.9104651162791	207.4790697674419	70.24883720930234
2901	162.6004155124654	207.34847645429366	67.37119113573408
2902	215.81925042589438	146.6977427597959	68.88913969335607
2903	175.6110325318245	190.57149929278648	72.5214285714286
2904	192.1493473895583	178.212700803213	72.67896586345383
2905	196.7061940812113	170.1604611149346	70.77587749483828
2906	172.0705109489053	203.31051094890512	49.41970802919708
2907	183.35638945233268	189.89837728194726	53.96135902636915
2908	200.62826433121015	177.71218152866248	52.36560509554141
2909	210.26601941747586	181.89271844660198	46.27572815533979
2910	209.809305210918	185.14555831265528	45.81650124069479
2911	186.7612261806131	171.84652029826023	64.77286661143326
2912	173.83893178893175	188.41782496782486	68.95952380952382
2913	185.81014362657098	179.7713345302214	70.21370436864153
2914	185.474794661191	179.8957392197124	70.78963039014374
2915	202.89539568345333	160.37920863309344	66.29834532374103
2916	216.67322097378292	141.58483146067402	67.58202247191011
2917	204.67901408450714	153.6075117370894	67.85605633802818
2918	206.10123809523827	165.76458730158737	126.17523809523813
2919	156.59163947797708	134.86185426862414	234.43563077759654
2920	179.43345588235297	115.50909926470587	223.9015625
2921	141.29591836734699	168.84591836734702	227.49591836734695
2922	143.10525638275058	136.08246084531223	245.45292855610387
2923	136.36893028846154	151.8171875000001	241.2496995192308
2924	150.88007889546353	200.56395463510842	103.2741617357002
2925	168.90664612676082	186.15127640845063	106.115625
2926	156.4108752449379	106.65796864794251	254.60796864794256
2927	171.49583798882705	168.41184357541945	167.7287988826816
2928	204.05751241721856	119.58948675496691	161.05529801324508
2929	141.26118012422364	110.93716356107662	263.47163561076604
2930	139.44615384615386	206.1717948717949	180.75769230769237
2931	167.31846153846175	206.19307692307697	116.98769230769234
2932	113.67316784869978	158.03723404255322	211.7695035460993
2933	175.40911078717198	169.63170553935856	146.34409620991258
2934	188.69139784946236	153.8545161290326	171.4710752688172
2935	180.04875231053597	157.00212569316096	112.12019408502772
2936	195.22312217194568	141.40674208144796	111.68932126696835
2937	137.43974960876372	119.30524256651024	262.2475743348984
2938	200.14854838709672	167.83516129032262	113.29556451612906
2939	174.66415487094082	146.92029558701086	185.22108659450456
2940	123.80634146341465	126.95878048780487	260.87439024390244
2941	145.82004975124354	111.01845771144285	255.29358208955227
2942	137.42358121330727	110.1808219178082	263.166927592955
2943	176.24824902723736	193.6663424124513	169.1795719844358
2944	193.80355871886132	173.16387900355866	111.45427046263346
2945	127.1857850330153	136.9750183418928	199.74765223771092
2946	131.13185586734696	132.1985331632653	204.46881377551026
2947	175.46541370106743	162.33147241992873	168.87446619217081
2948	207.59085948158264	135.45457025920874	179.08465211459756
2949	127.54709026128265	58.593289786223295	227.97238717339667
2950	178.4870262390671	185.32113702623926	114.12099125364432
2951	157.1628417564209	142.72659486329738	227.12448218724109
2952	217.45012722646308	131.86564885496185	113.40916030534352
2953	130.58337155963304	159.1599442988209	180.93990825688076
2954	111.00744336569576	177.65177993527507	195.43570658036683
2955	96.15345512311363	107.45095313741058	224.21258935663224
2956	134.10662393162383	98.22115384615391	246.11324786324792
2957	132.02269417475728	88.43519417475733	245.978822815534
2958	184.65366071428588	204.80330357142853	113.05544642857143
2959	193.1174763277069	133.5927130506382	189.33382050226433
2960	204.92013930950958	164.47631738340382	111.30087825560268
2961	177.81083032490972	81.14783393501811	150.26119133574008
2962	95.64419315403431	145.5664425427871	254.6863080684597
2963	150.12859728506797	134.5568778280543	145.22289592760185
2964	156.8151597817614	109.72135619641466	202.76480904130943
2965	116.23419203747078	104.97400468384077	216.4707259953162
2966	95.12863545816744	92.68285192563052	227.65380146082342
2967	97.43929775280894	94.89817415730343	233.2370786516854
2968	128.41247723132966	133.80027322404374	203.88302975106254
2969	124.81295039164502	141.86266318537858	183.117545691906
2970	148.20949606299226	133.75237795275592	144.02741732283462
2971	121.96817383669888	170.75809920983343	146.5402326602283
2972	142.69046658986153	109.48389976958528	256.66846198156685
2973	148.17087974864324	134.6004427306483	188.78588974578696
2974	78.80277777777785	139.37916666666666	230.90069444444444
2975	118.39269005847956	115.97865497076029	205.05
2976	98.35754310344825	102.19616379310345	223.1373706896552
2977	172.60314634146343	146.79553658536582	95.81348780487812
2978	141.1989795918367	78.58163265306123	242.01530612244895
2979	118.43333333333337	97.01642599277977	236.91034897713604
2980	116.99020088192066	101.16954924056827	243.33040176384128
2981	127.51049250535328	130.24793004996428	253.3800142755175
2982	148.1284729586427	111.94395546129377	247.54782608695652
2983	152.43079514824817	109.16165768194077	253.7253032345013
2984	145.28757692307693	117.44700000000016	145.92409615384614
2985	96.03579376854609	131.17500000000007	216.24710682492585
2986	104.93851540616244	133.265406162465	195.36722689075637
2987	121.52298115746949	99.91679004037692	241.01029609690445
2988	135.778046594982	105.86957885304652	250.26084229390682
2989	145.5623376623374	103.47532467532469	253.08506493506488
2990	141.33312883435582	109.2833128834356	249.64466257668715
2991	123.46908602150542	123.09650537634413	260.1559139784946
2992	141.71998992950654	109.38575025176232	257.11253776435046
2993	137.44835025380698	109.92461928934016	258.523730964467
2994	138.9615264797508	193.48862928348927	157.90996884735202
2995	136.26961852861024	147.35354223433248	101.53194822888285
2996	118.40359531772579	111.86797658862876	182.829381270903
2997	116.24136671883151	115.82334376630148	201.2397496087637
2998	117.37173308619091	106.52974976830404	243.85695088044486
2999	136.13349241998878	143.77419988770362	135.49177428411005
3000	122.5154761904762	104.80595238095236	178.25476190476192
3001	212.519512195122	89.99207317073166	169.79390243902438
3002	131.30957446808512	194.64148936170207	111.590589198036
3003	180.38872950819626	119.1852898126464	171.7061036299766
3004	136.81753521126765	132.24814553990615	220.501455399061
3005	175.97303120356614	81.14992570579498	148.06114413075784
3006	214.69633867276886	128.98569794050346	105.28535469107551
3007	117.7341165413534	178.01494360902268	149.1626879699248
3008	159.51642857142832	154.10214285714304	110.91642857142858
3009	160.43840206185573	142.81896170839468	115.37201767304865
3010	191.5014344262295	134.27382172131158	179.2735143442623
3011	100.43861209964416	117.57864768683277	249.15195729537368
3012	175.4512731481481	78.55833333333334	210.5220486111111
3013	167.25000000000009	71.54946808510627	243.85106382978725
3014	118.41645649432535	164.76973518284998	247.32730138713745
3015	176.22891483516491	100.97032967032972	145.48104395604398
3016	191.4305555555556	110.50574712643684	106.34097222222223
3017	173.9717331499311	169.42420907840437	114.9250343878955
3018	138.3270833333333	108.76785714285707	222.25476190476195
3019	150.38147482014375	177.82268756423423	107.64200924974308
3020	120.63288110508148	146.15293537247172	169.76386285150468
3021	170.11079234972684	123.4449453551913	109.59200819672131
3022	124.84533898305088	182.9355932203389	113.10112994350284
3023	127.5834462001505	93.04283922748935	226.06572610985702
3024	121.12047313084108	162.85782710280372	212.12491238317762
3025	168.46548900327556	189.58245203556362	183.21382779597567
3026	127.49540229885059	160.16149425287358	98.63965517241378
3027	155.70920210764018	96.29326307866009	145.86674821226947
3028	124.45207749381704	138.40212695795546	153.56190436933227
3029	121.39946554149091	149.1268917018285	151.8911251758087
3030	124.98170019467895	90.42628163530176	211.90275794938358
3031	87.41784615384611	135.6936307692308	221.1402769230769
3032	118.12697103043637	103.311862852952	200.12295562889625
3033	173.87653614457847	129.1293975903614	107.2761746987952
3034	181.4468942189422	132.91734317343176	107.34775522755228
3035	166.1428382838281	187.31693069306928	107.9183498349835
3036	190.2738215102975	118.85890160183071	102.440709382151
3037	187.8634126984126	107.6725396825397	173.8960317460318
3038	162.77785234899332	79.33842281879193	210.1627516778524
3039	119.60804794520548	128.83467465753424	217.9798801369864
3040	122.61539453326456	134.99677668901495	180.05649819494587
3041	129.86333819241995	129.25280612244893	182.05841836734692
3042	138.31360946745565	195.8520710059172	110.41005917159764
3043	137.71561844863734	193.66457023060798	110.90283018867926
3044	159.5698788115715	140.5125293197811	208.41151290070368
3045	143.34026564138412	111.88972387277157	254.31780845858086
3046	154.81610032362462	145.5666666666667	173.9544093851133
3047	118.4974600870828	127.44034833091439	254.77712264150944
3048	180.04343832021004	89.9242782152231	95.1038057742782
3049	101.03504795117699	84.43866608544037	227.82611159546641
3050	132.45139939485622	85.11187594553711	173.1726172465961
3051	133.6885090609556	133.40490115321248	119.84518121911042
3052	138.49929577464792	57.40760563380285	216.3947887323944
3053	138.29416393442622	100.57426229508191	157.10272131147542
3054	107.23335015136227	110.46767574840229	204.51527077026574
3055	114.06525945470516	102.12875989445908	238.8281882145998
3056	112.41730474732012	114.63549770290965	193.07998468606436
3057	152.33094059405934	99.49962871287127	148.1901485148515
3058	176.64874661246608	136.3929200542006	199.59298780487805
3059	117.5378678368611	114.26015745998964	182.59176561693343
3060	118.70635491606713	105.74270983213422	183.93714628297363
3061	107.29075144508673	152.50202312138734	194.8794797687861
3062	193.40528148578014	114.13250145095765	110.66427742309924
3063	152.34414893617011	163.1244680851066	113.87127659574469
3064	155.8034969737729	165.36765299260298	112.25806993947546
3065	175.80879892037822	129.79376518218626	109.69404858299595
3066	116.28120370370364	112.75025462962972	211.82002314814815
3067	140.175354358611	155.4383416017009	218.4905209071581
3068	141.48085501858756	143.17430297397772	241.06561338289958
3069	155.25427618674019	106.68683797567677	155.13862298940762
3070	156.16514084507043	79.04700704225344	238.12288732394364
3071	94.84938985227996	108.80674373795759	236.88786127167637
3072	144.93970297029682	114.32993399339935	195.51574257425744
3073	179.06301470588247	148.35966911764694	107.09349264705885
3074	139.34051634665337	112.16360923715631	192.5776336274001
3075	146.3864991830065	128.58631535947706	247.75073529411762
3076	119.47221231766608	143.56247974068086	191.76699351701782
3077	148.02464788732382	147.90281690140853	109.39084507042256
3078	175.37587093089672	136.77095945174187	112.92087378640778
3079	177.57693532972291	124.53461293405547	107.08915259636828
3080	154.08892794376075	149.97697715289982	110.04253075571178
3081	182.90984230560105	72.23333333333338	211.13629690048938
3082	130.3917621776504	198.15050143266478	113.07542979942694
3083	116.08344744260977	176.37501006846568	151.11908981071286
3084	100.96736804564915	116.2128031383738	192.3258202567761
3085	115.95006152584091	129.63734618539792	158.4949753896637
3086	139.86791720569198	113.99016817593792	159.50924967658477
3087	96.53749999999998	111.55661764705884	233.30330882352942
3088	157.66155830753348	61.1998452012384	161.10061919504645
3089	121.68011540168663	123.11455836662235	182.16449178872617
3090	108.56682548325628	125.26403484889731	207.83291587258373
3091	164.9067796610169	119.29733050847456	181.68224576271191
3092	206.86622613803237	118.909838472834	183.9527900146843
3093	129.0919642857143	204.28125000000009	174.30000000000004
3094	124.80546412113236	99.23553324555608	242.82083607636605
3095	108.6771457085828	120.8781437125749	250.1973053892216
3096	114.47705779334495	165.24080560420325	128.65472854640979
3097	116.00419744795168	155.41987911349906	144.26954331766288
3098	138.9572909467865	101.71921216309616	145.61544574982724
3099	137.04456140350905	99.81535087719296	147.63688596491232
3100	131.2632863340565	110.99739696312366	153.5985357917571
3101	93.01490683229815	122.9585921325052	214.6400621118013
3102	206.9166342412452	121.82435797665372	147.81303501945527
3103	131.97234318299635	123.67615344738206	212.55789269051326
3104	159.89257336343124	148.69715575620762	210.98869074492103
3105	145.1489634748273	138.40834155972362	239.46446199407703
3106	135.24954887218047	95.21533834586464	249.13759398496242
3107	129.00677455777188	109.03185923974412	247.45445991719987
3108	147.61422466422454	94.18296703296714	250.1418803418804
3109	163.2576198279394	125.71364195002054	149.93346988938958
3110	116.7254034357105	107.6645757418012	223.10044247787621
3111	102.48827906976747	84.78032558139546	224.89269767441863
3112	128.62482566248258	69.21408647140865	204.1750348675035
3113	141.43664383561654	65.22020547945206	203.48493150684934
3114	134.21106736657921	93.47810586176738	194.0256124234471
3115	125.04714703730808	95.2626554498904	209.37015362106808
3116	145.46406480117818	137.64944771723128	166.9821060382916
3117	126.84302040816328	140.52208163265306	205.2698775510204
3118	148.67507409602845	144.03707765263772	174.24534676941315
3119	165.45310686241018	158.2924035506999	164.1106862410379
3120	196.39100621306244	133.6573344446129	163.06345658433088
3121	96.06497461928923	141.6672588832487	194.41395939086297
3122	128.6377619446773	113.01278290025148	174.05748113998322
3123	138.92587228439805	102.56612903225813	255.35207373271888
3124	113.10666666666671	120.53142857142856	252.7061904761905
3125	99.00845388788427	108.0819620253163	236.8142857142857
3126	136.91327769347478	155.90761254425902	183.16752655538696
3127	131.77241379310345	55.41182266009854	208.64778325123157
3128	132.14307791371544	99.60241468126215	164.87037990985192
3129	100.62614457831327	112.41138554216869	214.5636144578313
3130	128.46949003516994	155.25410316529897	190.01178194607274
3131	144.72393292682906	150.80609756097567	186.41875
3132	144.35125156445542	136.7255944931164	120.95112640801001
3133	111.24370026525196	116.3512599469497	247.09248452696733
3134	138.35817513778326	92.71726883037356	243.83221065523574
3135	146.89994529540502	133.7119803063458	227.01942013129104
3136	85.38803088803091	148.0200772200774	177.92818532818532
3137	120.24614427860699	87.10796019900499	216.5419776119403
3138	112.3415707236842	134.3623766447369	146.5817845394737
3139	114.49773519163769	98.02839721254357	211.21085946573757
3140	112.83874113475174	93.09432624113475	220.89033687943268
3141	74.54252450980388	130.68026960784314	225.5444852941177
3142	140.7666057059254	114.82306144842752	144.1734272128749
3143	151.0661368015414	103.37032755298651	142.05313102119462
3144	102.27447257383965	152.53333333333322	155.29609704641354
3145	135.56385927505343	112.17537313432838	151.30746268656716
3146	105.3873462214412	152.09674868189816	153.0817223198594
3147	146.2991406249999	100.650859375	154.61187500000003
3148	93.20891735137751	147.04405509908182	192.3705413243113
3149	151.9885220125786	120.31237646001794	198.68663522012582
3150	122.90964467005071	105.47622673434856	246.87694585448398
3151	129.22704081632654	103.23443877551024	250.6186224489796
3152	157.67749440715875	128.11997762863538	216.9866890380314
3153	172.36659634317851	167.35780590717303	105.4901547116737
3154	149.34401595744666	142.17158687943262	229.63816489361702
3155	138.36914206642058	97.54940036900386	143.65553505535058
3156	124.09033687943258	117.06613475177308	148.99734042553197
3157	112.92074973600846	87.66605068637804	213.0445617740233
3158	78.98459530026118	173.20548302872052	153.94973890339432
3159	139.26659426585582	122.16068635968719	150.7148132059079
3160	130.87125288239818	79.251998462721	209.5030745580323
3161	156.904	120.2993	106.8188
3162	110.5724872231687	154.0318568994889	155.86643952299832
3163	131.72540009699318	121.77778855480116	156.64144034917555
3164	105.63808553971492	103.79317718940943	210.90427698574342
3165	108.69253695755842	107.20960896518835	209.5670481640439
3166	107.03152354570645	114.44844875346256	211.9407479224377
3167	145.36771428571427	106.41142857142869	146.6974285714286
3168	120.96868327402132	141.34804270462638	147.89356465005932
3169	115.68922619047615	95.62339285714287	213.6795833333333
3170	95.53921907394621	106.46852107809259	215.9759156876296
3171	113.72587103484146	101.42537701508071	209.74620384815395
3172	121.2787980589772	81.39794699514741	217.7041246733856
3173	146.1994979919681	79.63624497991974	184.67740963855428
3174	139.6400755124055	159.96950737144917	137.81781733189501
3175	155.20218750000006	127.53531250000007	170.5
3176	138.775	148.38253968253966	175.37222222222226
3177	175.33872832369946	118.55838150289014	232.82008670520236
3178	92.79459833795015	124.1004155124654	224.4792243767313
3179	133.0267127592709	184.04863293526043	117.38075109993716
3180	177.47549738219902	98.49031413612565	225.65837696335083
3181	194.47773089545242	111.66211908110644	117.46535396155649
3182	107.74626783754118	92.026491035492	186.13505305525064
3183	104.02488433575682	79.40175148711168	225.93840052875083
3184	149.5437627811863	108.73241308793463	147.4933537832311
3185	114.39440677966104	79.5542372881356	213.79152542372884
3186	110.47439353099729	94.30893980233594	216.63625336927223
3187	84.45738636363636	171.82556818181808	156.05738636363637
3188	77.7522580645162	136.31306451612906	223.31064516129035
3189	107.20089285714285	107.32775297619041	220.0646577380953
3190	109.03395963813496	132.22275574112732	164.98430758524705
3191	135.42803557617935	93.77393658159326	190.23194122196446
3192	126.81915297092291	141.7713653603033	151.06817319848292
3193	153.11201923076948	91.71442307692308	149.29230769230767
3194	139.32846607669623	115.70280235988191	150.00641592920354
3195	139.31729708431843	111.59148936170219	154.7662726556344
3196	134.53472850678733	158.07024886877824	245.90599547511314
3197	105.8383875739645	168.0616124260355	161.17278106508874
3198	106.68508085550351	110.26911841418888	220.4206051121544
3199	131.58680203045685	77.72868020304566	207.91954314720815
3200	126.98427065026364	91.73497363796128	211.90320738137086
3201	114.09058109833973	141.0978288633462	150.13454661558114
3202	119.89457305502856	91.80679316888036	218.7484629981025
3203	104.62187050359717	123.29733812949637	188.04737410071945
3204	110.386375	93.2586875	218.2235
3205	113.3856227106227	91.39720695970699	218.29132326007328
3206	105.83793478260885	170.5649637681161	155.03144927536238
3207	92.32215777262186	133.25823665893273	216.84760247486463
3208	144.27832599118975	105.21475770925107	148.0430396475771
3209	133.96090387374463	62.96592539454807	208.99053084648497
3210	115.15424403183027	126.95918435013263	172.2101790450929
3211	168.91423357664232	68.68476277372264	147.4712591240876
3212	136.68224806201536	105.40728682170564	151.31651162790698
3213	87.0651877133105	173.78029010238922	152.11817406143342
3214	133.20087644292417	77.31791363830698	214.5848867037196
3215	120.8347639484978	91.09640557939899	217.53680257510726
3216	152.68575418994425	97.30111731843586	152.56731843575423
3217	114.43088552915772	98.33477321814257	221.43736501079917
3218	115.77032842582106	90.64348810872036	221.9664212910532
3219	105.9885474860335	102.40027932960884	222.60530726256985
3220	159.033536231884	141.92104347826088	136.59672463768118
3221	117.76346153846156	118.11194331983806	182.64008097166
3222	134.24638554216872	90.11385542168676	246.89831325301205
3223	109.36940594059408	110.73623762376236	247.33554455445545
3224	126.96762870514824	97.4139235569422	249.44602184087364
3225	149.7913043478264	136.34373401534532	120.8312020460358
3226	166.98057658707046	153.7877839254516	187.17714036109498
3227	132.04703947368438	136.17113486842106	182.6705592105264
3228	141.80136778115502	73.37902735562307	143.96291793313068
3229	95.74860465116295	96.02232558139536	215.0265503875969
3230	153.45	142.2515120967742	209.2605846774194
3231	106.1566425120773	99.58719806763284	207.2264492753623
3232	161.99590952839262	118.83493743984602	95.3961501443696
3233	147.53672316384183	136.0084745762712	95.08681732580038
3234	158.22147413182168	121.49036144578312	95.37335223245928
3235	110.92950401167026	124.50218818380743	173.07749817651347
3236	216.46779176201386	83.97505720823786	169.0746567505721
3237	211.3060114503817	112.34484732824428	105.41946564885498
3238	171.26076845298255	123.50197168857432	237.56830131445903
3239	130.3764359129381	129.49041717049573	150.44877569528418
3240	84.65141955835958	168.6626182965299	151.11813880126184
3241	134.84013035381756	101.45246741154553	147.97867783985106
3242	131.40931677018617	99.10450310559014	161.47049689441002
3243	123.69416535845109	86.63449764521204	209.58611983254843
3244	154.42286773794802	131.74845488257114	117.4589925834363
3245	115.97017017017012	171.35115115115119	212.6939189189189
3246	126.32858508604208	99.49531548757165	152.99885277246656
3247	119.38544229642649	109.19352665495028	151.39950205038082
3248	138.2111721611723	93.25219780219776	247.49664224664227
3249	95.73240740740745	111.30462962962964	225.9185185185185
3250	137.65490677134414	94.37762512266944	155.13454367026497
3251	83.59771648873077	161.59169632265682	164.2953736654804
3252	106.11562499999997	141.9178240740741	152.55497685185188
3253	122.69617283950608	112.94510288065838	210.07646090534985
3254	219.45424710424714	128.14362934362936	110.30579150579152
3255	110.28854166666667	104.33749999999996	216.771875
3256	124.33016877637144	131.48341772151895	152.01767932489452
3257	132.93030006523142	123.85476190476194	156.27247227658188
3258	145.6710878990934	109.4101103665746	155.62116673236102
3259	117.53812521265738	139.8150901667234	154.57226947941476
3260	126.16889632107019	203.6637123745821	112.49707357859532
3261	109.48173076923078	84.21749084249083	218.42353479853486
3262	167.66180243745944	146.68030788967286	113.0685695958948
3263	124.73099089989893	99.86309403437812	245.0970171890799
3264	125.03811261730988	109.68456725755999	152.26282586027114
3265	130.52688927943785	107.82609841827757	154.83466608084362
3266	143.89821981424151	61.86904024767804	218.303173374613
3267	109.6553333333333	102.50600000000021	222.824
3268	119.72825278810421	129.54101610904578	153.25985130111525
3269	169.00256588072122	69.17794729542302	153.37066574202498
3270	170.78410596026478	65.90044150110376	152.68995584988963
3271	126.86230677764559	158.61450653983385	99.23412604042808
3272	112.46606498194949	174.2824909747293	100.7889891696751
3273	116.76401115933041	131.6010539367638	152.3176069435834
3274	120.17137724550896	130.28544910179642	155.9734131736527
3275	115.99030443414955	97.28156849768364	211.25678358702845
3276	120.4596752368065	90.84675236806491	214.85500676589993
3277	104.2895381715363	114.14858623939683	220.29754948162116
3278	145.5779922779924	75.55598455598461	176.71776061776063
3279	117.24747330960855	113.29451957295376	209.11743772242
3280	112.232779535865	108.98557489451478	247.45213607594937
3281	111.83826606875931	119.04499252615842	250.30878176382663
3282	146.85892857142858	141.66547619047614	175.68035714285716
3283	96.49635416666666	124.75546875	218.66796875000003
3284	158.9406031581673	114.00504789024073	183.31387522650783
3285	132.28011627906977	193.19837209302327	114.015
3286	80.69318181818183	134.75454545454545	231.6568181818182
3287	151.26546454767734	144.5094743276284	242.2965158924206
3288	186.12035830618888	157.27252985884888	176.43235613463628
3289	187.95391256429096	156.38185157972083	175.044066862601
3290	107.83947885939035	98.08657817109145	214.28962635201572
3291	150.58970516569204	98.816800682261	150.82208820662768
3292	134.920414507772	76.22772020725392	202.1235751295337
3293	129.7680714988522	122.81631682518865	156.94102984585112
3294	141.07029204431015	110.25035246727086	157.93751258811685
3295	135.9516838487971	104.57049828178688	150.00862542955323
3296	149.55425430210292	90.4360898661567	151.75320267686428
3297	89.11928657799284	113.353869407497	212.62587666263605
3298	172.70287206266332	137.55456919060063	112.43263707571802
3299	158.17617246596078	172.0884266263237	138.3220877458397
3300	108.15274261603376	87.84683544303795	214.7651371308017
3301	119.01393323657494	113.77097242380266	152.4234397677794
3302	109.13491902834005	73.14517543859651	222.87246963562757
3303	144.48679525222553	61.30133531157271	220.8486646884273
3304	134.41837638376387	142.6967896678968	252.84007380073803
3305	82.20743055555566	154.19937499999978	158.62916666666666
3306	117.6946341463415	106.43886178861791	166.17288617886186
3307	86.729941291585	156.67842465753426	155.70543052837576
3308	120.16362672322391	113.36571226581843	156.8092965712266
3309	90.75204651162784	120.28986046511636	198.25598449612409
3310	100.44155943627443	112.24667585784321	189.8253216911765
3311	85.90221617418348	107.38856920684296	224.5253110419907
3312	92.94760321100895	138.5598853211011	165.80633027522939
3313	150.14865196078438	71.29037990196079	160.29129901960786
3314	104.21757425742577	109.58539603960405	182.6319306930693
3315	122.67379134860049	170.77849872773518	120.20298982188295
3316	116.29962223421482	111.01422018348623	147.54811117107394
3317	129.67202970297026	97.65585808580853	143.7496699669967
3318	71.16797407912705	117.2565484311051	227.55105729877215
3319	115.16731879409879	114.98563181526623	149.3456382296344
3320	122.19332129963895	112.9991877256317	155.14268953068594
3321	137.1107910576097	117.39355116079105	135.00442820292352
3322	109.47812500000002	79.39241071428582	216.9388392857143
3323	92.05870400878635	102.49813289401428	220.1522240527183
3324	131.81982758620694	82.31287356321845	160.0481034482759
3325	117.97852865697178	88.20042771599655	230.15453378956371
3326	153.35984313725513	144.46192156862747	97.43843137254902
3327	183.58726338561397	144.02429691725263	152.80897782585185
3328	134.8109684947491	93.60332555425902	144.1083430571762
3329	110.29964622641512	124.23189858490571	149.93596698113208
3330	139.4670588235294	91.67436974789922	145.25361344537816
3331	114.02226847034338	121.85962539021851	149.89760665972946
3332	96.34096958174904	154.8187262357415	152.9794676806084
3333	110.8687373532983	93.14498178874956	185.9563132335087
3334	115.25845886442644	106.78061993047501	160.10640208574742
3335	114.88636363636354	110.9315340909091	162.74232954545454
3336	131.09002607561928	133.61797044763122	142.74997827031729
3337	128.1878623188406	90.35543478260868	216.7039855072464
3338	161.28675068119878	199.7260558583104	109.86849455040873
3339	121.14965618860514	115.0067288801572	146.91159135559926
3340	125.7250571210969	112.26702208682407	148.47821782178218
3341	130.2710514834207	102.3724694589878	148.87458551483422
3342	161.23043300653592	174.71037581699326	98.7119689542484
3343	174.11503032600498	156.44518574677778	99.37403335860495
3344	153.9811428571429	208.21664285714272	108.06714285714287
3345	117.21505914467708	112.42070063694271	207.20586897179257
3346	167.81719457013594	189.82217194570137	113.49020685197156
3347	120.11033994334274	162.11444759206796	229.91713881019834
3348	175.50438596491227	92.23684210526315	142.33771929824562
3349	136.57827429983533	100.84662273476124	171.81451812191105
3350	110.22861029719536	91.86035998325657	232.33735872750103
3351	154.576694915254	130.06864406779658	106.98516949152544
3352	206.36985357450482	103.09444444444445	111.46903531438416
3353	143.21984240687698	78.24025787965618	175.56504297994272
3354	153.10808333333364	103.3954166666666	156.64733333333334
3355	117.25999999999992	93.46415730337078	235.05846441947563
3356	139.17445553538977	127.70946763460381	142.82248941318815
3357	116.60360892388444	137.8933727034121	151.24278215223097
3358	165.88791512915128	100.9256088560887	216.58675276752768
3359	132.67830047789732	122.6749701314218	166.66889187574668
3360	121.77075905692915	113.71147211040831	204.8002012650949
3361	116.47577586206918	128.43045258620708	163.88814655172413
3362	171.71079136690662	67.54079136690648	163.90949640287772
3363	176.93192133131603	100.08585476550678	100.72239031770046
3364	142.0280172413794	79.89732142857143	175.5170566502464
3365	90.17681159420292	140.56594202898543	209.4195652173913
3366	115.2513468013468	105.31969696969696	214.45471380471386
3367	118.14	82.06907216494842	230.8820618556701
3368	115.94391385767807	101.76421348314602	240.6734082397004
3369	111.94191068814057	167.19798682284056	130.53400439238658
3370	150.62336621454997	130.12213316892726	104.71769420468559
3371	159.5982142857142	118.56147959183676	103.03941326530615
3372	124.46380145278454	167.88583535108964	106.57548426150122
3373	165.00257852789468	112.75670417252701	238.09842944210038
3374	177.97184309511047	141.1141590542721	179.67740462117146
3375	140.79413759689922	146.001550387597	106.66908914728684
3376	148.28577476714648	135.5463590177815	105.64936494496192
3377	184.12597315436255	151.16823825503374	138.71775167785236
3378	199.59663072776283	120.39070080862535	137.41253369272235
3379	163.74830795262278	178.26886632825702	107.9442470389171
3380	201.58896952104504	125.25711175616837	108.29731494920178
3381	102.02751371115171	175.85420475319918	145.72888482632538
3382	101.69877450980393	124.98570261437912	219.26846405228758
3383	155.2510169491526	121.3337288135594	103.27259887005651
3384	168.82224299065413	179.1159813084113	185.3664485981309
3385	155.50953846153843	114.23753846153843	258.10526923076924
3386	189.87647058823535	157.18455882352944	103.40441176470587
3387	129.12823290453622	163.52762356127303	110.50196343940421
3388	114.68321839080456	175.9841954022989	148.95454022988503
3389	124.32557655954642	115.12051039697545	193.92979206049148
3390	150.66980999296268	146.27368050668537	104.73610133708657
3391	188.75632411067193	138.93754940711463	157.4918972332016
3392	129.61721311475415	149.91598360655706	151.34180327868856
3393	174.12208904109593	92.94309360730594	149.64269406392697
3394	151.86877934272306	105.23497652582165	166.94436619718314
3395	112.4221798780488	111.02789634146342	220.41166158536583
3396	179.04967948717942	94.70312500000004	100.30184294871796
3397	117.39608695652176	169.13521739130434	149.41956521739132
3398	184.19731182795718	126.16370967741942	112.77419354838709
3399	144.96868231046943	137.82166064981948	100.44350180505415
3400	138.21104218362288	166.1825682382132	117.02990074441686
3401	158.29729151817517	122.5182822523165	105.4388809693514
3402	187.1174757281554	87.92524271844665	104.27394822006471
3403	145.5475513428121	149.7902843601895	187.45199052132702
3404	119.01333878887077	183.18960720130943	98.87037643207857
3405	107.29819369715594	119.81333589546507	175.6964642582629
3406	99.61461392704877	96.57854097584095	224.91977735670295
3407	107.6082995951417	107.54190283400816	205.65141700404857
3408	110.51051752921538	184.63196994991642	97.99732888146912
3409	149.43040563767622	135.1912856651771	180.96380199381238
3410	204.36668984700972	102.44687065368572	109.73379694019474
3411	115.27210561949889	111.56435341909278	246.50426540284363
3412	147.9824302788845	109.98115537848604	254.19378486055783
3413	122.84726840855112	112.84798099762476	250.6850356294537
3414	138.08358944050443	149.6552600472814	111.64263199369584
3415	107.84931034482756	107.74631299734749	198.40702917771884
3416	106.7557399103139	143.4202690582959	160.99313901345292
3417	168.12378640776691	62.34757281553398	151.0858009708738
3418	141.87004538577924	123.50537065052949	146.61452344931922
3419	152.42990196078478	104.21250000000008	255.91495098039215
3420	150.36352941176474	84.64931372549029	143.90264705882353
3421	82.02995594713657	174.5656387665197	147.91607929515422
3422	167.12756309148284	60.528194006309135	229.6770504731861
3423	165.4551393728224	127.96387195121943	170.82578397212546
3424	137.27787182587664	120.65018137847635	146.8905683192261
3425	118.4498639720171	123.75277885736489	169.81982122036533
3426	105.56507268553943	119.02050497322115	179.3075745983168
3427	121.61421204620491	115.10973597359744	228.14018151815185
3428	114.07042307692312	124.17392307692306	234.44575
3429	188.246493594066	85.68873904248144	196.0603506405934
3430	103.5697092084006	138.36809369951547	256.0547657512117
3431	182.88330188679254	113.95688679245285	165.64650943396228
3432	160.47985153764583	106.57518557794272	173.6874337221634
3433	135.19583333333333	138.47638888888892	235.76388888888889
3434	137.88742008273783	137.01391500564122	120.15648740127868
3435	146.0258916164892	133.0541454377026	167.61447429365447
3436	170.93007518797037	142.22441016333966	132.87940108892923
3437	122.3892657621707	148.2001995211493	239.6937749401437
3438	130.16137521222416	130.15110356536502	153.43599320882853
3439	125.65034482758621	70.3146551724138	203.3501724137931
3440	125.55545087483186	130.4884253028264	233.6263795423957
3441	173.85526137135102	105.126544467074	199.97708757637483
3442	113.94361702127662	151.77351623740182	149.77676371780515
3443	117.14401172529313	169.64183417085428	106.414405360134
3444	134.89628422425022	94.8406996957844	181.2540417209909
3445	170.08845731037013	117.84027116159773	178.19879076584832
3446	134.42586742620395	121.30447954427756	224.25075090626618
3447	130.6353736654802	104.23733096085412	155.10900355871885
3448	114.85890471950128	90.61482635796972	211.6344167408727
3449	118.72027522935791	90.26660550458715	209.9344954128441
3450	120.34883656509695	81.28969529085875	201.06171745152355
3451	76.34680638722563	120.03722554890223	214.54940119760482
3452	211.47647255689415	79.31338688085678	171.5399933065596
3453	160.6423247381145	150.2257856567283	234.70640612409352
3454	106.3502488514548	118.83769142419605	212.83694486983157
3455	117.612	161.45937500000005	226.79387500000004
3456	183.85125	183.98999999999995	119.98250000000002
3457	166.65410447761195	92.81044776119406	100.63973880597015
3458	213.415447419987	119.52998040496408	179.8216198563031
3459	165.42719374456988	150.1949174630756	151.30925282363162
3460	165.06864274571012	159.0190717628704	163.50444617784711
3461	181.3981851179671	163.51320326678749	134.48298548094374
3462	166.95602782071106	135.04004636785177	170.46140649149922
3463	100.14753086419748	125.11481481481484	200.31458333333333
3464	115.83279661016954	125.64144067796612	179.97398305084747
3465	92.69799331103684	155.72909698996662	184.92692307692312
3466	173.80215807174872	105.209697309417	214.52158071748883
3467	122.62101947308123	117.71260022909502	183.13928980526921
3468	161.7399170554694	132.64437532400206	102.14945567651634
3469	96.9984635645302	97.65397278314308	207.75779192273924
3470	110.60904907975458	68.29110429447852	226.20563650306752
3471	162.41524563540403	154.06699147381244	210.22773041006906
3472	150.4316840277778	77.56718749999997	193.61527777777775
3473	143.96346604215475	157.68770491803278	94.26896955503516
3474	157.57528032619777	142.74910805300726	223.08975535168202
3475	175.25625198349715	171.11388448111686	176.4056490003174
3476	126.47278244631191	90.91510270774981	230.09052287581704
3477	179.59532775453255	152.44243375174338	123.22646443514644
3478	155.16607000795562	119.39244232299136	183.3608989657916
3479	142.29557692307702	144.98282051282038	185.75897435897443
3480	173.84812030075187	153.26992481203	176.5887218045113
3481	206.1591486658194	164.66664548919917	112.32369758576876
3482	151.24095063985385	207.85575868372945	175.3363802559415
3483	219.17499999999995	130.79191542288558	106.55223880597015
3484	118.82203832752609	130.45770034843187	180.21449477351916
3485	97.13533250466118	132.07793660658794	153.18952765692976
3486	158.37877067791123	162.0214725916316	223.45413558222512
3487	201.57233009708716	152.12172330097098	144.57524271844662
3488	163.6551304347827	100.40066666666651	123.62342028985508
3489	161.9460526315791	90.14789473684208	131.1061052631579
3490	137.39773869346732	143.3252093802346	253.15062814070353
3491	199.089587973274	172.7183741648104	114.99317928730513
3492	133.87781787895614	89.15252637423642	167.8581066074403
3493	146.65677631578953	136.54184210526313	107.66973684210528
3494	158.9546666666666	131.52800000000002	227.50266666666667
3495	128.71464891041165	200.17070217917683	92.59709443099274
3496	170.5544338875697	162.37193190815532	95.67082343626285
3497	114.05001892147594	105.21796594134344	223.1538883632924
3498	164.47053941908712	69.24779564315354	188.50879149377602
3499	164.45440705128212	95.29954594017084	172.8019497863248
3500	132.27066728452286	102.56709916589436	166.0612604263207
3501	105.99600000000004	118.92979999999993	249.5944
3502	135.0793956043956	106.9441758241758	139.21043956043957
3503	118.85297215951843	112.39781790820169	169.51504890895413
3504	161.0158027812896	143.07857142857142	226.1440423514539
3505	127.28038854225764	99.78615995462279	198.12151162790693
3506	103.8915315315317	110.96522522522524	225.31782282282285
3507	125.06845414201187	79.80288461538463	203.45850591715975
3508	84.3867313915857	137.49199029126214	200.12524271844657
3509	134.30325406758462	150.56439299123915	142.03319774718403
3510	126.59994747899157	114.96790966386564	159.06612394957986
3511	107.19729729729728	74.81594594594587	229.30864864864867
3512	137.09326106065043	137.31403457368873	106.04219162027542
3513	141.37756892230578	150.79373433583964	168.9337406015038
3514	194.3830204081631	147.06865306122455	118.39187755102043
3515	117.33961456102786	160.85870806566732	175.9803711634547
3516	132.98019801980195	95.16415841584164	171.8733663366337
3517	109.90620155038759	174.21143410852704	108.59941860465118
3518	153.34894578313254	112.51420682730922	107.12796184738957
3519	114.5878048780488	171.3924677187948	107.94756097560978
3520	186.02812500000005	188.32937500000008	116.19375000000004
3521	163.4106784660766	127.66392330383482	225.1794100294985
3522	178.32449324324338	97.65287162162164	221.3731418918919
3523	140.65785638108832	99.0703874866691	189.06724137931042
3524	107.39761904761903	182.73333333333332	98.82380952380954
3525	162.1248275862071	171.61517241379318	219.88905172413794
3526	136.87523390203637	146.47889378095786	254.9932581177766
3527	98.38256704980844	98.0580459770115	222.10622605363983
3528	103.47299382716051	216.879938271605	174.81682098765438
3529	156.6829418344518	170.02136465324372	181.42279082774053
3530	115.07459115687463	109.7438219261054	164.67386432465173
3531	150.50363924050592	108.62563291139244	175.4531645569621
3532	138.98565737051794	201.69442231075698	158.02091633466136
3533	129.4872909698993	137.3415432393693	167.5989010989011
3534	175.50153543307118	137.8174409448819	91.98858267716537
3535	136.24703862660957	168.50725321888325	136.50150214592276
3536	147.14708783466475	176.15500234852047	124.3222170032879
3537	112.45572959604289	111.11632316570486	163.2765457543281
3538	112.98211633663358	194.79121287128703	187.2409653465347
3539	183.7281869460115	117.72419822723612	178.9564383561644
3540	156.17901034928832	107.3094113842173	197.65669469598967
3541	148.79674744897957	76.21919642857141	139.88871173469386
3542	93.54767441860469	110.19186046511628	219.3802325581396
3543	90.74355971896955	91.00374707259937	231.0276932084309
3544	167.1030362389814	146.33124387855054	106.69461312438787
3545	176.54280523255824	138.17390988372108	108.81286337209305
3546	142.7314914163091	83.05295064377673	181.8953862660944
3547	196.56625202812359	141.44964845862634	163.45411032990808
3548	162.82298387096785	137.37600806451616	135.58911290322578
3549	148.92746835443037	143.35924050632906	95.17645569620251
3550	110.40688509021842	91.1177113010447	177.38414055080727
3551	155.05909694555118	155.18691899070382	148.94445551128814
3552	170.97384329618367	108.89331306990884	173.72310030395138
3553	201.55779363336998	82.5434687156969	148.03633369923162
3554	141.8371127435328	95.20269881826893	229.85186841264772
3555	173.75930377770837	82.13150171714021	189.3881985638464
3556	114.84553303303295	112.82556306306313	242.1907657657658
3557	132.2440641455241	118.23736237434164	141.4497845859263
3558	114.75595238095242	179.6892857142857	108.34285714285713
3559	123.79671814671816	67.60115830115829	223.0706563706564
3560	218.28302801724132	150.73259698275882	107.66368534482757
3561	77.600101214575	123.58021255060729	225.40759109311745
3562	165.4816993464051	88.56977124183003	199.66527777777782
3563	161.20438328236514	113.0970438328237	257.663506625892
3564	139.48131012368316	87.87402656894182	146.41589555657356
3565	145.1419597989948	198.28881909547738	136.63216080402012
3566	166.79743975903617	111.2958960843374	171.31547439759038
3567	139.15433260393868	102.41698030634576	226.86188183807442
3568	171.92634271099755	140.45959079283887	112.70639386189258
3569	102.4980255516841	199.87868757259	150.35185830429737
3570	214.3590389016019	106.45961098398176	99.50720823798628
3571	129.5515517241378	166.07060344827582	152.58896551724138
3572	149.33701622971262	98.5749687890137	221.23870162297126
3573	130.4114676082284	129.39269266195882	205.83830211851398
3574	142.39286444141706	134.68761920980916	182.2659911444142
3575	141.15737236701162	101.68520171367348	227.94348446983227
3576	143.4592328278324	128.9418822479928	189.83855932203392
3577	141.3628509940557	103.26653002664492	221.6728837876614
3578	128.36461424332344	155.54391691394662	186.89391691394658
3579	148.04114793856124	155.07865804365412	106.52303961196444
3580	172.4024390243902	90.12073170731712	99.17682926829269
3581	107.45936555891242	177.9690332326284	106.35770392749248
3582	70.57435567010322	137.73176546391753	222.30135309278356
3583	144.49944282945725	176.86603682170517	137.5812742248062
3584	157.41866313699532	175.28328921244236	129.75632031767043
3585	125.4644766505636	87.84111111111132	161.492576489533
3586	122.83893949251808	92.77501626545204	165.41759921925834
3587	210.5008097165992	107.32199730094463	132.21524966261808
3588	185.7910912698412	133.5231944444444	157.08130952380952
3589	191.95732581967212	179.14390368852455	141.00286885245902
3590	151.43555825242728	74.99623786407773	194.10728155339802
3591	151.02571806500382	109.63936130007568	190.0644935752079
3592	190.4492857142857	69.85838095238095	172.6381904761905
3593	163.2451340615691	162.9728649453823	175.83232373386295
3594	196.4298644724108	178.59399806389163	127.31914327202324
3595	183.42094017094016	187.40341880341873	148.88076923076926
3596	107.85684357541908	177.25363128491614	98.93086592178771
3597	158.63693317422442	162.14564439140813	97.9905727923628
3598	206.56789772727268	134.36818181818182	142.2965909090909
3599	152.18860045146724	120.23769751693004	212.20688487584647
3600	115.64015700483091	106.51533816425129	159.33128019323672
3601	114.9984912776992	101.11935407826478	156.7059170202735
3602	89.45617848970255	143.76941266209016	158.71170861937452
3603	149.5813238188977	101.42925688976369	142.9255659448819
3604	138.2735728346457	146.86136811023624	101.78031496062992
3605	180.31102941176465	93.60514705882349	190.95514705882354
3606	185.97762831125817	141.30811258278158	99.0607822847682
3607	209.19154995331462	111.63151260504203	97.7438842203548
3608	85.36057068741889	143.42444876783398	178.5830739299611
3609	116.74229893778454	103.99089529590292	189.15326251896818
3610	114.41637478108584	83.80709281961471	200.10126970227677
3611	93.29490106544901	91.49086757990864	212.93622526636227
3612	111.41340552651221	81.35112023898431	198.20907393577298
3613	167.1826619964975	196.03117338003509	171.02302977232927
3614	190.4586600351081	127.76509654768877	118.34139847864249
3615	165.2241706161138	118.26042654028437	105.4201421800948
3616	180.81089494163425	120.14824902723736	225.33735408560315
3617	157.7643627954779	62.83509763617678	224.66963001027756
3618	126.53471760797348	129.38460686600223	230.47131782945735
3619	105.51616294349535	119.82555847568987	181.56721419185288
3620	109.62612359550563	138.96460674157305	148.23220973782767
3621	98.92531904032673	135.24721796835124	203.390786115365
3622	107.34310645724258	93.62318208260605	219.38472949389183
3623	190.3582984658297	63.20474198047419	170.6702928870293
3624	115.26749163879609	102.0071571906355	247.66665551839463
3625	122.3977085053675	104.95939306358366	231.7239471511148
3626	132.14864864864865	211.41447876447876	111.97490347490348
3627	215.766116751269	152.62709390862972	123.6131979695432
3628	156.95607594936726	201.69683544303788	143.65443037974688
3629	124.19354838709677	214.71487455197132	175.59489247311828
3630	141.291231126597	150.6770034843205	147.56480836236938
3631	174.29028396436516	142.1863307349666	125.49462694877506
3632	192.08231132075483	86.3344339622642	92.50117924528305
3633	130.49750957854422	166.31704980842918	93.40938697318009
3634	87.89939024390247	189.6158536585366	150.66780487804883
3635	100.23821243523321	125.18056994818652	201.52085492227982
3636	143.71441200657895	101.17828947368423	260.3221011513158
3637	125.31333658219623	111.93911630929172	266.62116634178045
3638	128.6185185185185	107.63260869565205	268.8888888888889
3639	120.214905362776	107.44171924290224	269.6266561514196
3640	123.42246462264148	110.29316037735849	269.8255896226416
3641	120.70994132985659	99.60449804432852	258.4548239895697
3642	130.95363475177305	110.20478723404258	267.1576241134752
3643	121.57476708074542	126.6404891304348	267.2521739130435
3644	121.55486187845301	96.29558011049713	261.68635359116024
3645	129.89238002594047	108.67671854734112	263.85197795071343
3646	136.37540894220288	105.29231188658663	265.7501635768811
3647	119.05859188544157	86.62434367541765	253.97267303102626
3648	113.34264705882357	100.67205882352941	273.02132352941175
3649	121.72869850187271	97.68422284644191	270.8111423220974
3650	124.25907158043941	106.1862508858965	263.4979447200567
3651	111.08014547413794	83.71883081896536	255.5558997844828
3652	107.07255067567571	92.38467060810815	258.50464527027026
3653	110.37567865003666	88.44468085106371	258.7796404988996
3654	109.72984154929577	85.62376760563369	268.8105633802817
3655	115.27813383600376	96.39825636192278	260.3060320452404
3656	123.80430379746835	101.29050632911397	268.18835443037983
3657	128.60325732899022	93.19125950054286	258.921009771987
3658	142.97731958762887	90.05115979381443	263.63002577319594
3659	114.68392857142858	92.72142857142856	262.5
3660	114.66233367451383	93.19488229273291	266.1228761514841
3661	114.12039106145257	83.51857541899426	267.5150837988828
3662	113.80566539923956	91.74836501901129	270.43353612167306
3663	115.93231617647068	81.4068749999998	270.23886029411767
3664	110.71438547486036	91.32150837988836	268.09504189944136
3665	116.40471567267684	95.31934812760055	258.3314147018031
3666	121.74746059544664	102.37753940455342	264.94492119089324
3667	112.58819978046104	100.15916575192092	251.79555433589462
3668	121.0289073305671	100.13042876901804	258.0397648686031
3669	121.65241379310349	96.6387931034483	266.0539655172414
3670	113.26936141304348	94.0148777173912	254.68213315217395
3671	110.4593821510298	85.13295194508018	253.15354691075515
3672	106.01527217741942	88.8194556451614	258.1468245967742
3673	109.0146218487395	91.01714285714293	255.63537815126048
3674	114.576	88.38342857142855	260.3511428571429
3675	103.32306748466249	104.89950920245407	261.69539877300616
3676	125.0606012658228	101.95247890295364	264.0527953586498
3677	125.25992187500003	102.95054687500013	267.2641927083333
3678	132.82499999999987	94.88299861495834	251.5434903047092
3679	123.12316370619304	104.89975996159401	271.55636101776287
3680	106.431013916501	79.9788021868787	256.2994532803181
3681	129.66212938005398	95.69258760107815	262.3099730458221
3682	122.47128463476074	105.03476070528973	264.3477329974812
3683	120.24553108808293	97.73115284974094	258.4772020725389
3684	131.3673076923077	85.07692307692307	255.83653846153848
3685	105.57062693498457	86.03541021671833	263.7905572755418
3686	113.86464226289516	86.24018302828627	264.85108153078204
3687	108.27225738396619	87.5231012658227	262.68765822784815
3688	110.40779220779223	96.04025974025978	264.88181818181823
3689	132.65094339622658	107.56745283018871	257.7033018867925
3690	134.47401574803163	98.77874015748031	257.26259842519687
3691	131.36493756003838	107.06349663784832	264.1621998078771
3692	122.34633204633208	98.65120656370651	256.020222007722
3693	114.31190476190486	72.3547619047618	260.1
3694	122.2670174383644	94.748827420325	261.35351773902585
3695	124.116359832636	104.87947698744769	273.8180753138076
3696	128.195225464191	104.38255968169751	272.87877984084884
3697	132.78300000000002	109.24200000000003	270.8573333333333
3698	128.0764976958525	99.24923195084476	263.1171274961597
3699	124.76505791505792	99.57442084942087	265.4971042471043
3700	122.84516129032257	104.43494623655914	267.913082437276
3701	123.07079741379309	99.08534482758623	272.3596443965517
3702	103.45605095541401	115.34936305732485	262.9753184713376
3703	111.3787162162162	91.1312837837838	268.3397972972973
3704	120.11334519572956	85.69822064056945	266.0845195729537
3705	115.99448356807517	93.11138497652588	269.1578638497653
3706	108.2955092592592	89.35429012345703	243.48194444444448
3707	113.21468373493984	97.7409638554218	250.19615963855426
3708	104.38271221532091	80.90295031055909	259.78105590062114
3709	104.67456016889507	77.20204081632659	257.57649542575655
3710	116.72671829622459	81.57942884801541	259.5105517909003
3711	101.63943522906791	96.92577014218	274.77474328594
3712	119.59845173041893	95.12094717668484	267.22386156648463
3713	115.99860655737707	110.10639344262295	267.5786065573771
3714	120.7979773462783	101.27297734627822	270.4932038834952
3715	129.9195652173913	96.1838405797104	268.7172463768116
3716	117.69775693311577	97.10819738988572	267.5047920065253
3717	112.24607329842935	90.87862129144855	257.1456369982548
3718	118.7210256410256	94.81576923076923	265.62743589743593
3719	115.80524296675192	81.21572890025574	259.37774936061385
3720	123.23705263157896	94.39331578947365	268.4978421052632
3721	107.74084033613441	96.51529411764703	264.3697478991597
3722	117.61919431279621	92.00292259083736	261.8503949447078
3723	102.34110747408616	83.0085924713584	245.4893344244408
3724	113.26375219683659	97.51722319859405	230.945869947276
3725	113.02464788732395	95.5901408450704	238.62253521126763
3726	108.77504960317472	91.31582341269844	240.17703373015877
3727	112.55049689441003	93.11534161490678	236.85596273291932
3728	101.62096505823628	86.15324459234604	247.69584026622294
3729	106.08200218818372	92.7111050328228	248.9219365426696
3730	109.68286908077994	91.91740947075209	255.1433147632312
3731	106.91943877551023	83.69260204081637	247.81596938775508
3732	108.37513850415509	89.95470914127421	251.7842105263158
3733	107.92143342391293	89.13549592391314	242.53841711956525
3734	121.33247354497351	111.043253968254	263.94543650793656
3735	116.45843881856541	95.23632911392413	254.1631223628692
3736	113.71319796954307	103.46886632825728	256.02174280879865
3737	128.77024377318494	102.43553259141501	260.2421038685745
3738	114.94159722222211	77.5240277777777	266.26798611111116
3739	120.3185198054204	82.26570535093836	262.4963863794302
3740	114.91319107662464	78.06159068865195	256.9380213385063
3741	110.30893113342907	80.15322812051652	263.24996413199426
3742	114.22444968553455	91.71077044025152	273.39323899371067
3743	108.27281790820187	86.85344243792323	268.5924379232506
3744	110.24709657701707	88.87778117359423	257.3519254278729
3745	117.47363576594348	96.92439184746878	268.7673898750822
3746	121.51728786677246	98.35491673275169	268.4117763679621
3747	111.9010718789407	89.5341740226986	261.49482976040355
3748	114.6221153846154	91.62905982905994	264.46303418803416
3749	119.54213973799123	94.06801310043669	267.24836244541484
3750	107.2791176470588	86.59156862745103	259.59892156862753
3751	109.75652999240694	87.73815489749431	262.6456719817768
3752	108.18639240506329	88.15664556962038	267.4192246835443
3753	112.36975837879965	89.19516757599371	271.83374902572103
3754	115.97689024390236	94.52152439024387	270.3511585365854
3755	104.26530732860529	91.93191489361709	267.0256501182034
3756	113.61022944550673	87.55358508604192	269.9211759082218
3757	113.00252918287936	90.43647859922184	272.1729571984436
3758	115.26614173228346	95.93602362204723	264.201377952756
3759	106.05880102040808	89.47321428571422	261.47308673469394
3760	124.61298342541436	80.20276243093926	266.86243093922656
3761	101.2945492662474	81.20513626834381	248.8894129979036
3762	109.74769884942476	88.77836418209097	254.43841920960483
3763	129.15657051282054	78.15993589743594	257.87948717948717
3764	129.53257698541321	101.11799027552674	263.54627228525123
3765	114.14446391030134	99.735774351787	233.6975823405746
3766	119.26039959016394	92.57976434426222	233.06588114754103
3767	115.02400332225916	82.97234219269106	251.5994186046512
3768	106.06581632653062	85.68401360544219	255.35527210884362
3769	100.69984375	93.76125000000003	254.80468750000003
3770	111.6453703703704	94.00679012345678	245.8351851851852
3771	117.44540636042406	89.54408127208485	242.71227915194348
3772	105.16451612903224	95.65967741935484	245.14838709677426
3773	109.86478690228695	93.25558731808731	247.13438149688156
3774	106.18917910447763	86.19029850746256	269.07238805970155
3775	119.19368203974514	73.93220847394089	268.5957067866517
3776	108.37473233404707	91.13040685224846	270.90091006423984
3777	129.35895679662806	83.78429926238154	271.29894625922026
3778	122.66983683984535	101.2115714899098	273.5639544869043
3779	112.00195623342181	89.82761936339527	266.7810013262599
3780	117.0250737463127	96.08126843657824	260.3495575221239
3781	125.21396263520158	93.3626352015732	260.26032448377583
3782	111.9526104417671	80.71894243641232	258.5706827309237
3783	110.40657084188915	93.3080082135524	261.1043121149897
3784	106.56082543978356	91.24269282814615	264.45027063599457
3785	118.37753623188406	79.6330917874397	261.0613526570048
3786	106.26970217640327	88.22113402061855	263.42731958762886
3787	109.44186046511628	86.40348837209305	261.00697674418603
3788	123.88375262054508	88.327463312369	264.41278825995806
3789	113.27321739130436	99.44095652173914	271.648347826087
3790	105.43760984182778	85.02188049209131	234.30676625659046
3791	100.8809898242369	83.20874190564301	237.9561517113784
3792	115.49477186311785	95.63970215462605	240.91324461343484
3793	113.73557046979865	95.54865771812088	240.07130872483228
3794	109.70163934426229	80.0401639344263	254.6032786885246
3795	103.25083705357136	88.76238839285719	251.0743861607143
3796	108.17775537634405	88.17594086021502	251.1363575268817
3797	113.69863112391931	89.68117195004804	244.41212776176758
3798	114.66368670886078	96.10814873417722	245.4087816455696
3799	112.56112877583463	94.47845786963428	244.49729729729734
3800	115.21058358061323	102.54861523244314	252.5299703264096
3801	108.26408076514336	87.1682784272052	266.5740701381509
3802	104.42222222222216	84.58194444444443	264.99722222222215
3803	111.59456305858996	93.87221946375386	274.42187189672296
3804	127.80525554484088	95.6151398264224	265.14030858244945
3805	123.82036764705884	99.39227941176472	268.7445588235294
3806	117.4435707678076	101.42844588344127	265.9517113783534
3807	100.27285714285719	98.88017857142859	267.8225
3808	110.62500000000007	93.42500000000004	268.06538461538463
3809	112.180987654321	104.24061728395064	264.8677777777778
3810	120.49384057971014	79.02995169082126	263.4074879227053
3811	121.86819923371651	84.8896551724138	264.792337164751
3812	114.24736434108524	95.4493023255814	263.65550387596903
3813	101.54245283018871	104.6183018867925	269.5083018867925
3814	111.95952732644022	98.64741506646973	269.4008862629247
3815	104.02188118811884	82.74178217821776	239.61485148514853
3816	105.07428325688069	85.77287844036714	242.17944380733948
3817	103.57969465648858	84.43549618320621	242.50549618320613
3818	117.91638584667228	87.3100673967988	253.48899185622017
3819	103.22117750439374	92.55852372583477	252.5205623901582
3820	117.9634980988593	75.70760456273763	253.41615969581756
3821	126.60205865764244	94.12382966723077	252.83031584884375
3822	121.03381147540985	93.29713114754108	253.0676229508197
3823	129.96767304860091	102.12584683357878	256.4895434462445
3824	126.55153061224495	105.18214285714292	259.9887755102041
3825	111.97425373134328	100.29906716417909	245.97929104477612
3826	113.00028883183563	88.71168164313234	269.8967907573813
3827	116.17307206068264	82.44646017699091	271.58712600084283
3828	124.76622516556291	95.59012141280351	262.99895143487856
3829	103.67233009708742	113.77524271844659	262.20315533980585
3830	100.4821596244132	108.38098591549296	260.7542253521126
3831	108.86005586592181	94.43715083798887	261.0564245810056
3832	118.20829383886257	94.86587677725123	260.04052132701423
3833	124.65799549549548	89.28581081081091	261.9412162162162
3834	129.58189655172416	85.84482758620692	268.3887931034484
3835	121.30424440298503	95.75438432835823	268.6267723880597
3836	104.31908850726536	86.83097754293266	253.75634081902245
3837	102.39742857142849	92.30885714285719	255.37285714285716
3838	105.16379310344827	112.22844827586205	256.3417241379311
3839	118.90240046838406	97.72997658079626	250.27898126463703
3840	127.92899082568808	98.87620795107028	255.8529357798165
3841	111.68205521472392	100.04938650306755	246.40253067484662
3842	118.33498039215692	95.83588235294128	246.7938431372549
3843	113.06317280453258	94.80254957507078	259.71529745042494
3844	103.67798913043478	108.25135869565216	260.2516304347826
3845	116.76991869918699	93.74210220673623	261.3509291521487
3846	108.91006097560978	95.8509146341463	262.58140243902443
3847	121.9777777777778	81.83840579710144	263.1019323671498
3848	122.01583629893238	89.20471530249105	263.3805160142349
3849	113.04487951807232	99.55828313253004	262.85692771084337
3850	107.29122055674515	75.04614561027833	240.23693790149892
3851	103.59634963161423	78.3781312793034	252.8202277294039
3852	107.37389078498288	76.87235494880551	250.4104948805461
3853	101.98884976525817	82.15980046948357	248.5483568075117
3854	102.24128834355835	84.9550920245398	252.11865030674846
3855	110.38739130434782	91.0728260869565	265.3104347826087
3856	108.05498084291193	96.767337164751	265.9545019157088
3857	101.14590163934423	102.84549180327869	268.59385245901643
3858	116.36688741721856	95.42773178807958	265.85670529801325
3859	128.2900114155251	84.62402968036548	266.0945205479452
3860	112.9677852348993	95.15492170022377	263.3527964205817
3861	105.79530612244896	105.39346938775516	265.1089795918367
3862	105.49250000000002	104.54499999999996	267.0375000000001
3863	103.5863810741688	94.34539641943735	245.7902173913044
3864	99.03146186440675	87.35153601694908	238.3842161016949
3865	102.95000000000002	82.8972972972973	237.37837837837841
3866	101.09726651480646	84.76953302961266	236.8614464692484
3867	102.39190476190471	82.90142857142853	240.39523809523808
3868	82.76099195710451	100.79302949061663	238.80026809651483
3869	102.19972255251687	84.643539437178	235.35574712643677
3870	111.71339563862922	66.96207165109035	234.77632398753897
3871	104.20654044750431	81.60920826161794	244.0343373493976
3872	105.44219626168224	84.81822429906536	248.96392523364491
3873	102.78047001620749	86.6762560777957	239.9149918962723
3874	98.1175404780262	79.8089437162684	241.4449113338474
3875	95.80471153846159	82.19750000000002	239.8296153846154
3876	94.66334269662926	87.07303370786511	243.636095505618
3877	98.56487985212573	81.39695009242158	236.71400184842886
3878	104.68692170818512	87.26601423487548	238.2752669039146
3879	110.93610315186251	92.85274252967658	243.64392140810483
3880	99.23511202830186	81.13245872641514	236.6167452830189
3881	98.30963081861971	80.98154093097915	240.33852327447838
3882	105.47221556886228	80.2189820359282	236.83065868263475
3883	101.83461538461547	87.78086785009864	238.7406804733728
3884	103.4536401098901	84.64157509157495	240.08154761904763
3885	106.08432835820896	83.90167910447758	240.11262437810947
3886	102.38739067055396	89.038666180758	246.34227405247813
3887	117.44664351851853	77.584375	246.31724537037042
3888	117.8087209302326	78.40537790697678	243.88343023255817
3889	100.9152518656717	95.48194962686563	247.43176305970155
3890	103.5314159292035	84.94498525073737	228.7002212389381
3891	109.13198324022345	100.76983240223466	257.4537709497207
3892	107.1211943793911	100.51346604215452	257.30210772833726
3893	91.07727272727276	95.81022727272727	249.4113636363637
3894	100.22390488110143	80.74812265331664	242.57133917396752
3895	98.1799860529987	92.8909344490934	243.40836820083683
3896	110.63301886792456	71.65094339622641	236.85094339622643
3897	95.63005434782612	86.99804347826084	244.26576086956524
3898	109.83520599250936	90.34007490636705	250.78352059925092
3899	105.030701754386	117.54561403508772	260.49093567251464
3900	113.42187050359712	88.91165467625899	247.10827338129502
3901	125.15576923076924	87.92948717948715	249.2455128205129
3902	95.8250920810313	86.26086556169426	246.4430478821363
3903	109.77518780380022	77.04617764030056	245.6006407423774
3904	107.81723237597907	87.00052219321141	244.0654917319408
3905	131.76023824855127	102.90276883451388	255.64162910495818
3906	107.03240391861341	79.57467972871136	240.9750188394876
3907	104.8084656084656	81.14100529100513	256.6572089947091
3908	112.61589785831958	101.41112026359149	256.64250411861616
3909	123.94490835030552	95.4726069246436	261.4146639511202
3910	111.96668207024031	94.6365988909426	254.844685767098
3911	111.53366800535477	88.22898259705492	248.72001338688088
3912	105.52318556296586	87.81378972145947	250.42585327579445
3913	108.89507672634268	94.6471227621483	256.7845907928389
3914	111.47361516034988	90.2400874635568	256.94300291545187
3915	117.72006437768242	99.06766809728188	258.90718884120173
3916	108.93298059964724	99.83615520282179	259.78139329806
3917	130.7162291169451	86.34999999999992	253.97661097852028
3918	123.63101086443079	89.53958431743038	250.9052196504488
3919	136.35056179775287	88.79595505617985	255.09000000000003
3920	131.41319702602232	63.61666666666668	242.4920693928129
3921	97.46973830734964	82.27062917594655	231.95637527839645
3922	98.36817733990148	81.9256157635468	235.8719704433497
3923	99.04735356386732	81.56690190543392	230.69453069865918
3924	100.10418781725893	80.39352791878186	233.8965736040609
3925	94.24250000000008	86.62355263157883	234.40855263157897
3926	105.72317596566532	84.92145922746792	245.52274678111593
3927	118.17844175491682	87.1421331316188	258.0049167927383
3928	114.53458439355387	89.56393129770984	248.52745971162003
3929	138.8822607260727	84.98316831683165	250.440594059406
3930	122.04723837209305	72.9901162790697	249.35305232558144
3931	117.04261213720316	91.53218997361488	256.80211081794204
3932	123.28187022900765	88.31488549618324	256.31259541984736
3933	110.7962686567164	101.81977611940302	259.5028606965174
3934	104.60414603960402	94.39306930693058	259.318193069307
3935	118.42198697068405	78.85423452768734	257.23517915309446
3936	100.29657794676807	97.62813688212934	259.6627376425856
3937	102.16257083977331	93.20473982483269	278.47936630602777
3938	131.4412549687678	88.80860306643932	272.4570698466781
3939	118.39100765306141	95.06090561224487	271.914668367347
3940	101.09314804623	87.54141441937263	231.41802421574025
3941	96.80447882736158	92.0488599348534	231.5777687296417
3942	127.12555910543131	68.06908945686901	241.84185303514383
3943	102.45263644773371	87.21392229417215	230.49426456984278
3944	130.51431888544894	84.03548761609892	251.18525541795668
3945	115.94314991577762	89.6351768669286	251.60816956765862
3946	103.68668300653604	83.95947712418307	261.52814542483657
3947	101.14711538461556	84.9791387959867	233.5232859531773
3948	96.92157012195132	82.81775914634136	228.146875
3949	99.25178780773727	83.73604923798379	230.14018171160615
3950	100.8596153846154	84.59679487179511	257.2371794871795
3951	104.9673967459324	79.86151439299128	255.1366708385482
3952	108.26419573643416	79.13604651162792	262.3228197674419
3953	183.04253183153781	173.7057296767873	184.2852840352596
3954	107.94272930648764	178.4067114093959	161.99038031319913
3955	165.8502021563343	121.33096361185984	238.09403638814015
3956	140.51688637790326	113.6221280602637	265.40037664783426
3957	141.0833874107724	115.41255678131095	266.2895846852693
3958	139.4290507364975	103.49654255319143	199.63042144026187
3959	122.50790800252052	88.42748897290481	226.316509136736
3960	142.24820143884884	125.07855429941769	170.22886262418632
3961	152.39390094146552	136.87930822758906	156.06717151043802
3962	105.1446651090343	102.3269859813084	229.92527258566986
3963	110.83975095785436	167.93965517241375	237.3545019157088
3964	103.20267938237964	166.92824704813808	238.37879200726616
3965	171.1505540166205	155.07958448753476	210.0198614958449
3966	135.16291963377418	127.91052899287895	259.9564089521872
3967	180.60105042016806	155.71624649859947	200.20462184873952
3968	153.9548603026774	144.2703143189756	252.18604481955762
3969	131.90645161290314	143.45774193548374	219.57806451612905
3970	173.98677083333348	98.51015625000008	208.25348958333336
3971	139.98787234042555	116.60546099290785	261.2109929078014
3972	177.74481415929188	172.5958407079647	184.34384070796463
3973	180.96429548563614	167.47838577291373	189.8854309165527
3974	174.62250453720483	165.85378100423486	198.58427102238358
3975	185.1976182136604	162.53029772329305	181.45704028021018
3976	130.00540483255614	120.84495548961424	182.75131411615087
3977	119.65449413808079	146.2627442466348	188.5186495874946
3978	136.31863442389758	111.79160739687045	261.9345661450925
3979	138.26807580174932	115.67558309037906	262.7336370262391
3980	138.8357861060329	109.81549360146258	258.9680530164534
3981	113.56934681697606	142.49413129973473	179.89777851458888
3982	162.63652073732734	93.12995391705068	197.56152073732719
3983	109.28388822829966	102.72552516845025	233.00162504954426
3984	115.51766805472923	82.81900654372389	238.12088042831653
3985	190.36769677760162	174.6364764923403	168.48594823032224
3986	108.87524315765677	101.44308979868816	206.60729472969916
3987	104.91375915750908	122.07255036630026	232.31909340659342
3988	119.059821958457	96.08646884273016	227.64842729970334
3989	113.85584218512895	114.71130500758728	229.09544764795143
3990	145.85916777926158	128.47113929684022	168.15436137071654
3991	135.362034883721	119.51691860465112	184.99313953488374
3992	112.52891396332859	119.68408556652565	188.36013164080865
3993	106.46485507246376	98.21219806763284	229.8070048309179
3994	105.51071428571431	131.43357142857144	229.8021428571429
3995	129.19573690621192	127.91820950060908	215.76211936662608
3996	136.77863733144076	110.45475514549321	263.42579843860904
3997	132.75798319327723	132.99061624649863	158.7528011204482
3998	117.05604774535836	95.43010610079563	229.50843501326258
3999	138.9591519434627	138.32636042402828	164.25526501766785
4000	105.80336468885685	150.85958755426927	201.88223589001447
4001	163.24036697247718	94.66238532110098	190.5045871559633
4002	105.28966907675208	106.57504171301427	237.05581201334812
4003	107.24492591557173	106.532093933464	231.61703941850715
4004	120.48395061728422	117.98065843621404	240.56539780521263
4005	120.56039107950865	119.04353587588886	182.0004040077569
4006	122.31005455962574	146.23355416991433	167.7547155105222
4007	138.78536799065435	125.04789719626162	167.07149532710284
4008	110.70175370226023	101.85888542478571	234.70596258768512
4009	126.94949001274969	104.91185720357001	200.139226519337
4010	170.88728470111468	120.46003039513693	95.57016210739616
4011	134.8953157894737	100.87115789473692	250.78436842105262
4012	144.77516025641046	145.88544337606808	242.01439636752136
4013	151.35874233128808	130.191717791411	249.88558282208592
4014	134.17894736842106	108.94999999999996	260.99157894736845
4015	133.35000000000002	109.21249999999998	262.235
4016	103.95374946740526	144.87731146144012	205.17155943757996
4017	119.29409959072298	111.31872442019112	228.07179399727158
4018	129.55313531353127	100.62050330033009	228.23457095709568
4019	110.99521739130428	102.20804347826099	224.65478260869568
4020	122.63821062441755	103.284327430879	224.65834109972042
4021	158.53011928429405	117.61558648111314	171.50465208747514
4022	120.58228469433294	155.99703257474354	169.0691655510933
4023	146.9495206710606	80.5801078490114	202.13636908328343
4024	101.79087237479796	97.73384491114702	240.30201938610665
4025	135.74735376044578	74.71624883936863	217.70501392757663
4026	125.75440729483276	84.57629179331309	228.75887537993924
4027	100.412	170.99700000000004	247.032
4028	155.12310924369737	116.15168067226891	151.92941176470592
4029	124.7088679245283	142.78415094339618	171.69754716981134
4030	114.78431483578709	121.0317667044168	219.8978482446206
4031	93.26074007220215	171.04106498194955	253.18962093862817
4032	196.59003051881987	179.26922685656163	104.0495930824008
4033	199.14745762711868	179.36271186440678	106.1813559322034
4034	138.01750547045953	111.83614150255285	259.075273522976
4035	153.64420103092812	134.75028350515458	229.6065721649485
4036	171.25681055155874	149.12992805755408	210.50940047961632
4037	146.27650485436854	142.03552427184462	225.35454368932042
4038	115.88095052590587	96.1788663809898	250.46254382547727
4039	122.22816483842271	103.32613400533657	208.8486806996739
4040	106.80350877192976	114.9377192982456	237.98421052631585
4041	115.97481471314858	107.35734284929994	237.49401592094432
4042	146.56276771004949	75.66260296540358	227.29497528830314
4043	129.88254086181288	100.53885586924216	235.31582466567608
4044	139.52162844036715	118.52146788990835	201.86072247706426
4045	142.67485101311087	163.68498212157326	98.41197854588795
4046	122.44332648870626	96.38834702258751	225.98336755646815
4047	102.84816299265196	188.4402137608552	216.73453573814297
4048	142.36028087864608	102.44675909254588	202.53546993158085
4049	179.1496628630704	169.16094398340266	72.81880186721993
4050	192.2636159712876	179.5941229250785	104.56020637056976
4051	128.85451575710994	92.40972328977716	247.11825518831668
4052	144.09198788191318	125.29747324996764	222.174332860642
4053	135.95020242914998	137.83499775078724	228.71959064327493
4054	168.18150406504074	110.63663617886186	223.65828252032523
4055	153.25450052947397	123.95190610660076	229.7095481821391
4056	149.4994584438549	140.53302387267914	234.33124447391688
4057	165.80195976773103	152.44387183741205	215.97172335130645
4058	147.31772968868643	117.5997722095673	252.30279043280186
4059	155.2267399267399	117.221978021978	249.19450549450556
4060	106.82437114989729	100.12625770020549	231.03769250513352
4061	132.32760011954585	114.06730424387342	193.17147340107599
4062	107.48834751224554	114.51470739881417	235.47004382572825
4063	116.62757452574527	111.36046747967491	232.6485094850949
4064	118.91168831168831	101.9337662337662	225.224025974026
4065	192.88311688311688	98.87337662337654	94.88051948051948
4066	134.75291691219795	108.70197407189151	250.78411903358867
4067	125.64078341013823	100.93709677419355	253.13824884792632
4068	137.6418710263394	101.5077202543143	260.5756130790191
4069	121.17123064384684	106.95415647921749	254.63027709861453
4070	159.5352372583483	126.03927943760988	240.13427065026363
4071	135.87523461939523	130.4555265901981	251.15156412930136
4072	146.99970954356854	131.04514522821577	249.29286307053943
4073	146.705118474639	137.25493335801556	245.07916512402812
4074	139.46928965094918	123.97229026331905	256.0857930189834
4075	101.87448439978857	161.51501850872552	205.39460602855632
4076	146.58801775147947	145.42409129332208	180.68267117497888
4077	132.97260959613357	144.56513634794618	223.6817915084571
4078	114.2032110091743	195.98165137614689	98.89571865443426
4079	148.05003355704702	117.59959731543623	170.7860738255034
4080	140.84969879518067	168.75154905335592	127.52237521514624
4081	145.77809642017274	130.3331134047557	220.46348314606743
4082	134.37051500682128	153.79984652114675	229.9354536152796
4083	141.47861310592464	125.32668312387793	250.44254937163373
4084	169.8629864636211	160.47855329949243	207.64082064297799
4085	173.18967741935504	161.35967741935482	200.20903225806447
4086	178.70191256830608	163.21375227686713	192.9042349726776
4087	151.04656584751112	121.40063011972276	248.24199747952113
4088	144.65582695703355	111.5303315675888	247.1791936433196
4089	143.64846331156298	111.08415290049973	253.7796772954284
4090	138.99532940019682	111.13298918387406	256.1236971484759
4091	111.97125693160814	158.9693160813309	213.620101663586
4092	133.15673876871887	69.27483361064895	232.9597753743761
4093	65.67533692722373	148.16792452830168	242.40175202156337
4094	164.56145374449375	53.21169236417033	218.7812775330397
4095	177.06657268170434	114.6288220551378	184.5174185463659
4096	176.65445736434106	139.70746124031012	157.03672480620156
4097	117.09314009661837	114.23154589371978	221.29342995169083
4098	118.24378140703536	148.20668969849254	170.4360866834171
4099	133.14160516605182	132.68293357933584	240.8705719557196
4100	194.88731428571427	117.07394285714285	151.52845714285715
4101	165.13215396578545	90.44548989113537	188.64230171073098
4102	131.97076637824495	135.64649773382772	198.19285125669555
4103	134.07215167548532	119.1693827160492	210.87097001763672
4104	176.46712328767117	148.7529768177028	207.1173076923077
4105	151.96673264060715	127.07766782121064	239.07093023255817
4106	147.56687355658198	118.58882794457271	246.23376154734413
4107	142.19797588285945	129.54039621016366	247.43083548664947
4108	162.37322404371588	143.02704918032782	247.0191256830601
4109	90.6077669902912	143.7577669902912	204.4861650485437
4110	163.64304078014192	101.5339982269504	153.10625000000005
4111	157.54065217391292	111.76673913043476	157.09739130434787
4112	157.67766019988198	100.63674309229849	155.93162845385072
4113	119.93827037773363	188.0179920477137	97.26580516898608
4114	168.71753607103238	151.31897891231975	150.19273029966706
4115	193.3784101174344	89.89990966576337	189.7440379403794
4116	148.70126766883527	169.84745344402066	132.04133946600848
4117	163.65329218107013	160.1499118165784	208.78142269253377
4118	169.676541479821	160.8133408071741	202.61380325112103
4119	179.418319327731	146.5468067226897	203.75004201680676
4120	181.4164556962028	131.98259493670886	154.9751186708861
4121	147.93609706774518	123.36183013144594	192.78361981799802
4122	190.19251760563372	111.47183098591543	116.72491197183099
4123	180.2148136449779	114.07479469361972	95.08502842703732
4124	157.5747979426891	93.93462527553268	195.7727222630419
4125	132.6708829054477	180.20335003130901	126.17798998121476
4126	153.47727624951548	157.89794653235182	129.36677644323902
4127	176.11005291005276	128.50793650793645	132.41851851851854
4128	149.16347583643142	127.70759758364315	238.8320051115242
4129	155.0296992481206	113.99046810574828	246.55007276255157
4130	124.9194587628865	162.12639175257738	212.31502577319594
4131	183.96237244897983	120.01575255102043	110.01613520408165
4132	113.95054347826088	98.39782608695654	243.0402173913044
4133	147.53396648044603	143.2456564245809	222.86230446927377
4134	172.7167447306791	151.6737704918034	161.3908665105387
4135	70.15993071593536	151.3668591224019	238.8727482678984
4136	178.7607843137254	182.88732492997215	95.28711484593836
4137	167.47657885849398	154.11237757514363	221.89760216143196
4138	130.44359537572257	114.91502890173412	207.3141387283237
4139	128.08741197183105	115.66866197183113	217.64375
4140	174.88328267477206	126.52821048632214	171.0612841945289
4141	212.7266025641026	90.36923076923078	154.05405982905984
4142	125.79729119638823	114.69300225733637	225.24983069977432
4143	173.5827629513343	186.85684458398757	100.21811616954473
4144	209.47359357060844	136.7138346727899	101.0699196326062
4145	113.73078034682085	196.92225433526025	94.0833815028902
4146	126.43331858407076	109.90630530973463	233.1790707964602
4147	132.79321236559144	108.71223118279563	228.61038306451616
4148	124.6832924187726	105.24005776173271	237.1732635379061
4149	117.47503759398501	97.27721804511278	245.14864661654136
4150	120.28831927319922	98.589552238806	246.21119402985082
4151	141.93353658536563	112.5885772357723	232.66922764227647
4152	141.7346117647053	112.46555294117636	223.10898823529408
4153	133.81059431524568	128.80630490956074	233.04366925064602
4154	124.80615738375064	109.6065406234033	236.07562595809918
4155	133.058447802198	112.91923076923081	235.52201236263735
4156	120.69936569222288	112.58678985107555	240.77319360176503
4157	116.02499999999996	122.23925233644863	244.57383177570094
4158	135.93352272727284	122.2818181818182	245.56306818181815
4159	172.87258620689664	124.2838793103449	123.8230172413793
4160	163.96874999999966	138.041322815534	125.60157766990291
4161	134.53677856978612	128.64271096803864	219.677132674178
4162	132.27590163934428	148.18938524590186	243.24200819672132
4163	135.57118463180365	112.9378335112062	219.30159196015654
4164	124.14818181818188	99.76121212121204	253.8748484848485
4165	119.18409734012451	99.11454442558008	238.94683078664409
4166	118.00107458912764	102.39178255372944	241.9249051833123
4167	117.27166882276848	98.62289780077623	243.82858990944374
4168	129.789195183777	118.32807351077322	242.77655259822563
4169	124.4016703786192	117.48012249443214	246.998079064588
4170	149.26314878892725	104.06989619377171	237.76176470588237
4171	150.17588235294104	156.1605294117649	130.32088235294114
4172	118.73067226890754	125.890493697479	234.30173319327733
4173	149.20355740922489	115.31324828263008	233.86253680078514
4174	160.61280310378294	115.64492402198526	232.079372777239
4175	142.9089599609377	118.4460449218751	227.44299316406253
4176	143.4212734974851	116.16984379136869	230.72973259200424
4177	137.1116992582603	125.24089683074854	241.75133175994603
4178	128.5572664359862	102.70237271379143	251.5245427582798
4179	134.39490060501296	108.52208297320657	258.1406222990493
4180	134.08108447488584	109.09739726027395	247.77135844748858
4181	140.32541214314432	112.58833936469645	249.99258142340173
4182	131.34728047182173	122.91382699868936	249.5140235910878
4183	143.154373963516	112.91189883913759	251.19220563847432
4184	126.15663790242284	104.41876866910074	243.49547792897442
4185	122.49675383228136	103.10838593327324	246.46496844003607
4186	133.24159713945178	108.67514898688907	252.80399284862926
4187	136.85339943342777	102.23404154863077	232.47653446647786
4188	151.408125	151.63860119047658	167.97687500000004
4189	137.8889705882354	129.84044117647076	243.63602941176472
4190	144.2480000000002	136.8135	237.24000000000004
4191	138.2463887009473	126.17792625169146	229.0215071041949
4192	125.08487544483984	95.98772241992887	248.93567615658367
4193	119.21814650388458	102.84084350721425	252.0086570477248
4194	127.18390273930441	105.30493998153268	252.27817790089262
4195	135.3071923076923	118.76361538461536	238.77192307692312
4196	132.1667344862665	114.63835198372334	235.41566632756872
4197	139.25839107005413	115.66131639722862	234.8220554272517
4198	139.41530113944654	104.82767227346714	235.10336408030383
4199	163.28312431842963	134.42071973827709	126.0678571428572
4200	130.32947761194032	171.0951492537314	134.97574626865674
4201	143.88408037094302	173.80453374549222	127.0743688820196
4202	131.30747108471402	114.93005626758362	245.5185214129416
4203	129.70657502131291	111.1398550724637	242.51553708439903
4204	132.71647592738742	115.10193370165749	229.58137332280987
4205	135.10943093161995	113.83536025699848	189.66443322625057
4206	180.0558006535949	87.59109477124184	149.97116013071897
4207	141.42699377827998	124.33639705882355	172.42453337104072
4208	162.76675273390057	148.90732077764258	165.3680589307412
4209	166.74581881533126	142.66353907416598	128.84153807864612
4210	146.70546813532644	131.61789929189612	188.16534225019677
4211	120.97388463989807	107.43929254302122	227.2942479286169
4212	168.84298866855525	141.06837818696894	125.0624822946176
4213	160.2522657952074	138.18468409586058	248.13411764705884
4214	127.5952694954128	108.78867545871564	215.0553612385321
4215	122.7991865869854	108.156258300133	226.5979913678619
4216	138.7156063988095	172.2744047619045	144.16097470238094
4217	144.6871921182266	182.140476190476	121.15361247947456
4218	186.23534994068825	137.94756820877814	89.69436536180314
4219	147.2643483343069	159.79219754529544	122.35265926358856
4220	119.00274370561655	144.8264686894771	190.13560361523562
4221	139.18026269080593	123.0887113951012	179.70200567980118
4222	159.3437122128175	135.75556227327692	253.65108827085857
4223	189.42173228346454	173.01094488188977	160.85161417322837
4224	174.18923076923082	102.56971153846152	222.2814423076923
4225	156.2550362080316	103.72732060566167	196.81418696510863
4226	127.209431561086	110.37563631221724	202.47512726244344
4227	136.24112251243787	137.2043065920396	208.4965174129353
4228	156.32783018867934	133.50896226415094	249.70896226415093
4229	163.74082687338503	146.39569336778627	158.95805340223944
4230	169.05128155714036	155.96692040855632	156.2006359606861
4231	189.6639697950377	109.40134843581444	119.848975188781
4232	168.98655660377372	136.47099056603778	119.3174528301887
4233	147.04140505359868	122.69843032159248	188.78665773353757
4234	124.97085868830294	170.41223799864773	163.12687626774851
4235	115.51621621621622	132.64662162162162	227.58175675675682
4236	139.89683162341592	125.87398913699455	199.94607724803865
4237	131.89328804347826	158.7050407608697	172.62347826086963
4238	152.93049575994772	97.1519569471624	222.25273972602744
4239	115.55974344978162	127.08872816593887	213.71402838427952
4240	165.67460057353543	147.49846374436726	232.41093814010654
4241	180.9833579881658	167.4977810650887	194.7545118343196
4242	171.21354916067125	158.25001712915423	212.48484069886948
4243	164.38019351166764	158.7232593435781	158.27061278694745
4244	174.65647138964587	166.27459128065414	200.5596730245232
4245	175.04443089430907	161.26849593495928	203.29922764227646
4246	173.443661971831	164.2475586854459	205.72478873239442
4247	160.82487684729074	114.45911330049255	159.18620689655174
4248	137.0942622950819	130.25067186240264	195.00670518677774
4249	168.86349299065452	132.71834112149534	118.88609813084112
4250	134.19489795918372	175.46428571428586	121.92091836734693
4251	132.73711340206188	172.50438144329888	121.91855670103094
4252	140.4949004975126	167.1534825870644	96.45567993366501
4253	153.9594069965871	109.06471843003422	194.82834897610923
4254	141.72644747725394	127.11937551695627	192.4604218362283
4255	140.32958351223718	113.35785744954927	186.60326320309147
4256	130.31480698043364	122.02845055526184	198.3147012162877
4257	162.4577777777779	145.88380116959084	240.70508771929823
4258	155.2407219759341	133.54097530082328	254.2734642178594
4259	193.12005263157909	174.17110526315784	157.90615789473685
4260	183.21700507614207	169.2566835871406	187.10329949238582
4261	141.3381659836068	136.16106557377057	146.6488217213115
4262	101.9410798122066	180.51361502347427	146.6240610328639
4263	140.99613573950566	117.76839937230284	224.38058061985092
4264	114.4949080622348	133.5776520509194	220.63946251768039
4265	180.97486956521732	163.9564347826089	198.102347826087
4266	134.99918513689704	141.41883963494132	168.21646023468057
4267	187.97705418012202	173.9785970577679	170.8465374955149
4268	179.88695999999987	162.87479999999977	201.48480000000004
4269	151.5958022388059	131.9045708955224	138.75904850746272
4270	162.08648648648656	137.343918918919	135.88809121621622
4271	145.55936768149886	165.70370804059294	131.44012490242002
4272	168.26917314095445	162.32386237513862	72.56642619311876
4273	133.2659248269041	128.85667655786352	156.95509396637
4274	156.71948090692112	129.2109486873508	139.19791169451074
4275	173.7329000000001	123.1659	140.3094
4276	131.11596244131457	111.42018779342716	208.4835680751174
4277	115.0087537091988	171.0140949554895	164.71275964391694
4278	140.23579335793372	133.20591559040597	147.64506457564582
4279	118.2316944024206	133.71906202723147	224.5938729198185
4280	182.2923076923077	123.51153846153849	124.15961538461538
4281	128.36053615960094	116.63154613466337	190.38366583541145
4282	196.82444089456862	91.92028753993608	102.17963258785944
4283	159.62496697490062	133.09128137384405	113.50416116248348
4284	163.53789840637458	129.34093625498008	110.3911354581673
4285	177.39954046842584	144.13228579899186	85.21265935369107
4286	128.40886716115983	111.71898179366151	179.8147673634525
4287	143.05588647512246	166.1755430974072	108.30105115627191
4288	182.49859375000003	197.10796875000003	111.03296875
4289	123.63706992230856	100.66220865704777	234.8976137624861
4290	121.1159090909091	114.01212121212114	221.58484848484852
4291	199.5412607449857	152.28932664756442	87.16002865329511
4292	135.00197696407082	126.84104349320951	160.93537046587588
4293	124.00479966611013	107.00897328881467	221.10321368948246
4294	184.67166666666688	138.3461979166667	122.93760416666667
4295	119.98701109165205	164.23712784588457	166.90461179217752
4296	173.77630127542233	175.04882799034831	88.60839365735958
4297	131.33862763915548	105.9188099808062	215.4205374280231
4298	136.3855777777777	114.1120444444445	200.40411111111118
4299	204.23118729097007	135.03695652173914	87.06279264214047
4300	137.57298963986187	116.574494326591	186.8906512086828
4301	128.38321619812587	103.65383199464529	225.15210843373498
4302	198.43662280701759	128.66502192982458	89.76699561403507
4303	140.25974067046172	130.75597722960154	159.6464579380139
4304	123.4219730941704	103.21957571576405	234.3512245601933
4305	153.03961538461547	152.55025641025662	81.93307692307694
4306	111.44857997010463	123.58639760837072	222.1613602391629
4307	166.22888631090476	87.87366589327145	178.71809744779586
4308	154.33368902439008	153.09115853658574	79.6359756097561
4309	160.7848000000001	153.39536666666686	80.33519999999999
4310	110.30420841683373	124.27244488977956	234.2415831663327
4311	121.95192307692305	109.81775147928995	220.16963757396456
4312	124.86204379562038	145.69203923357685	232.8306569343066
4313	127.81549421193236	110.20618878005352	221.20676758682103
4314	178.50520231213855	117.73815028901731	113.07109826589596
4315	114.03742718446604	124.63747572815535	223.91514563106801
4316	145.58330893118594	118.39709614446087	196.1967301122499
4317	122.39673730238815	155.24836865119426	231.87966700302727
4318	160.58002701080432	134.0418667466987	166.84939975990397
4319	150.39348218895182	117.81386164171387	206.56035105833766
4320	162.1159203980099	112.29371890547272	141.98585199004975
4321	106.12302118171681	105.08924191750276	231.9240245261985
4322	123.07463235294121	134.09632352941176	222.6073529411765
4323	126.39531928084317	176.19947303161786	122.89345939243643
4324	132.70787716955942	170.46181575433909	120.29652870493992
4325	137.40282485875707	154.8225988700566	129.10084745762708
4326	122.51900175131351	149.7794804436662	184.09074722708698
4327	146.47520775623252	105.30824099722994	222.36225761772855
4328	139.86031914893624	114.5743617021277	229.51909574468087
4329	163.5146833013434	152.0568777991045	85.58077415227126
4330	154.13452166064968	160.42179602888083	81.51069494584839
4331	134.89460562103355	106.50453309156849	221.3652765185857
4332	124.187817612252	103.46183431952628	230.83268360598683
4333	126.19423728813564	110.50199152542378	228.7939406779661
4334	176.43002077562352	155.75664819944558	86.83296398891967
4335	183.03315727699515	166.53057511737074	120.4228873239437
4336	176.37371179039272	173.036244541485	100.6344687045124
4337	187.10722130697414	135.34258649093906	115.5561779242175
4338	162.08611111111102	183.20138888888917	112.79940476190477
4339	208.14565756823814	140.3741935483871	125.82171215880894
4340	95.06594684385378	148.1034883720931	218.9493355481728
4341	153.30176829268308	91.31341463414637	206.3680487804878
4342	178.93745318352074	116.84719101123598	91.5379213483146
4343	132.10919117647057	158.81401654411778	129.84296875
4344	142.43003300330034	136.8392739273929	156.81353135313532
4345	151.26911935110084	133.99924681344152	127.1819235225956
4346	132.38446200150494	146.1725357411586	166.45673438675698
4347	147.07013947590863	104.3963229078614	217.94273034657647
4348	124.25431838699969	115.87703882034306	222.77830273848932
4349	129.4384312696747	112.95430220356769	227.21002098635887
4350	124.2207627118645	128.68213276836158	190.00208333333333
4351	118.1163018433178	125.8970910138249	204.9694124423963
4352	178.6231305449939	174.82506337135624	80.79737008871989
4353	138.49546783625732	166.57602339181275	79.79181286549708
4354	128.61807183364843	161.57315689981118	133.38113421550094
4355	184.95112149532696	121.12439252336452	85.87299065420561
4356	141.0965404699741	139.770365535248	150.67630548302873
4357	134.5209888511877	141.4299806107609	157.8507998061076
4358	103.5563344051447	140.89797427652755	217.6157234726688
4359	133.7787531806616	164.5941475826972	118.93435114503818
4360	141.7877864728901	137.48585802124094	143.10299049748463
4361	155.5196009389673	114.87963615023487	204.76428990610333
4362	149.95918367346937	108.86396348012892	196.61938775510205
4363	122.86255882352935	124.77882352941177	229.7870882352941
4364	201.7045454545453	136.65757575757578	82.54015151515152
4365	202.64299435028246	151.3823728813559	109.19022598870058
4366	211.2377325581396	134.86127906976745	113.50273255813956
4367	209.73408163265316	187.46693877551033	108.3657142857143
4368	157.2410873080032	161.68088116410675	172.39632174616008
4369	169.04439655172433	75.77119252873577	239.02636494252877
4370	180.7065441176473	111.89102941176478	115.4919117647059
4371	176.33923134051224	126.2367434088378	111.76580022279984
4372	131.80835322195705	176.86022275258537	114.04864757358791
4373	139.98539915966387	173.34705882352935	100.43103991596641
4374	151.89001128668176	153.2252821670432	92.84446952595935
4375	152.7276776776778	118.96681681681679	163.26466466466468
4376	180.44759817003438	108.9763248189097	157.30775829203202
4377	185.7302165692677	167.54883121347592	81.50984874527333
4378	183.27770237518172	165.05571982549685	82.15288414929717
4379	118.37973421926908	152.54734219269105	163.87076411960132
4380	161.11459168336694	157.27464929859732	138.49763276553108
4381	137.1134598012647	175.07737127371288	135.82764227642278
4382	193.4205641864267	160.82035977105474	88.62735077677843
4383	142.5555315471045	113.22251512532408	213.76413137424373
4384	140.26556797020478	139.95687150837983	191.87236499068905
4385	115.05437956204378	130.3911496350364	196.19192518248173
4386	148.9495863210148	160.0839768339766	107.7341698841699
4387	146.43533889980353	124.61957269155208	173.07224950884086
4388	142.70054602184092	156.2158736349454	143.72117784711392
4389	134.8064737671694	111.31152893492451	181.63684980860168
4390	155.48432965757425	95.163726059199	186.1659024956472
4391	173.04902470741212	157.7723992197663	121.44414824447334
4392	152.5695736434111	122.45254360465118	141.01664244186045
4393	160.28162142333088	123.22542186353628	128.79684519442404
4394	165.48931698774084	125.7602451838879	108.02539404553416
4395	127.8616685456596	107.01251409244648	209.61696730552424
4396	136.14156626506022	171.55759036144596	113.91891566265059
4397	178.09029850746262	172.64552238805985	86.64253731343284
4398	180.02882051282066	177.0026923076924	100.51320512820514
4399	114.11064257028113	156.0238453815259	131.20150602409635
4400	123.46079027355627	140.3898682877407	165.99969604863227
4401	144.05220854453296	160.36223750905143	129.56104272266475
4402	153.79707536557927	89.50956130483681	200.22103487064118
4403	149.70329650748394	158.7283143264434	105.32441197434072
4404	149.54808673469387	141.62499999999997	127.55089285714291
4405	134.6121900826447	116.99628099173556	197.7927685950413
4406	142.50211693548383	142.8092741935485	124.61159274193548
4407	198.3459759481961	146.33256244218296	112.00259019426457
4408	155.6744983948637	196.14650882825023	110.89606741573036
4409	125.90862831858408	80.42249262536865	240.96327433628318
4410	116.7163232104122	100.31236442516277	238.16193058568328
4411	132.7116834170854	123.20138190954779	157.44095477386938
4412	132.99562043795623	168.4726277372263	119.27773722627737
4413	162.8124797406812	156.2508103727714	87.91754457050243
4414	185.5127982207845	167.28340072786094	87.6092397897291
4415	125.95524026512017	114.4107083678542	198.2544946147473
4416	206.5731638418079	120.89435028248586	110.36252354048963
4417	140.93685446009374	140.2069640062598	142.67120500782474
4418	104.14946574481459	138.47105593966057	213.57699560025142
4419	117.33046875000002	134.26269531250003	191.2087890625
4420	174.6424153166422	109.69381443298971	138.75876288659796
4421	98.80928792569661	157.52902476780184	248.94651702786382
4422	108.80632653061224	114.47265306122443	189.2238775510204
4423	177.83200362647332	166.72629193109694	203.1205349048051
4424	132.02994154183418	162.38523931311622	228.4147789550603
4425	137.78432748538015	144.82304093567254	131.80187134502927
4426	160.93158526821443	137.54183346677334	117.30280224179344
4427	158.82338129496404	143.19309352517982	123.14935251798563
4428	149.7638826185103	155.98231753197902	164.2099699021821
4429	149.17257444764644	135.7406340057637	136.90931796349665
4430	147.1591906387128	111.54555095075573	176.8078376401755
4431	154.8147302904565	94.52697095435688	199.7686721991701
4432	107.1832873880083	138.93811164713992	211.21023432115783
4433	114.15	149.2920000000001	217.74599999999998
4434	175.59384615384616	114.97115384615385	140.72173076923082
4435	145.022408650261	92.18877703206554	204.76856823266223
4436	188.9223621103119	120.63794964028773	120.57200239808155
4437	135.4608105240827	103.85652450668364	196.06618926373864
4438	126.76007453994892	119.9711041229908	203.08631493128348
4439	144.58900068602819	120.8393894351704	260.36519551795107
4440	165.35369406867858	135.31144640998966	229.2984911550469
4441	159.09902912621362	98.3063106796117	180.8839805825243
4442	194.62044642857143	117.28160714285715	117.04098214285715
4443	102.6407355021216	80.73719943422914	225.33118811881195
4444	145.88635734072037	132.44944598337955	107.48691135734072
4445	116.518085106383	128.8529078014184	160.9896808510639
4446	143.7888824884794	160.11589861751162	116.58099078341013
4447	98.57333091436868	98.11034107402023	227.54553701015968
4448	140.067246835443	121.44614978902956	267.13001054852316
4449	144.4565696302123	112.655664830842	266.42588512981905
4450	140.60563909774453	112.20982142857142	268.28782894736844
4451	129.98681214421256	152.98662239089148	136.98600569259963
4452	146.22530864197532	132.13515579071128	135.8936507936508
4453	120.33735065427645	108.49394083064671	214.57781149250903
4454	187.6091033538672	165.57973990417526	175.7775154004107
4455	143.17980769230775	136.51973076923088	177.56284615384618
4456	139.9220391349125	167.4090113285276	146.99670442842432
4457	139.7778191489362	92.20281914893614	183.6192553191489
4458	157.57719123505973	149.01384462151398	115.14611553784863
4459	118.68219645293316	104.20399045020464	217.05941336971352
4460	116.87843463780186	101.52514571190686	226.811115736886
4461	188.07459425717855	172.3580524344569	169.64032459425718
4462	119.27489564698871	123.87036374478235	206.35035778175316
4463	139.3339928057554	132.30467625899286	120.5924460431655
4464	158.8299840255591	119.96554313099031	219.7353674121406
4465	148.28836549375686	145.88765607264432	52.06271282633372
4466	134.2030428769018	163.07005532503447	117.34702627939144
4467	141.45228971962644	153.66640186915913	121.028785046729
4468	176.42505567928734	117.09732739420937	115.53552338530069
4469	186.82244839449558	173.66092316513775	166.46992545871558
4470	184.70801789401244	174.36097728836896	172.26242257398488
4471	177.08231707317097	174.54756097561	188.62804878048786
4472	143.40995370370368	128.38171296296298	76.86631944444446
4473	148.61248989490704	83.18338722716237	192.44797898140664
4474	159.36434863235962	137.8868103847937	245.6411682892907
4475	187.6990639843533	171.28143336127414	171.9428471640123
4476	182.6577008928571	170.23942522321408	181.1197265625
4477	180.11636125654425	167.7931937172777	193.961387434555
4478	179.1783114992719	164.772634643377	198.33864628820962
4479	171.41001577287054	168.22973186119862	204.23477917981083
4480	190.15475040257667	176.6949543746645	163.7450080515298
4481	159.7896383583906	134.90711093051604	81.53386834620073
4482	150.79581239530978	147.37696817420425	83.7280569514238
4483	106.05952380952385	103.27301587301584	232.63412698412696
4484	176.98818681318687	114.39924450549455	82.41085164835167
4485	112.6273182957395	94.66754385964913	228.83859649122812
4486	153.05205882352925	138.39401960784312	248.88254901960784
4487	157.62492639842975	138.6663886162905	83.87473012757607
4488	166.21164823403504	148.93913663931514	225.06655369247238
4489	166.30023553162874	136.54619784656796	239.54572678331095
4490	171.33785517873508	156.05178735105414	93.37447296058664
4491	158.94150877192945	143.77482456140382	174.7353859649123
4492	203.28689002185	180.25418790968686	146.49187909686816
4493	201.50642673521855	178.5464010282775	153.08168380462726
4494	184.89979381443317	154.971855670103	133.7758762886598
4495	176.2206321839079	166.8624137931036	132.93626436781608
4496	182.3480945659844	165.2115384615386	117.19424841213836
4497	182.65703703703716	166.89172839506168	127.2441975308642
4498	180.5055278174036	167.60131954350945	144.3491084165478
4499	168.9853192354617	158.6138267588449	145.1662261081741
4500	176.03617677286758	155.83936279547774	144.0427954779034
4501	177.54733542319758	160.1623824451417	126.91426332288404
4502	194.9870420017873	168.15672475424478	107.81400804289544
4503	174.0997861842104	164.036957236842	138.26185855263157
4504	180.3934911242605	164.65584319526639	143.03335798816568
4505	173.9545091779728	158.14189944134097	96.46332801276941
4506	166.84411764705888	192.35098039215686	105.62549019607843
4507	182.42437211686303	169.70333162480776	94.42860071758078
4508	196.7182181476257	182.7802303714151	101.42574047954865
4509	203.9950000000001	182.61909722222225	107.2102777777778
4510	181.6793478260869	163.79239130434772	131.0763586956522
4511	177.0289609644081	160.14629735935702	123.90691733639495
4512	180.0389797882581	158.75519730510098	133.5420115495669
4513	179.72444959443806	164.72213209733502	141.14988412514484
4514	183.174860917942	163.13657858136304	127.75949235048678
4515	183.24619246861914	165.7069456066944	119.1810878661088
4516	181.23923395445127	144.65000000000012	77.4452380952381
4517	174.48556338028175	155.52315140845073	124.424911971831
4518	173.25000000000009	157.69248826291042	132.62340710932259
4519	179.86198763825638	162.26538711776203	122.3404684450228
4520	175.18934411254227	157.58356627386473	140.07721750251213
4521	176.6074297188756	160.8529116465864	136.1045682730924
4522	175.2649264356908	160.38360227812072	137.9915282392027
4523	160.29078341013837	149.32988808426637	128.13153390388416
4524	160.2101360544216	147.74421768707498	123.7731972789116
4525	161.46658950617288	175.87947530864201	134.67870370370372
4526	192.31666666666675	190.36253229974145	116.16085271317831
4527	197.4788119738074	181.13316183348903	117.67067352666044
4528	200.4018284993698	178.05319461958806	99.89377889869694
4529	200.86167019773998	180.73559322033898	104.74548022598871
4530	174.36447368421042	171.6221362229103	103.48513931888544
4531	189.6776196369637	170.72508250825075	110.05445544554456
4532	170.42696587537102	155.70752967359033	121.98004451038577
4533	177.6369941491956	161.1975987323256	105.68567771818627
4534	165.9375905797101	147.1140398550725	147.13396739130434
4535	188.02599999999995	165.29066666666702	144.77
4536	184.14265873015881	165.3253968253969	142.080753968254
4537	175.51226176808294	153.86663605051638	146.88485648679682
4538	173.68463633887245	151.0896894579133	150.14970035412694
4539	173.40746079919091	154.6164896307539	147.9686393525544
4540	180.90503489531397	173.66674975074784	146.04007976071787
4541	192.60315512708164	173.13503505696738	53.708632778264686
4542	202.6136632200888	182.82422451994069	78.3453471196455
4543	188.56354660347554	147.08372827804118	134.6709320695103
4544	173.09667852906304	171.74027283511262	136.45154211150654
4545	202.82638095238102	177.58609523809525	102.68901587301588
4546	201.84429460580924	176.14377593360996	113.24180497925312
4547	200.33511560693643	180.91789017341011	108.38052023121388
4548	198.8698640483384	170.14718026183263	107.28018630412892
4549	202.60625	181.7726495726493	113.26121794871796
4550	177.20638603696156	161.66182751540046	124.64535934291588
4551	185.9734256926951	169.823929471033	116.88677581863979
4552	182.34773226042446	165.75318215069504	111.22271397220192
4553	176.79346879535592	164.64583938074526	111.16439283986456
4554	173.5561614730882	155.80931303116145	127.22917847025495
4555	172.57753479125236	163.41068588469219	124.8363320079523
4556	181.5314690721651	163.46708762886595	105.79306701030927
4557	171.3513658275306	149.71871987145175	144.66414033208358
4558	174.43484042553192	158.63696808510642	60.94078014184398
4559	192.78295819935704	174.7479099678457	98.2855305466238
4560	193.1697522816168	173.74765319426356	117.09430682312039
4561	196.75343661971843	182.29261971830982	108.59974647887327
4562	201.5363807728556	179.64290763430694	107.18390669180019
4563	185.64466063348428	163.13298642533937	82.35764705882355
4564	177.91021505376355	160.93236559139774	119.89408602150542
4565	186.33442622950813	170.96967213114743	62.74918032786888
4566	183.27440168934768	150.6328953542934	128.73303613327076
4567	193.8540760869566	168.23722826086959	114.05415760869566
4568	195.41304347826096	169.44673913043488	113.4967391304348
4569	179.12546666666654	166.27160000000006	115.5264
4570	178.60166666666692	163.19388888888898	112.84111111111113
4571	182.62729672650417	165.30607180570243	116.88942273847236
4572	157.7156812339331	147.64059554413038	127.49796486718081
4573	154.70476744186027	150.5874418604652	130.6544186046512
4574	160.77244401168434	145.76017526777002	126.28739045764358
4575	194.8769279931829	168.85632722624598	138.567895185343
4576	181.56026234567918	162.11589506172874	121.01867283950618
4577	184.20597928436908	146.76506591337102	100.08239171374764
4578	176.86994163424126	160.5802042801557	113.98589494163423
4579	168.92836787564772	152.92564766839388	106.90803108808292
4580	188.59868804664725	182.2807804440457	137.88311280556178
4581	204.91687598116138	157.45282574568296	134.76618916797494
4582	171.45488292404337	160.1348086807539	81.00799543118221
4583	174.89937641723333	157.52137188208616	133.34756235827663
4584	175.45523809523831	162.00799999999995	131.6364761904762
4585	178.9207317073171	155.168292682927	126.14634146341469
4586	149.21934023285868	169.080530401035	152.62393272962484
4587	181.55719552504482	167.16154335113131	152.11380625476738
4588	176.97232142857158	138.63647959183675	147.63360969387756
4589	171.54416628387708	148.43987138263608	147.85728066146072
4590	178.37137449039002	163.82248107163701	86.93907979033199
4591	180.9345136518769	130.63203924914677	129.70520477815705
4592	189.52763864042942	171.36484794275498	116.9118962432916
4593	189.9083371718101	172.79196222938754	100.2669507139567
4594	187.75720930232552	170.54604651162794	72.85325581395351
4595	173.45984915705418	164.55785270629974	131.03176574977815
4596	174.96256249999973	154.10243750000015	121.0
4597	177.77251362397823	162.22939373297012	108.94008855585831
4598	179.78577181208053	167.79761744966464	115.70043624161077
4599	149.11759776536317	157.07108938547472	88.64064245810057
4600	181.4550168634064	129.36639966273182	115.897892074199
4601	202.8176886792454	149.28522012578634	129.2889150943397
4602	204.0767948717949	154.91666666666674	105.34615384615385
4603	171.79852242744053	154.52968337730871	107.29411609498682
4604	167.07822712418312	181.47528594771228	89.4388071895425
4605	178.17983963344815	156.85962199312698	78.57817869415808
4606	171.9814712389381	154.7951880530976	115.83097345132744
4607	180.16335182250404	160.02472266244018	120.98343898573694
4608	184.5642857142859	149.3411764705881	129.35938375350142
4609	187.1506153846156	171.70943589743592	126.73043589743594
4610	180.72354635935025	171.7898638030384	85.4712676794133
4611	191.14396551724124	171.55495689655174	129.80711206896558
4612	170.40668380462722	170.05132819194526	104.62347900599829
4613	171.31914893617045	152.33328267477194	75.00896656534955
4614	176.91639465875375	143.02203264094982	73.47151335311572
4615	195.9081967213116	154.34123581336686	121.13177805800758
4616	190.42698952879584	168.86065445026182	120.15081151832462
4617	171.2613520840394	152.5524059640798	92.04364622161981
4618	174.38758104738145	149.37149625935143	77.33713216957608
4619	179.64700315457432	157.2991324921137	82.47223974763408
4620	175.83506200676445	158.60307215332602	87.32815670800451
4621	178.053114334471	161.4422070534697	109.86938282138796
4622	177.05429020664874	160.50783917340524	113.85321203953282
4623	181.29072911636902	165.25893288266516	91.70127957508447
4624	178.11319727891188	164.0230952380953	123.20561224489796
4625	191.6451357466064	146.23902714932115	124.77036199095022
4626	184.41507304116817	145.30627490039853	123.70288844621513
4627	191.09810379241517	174.79827012641346	121.43399866932802
4628	190.8376190476193	172.457619047619	60.98428571428572
4629	182.22463768115975	155.76739130434774	82.5057971014493
4630	147.43186397984897	168.07418136020158	87.67027707808565
4631	167.77591185410333	151.39711246200602	76.28115501519757
4632	189.03431801604683	170.33792851932898	71.86105032822758
4633	184.86351943076068	168.93549534756409	79.90112205801864
4634	167.5411009174309	155.84409785932718	79.30932721712537
4635	158.49322033898306	170.1737288135594	78.19680573663625
4636	171.47269288956102	172.72246596066535	76.55317700453857
4637	180.85714285714272	157.07091836734654	75.41428571428574
4638	171.18681592039806	165.05609452736337	75.45261194029852
4639	185.1505057803467	135.8643063583815	77.90289017341041
4640	180.29943055994946	161.29546029737415	105.70109142676368
4641	181.84711417816783	174.00219573400253	100.70658720200754
4642	168.8315410958906	166.1753424657534	78.15010273972605
4643	175.3645270270271	159.41187258687305	78.00736003861005
4644	193.49638810198311	176.03388810198277	117.62949716713881
4645	180.69285714285687	165.99718045112803	91.10827067669172
4646	176.07000000000005	175.63000000000005	98.0
4647	159.49759650400586	146.81995630007268	145.98774581209034
4648	191.80276548672543	173.2317477876111	123.01950589970501
4649	162.52558386411897	145.30626326963923	83.27186836518047
4650	182.1082295373665	173.0567170818504	71.40751779359431
4651	178.62022471910092	167.8892267019167	88.73939193654991
4652	191.83815958815967	171.7875804375804	101.7903474903475
4653	194.03575667655772	171.0222551928784	105.19443620178042
4654	172.96855670103093	182.8195876288657	119.70876288659792
4655	167.22106918238995	179.15031446540885	108.348427672956
4656	153.20394736842104	179.52330827067672	105.05620300751879
4657	180.4562651331723	178.89449152542375	110.93519975786928
4658	178.60957446808519	161.25609929078013	108.53489361702127
4659	194.87970765262256	167.45111779879622	110.31496130696476
4660	183.43454861111115	132.9625	89.98038194444445
4661	191.96557734204774	174.66194625998523	99.06310820624552
4662	183.48335846211862	170.2725782133436	93.02940067847716
4663	168.36384244372982	146.61001607717046	130.08172025723482
4664	161.00953846153857	146.9870769230768	130.62415384615386
4665	158.9909778812573	141.69383003492447	54.14266589057046
4666	155.39075785582256	145.0729205175602	57.289463955637714
4667	190.63123547637448	173.5799573973664	123.07773044151821
4668	175.09380299251896	164.3114713216956	95.86143391521186
4669	165.73627608346698	150.73619582664531	82.66332263242376
4670	170.22846153846174	163.9300000000001	57.193076923076966
4671	163.26358595194108	155.96414048059094	67.47691774491683
4672	163.47708737864085	161.26907766990288	71.69383495145631
4673	188.91217507645297	166.50850535168206	99.86515672782872
4674	185.19339237057216	163.96256811989122	104.63000681198912
4675	169.60347533632287	156.48856502242148	124.61507847533636
4676	195.73870481927707	175.51957831325316	128.43990963855424
4677	179.05949477351916	160.33042973286894	95.71054006968642
4678	177.49010654490112	165.80909436834116	73.45932267884324
4679	190.37542194092842	140.4159282700422	72.78101265822784
4680	169.91831493038902	166.0189390302449	100.14990398463756
4681	194.34514717581538	157.2597454256164	116.15938743038984
4682	205.4118421052631	147.99342105263156	120.8907894736842
4683	206.12840136054433	148.5916666666666	117.04710884353743
4684	192.1438202247192	173.3516853932584	119.9539325842697
4685	193.25157766990296	173.07912621359228	120.18567961165049
4686	174.21483516483514	159.42829670329687	98.62554945054946
4687	172.06249039200577	158.5310530361263	83.61733282090701
4688	173.70251641137864	160.13785557986884	79.77407002188184
4689	178.97066365007552	160.16323529411738	88.03235294117648
4690	179.10075471698138	164.60081761006316	55.46974842767296
4691	156.82170487105978	156.6814469914042	63.45959885386819
4692	167.43688118811883	152.35578589108894	61.74362623762378
4693	177.20075337034106	166.17153053132432	127.46260904044412
4694	179.91875000000005	146.57362499999985	112.39937500000002
4695	159.30576054216868	147.22564006024098	119.73102409638551
4696	182.1261772853186	159.08153277931675	109.12650046168051
4697	185.84438202247196	134.29578651685395	72.13960674157303
4698	190.94099378882007	171.98260869565215	68.60900621118013
4699	196.73952122854544	175.21897018970188	71.6122854561879
4700	173.56813342796352	156.45762952448558	43.2985450674237
4701	173.36402439024394	157.4820557491289	51.2429442508711
4702	181.91871530531319	165.13651863600305	99.28786677240284
4703	196.93411149825766	145.42824041811872	116.59233449477355
4704	196.21694537346727	146.90395763656622	109.5165273132665
4705	189.72973684210518	167.81513157894753	106.3561052631579
4706	173.20507726269318	192.4975717439294	101.99768211920531
4707	179.1604382929647	164.76052479815442	89.98526528258365
4708	165.7712454212451	150.63021978021987	95.26575091575093
4709	164.98945993031353	151.5872822299651	89.59442508710802
4710	178.33820998278833	162.19509466437182	79.06368330464717
4711	178.87812288993922	163.77856178257983	60.39378798109386
4712	170.41514726507714	158.9793127629736	90.11977559607296
4713	171.97637100619903	159.88712446351948	88.99167858845966
4714	180.49013035381748	154.00614525139662	96.94646182495346
4715	184.06172798948725	165.49724047306205	102.15870565045994
4716	181.3266427104721	167.39010951403162	101.39481519507187
4717	180.85816231343287	141.6061878109454	118.29685945273631
4718	170.14288334556136	151.99853264856932	91.98739911958911
4719	191.9536842105264	132.96105263157895	111.74473684210527
4720	170.40670778720124	131.10439475713181	84.83612181958365
4721	154.6017326732676	147.41588283828375	84.98521039603959
4722	189.75158045977005	172.0770354406134	98.54956896551724
4723	190.35064516129023	171.48870967741948	96.9725806451613
4724	172.07361111111118	176.11087301587304	112.00051587301589
4725	185.76626506024112	175.35301204819285	117.55963855421687
4726	190.2699658703072	172.19129692832774	63.86006825938565
4727	196.02733333333344	172.45962962962952	119.95377777777777
4728	194.84627659574483	165.66117021276597	117.77996453900707
4729	189.11551040634296	171.0739841427155	120.72636273538157
4730	189.52431773879144	172.17358674463935	102.34985380116957
4731	177.63335273573952	162.8083236321305	78.54307334109431
4732	167.0443950177935	153.00960854092511	81.40195729537369
4733	167.4708955223881	153.92846481876327	79.67260127931769
4734	172.3383638211384	159.16239837398402	95.82017276422764
4735	180.98581862446733	166.33164942178934	100.8066646378576
4736	180.58180491871607	167.17432263443106	104.85787828261778
4737	186.27903614457844	169.3052409638553	87.1812951807229
4738	193.27399193548385	174.2302419354837	128.48709677419356
4739	165.75249406175772	127.62874109263659	84.90249406175772
4740	179.76613475177302	144.77531028368804	72.0885195035461
4741	165.95456730769223	159.9779447115386	74.37295673076923
4742	192.15045787545796	160.2635531135531	70.83315018315018
4743	193.0324271300445	136.38920964125558	127.37016535874444
4744	144.4088114754098	168.9649590163934	75.51680327868854
4745	163.86940828402354	164.73639053254468	94.83236686390532
4746	170.52795081967213	147.72909836065557	79.96098360655738
4747	175.91309062742076	129.37823392718826	84.18663826491094
4748	194.43594164456246	133.57705570291782	114.17168435013264
4749	192.76807006760933	176.68420405654584	132.90562384757223
4750	195.25444983818784	176.83389967637538	94.08960355987058
4751	179.67984031936112	181.3545409181636	88.21901197604792
4752	170.8626030927836	164.890850515464	100.89409793814433
4753	190.63412052117252	165.56836319218218	95.15089576547236
4754	154.03591660110146	144.73005507474443	78.50070810385525
4755	185.78788687299917	165.6964514407682	103.36800960512274
4756	174.5903625954198	166.98797709923662	59.38425572519085
4757	200.19762589928055	181.78330935251785	79.68035971223023
4758	208.48843594009983	186.9478369384359	103.00099833610649
4759	189.49127465857367	173.1172989377844	120.7329286798179
4760	191.52656903765686	171.07454672245476	122.43751743375178
4761	188.39418604651155	172.6056686046513	124.32558139534883
4762	174.6472172351886	159.88086688894575	69.38759938445757
4763	175.38383797054004	158.63314238952543	82.07917348608841
4764	169.51138509968501	155.46618572927582	87.9215110178384
4765	170.5522624434389	153.42386877828062	74.42171945701358
4766	172.76545503500256	158.9289714593431	75.86090468497578
4767	177.09974311069593	160.78573096683837	93.13984119570296
4768	164.6131788079472	167.8993377483443	114.96894039735106
4769	166.99742468415943	162.07789115646224	117.98488824101072
4770	175.8547328244276	138.27587786259542	57.288167938931295
4771	187.02516339869308	162.3449019607842	120.43130718954251
4772	192.59210779595773	168.6763715110683	121.51876804619828
4773	185.31136706948624	175.55094410876126	136.6833081570997
4774	150.50122807017544	137.52219298245615	91.66763157894741
4775	151.4532019704434	140.75213464696225	104.58940886699509
4776	160.1618456375839	143.10999999999984	87.42416107382549
4777	158.0534798534795	143.67793040293068	89.52609890109892
4778	185.9817260787994	144.39099437148226	114.97414634146341
4779	191.73586269196025	131.54738030713642	118.46811201445351
4780	184.502642276423	148.28480691056913	85.44898373983742
4781	187.82428571428574	155.07952380952386	94.28857142857143
4782	205.805892648775	176.85933488914824	106.99457409568262
4783	205.47914349276942	184.06340378198018	109.0456062291435
4784	207.03079754601242	184.98895705521488	111.42730061349694
4785	155.16890289103054	152.41686434395834	54.91764269829501
4786	201.92743682310476	188.9412154031289	108.28182912154031
4787	204.02	184.70111111111117	105.48666666666666
4788	169.71499999999992	155.44785714285703	68.69321428571429
4789	172.93900465304523	157.9286668015371	80.76387821161241
4790	169.82408288043453	156.21046195652144	75.25658967391306
4791	170.48239060832452	155.4287086446103	88.51243329775883
4792	181.225180327869	164.50572131147518	99.10224590163936
4793	175.46966961852903	160.27207935967303	93.02877213896457
4794	174.80227410551902	161.8681018799271	90.8642359005458
4795	179.15907473309625	163.2161209964413	97.22042704626331
4796	180.81136986301368	172.062602739726	98.43493150684931
4797	185.58254385964912	136.25043859649125	130.97301169590642
4798	193.87481895984155	174.90905200790024	65.41596445029624
4799	163.58571428571432	185.96111111111125	127.16349206349207
4800	153.05485436893196	143.80275080906154	107.49029126213594
4801	166.7982456140351	139.33070175438587	78.52324561403509
4802	183.85687066974603	129.06073903002311	83.25005773672056
4803	198.339736346516	154.0952919020715	71.79623352165727
4804	163.4193520140105	130.39141856392297	52.44746059544658
4805	152.47844563552837	145.62787136293989	53.316730474732026
4806	153.27642787996157	142.9052274927397	67.2336398838335
4807	183.64310344827587	176.42988505747127	68.47816091954024
4808	180.07245586708225	167.37790758047743	63.90223260643822
4809	181.3083202511773	171.0512951334379	66.3186028257457
4810	159.8942002442004	147.57191697191703	41.8980463980464
4811	159.77050879396984	144.97889447236216	51.00420854271359
4812	161.37513389441474	146.2036342769707	45.89028309104818
4813	165.12156943303194	150.31359901396868	141.59856203779788
4814	162.10514109633513	142.7208076548817	143.60066493674998
4815	203.00738188976368	185.7971456692913	104.16112204724409
4816	205.16805745554038	182.15759233926124	106.93248974008208
4817	170.24345847554036	142.51757679180892	63.29129692832765
4818	167.26167048054904	146.03360030511058	57.12909992372232
4819	164.34445822994238	147.88449131513622	61.10095119933833
4820	208.0307082945013	184.62264678471576	104.88751164958063
4821	167.28174347981414	155.37568774562368	63.15292961772065
4822	178.2268648239307	162.66921620598256	89.52067398712612
4823	178.9600795755967	163.19098143236064	98.64069723380072
4824	186.73617491166058	172.23041077738498	104.25925353356891
4825	165.89404761904748	145.34404761904756	98.96547619047621
4826	164.99961403508775	158.93147368421072	89.47207017543859
4827	182.35703883495157	159.18228155339824	136.70436893203885
4828	198.4473684210524	178.7350877192984	119.04035087719299
4829	192.2911937377692	180.05288649706478	116.00640900195695
4830	155.29698296837014	140.35250608272554	93.19274939172756
4831	157.22611940298495	134.98258706467664	99.41181592039801
4832	188.18962962962962	160.98024691358043	75.6935802469136
4833	151.92251945525297	140.9915369649806	66.80573929961089
4834	163.5094962559563	151.09705582028582	67.87932266848198
4835	156.1674907063193	143.78901486988866	54.38804832713755
4836	158.83776775648255	159.10687711386686	48.626324689966204
4837	149.8724097331242	137.1900313971743	111.8153453689168
4838	208.77718978102192	184.88229927007296	103.72116788321169
4839	207.81039325842687	187.65351123595502	101.73455056179778
4840	210.98353413654624	185.96405622489956	102.28564257028113
4841	174.5535048802129	154.18496007098472	117.72586512866016
4842	151.627142857143	138.8257725947522	110.65422740524782
4843	188.67002717391307	173.00309782608704	109.80630434782609
4844	186.61018886679955	173.14557654075531	137.10800198807158
4845	176.3725352112677	172.80492957746497	117.19964788732392
4846	170.3407550535075	181.74262782401902	119.63186682520809
4847	158.20714421613374	147.325599315068	107.04238964992389
4848	151.42472924187746	145.4177496991576	96.4187725631769
4849	157.4307547169813	142.51724528301875	95.15996226415095
4850	178.02370906801013	162.47893576826212	75.37597607052898
4851	192.11825192802056	168.91786632390728	76.41394601542417
4852	179.34643527204508	163.59352720450286	73.92701688555348
4853	206.40230383211681	179.26336678832084	134.12798813868613
4854	179.1325448302175	162.70829835940486	120.91816100724914
4855	164.29473684210546	157.67807017543856	107.49561403508774
4856	182.99365957446818	174.25076595744667	142.68965957446812
4857	167.83292682926833	153.57276422764247	102.40691056910568
4858	169.65964716391255	154.8197186243861	48.57907548012506
4859	159.08763493621245	146.44060353287554	39.59676153091266
4860	160.2293614595212	149.22873432155097	36.32194982896237
4861	165.12535612535606	149.8585470085471	37.67891737891738
4862	164.66934244235702	155.18078565328784	139.0109735269001
4863	166.0831241283124	153.83891213389126	141.79414225941426
4864	161.63304347826084	141.34301003344498	141.343745819398
4865	169.52174638487213	152.21785317018916	85.43476084538376
4866	180.13282402528992	173.27608008429928	131.9275553213909
4867	175.48251689189186	153.84717060810812	114.91841216216216
4868	191.88776137761386	177.10676506765057	110.2672201722017
4869	166.96248568155775	184.4119129438716	136.84541809851092
4870	199.8305555555556	173.55277777777778	109.22430555555556
4871	202.4469750889679	161.96374555160122	133.3794039145908
4872	192.61537489469242	171.68633810727317	111.58482167930357
4873	150.33855599214138	155.7926326129664	52.215422396856596
4874	167.87356164383556	135.65184931506852	98.95328767123286
4875	195.39693430656945	174.30262773722637	87.6804379562044
4876	149.94851485148519	138.2708470847085	92.0720572057206
4877	152.83824850299396	141.91420284431175	88.76530688622753
4878	180.96726373251437	165.44923234390998	76.54194814056638
4879	198.87183406113536	158.69461426491998	77.09606986899563
4880	162.3799265605874	152.59436964504283	78.76309669522645
4881	160.65526315789458	169.3592105263159	76.69078947368422
4882	156.06161575562675	138.11366559485532	110.8992765273312
4883	164.07645051194552	150.4315699658703	60.60324232081914
4884	162.18718395815162	142.9999999999998	40.79110723626853
4885	164.68060538116632	149.34508327994857	49.780813581037776
4886	161.0128190255221	150.62343387470997	54.25475638051049
4887	159.93164261460092	145.29151103565374	141.7237478777589
4888	163.05731874144968	144.12633378932964	143.33857729138168
4889	198.09830316742077	183.5635369532432	132.5263574660633
4890	155.15108811040403	136.56494161358813	41.94012738853504
4891	152.4687083333337	140.00479166666702	44.30433333333334
4892	151.2557192374354	145.19094454072794	60.35272963604853
4893	143.81027633851468	162.11036269430062	62.413126079447316
4894	158.24363153904474	147.8203184230476	62.131235784685366
4895	201.0142857142857	153.4732142857142	107.57678571428572
4896	185.51390728476827	181.1258057395143	116.53565121412805
4897	165.4969508400751	139.90158680771685	59.29766645924083
4898	181.8861607142856	167.87499999999986	135.04508928571434
4899	155.02463459196082	141.56102314250873	117.37408647990256
4900	157.26071428571447	161.5203042328042	83.00052910052909
4901	166.04755501222496	151.88391198044027	72.07662591687044
4902	168.03571428571433	155.4938095238094	67.01928571428572
4903	170.02765957446792	154.05283687943256	40.91241134751776
4904	159.37467043314496	147.04628060263676	41.825894538606406
4905	160.34891304347857	149.4799658994028	45.18932225063938
4906	162.9282563025209	171.24296218487387	106.92184873949579
4907	176.70006301197225	161.82874921235043	105.48597983616888
4908	170.29348659003827	163.84521072796937	112.47906403940887
4909	174.56226993865062	171.53865030674842	136.96073619631903
4910	176.66978751660025	175.5964475431607	138.69897078353256
4911	173.60579310344843	162.24999999999991	135.2393103448276
4912	176.0446914526641	160.21147949405915	100.35507857416636
4913	190.543005885016	173.17231779085583	112.67331371661385
4914	157.57407850646268	142.81859741503123	53.83918142651985
4915	199.30401854714057	177.69887944358604	92.58786707882538
4916	187.758201058201	177.21587301587303	106.60555555555555
4917	175.93250652741506	158.55509138381228	74.03363794604005
4918	156.02854748603355	160.85379888268162	72.83474860335197
4919	174.1573953235454	157.99235997824914	70.39581294181622
4920	165.79617985125068	159.14969574036508	69.79124408384044
4921	174.479107981221	147.36772300469497	67.44052230046948
4922	155.23328795098703	150.664057181756	48.048434309053796
4923	156.5181879194631	155.26684563758369	51.963557046979865
4924	162.26361563517932	144.3443648208466	51.02638436482086
4925	185.9282432432433	158.00533783783774	109.49385135135135
4926	210.41736694677883	168.20794817927202	112.18536414565828
4927	191.9401955146638	174.25258769407696	75.35189764232317
4928	171.1380982769619	138.83761965539247	95.69789406509254
4929	190.20328651685398	179.46932584269638	127.3132584269663
4930	168.0765625000001	166.94095982142866	66.54140625000001
4931	171.6280316344464	168.66827768014053	105.04516695957821
4932	161.99901408450702	170.8114084507041	133.89091549295776
4933	170.05701970443354	170.40788177339908	135.87709359605913
4934	199.9145038167939	179.23142493638665	96.83253816793899
4935	200.01411530815102	182.4873757455271	95.59502982107351
4936	195.45775109170341	169.88275109170283	96.35951965065506
4937	186.4199115044247	179.58716814159294	119.85044247787613
4938	186.19731359649123	158.6255482456137	65.71293859649124
4939	177.93909038572238	162.10814622913074	80.30000000000003
4940	191.52382198952884	173.34214659685875	127.48481675392672
4941	187.09864864864858	169.47027027027042	126.0277027027027
4942	175.28191659070163	157.80136736554257	138.5350729261623
4943	177.22179930795863	164.01418685121104	129.23572664359858
4944	172.26948738812047	174.34507729861699	129.48136696501223
4945	164.73911184210536	154.42407894736843	95.10694078947371
4946	172.0000868055556	158.9719618055555	71.64895833333334
4947	167.79752321981425	155.49427244582103	47.84798761609907
4948	170.13165137614686	146.5131880733946	88.84644495412844
4949	152.03382917466425	143.73210172744697	58.76211612284065
4950	171.67723970944348	150.48625907990296	44.35690072639226
4951	171.27171565686862	146.6592981403719	77.05344931013799
4952	191.8324552683897	170.22718687872757	136.35079522862824
4953	163.78035714285718	173.99107142857147	133.07142857142858
4954	175.87870722433465	160.89626108998732	105.76730038022814
4955	174.95308008213556	159.513175906913	105.22580424366873
4956	171.20252558600203	159.3451138989766	100.8226807527237
4957	167.41644917582425	178.95700549450558	113.06466346153849
4958	184.75755721128257	158.64207025013326	91.18291644491758
4959	137.28097345132744	144.77776548672585	47.908407079646025
4960	175.29285714285703	158.95654761904768	116.6873015873016
4961	153.43683049779509	144.26253938248286	77.38676748582232
4962	160.45471698113198	184.565932914046	118.225786163522
4963	176.6398185483871	158.01466733870961	122.59511088709678
4964	181.8215725806451	168.27006048387088	123.45836693548391
4965	175.2970414201183	159.9968441814596	125.17110453648918
4966	174.73094575799706	170.14659248956897	124.85994436717665
4967	184.44608695652173	159.3302173913045	127.47684782608698
4968	182.13697978596912	163.96539833531514	129.16759809750295
4969	177.7736037234044	167.39308510638287	127.41496010638298
4970	162.98257261410802	140.8958506224064	53.55881742738592
4971	151.74989528795817	139.069947643979	50.71921465968588
4972	156.43460937500004	139.98101562500008	58.37132812500001
4973	203.28265700483087	180.16086956521752	123.74787439613527
4974	167.0286432160803	153.09745951982143	95.95918481295368
4975	179.37764387604545	168.69200688637468	94.11682242990656
4976	145.12993050959594	130.95095962938447	46.79386168100597
4977	157.2785888077858	142.88625304136252	47.11488240064885
4978	140.4358509073075	141.6998528690529	50.493722412947534
4979	141.32213333333343	143.7768444444444	47.27946666666667
4980	189.77530674846642	161.12216257668703	77.82331288343559
4981	166.13500611995113	158.87258261933917	72.33610771113833
4982	159.69077834179356	141.01590524534691	75.47656514382406
4983	179.7172037679723	167.6002974714918	62.874789291026275
4984	170.79670116429534	160.84831824062059	79.67706985769728
4985	173.09521337946944	163.83339100346018	90.37191464821224
4986	178.60835172921273	168.39713024282585	119.71100073583521
4987	185.13846153846148	178.10027472527486	114.68708791208792
4988	190.01705524581863	173.0827420172327	126.39657881398888
4989	186.329680269247	173.2777660917126	119.75700462768197
4990	170.69479166666667	154.3003720238092	124.14040178571429
4991	181.8343871595332	163.8791342412449	120.85072957198444
4992	181.5040306462356	167.13404397068618	117.25076615589609
4993	185.96869530628481	155.10700079554482	125.93424821002384
4994	179.35751633986922	158.9805555555557	129.8808823529412
4995	173.44710181451612	158.7551159274191	87.2232358870968
4996	150.42560307017524	138.54994517543864	42.699780701754385
4997	152.23397565922917	135.68265720081138	46.48950304259635
4998	153.793881789138	134.84383386581467	49.455191693290736
4999	151.80840801265163	139.66694781233528	47.51020031628886
5000	169.75967987804881	121.50472560975612	47.62698170731709
5001	159.4758173618939	136.2102593010147	52.16505073280722
5002	196.5259044862522	175.17937771345862	74.04504341534009
5003	174.96607773851588	186.75641931684345	122.8527679623086
5004	205.873190279214	159.29239917269948	129.44423474663913
5005	192.06236374961063	182.3641388975396	127.66269075054495
5006	209.1919506462986	166.32135722679212	114.87599882491185
5007	199.29666666666643	173.75916666666674	130.0275
5008	171.73456790123444	185.75185185185163	134.4969135802469
5009	193.15004916420867	156.40929203539815	99.23389872173057
5010	172.85603448275853	171.7327586206896	101.28965517241379
5011	180.248500394633	166.5364838200475	96.1662194159432
5012	191.6219507781401	173.63517915309419	94.91431415128487
5013	177.37473784556732	162.17554814108706	49.664108674928514
5014	156.3888107791444	143.31672524897482	44.03995313415349
5015	176.90238095238098	147.61904761904742	118.67857142857143
5016	168.62121065375302	157.20305084745758	69.21237288135593
5017	170.1206653870764	163.99360204734492	107.47591170825338
5018	172.15933641975312	158.09359567901248	116.99043209876548
5019	174.13527397260282	168.57311643835618	74.17277397260273
5020	174.13813465783667	147.35750551876382	115.18614790286978
5021	184.76883614088814	165.9820826952526	129.91707503828482
5022	190.4945807770961	162.54412065439647	128.36426380368098
5023	169.76090146750494	157.97683438155138	125.35041928721176
5024	177.34153798641128	158.90413835701085	119.64181593576285
5025	176.0971302428257	161.25198675496677	124.94105960264902
5026	178.57613723978443	164.79899768696984	117.59356206630692
5027	182.25214552238816	170.51333955223885	121.83218283582092
5028	185.96933760683757	165.96250000000006	116.64700854700857
5029	172.07357482185262	154.85178147268422	130.23634204275533
5030	185.4467382328653	167.83175061932286	131.63802642444264
5031	180.845020746888	166.28452874925875	116.58793716656791
5032	193.85789473684213	167.5138157894734	115.63815789473685
5033	160.14108280254723	147.7257961783441	52.05863853503186
5034	162.91148648648638	147.04386261261263	47.32105855855856
5035	155.60783870109128	142.847750865052	102.79202821400055
5036	153.94669230769208	138.71084615384618	99.36892307692308
5037	153.62918307086616	141.75979330708643	104.53085629921259
5038	201.79673123486683	182.2590799031476	92.99261501210651
5039	189.64639235569427	176.0862324492981	124.63634945397816
5040	203.09627027027022	179.66745945945962	118.01691891891892
5041	201.494152360515	180.5044527896996	122.9267703862661
5042	203.2722883597884	181.89212962962975	122.90535714285716
5043	189.1218509984636	174.37344470046082	135.73024193548392
5044	178.62692793931737	156.28761061946904	108.98204804045513
5045	176.68107476635524	159.7184579439252	137.33551401869158
5046	174.9632665330661	156.68607214428832	102.72192384769541
5047	178.1002871205906	168.5092015313101	98.79651353568498
5048	185.03670012547047	159.73117942283562	104.70564617314932
5049	157.64281629735513	143.88770550393156	55.72927090779131
5050	155.78923215356917	146.78368326334748	59.26010797840429
5051	175.56261904761902	160.68066666666704	51.08138095238096
5052	184.6308823529413	156.8529411764704	66.50147058823529
5053	156.10511450381685	143.29893129770986	74.18702290076338
5054	170.19075471698113	157.2605660377358	76.78
5055	189.82299382716062	164.53657407407405	127.14789094650207
5056	182.45465182648368	168.28618721461183	124.07962328767124
5057	189.81249999999991	163.34375000000014	118.20416666666668
5058	180.91854575163413	176.42687908496742	127.54697712418304
5059	189.89457142857142	170.18361904761895	126.61995238095236
5060	184.67914593698174	162.38544776119392	116.65107794361526
5061	178.47599709934738	155.73415518491643	130.5476250906454
5062	182.93932355338225	166.4039119804401	129.95867970660152
5063	198.4705555555555	179.84287037037018	80.11972222222224
5064	156.17949561403506	154.1428070175439	106.2817105263158
5065	192.12518361035973	185.58024739079985	126.97218786238888
5066	187.15931918198245	184.45758477866943	133.5214341185607
5067	197.46405286343602	179.3927973568283	129.31723568281942
5068	176.04856080206974	163.58106403622287	107.47430465717986
5069	175.32081575246116	169.95541490857931	111.81167369901549
5070	173.01160714285732	167.49687500000005	136.79598214285716
5071	130.65397236614854	148.2382987910189	43.93683074265977
5072	164.59847908745226	116.81539923954378	37.549176172370096
5073	171.7800225733636	150.117099322799	51.0755079006772
5074	142.04293785310742	144.2097928436911	39.260263653484
5075	154.75296774193532	148.38716129032247	61.785935483870965
5076	155.235447761194	145.0898631840795	49.13949004975125
5077	160.34648837209306	150.80437209302298	50.190186046511634
5078	170.06555934128343	155.14153889835342	45.763373083475294
5079	163.45015259409985	165.2288402848423	73.51703967446593
5080	159.92804770318017	139.0936395759718	79.23595406360425
5081	171.6908575031528	149.59861286254733	84.67225725094579
5082	188.05051903114185	148.46764705882367	63.033044982698975
5083	166.09620689655162	163.29917241379317	67.65834482758622
5084	169.96535776614297	162.0359511343804	64.2975276323444
5085	187.60576540755483	150.67102385685902	124.57062624254473
5086	170.844347826087	167.20797101449267	120.74771739130436
5087	179.8055900621117	148.51195652173902	121.52779503105593
5088	173.84347501864292	165.6443325876211	122.7049589858315
5089	172.79343257443094	159.032837127846	123.73940455341507
5090	179.70894632206767	175.30293240556674	123.1917992047714
5091	178.06063149480414	167.45103916866512	116.62110311750601
5092	171.92083333333355	175.9793191056911	119.32596544715449
5093	161.90912547528512	177.04771863117878	121.54581749049429
5094	173.4244561403505	167.8221754385965	124.65817543859656
5095	170.20058295964125	169.70484304932742	126.10044843049327
5096	176.04349349349386	168.9226726726726	123.61456456456457
5097	176.0797297297298	170.60405405405422	123.89594594594593
5098	174.9134146341464	158.21177591463422	123.46619664634147
5099	176.69728464419518	162.73481808453658	112.14070358480473
5100	153.38653846153838	142.42055052790337	100.66368778280544
5101	185.62359454855218	150.1340715502552	94.28817717206137
5102	184.60792774711499	160.82077270446555	94.41234320120424
5103	174.4898977751054	166.17276007215855	78.58319302465425
5104	196.16408450704228	176.6855633802819	79.12769953051644
5105	200.7234284051223	167.61554132712442	122.46239813736904
5106	199.1049899193548	177.70461189516132	122.21310483870968
5107	182.74330422125175	156.42736535662294	109.53406113537119
5108	198.37149122807045	141.8579573934839	112.21309523809522
5109	142.32390753641542	131.37284673844204	45.0292906903103
5110	155.06091954023003	118.97471264367815	42.181609195402295
5111	170.9420129622572	163.210141059855	152.1786885245902
5112	183.39888082274638	163.57126436781644	151.38408953418028
5113	176.48749516814846	158.65469655972169	151.13710862002318
5114	160.30976837865063	158.0477341389727	153.89199395770396
5115	171.37741660993888	150.78592579986386	154.29933628318585
5116	148.41798434442262	135.37060665362037	38.834951076320955
5117	154.99369747899186	120.30857142857151	40.992100840336136
5118	166.5701075991926	157.32182246133172	59.47619367854736
5119	172.985294117647	150.48705882352937	73.90294117647059
5120	147.45328124999986	149.03796875000015	76.64765625000003
5121	172.6984515765767	161.5259572072073	65.27378941441442
5122	175.97699619771873	149.2403041825094	66.7957224334601
5123	185.54113475177303	170.88714539007069	122.47154255319151
5124	186.74953531598518	169.816589219331	118.63745353159851
5125	179.24830287206277	178.61788511749333	118.49125326370758
5126	191.60862068965514	171.16273946360164	119.57442528735632
5127	204.94893442622953	176.8069672131149	107.10754098360657
5128	178.32742574257432	174.23782178217832	76.10366336633662
5129	168.25741417092738	178.03487947406867	110.8826515704894
5130	183.35000000000005	168.68141592920372	109.62256637168143
5131	175.73280757097785	156.06419558359605	150.07823343848582
5132	175.05309174311978	154.70682568807322	150.9153577981652
5133	178.00878906249997	163.2021874999998	150.4572265625
5134	169.0914353924202	154.76074306177256	54.671903909280736
5135	191.05653061224498	172.14102040816326	107.24326530612244
5136	189.39411764705866	170.9900122549021	112.31256127450982
5137	190.41274238227155	196.19459833795025	110.85318559556788
5138	197.09256926952148	173.31141897565047	75.25256087321578
5139	196.70997935306247	177.73743977976582	86.32388162422573
5140	193.54600000000008	175.7637500000002	77.02725000000002
5141	192.71496580746987	159.56654392425017	79.54892162019988
5142	191.65728291316518	163.32380952380962	78.05224089635854
5143	190.04976635514018	149.00514018691518	84.56308411214954
5144	197.1639744334689	154.13805926786736	109.65676932016271
5145	197.8539062499998	179.07352941176475	82.26746323529412
5146	197.75435582822118	177.79003067484658	84.3635889570552
5147	198.5183246073301	181.5140379581149	121.54784031413612
5148	198.6171921182266	179.5470935960591	123.59935960591135
5149	201.4563201196713	177.5031413612566	123.12348541510845
5150	166.10373572090128	153.51826180920057	58.68681691880207
5151	162.07716480446942	148.8472067039107	59.33624301675979
5152	166.68501326259943	156.74212201591484	60.65989389920427
5153	167.74551442910905	167.96358218318701	66.3788582183187
5154	182.33165322580646	141.78578629032253	70.63729838709678
5155	179.35075329566865	156.14976459510368	73.26859698681734
5156	182.64335585585567	155.2391516516513	72.66482732732733
5157	178.0855810616932	169.05911047345742	74.14071018651363
5158	207.05703771849133	183.71011959521638	117.90492180312788
5159	156.50122468974513	143.82140757674756	150.92614304376232
5160	156.26019714479906	144.73636981645134	153.6032970768185
5161	154.88864201919694	141.6235335940277	155.5551724137931
5162	189.38961325966832	163.7535359116022	153.16740331491715
5163	207.06342105263144	183.6565789473686	115.81610526315792
5164	206.7655270655273	181.03383190883181	117.50569800569805
5165	205.90915492957757	179.84889336016101	126.69476861167006
5166	151.54024249422662	141.65675519630517	91.66200923787531
5167	153.51760601180885	142.44940955448212	93.08609769189476
5168	160.1718354430381	136.10585443037976	74.71819620253164
5169	181.36397849462367	161.68965053763444	105.43293010752687
5170	186.17755813953494	188.71011627906975	106.60151162790702
5171	196.3837988826814	166.1639664804469	141.06564245810057
5172	159.38884652049558	150.18486653956163	150.4821496663489
5173	174.06930320150693	150.36026365348408	149.0213433772756
5174	205.75644455252913	181.7362110894944	126.3654426070039
5175	205.57946360153255	185.40942528735644	125.5618390804598
5176	169.2094677137872	142.65684991274057	157.01276178010468
5177	163.08728897716003	152.1970705064549	73.07080436941409
5178	170.5541608876561	144.20755894590837	70.73945908460472
5179	174.67628019323666	157.7346859903382	146.2394202898551
5180	181.19926470588246	150.11102941176475	142.07352941176472
5181	188.89316256555077	168.30621218233156	151.7072609923356
5182	198.40940397351002	162.90854304635752	149.38746688741725
5183	200.1053330281529	160.2721904325933	144.54324788281073
5184	179.17920990960826	175.4347171074657	142.92561098091733
5185	177.56327345309398	184.3913031080702	146.94801824921586
5186	182.39335426478252	162.19502878074283	148.34237746380606
5187	165.44139020537148	176.79328593996826	124.34257503949448
5188	167.62507886435307	168.16987381703458	148.24321766561516
5189	168.08277310924402	153.46617647058795	154.26852941176472
5190	184.6979518072287	167.35837349397605	64.05975903614457
5191	158.54021978021925	151.73804945054977	125.73876373626378
5192	150.00143329658187	166.33710033076096	113.8087651598677
5193	194.39787844036698	139.09008027522958	133.5405676605505
5194	160.55889848812112	154.7906695464362	100.75857451403887
5195	172.04772376543212	165.15320216049392	148.5301311728395
5196	192.2905586152636	174.85917912404918	140.53531340152114
5197	175.90239168110904	152.0912998266902	146.88050259965343
5198	188.1430398796089	142.1466516177575	143.1837471783296
5199	161.68758465011263	174.34089541008294	139.73683220466518
5200	168.89939364142924	178.29536217633608	146.7321042281219
5201	195.6200888888889	144.78542222222197	135.36795555555554
5202	167.71155015197542	179.04311043566364	141.51745187436683
5203	172.36876525134198	156.84287457296185	148.03133235724744
5204	168.26931578947392	155.3723947368423	151.19963157894742
5205	164.59453740157485	146.34709645669287	155.29163385826774
5206	168.5023326210827	153.49485398860412	156.18922720797718
5207	182.8474562798092	163.00548489666133	65.92829888712242
5208	151.86991525423736	150.97500000000005	82.89385593220341
5209	176.3916844349681	166.34392324093818	77.2579957356077
5210	198.21447649572633	179.65726495726452	135.53474893162394
5211	158.5958709677421	138.77883870967742	148.87045161290325
5212	180.1798455056181	179.43183520599234	146.91411516853938
5213	185.6014344262294	182.4270491803281	148.08217213114756
5214	173.74195778748143	159.23460698689942	82.07709243085881
5215	178.18468575974563	160.28146380270505	81.49888623707241
5216	190.75270758122738	155.5626353790613	113.90956678700363
5217	188.4544444444446	166.72842592592616	115.92981481481482
5218	175.3729422066549	153.92486865148848	139.08642732049037
5219	166.53876017532914	143.70279691087498	152.58522229179712
5220	199.56024305555567	173.67873263888885	137.36727430555555
5221	201.7107076350093	176.63222931630773	142.95230114392123
5222	183.9841232227488	137.2321682464455	152.5116113744076
5223	191.39604113110542	152.8850128534704	153.99971722365044
5224	157.23643216080401	149.96758793969852	70.78002512562814
5225	203.9107473928158	178.77166859791419	143.5713499420626
5226	192.05654450261795	171.4691847419596	150.24872849663424
5227	171.98194444444434	149.23988095238101	145.7794642857143
5228	164.59749085206454	153.104129639309	65.00695243073707
5229	168.89640387275247	146.97551867219912	139.75553250345786
5230	196.21109215017083	176.8637940841872	148.28819681456199
5231	184.95137259502582	166.42687705302626	149.83951196621302
5232	183.35181168665483	160.3626818065835	150.47966317938253
5233	174.33481104651142	168.14171511627916	81.38800872093023
5234	159.2089982003599	156.27951409718034	148.91043791241754
5235	181.43479381443316	140.1699885452463	155.71268613974803
5236	176.72782546494992	148.62405817835	152.28652837386744
5237	173.4568638392857	164.30881696428568	58.160658482142885
5238	175.52481450948085	162.2373042044517	76.87077493816984
5239	175.8692660550459	163.90000000000026	117.3389908256881
5240	164.78464611872127	145.2747146118721	71.2545091324201
5241	177.74267844002938	164.71791758646089	101.56949963208244
5242	200.79847001223973	178.0819665442678	141.17227662178703
5243	203.8040492957746	177.40792253521104	137.53034037558686
5244	175.23204944464328	132.9480652096023	153.36644571838048
5245	171.8937820765889	139.8904263718913	150.46245558626137
5246	165.55552763819085	134.24974874371858	76.44723618090453
5247	173.43797468354416	154.67531645569616	82.43037974683546
5248	169.29552590266866	157.8960491889064	82.75298273155418
5249	163.11740088105756	161.2614537444934	68.69911894273127
5250	183.44608256107819	139.4961246840775	66.64823083403536
5251	179.50658536585362	133.3079268292683	150.52560975609757
5252	188.94083610188252	167.64310631229253	101.55722591362124
5253	189.60201438848927	171.7755704008224	104.06576567317578
5254	173.07056555269986	165.30964010282776	97.00784061696658
5255	186.50339248434227	158.34201461377873	101.48016701461378
5256	188.84841269841263	172.21190476190483	101.1027777777778
5257	191.3221854304637	159.90629139072897	128.34039735099336
5258	179.8654618473896	164.9028112449801	132.13915662650604
5259	174.36724137931043	174.42931034482743	131.82586206896556
5260	185.5148528099912	163.9623104371098	129.42613737734166
5261	151.83818181818182	140.28818181818184	72.4218181818182
5262	192.61434707903783	144.99241122565883	90.6709335624284
5263	180.7943812709029	158.94668896321105	90.2851672240803
5264	167.98313148788947	148.05657439446384	62.54299307958478
5265	178.6440026954181	189.23261455525596	126.68012129380058
5266	158.7119589977219	162.88477600607447	69.78276385725135
5267	159.56524604569438	167.48224956063274	70.12210017574694
5268	170.78861386138618	149.55589108910874	124.47752475247525
5269	180.26184064920687	156.3647362596829	91.31541866469942
5270	171.02078907435526	163.24108497723816	86.5732549317147
5271	187.04555888223544	157.1528942115769	87.21836327345311
5272	192.05729646697392	173.70030721966202	89.46751152073735
5273	187.11880000000016	161.9933333333334	93.40613333333332
5274	181.7034246575343	173.14577625570774	105.50582191780823
5275	175.94816264035404	159.3317625042539	101.1477883633889
5276	188.55240356083095	170.816290801187	104.59890207715135
5277	170.11661237785015	185.66889250814359	89.66254071661238
5278	157.3227979274611	147.44559585492226	93.84339378238344
5279	176.8212386018236	172.0956686930088	93.36291793313072
5280	181.2376146788989	173.61122504047478	96.90536967080408
5281	191.7077112387204	172.9842493847416	104.55775225594749
5282	172.4172413793106	159.4439655172415	96.42327586206898
5283	153.34043824701203	142.3820717131471	49.532868525896426
5284	174.26933333333335	168.22911111111114	129.49200000000002
5285	151.78390083632047	151.33312425328526	148.3846774193549
5286	153.1621578099838	144.7841787439614	73.47946859903384
5287	155.45381443298956	150.7510309278351	69.63340206185568
5288	179.14189602446504	166.85127420998975	88.80509683995926
5289	158.7062238661949	149.7876970086846	64.49630106143454
5290	172.30461992136267	157.3082896461338	63.203505897771976
5291	183.6705057891531	162.18028641072542	61.028884826325395
5292	166.60261096605763	161.2950391644909	120.55626631853788
5293	178.65999999999988	166.644193548387	91.82322580645159
5294	179.7143365983975	165.71406945681213	92.19332146037401
5295	178.98996815286637	167.08964968152867	99.23588110403395
5296	184.148218940052	169.8099913119027	114.1634665508254
5297	193.89230378890375	175.24495940460025	95.59859607577805
5298	168.44286926994891	166.0733870967743	71.24927843803057
5299	168.532327586207	164.18448275862076	81.49956896551727
5300	167.94370262390655	158.52154518950476	61.42746355685129
5301	167.68919949174082	150.42185514612441	62.134625158831035
5302	172.86128944504918	153.62744831338395	86.01575081610447
5303	172.57356991525367	156.3433262711866	82.84083686440678
5304	173.68377675841026	157.26181957186563	83.93504587155965
5305	166.51386861313836	165.06897810218936	95.25255474452557
5306	169.3192460317462	186.62678571428575	128.57013888888892
5307	157.35578947368427	142.9578947368421	133.28684210526316
5308	175.54100719424477	157.80581534772188	82.47362110311751
5309	177.59467773437507	160.6016113281253	89.70478515625004
5310	150.35212858384025	136.3550825369244	73.28714161598609
5311	174.8625185185184	161.97214814814768	86.82035185185188
5312	176.54138018200194	156.65518200202263	88.15821536905966
5313	172.9342815463166	161.6659008023341	86.44527716994894
5314	175.57560553633212	159.85873702422154	88.72936851211071
5315	168.04942273534624	151.66909413854358	95.4196269982238
5316	163.68336734693878	163.02448979591844	61.70663265306123
5317	167.5816189896531	155.4645465611687	77.45258673158854
5318	165.95189043209882	154.77131558641997	69.3059413580247
5319	170.7926167209555	158.39104234527684	75.57394136807818
5320	170.33976377952754	149.98858267716508	84.81653543307088
5321	178.8925249169434	164.279457364341	71.65166112956813
5322	182.188415446072	162.41478029294277	61.6505326231691
5323	171.41030759162297	157.17293848167537	69.96554319371728
5324	176.57217741935483	159.30705645161302	70.38891129032258
5325	145.70776293823045	140.06268781302168	82.30442404006679
5326	191.4983257661749	164.5957718501704	141.19455164585702
5327	180.70630081300808	153.13475609756102	86.0548780487805
5328	153.59582568807326	145.54211009174313	58.405963302752276
5329	189.25040916530293	166.63919803600652	116.88445171849428
5330	149.9378239903557	141.59698613622672	53.998131404460544
5331	153.22014196983181	145.97302573203208	113.04574090505768
5332	163.47174479166662	156.02096354166687	122.45091145833337
5333	168.25007019185756	153.58100140383758	125.135423490875
5334	167.32900810979416	158.80383655645667	69.26843418590144
5335	150.22073007367692	139.62227059611521	86.29216342933692
5336	161.10352112676074	131.7013302034429	66.45489045383411
5337	193.23738170347	160.50407841369957	147.20295178008115
5338	162.75011432926792	150.6677210365857	89.71120426829266
5339	148.01076265146068	133.2518412924685	54.216227132335455
5340	149.64491124260348	128.87573964497042	47.141183431952655
5341	153.07046077893594	141.96697750959953	51.258913878222714
5342	153.561097256858	142.50554862842918	53.38634663341647
5343	157.8520029133284	152.8206846321924	108.16453022578295
5344	156.39997330485863	146.28737319807803	110.1568072610785
5345	162.65114860014367	147.40276381909544	105.75457645369707
5346	162.50253807106574	146.82360406091385	116.27411167512692
5347	165.31196901549262	150.7415042478764	120.57671164417792
5348	162.36365954346743	148.98709324915018	92.00212481787277
5349	159.99815035799512	147.8426909307873	85.70384844868734
5350	157.7535578144854	146.23535578144873	104.47047331639138
5351	157.20525362318853	144.92536231884026	100.62137681159422
5352	159.51659807956085	146.9646776406036	114.21063100137177
5353	151.84718137254904	157.561519607843	118.43333333333332
5354	164.8660256410258	151.4855128205127	115.91391025641023
5355	139.94642032332564	150.9750000000004	48.17961893764435
5356	147.1853857566774	139.20516320474778	54.25872403560828
5357	165.50079872204472	152.72603833865801	124.00127795527159
5358	185.7930555555555	153.54675925925918	84.87569444444446
5359	155.1318035796238	145.59502065167504	54.94219825608076
5360	202.9354279891305	184.86463994565227	132.51898777173912
5361	162.84546370967743	127.50519153225812	76.73719758064517
5362	147.21236187845292	136.7714779005525	94.28625690607734
5363	149.92410714285708	138.69166666666666	101.6125
5364	147.7659244264506	135.4543859649123	44.20411605937922
5365	148.368839427663	144.9682829888713	37.61685214626392
5366	153.6511651469099	143.71132218844983	66.79908814589666
5367	166.52968749999988	148.7578125	123.39479166666668
5368	160.2386982845611	147.45688698284553	95.91311806256307
5369	163.9012125220458	147.445105820106	138.60873015873017
5370	164.49589127686477	151.25625790139063	138.6194690265487
5371	166.03684759916482	150.4720772442586	127.0985125260961
5372	204.42265795206959	170.89931917211322	135.00672657952072
5373	158.68713235294103	128.24773284313727	37.50784313725491
5374	157.29388888888892	138.51953703703708	69.59180555555554
5375	154.01472934472926	134.3209686609687	46.41059829059829
5376	148.68351193375543	137.16030199707745	46.878056502678994
5377	144.67720588235312	148.02426470588247	55.40000000000001
5378	155.80881624566598	139.94735017335302	66.7632986627043
5379	160.830943987466	148.23178613396	100.8163141402272
5380	158.48325281803557	145.99001610305962	90.38864734299514
5381	149.9851043643264	144.32125237191642	78.62703984819736
5382	149.30436447166937	138.41385911179174	83.39954058192956
5383	151.70010518934117	139.29270687237025	86.92198457223
5384	158.10845272206302	139.81346704871058	79.20945558739255
5385	150.09768292682898	137.86353658536586	86.06493902439026
5386	161.98918469217958	147.40823627287864	125.19043261231282
5387	150.580378250591	143.44208037825075	64.87442868400315
5388	147.78757812499995	147.2169531250001	69.006953125
5389	163.55957446808497	150.00372340425525	117.40159574468086
5390	160.7459027777777	130.5784027777778	69.92027777777777
5391	155.6850724637679	130.93643892339546	53.83031055900622
5392	147.4043929712461	153.14512779552703	72.93562300319489
5393	171.10859106529216	145.91632302405506	116.87216494845362
5394	147.06923076923098	148.2057692307692	75.13846153846154
5395	152.31422193877572	136.85389030612242	67.82327806122447
5396	149.69799554565702	137.6592427616927	76.45122494432071
5397	167.6230769230768	116.61523076923073	51.100923076923074
5398	161.11740740740763	153.52216931216944	114.49835978835979
5399	167.01769230769233	117.77538461538458	50.59923076923078
5400	146.98391304347822	147.5897101449276	71.27123188405797
5401	102.81109756097557	78.97060975609762	221.14963414634147
5402	119.17822201317031	109.743367826905	180.7859830667921
5403	117.65949926362288	105.22739322533128	195.32047128129608
5404	89.73286830357151	87.98097098214286	219.8017299107143
5405	94.99463917525765	85.55505154639171	217.09161512027492
5406	93.84429133858272	88.28257874015759	220.24468503937007
5407	103.77189960629921	82.46860236220473	216.53056102362208
5408	93.48152622274598	85.54233942251025	218.41546847377728
5409	94.84398047722344	86.42218004338397	220.2726138828634
5410	86.79747109826593	100.06820809248556	217.60209537572254
5411	96.9974358974359	86.8934911242603	221.31696252465485
5412	96.33471882640593	85.67090464547674	216.18092909535454
5413	100.60931721194878	83.88086770981522	217.02233285917495
5414	96.23866980576813	87.78343143025299	218.00394349617423
5415	109.23856132075471	126.72019457547172	175.15943396226413
5416	114.83047244094485	100.591968503937	215.1825196850394
5417	138.5915800984144	115.56194641880812	145.25593220338985
5418	100.15833333333332	114.25555555555556	202.25462962962962
5419	110.63085758039816	111.18759571209804	157.30168453292498
5420	121.59850640113798	110.8394736842105	200.4065433854908
5421	133.4040891283056	122.93092556317335	137.4428991185113
5422	146.8299571275458	129.8282958199357	116.01698821007506
5423	128.76507633587792	113.57430025445301	111.90540712468193
5424	124.88805803571432	122.88816964285715	112.44553571428571
5425	131.2583945435467	129.39543546694648	147.6060335781742
5426	135.23413580246915	151.19092592592608	117.46098765432095
5427	128.25818527918773	109.1715101522843	159.95368020304568
5428	143.98153846153875	142.87076923076935	131.66538461538462
5429	118.89140287769784	113.83535971223024	163.84658273381297
5430	119.97275784753367	112.80919282511206	161.17589686098657
5431	117.13181216931221	100.05853174603176	210.2098544973545
5432	121.97963376507371	118.84274229566769	167.06243858865568
5433	115.02978645066284	110.57389543446246	218.34230486008843
5434	111.85154787616987	112.31562275018	210.8618430525558
5435	130.8357142857143	131.5442857142857	143.98357142857142
5436	114.35448654037884	111.3577268195414	217.55872382851447
5437	129.67204081632656	129.77261224489797	97.27816326530613
5438	137.80353929214158	132.3830533893221	118.37768446310741
5439	121.12367231638416	124.4938983050848	159.413615819209
5440	134.03891535874442	124.2153727578475	120.77186098654707
5441	104.1787522603978	99.9020795660036	172.25940325497288
5442	95.36738095238087	125.06039682539671	160.3311111111111
5443	143.98171641791063	132.93097014925374	96.22388059701494
5444	165.1590313182813	117.97640203933004	130.01871813546978
5445	138.17482718894	144.229262672811	114.20230414746544
5446	118.23512556342564	120.26442369607211	181.3151320025756
5447	113.7277777777778	110.375720164609	217.5442386831276
5448	112.41958372753076	105.63174077578056	217.4825922421949
5449	137.63242475866002	108.84190800681438	154.97975582055653
5450	164.15375536480687	102.9562231759657	111.00557939914164
5451	154.68846604215446	102.5312060889929	164.65415690866513
5452	115.16370143149284	141.1351738241309	164.5444785276074
5453	126.97870370370373	87.29111111111116	205.425
5454	149.79761306532663	122.90150753768845	125.8173366834171
5455	129.17666666666668	86.14736842105269	148.41701754385966
5456	137.85687022900774	113.13745910577973	137.84847328244277
5457	146.54608501118574	80.24955257270686	155.8702460850112
5458	149.4766961651917	149.42153392330388	103.0495575221239
5459	136.05531335149865	132.6695163487738	141.16267029972752
5460	146.7858123569793	129.7735697940503	110.18375286041191
5461	147.10014577259463	131.57731778425656	130.85317784256563
5462	120.17691637630665	102.00152439024386	168.92090592334498
5463	103.68730577998754	99.33499067743944	211.25571783716597
5464	108.61788793103443	111.76497844827587	160.4008620689655
5465	110.61457023060795	121.53846960167715	166.8598532494759
5466	142.01954382826474	118.50187835420395	127.28023255813956
5467	138.1814921681781	134.49699093157466	111.322176422094
5468	112.1864085667216	117.0168039538715	214.70704283360797
5469	117.18739376770536	104.93392351274788	212.25325779036828
5470	114.3321182548794	102.97850172215841	191.05522388059703
5471	115.35127551020409	104.88934948979592	194.61371173469388
5472	95.3231343283583	106.54626865671646	206.8574626865672
5473	145.8339843750002	138.55937500000013	95.60078125
5474	149.30786885245908	133.80508196721308	108.13
5475	121.78214138073588	108.98639933856977	163.1224059528731
5476	149.3208015267176	145.4414122137404	123.17690839694656
5477	102.78306201550394	134.1492635658915	166.42573643410856
5478	112.80682944090587	118.93331564048128	174.5051132342534
5479	113.33271375464678	108.02456629491935	159.79374225526647
5480	114.49814311594207	107.04175724637683	159.055615942029
5481	124.23248207885305	103.11859318996412	163.92020609319005
5482	132.9197906523856	121.55481986368069	146.4542356377799
5483	136.93223514211888	145.94967700258414	112.75071059431524
5484	152.27507919746589	120.0492608236537	110.45359028511088
5485	122.0829067641682	157.28190127970717	113.03756855575871
5486	146.68369716674417	107.72029725963776	161.31374825824432
5487	143.88322475570044	133.58072747014117	82.88219326818675
5488	126.05528052805279	117.24075907590759	109.19405940594059
5489	97.19332344213652	132.36231454005934	152.60623145400598
5490	140.20920945395272	125.34441727791362	115.80570497147517
5491	141.30734430082262	134.26010575793197	100.42767332549944
5492	140.073007518797	88.7848872180452	148.95406015037594
5493	132.4238344594595	149.51415540540518	126.48810810810814
5494	100.47089552238792	85.93432835820906	223.22835820895526
5495	101.40205438066464	86.9265861027189	223.07202416918432
5496	114.72923514538552	102.52250316055631	216.74380530973454
5497	137.26996637242522	126.96422866750738	158.58125262715427
5498	111.91060209424084	110.65618455497388	211.12045157068061
5499	117.69528403001073	103.80616291532695	215.17909967845662
5500	163.77923280423295	116.05	114.24140211640213
5501	139.81161764705885	161.85852941176492	95.71455882352943
5502	101.83877952755905	111.2818897637795	217.3820866141733
5503	141.91806569343055	128.6262773722628	133.8874087591241
5504	150.797084318361	122.2001182033098	131.75988967691092
5505	135.44102564102565	168.1991124260357	107.18708086785013
5506	133.02393617021278	90.91236702127665	186.0623670212766
5507	112.4788253477589	102.6740340030911	226.69350850077282
5508	132.8122846781505	108.4502266545784	142.01069809610158
5509	90.67550058892802	92.24581861012965	214.37237926972907
5510	95.65769230769236	83.91526054590565	213.39454094292805
5511	96.28458850931676	86.63439440993794	211.97760093167702
5512	115.0431793179318	108.25561056105613	220.4671067106711
5513	113.27028542303776	106.81997961264014	221.4459225280326
5514	129.97911184210528	111.71874999999996	117.35534539473684
5515	107.12729820627804	90.885033632287	192.1152466367713
5516	112.2865301724137	100.74127155172415	180.8788793103449
5517	102.13201807228901	114.18530120481928	157.15222891566268
5518	108.30561403508771	113.43508771929822	154.23608187134502
5519	109.92219887955187	111.79443277310921	156.0070378151261
5520	148.86902313624677	136.32011568123394	92.6513174807198
5521	134.34292763157896	124.39106359649124	125.81491228070179
5522	119.88752577319592	129.41443298969074	135.5489175257732
5523	124.95446660884657	120.46860364267124	148.81673894189075
5524	162.1679222648752	133.96801823416507	105.35403071017276
5525	120.779235447437	126.85886185925287	106.83618592528238
5526	119.62757973733584	111.68336460287688	159.61419637273298
5527	99.35734679665742	89.17851671309181	220.5664693593315
5528	101.71990049751244	89.96057213930366	224.08395522388062
5529	109.15608239409254	122.88684415079682	154.97345511076566
5530	138.1517857142857	96.5	158.2136904761905
5531	101.61462805791314	86.70229655516722	217.09238642036945
5532	154.0420489296637	125.32262996941894	109.13042813455658
5533	158.50229110512132	140.65619946091647	126.23018867924532
5534	152.2208695652177	135.4327173913043	111.65358695652176
5535	124.62121212121214	109.47666666666673	180.16000000000003
5536	129.61686835350204	134.97084708470848	161.85368536853684
5537	143.56681957186547	95.7201834862386	150.30642201834866
5538	131.99282488710492	120.55983442047165	160.4294530858003
5539	122.04509981851179	128.9791591046582	144.28998790078649
5540	136.30573899371072	119.59905660377359	139.73026729559749
5541	137.81455160744494	120.27318104906946	95.55342639593908
5542	141.8438901345292	118.532399103139	96.93195067264575
5543	101.22321899736149	91.12682497801231	195.02845206684256
5544	93.15174672489084	89.29754366812223	210.2350982532751
5545	98.9374198717948	91.9262419871795	197.38345352564102
5546	90.57994252873564	95.02862068965518	209.00316091954025
5547	124.71582867783985	119.65521415270015	103.54338919925512
5548	141.8549822064057	131.88060498220642	78.23798932384342
5549	131.1242307692308	142.93653846153842	78.43483516483519
5550	139.92961867192628	128.46568047337283	121.76660092044709
5551	133.49321550741163	103.65336374002277	157.61670467502853
5552	128.10238095238097	157.62619047619063	108.86904761904765
5553	117.66715160796326	111.89173047473206	130.34073506891278
5554	115.46143572621028	111.77487479131891	134.41256260434062
5555	108.33911870503592	113.18821942446041	151.35337230215828
5556	106.5361492537313	99.75358208955222	172.0091343283582
5557	104.47971160295113	98.20949027498341	179.45861837692826
5558	108.54295352323842	105.50847076461777	155.02166416791604
5559	105.10995260663509	96.73967501692614	173.245903859174
5560	122.42359223300971	88.39300970873789	151.8950485436893
5561	120.40119047619045	95.22380952380949	150.84404761904761
5562	109.1855695317959	107.52288609364078	153.68867924528303
5563	142.61450892857133	138.41912202380954	84.25639880952382
5564	133.5694716981132	147.2044905660379	82.43815094339624
5565	131.06607843137257	137.26576470588222	104.0664705882353
5566	135.22767716535432	121.1134645669291	138.06169291338585
5567	121.76999999999994	127.824435483871	128.66407258064515
5568	111.45125766871168	103.51944785276078	187.9690797546013
5569	134.43972758229287	124.73450624290581	106.93457718501705
5570	124.2377411167513	115.38832487309645	148.15492385786803
5571	151.13790322580655	131.2588709677419	109.68387096774195
5572	101.47611336032386	102.44887218045106	181.05274725274728
5573	97.65792253521124	108.53591549295777	183.16484741784043
5574	100.23355817875206	93.86264755480612	203.55240303541316
5575	109.72176917760885	99.08666205943341	196.6795438838977
5576	107.49574468085108	124.13096926713949	159.5468085106383
5577	117.31788766788769	131.14713064713067	154.90457875457878
5578	126.46799521721806	103.19722997210049	158.85157433240337
5579	116.2425	101.24548076923072	162.4858653846154
5580	106.78003384094757	94.58231810490696	196.65431472081215
5581	110.23127423822727	104.81110803324094	161.8806925207756
5582	106.4865079365079	103.12936507936509	171.3507936507937
5583	124.00126541207013	120.54458144062299	145.84315379623624
5584	103.68934240362809	132.70090702947846	167.45816326530613
5585	121.505764075067	111.31565013404828	164.32171581769438
5586	125.90969827586208	115.94094827586213	121.34137931034485
5587	163.3633217993079	137.50000000000009	130.44134948096888
5588	116.06489988221443	117.12667844522969	203.00592854338439
5589	131.93863157894737	97.45536842105273	165.29526315789482
5590	93.44893455098928	86.43413242009136	209.9505707762557
5591	94.2895644283122	84.82078039927408	213.85217785843926
5592	134.4073076923077	122.41918803418808	82.69132478632478
5593	125.94158469945356	122.86579234972679	100.7960655737705
5594	132.78104089219332	129.61598513011154	78.13884758364313
5595	98.56534722222227	105.38305555555556	184.47687500000004
5596	119.80132352941177	113.39867647058823	126.04544117647059
5597	102.01115107913671	87.63992805755397	191.41978417266185
5598	114.40851887705709	109.21892545982573	144.57439496611812
5599	120.3816700610998	113.11293279022405	162.61517311608964
5600	132.34323308270675	142.97105263157943	123.15244360902255
5601	145.68135658914758	149.2324806201551	103.29682170542637
5602	132.69053627760255	146.76845425867512	82.81577287066247
5603	143.03039026275147	136.72026661514678	116.22086553323028
5604	137.31271870794077	126.45540040376858	106.38539703903095
5605	110.76603647686841	96.33514234875445	206.6664145907473
5606	130.5362376237624	138.58475247524754	109.10366336633663
5607	131.72738301559787	146.15701906412468	111.53847487001734
5608	121.68349958437248	113.6497506234415	129.73736492103077
5609	101.85342391304344	99.41429347826086	191.5004347826087
5610	110.9424403183024	90.79303713527858	187.65285145888595
5611	106.46052196894622	103.6302114304592	190.450264288074
5612	107.45403764420172	99.34696417729202	178.88424408014572
5613	108.55488861386131	105.40515160891093	178.54511138613861
5614	110.29255319148938	100.52615248226951	177.9718085106383
5615	107.63563218390814	100.5022270114942	181.7552442528736
5616	107.312748851455	101.68725114854502	184.47025267993882
5617	117.81590038314178	111.22011494252878	131.4858237547893
5618	109.15229357798164	94.4217125382262	172.33669724770644
5619	98.53029197080299	97.83242092457424	191.56326034063264
5620	104.26963350785334	98.42936300174524	185.8116928446772
5621	110.14887218045116	115.0327067669173	141.0274436090226
5622	111.06325910931172	110.60288461538454	149.67403846153852
5623	149.99619010212098	129.21586802827971	119.70687352710137
5624	150.29290869722132	143.13020570191287	103.95297726452543
5625	133.9976277372262	124.89890510948906	134.8828467153285
5626	149.99930340557282	137.02832817337463	102.4719814241486
5627	145.68682195277637	133.4910019144863	110.98382259093813
5628	147.03095774647898	145.52907042253534	104.68746478873241
5629	142.31563517915302	137.08794788273616	111.90081433224756
5630	115.74413502109705	109.14042194092829	157.16772151898738
5631	108.20585392051558	100.4863587540278	204.06299677765847
5632	151.74453781512568	133.71968325791858	130.4367485455721
5633	150.52218045112784	126.50551378446116	87.40037593984964
5634	125.84995383194814	102.30812557710074	162.64561403508773
5635	110.92197258187346	109.85674028941366	170.5381188118812
5636	151.14298642533942	106.54072398190044	102.12993966817496
5637	118.19083924349884	101.73374704491724	160.13971631205678
5638	142.88904347826087	160.60860869565226	124.83660869565212
5639	144.00876048462237	125.83210624417521	127.07050326188258
5640	135.95674466620787	127.87367515485201	126.59879559532
5641	104.98924794359577	135.90041128084607	150.2223854289072
5642	105.54823529411777	142.6200840336135	149.847731092437
5643	124.46136186770434	104.11478599221806	154.70536964980542
5644	117.18274605103281	106.67995139732685	152.73493317132446
5645	113.84446772841575	110.70628667225479	154.20008382229676
5646	120.13160749506905	103.99230769230768	154.97958579881657
5647	115.77617689015699	108.14443651925824	156.05485021398002
5648	97.22903481012669	102.13233122362884	204.73140822784808
5649	108.82528779739063	84.44462778204141	204.4476208749041
5650	127.73673184357544	102.91913407821228	142.78952513966482
5651	125.33885135135135	113.368918918919	151.12736486486492
5652	133.69589216944806	107.129268292683	153.2643132220796
5653	130.0475873015872	117.96225396825392	142.60993650793654
5654	98.43091482649832	117.4119873817035	167.3205835962145
5655	120.69391762452108	105.72801724137928	159.17073754789274
5656	117.79251805985552	103.32734778121772	159.58911248710012
5657	146.37204225352116	123.70894366197183	93.59605633802818
5658	120.87942764578837	123.0491360691144	155.26036717062638
5659	105.64573434125273	101.18871490280779	214.52316414686828
5660	110.50183431952655	99.4784023668639	204.8141420118343
5661	128.78214285714284	122.32321428571434	143.2839285714286
5662	123.89696356275309	100.82887989203778	159.8117408906883
5663	170.16383177570117	113.62948598130846	126.91943925233645
5664	126.61604477611944	130.75261194029855	163.5798507462687
5665	114.08322784810127	101.60936708860756	203.42132911392412
5666	147.41713729308663	147.12473222979548	128.99829600778972
5667	158.89143518518512	140.10613425925928	129.88020833333331
5668	106.9948017799353	101.99585355987058	213.1225525889968
5669	95.06653696498064	92.9849546044097	223.54682230869003
5670	130.34610141766623	109.79667393675024	168.31769356597607
5671	122.18423423423424	124.96792792792792	169.99310810810812
5672	108.1621951219512	96.109891598916	221.2788617886179
5673	118.60792525773194	111.16839561855656	204.1665914948454
5674	134.19826279216682	138.83104864181934	152.56054958938728
5675	127.73156565656565	106.13383838383841	164.61792929292932
5676	127.15790629575405	139.67745241581258	156.88125915080528
5677	120.72613871635609	107.494254658385	213.1967391304348
5678	124.05884615384619	127.69646153846158	165.57792307692313
5679	118.301677852349	101.68447986577186	218.4515100671141
5680	134.55114365971116	113.7281701444623	162.25044141252008
5681	126.01265822784809	107.14925539836187	193.5033507073716
5682	134.603125	127.7921875	78.19843750000003
5683	110.48929765886288	105.77566889632112	154.92341137123748
5684	109.9368374558304	105.87985865724384	157.61192579505303
5685	105.36501154734407	116.09572748267902	144.7135103926097
5686	111.13890675241156	74.95385852090031	202.32041800643088
5687	132.77978122794642	123.85363443895555	87.3106563161609
5688	119.561231884058	111.95289855072464	128.21376811594206
5689	114.57614379084968	113.87444444444448	138.4080392156863
5690	116.67707006369429	77.6375796178344	196.9
5691	136.46374172185432	98.93261589403969	122.17831125827816
5692	131.83838688085677	126.00117135207499	88.92881526104419
5693	136.939	122.4465	81.53933333333333
5694	134.8127078384798	127.36484560570072	82.63717339667457
5695	139.39274193548388	132.11290322580643	79.11693548387099
5696	142.59142857142842	128.78857142857143	79.92714285714288
5697	140.26689791873142	132.05014866204166	81.3362239841427
5698	128.73916000000006	119.80891999999994	116.71374
5699	130.9792089249493	132.06359026369168	78.64553752535498
5700	114.89423459244536	108.99840954274352	140.86232604373757
5701	121.99706920903952	125.40233050847458	103.23298022598871
5702	120.65225806451609	102.56258064516126	144.8824193548387
5703	153.87707129094412	116.39547206165705	95.40327552986513
5704	117.89913793103449	122.81594827586208	164.39428879310347
5705	110.77463928967809	91.05399556048842	213.7912874583796
5706	112.64516971279372	96.20835509138384	209.21971279373366
5707	110.50593106535358	98.0450089525514	213.160205908684
5708	127.85211180124227	149.10739130434783	111.31248447204969
5709	128.259497716895	98.04465753424664	181.45780821917808
5710	107.88489932885906	135.68758389261743	157.78355704697987
5711	145.90153061224484	128.88520408163268	109.33962585034014
5712	135.34470858895702	150.35751533742325	111.4627300613497
5713	141.59880952380976	134.4187675070028	91.99943977591042
5714	130.3369047619048	121.46001221001228	97.44435286935287
5715	145.476610878661	133.26661087866108	90.98979079497907
5716	142.64991076740048	135.80353955978586	92.75499702558001
5717	128.5691061452514	135.12916201117318	81.04726256983244
5718	138.69696531791908	120.42059248554921	85.01156069364163
5719	135.0797120418848	129.93174083769634	82.30562827225133
5720	137.2045922116091	128.9735855988244	85.31263776634826
5721	105.50938697318024	90.66318007662845	200.4250574712644
5722	103.58674101610909	90.1918215613384	220.63519206939284
5723	117.35073982737356	113.5753390875462	131.70363748458692
5724	103.9758287292818	100.06011740331495	189.17910911602212
5725	104.11397911832942	101.31038283062641	187.31583526682132
5726	105.72640883977907	100.31939226519344	190.7017127071824
5727	99.83605706874191	99.14267185473412	196.0782101167315
5728	104.27378167641321	94.71150097465893	194.0942495126706
5729	105.60283088235296	98.2457720588237	195.45261029411773
5730	104.84652529381704	99.03737864077677	181.72202350536537
5731	97.03967587034815	101.72557022809127	192.2821128451381
5732	103.56981032665969	93.8964172813487	190.95142255005268
5733	108.8570982839313	112.17297191887657	147.2078003120125
5734	110.88673469387764	106.74190476190478	152.248231292517
5735	101.09401041666666	99.40963541666666	174.25164930555556
5736	100.14314697926056	98.29923354373312	184.03079350766455
5737	100.423436603557	97.37745266781401	187.23224325874932
5738	157.00804059328624	123.49367681498829	117.52654176424669
5739	154.6508750437525	137.5625656282814	107.86410570528528
5740	148.60017998560113	143.98437724981991	105.0012958963283
5741	151.93250983821605	140.6581110625273	106.48404022737209
5742	107.91296296296305	98.24074074074072	213.13703703703706
5743	103.00707338638368	114.94270557029179	186.19518125552614
5744	114.0601018675721	86.49940577249586	200.42457555178268
5745	153.50712830957227	108.27326883910386	146.15213849287167
5746	151.5732876712324	139.51883561643828	128.81095890410958
5747	128.67385035074042	126.8129384255651	103.824824629774
5748	132.43609991941983	99.27566478646256	143.75962933118453
5749	110.19938900203674	113.82955702647664	173.30404786150712
5750	124.68736559139792	100.5946620583717	166.91317204301075
5751	100.44033149171273	129.88812154696134	148.6048342541437
5752	102.37455242966757	133.66265984654734	146.77404092071615
5753	137.70354330708662	92.20511811023633	145.6900918635171
5754	111.12923956931364	107.17079407806193	163.08869448183046
5755	114.71582733812956	106.62913669064748	166.54640287769786
5756	119.40316957210777	104.80158478605381	164.72892234548337
5757	96.00031746031743	116.05698412698412	217.9161111111111
5758	112.1542504570384	101.63336380255942	215.9438756855576
5759	111.6344989561587	101.23559498956148	187.1641962421712
5760	147.72452786734223	120.90449101796409	135.62655458314143
5761	157.68637499999986	129.96568750000003	114.230875
5762	110.89020850367952	100.23671300081764	193.57211774325432
5763	122.33280172413795	118.52547413793104	126.49952586206896
5764	141.10409026798308	111.68607193229904	140.1894922425952
5765	148.2844279661022	99.7853813559322	151.39565677966104
5766	117.14292079207922	145.27732673267354	151.24727722772278
5767	118.07740240240238	137.24069069069066	114.6502252252252
5768	133.29691964285715	135.2607142857143	99.45473214285713
5769	121.95929328621911	132.92081272084806	153.74151943462897
5770	146.3786188178531	98.37967430639324	154.98754523522317
5771	173.64141722663388	116.3638057422113	125.55555894929752
5772	160.99401473296504	126.56279926335176	109.8865561694291
5773	157.87879581151842	132.3167539267016	111.71767015706804
5774	102.14405882352943	145.11394117647058	161.76341176470586
5775	129.76719833564496	155.17399445214986	130.47052704576976
5776	124.54911764705881	84.83911764705883	204.34441176470594
5777	117.01333333333338	110.43000000000009	168.86333333333337
5778	111.24154411764708	116.52235294117644	173.67705882352942
5779	135.03288888888895	130.29911111111107	159.84333333333333
5780	119.76830693815991	119.74238310708904	187.20469457013576
5781	130.69149253731345	127.10705223880598	158.70455223880597
5782	112.49879807692308	115.21045673076921	213.04038461538462
5783	120.23113828786455	107.76999059266228	178.71999059266233
5784	133.04527981910684	109.90144149236866	164.9446579988694
5785	139.29599822143192	116.96389506447314	157.96396176078258
5786	144.97559999999976	108.8859200000001	157.2604
5787	136.3548295454546	124.05085227272731	157.16875000000005
5788	121.31979949874687	120.99758771929822	192.2329260651629
5789	134.35314371257485	117.68394461077854	165.75213323353296
5790	123.18464322647364	141.60367114788005	150.64539813857294
5791	131.43598484848485	141.75833333333338	102.19015151515151
5792	124.29306722689071	118.92825630252102	116.2926470588235
5793	104.93435897435906	118.9974358974359	137.9696153846154
5794	110.12457831325304	111.32265060240965	136.75385542168675
5795	115.62713293650793	105.02271825396835	139.23675595238097
5796	111.58888888888893	110.29702842377262	139.68152454780366
5797	131.9757197696737	121.14620921305185	86.87941458733204
5798	117.3279805352798	115.3862530413625	123.28430656934307
5799	121.25040650406505	115.6654471544716	120.14593495934959
5800	114.50113350125946	109.45646515533159	140.57325776658269
5801	125.87439228834877	114.8176865046102	109.04522212908635
5802	97.74754385964913	92.70684210526329	197.94789473684207
5803	110.68393782383416	124.41826424870469	132.4616580310881
5804	115.0103857566766	118.51275964391684	126.50163204747778
5805	110.93076923076923	113.88209549071621	143.3267904509284
5806	123.07024749868354	106.77298578199057	144.47593470247497
5807	116.17588028169014	106.99049295774654	143.056161971831
5808	115.86254019292606	109.38898713826369	140.72041800643092
5809	115.08594270486337	109.57641572285142	145.96618920719519
5810	130.28960554371	121.8894989339019	124.19211087420042
5811	130.48181390977447	122.39748590225562	120.85733082706768
5812	134.5487253289474	123.18824013157897	112.91192434210528
5813	133.8286496350365	123.32512165450129	127.45480535279808
5814	134.6754373177843	124.87004373177844	116.30575801749272
5815	124.85718015665795	113.508224543081	155.44536553524804
5816	142.3053424657535	127.22931506849315	77.75267123287672
5817	97.93379416282637	88.7688172043012	207.92788018433185
5818	95.49493670886079	90.1075949367088	211.9651898734177
5819	100.37351150202964	88.97812922868752	216.0729702300406
5820	124.50046728971964	116.14794911734164	114.24836448598131
5821	109.05813743218805	110.10542495479204	149.93815551537074
5822	98.80338164251219	92.27954911433176	200.20354267310788
5823	111.72717810331534	98.46399383191995	164.8503084040093
5824	104.19564324817516	104.7958257299271	169.66421076642337
5825	140.15788177339874	120.35009236453202	110.79756773399015
5826	131.0590297790586	136.48928914505282	108.73674351585016
5827	136.5255744996293	122.0249814677539	120.94944403261677
5828	116.43094543940029	105.01586838817164	172.02607246980426
5829	138.36600312256053	128.68196721311475	98.26366120218582
5830	116.51301020408165	118.02551020408166	134.21683673469386
5831	124.19055884843351	120.57574089754446	124.22967823878064
5832	126.68744281793221	123.80635864592871	121.84714089661483
5833	159.16596858638744	111.42251308900524	102.8557591623037
5834	129.1891891891892	140.75945945945952	139.66756756756754
5835	129.37676753393671	114.39782239819004	148.9002121040724
5836	107.47717391304349	103.86231884057972	215.42862318840585
5837	130.8771618150685	122.58431078767124	129.89205907534247
5838	146.24036471168077	126.10450961064564	97.48119763430262
5839	112.29845679012354	100.02259259259245	215.89401234567902
5840	130.62912757973737	128.3104596622889	85.58691369606005
5841	134.2149014778325	127.69482758620691	78.72586206896553
5842	139.27781690140847	130.57142018779345	87.41384976525822
5843	140.94030612244896	128.44744897959185	84.89081632653063
5844	133.4346603360117	130.22746530314095	90.41614317019724
5845	135.88123456790123	127.72833333333332	86.84500000000001
5846	135.13440325497288	125.90474683544304	91.6018535262206
5847	122.72348936170214	113.7072340425532	123.38863829787235
5848	124.09231613611416	114.97113062568606	125.10718990120749
5849	131.45284605433378	114.5857050452782	132.66313065976712
5850	137.088185443669	135.72771684945153	94.04067796610173
5851	138.5567507418397	137.94554896142432	85.16513353115728
5852	106.12779342723007	93.6740375586855	200.3226525821597
5853	99.61823308270675	92.55404135338341	201.92650375939846
5854	101.99318766066831	92.66192159383043	205.61834832904887
5855	103.25684931506845	94.36318030359124	202.0731766012588
5856	119.2866379310345	111.7831896551725	135.37887931034484
5857	118.85704500978474	114.81922700587084	132.28414872798436
5858	100.74547048509636	100.11060783167738	178.7721800116891
5859	110.84854218362291	95.74776674937951	215.80130272952854
5860	117.26138268156424	107.29416899441344	170.99507681564248
5861	127.07996306555866	122.40318559556788	110.88670360110805
5862	116.70535324107794	109.09949016751641	157.89206117989806
5863	131.5327330508475	123.6371645480226	123.4433439265537
5864	131.76032647267564	121.91731724627401	111.08750887154012
5865	124.74180327868851	163.04043715847013	110.90464480874316
5866	133.12078488372094	164.83531976744175	130.25247093023256
5867	132.3962365591398	157.44535936615728	131.80172608941714
5868	132.50344488188975	146.7070866141732	127.80354330708664
5869	137.72359813084114	162.07780373831773	127.44579439252337
5870	135.48765603328712	161.9746185852981	129.43689320388347
5871	152.52817433081697	135.47817433081676	128.11111873713114
5872	156.7553855569156	135.04822521419823	104.92141982864138
5873	155.5600254614896	135.37281985996182	114.11922342457035
5874	142.98263157894738	154.66506578947337	121.34664473684212
5875	147.36293308020882	143.3842429995258	129.7237778832463
5876	158.78860145513337	131.5971705739693	133.26495553759096
5877	117.53613721804514	117.33970864661656	143.43110902255643
5878	123.94569060773476	108.49281767955799	146.7722099447514
5879	119.03643996641479	108.45806045340052	148.61036943744753
5880	121.35294117647062	102.53529411764707	144.43970588235297
5881	127.9641891891892	92.37621621621626	145.46756756756756
5882	117.8448318293683	118.50401968826908	138.82378999179656
5883	124.30799307958479	110.84117647058822	144.67169550173008
5884	151.51092519685048	105.07165354330708	156.35590551181102
5885	100.30736245954692	124.92119741100315	166.07953074433658
5886	109.70118556701034	109.4981958762887	169.14427835051546
5887	112.05531045751631	105.64987745098036	168.791135620915
5888	109.79851154313484	103.46181652490885	169.90021263669502
5889	114.18595441595446	109.0839601139602	163.40515669515673
5890	143.65954210694858	106.1029779058595	150.67182196605827
5891	151.12670565302162	144.63606237816782	121.96812865497076
5892	140.47699594046009	125.0896481732071	147.54959404600808
5893	107.24466564573765	102.49596733027046	191.004696273609
5894	103.30595075239401	102.84247606019146	193.44425444596442
5895	117.89489489489485	144.85769519519528	125.69812312312318
5896	91.48884120171672	116.54098712446353	207.95429184549357
5897	135.36723614274862	101.65812452543652	162.71355353075168
5898	120.43242300987795	125.54349215572347	116.7259151656014
5899	139.58317338451718	128.46845809341008	94.7956493921945
5900	133.9693355119826	123.24912854030504	103.16933551198258
5901	110.47540485829956	100.09387651821864	193.23704453441295
5902	109.05950946643728	96.8577452667815	197.97396729776244
5903	143.80356182795703	125.78958333333338	122.0364247311828
5904	122.76671755725191	129.54809160305345	143.61045801526717
5905	105.02344827586201	107.59390804597705	168.5073563218391
5906	124.0505327245054	105.59414003044131	148.53097412480975
5907	111.61140350877196	91.80416666666665	204.61025219298247
5908	117.49287804878051	127.06502439024393	120.42478048780491
5909	125.01184210526316	119.35394736842106	119.29210526315792
5910	108.14679802955678	131.7317733990148	135.4286945812808
5911	124.09593852908891	116.38386388583977	134.61838638858396
5912	139.7365629420087	101.55396039603977	149.86994342291368
5913	138.44675862068976	109.68289655172413	148.54020689655172
5914	101.62886140923945	95.7053896406906	208.15100326644887
5915	100.54853536927388	98.71377376129637	210.43147397943287
5916	106.08125	87.26492063492066	212.91940476190484
5917	112.22800500834722	95.19131886477464	197.42658597662773
5918	116.17270179372198	99.39770179372208	215.83738789237668
5919	114.83789329685364	135.20444596443213	169.86798905608757
5920	121.75860360360369	126.6991891891892	172.3625675675676
5921	125.3583209509658	83.61879643387816	185.85586924219916
5922	118.60602998696228	126.75528031290743	163.6232073011734
5923	132.8386206896551	112.73379310344828	180.7093103448276
5924	118.96913805697592	117.68634039444851	157.16420745069397
5925	116.49687499999996	87.94583333333344	204.5802083333334
5926	99.51166032953104	103.98485424588085	209.1171102661597
5927	119.51428571428572	85.3428571428572	224.26160714285717
5928	100.15215517241384	94.42509578544069	225.78184865900383
5929	132.42387603085928	123.5333067305135	132.7406491088055
5930	136.14326171875004	135.48906250000005	139.05224609375
5931	112.86627516778522	146.47072147651008	130.33338926174497
5932	124.52612208258527	122.62333931777384	186.185368043088
5933	110.4107142857143	102.97817460317465	152.33174603174604
5934	103.63440308087294	118.58960205391531	153.0821566110398
5935	125.27079091620988	114.50121378230229	106.64616288175414
5936	125.91247563352829	113.17884990253408	109.60545808966863
5937	130.23641304347828	122.3593070652174	95.19334239130434
5938	130.35806845965772	131.88838630806848	76.58850855745722
5939	140.10622406639004	121.7451244813278	78.63060165975104
5940	118.71488095238094	145.24092261904767	84.08943452380952
5941	108.91111111111117	100.14938271604936	161.34753086419755
5942	124.97089552238813	126.82201492537314	95.8335820895523
5943	132.8142297650131	119.5711488250653	91.35026109660576
5944	119.13006840796015	113.79561567164184	129.61016791044779
5945	130.62695035460993	96.93652482269505	133.49787234042554
5946	119.18289002557543	115.15002557544751	154.52383631713553
5947	122.34209078404406	113.0412654745529	157.1138927097662
5948	140.9369047619048	129.73333333333335	79.79404761904762
5949	135.0198717948718	133.80769230769232	79.27628205128204
5950	141.49301075268815	128.63118279569895	80.98817204301076
5951	115.1685966633955	106.27414131501469	145.06560353287537
5952	98.15438756855572	91.31508226691042	204.13244972577698
5953	102.35113378684814	84.12630385487533	199.7073696145125
5954	96.4209378407852	91.69705561613951	204.60719738276995
5955	97.90089141004866	93.23346839546178	201.1649513776337
5956	118.92727272727272	108.4613636363636	139.87045454545455
5957	119.36264367816092	107.4249042145594	140.451245210728
5958	97.604375	96.64050000000007	196.99487500000004
5959	115.26900000000003	109.43428571428569	142.42171428571433
5960	109.49618320610676	115.57935114503825	145.48381679389314
5961	98.27771830985891	96.63856338028171	202.83845070422538
5962	95.19938775510204	94.1248299319727	207.5325850340136
5963	99.93133333333333	91.47871604938273	209.62496296296294
5964	101.89119470855726	91.32341876808613	209.5293096320794
5965	96.95640376266284	92.1508683068018	210.49638205499284
5966	97.71942148760327	88.6776859504132	214.4706611570248
5967	114.33888888888887	104.39722222222224	152.96111111111114
5968	114.2173382173382	104.7397435897436	144.478083028083
5969	116.97824561403515	111.13763157894738	136.63447368421052
5970	112.27179203539819	110.76132005899704	144.11135693215343
5971	116.8611670020121	109.89154929577464	136.9079476861167
5972	130.27057453416148	136.8304347826087	81.58105590062112
5973	130.40708860759491	138.60696202531642	79.25430379746838
5974	97.4425396825396	102.53047619047621	192.5646031746032
5975	109.42198824681688	93.96219392752201	187.24995102840356
5976	98.01000000000003	99.60593220338993	195.89508474576272
5977	124.00426118945434	130.6733905579399	140.62565910484366
5978	147.1614216281897	135.71734507897926	92.1584143377886
5979	130.80898997134668	113.5348137535817	109.37356733524356
5980	127.36082051282051	134.37148717948722	99.18051282051285
5981	108.2216499544212	103.44813126709205	196.21814038286234
5982	130.6531334688347	126.62632113821142	109.27784552845527
5983	115.5526595744681	115.32196048632221	137.2776595744681
5984	139.1037383177569	106.10887850467292	115.04971962616823
5985	123.81908212560387	117.80096618357487	112.96654589371978
5986	125.95574912891986	108.7591463414634	124.57883275261324
5987	131.95422116527945	123.44611573523588	136.0012881490289
5988	145.40315315315308	119.7087387387387	83.68126126126127
5989	138.95168269230768	131.7398076923077	85.6683173076923
5990	146.23399999999995	121.1587567567568	89.1725405405406
5991	133.32212355212357	135.46266409266406	86.50671814671816
5992	134.922347740668	133.72779960707268	83.92470530451867
5993	135.06277173913043	129.8627717391305	93.72472826086958
5994	125.785	120.18454081632656	110.4293367346939
5995	130.44456521739133	112.61956521739133	108.725
5996	126.65904850746271	111.69822761194028	128.7613106343284
5997	122.45191831683171	114.92413366336638	126.76002475247527
5998	131.08775100401607	102.06034136546185	132.18443775100405
5999	136.96200218221495	137.1087288597927	88.1839334424441
6000	135.87037037037038	133.9051388888889	89.86643518518521
6001	148.28198198198209	126.1742117117117	87.65315315315316
6002	102.78995327102804	92.76939252336444	212.90116822429908
6003	100.89723001402531	100.7784361851332	178.15217391304353
6004	105.97037974683545	90.59683544303793	182.20177215189872
6005	141.32793696275075	148.1651146131806	94.96010028653295
6006	129.408125	120.525625	132.50875000000002
6007	127.32171641791048	118.47287313432842	137.512723880597
6008	129.58936170212772	121.14978723404244	135.22557446808509
6009	102.42543859649116	94.30023391812857	208.75426900584802
6010	105.76794871794873	94.52756410256413	211.6990384615385
6011	104.98946455131387	92.22984630639549	215.7003470500744
6012	130.62776255707757	115.18632420091323	124.03529680365295
6013	152.5656862745098	139.27170868347315	125.83445378151262
6014	136.87538540596094	154.01130524152074	129.52245632065777
6015	139.5079365079365	159.39814814814824	129.4905643738977
6016	148.4493670886076	144.78037974683562	133.59620253164562
6017	150.27059633027503	143.9617431192659	133.57229357798167
6018	136.52753623188408	155.31760869565198	132.00797101449277
6019	135.35590163934427	148.7731967213116	131.90172131147543
6020	156.31460564751714	131.1061830574489	129.00793573515094
6021	123.29411473788328	103.40707220573685	161.46498516320474
6022	140.2103841536615	88.08583433373346	165.73817527010806
6023	120.47585193889542	112.13084606345477	168.08542890716802
6024	105.59861227922623	137.36631623212784	168.31804037005887
6025	111.80221712538223	102.8550458715596	161.93715596330276
6026	102.85315789473692	107.40078947368416	174.64078947368424
6027	110.99901639344264	100.97038251366115	183.50584699453557
6028	131.91431959139	122.64919737322144	105.7095585552718
6029	100.10966608084357	93.63435852372587	217.3437609841828
6030	105.15834896810505	92.00220450281435	216.9187617260788
6031	144.84043010752683	134.46731182795696	102.62645161290324
6032	105.1462500000001	95.87340277777784	199.80506944444446
6033	101.30035429583698	100.56279893711252	202.34300265721882
6034	106.37498257839722	97.33428571428577	199.9604529616725
6035	131.80821325648415	114.12050912584056	120.73741594620556
6036	131.6537037037037	106.85871913580256	133.47685185185188
6037	127.63764258555142	112.26378326996202	155.83455323193917
6038	117.25114571092837	124.72784958871914	160.06712690951818
6039	115.34949101796404	122.1079041916168	146.01709580838326
6040	108.771578099839	98.6289049919485	193.10933977455718
6041	123.70878076062637	105.70335570469796	155.67091722595075
6042	108.2492294520548	100.61797945205477	202.17397260273967
6043	125.3336343930636	114.97106213872831	158.48186416184973
6044	113.37815275310841	92.3863232682061	215.56190053285968
6045	135.56034115138604	122.49754797441366	135.9531982942431
6046	137.82038116591931	109.38686098654709	152.74116591928254
6047	130.17950000000002	114.01878125	157.7970625
6048	113.94166666666663	84.8407738095238	191.7830357142857
6049	125.99608269858544	129.33757707653248	160.42723975335502
6050	130.40523560209422	110.52172774869099	158.94109947643983
6051	112.53589743589748	143.16089743589768	156.94871794871798
6052	149.78455555555556	96.09477777777785	152.75944444444445
6053	149.1213281250001	92.49710937499997	157.058515625
6054	140.9306478405316	110.82362956810638	157.42699335548176
6055	134.63306451612905	94.94193548387098	167.45483870967743
6056	141.95238095238105	130.8368347338936	108.10042016806723
6057	172.91955941255029	113.63411214953275	117.76608811748994
6058	131.22707641196016	100.74684385382065	172.87267441860462
6059	130.8836145010768	129.0206030150754	154.77505384063176
6060	134.1066808059386	120.73229056203598	157.51113467656415
6061	111.44957627118643	150.31546610169516	162.3012711864407
6062	111.17996618765848	112.46221470836856	198.03579881656802
6063	116.80698924731183	116.52840973401246	186.431013016412
6064	113.14762464722477	117.36575729068674	191.65740827845718
6065	135.7013103448275	130.70275862068968	150.3214482758621
6066	117.43809523809523	151.1288690476191	153.15208333333334
6067	108.24109686609684	121.01801994301992	205.74387464387462
6068	129.62969034608378	104.23752276867027	170.60919854280513
6069	110.36188925081434	101.01771172638456	225.0583876221499
6070	105.22557861133284	109.51891460494814	204.3489225857941
6071	115.56297709923668	84.14953350296871	223.88685326547923
6072	102.52352941176471	94.14926470588259	227.33970588235297
6073	99.08818849449207	122.74761321909426	203.7416768665851
6074	97.47825630252103	118.07899159663866	210.07226890756303
6075	127.4545386626821	129.72439297721334	165.51158012700787
6076	144.5531708471369	116.55158542356844	154.44015617605302
6077	122.64595588235294	150.67977941176468	148.8761029411765
6078	111.32303370786528	127.64438202247193	182.3042134831461
6079	135.88534626038782	112.21614958448762	160.76515235457057
6080	130.9916666666668	102.66294037940382	174.3991869918699
6081	105.58446014127144	101.04848637739664	164.10479313824422
6082	106.3385582564963	99.67954735959776	165.8224643755239
6083	101.09292035398228	129.00663716814162	138.4345132743363
6084	109.45298913043476	99.0485733695652	167.9383152173913
6085	98.947355163728	93.5540302267002	195.14886649874055
6086	122.59607035928148	114.13282185628746	119.22320359281434
6087	119.56170463472115	115.66806755695214	128.20271013354284
6088	115.0482456140351	110.0157894736842	139.20000000000002
6089	91.00574229691877	101.78081232492998	196.8476190476191
6090	97.69604863221886	95.7426291793313	194.97834346504558
6091	101.78346007604564	93.0127376425856	192.46026615969586
6092	103.13319536423843	89.13187086092724	192.999917218543
6093	98.11827676240215	97.92728459530029	196.9330287206266
6094	109.38074074074072	85.64518518518516	193.1151851851852
6095	126.60811541929668	129.8347159603246	97.44472497745716
6096	139.60726744186047	103.92441860465117	112.30872093023257
6097	147.27275064267354	104.14087403598977	109.21246786632393
6098	131.38753086419754	131.69172839506174	104.20462962962965
6099	142.96414944356118	116.84046104928458	107.50270270270269
6100	132.18914767096135	136.46050545094153	100.95470763131814
6101	144.31872716199734	131.2483556638245	88.17250304506699
6102	140.6642960812772	130.6980406386067	92.59497460087076
6103	134.23226037195994	127.3513590844063	86.88819742489271
6104	138.4228647686833	124.5236209964413	83.21637010676156
6105	123.54331941544886	144.1160751565762	87.23528183716076
6106	135.11971207087487	128.03366555924697	85.91328903654488
6107	132.58960000000002	133.32928888888893	86.21262222222221
6108	134.48192346424977	128.4335850956697	86.9692346424975
6109	133.78102636534842	128.26134651600754	91.29016007532957
6110	136.95756880733947	123.846502293578	93.85068807339451
6111	121.80570175438594	120.6429824561403	122.82899122807021
6112	130.0643949468085	122.86978058510637	105.17506648936173
6113	131.24691820276502	118.53292050691245	110.65581797235028
6114	130.9206411258796	122.76352619233772	113.33483189992182
6115	125.08777579010142	126.52853309481216	115.72219737626715
6116	123.14827814569534	127.27218543046358	119.66688741721858
6117	147.63560810810824	125.28628378378383	93.71925675675672
6118	141.4337799717911	135.55754583921018	88.97200282087448
6119	141.56158675799097	134.0970319634703	93.24383561643835
6120	125.76311172668517	117.11089566020321	127.91232686980614
6121	99.45758807588068	96.92967479674788	201.8567073170732
6122	103.82205364995606	93.64294195250663	211.85400175901498
6123	146.5175110673882	145.96155927201227	133.1578947368421
6124	114.59574319609223	112.37732030704815	150.62899511514308
6125	117.16309523809528	108.58680555555556	150.37589285714287
6126	116.59121756487026	107.9350299401198	154.39575848303397
6127	114.97350427350435	113.07230235042736	154.0525908119658
6128	119.84878758486909	110.3051406401552	152.09073714839963
6129	120.63581081081081	108.76539039039042	141.74391891891892
6130	122.99992057188246	108.33034154090548	142.01314535345512
6131	115.1404947916667	118.1984375	145.90325520833338
6132	122.16221719457018	103.4730015082956	143.92413273001512
6133	123.80546874999996	102.26796874999994	146.95703125
6134	117.93004566210043	120.1903196347032	136.23223744292238
6135	122.87770501138954	116.69615603644651	134.35629271070616
6136	123.97515842839034	118.46261089987331	137.38079847908747
6137	120.70991875423157	115.74651320243744	140.63429248476643
6138	121.51333333333336	116.58145593869736	143.192183908046
6139	129.37926029962549	111.76072097378278	140.58988764044943
6140	112.61082916368834	114.6869907076482	149.36490350250182
6141	110.88599221789885	116.07924773022054	155.0101167315175
6142	148.16210762331838	135.56020179372197	119.82354260089686
6143	144.99600619195027	140.5449226006192	115.92842105263159
6144	143.0021484374998	144.9357421875	126.0853515625
6145	168.924852071006	121.32218934911243	99.27662721893492
6146	143.86092560046887	146.02065026362098	123.45196250732279
6147	157.59448818897638	130.15511811023623	121.2988188976378
6148	121.78669438669435	129.37806652806654	114.87681912681913
6149	132.56694312796208	114.37263033175356	118.07796208530806
6150	153.4256329113924	91.62721518987341	147.42958860759498
6151	109.00763831544188	108.43765483071844	186.73249380677132
6152	131.46944226237235	126.21527886881384	101.84202670856249
6153	131.65356174990328	126.33817266744094	104.70249709639955
6154	123.18224016145308	115.98451059535832	146.36299192734614
6155	112.70863131935884	100.19697903822448	199.58625154130704
6156	108.86986301369859	99.76575342465746	200.19520547945208
6157	154.17357253086425	125.29475308641982	127.63904320987652
6158	157.59093782929415	133.44367755532147	107.51427818756586
6159	169.1145038167939	116.22913486005086	104.66653944020356
6160	116.73083519761371	125.1674496644295	135.24175988068606
6161	133.21555374592836	103.60154723127035	135.9745114006515
6162	130.03571428571428	106.92940917107587	139.43082010582012
6163	142.3187836021505	122.03827284946232	124.617876344086
6164	114.57477187332266	132.9278851315083	136.80209339774558
6165	101.86127020785212	100.3065357967667	215.38965357967672
6166	107.60789951573851	105.61464891041165	177.59839588377724
6167	121.99947967479677	118.83237398373991	149.33957723577237
6168	105.53748696558917	102.85516162669448	176.22940563086553
6169	103.48054032889584	102.17897415818324	187.0422083007048
6170	105.83529411764714	137.75980392156865	159.49313725490205
6171	126.5278581765557	119.04753979739507	166.60622286541246
6172	148.48252858958082	119.97827191867852	150.43303684879288
6173	101.24677165354338	92.05484251968514	223.3857480314961
6174	118.14230769230775	96.14294871794873	203.87435897435898
6175	108.64381107491863	112.21074918566774	207.86739413680786
6176	145.4228138013088	116.89839381320637	135.53066627007738
6177	139.82984822934242	144.00910623946052	89.55261382799326
6178	98.63376168224295	92.74439252336443	193.76191588785045
6179	98.53418367346941	95.04897959183675	195.20991253644314
6180	111.90777988614805	105.16166982922199	140.45142314990514
6181	123.9950236966825	115.0911306702776	109.55501015572105
6182	114.67114845938373	121.41288515406164	117.04061624649859
6183	119.89342629482071	106.03386454183264	137.10996015936257
6184	137.6818296529969	125.41075709779184	90.34712933753944
6185	140.43888888888893	122.12333333333336	81.47666666666666
6186	108.60031459731549	110.6616610738255	175.08502516778526
6187	116.55876483279405	114.49374325782092	143.6428532901834
6188	116.80397350993378	112.59910122989595	141.31825922421947
6189	118.7	111.95950000000003	139.304
6190	137.83150042625746	125.38968456948004	90.9670929241262
6191	139.33796296296296	124.95555555555563	89.88518518518521
6192	124.43813559322037	145.1720338983051	93.25254237288138
6193	127.70976645435243	141.7750530785563	92.13142250530788
6194	112.21983606557377	122.70860655737705	135.1710655737705
6195	125.1661848341233	110.97905213270144	135.5958530805687
6196	147.38762500000016	139.59916666666646	122.69216666666668
6197	114.59280442804425	114.69630996309964	145.7317343173432
6198	104.5079518072289	89.14285140562264	199.20646586345381
6199	162.96694599627557	129.11821849782746	126.32759155803848
6200	140.8839941262847	155.3535976505139	126.9724669603524
6201	141.00094845360888	146.69010309278352	118.56956701030927
6202	138.4975213675214	157.97128205128197	107.63547008547009
6203	155.93324365872445	134.0173712528824	111.64619523443508
6204	142.37298187808878	146.64341021416809	115.76729818780892
6205	150.14799453053737	141.43798997265282	114.76775296262535
6206	102.91634615384619	113.06201923076921	174.31971153846152
6207	112.39309352517981	102.60784172661872	174.76467625899284
6208	169.22465596330264	114.6295871559633	112.18486238532113
6209	146.91240266963283	98.8929365962179	136.41774193548392
6210	148.23714859437754	92.45190763052209	143.25953815261045
6211	127.05823823109849	110.68063480741795	156.62171897289588
6212	121.99677259185695	139.6202581926512	142.9224428997021
6213	131.14496990541704	122.17472055030092	149.1975494411006
6214	128.41076448405892	123.67099760027426	107.57392869386358
6215	126.60945611866505	121.08543469303663	112.50638648537293
6216	129.5395726495727	124.15615384615386	102.85282051282051
6217	125.90152243589745	127.21680689102564	108.57475961538462
6218	131.74001883239174	122.24639045825487	104.47893910860012
6219	125.19375000000004	122.07888392857151	111.08919642857144
6220	125.88357242017584	126.48269319759369	112.27660805182785
6221	112.2873015873016	122.97176870748305	140.9496598639456
6222	121.36693313953494	118.39869186046509	138.62877906976743
6223	112.8916325136612	126.52704918032794	141.80081967213115
6224	119.95401785714287	118.971875	142.17131696428572
6225	100.09479659413424	104.85435193945128	196.8984389782404
6226	133.00640269587194	115.7990943555182	121.76592249368156
6227	127.50046535677356	122.15062047569813	125.203964150293
6228	126.82449139280128	111.75156494522687	165.00473395931144
6229	100.87049549549549	108.9730855855856	199.72804054054055
6230	113.2065712043939	116.43191447626523	161.32865829737153
6231	138.9159678858162	102.38978590544156	131.14629794826052
6232	140.54756537421102	106.09346257889992	135.7527953110911
6233	109.84655623365299	100.14123801220572	177.08801220575415
6234	131.89040404040406	119.96515151515148	137.06919191919192
6235	145.9702355460386	143.89978586723768	120.07548179871522
6236	152.52531876138434	123.843670309654	110.01703096539164
6237	155.9363013698631	95.73934550989344	158.62853881278542
6238	131.0191335740072	142.87391696750902	139.7476534296029
6239	114.52757396449705	113.68207100591722	199.77757396449704
6240	135.03330815709975	122.72560422960727	155.12409365558918
6241	103.56047381546136	139.85841645885282	178.09644638403992
6242	118.56624255549538	94.17983216025982	203.4026258798051
6243	99.6929024081115	100.62699619771864	225.0824461343473
6244	154.67602291325682	146.59705400982003	132.93977086743047
6245	160.87470837751854	141.5407211028632	129.03303287380706
6246	131.38342105263158	108.7436842105263	183.9955847953217
6247	133.97772331154687	112.02625272331152	104.65157952069721
6248	106.41885245901646	92.32295081967214	171.3754098360656
6249	94.61755319148935	110.43590425531916	174.33464095744682
6250	94.44552772808584	88.82844364937394	204.70035778175315
6251	97.0728515625	121.0365234375	151.61308593750005
6252	99.17600000000004	95.8980000000001	185.3704285714286
6253	112.66657303370786	103.25786516853931	152.8629213483146
6254	106.47177835051555	100.62342139175259	166.130831185567
6255	107.91657608695658	86.13029891304336	182.1755434782609
6256	116.3999422632794	116.02523094688223	125.255831408776
6257	114.3464694656489	119.92624045801529	126.48740458015268
6258	135.88613861386142	124.4732673267327	85.30841584158416
6259	127.75644444444444	129.48466666666667	91.2796296296296
6260	126.12342709104368	135.36880088823125	92.97157660991863
6261	141.19932634730537	131.1247754491018	86.81272455089821
6262	153.56644144144155	113.98626126126128	88.32331081081081
6263	140.0968540829987	133.77516733601072	91.4715528781794
6264	152.2481481481482	113.98037037037041	84.36796296296298
6265	144.04283707865181	129.4307584269663	83.83251404494385
6266	129.00545144804096	145.38833049403743	82.17206132879045
6267	141.4507692307694	133.2746153846154	88.15384615384615
6268	147.66159527326397	142.09254062038377	123.67627400295416
6269	144.61791666666662	139.81458333333336	104.28458333333332
6270	146.703001132503	136.42927519818804	93.2203284258211
6271	142.12826086956525	142.52608695652168	98.33695652173914
6272	146.510397946085	134.88767650834404	111.91970474967908
6273	127.89952889447245	135.61438442211048	123.6822864321608
6274	111.46307189542485	110.03684640522872	160.88129084967326
6275	106.15961298377029	109.54269662921348	184.92084893882648
6276	125.72301026957636	110.58406611039787	144.1656611039795
6277	119.74401561144839	118.688855160451	145.99423243712056
6278	123.1561408614668	113.29583818393488	146.83879511059376
6279	123.07069910897877	115.99609321453043	146.3889650445511
6280	143.9116056338029	122.08419718309857	119.32087323943665
6281	113.04304461942257	138.3971784776903	131.92926509186353
6282	103.95481049562687	99.41530612244901	195.5787172011662
6283	105.92022922636106	109.89000000000004	175.72326647564472
6284	132.85362971299924	119.87338210467077	131.44071468767586
6285	120.95165305328665	117.12625437572935	169.597238428627
6286	98.79374999999996	122.64551630434784	194.3921195652174
6287	101.04424778761069	126.1860619469027	199.92013274336284
6288	130.66463963963966	94.37207207207209	195.79009009009013
6289	167.79459459459486	130.7721621621622	123.4437837837838
6290	149.11306240928855	120.74854862119015	149.48265602322206
6291	121.17314814814816	109.27048611111113	126.32812500000004
6292	119.25488721804513	113.54812030075188	127.82640977443613
6293	113.73066037735849	144.2022911051212	107.25667115902965
6294	104.82448979591842	141.21632653061232	146.09081632653061
6295	134.89632299927902	123.9343907714492	106.08100216294163
6296	146.09635135135144	125.5754054054054	82.33054054054054
6297	141.75890736342026	142.30847189231952	85.64410134600159
6298	100.67260273972607	96.67786589762078	186.1890771449171
6299	105.28099999999992	102.89682051282055	163.47889743589744
6300	109.05294117647074	92.75084033613449	168.44411764705882
6301	98.35183923705723	102.8574931880109	174.70367847411447
6302	126.38642857142858	113.725	104.48214285714286
6303	118.8296629213483	122.74022471910112	106.31932584269664
6304	139.423388042204	123.07555685814769	89.07033997655334
6305	137.81237569060775	120.213591160221	91.52121546961328
6306	132.30981012658228	92.41044303797469	140.49715189873422
6307	139.5457396449704	127.59609467455624	94.47893491124262
6308	132.57129629629628	110.82407407407408	135.70092592592593
6309	121.08204419889508	121.51049723756898	131.34567219152856
6310	140.1481663685152	128.27151162790702	87.4760733452594
6311	151.00942228335643	150.81877579092168	126.34944979367262
6312	146.2361324376201	149.62216890595016	120.64476967370443
6313	126.59010484927916	90.756487549148	188.2794888597641
6314	124.94134045077105	87.75272835112713	192.593950177936
6315	162.9960235640648	120.40220913107514	114.0322533136966
6316	135.75110208816713	115.06548723897914	137.74373549883992
6317	135.83537511870824	116.04947768281092	146.02787274453942
6318	146.5868480725623	96.57925170068029	140.63163265306125
6319	162.1502747252749	141.5690934065934	125.83667582417583
6320	125.90827010622156	121.45819423368741	104.17033383915023
6321	101.75699152542377	112.45076271186436	161.0115677966102
6322	107.0335505896959	113.56834264432028	159.8028243327126
6323	102.49897506925213	110.56950138504163	168.49867036011082
6324	102.36331743869214	117.04921662125344	170.72217302452322
6325	101.72407952871879	91.27650957290126	191.6778350515464
6326	121.45120370370371	108.3825925925926	126.6925
6327	132.40932762030315	120.56493078444299	98.44093605800924
6328	92.87063008130082	105.7380589430895	185.09344512195125
6329	102.26493288590609	96.47885906040271	190.31845637583888
6330	104.81171529619803	97.8576923076923	171.09619805481876
6331	104.61034214618972	99.43623639191297	168.77814930015558
6332	114.78310344827587	81.54034482758627	190.59206896551729
6333	134.10513227513226	119.01476190476193	97.16724867724871
6334	130.33085106382984	125.44936170212758	99.95234042553192
6335	134.04818773234206	123.95497211895912	94.75027881040891
6336	131.72660701241787	130.4052410518627	97.4944302410519
6337	135.92945301542778	130.49116409537166	95.33899018232825
6338	140.2206896551724	123.64827586206896	96.55
6339	131.05830938697318	128.65495689655177	98.87013888888887
6340	138.06522356281053	122.39666430092268	97.71029098651528
6341	122.80062240663901	107.82705986959098	159.83189093064615
6342	109.33950151057407	141.29682779456198	138.80188821752267
6343	133.60170731707322	126.20756097560977	77.56878048780489
6344	120.30620229007636	110.99923664122142	123.77414122137405
6345	122.36160458452723	112.19527220630378	121.89670487106018
6346	119.26913907284771	115.22390728476816	125.07655629139076
6347	119.36313432835823	94.36686567164179	141.0840298507463
6348	140.18424467099177	97.97544022242813	144.0566728452271
6349	113.61948529411758	127.56198529411766	111.16955882352941
6350	131.04000000000002	129.72111111111116	95.15555555555557
6351	115.06838311019564	114.99757981462416	125.69227600411945
6352	118.09913606911451	111.17602591792671	130.98869690424772
6353	121.6984429065744	104.68935986159175	129.5506920415225
6354	109.52282229965157	103.6414634146342	150.23432055749132
6355	129.44612403100777	122.98113695090441	92.37441860465118
6356	126.09769736842104	149.61907894736814	90.84473684210522
6357	104.70401301518436	123.5925162689805	133.39587852494577
6358	133.76593137254903	123.89882352941179	95.14110294117646
6359	116.53432835820898	110.70802238805969	136.50876865671646
6360	118.80852713178295	111.48691860465121	124.72635658914731
6361	122.75076335877864	144.84312977099242	76.86984732824429
6362	129.66815980629542	122.43559322033899	100.46355932203392
6363	114.33753943217664	80.19069400630916	178.22776025236593
6364	98.23954081632651	92.16007653061222	201.06007653061226
6365	110.83686274509806	116.37245098039214	130.58186274509805
6366	111.15892857142865	115.80446428571429	130.15684523809526
6367	119.56203522504896	93.69158512720156	146.9770058708415
6368	131.58965517241379	125.9853448275863	84.35948275862069
6369	108.74528718703975	106.5736377025038	152.18070692194402
6370	139.26973004020678	124.54609419873636	87.75137851809305
6371	100.89242160278751	100.28588850174219	185.93736933797908
6372	110.38500000000008	87.24527777777786	183.90625000000003
6373	100.61362204724405	102.31299212598431	180.16787401574803
6374	130.11551339285714	127.84553571428572	81.28950892857144
6375	121.62531847133758	107.54076433121011	123.85451167728235
6376	116.71951476793251	110.29472573839665	130.1747890295359
6377	120.43910891089114	113.0336221122112	122.15400165016504
6378	107.35747978436657	102.15842318059305	158.25249326145553
6379	103.13748928877469	95.93800342759212	173.69018851756644
6380	92.58556521739125	94.40295652173916	203.65304347826088
6381	110.16730038022814	116.78695817490498	159.39961977186312
6382	99.76948658109691	99.81697782963836	178.87322053675618
6383	120.01611111111113	137.94814814814816	84.12962962962962
6384	132.37525622254756	123.79187408491948	80.52950219619326
6385	112.12470997679813	140.60986078886313	97.39976798143853
6386	123.85818847209515	117.65068618481249	105.46463860933213
6387	137.6125260960334	113.79144050104384	93.50918580375782
6388	116.18519874476983	107.85695606694559	132.56610878661087
6389	113.40204081632656	102.58979591836737	144.0020408163265
6390	113.80368421052631	104.1178947368421	142.6236842105263
6391	119.14605263157895	104.88640350877192	134.71798245614036
6392	93.50937499999996	93.80249999999998	200.16375000000005
6393	91.46699669966995	93.08432343234327	204.0363861386139
6394	139.6007645259939	134.7886850152905	81.17629969418961
6395	152.62301204819278	114.48614457831327	152.04518072289156
6396	132.20282805429864	141.85893665158366	150.19852941176467
6397	116.5128048780488	142.38292682926826	85.33384146341464
6398	95.2672275641026	117.9485576923077	163.71402243589745
6399	131.42719298245615	120.60789473684214	90.12456140350876
6400	139.44304174950298	116.67654075546723	84.38399602385688
6401	129.65390625	116.53984375	98.52447916666668
6402	109.0494094488189	102.56417322834648	152.80039370078742
6403	133.7568295739349	102.90789473684212	110.8511904761905
6404	117.71140552995395	102.21382488479269	136.35120967741938
6405	108.73044041450778	109.96865284974092	141.86057858376512
6406	107.99003322259136	110.70714285714287	143.11328903654487
6407	114.82022471910109	109.5983146067416	133.57808988764046
6408	121.57291666666669	115.12989583333338	111.8115625
6409	116.78098290598295	119.45106837606838	119.5544871794872
6410	114.06221628838452	115.18057409879835	129.48277703604808
6411	121.44903381642513	130.52801932367151	92.61388888888888
6412	107.37663085188032	93.52448196469689	170.16020721412127
6413	105.69445288753808	112.62796352583591	145.89376899696052
6414	126.90122950819672	115.96659836065572	102.0723360655738
6415	96.91407407407408	127.22925925925928	143.72518518518518
6416	128.45351851851854	117.81101851851852	101.87629629629632
6417	119.12790973871736	118.28266033254154	113.81603325415678
6418	125.42648323301813	126.62957867583842	91.72656921754087
6419	100.90282258064519	117.36290322580645	147.9810483870968
6420	109.99481830417231	105.85020188425304	146.90699865410497
6421	111.44375	106.30165441176467	142.7290441176471
6422	131.3823462414579	118.88080865603644	92.00159453302963
6423	124.23420245398779	126.5396472392638	92.38734662576685
6424	119.80026666666667	125.30320000000002	100.71013333333332
6425	117.27588888888891	114.28388888888891	119.5907777777778
6426	92.67982456140354	91.39456140350882	201.96578947368423
